Row,Time,Temperature1(Voltage),Temperature2(Voltage),Temperature3(Voltage),Temperature4(Voltage),Temperature5(Voltage),Temperature6(Voltage),Temperature7(Voltage),Temperature8(Voltage),Temperature9(Voltage),Temperature10(Voltage),Temperature11(Voltage),Temperature12(Voltage),Temperature13(Voltage),Temperature14(Voltage),Temperature15(Voltage),Temperature16(Voltage),Temperature17(Voltage),Temperature18(Voltage),Temperature19(Voltage),Temperature20(Voltage),Temperature21(Voltage),Temperature22(Voltage),Temperature23(Voltage),Temperature24(Voltage),Temperature25(Voltage),Temperature26(Voltage),Temperature27(Voltage),Temperature28(Voltage),Temperature29(Voltage),Temperature30(Voltage),Temperature31(Voltage),Temperature32(Voltage),Temperature33(Voltage),Temperature34(Voltage),Temperature35(Voltage),Temperature36(Voltage),Temperature37(Voltage),Temperature38(Voltage),Temperature39(Voltage),Temperature40(Voltage),Temperature41(Voltage),Temperature42(Voltage),Temperature43(Voltage),Temperature44(Voltage),Temperature45(Voltage),Temperature46(Voltage),Temperature47(Voltage),Temperature48(Voltage),Temperature49(Voltage),Temperature50(Voltage),Temperature51(Voltage),Temperature52(Voltage),Temperature53(Voltage),Temperature54(Voltage),Temperature55(Voltage),Temperature56(Voltage),Temperature57(Voltage),Temperature58(Voltage),Temperature59(Voltage),Temperature60(Voltage),Temperature61(Voltage),Temperature62(Voltage),Temperature63(Voltage),Temperature64(Voltage),Temperature65(Voltage),Temperature66(Voltage),Temperature67(Voltage),Temperature68(Voltage),Temperature69(Voltage),Temperature70(Voltage),Temperature71(Voltage),Temperature72(Voltage),Temperature73(Voltage),Temperature74(Voltage),Temperature75(Voltage),Temperature76(Voltage),Temperature77(Voltage),Temperature78(Voltage),Temperature79(Voltage),Temperature80(Voltage),Temperature81(Voltage),Temperature82(Voltage),Temperature83(Voltage),Temperature84(Voltage),Temperature85(Voltage),Temperature86(Voltage),Temperature87(Voltage),Temperature88(Voltage),Temperature89(Voltage),Temperature90(Voltage),Temperature91(Voltage),Temperature92(Voltage),Temperature93(Voltage),Temperature94(Voltage),Temperature95(Voltage),Temperature96(Voltage),Temperature97(Voltage),Temperature98(Voltage),Temperature99(Voltage),Temperature100(Voltage),Temperature101(Voltage),Temperature102(Voltage),Temperature103(Voltage),Temperature104(Voltage),Temperature105(Voltage),Temperature106(Voltage),Temperature107(Voltage),Temperature108(Voltage),Temperature109(Voltage),Temperature110(Voltage),Temperature111(Voltage),Temperature112(Voltage),Temperature113(Voltage),Temperature114(Voltage),Temperature115(Voltage),Temperature116(Voltage),Temperature117(Voltage),Temperature118(Voltage),Temperature119(Voltage),Temperature120(Voltage)
1,12:24:35 PM,26.773,26.9696,26.9447,26.6875,27.3083,26.8192,26.3401,27.0142,27.4226,27.4454,26.6882,26.6327,26.6233,26.9981,27.261,26.6992,26.987,27.24,26.8829,27.4493,26.5078,27.0251,27.018,26.6602,27.7617,26.2752,26.9473,26.5808,26.9024,27.3159,27.2363,26.6406,27.3393,27.0601,27.7386,26.4411,26.932,27.168,26.9923,26.9541,26.7534,26.9813,26.6254,27.3252,27.3858,26.8221,27.1852,27.2247,27.2247,27.6554,25.9243,26.5103,27.0636,27.9177,27.8614,26.582,26.8968,26.7513,27.161,26.9889,26.7265,26.9687,26.6619,26.9136,27.4159,26.4321,26.8215,26.1307,27.2701,27.7345,26.4655,26.781,26.9454,26.8923,27.2796,26.7953,26.5759,27.0621,26.8251,27.4023,27.0224,26.6768,27.373,26.6229,27.6995,26.3598,26.6016,26.3935,26.6963,27.8761,26.5105,26.8338,27.0384,26.8498,27.9384,25.8302,27.0152,27.2038,26.8352,27.2768,26.7003,26.9238,26.5457,26.5106,27.5681,26.5743,27.0057,27.3945,26.7654,28.1028,26.0492,26.5348,27.3321,27.1307,27.456,26.1724,26.9627,26.4592,27.0752,27.4087
2,12:24:55 PM,26.7583,26.9375,26.8165,26.7176,27.2773,26.9251,26.4277,27.0196,27.375,27.4399,26.6658,26.617,26.604,27.0213,27.2963,26.6982,26.8835,27.2915,26.9149,27.4905,26.6045,27.0581,26.9977,26.567,27.7624,26.3277,26.9769,26.5874,26.8421,27.4055,27.2713,26.7864,27.4274,27.02,27.7288,26.4432,27.0005,27.1577,27.029,27.1606,26.8462,26.9918,26.6306,27.312,27.5038,26.9273,27.1506,27.248,27.2037,27.7105,25.9837,26.6048,27.1001,27.8629,27.9382,26.6436,26.886,26.7309,27.2235,26.9949,26.913,26.8972,26.6789,26.8356,27.46,26.5212,26.7816,26.1273,27.3606,27.8734,26.4279,26.8739,26.9894,26.9595,27.2082,26.8545,26.5331,27.0569,26.7915,27.3435,27.067,26.7534,27.3183,26.5741,27.8066,26.3313,26.5974,26.2459,26.7286,27.9433,26.4416,26.8238,27.0371,26.9016,28.0381,25.86,26.9793,27.1408,27.0305,27.3083,26.703,26.8999,26.662,26.6224,27.6305,26.5635,27.079,27.2806,26.8356,28.1883,26.0523,26.4824,27.2719,27.2105,27.5794,26.2227,26.9779,26.5251,27.0513,27.4597
3,12:25:15 PM,26.8103,27.0428,26.8726,26.7141,27.2798,26.8637,26.4606,27.0395,27.4111,27.3844,26.6881,26.5365,26.5686,26.9311,27.2764,26.6204,26.8803,27.1452,26.8936,27.3459,26.5397,27.043,27.0543,26.5626,27.6966,26.3245,26.9314,26.6021,26.8041,27.4203,27.1916,26.6889,27.371,27.027,27.6387,26.437,26.9821,27.2192,26.9704,27.082,26.9034,27.0068,26.5825,27.2382,27.4999,26.8356,27.1835,27.213,27.2681,27.5963,25.9456,26.4247,27.1508,28.0252,27.8912,26.5979,26.8475,26.7219,27.2938,27.0769,26.8888,26.9786,26.6981,26.9087,27.5645,26.4947,26.7226,26.0075,27.2844,27.8113,26.4512,26.8626,26.9438,27.0064,27.2364,26.7911,26.6682,27.0677,26.7712,27.3775,27.0315,26.7285,27.3433,26.6177,27.6773,26.3102,26.7517,26.4918,26.64,27.9922,26.4741,26.897,27.138,26.9188,28.0486,25.8685,27.0528,27.0526,26.8803,27.2115,26.6887,26.9295,26.675,26.5179,27.6037,26.6277,27.0627,27.3152,26.7763,28.1969,26.0423,26.3899,27.3556,27.0848,27.543,26.1609,26.9175,26.4574,27.029,27.372
4,12:25:35 PM,26.8616,27.0873,26.942,26.7092,27.3072,26.8978,26.4073,27.0975,27.3662,27.4996,26.7,26.468,26.59,27.0077,27.3319,26.6709,27.0288,27.0857,26.8825,27.57,26.6092,26.9911,27.1581,26.6013,27.8142,26.187,26.9145,26.5497,26.8606,27.3539,27.2007,26.8028,27.3634,27.0594,27.6956,26.4814,26.923,27.2236,27.0686,27.0916,26.8973,26.9944,26.7075,27.3985,27.6175,26.7334,27.1693,27.2328,27.1757,27.6624,26.0509,26.5334,27.31,27.8551,27.8901,26.5879,26.9229,26.7087,27.2514,27.1631,26.8885,27.0056,26.7257,26.8649,27.4853,26.4515,26.7105,26.0009,27.3914,27.7913,26.4845,26.8065,26.9612,26.8578,27.161,26.7279,26.6153,27.0527,26.8151,27.3936,27.0776,26.6863,27.2574,26.5604,27.8289,26.3028,26.7141,26.3564,26.539,27.8892,26.4681,26.8673,27.0388,26.9124,28.0492,25.8443,27.0577,27.13,26.8776,27.2568,26.7429,26.9323,26.694,26.631,27.6089,26.5643,27.0323,27.2991,26.809,28.2092,26.0482,26.4868,27.4255,27.1326,27.6151,26.1551,26.9929,26.5092,27.1391,27.4158
5,12:25:55 PM,26.7805,26.9573,26.8518,26.7419,27.2359,26.9074,26.493,27.1385,27.4228,27.5778,26.6927,26.6083,26.6111,27.041,27.3448,26.66,26.9673,27.0727,26.9191,27.5061,26.5471,27.0505,27.0188,26.6303,27.9024,26.2645,27.0919,26.6529,26.8109,27.3728,27.2282,26.623,27.4195,27.1293,27.7486,26.421,26.9688,27.2026,27.0469,27.1504,26.7952,26.9924,26.6652,27.2958,27.5528,26.8383,27.1653,27.284,27.1528,27.7079,25.8745,26.3943,27.2509,27.9828,27.9174,26.7233,26.8277,26.815,27.1989,27.0012,26.8753,26.9336,26.707,26.8893,27.5679,26.573,26.6882,26.1242,27.2966,27.8205,26.4763,26.8524,27.0057,27.0195,27.2421,26.7573,26.5839,27.0808,26.865,27.4006,27.0917,26.8265,27.316,26.6148,27.8496,26.3603,26.6772,26.4506,26.6872,27.9912,26.4204,26.8666,27.1403,26.9123,28.1654,25.8645,27.0218,27.058,26.9608,27.1567,26.7668,26.95,26.6523,26.6945,27.6617,26.606,26.9909,27.3182,26.8442,28.2644,26.0968,26.6278,27.3511,27.0988,27.6494,26.2642,27.0195,26.534,27.0293,27.3484
6,12:26:15 PM,26.7753,26.9367,26.8993,26.746,27.2938,26.8347,26.496,27.0274,27.4935,27.5345,26.7506,26.6147,26.6296,27.0157,27.3025,26.6885,26.9511,27.2533,26.7692,27.4627,26.5135,26.9734,27.0636,26.7034,27.8577,26.2459,26.9592,26.6368,26.863,27.3557,27.1831,26.7268,27.3556,27.1196,27.6339,26.3969,27.0277,27.1892,26.9813,27.1387,26.8017,27.0221,26.6555,27.23,27.5145,26.8755,27.2919,27.2429,27.2811,27.6705,26.0063,26.5153,27.1369,27.8797,27.9404,26.5873,26.9093,26.8442,27.2389,27.0498,26.9312,26.9963,26.6551,26.9176,27.5691,26.5028,26.8681,26.0655,27.255,27.7797,26.4491,26.853,26.8817,26.9654,27.1223,26.733,26.6763,27.0346,26.7287,27.3515,27.1221,26.8442,27.3496,26.5825,27.7333,26.3501,26.7194,26.4499,26.6318,28.0664,26.5812,26.8585,27.1261,26.9232,27.9554,25.8463,27.006,27.2163,26.8966,27.2797,26.7041,26.8739,26.6369,26.5659,27.6447,26.5201,26.9989,27.3584,26.8378,28.2387,25.9856,26.5759,27.327,27.2054,27.6282,26.137,27.0156,26.5659,27.1555,27.3858
7,12:26:35 PM,26.883,27.0674,26.8519,26.6585,27.2055,26.884,26.528,27.092,27.4855,27.5513,26.7537,26.5788,26.7689,26.9652,27.2639,26.6484,27.0849,27.1908,26.8979,27.5843,26.6334,27.0623,27.1051,26.6461,27.8497,26.2897,26.9725,26.5952,26.8667,27.4382,27.2259,26.5588,27.5082,27.1046,27.7515,26.4515,27.0266,27.2515,27.1073,27.1575,26.7677,27.024,26.689,27.2737,27.5424,26.8758,27.2495,27.2819,27.2854,27.6296,25.9668,26.5693,27.282,27.897,27.94,26.6631,26.868,26.7508,27.3189,27.0657,26.8533,27.0053,26.7065,26.8062,27.489,26.5913,26.7802,26.0308,27.3639,27.9036,26.4858,26.9145,27.0536,26.871,27.2073,26.7952,26.6857,27.0693,26.77,27.3789,27.2045,26.7389,27.3444,26.5864,27.8301,26.3301,26.7301,26.4716,26.5603,27.9861,26.5436,26.7545,27.0915,26.9639,27.9558,25.8219,27.0014,27.0704,26.9891,27.3005,26.7184,27.0053,26.6896,26.6562,27.6847,26.6051,27.0878,27.4264,26.7858,28.1939,26.0413,26.6308,27.2943,27.2132,27.5969,26.12,26.959,26.5253,27.1006,27.3934
8,12:26:55 PM,26.8521,27.0759,26.9211,26.7697,27.3517,26.989,26.4473,27.1099,27.5421,27.5517,26.8313,26.5522,26.7155,27.0006,27.3124,26.7797,27.0287,27.2045,26.8609,27.4309,26.6277,27.1413,27.0797,26.6743,27.7925,26.293,27.0253,26.7299,26.7671,27.3909,27.2054,26.6914,27.5379,27.0443,27.754,26.4556,26.9819,27.171,27.0469,27.1784,26.8384,27.027,26.584,27.2458,27.5365,26.8536,27.1387,27.3376,27.1914,27.6622,25.9798,26.6092,27.17,28.0481,27.9254,26.6418,26.8996,26.7875,27.2914,27.1413,26.8991,27.0206,26.7145,26.9141,27.6042,26.5344,26.7111,26.0679,27.3264,27.7995,26.5395,26.932,27.0131,26.967,27.1717,26.7546,26.5315,27.0454,26.8794,27.3988,27.0948,26.8137,27.2687,26.6019,27.6752,26.4046,26.7224,26.3721,26.6824,27.9446,26.6038,26.8617,27.1755,27.0056,28.097,25.8696,27.0109,27.1785,26.978,27.2551,26.6962,26.9493,26.7465,26.5431,27.626,26.5886,27.0415,27.417,26.8351,28.2749,26.0085,26.6631,27.3575,27.2165,27.6092,26.1437,26.9361,26.4756,27.0824,27.4423
9,12:27:15 PM,26.7754,26.967,26.8866,26.7706,27.2224,26.9807,26.4689,27.0434,27.4495,27.5466,26.8564,26.6191,26.7364,27.157,27.3122,26.8034,27.0932,27.1244,26.9751,27.4704,26.6499,27.1043,27.099,26.6486,27.8865,26.3774,27.0772,26.6803,26.9228,27.3991,27.2736,26.729,27.4285,27.083,27.7627,26.4817,26.9847,27.21,27.1364,27.0483,26.7922,27.1136,26.7125,27.3914,27.6787,26.8662,27.1785,27.264,27.344,27.7193,25.9936,26.5664,27.1575,27.9816,27.9095,26.5423,26.9104,26.7063,27.2879,27.1362,26.8943,26.9987,26.6897,26.927,27.6012,26.5462,26.7539,25.9917,27.2809,27.8463,26.5715,26.8953,27.0213,26.8781,27.2324,26.7534,26.6879,27.0551,26.7774,27.3796,27.0507,26.8287,27.2935,26.7088,27.81,26.3861,26.8351,26.4288,26.6877,28.0164,26.541,26.9086,27.0924,26.8344,28.0924,25.7774,27.0481,27.1883,26.9897,27.1767,26.7999,26.9747,26.7245,26.6461,27.6658,26.5144,26.9464,27.3979,26.7655,28.2528,26.2044,26.6154,27.3119,27.1838,27.6474,26.3152,27.0349,26.5932,27.2164,27.5361
10,12:27:35 PM,26.8564,26.9951,26.957,26.6999,27.4023,26.9264,26.5295,27.1096,27.5549,27.5889,26.7656,26.6505,26.7442,27.1453,27.4296,26.7877,27.0233,27.1807,26.9139,27.4175,26.6059,27.0288,27.0705,26.6544,27.8425,26.4046,26.9797,26.698,26.8968,27.3496,27.2577,26.7452,27.3841,27.1027,27.815,26.5876,26.9319,27.2031,27.0441,27.0708,26.8181,27.1578,26.6448,27.3871,27.5963,26.7892,27.2785,27.1894,27.2512,27.6941,26.0493,26.5209,27.199,28.0695,28.0024,26.5979,26.8422,26.8032,27.2809,27.1389,26.8812,27.0829,26.761,26.9551,27.5904,26.4695,26.7682,26.1217,27.3749,27.8031,26.4752,26.8139,27.0886,26.8991,27.1955,26.8586,26.6635,27.1145,26.8601,27.4278,27.1374,26.8073,27.261,26.7128,27.7664,26.4107,26.8373,26.4925,26.6523,28.0535,26.5233,26.8877,27.1434,27.0054,28.1277,25.9088,27.1244,27.1333,27.0362,27.2451,26.7998,26.9647,26.6358,26.5721,27.6894,26.5874,26.994,27.3114,26.9574,28.1818,26.1789,26.5861,27.3474,27.2505,27.6373,26.2366,27.0037,26.5327,27.0831,27.3988
11,12:27:55 PM,26.8067,26.9914,26.9789,26.7443,27.2925,26.9497,26.478,27.0396,27.4823,27.585,26.5816,26.6904,26.6514,27.0411,27.425,26.8217,27.1774,27.2154,26.9346,27.6679,26.6086,27.072,27.0778,26.6516,27.9278,26.3113,26.9533,26.6241,26.9389,27.3991,27.2472,26.6522,27.4776,27.1848,27.7438,26.5515,27.0,27.2802,27.0194,27.2224,26.8832,27.0775,26.6598,27.3738,27.507,26.8823,27.2841,27.3803,27.2363,27.6659,26.0014,26.5589,27.194,27.9134,27.927,26.6616,26.8122,26.7473,27.3638,26.9986,26.9177,27.1212,26.7257,26.9088,27.571,26.4955,26.7974,26.1376,27.2931,27.8441,26.4895,26.9305,27.0665,26.8461,27.121,26.8659,26.6818,27.0986,26.8789,27.407,27.0701,26.8481,27.3888,26.8095,27.8495,26.4435,26.8356,26.4877,26.6333,28.0145,26.5357,26.9732,27.1014,26.9512,27.9756,25.9635,26.9627,27.1652,26.9629,27.2828,26.8282,26.92,26.7073,26.6096,27.6945,26.5057,27.076,27.3673,26.7132,28.227,26.0245,26.5644,27.3316,27.253,27.5747,26.3126,27.1342,26.5615,27.0831,27.4997
12,12:28:15 PM,26.8104,26.9495,27.0453,26.7653,27.3135,26.9229,26.4231,27.0281,27.573,27.5421,26.8316,26.689,26.6402,27.1452,27.3793,26.7334,27.0244,27.2479,26.8802,27.5982,26.6715,27.0377,27.0339,26.5394,27.7888,26.3253,26.953,26.6528,26.9099,27.3785,27.2008,26.741,27.4448,27.1212,27.8414,26.5552,26.9577,27.2591,27.021,27.1292,26.8645,27.1001,26.6434,27.3763,27.5883,26.8842,27.1783,27.269,27.1894,27.7283,26.0367,26.6672,27.1785,28.0087,28.018,26.62,26.8588,26.8013,27.3552,27.0245,26.8588,27.0492,26.7586,26.9261,27.6139,26.6021,26.9474,26.1542,27.2724,27.7844,26.5391,27.0138,27.0633,26.8355,27.2197,26.8363,26.6484,26.9978,26.815,27.372,27.0473,26.8077,27.3186,26.6695,27.8437,26.4386,26.7871,26.442,26.7699,28.0938,26.5319,26.8156,27.1942,26.8973,28.0172,25.883,27.036,27.1728,26.956,27.1665,26.7182,27.1155,26.6846,26.6146,27.7098,26.6018,27.0873,27.4268,26.9389,28.2905,26.1668,26.6333,27.434,27.2099,27.6851,26.3255,27.1174,26.5194,27.2618,27.506
13,12:28:35 PM,26.8575,26.9789,26.9529,26.7362,27.3045,27.0097,26.4376,27.1616,27.4989,27.5298,26.7657,26.7717,26.6615,27.0532,27.333,26.7343,27.1462,27.2145,27.0032,27.6226,26.7428,27.0918,27.1397,26.6279,27.8234,26.3138,27.0836,26.6805,26.9322,27.4153,27.2998,26.6662,27.5425,27.1884,27.8598,26.5396,27.1441,27.1879,27.0416,27.1234,26.7695,27.0585,26.5573,27.4148,27.5881,26.9061,27.2899,27.304,27.2736,27.6887,26.0143,26.5555,27.2983,27.985,27.9872,26.5637,26.956,26.8825,27.2746,27.0459,26.8984,27.0551,26.7667,26.8251,27.5625,26.6014,26.8995,26.1513,27.4198,27.8904,26.5492,26.9651,27.0722,26.9709,27.2129,26.7838,26.6775,27.0988,26.8644,27.4536,27.12,26.8569,27.4179,26.7645,27.8208,26.3229,26.7679,26.5302,26.732,28.1098,26.575,26.8783,27.2367,26.8945,28.1594,26.0251,27.0925,27.2157,26.8832,27.3754,26.7488,26.9974,26.799,26.5791,27.6894,26.6508,27.0362,27.3749,26.9082,28.3279,26.1474,26.6015,27.3677,27.3388,27.6611,26.1813,26.9553,26.4924,27.1988,27.4661
14,12:28:55 PM,26.7563,26.9774,26.9355,26.8031,27.3279,26.9273,26.4523,27.1232,27.5643,27.5786,26.7516,26.6497,26.7789,27.1925,27.3384,26.73,27.0811,27.1929,26.9977,27.6149,26.659,27.1534,27.0243,26.6901,27.8138,26.3645,26.9817,26.679,26.9659,27.357,27.2462,26.6956,27.4556,27.1306,27.9194,26.5327,27.0277,27.2113,27.053,27.1124,26.957,27.176,26.725,27.3625,27.5635,26.9329,27.2792,27.3565,27.1575,27.6325,25.955,26.5945,27.1981,28.0242,27.9695,26.6515,26.9106,26.7781,27.3865,27.0826,27.0203,27.0274,26.7108,26.9164,27.5752,26.5276,26.876,26.0775,27.4589,27.877,26.5412,26.914,27.06,26.8776,27.281,26.8542,26.6649,27.1204,26.8144,27.3895,27.155,26.7477,27.4496,26.8355,27.8128,26.4562,26.748,26.6337,26.6887,28.1945,26.5377,26.894,27.1966,26.9802,28.1125,25.955,27.0477,27.1822,27.0139,27.3066,26.8481,26.9017,26.7166,26.5182,27.6632,26.5739,27.0847,27.4295,26.8353,28.2987,26.1925,26.6051,27.4008,27.2602,27.6915,26.2817,27.0398,26.503,27.1974,27.4761
15,12:29:15 PM,26.7492,26.9876,26.9274,26.8587,27.4043,26.9436,26.3818,27.1547,27.5937,27.6052,26.7852,26.7291,26.6833,27.1107,27.3989,26.7921,26.9737,27.2226,26.9851,27.6271,26.6744,27.1325,27.1583,26.8238,27.7806,26.3537,27.0158,26.7462,26.902,27.4102,27.2366,26.6806,27.528,27.133,27.8,26.5103,27.1094,27.3479,27.1548,27.1575,26.8226,27.2193,26.5844,27.383,27.547,26.9763,27.1786,27.3891,27.1816,27.7078,25.9969,26.5309,27.1238,28.1388,27.9996,26.5898,26.8628,26.7991,27.3563,27.1489,27.0763,26.9931,26.6854,26.9646,27.6401,26.4876,26.9064,26.1405,27.3706,27.9146,26.6116,26.9574,27.0374,26.8399,27.1979,26.8122,26.7207,27.1794,26.9221,27.3777,27.0526,26.8122,27.4192,26.7895,27.9006,26.4292,26.755,26.5081,26.7599,28.0186,26.5979,26.9246,27.3171,26.9838,28.1888,25.9888,27.0806,27.1496,26.9281,27.2603,26.8413,26.982,26.8008,26.5118,27.7551,26.586,26.9454,27.4368,26.9448,28.3439,26.1817,26.6205,27.3148,27.2669,27.674,26.3083,27.0248,26.6313,27.1868,27.5156
16,12:29:35 PM,26.8325,27.0383,26.9103,26.7227,27.2155,26.9883,26.4419,27.1577,27.5241,27.584,26.7931,26.7089,26.6732,27.186,27.4214,26.789,27.1058,27.325,26.9306,27.62,26.6474,27.2455,27.0536,26.5729,27.818,26.4085,26.9705,26.6469,26.8958,27.3742,27.1772,26.6327,27.5199,27.1913,27.8092,26.4841,27.1546,27.3106,27.0883,27.1588,26.8311,27.1189,26.6295,27.3346,27.6643,26.8649,27.2465,27.4223,27.1679,27.7035,26.0694,26.6014,27.1489,28.1651,27.9356,26.6512,26.9916,26.8172,27.4242,27.1257,26.95,26.9829,26.7165,27.036,27.6972,26.6448,26.9523,26.1904,27.465,27.9208,26.5925,26.9914,27.0287,26.8689,27.1866,26.9116,26.6271,27.1005,26.8099,27.3685,27.103,26.8156,27.4435,26.806,27.8613,26.4099,26.8749,26.5506,26.7102,28.0291,26.5931,26.9,27.2281,26.9289,28.1104,25.9545,27.081,27.2229,26.9247,27.2879,26.7269,26.9833,26.7347,26.6577,27.699,26.5619,26.9756,27.5361,26.8853,28.3235,26.1817,26.6482,27.4187,27.3176,27.687,26.2435,27.0235,26.5783,27.1691,27.4861
17,12:29:55 PM,26.8218,27.0412,26.9381,26.6823,27.4155,26.8928,26.5008,27.1141,27.5416,27.6385,26.8429,26.7494,26.7186,27.0534,27.3903,26.7819,27.1055,27.27,26.9407,27.6638,26.5981,27.1741,27.1614,26.6475,27.8744,26.4154,26.9654,26.6578,26.8431,27.3484,27.2139,26.7865,27.5026,27.2642,27.9057,26.5426,27.0967,27.3245,27.0349,27.1441,26.8357,27.1158,26.6811,27.3935,27.6091,26.8777,27.3007,27.3285,27.1464,27.6089,25.9859,26.6028,27.2443,28.0997,27.9916,26.7697,26.9523,26.7734,27.3507,27.04,26.9902,26.995,26.743,27.0532,27.6165,26.6173,26.8855,26.1556,27.4393,27.8862,26.4969,26.9556,27.0983,26.8599,27.1717,26.7882,26.7164,27.1092,26.7925,27.4638,27.1034,26.7372,27.4828,26.7561,27.8283,26.4355,26.7648,26.5495,26.7629,28.0645,26.6736,26.8673,27.2269,26.982,28.1288,25.971,27.1765,27.2275,26.93,27.2767,26.7399,26.9881,26.7075,26.6023,27.636,26.6381,27.0079,27.438,26.9629,28.2755,26.1939,26.6653,27.4106,27.2438,27.6651,26.2521,27.0714,26.6248,27.1787,27.4604
18,12:30:15 PM,26.8857,27.1232,26.9263,26.7716,27.3697,27.0145,26.3488,27.1731,27.6077,27.6422,26.743,26.6903,26.7332,27.1631,27.3751,26.8555,27.031,27.3045,26.9843,27.6345,26.7324,27.1408,27.1005,26.599,27.8349,26.2491,27.0009,26.6961,26.9614,27.3333,27.2096,26.688,27.5372,27.1602,27.87,26.5529,27.0548,27.2644,27.1226,27.1234,26.8609,27.1553,26.5911,27.4125,27.7079,26.8988,27.2876,27.3988,27.2401,27.5387,25.9687,26.5321,27.2211,27.9919,27.985,26.6521,26.9416,26.9312,27.4311,27.0521,26.97,27.0823,26.8578,26.9489,27.6683,26.5194,26.9438,26.1673,27.4563,28.0068,26.5507,27.0245,27.1188,26.9108,27.2897,26.8973,26.6755,27.1244,26.8785,27.4644,27.0233,26.7472,27.4946,26.7854,27.8618,26.4377,26.8397,26.5209,26.7715,28.02,26.6843,26.9279,27.2657,27.0517,28.274,25.9632,27.099,27.1728,26.9473,27.1938,26.7987,26.9344,26.6926,26.6467,27.5922,26.6029,26.9971,27.3798,26.9697,28.3435,26.2568,26.6891,27.3958,27.2898,27.7755,26.3319,27.0454,26.6893,27.3032,27.5466
19,12:30:35 PM,26.8444,27.0119,26.9508,26.7936,27.2938,26.8838,26.5363,27.1299,27.5602,27.678,26.7758,26.7819,26.7785,27.1375,27.4117,26.8197,27.0535,27.234,26.9545,27.6148,26.753,27.1881,27.0765,26.7424,27.6939,26.3558,26.9789,26.6077,26.8913,27.3362,27.1748,26.7467,27.572,27.0567,28.0174,26.5225,27.0151,27.3346,27.1211,27.1949,26.8669,27.1549,26.6441,27.2313,27.6525,26.901,27.2257,27.3595,27.2243,27.6216,26.047,26.5835,27.1285,28.0195,28.0043,26.6494,26.8614,26.9063,27.3909,27.031,26.9808,27.0676,26.7802,27.0179,27.6527,26.5201,26.8553,26.1424,27.4188,27.9008,26.5083,26.9103,27.0956,27.0051,27.226,26.9006,26.7051,27.1801,26.8778,27.4455,27.0112,26.7217,27.3262,26.7099,27.8871,26.4452,26.7727,26.5843,26.6283,28.2186,26.628,27.0009,27.1788,27.0744,28.1082,25.8859,27.0849,27.0862,26.9494,27.2753,26.8624,27.0169,26.7185,26.5796,27.7643,26.626,27.0589,27.5036,26.9908,28.3764,26.1865,26.7178,27.4374,27.2703,27.71,26.2573,27.0497,26.6471,27.2224,27.5017
20,12:30:55 PM,26.8124,27.1154,27.0013,26.7429,27.2935,27.0387,26.5126,27.2542,27.4902,27.6825,26.855,26.7474,26.7707,27.196,27.4408,26.7619,27.1065,27.1281,27.0117,27.6473,26.7326,27.1187,27.1751,26.5544,27.9223,26.4415,27.0038,26.7335,26.8608,27.3973,27.2046,26.7459,27.5562,27.1193,27.9115,26.5901,27.0611,27.2352,27.0965,27.1586,26.8732,27.1212,26.7202,27.3744,27.6335,26.9128,27.2661,27.4919,27.2526,27.6699,26.0417,26.6059,27.1238,28.1078,27.9658,26.6261,26.9468,26.9881,27.3318,27.1316,27.0016,27.1662,26.8102,26.9795,27.687,26.6853,26.8493,26.1002,27.4027,27.9126,26.6099,26.9555,27.0451,26.933,27.2968,26.9151,26.6332,27.0706,26.8624,27.4293,27.014,26.8047,27.4931,26.6498,27.9107,26.4542,26.8535,26.6037,26.7782,28.1604,26.6798,27.0042,27.2492,27.0196,28.2136,25.8674,27.1688,27.2474,26.8313,27.3939,26.764,26.9807,26.7568,26.5925,27.6415,26.7018,27.0592,27.5449,26.9697,28.3507,26.2097,26.7114,27.3291,27.26,27.741,26.3404,27.072,26.7079,27.1916,27.5242
21,12:31:15 PM,26.9613,27.053,26.8976,26.8396,27.4399,26.9287,26.446,27.1368,27.6722,27.6609,26.8777,26.7074,26.7256,27.1931,27.3167,26.7747,27.1265,27.2659,26.8906,27.6609,26.6967,27.0997,27.2014,26.6583,27.7932,26.3473,27.1356,26.6117,26.9413,27.3995,27.2005,26.6422,27.55,27.2168,27.9108,26.5689,27.1785,27.3138,27.134,27.1917,26.7868,27.1778,26.6876,27.4144,27.5446,27.0121,27.2738,27.4179,27.1879,27.7076,25.9833,26.5837,27.1948,28.0527,27.9698,26.5798,26.9168,26.8598,27.4355,27.2483,27.0381,26.9653,26.8284,26.9104,27.6361,26.5727,26.8602,26.2202,27.4466,27.922,26.5494,27.0106,26.9802,26.9258,27.1843,26.8733,26.7055,27.0806,26.8387,27.3275,27.1526,26.7662,27.4755,26.7943,27.9281,26.5015,26.806,26.5261,26.7466,28.1106,26.5982,26.9176,27.1812,27.0165,28.1101,25.9469,27.115,27.2373,27.0097,27.2154,26.809,27.1011,26.6921,26.6024,27.7107,26.5862,27.0513,27.617,27.0688,28.3078,26.2604,26.7573,27.3987,27.3545,27.7046,26.3741,27.1773,26.5708,27.2944,27.474
22,12:31:35 PM,26.87,27.0619,27.0093,26.6895,27.3057,26.9246,26.4782,27.188,27.5421,27.5848,26.8829,26.7339,26.8018,27.1624,27.3738,26.8472,26.9936,27.2381,26.9787,27.6385,26.7362,27.2258,27.1299,26.5386,27.8999,26.441,27.0638,26.7198,26.8213,27.4216,27.2226,26.7625,27.5051,27.1466,27.9289,26.5736,27.1268,27.2837,27.1406,27.1089,26.9388,27.2123,26.7028,27.4021,27.7487,26.9696,27.3042,27.3651,27.2547,27.631,26.0265,26.5722,27.2407,28.1273,27.9254,26.6847,26.8575,26.8223,27.4413,27.1605,27.0646,27.1052,26.7944,27.049,27.6758,26.5862,26.9204,26.1494,27.4744,27.9564,26.5366,27.0315,27.1246,26.9758,27.1379,26.8597,26.7087,27.0899,26.8174,27.3581,27.0595,26.7438,27.4749,26.7376,27.947,26.3957,26.9011,26.6416,26.7343,28.2286,26.5949,26.95,27.1613,27.0503,28.143,25.934,27.131,27.2528,26.9129,27.2075,26.8642,27.0309,26.7926,26.5308,27.6506,26.6934,26.9688,27.4863,26.9492,28.3966,26.2836,26.7567,27.4004,27.2096,27.7053,26.3898,27.1211,26.6362,27.214,27.5333
23,12:31:55 PM,26.9052,27.1112,27.0164,26.7967,27.3121,26.8665,26.468,27.1626,27.5942,27.6609,26.8247,26.7618,26.7599,27.1646,27.4331,26.8821,27.1978,27.3232,27.1134,27.6094,26.7717,27.2128,27.2047,26.6136,27.8851,26.3797,27.1263,26.6554,26.9124,27.4309,27.1278,26.723,27.643,27.1919,27.884,26.6774,27.133,27.3007,27.1781,27.3187,26.9475,27.152,26.6775,27.4093,27.7059,27.0755,27.316,27.3491,27.2353,27.7181,26.0149,26.6327,27.1654,28.1528,27.9986,26.5965,26.8742,26.9549,27.3653,27.1048,26.9405,27.1292,26.7811,27.1036,27.6747,26.5699,26.7675,26.2127,27.3798,27.914,26.5189,26.9661,27.0272,26.8835,27.1812,26.9853,26.7717,27.1265,26.795,27.3354,27.0406,26.8513,27.4919,26.7763,27.9486,26.4822,26.8379,26.5637,26.7088,28.1589,26.6654,26.9267,27.2751,27.0782,28.2164,25.9326,27.0774,27.2942,26.9386,27.297,26.8175,27.0677,26.7249,26.5962,27.698,26.6166,27.1075,27.4277,26.9655,28.348,26.2695,26.7815,27.5212,27.2701,27.7498,26.3887,27.1122,26.5721,27.2815,27.4647
24,12:32:15 PM,26.82,27.0108,26.9415,26.7399,27.4235,26.9352,26.5076,27.2401,27.6446,27.6698,26.8194,26.7914,26.7846,27.2267,27.4956,26.8545,27.1099,27.4818,27.0387,27.5943,26.8086,27.1435,27.0439,26.621,27.9752,26.374,27.08,26.678,26.9532,27.3701,27.2689,26.6383,27.6157,27.2134,27.9395,26.4702,27.1823,27.3345,27.1752,27.2912,27.0445,27.2849,26.7144,27.4428,27.68,26.9618,27.3242,27.2499,27.1779,27.5196,26.0235,26.9983,27.2339,27.9372,27.9951,26.648,26.864,27.0382,27.5905,27.231,27.129,27.174,26.9618,27.0779,27.9147,26.5986,26.9906,26.2602,27.4332,27.9128,26.7276,26.9625,27.1339,26.9765,27.3067,26.8293,26.7288,27.0585,26.8163,27.4365,27.1179,26.8253,27.4711,26.7674,27.8998,26.4828,26.8357,26.6356,26.7648,28.1524,26.6789,26.9174,27.2004,27.0328,28.1275,25.9053,27.1198,27.2832,26.9252,27.32,26.8142,27.0662,26.6698,26.603,27.7191,26.6908,27.03,27.5303,26.9958,28.4698,26.236,26.757,27.4834,27.3673,27.7982,26.4101,27.2022,26.5833,27.3249,27.5446
25,12:32:35 PM,26.8765,27.0984,26.8612,26.8686,27.411,26.9035,26.5039,27.2224,27.5689,27.5995,26.8518,26.7092,26.8356,27.2047,27.4592,26.9305,27.0805,27.3424,27.0338,27.717,26.7858,27.2116,27.1008,26.7036,27.9391,26.3292,27.0581,26.7165,26.9178,27.478,27.2962,26.7187,27.6196,27.111,27.9355,26.6098,27.1797,27.3305,27.2377,27.255,26.9736,27.1242,26.7911,27.4285,27.66,26.9205,27.3671,27.4358,27.1829,27.6977,26.0547,26.8425,27.4174,27.9333,27.9903,26.7222,26.8608,26.9725,27.606,27.2829,26.9863,27.1094,26.8472,27.0061,27.6943,26.5361,26.9063,26.222,27.4579,27.9792,26.5555,26.9734,27.2296,26.8729,27.1888,26.918,26.6585,27.1893,26.8599,27.4959,27.1834,26.7631,27.3685,26.8264,27.9711,26.6057,26.826,26.5968,26.8341,28.1476,26.6795,26.9997,27.2498,27.0949,28.2621,26.0292,27.1623,27.3205,26.9812,27.3362,26.8928,27.0592,26.6953,26.6331,27.7658,26.6364,26.9371,27.5501,27.0142,28.5077,26.1914,26.6895,27.3784,27.2799,27.8387,26.3143,27.1382,26.6286,27.2578,27.4809
26,12:32:55 PM,26.8972,27.0869,26.9286,26.8702,27.335,26.9205,26.3876,27.2048,27.5555,27.7523,26.8919,26.7771,26.7758,27.1595,27.5006,26.9165,27.1858,27.4473,27.1313,27.6541,26.7238,27.259,27.2269,26.6439,27.8668,26.3168,27.0308,26.6795,26.9195,27.4036,27.255,26.6383,27.5899,27.204,27.9624,26.4897,27.127,27.3166,27.1365,27.2355,26.9176,27.1478,26.7111,27.4072,27.774,26.9282,27.4261,27.4532,27.1015,27.6654,26.0221,26.6587,27.4344,27.8757,27.9969,26.6097,26.8258,27.045,27.4666,27.287,26.9952,27.1294,26.7883,27.0525,27.6398,26.6232,26.9663,26.2404,27.4695,27.9332,26.6393,26.9747,27.1501,26.8962,27.1911,26.8845,26.6654,27.1495,26.843,27.4518,27.0616,26.8147,27.4559,26.8054,27.9786,26.3856,26.8895,26.5905,26.8447,28.16,26.7557,26.927,27.3386,27.0589,28.1939,25.9349,27.0985,27.3114,26.9617,27.2621,26.8135,27.0539,26.75,26.6225,27.7376,26.5693,26.958,27.5691,26.9865,28.4964,26.2025,26.7597,27.5506,27.3382,27.8501,26.4469,27.164,26.6343,27.1669,27.489
27,12:33:15 PM,26.8242,27.0858,27.014,26.7485,27.3829,26.9453,26.4883,27.2559,27.6236,27.6988,26.9406,26.7922,26.7807,27.177,27.493,26.8581,27.165,27.344,26.9575,27.7112,26.6751,27.2443,27.1748,26.7733,27.8434,26.4117,27.0651,26.6119,26.9158,27.4445,27.3002,26.7697,27.6742,27.1758,27.9411,26.6415,27.1563,27.3023,27.2962,27.2734,26.8973,27.2058,26.7496,27.5721,27.6519,27.0346,27.4218,27.4697,27.2812,27.7867,26.0653,26.7333,27.5811,27.925,28.0013,26.6865,26.9338,26.9863,27.6382,27.317,26.9706,27.1304,26.7952,27.0385,27.8554,26.5439,26.8508,26.1117,27.4379,27.995,26.646,27.052,27.1296,26.9008,27.1887,26.9045,26.7312,27.1655,26.7825,27.4979,27.0142,26.8038,27.4023,26.8895,28.053,26.5482,26.8891,26.5844,26.8012,28.2143,26.7334,27.0316,27.1702,27.0561,28.1486,25.928,27.1791,27.2906,27.062,27.2285,26.8821,27.0925,26.8006,26.6987,27.7445,26.5695,26.9758,27.5044,26.9388,28.4967,26.2656,26.7076,27.5253,27.388,27.7478,26.3398,27.1112,26.6229,27.3156,27.5027
28,12:33:35 PM,26.9071,27.0934,26.9471,26.7547,27.3162,26.988,26.4254,27.2326,27.5241,27.6986,26.7705,26.7732,26.8415,27.1222,27.5383,26.782,27.2074,27.3055,27.0141,27.6079,26.7512,27.1429,27.0882,26.7178,27.9564,26.4172,27.0699,26.6358,26.8599,27.4114,27.3638,26.7352,27.5445,27.1643,28.0085,26.6804,27.0973,27.2291,27.1362,27.3518,26.9576,27.3227,26.6989,27.5627,27.6956,26.9393,27.4418,27.3162,27.2993,27.5812,25.9992,26.5696,27.4415,27.9991,28.0186,26.6332,26.8892,27.011,27.4344,27.235,26.9737,27.1502,26.8342,27.1893,27.7424,26.536,26.9641,26.1363,27.4192,27.8468,26.6557,27.0234,27.117,26.926,27.1448,26.8886,26.6579,27.2294,26.8315,27.4587,27.2004,26.7145,27.4141,26.7674,27.9701,26.5156,26.8694,26.6254,26.8159,28.214,26.7389,27.0849,27.2852,27.0389,28.21,25.9877,27.2053,27.2025,27.0793,27.0774,26.8262,27.0139,26.8552,26.5979,27.7029,26.6148,27.0963,27.5497,27.0676,28.4993,26.2953,26.7959,27.5023,27.3854,27.8089,26.3188,27.1337,26.6641,27.3502,27.6056
29,12:33:55 PM,26.8597,27.203,26.9108,26.8377,27.4313,26.9593,26.4411,27.2545,27.6118,27.7715,26.8632,26.8551,26.7704,27.239,27.5601,26.7821,27.1699,27.3482,27.0436,27.605,26.7351,27.1998,27.1551,26.7244,27.8088,26.3886,27.0173,26.6733,26.9656,27.4525,27.436,26.6753,27.6269,27.2058,27.9842,26.5627,27.118,27.377,27.2478,27.3179,26.9879,27.1815,26.8013,27.4686,27.7641,27.0269,27.3399,27.3701,27.3774,27.6706,26.1226,26.8263,27.616,28.0482,28.039,26.5921,26.8552,26.9704,27.5524,27.4564,27.0571,27.1482,26.8672,27.1187,27.7641,26.5548,27.0209,26.2642,27.484,28.0385,26.6942,27.1072,27.1463,26.9136,27.2469,26.8371,26.6858,27.1377,26.8613,27.4636,27.168,26.8257,27.5769,26.8469,27.9873,26.5628,26.9042,26.5635,26.8323,28.2025,26.6901,27.0359,27.2859,27.0644,28.2018,26.0705,27.092,27.3829,27.1167,27.2456,26.7883,27.0728,26.7627,26.674,27.7451,26.5536,26.9605,27.5277,27.0789,28.5505,26.2671,26.706,27.53,27.3909,27.8146,26.4244,27.1624,26.6774,27.2703,27.5247
30,12:34:15 PM,26.869,27.0384,26.9182,26.7767,27.4343,26.9581,26.3982,27.1884,27.6473,27.6769,26.8014,26.8128,26.7916,27.321,27.5365,26.811,27.1418,27.4175,27.1004,27.649,26.759,27.1581,27.1341,26.7339,27.886,26.3199,27.0426,26.568,26.9511,27.4281,27.3939,26.7585,27.6187,27.1827,28.0697,26.5705,27.1335,27.2824,27.186,27.222,26.9454,27.1652,26.7383,27.5041,27.8207,26.9789,27.3115,27.4511,27.2269,27.5815,26.1072,26.762,27.7223,28.0682,28.0231,26.6316,26.9118,26.9564,27.6497,27.4692,27.0454,27.2347,26.8928,27.0585,27.7897,26.5478,26.9405,26.1645,27.4763,27.9982,26.6405,26.9713,27.1644,26.9277,27.1502,26.8211,26.6585,27.1836,26.8945,27.4158,27.067,26.8836,27.4933,26.8216,27.9919,26.488,26.8926,26.6489,26.801,28.3175,26.7128,27.0342,27.2768,27.0641,28.1776,26.0335,27.1523,27.2998,27.0259,27.2306,26.851,27.0175,26.772,26.6352,27.7329,26.6477,26.9503,27.4897,27.1245,28.3904,26.2352,26.7814,27.5057,27.3985,27.8545,26.3935,27.1506,26.6981,27.2725,27.5622
31,12:34:35 PM,26.8735,27.0489,27.0018,26.8063,27.4241,26.8818,26.527,27.176,27.6564,27.7384,26.7905,26.7863,26.8399,27.2872,27.5169,26.8731,27.1281,27.4213,27.1287,27.7037,26.7964,27.2085,27.1882,26.6716,27.8787,26.3848,27.0134,26.7727,26.9377,27.4749,27.3317,26.6026,27.7369,27.2797,27.9461,26.5557,27.188,27.4309,27.2545,27.3098,26.9714,27.2511,26.8854,27.5587,27.7425,26.9479,27.4069,27.5215,27.2453,27.6616,25.9837,26.7771,27.735,28.0578,28.0401,26.5786,26.8934,26.9743,27.5698,27.3214,27.0455,27.1727,26.8721,26.911,27.8036,26.6539,26.9691,26.1249,27.4778,27.9695,26.6203,27.0292,27.2198,26.9145,27.1665,26.855,26.735,27.1819,26.8881,27.4987,27.107,26.8879,27.546,26.8359,28.0283,26.5384,26.8314,26.693,26.8051,28.1857,26.671,27.0521,27.3102,27.0933,28.2341,25.978,27.332,27.2622,27.0076,27.1978,26.8082,27.0624,26.7638,26.63,27.7599,26.6816,27.0664,27.4974,27.1326,28.5858,26.2432,26.8125,27.5102,27.3384,27.863,26.3004,27.216,26.697,27.302,27.5561
32,12:34:55 PM,26.9938,27.0456,27.0034,26.8261,27.4057,26.8939,26.5004,27.2492,27.5791,27.6981,26.9415,26.7914,26.92,27.2532,27.4939,26.9318,27.1613,27.2912,27.0242,27.6792,26.7402,27.202,27.183,26.7963,27.8806,26.4433,27.0416,26.6712,26.9281,27.475,27.3429,26.6458,27.6415,27.3138,27.9904,26.6378,27.0956,27.34,27.2542,27.3041,27.0795,27.2053,26.8165,27.5052,27.7181,27.0764,27.3676,27.4347,27.1839,27.5979,25.9741,26.9308,27.7765,28.0479,28.0319,26.6687,26.9473,27.0351,27.5409,27.6763,26.9848,27.1441,26.7866,27.0538,27.8002,26.6629,26.8892,26.1066,27.5316,27.9733,26.6442,27.0678,27.1747,26.8976,27.3701,26.9018,26.7483,27.2313,26.9628,27.5115,27.0878,26.8204,27.5493,26.8596,28.0383,26.5275,26.9325,26.6732,26.9559,28.3256,26.6732,27.0033,27.2873,27.11,28.1832,25.9902,27.1882,27.3259,26.9816,27.3857,26.7968,26.9839,26.6698,26.6825,27.7771,26.5643,27.0616,27.5488,27.0785,28.4815,26.3094,26.8443,27.5447,27.4222,27.793,26.4233,27.2189,26.7606,27.309,27.6109
33,12:35:15 PM,26.9138,27.0734,26.9624,26.7384,27.5076,27.0485,26.4172,27.2411,27.7455,27.715,26.926,26.8123,26.857,27.3071,27.5545,26.8708,27.1297,27.3458,27.1418,27.8315,26.852,27.2594,27.2274,26.748,27.9324,26.4594,27.0363,26.6156,26.9489,27.5115,27.329,26.6698,27.6894,27.2387,28.0906,26.6093,27.1573,27.4078,27.2307,27.39,26.9423,27.2464,26.7535,27.5362,27.7674,26.9657,27.3929,27.5024,27.3161,27.8122,26.0955,26.6681,27.8505,28.0603,28.0321,26.7007,26.8903,27.0078,27.6361,27.436,26.8837,27.1084,26.8077,27.1572,27.8015,26.615,26.9502,26.1751,27.4344,28.0316,26.6661,27.0556,27.1456,26.8679,27.1948,26.9329,26.7173,27.1853,26.8224,27.4999,27.1627,26.8084,27.6235,26.9282,28.091,26.7008,26.8643,26.5678,26.8376,28.2815,26.7487,27.05,27.3239,27.1977,28.1797,26.0979,27.2554,27.2098,26.9673,27.3256,26.9216,27.0031,26.8117,26.6183,27.7072,26.6294,26.9868,27.5594,27.028,28.5444,26.3744,26.8042,27.5414,27.3784,27.8543,26.3916,27.1568,26.77,27.3036,27.5066
34,12:35:35 PM,26.8666,27.0557,26.9424,26.8238,27.4134,26.9157,26.3926,27.2935,27.6761,27.6944,26.9264,26.8265,26.8592,27.2825,27.5498,26.9135,27.1351,27.2817,27.0993,27.8069,26.6529,27.1241,27.2127,26.7916,27.9331,26.3578,26.9911,26.7914,26.9786,27.4202,27.3557,26.7845,27.5898,27.2249,28.113,26.6288,27.1317,27.2496,27.309,27.3993,26.8724,27.2148,26.8054,27.5647,27.8268,26.9664,27.3212,27.3789,27.321,27.6659,26.058,26.8459,27.9384,28.0759,28.0855,26.6468,26.8365,27.042,27.6301,27.7618,26.9536,27.138,26.8945,27.097,27.8474,26.6161,27.0025,26.2029,27.5526,27.9617,26.6604,27.0081,27.2259,27.0011,27.3172,26.8817,26.8215,27.1245,26.8946,27.4443,27.1736,26.8389,27.5521,26.8937,28.0555,26.5117,26.8821,26.5704,26.8527,28.34,26.6721,27.0427,27.2332,27.2268,28.1422,26.0556,27.1964,27.264,26.9462,27.231,26.884,27.0557,26.7903,26.6188,27.6909,26.6488,27.0536,27.6144,27.1317,28.4165,26.2865,26.8204,27.5074,27.2817,27.879,26.4038,27.2269,26.6607,27.4149,27.6169
35,12:35:55 PM,26.9486,27.135,26.9104,26.7743,27.361,27.0196,26.4242,27.2425,27.7305,27.8191,26.9454,26.6993,26.8687,27.3355,27.576,26.8457,27.1888,27.3861,27.1829,27.8746,26.7721,27.1325,27.2608,26.8273,27.9343,26.3019,26.9332,26.6425,26.9321,27.3876,27.294,26.6341,27.5654,27.2489,27.9353,26.6319,27.1322,27.3878,27.3109,27.3231,27.0141,27.1792,26.6793,27.5287,27.8492,26.9963,27.4014,27.4559,27.4068,27.6843,26.0607,26.7884,28.0288,28.068,28.0804,26.6996,26.8753,26.8766,27.6645,27.6768,27.0283,27.2373,26.878,27.1371,27.7912,26.7123,26.9381,26.2635,27.4445,28.0253,26.6929,27.1162,27.2765,27.0103,27.1998,26.8332,26.7766,27.1787,26.895,27.464,27.1597,26.8279,27.5298,26.8251,28.0084,26.4917,26.9649,26.6631,26.9601,28.2103,26.692,26.9996,27.3483,27.2059,28.2887,26.0628,27.1963,27.2844,27.0283,27.3727,26.8359,27.1281,26.7127,26.6456,27.8349,26.6731,27.0231,27.5972,27.0367,28.6241,26.3226,26.7794,27.5967,27.5014,27.8931,26.371,27.1431,26.6981,27.3296,27.5991
36,12:36:15 PM,26.8783,27.1748,26.927,26.8011,27.452,26.9453,26.4747,27.27,27.6741,27.7266,26.8848,26.785,26.7868,27.279,27.5714,26.8837,27.1457,27.4171,27.069,27.8007,26.6948,27.2406,27.2237,26.7872,27.9466,26.4209,27.0053,26.6916,26.8942,27.4363,27.2859,26.6,27.6251,27.2082,28.068,26.5956,27.1483,27.4059,27.2368,27.3763,26.984,27.3373,26.8147,27.5682,27.7217,26.9801,27.3543,27.4295,27.2588,27.6831,26.0168,26.6361,27.7989,28.0199,27.9843,26.642,26.8364,26.9216,27.683,27.5656,27.061,27.0391,26.8414,27.1134,27.8417,26.6721,27.0235,26.1582,27.5398,28.0253,26.6423,27.0649,27.2161,26.9812,27.1826,26.9473,26.8472,27.129,26.896,27.4661,27.1459,26.8116,27.645,26.8287,28.0191,26.6423,26.9333,26.6191,27.0099,28.2224,26.742,26.9052,27.2557,27.1515,28.2927,26.0346,27.2596,27.2831,26.9926,27.4395,26.8295,27.0607,26.8798,26.6592,27.7964,26.6593,27.0556,27.5621,27.135,28.6414,26.2996,26.9194,27.5385,27.3896,27.8749,26.4566,27.2345,26.6866,27.3169,27.6676
37,12:36:35 PM,26.9229,27.0631,27.0382,26.9082,27.5144,26.9381,26.4642,27.1777,27.6534,27.7758,26.8827,26.7176,26.8417,27.3225,27.5754,26.8891,27.1575,27.3443,27.1286,27.6478,26.6571,27.1545,27.2132,26.7413,27.9411,26.3786,27.1634,26.6549,26.9971,27.5481,27.3865,26.6191,27.6596,27.2051,28.0301,26.7105,27.0612,27.4313,27.3106,27.4934,26.8813,27.0744,26.7503,27.5225,27.8394,27.1185,27.3571,27.5049,27.3316,27.6569,26.0526,26.6642,27.9467,28.0145,28.0596,26.682,26.9358,26.9141,27.576,27.6742,27.0292,27.1685,26.9385,27.0867,27.9223,26.5919,26.8679,26.2825,27.4438,27.9436,26.6658,27.1769,27.2384,26.9651,27.2536,26.8418,26.7608,27.1403,26.8696,27.4582,27.1664,26.9176,27.5522,26.8337,28.0348,26.5692,27.0352,26.7127,26.9903,28.262,26.7034,26.9922,27.4197,27.3034,28.245,26.0302,27.2901,27.4077,26.9607,27.368,26.9719,27.1726,26.8389,26.567,27.9022,26.6093,27.0267,27.6467,27.036,28.5418,26.3677,26.8301,27.5617,27.433,27.8462,26.4839,27.1537,26.6593,27.3647,27.6673
38,12:36:55 PM,26.8241,27.0484,26.9509,26.7791,27.3801,27.0048,26.5243,27.3554,27.7205,27.6566,27.0268,26.8764,26.8627,27.2627,27.6258,26.7586,27.2161,27.3298,27.1309,27.8495,26.7519,27.1026,27.2657,26.8737,27.9567,26.4335,27.0592,26.608,26.9909,27.507,27.3182,26.7308,27.6188,27.1813,27.9575,26.6691,27.1372,27.2762,27.3314,27.4977,27.0008,27.3295,26.801,27.5919,27.7673,27.0735,27.3559,27.4163,27.2599,27.7604,26.0166,26.7979,28.0438,28.0937,27.9676,26.7622,26.944,26.9961,27.6309,27.926,26.9902,27.1465,26.7555,27.1963,27.8233,26.6541,26.9302,26.1538,27.5091,28.0603,26.5954,27.0527,27.1317,26.8867,27.2292,26.9368,26.7117,27.1721,26.863,27.5098,27.1045,26.8064,27.5921,26.869,28.0905,26.5682,26.9094,26.6388,26.8628,28.2948,26.7801,26.9953,27.3035,27.1419,28.2649,26.1235,27.176,27.3047,26.9738,27.3801,26.9586,27.1021,26.7123,26.6594,27.806,26.5758,27.0514,27.6179,27.215,28.5512,26.3329,26.8018,27.5985,27.383,27.8792,26.4274,27.1458,26.7465,27.299,27.5314
39,12:37:15 PM,26.857,27.1336,27.0367,26.8765,27.4142,27.0125,26.4877,27.2617,27.6938,27.822,26.8954,26.8221,26.8741,27.2892,27.6686,26.8308,27.1685,27.375,27.2208,27.7264,26.6831,27.2365,27.1856,26.8186,27.9019,26.4042,27.121,26.6369,26.9801,27.5268,27.2831,26.6669,27.6785,27.2121,28.1066,26.6075,27.1313,27.3287,27.3307,27.429,26.9446,27.2889,26.7601,27.576,27.872,26.9985,27.4212,27.5384,27.3532,27.7508,26.0544,26.7491,27.9461,28.0147,27.9756,26.7362,26.8104,26.9355,27.7203,27.7694,27.0412,27.178,26.8863,27.1377,27.8353,26.6457,26.8558,26.1492,27.5466,27.9731,26.6473,27.1188,27.1556,27.0283,27.2631,26.8851,26.6898,27.1696,26.9087,27.3995,27.1143,26.8802,27.5949,26.8047,28.066,26.5976,26.9647,26.6961,26.9095,28.352,26.7386,27.0699,27.3313,27.1554,28.3729,26.0819,27.183,27.2905,27.003,27.2913,26.8394,27.0957,26.8399,26.728,27.8709,26.6685,27.0516,27.5937,27.0367,28.6293,26.403,26.8694,27.6508,27.4788,28.0293,26.3732,27.2505,26.7639,27.3295,27.7228
40,12:37:35 PM,26.9213,27.0592,27.0362,26.8286,27.4448,26.9389,26.4996,27.2928,27.6412,27.8073,26.94,26.8035,26.8594,27.2415,27.5995,26.8944,27.1593,27.3808,27.1374,27.8424,26.7508,27.178,27.1449,26.7542,27.938,26.3453,26.9491,26.6522,27.0116,27.454,27.3846,26.6731,27.6145,27.3482,28.0529,26.6347,27.1641,27.3771,27.2681,27.5393,27.0083,27.1968,26.7498,27.5349,27.8407,26.996,27.4272,27.4496,27.2897,27.7602,25.9829,26.6563,28.074,28.1055,28.0474,26.6056,26.8912,27.1033,27.652,27.7441,27.0345,27.1724,26.8132,27.1027,27.7921,26.6876,26.9737,26.2327,27.4975,28.1046,26.6448,27.0602,27.1478,26.9196,27.2416,26.9718,26.6991,27.1149,26.8132,27.41,27.1362,26.8128,27.5073,26.8579,28.1836,26.5444,26.9703,26.7984,26.9394,28.3562,26.7288,26.9591,27.4213,27.102,28.2754,26.0459,27.1614,27.3193,27.0224,27.3176,26.8695,27.1529,26.9472,26.6818,27.752,26.6403,27.0106,27.6053,27.0563,28.667,26.3566,26.9433,27.6408,27.4064,27.8478,26.3641,27.0844,26.7698,27.3527,27.7128
41,12:37:55 PM,26.952,27.1147,27.0099,26.8285,27.4398,26.91,26.4673,27.2272,27.7921,27.7743,26.9109,26.8691,26.8724,27.3476,27.6407,26.8755,27.1471,27.349,27.1687,27.7994,26.7829,27.3134,27.272,26.7241,27.9243,26.3947,27.011,26.748,26.9654,27.542,27.2457,26.7177,27.5381,27.2493,28.0517,26.6358,27.0851,27.3692,27.2052,27.3895,27.0951,27.3338,26.8002,27.5264,27.8094,26.9397,27.3837,27.41,27.1949,27.6706,26.0365,26.6281,28.0473,28.0866,28.0926,26.6444,26.9477,27.0179,27.631,27.8728,27.0198,27.2499,26.942,27.1615,27.8278,26.8005,26.9698,26.2471,27.5165,28.1286,26.7483,27.0589,27.2239,26.8709,27.3851,26.8908,26.7566,27.0523,26.8402,27.4836,27.1394,26.8229,27.6178,26.8903,28.0934,26.5332,26.9665,26.7013,27.0505,28.3831,26.7674,27.1589,27.3189,27.2052,28.292,26.0634,27.1995,27.3706,26.9869,27.315,26.8493,27.1519,26.7889,26.6891,27.9119,26.6134,27.0607,27.566,27.0256,28.7413,26.3531,26.8371,27.5091,27.408,28.0125,26.3915,27.2443,26.7779,27.3334,27.6917
42,12:38:15 PM,26.9108,27.1028,26.948,26.9028,27.3955,26.9586,26.3836,27.2903,27.6785,27.7677,26.8315,26.8512,26.84,27.4047,27.5628,26.8152,27.2157,27.371,27.217,27.9438,26.843,27.2446,27.2317,26.8065,27.9306,26.4587,26.9989,26.7033,27.0546,27.4779,27.1436,26.6881,27.6677,27.1308,27.9864,26.7364,27.2027,27.3742,27.2987,27.414,26.9887,27.1843,26.8258,27.6118,27.9337,27.038,27.4207,27.4058,27.2602,27.7824,25.978,26.7613,28.0708,28.0757,28.0622,26.5764,26.8002,27.0104,27.6303,27.8628,26.9548,27.1634,26.8953,27.2088,27.853,26.6214,26.9522,26.269,27.6172,28.1515,26.6105,27.0909,27.1837,26.9777,27.2335,26.8315,26.7065,27.1831,26.8663,27.4722,27.1483,26.7429,27.6606,26.8374,28.1788,26.608,27.0381,26.6297,26.9621,28.3296,26.758,27.1529,27.3744,27.2951,28.4272,26.0322,27.3139,27.2574,26.9996,27.4027,26.9131,27.0328,26.8376,26.7467,27.7381,26.7785,27.0507,27.5947,27.1378,28.7673,26.3264,26.9479,27.5914,27.6015,28.0378,26.4917,27.2243,26.7217,27.3873,27.6136
43,12:38:35 PM,26.8898,27.0026,26.9756,26.8661,27.4828,26.9603,26.4291,27.2104,27.6183,27.7961,26.8187,26.752,26.8517,27.2973,27.6255,26.7393,27.1825,27.3391,27.2084,27.8758,26.6863,27.2273,27.214,26.7336,27.9424,26.3882,27.0551,26.6953,27.053,27.4988,27.4076,26.7011,27.6206,27.2546,28.1596,26.7152,27.2558,27.3587,27.3667,27.47,27.0578,27.3093,26.8193,27.5871,27.8947,26.996,27.4452,27.44,27.1866,27.7864,26.0248,27.0823,28.0689,28.0631,28.0081,26.6714,26.8812,27.0891,27.6486,27.7601,27.0144,27.1726,26.9408,27.0769,27.8556,26.6886,27.019,26.1986,27.5018,28.0808,26.6548,27.0021,27.2327,27.0074,27.3766,26.9103,26.7644,27.2093,26.9515,27.5642,27.0564,26.877,27.5364,26.8908,28.1682,26.5521,27.0143,26.6966,26.9757,28.3719,26.779,27.1019,27.2674,27.21,28.3313,25.9683,27.2477,27.3549,27.0146,27.4408,26.8512,27.0857,26.7726,26.6887,27.857,26.668,27.0681,27.6833,27.1662,28.6873,26.3289,26.8649,27.5556,27.3434,27.8583,26.4104,27.2095,26.7903,27.3471,27.7029
44,12:38:55 PM,26.9065,27.1818,26.9691,26.8924,27.5501,26.9917,26.518,27.3019,27.7916,27.8904,26.8919,26.8086,26.7948,27.3342,27.6826,26.8351,27.2175,27.405,27.2329,27.7965,26.7995,27.2082,27.1753,26.7109,27.9717,26.3454,27.1991,26.608,27.0133,27.5203,27.3939,26.7267,27.6445,27.2097,28.1079,26.6823,27.1986,27.4782,27.2851,27.4341,26.9512,27.1713,26.822,27.541,27.8908,27.0543,27.4592,27.5024,27.22,27.729,26.0645,26.8327,28.0063,27.955,28.1209,26.6548,26.8993,27.0243,27.7807,27.5957,27.1108,27.2273,26.9027,27.1571,27.9171,26.7396,26.9791,26.2714,27.587,28.084,26.6748,26.9864,27.2115,27.0354,27.346,26.8682,26.8083,27.1995,26.9444,27.4932,27.2128,26.8728,27.5962,26.9373,28.1798,26.5045,27.0533,26.7112,26.9109,28.3776,26.7431,27.0329,27.2837,27.1701,28.3737,25.9804,27.2995,27.3059,27.0423,27.392,26.7808,27.1292,26.8095,26.634,27.8276,26.6429,27.0643,27.6972,27.123,28.669,26.4022,26.9222,27.5847,27.4777,27.9267,26.4773,27.2979,26.8112,27.4069,27.732
45,12:39:15 PM,26.8424,27.1927,26.9347,26.9332,27.4685,26.9569,26.4795,27.2786,27.7208,27.7086,26.987,26.8088,26.8648,27.439,27.6821,26.8706,27.1681,27.4091,27.2162,27.8443,26.7836,27.3009,27.2007,26.7027,27.9891,26.3387,27.0996,26.8005,26.9678,27.5874,27.3752,26.6808,27.7464,27.2982,28.0785,26.7801,27.2467,27.5335,27.3681,27.6324,26.9465,27.2168,26.7581,27.5242,27.8617,26.954,27.4702,27.4594,27.2216,27.7951,26.0761,26.7367,28.1046,28.0952,28.0544,26.5893,26.9565,27.132,27.6952,27.5549,27.0124,27.264,26.9774,27.1698,27.8848,26.7471,27.1227,26.17,27.6594,28.0058,26.7347,27.0499,27.1974,27.04,27.324,26.9607,26.6928,27.2717,26.8619,27.5841,27.1103,26.8317,27.668,26.8197,28.1093,26.5562,26.9019,26.7009,26.9163,28.3723,26.6368,26.9719,27.2933,27.2336,28.3925,26.0297,27.2022,27.3594,27.0209,27.3421,26.8237,27.1376,26.8819,26.7786,27.9077,26.6192,27.0384,27.6669,27.1176,28.7929,26.3812,26.9001,27.6029,27.508,27.9367,26.4032,27.1539,26.6572,27.4169,27.6865
46,12:39:35 PM,26.8781,27.0737,26.9901,26.8659,27.4037,26.9816,26.4862,27.2993,27.6984,27.8299,26.975,26.7435,26.9517,27.4429,27.6155,26.8165,27.1755,27.3209,27.2011,27.8606,26.8278,27.2482,27.2641,26.7478,28.0197,26.3482,27.145,26.7169,26.9822,27.5838,27.2654,26.6627,27.7298,27.269,28.0337,26.7473,27.1685,27.3843,27.3241,27.5207,27.0957,27.1965,26.9508,27.5054,27.8539,27.0346,27.4876,27.4251,27.2283,27.7402,26.079,26.7493,27.854,27.9222,28.1241,26.6898,26.9291,27.1534,27.6831,27.5168,27.0998,27.239,26.8165,27.0952,27.9649,26.6838,27.0288,26.1652,27.6063,28.141,26.6621,27.0361,27.1711,27.0525,27.2851,26.9332,26.6784,27.111,26.8541,27.5983,27.0624,26.8743,27.5125,26.8997,28.1031,26.4581,27.0185,26.7645,27.0321,28.303,26.695,27.1176,27.3972,27.2316,28.364,26.023,27.2003,27.3,26.992,27.3748,26.9337,27.1382,26.838,26.8352,27.8457,26.71,27.1055,27.6288,27.1069,28.7328,26.473,26.9085,27.6155,27.4446,27.9275,26.5055,27.1475,26.738,27.4375,27.7484
47,12:39:55 PM,26.9059,27.0961,26.9225,26.8482,27.3714,27.0289,26.4452,27.3328,27.6517,27.7564,26.985,26.7999,26.8944,27.3626,27.5699,26.8828,27.2268,27.312,27.1822,27.8766,26.7548,27.2174,27.2747,26.7726,27.9527,26.3747,27.0558,26.7342,27.1076,27.5935,27.3509,26.7064,27.6356,27.2976,28.0497,26.6752,27.1323,27.4176,27.4023,27.4544,27.0186,27.2248,26.8616,27.6019,27.8622,27.1329,27.3933,27.5301,27.2817,27.6739,26.0883,26.6792,27.9241,28.1382,28.0404,26.6217,26.9364,27.0784,27.5833,27.7336,27.1219,27.2299,26.9509,27.1928,27.8167,26.5953,26.9833,26.3485,27.6052,28.0212,26.6971,26.9779,27.2645,26.9689,27.3138,26.9073,26.7879,27.2725,26.8572,27.5395,27.1466,26.8579,27.651,26.8848,28.0989,26.5725,26.9633,26.6663,27.0037,28.3286,26.7537,27.0495,27.4041,27.095,28.3207,26.0165,27.2454,27.3592,26.9647,27.4471,26.8347,27.096,26.8712,26.7772,27.8431,26.7168,27.0523,27.5303,27.1675,28.6162,26.3102,26.9301,27.5801,27.467,27.9283,26.3706,27.2733,26.7775,27.2951,27.7857
48,12:40:15 PM,26.987,27.1275,27.0385,26.8185,27.4669,26.975,26.4073,27.2415,27.8248,27.795,26.8952,26.8267,26.8826,27.3916,27.5276,26.895,27.2125,27.3587,27.2172,27.8364,26.7076,27.1995,27.2587,26.6581,27.9926,26.4222,27.1376,26.764,26.9119,27.4747,27.3295,26.7273,27.6941,27.3084,28.1243,26.6521,27.1997,27.3837,27.4115,27.5133,27.0098,27.2414,26.8354,27.6121,27.845,27.044,27.4793,27.311,27.2852,27.7192,25.9897,26.6955,28.0732,28.1118,28.063,26.5964,26.924,26.9585,27.743,27.6894,27.0192,27.1859,26.8901,27.192,27.928,26.5846,26.9617,26.3119,27.5667,28.0379,26.6996,27.119,27.276,26.9908,27.3488,26.8941,26.7631,27.3175,26.9735,27.5619,27.1547,26.759,27.5327,26.9981,28.1898,26.5786,27.0214,26.7735,27.0067,28.4361,26.7952,27.1205,27.3703,27.3097,28.3137,26.028,27.2591,27.3482,27.0039,27.4034,26.926,27.0861,26.8146,26.7175,27.7644,26.7155,27.0529,27.5653,27.2043,28.6321,26.4269,26.9091,27.5067,27.5179,28.0169,26.4295,27.2196,26.9007,27.4104,27.6978
49,12:40:35 PM,26.9603,27.1241,26.9574,26.8218,27.5145,26.973,26.4504,27.2667,27.6747,27.8,27.0305,26.8204,26.9762,27.3162,27.608,26.9009,27.1561,27.4247,27.2299,27.7926,26.7222,27.2221,27.283,26.7147,27.9902,26.3432,27.1874,26.773,26.9778,27.5607,27.3422,26.6699,27.6409,27.2875,28.1673,26.6727,27.2518,27.4668,27.3808,27.4977,27.076,27.2399,26.8146,27.7074,27.9766,27.0245,27.419,27.4719,27.3083,27.7223,26.1077,26.7423,28.0519,28.0674,28.1015,26.653,26.8784,27.0344,27.6353,27.7342,27.0321,27.1874,26.9275,27.2113,27.8501,26.7038,26.9306,26.24,27.5625,28.0907,26.7374,27.0491,27.2475,26.8894,27.3379,26.8701,26.7392,27.2693,26.966,27.6026,27.2695,26.7749,27.5824,26.9225,28.0782,26.6109,26.9902,26.6741,27.0151,28.3624,26.8706,27.0957,27.3328,27.3295,28.3918,26.0856,27.233,27.2872,27.0341,27.3973,26.9093,27.0892,26.8491,26.6991,27.7629,26.7283,27.0485,27.6821,27.178,28.7636,26.3916,26.9674,27.6482,27.3901,27.9839,26.4289,27.2836,26.7708,27.4453,27.6656
50,12:40:55 PM,26.8647,27.1313,26.993,27.0351,27.4853,26.8911,26.4854,27.3186,27.7481,27.8044,26.9112,26.7729,26.8156,27.4374,27.689,26.7704,27.2728,27.4012,27.231,27.8438,26.7096,27.1866,27.2741,26.8395,27.9597,26.4734,27.071,26.7648,26.9841,27.5514,27.4137,26.5512,27.6655,27.241,28.1432,26.6433,27.1591,27.4331,27.3178,27.5125,26.996,27.1722,26.7918,27.6015,27.8757,27.0586,27.3623,27.4343,27.3052,27.7695,26.0244,26.8451,28.0199,28.0396,28.0858,26.6257,26.984,27.0723,27.6902,27.5135,27.1047,27.2714,26.9492,27.2253,27.942,26.6956,27.0102,26.1587,27.5981,28.0702,26.6644,27.0762,27.267,26.9268,27.2907,26.8834,26.7529,27.17,26.9553,27.605,27.1505,26.8118,27.5941,26.8469,28.0818,26.601,26.9667,26.7648,26.9991,28.4467,26.7431,27.0499,27.4055,27.2262,28.3981,26.1256,27.2775,27.4502,27.034,27.3472,26.848,27.0722,26.8156,26.797,27.88,26.6047,27.022,27.5917,27.2159,28.7434,26.3293,26.8635,27.6497,27.5914,28.0138,26.4753,27.2525,26.7675,27.3441,27.7001
51,12:41:15 PM,26.969,27.21,26.9971,26.9387,27.4838,26.8245,26.4223,27.4043,27.7909,27.8327,26.9664,26.9084,26.817,27.476,27.5968,26.8263,27.1225,27.3505,27.243,27.8945,26.813,27.2794,27.2559,26.7363,27.9902,26.338,27.0474,26.6777,26.9522,27.4974,27.3073,26.7304,27.6363,27.3117,28.1017,26.7681,27.1888,27.3324,27.37,27.4354,27.0615,27.2913,26.8446,27.513,27.8794,27.0543,27.3898,27.448,27.321,27.8215,26.0246,26.6622,28.0286,28.0871,28.1232,26.6402,26.8722,27.0827,27.8627,27.8163,27.1322,27.2274,26.8515,27.1733,27.9461,26.6813,26.9734,26.2372,27.5144,28.0776,26.6458,27.108,27.2759,27.0976,27.292,27.0021,26.6369,27.2127,27.0155,27.4653,27.1843,26.7589,27.5521,26.8382,28.189,26.5604,27.0587,26.5998,27.0139,28.5192,26.7352,27.0173,27.3556,27.2281,28.3675,26.1172,27.2696,27.3654,26.9268,27.4054,26.8769,27.0464,26.8513,26.7333,27.9307,26.6767,27.048,27.6596,27.1254,28.6639,26.2566,26.9483,27.7059,27.5427,27.991,26.464,27.2447,26.7689,27.4621,27.7717
52,12:41:35 PM,26.9202,27.1022,26.9492,26.8067,27.4485,26.9769,26.4448,27.2903,27.7678,27.7707,26.9418,26.836,26.9932,27.3887,27.6494,26.8671,27.2332,27.3935,27.1752,27.9467,26.8607,27.128,27.2421,26.7695,28.0419,26.5066,27.0161,26.6438,27.0355,27.5824,27.3756,26.7392,27.5768,27.3554,28.0463,26.6499,27.2111,27.3628,27.3862,27.4764,27.0504,27.2782,26.8555,27.5954,27.9106,27.1673,27.4422,27.5187,27.2494,27.6923,26.063,26.7532,28.0125,28.0793,28.1361,26.7293,26.7596,26.9846,27.7268,27.9145,27.0385,27.2003,26.9712,27.1634,28.0177,26.6893,27.0496,26.2865,27.6725,28.1395,26.7351,27.1339,27.2704,26.8696,27.4231,26.9107,26.7565,27.1615,27.0281,27.562,27.1962,26.8947,27.5792,26.9254,28.057,26.64,26.9188,26.7939,27.001,28.3723,26.7873,27.094,27.3151,27.3132,28.4104,25.9426,27.2983,27.4158,27.0649,27.388,26.8351,27.1333,26.8189,26.7805,27.8998,26.6143,26.9868,27.6022,27.1623,28.7308,26.3589,26.8584,27.6402,27.5337,27.9916,26.5278,27.2143,26.7594,27.4377,27.7299
53,12:41:55 PM,26.9206,27.0823,27.0027,26.8119,27.4197,26.964,26.4134,27.3342,27.7587,27.8862,26.956,26.8505,26.8987,27.2584,27.6672,26.9184,27.1421,27.3714,27.2956,27.9176,26.7549,27.2189,27.3189,26.9174,28.0011,26.4832,27.0584,26.7465,27.0175,27.5648,27.4152,26.6985,27.6709,27.3944,28.1321,26.7282,27.3579,27.3423,27.3308,27.6308,26.9476,27.2918,26.9018,27.6751,27.9839,27.0292,27.4433,27.4919,27.3001,27.7479,26.0344,26.727,28.0291,28.1027,28.0377,26.6017,26.8176,27.1549,27.8429,27.6832,26.9951,27.2084,26.9426,27.1068,27.9404,26.7295,26.9938,26.2352,27.6339,28.1866,26.6396,27.1245,27.2894,26.9732,27.3546,26.9776,26.7447,27.1788,26.8944,27.6133,27.1206,26.8403,27.6224,26.9832,28.1705,26.5764,27.1169,26.7185,26.9997,28.4305,26.8127,27.0036,27.4358,27.2972,28.3659,26.1205,27.3131,27.342,26.981,27.3711,26.8613,27.1426,26.9236,26.6833,27.8774,26.6961,27.0419,27.6517,27.2052,28.7444,26.3679,26.9161,27.5527,27.5464,27.9605,26.5175,27.2185,26.8654,27.3934,27.6965
54,12:42:15 PM,26.9656,27.034,26.9564,26.8978,27.5041,26.9274,26.5007,27.2763,27.6796,27.7332,27.0085,26.8382,26.8686,27.3191,27.6101,26.8987,27.2728,27.4276,27.2408,27.8307,26.8027,27.2482,27.2166,26.8654,28.0024,26.399,27.0805,26.635,26.9544,27.6202,27.3807,26.7045,27.6793,27.313,28.0814,26.7367,27.2141,27.5263,27.449,27.4339,27.0905,27.2825,26.9169,27.5771,27.968,26.9957,27.3737,27.4899,27.3781,27.7464,26.0644,26.707,28.1337,28.164,28.1504,26.665,26.8969,27.0382,27.8061,27.6982,27.1302,27.2537,26.9314,27.1595,27.9118,26.7067,26.9891,26.3388,27.5349,28.1758,26.6894,27.1192,27.3091,26.9806,27.3081,26.8627,26.7577,27.2902,26.9308,27.5899,27.1826,26.8718,27.7162,26.8904,28.0964,26.5332,27.0493,26.6705,27.0096,28.3893,26.8059,27.11,27.3852,27.2748,28.3371,26.1098,27.3214,27.3843,26.969,27.3523,26.7862,27.2005,26.8219,26.7649,27.8985,26.6922,27.0396,27.6356,27.2743,28.7801,26.3667,26.8608,27.5818,27.502,28.0283,26.4128,27.3257,26.7778,27.4465,27.8053
55,12:42:35 PM,27.0039,27.0799,27.0223,26.9145,27.5215,26.9713,26.4435,27.3997,27.7303,27.8672,26.9236,26.7959,26.8343,27.3987,27.6887,26.9038,27.1073,27.395,27.3064,27.9191,26.7123,27.2334,27.2598,26.7754,27.9916,26.327,27.199,26.8143,27.0377,27.605,27.456,26.6802,27.6488,27.3172,28.1582,26.6969,27.1326,27.4369,27.3212,27.6561,27.0939,27.3204,26.9042,27.6659,27.9091,27.0557,27.3999,27.5666,27.2968,27.7435,26.0813,26.9453,28.1896,28.077,28.0686,26.6023,26.9013,27.0579,27.854,27.7449,27.0933,27.262,26.9488,27.1925,27.9711,26.6915,26.9989,26.3036,27.6888,28.166,26.6927,27.1291,27.325,27.033,27.3075,26.8252,26.6789,27.2347,26.9852,27.5402,27.1852,26.7743,27.6671,26.921,28.1137,26.4394,27.0145,26.787,27.0444,28.3878,26.7611,27.0891,27.407,27.2894,28.3587,26.0445,27.1319,27.3092,27.105,27.5009,26.8603,27.0776,26.8493,26.7493,27.8761,26.5996,26.9835,27.6883,27.2571,28.6739,26.428,26.8448,27.5592,27.5105,28.0497,26.4406,27.1975,26.8488,27.4495,27.7329
56,12:42:55 PM,26.9907,27.0917,26.9032,26.9027,27.3905,26.9442,26.5115,27.2034,27.7571,27.8156,26.8906,26.8425,26.9084,27.3798,27.4954,26.8455,27.2302,27.3545,27.2483,27.8517,26.7782,27.1759,27.1892,26.7775,28.1134,26.3971,27.0083,26.735,27.0049,27.5639,27.4088,26.7239,27.7421,27.3541,28.1136,26.7969,27.1144,27.3622,27.39,27.5231,26.9586,27.2706,26.7401,27.6205,27.9806,27.0736,27.4019,27.5045,27.3203,27.743,26.0212,26.9299,28.2335,28.0761,28.0543,26.592,26.8816,27.0803,27.7847,27.7988,27.0858,27.1654,26.9337,27.1641,27.973,26.6442,26.9874,26.2128,27.6583,28.2044,26.7334,27.0823,27.1553,26.9759,27.3681,26.8865,26.7581,27.2503,26.8207,27.5132,27.189,26.8756,27.5661,26.9546,28.2119,26.5944,27.0111,26.7536,26.9418,28.5795,26.691,27.0562,27.3892,27.3005,28.3954,26.0339,27.263,27.3274,27.0925,27.4893,26.8474,27.1243,26.7444,26.8018,27.8871,26.6219,27.1169,27.7094,27.2322,28.787,26.3627,26.9724,27.626,27.5451,27.944,26.4482,27.2754,26.755,27.2921,27.7781
57,12:43:15 PM,26.8888,27.1846,26.9672,26.8566,27.5562,27.0126,26.5056,27.297,27.736,27.7787,26.9495,26.8104,26.9111,27.4697,27.5813,26.8536,27.1888,27.3908,27.1815,27.9171,26.8041,27.2426,27.2055,26.9195,27.9842,26.398,27.0936,26.698,26.9895,27.6625,27.4904,26.7404,27.6648,27.3876,28.141,26.6347,27.2611,27.3756,27.4043,27.5963,27.0391,27.3312,26.834,27.68,27.9235,27.0907,27.3991,27.6091,27.3219,27.7901,26.0588,26.857,28.1295,28.0974,28.097,26.6154,26.9133,27.1944,27.7661,27.8291,27.1164,27.2306,26.9852,27.3209,27.8653,26.7345,27.0249,26.1878,27.6698,28.1657,26.6379,27.0877,27.2984,27.0502,27.4147,26.9572,26.7204,27.1541,26.9405,27.6272,27.2041,26.838,27.6583,26.9613,28.1356,26.5961,26.9794,26.7525,26.938,28.5996,26.7868,26.9935,27.4876,27.2064,28.3689,26.0267,27.3075,27.3238,26.9419,27.3786,26.8963,27.1058,26.9028,26.7823,27.8258,26.6273,27.1004,27.5734,27.2471,28.7518,26.4006,27.0124,27.7423,27.5207,28.0643,26.4191,27.1934,26.8063,27.4933,27.8074
58,12:43:35 PM,26.9312,27.0922,27.0812,26.8938,27.5324,26.9465,26.4484,27.2231,27.8125,27.8557,26.9443,26.8072,26.8449,27.4737,27.6124,26.8493,27.1903,27.4645,27.2588,28.0147,26.7179,27.1849,27.2387,26.8411,27.9527,26.3478,26.9941,26.6427,26.9888,27.4995,27.4331,26.6986,27.6452,27.2977,28.0854,26.7141,27.3543,27.4438,27.4242,27.5928,27.0043,27.2323,26.8867,27.761,27.8739,27.1058,27.3426,27.5561,27.3691,27.8183,26.0531,26.7312,28.1391,28.0526,28.1668,26.7689,26.955,27.1238,27.8287,27.6804,27.0191,27.2123,26.9165,27.1872,27.9071,26.6615,27.1036,26.3265,27.7561,28.1519,26.7004,27.004,27.2222,27.0129,27.3783,26.9136,26.8153,27.1477,27.0159,27.5656,27.2478,26.8399,27.6556,26.9341,28.175,26.6808,27.0474,26.7762,26.9945,28.4737,26.7894,27.1798,27.3808,27.2261,28.5067,26.1213,27.3915,27.4132,27.0866,27.3675,26.9215,27.1139,26.8059,26.745,27.9081,26.6821,27.1026,27.7357,27.1757,28.827,26.3163,26.8991,27.6834,27.5395,28.0453,26.3793,27.1939,26.6943,27.3176,27.7502
59,12:43:55 PM,26.9587,27.1137,26.926,26.9159,27.5618,26.9228,26.394,27.1747,27.8171,27.7633,27.1213,26.8763,26.8882,27.4232,27.5942,26.9271,27.2173,27.3584,27.2697,27.8549,26.7682,27.2274,27.206,26.8375,28.071,26.4092,27.0688,26.6235,27.0554,27.6164,27.4359,26.8183,27.6977,27.3435,28.1524,26.6804,27.2102,27.4468,27.4012,27.571,27.0997,27.237,26.8292,27.5853,27.8903,27.1675,27.3124,27.459,27.3308,27.8037,26.1104,26.6341,28.1312,28.0723,28.0404,26.6717,26.9343,27.0491,27.8749,27.668,27.0885,27.2037,26.9799,27.1386,27.9643,26.733,27.029,26.3191,27.6509,28.1228,26.7294,27.1461,27.3548,27.0266,27.3647,26.9721,26.7247,27.255,26.9313,27.5893,27.1507,26.904,27.6065,26.8599,28.2159,26.5399,26.9427,26.7237,26.9861,28.3498,26.7006,27.0451,27.2753,27.1999,28.4718,26.0644,27.2524,27.4535,27.0897,27.3638,26.9192,27.0901,26.8104,26.8354,27.8301,26.6624,26.985,27.6406,27.2207,28.6721,26.4021,26.846,27.6658,27.576,27.9704,26.4482,27.2444,26.7563,27.3677,27.8095
60,12:44:15 PM,26.9948,27.0981,26.946,26.9151,27.4397,27.0098,26.3514,27.3262,27.8536,27.8508,27.0012,26.9335,26.8749,27.4714,27.6521,26.8279,27.236,27.4184,27.3096,27.9131,26.8181,27.2649,27.2823,26.8887,28.0185,26.3538,27.0948,26.7394,27.0659,27.5169,27.3788,26.6308,27.6057,27.2717,28.1142,26.7569,27.215,27.4528,27.4394,27.5858,26.9659,27.3606,26.8174,27.7223,28.0166,27.044,27.412,27.6005,27.3813,27.7996,26.0554,26.7267,28.1458,28.074,28.1654,26.6682,26.9415,27.0494,27.7754,27.5474,27.0745,27.2933,26.994,27.2139,27.9414,26.6886,27.028,26.3198,27.7387,28.2125,26.69,27.0922,27.33,27.0185,27.4036,26.981,26.7153,27.236,27.0053,27.6159,27.2228,26.9039,27.6438,26.8923,28.0961,26.6109,26.8638,26.7197,27.0424,28.3883,26.8255,27.074,27.3694,27.179,28.4457,26.1223,27.16,27.4184,27.0927,27.4718,26.8439,27.1082,26.7873,26.7302,27.9461,26.6685,27.0202,27.7295,27.1387,28.8072,26.3242,26.8762,27.5992,27.4979,27.9812,26.5032,27.2416,26.739,27.497,27.8639
61,12:44:35 PM,26.9409,27.1696,27.0095,26.7999,27.4388,26.9421,26.371,27.3259,27.7592,27.7852,26.9396,26.8767,26.9009,27.3954,27.6686,26.924,27.1481,27.4022,27.1578,27.8433,26.6469,27.2555,27.1826,26.8139,28.0055,26.3827,27.1284,26.7407,27.0107,27.5866,27.3528,26.7294,27.7405,27.3343,28.1453,26.7463,27.251,27.3929,27.4054,27.4586,27.229,27.3607,26.762,27.6926,28.0569,27.0518,27.4411,27.5412,27.388,27.845,26.0339,26.6733,28.1538,28.1399,28.1455,26.5735,26.8434,26.9948,27.7795,27.876,27.1035,27.1995,26.9301,27.2365,27.9769,26.7185,27.0494,26.362,27.6443,28.1144,26.7035,27.2139,27.2728,26.9889,27.3226,26.848,26.6888,27.1967,26.8691,27.6121,27.1627,26.8876,27.6798,26.8747,28.1771,26.4461,27.0072,26.6843,27.0142,28.3708,26.8184,27.1468,27.3871,27.3404,28.4646,26.0951,27.3305,27.4568,27.0761,27.4343,26.8341,27.2025,26.8092,26.8328,27.8488,26.6628,27.0479,27.8094,27.2953,28.807,26.4356,26.8657,27.703,27.61,28.0446,26.4855,27.2875,26.7795,27.4808,27.8207
62,12:44:55 PM,26.9311,27.2382,26.9757,26.9047,27.4974,26.9771,26.37,27.2913,27.9283,27.8772,26.9052,26.8807,26.8337,27.4326,27.6679,26.8898,27.1467,27.4064,27.2688,27.9138,26.8657,27.1965,27.238,26.7823,27.9988,26.3831,27.1033,26.6577,27.0482,27.6519,27.4441,26.6298,27.6685,27.3448,28.1342,26.6134,27.1792,27.4116,27.3767,27.4727,27.026,27.3076,26.8823,27.5948,27.951,26.9756,27.451,27.592,27.374,27.9113,26.0086,26.5585,28.1667,28.0633,28.1363,26.5921,26.8792,27.0976,27.6993,27.5784,27.1211,27.1867,27.0388,27.1833,28.0113,26.7813,26.9975,26.3009,27.6771,28.1873,26.7736,27.1519,27.2652,26.982,27.4365,26.953,26.8049,27.3026,26.98,27.5853,27.1615,26.8611,27.5843,26.8853,28.2012,26.5356,26.9699,26.7408,26.9645,28.4279,26.8066,27.0494,27.3936,27.3223,28.3468,26.1269,27.2137,27.4138,27.0763,27.4921,26.8582,27.1039,26.9136,26.7728,27.8657,26.748,27.0829,27.6665,27.229,28.7034,26.4348,26.9649,27.6777,27.6694,28.0061,26.4623,27.2214,26.8244,27.419,27.6936
63,12:45:15 PM,26.8986,27.0802,26.9905,26.8612,27.5287,26.9368,26.51,27.314,27.8592,27.8254,26.8664,26.8147,26.951,27.368,27.6879,26.8908,27.2336,27.3659,27.3097,27.9197,26.819,27.2964,27.2645,26.8018,28.1295,26.3648,27.0977,26.6908,27.1004,27.5697,27.4584,26.7366,27.7385,27.2469,28.1243,26.7583,27.0922,27.4022,27.3662,27.4459,27.0646,27.2347,26.7319,27.645,27.9182,27.1018,27.3616,27.4929,27.3448,27.792,26.0071,26.8201,28.1327,28.0952,28.1528,26.545,26.9406,27.0851,27.7296,27.7554,27.1266,27.1751,26.9658,27.1911,27.9414,26.7115,26.9588,26.2905,27.6161,28.1562,26.7042,27.1703,27.3262,27.0606,27.2958,26.9886,26.7883,27.2534,26.947,27.6059,27.284,26.8178,27.6198,26.9749,28.0946,26.6202,26.9655,26.7401,27.0451,28.4181,26.7625,27.0439,27.4189,27.3157,28.4293,26.0871,27.2869,27.3993,27.0948,27.4742,26.9504,27.1569,26.8293,26.8115,27.9329,26.7268,27.056,27.7721,27.3586,28.7256,26.3339,26.9415,27.7094,27.6786,28.1065,26.521,27.2205,26.8296,27.5266,27.7844
64,12:45:35 PM,26.892,27.0952,26.999,26.9216,27.6062,26.9224,26.4486,27.4758,27.8298,27.8468,26.9144,26.7661,26.9694,27.4748,27.6495,26.873,27.1249,27.4094,27.2563,27.9362,26.8313,27.2275,27.1615,26.8783,28.059,26.5151,27.1096,26.6989,26.9833,27.5686,27.4081,26.6311,27.7709,27.3028,28.1828,26.7419,27.2814,27.3748,27.4183,27.5412,27.1034,27.2259,26.8094,27.7596,27.9802,27.0269,27.3725,27.5337,27.3124,27.8612,25.9957,26.7411,28.0706,28.0595,28.1105,26.7196,26.903,27.1115,27.8406,28.0072,27.0923,27.1954,26.9562,27.1886,27.989,26.7563,26.8518,26.3236,27.549,28.1203,26.6996,27.1464,27.3862,27.0349,27.3436,26.9812,26.8457,27.1878,26.9653,27.5857,27.1197,26.832,27.5977,26.96,28.1315,26.6309,26.9317,26.7605,27.0889,28.4531,26.8079,27.2002,27.3934,27.3718,28.4168,26.0013,27.3085,27.35,27.1963,27.443,26.8542,27.1096,26.8061,26.9184,27.8286,26.6782,27.1082,27.6045,27.2761,28.8719,26.5078,26.9544,27.7209,27.6029,28.0414,26.4308,27.1857,26.8805,27.4803,27.7502
65,12:45:55 PM,26.9979,27.1771,27.0378,27.0786,27.5495,26.957,26.4788,27.3208,27.8786,27.8783,26.9732,26.9222,26.8996,27.516,27.6154,26.8211,27.1603,27.4684,27.291,28.0445,26.769,27.2656,27.2465,26.9048,28.0555,26.3787,27.0921,26.7798,27.0547,27.7643,27.3624,26.6415,27.7291,27.3785,28.1348,26.6527,27.1932,27.3621,27.3837,27.4562,27.0334,27.3426,26.8763,27.7435,27.9016,27.1139,27.4077,27.5433,27.3134,27.8452,26.0158,26.6754,28.0863,28.0316,28.1618,26.6497,26.9242,27.0543,27.8869,27.7782,27.085,27.1739,26.9889,27.2202,28.0755,26.6808,26.888,26.3535,27.5657,28.152,26.7611,27.1366,27.376,27.0488,27.3161,26.8527,26.7325,27.1251,26.9283,27.7023,27.1725,26.8438,27.6254,26.9716,28.2409,26.5311,27.0922,26.7732,27.0426,28.5377,26.7586,27.0548,27.4922,27.265,28.3836,25.9811,27.287,27.4002,27.1461,27.4291,26.8365,27.0384,26.805,26.6646,27.8558,26.5996,27.0952,27.644,27.2122,28.7076,26.3685,26.9178,27.6588,27.5164,28.017,26.4478,27.3644,26.7635,27.4805,27.8357
66,12:46:15 PM,27.0313,27.1652,27.0714,26.9539,27.5195,26.9671,26.3769,27.3766,27.9635,27.8348,27.0449,26.9603,26.9205,27.3523,27.7097,26.8589,27.3664,27.3762,27.2696,27.9085,26.7134,27.3484,27.2838,27.0059,28.0684,26.4278,27.0415,26.7293,27.0787,27.5702,27.3347,26.6732,27.6681,27.362,28.0591,26.6911,27.2768,27.4443,27.391,27.4534,27.023,27.3476,26.9523,27.5771,27.9428,27.06,27.4383,27.51,27.3397,27.9124,26.1408,26.9129,28.1191,28.0975,28.1091,26.663,26.9375,27.1846,27.8715,27.7802,27.0969,27.1701,26.9578,27.2516,28.019,26.7032,27.0418,26.34,27.663,28.2382,26.716,27.144,27.4007,27.0905,27.3756,26.8499,26.7009,27.2473,27.0697,27.648,27.231,26.8568,27.6846,26.887,28.1243,26.5661,27.1371,26.8648,26.962,28.3897,26.7371,27.1701,27.4651,27.2637,28.414,26.1,27.1806,27.3819,27.0855,27.5038,26.8307,27.1262,26.9291,26.7135,28.027,26.6101,27.0372,27.69,27.2551,28.7416,26.4245,26.9213,27.7151,27.663,28.0445,26.4923,27.1848,26.8486,27.3431,27.7941
67,12:46:35 PM,26.9644,27.2094,27.0186,26.9133,27.4811,26.995,26.4214,27.3045,27.7704,27.8566,27.0155,26.9282,26.9067,27.3584,27.6406,26.8681,27.163,27.3462,27.269,27.9391,26.8048,27.3138,27.2784,26.8611,28.0597,26.4223,26.9881,26.7485,27.0491,27.7299,27.4186,26.7162,27.6554,27.3885,28.1572,26.6491,27.1992,27.4391,27.428,27.5648,26.9979,27.2863,26.8555,27.6889,27.9247,27.1578,27.4829,27.5875,27.4367,27.8383,26.0863,26.7267,28.2176,28.0514,28.0622,26.6511,26.9094,27.137,27.7917,27.6699,27.0991,27.1744,27.0286,27.2704,27.9239,26.6713,27.021,26.3091,27.661,28.16,26.792,27.1467,27.279,26.9814,27.4644,26.9545,26.7308,27.2056,26.9975,27.7551,27.1867,26.8623,27.6675,27.0019,28.161,26.6199,27.0366,26.7262,27.0603,28.5905,26.7982,27.11,27.4203,27.3199,28.4114,26.102,27.2734,27.4365,27.1825,27.479,26.9093,27.2204,26.8389,26.8324,27.9679,26.6308,27.0809,27.6537,27.228,28.7988,26.454,27.0194,27.7803,27.5826,28.0568,26.51,27.4128,26.8089,27.4194,27.7701
68,12:46:55 PM,27.0101,27.1456,26.9967,26.9707,27.5672,26.9272,26.5138,27.3549,27.8119,27.7906,26.9666,26.8298,26.8702,27.423,27.5781,26.7544,27.2496,27.3475,27.2695,27.8015,26.777,27.3058,27.2461,26.8805,28.1117,26.4219,27.0686,26.7109,27.1125,27.6503,27.3435,26.6773,27.6354,27.3646,28.1561,26.7059,27.2511,27.461,27.509,27.474,26.9941,27.407,26.8803,27.7562,27.9494,27.0076,27.4688,27.6247,27.3659,27.7834,26.1295,26.8256,28.1194,28.0732,28.1387,26.7556,26.9793,27.0705,27.8714,27.8177,27.0523,27.1764,26.9739,27.2362,27.9671,26.6199,27.0165,26.3774,27.6202,28.1918,26.6533,27.1335,27.2299,27.0002,27.3538,26.9568,26.699,27.2115,26.9944,27.5911,27.2322,26.8455,27.6805,26.9645,28.0857,26.6246,27.0207,26.7235,26.928,28.482,26.7212,27.0908,27.3647,27.364,28.4177,26.0454,27.2248,27.32,27.1458,27.5017,26.8909,27.1055,26.8836,26.8261,27.9293,26.7515,27.1538,27.6509,27.237,28.7345,26.385,26.9305,27.754,27.6698,28.0855,26.5186,27.2935,26.8091,27.4592,27.7129
69,12:47:15 PM,26.9782,27.0912,27.0352,26.9452,27.4689,26.8602,26.469,27.3285,27.7156,27.898,26.9467,26.8115,26.891,27.3968,27.698,26.8707,27.1892,27.3574,27.2658,27.9497,26.7942,27.2447,27.309,26.8288,28.0332,26.4387,27.0836,26.7472,27.1548,27.6159,27.3383,26.6796,27.7716,27.3069,28.1244,26.7127,27.2859,27.4635,27.3306,27.5731,27.0425,27.3109,26.9365,27.6949,27.9537,27.1248,27.42,27.4189,27.388,27.8277,26.02,26.8846,28.1282,28.0961,28.1807,26.6604,26.8717,27.1545,27.9287,27.8384,27.0556,27.178,27.0178,27.2285,28.0504,26.7397,27.114,26.3244,27.6598,28.1692,26.7011,27.0771,27.3605,26.9799,27.4148,27.0187,26.7204,27.229,27.0968,27.645,27.1754,26.9482,27.5708,27.0155,28.1501,26.682,27.0712,26.7229,27.0553,28.5108,26.8,27.0693,27.495,27.2988,28.3976,26.0952,27.314,27.4042,27.0318,27.4598,26.8693,27.0972,26.9276,26.786,27.9739,26.743,27.2797,27.8073,27.268,28.815,26.4014,26.9206,27.7504,27.5597,28.1389,26.5236,27.2891,26.9383,27.3478,27.9588
70,12:47:35 PM,26.9184,27.1404,27.1056,26.9475,27.6115,26.9432,26.4527,27.3216,27.8458,27.9601,26.9779,26.7989,26.9087,27.4469,27.7469,26.9284,27.2159,27.4474,27.3558,27.972,26.8412,27.284,27.2714,26.8394,27.9708,26.4468,27.1535,26.7269,27.0625,27.682,27.4196,26.7002,27.7325,27.438,28.1376,26.6925,27.2822,27.4993,27.3543,27.5052,27.0338,27.2255,26.8814,27.6918,27.9556,27.1193,27.4606,27.5934,27.2783,27.8328,25.9691,26.9455,28.1454,28.0104,28.168,26.6758,26.8788,27.2899,28.0664,27.7933,27.1046,27.25,26.9188,27.3236,28.0199,26.7361,27.0194,26.2831,27.7175,28.2558,26.7862,27.0629,27.2737,27.0736,27.2175,26.9176,26.7723,27.3084,26.9556,27.6528,27.136,26.9065,27.6669,27.0529,28.2437,26.7158,27.0576,26.7087,26.9761,28.4513,26.8196,27.0926,27.4842,27.4372,28.3806,26.0495,27.2625,27.4334,27.1531,27.4774,26.8631,27.0962,26.9131,26.8338,27.836,26.7775,27.0133,27.7095,27.218,28.7836,26.4062,27.0408,27.8334,27.5592,27.9999,26.595,27.1821,26.8681,27.5175,27.8019
71,12:47:55 PM,26.9764,27.174,26.9968,26.9571,27.5123,26.9973,26.4886,27.4407,27.8696,28.0192,26.9462,26.7795,27.0106,27.5084,27.7441,26.9257,27.2382,27.355,27.2926,27.8813,26.8438,27.2701,27.2889,26.8152,28.1097,26.424,27.0823,26.7603,27.0415,27.7284,27.3904,26.6975,27.6947,27.3465,28.1614,26.6909,27.237,27.3859,27.5476,27.5226,27.0081,27.275,26.9277,27.611,27.9374,27.1008,27.4008,27.5008,27.4128,27.8653,26.0902,27.0913,28.127,28.0312,28.242,26.7983,26.8395,27.2057,27.9927,27.6035,27.1174,27.1325,26.8791,27.3468,28.0834,26.7181,26.9035,26.3251,27.7676,28.2839,26.7044,27.1509,27.3119,27.0458,27.3885,26.9884,26.816,27.2918,27.0141,27.6308,27.1935,26.8864,27.6877,26.9675,28.2657,26.6004,27.0187,26.9745,27.0604,28.5498,26.7941,27.2011,27.4545,27.4016,28.3744,26.053,27.2134,27.5458,27.119,27.438,26.9343,27.2283,26.9022,26.7236,27.9542,26.757,27.0602,27.7597,27.2883,28.7126,26.4593,27.1071,27.8251,27.6366,28.1052,26.49,27.29,26.8586,27.4848,27.7942
72,12:48:15 PM,27.0421,27.1627,26.9504,27.0402,27.6018,26.9421,26.5528,27.4117,27.8563,27.8835,27.0537,26.8317,26.9767,27.5674,27.6675,26.8682,27.2614,27.4135,27.2724,27.7704,26.8899,27.202,27.2965,26.8904,28.0756,26.4237,27.0906,26.7732,27.1075,27.5948,27.4327,26.7747,27.7088,27.1813,28.174,26.6421,27.2363,27.4767,27.4009,27.3705,27.024,27.2984,26.943,27.6576,27.9995,27.0242,27.4597,27.4252,27.4055,27.7789,26.1517,27.0239,28.0945,27.9917,28.127,26.7052,26.9758,27.183,27.9578,27.7262,27.0481,27.1838,26.9923,27.3862,27.9376,26.7543,27.0661,26.3064,27.6642,28.252,26.7133,27.1864,27.3488,27.0015,27.424,26.9168,26.7519,27.2371,26.9726,27.6443,27.2446,26.8953,27.596,26.9678,28.2533,26.6861,27.1088,26.7594,27.0884,28.5715,26.9204,27.1503,27.56,27.382,28.4764,26.0056,27.3362,27.3788,27.0713,27.3981,26.8975,27.1864,26.9716,26.8816,28.0285,26.6178,27.0702,27.7865,27.1932,28.8766,26.4588,26.9809,27.8114,27.5937,28.0266,26.4934,27.1783,26.8928,27.5656,27.7417
73,12:48:35 PM,26.954,27.145,27.0748,26.89,27.5467,26.9502,26.4616,27.3652,27.8309,27.9275,26.9675,26.9451,26.9964,27.5045,27.7135,26.8896,27.2116,27.4797,27.4113,27.8882,26.8033,27.2793,27.3246,26.9727,28.0616,26.4233,27.1201,26.846,27.1087,27.6233,27.4303,26.7462,27.7698,27.3277,28.1701,26.7437,27.2809,27.4793,27.371,27.601,27.0796,27.3103,27.0249,27.62,27.9281,27.107,27.4608,27.5886,27.268,27.8826,26.0413,26.812,28.1908,27.9653,28.127,26.6299,26.9388,27.1773,27.9367,27.706,27.0297,27.2204,26.9595,27.347,28.0011,26.6387,27.0858,26.3471,27.7213,28.198,26.8059,27.1482,27.3736,26.9685,27.3905,26.9875,26.766,27.2536,26.9806,27.6297,27.2425,26.867,27.6651,27.0654,28.226,26.6235,27.1302,26.8239,27.0516,28.4617,26.8263,27.0499,27.4965,27.3898,28.3114,26.0974,27.2513,27.5026,27.0837,27.4312,26.8771,27.1756,26.8418,26.8696,27.9227,26.7048,27.0247,27.8015,27.3052,28.7562,26.5197,26.9775,27.6959,27.7422,28.1549,26.5493,27.268,26.9299,27.4867,27.8352
74,12:48:55 PM,27.0469,27.1822,27.0189,26.9942,27.5113,27.0172,26.4854,27.2747,27.7553,27.7933,26.9893,26.8631,26.9513,27.4604,27.7487,26.8686,27.3079,27.4863,27.3764,27.8778,26.759,27.2862,27.2536,26.9113,28.0814,26.4064,27.0916,26.8012,26.9672,27.7029,27.3934,26.7148,27.7552,27.3301,28.0859,26.6199,27.2699,27.4192,27.4613,27.457,27.0188,27.3801,27.0063,27.6429,27.9319,27.0985,27.5308,27.5854,27.4092,27.82,26.0847,26.7201,28.1003,28.01,28.1263,26.6671,27.0223,27.1628,27.9237,27.6605,27.0175,27.297,26.9869,27.2259,28.0552,26.6445,27.074,26.2932,27.8063,28.2293,26.7218,27.1574,27.3972,27.0802,27.3003,26.964,26.7917,27.2684,27.0379,27.6213,27.2958,26.9226,27.7038,27.0262,28.1683,26.6966,27.1086,26.8847,27.1324,28.5064,26.8536,27.0812,27.5776,27.3188,28.5471,26.0784,27.338,27.5057,27.126,27.5485,26.9312,27.2109,26.89,26.9026,28.0341,26.6464,27.1879,27.8351,27.2921,28.853,26.5076,27.0459,27.6843,27.6759,28.0317,26.5127,27.338,26.8766,27.4673,27.8304
75,12:49:15 PM,26.8552,27.2048,26.9375,26.9231,27.4985,26.9647,26.5202,27.3744,27.8978,27.9787,26.904,26.9066,26.9019,27.4035,27.6619,26.9139,27.2151,27.445,27.2566,27.9344,26.8092,27.3126,27.3029,26.7998,28.0419,26.3636,27.1414,26.7058,27.0776,27.6707,27.3492,26.8168,27.7564,27.3779,28.3485,26.7322,27.2041,27.4554,27.3894,27.5301,27.0197,27.2619,26.8797,27.6511,27.9569,26.9928,27.4886,27.593,27.3117,27.8538,26.0165,26.9201,28.1424,28.1049,28.0996,26.712,26.957,27.2286,27.9737,27.5835,27.0462,27.2463,26.8911,27.3047,28.0354,26.7648,27.1122,26.4233,27.7611,28.1672,26.7777,27.0845,27.3082,27.1011,27.2979,26.9956,26.7451,27.3033,27.0067,27.7732,27.1835,26.9799,27.6931,27.001,28.241,26.6138,27.155,26.736,27.0916,28.4398,26.8317,27.1483,27.4284,27.3974,28.4171,26.1103,27.2816,27.4612,27.1236,27.3549,26.9786,27.2018,26.9566,26.723,27.9218,26.7197,27.0826,27.7009,27.2684,28.9136,26.4942,26.9611,27.6899,27.7308,28.1689,26.5673,27.2054,26.8267,27.4904,27.8453
76,12:49:35 PM,27.0281,27.2013,27.0969,26.9832,27.5008,26.9054,26.6273,27.5061,27.949,27.9097,26.9909,26.9462,26.9416,27.4486,27.7242,26.9731,27.2459,27.4449,27.2936,28.007,26.8253,27.2555,27.2984,26.8701,28.0512,26.4201,27.2175,26.8699,27.0646,27.7067,27.3909,26.7468,27.7878,27.3259,28.2373,26.6435,27.1854,27.4527,27.3375,27.4727,27.0985,27.2646,26.9234,27.6816,28.042,27.165,27.4393,27.6102,27.3869,27.845,26.081,26.7575,28.0356,28.0421,28.1144,26.717,26.9273,27.2098,27.9881,27.6544,27.0558,27.2245,27.0816,27.3192,27.9773,26.6838,26.9426,26.3574,27.681,28.2079,26.7831,27.1085,27.3816,27.0411,27.3297,26.9527,26.8744,27.2683,27.1278,27.6204,27.2267,26.8737,27.7212,26.8905,28.2064,26.7327,27.1092,26.876,27.0327,28.5481,26.8852,27.1581,27.465,27.1937,28.3626,26.0007,27.3662,27.5101,27.1933,27.4735,26.9292,27.1578,27.0215,26.8656,27.9317,26.7733,27.0682,27.8251,27.4161,28.7543,26.4944,27.0577,27.8064,27.6034,28.1542,26.5847,27.3208,26.8859,27.5359,27.7612
77,12:49:55 PM,26.9885,27.1656,27.0137,26.9215,27.5327,26.9679,26.3737,27.3567,27.8327,27.8438,27.0397,26.8581,26.9893,27.4667,27.6759,26.9343,27.2399,27.4453,27.3262,27.8958,26.8375,27.2359,27.3086,26.8319,28.037,26.4273,27.2165,26.7433,27.0999,27.6956,27.381,26.6771,27.7533,27.3992,28.2212,26.7393,27.1432,27.5646,27.4486,27.5051,27.0505,27.3534,26.8459,27.682,27.9323,27.0693,27.4244,27.6088,27.4724,27.8202,26.0837,26.8837,28.1424,28.1117,28.089,26.7465,26.9242,27.2114,27.9029,27.7872,27.0857,27.253,27.0308,27.268,28.0252,26.7197,27.0421,26.3889,27.7274,28.1199,26.7674,27.0913,27.3808,27.0502,27.285,26.865,26.9899,27.2212,27.1112,27.6977,27.2489,26.9317,27.6209,27.0529,28.1412,26.7275,27.0234,26.7522,27.1495,28.4112,26.8148,27.1652,27.5485,27.3698,28.4757,26.108,27.3685,27.4666,27.0166,27.5149,26.9359,27.1625,27.045,26.8266,27.8729,26.7497,27.152,27.811,27.2983,28.7297,26.4936,27.0095,27.8082,27.5935,28.1045,26.5601,27.288,26.817,27.6049,27.7468
78,12:50:15 PM,26.9598,27.1116,27.0153,26.9372,27.5169,26.9535,26.5296,27.4138,27.8934,27.9353,26.935,26.9855,26.8796,27.4894,27.7059,26.9061,27.1732,27.4267,27.3394,27.8551,26.7188,27.2973,27.3909,26.8848,28.0194,26.4247,27.1197,26.7352,27.0858,27.7459,27.391,26.7538,27.7674,27.3689,28.1004,26.7257,27.2912,27.4648,27.4136,27.6611,27.0086,27.2984,27.0039,27.6822,27.9834,27.1761,27.4687,27.5429,27.4124,27.8226,25.976,26.6894,28.0915,28.057,28.0207,26.6427,26.9988,27.2072,27.9619,27.7044,27.0772,27.1756,27.083,27.28,27.9823,26.6301,27.0052,26.3907,27.7373,28.2215,26.7637,27.0967,27.515,27.1036,27.4149,27.009,26.783,27.2127,27.0259,27.7015,27.2345,26.9699,27.7334,26.9592,28.2313,26.6121,27.0795,26.7897,27.1582,28.5088,26.7688,27.1237,27.4691,27.4161,28.4397,26.0677,27.3361,27.4768,27.1265,27.4476,27.0139,27.2409,26.8844,26.9615,27.9661,26.7682,27.0844,27.7823,27.4148,28.8629,26.4231,27.0219,27.794,27.8039,28.1028,26.5784,27.3387,26.9484,27.5369,27.9118
79,12:50:35 PM,26.9856,27.1374,27.0651,26.9645,27.4972,26.9581,26.5035,27.4521,27.8105,27.8745,26.9684,27.0083,27.018,27.4507,27.728,26.8804,27.2438,27.4561,27.2848,27.8981,26.8213,27.2051,27.3732,26.863,28.1185,26.423,27.1262,26.8052,27.0894,27.67,27.4265,26.7696,27.7764,27.3041,28.2004,26.7556,27.2462,27.4915,27.4459,27.5529,27.0432,27.4394,26.9415,27.7995,27.9107,27.0894,27.4052,27.5955,27.4138,27.8688,26.0392,26.8523,28.1118,27.9953,28.1242,26.6841,26.9791,27.3094,27.9987,27.9236,27.0526,27.3028,26.9646,27.3379,28.1047,26.7799,27.0907,26.3543,27.7703,28.2136,26.7097,27.1849,27.3418,27.0669,27.3923,27.0476,26.8805,27.2705,26.9736,27.7475,27.2917,26.9028,27.7126,26.9699,28.2988,26.598,27.1317,26.8634,27.2116,28.3389,26.877,27.124,27.4916,27.3502,28.4233,26.0717,27.3615,27.5864,27.2496,27.4397,27.0167,27.1968,26.9795,26.8645,27.9721,26.7122,27.1598,27.7841,27.3679,28.73,26.4398,26.9738,27.7385,27.6002,28.0514,26.5874,27.2527,27.0552,27.5833,27.7816
80,12:50:55 PM,26.8924,27.1898,27.0576,27.0425,27.5217,26.9859,26.5593,27.4165,27.9038,27.8676,27.0375,26.8905,27.1204,27.449,27.7718,26.942,27.2619,27.5853,27.4131,27.9546,26.8934,27.3507,27.3285,26.9578,27.9917,26.4103,27.2,26.8081,27.0435,27.6763,27.4085,26.7165,27.7882,27.3475,28.1583,26.7828,27.3224,27.486,27.4913,27.536,27.0704,27.4106,27.087,27.7335,27.981,27.1648,27.4763,27.6289,27.41,27.9298,26.0296,26.929,27.9099,27.9376,28.1526,26.6531,26.986,27.408,27.9919,27.7145,27.0279,27.3026,27.0597,27.3074,27.9768,26.753,27.1276,26.4749,27.7386,28.2404,26.8106,27.1865,27.4147,27.1348,27.443,26.9134,26.843,27.2146,27.0433,27.6193,27.2629,26.9265,27.8332,26.9737,28.2943,26.7262,27.0431,26.8325,27.1682,28.4359,26.7696,27.1033,27.382,27.3576,28.4268,26.0954,27.3521,27.6607,27.2102,27.4645,26.932,27.1462,27.0198,26.8226,27.9581,26.8685,27.0911,27.8179,27.2968,28.8388,26.4022,27.0323,27.8592,27.7493,28.044,26.5987,27.372,27.0155,27.5564,27.8857
81,12:51:15 PM,26.9923,27.1412,27.0988,27.04,27.538,27.0271,26.4947,27.4085,27.8839,27.9108,26.9394,26.8946,27.0727,27.4232,27.7036,26.828,27.2438,27.5293,27.3967,27.9429,26.8162,27.2777,27.3441,26.9723,28.1918,26.4332,27.1351,26.8327,27.1487,27.6879,27.4456,26.8327,27.8959,27.3374,28.1579,26.7987,27.3529,27.4782,27.4923,27.5697,27.1233,27.3512,27.138,27.8381,28.0048,27.0793,27.5207,27.6758,27.4336,27.76,26.0146,26.8194,27.9301,27.9381,28.1911,26.7573,27.0183,27.3168,27.9546,27.758,27.1143,27.3355,27.0758,27.3366,27.9345,26.6875,27.0562,26.3869,27.78,28.2183,26.7156,27.2479,27.4546,27.1114,27.3607,27.0114,26.8207,27.2998,27.0997,27.7363,27.3207,26.9808,27.7157,26.9133,28.3021,26.6322,27.0716,26.9085,27.1979,28.4719,26.792,27.052,27.5291,27.4061,28.4517,26.0418,27.2997,27.5787,27.1935,27.4052,26.9801,27.2339,26.9691,26.8858,27.9268,26.7763,27.2238,27.8842,27.3844,28.8018,26.5315,26.9257,27.797,27.6847,28.1104,26.6237,27.3374,26.9881,27.6152,27.8201
82,12:51:35 PM,27.0169,27.1925,27.0522,26.9312,27.4308,27.0052,26.5582,27.3507,27.8836,27.8296,27.073,26.9466,27.1121,27.3485,27.599,26.9066,27.4167,27.6608,27.3939,27.8837,26.8816,27.3197,27.3736,26.8667,28.1245,26.4005,27.1686,26.8319,27.2055,27.6568,27.4654,26.7689,27.8759,27.3812,28.0868,26.6654,27.3082,27.4291,27.3733,27.5242,27.0432,27.4675,27.0643,27.7683,28.0276,27.1401,27.5508,27.6173,27.4622,27.8763,26.0541,27.0548,28.0535,27.9898,28.1276,26.7664,26.9909,27.446,27.9261,27.6952,27.1299,27.4355,27.1074,27.3119,28.0733,26.8287,27.1339,26.418,27.8074,28.2724,26.8023,27.2586,27.4225,27.0392,27.3413,26.9606,26.8903,27.3034,27.0384,27.6598,27.3425,26.8613,27.7116,27.0583,28.2863,26.6504,27.0228,26.8552,27.175,28.5087,26.8331,27.2617,27.6015,27.4272,28.5272,26.1165,27.3361,27.5633,27.2004,27.3825,26.9643,27.1677,27.0217,26.7667,27.9796,26.8569,27.1521,27.8383,27.4023,28.8291,26.4773,27.0502,27.7959,27.648,28.1333,26.5506,27.2665,27.0387,27.6755,27.8786
83,12:51:55 PM,27.0807,27.1808,27.1112,26.9892,27.5718,27.0176,26.6451,27.507,27.8915,27.938,26.9939,26.9245,27.0489,27.4378,27.735,26.96,27.3165,27.516,27.4343,27.9466,26.8638,27.3729,27.3287,26.8426,27.9884,26.4481,27.0971,26.8585,27.0809,27.7256,27.4275,26.7806,27.8478,27.3409,28.1727,26.7547,27.2933,27.5684,27.4866,27.5593,27.0423,27.4962,27.0386,27.789,27.9436,27.1446,27.5811,27.6236,27.3835,27.8521,26.1117,27.0288,27.9777,27.9503,28.1054,26.7849,26.931,27.3781,28.033,27.685,27.1393,27.2412,27.0785,27.2831,28.0018,26.6446,27.0534,26.4352,27.7035,28.1773,26.7527,27.1501,27.373,27.073,27.303,26.911,26.8832,27.361,27.1501,27.7637,27.2263,26.8622,27.9033,26.9858,28.2082,26.7123,27.1897,26.8695,27.2525,28.4512,26.8222,27.032,27.5259,27.4157,28.3279,26.1319,27.3989,27.5832,27.2341,27.475,26.891,27.2475,27.0821,26.9087,27.9265,26.805,27.2043,27.8649,27.3977,28.705,26.4887,27.0278,27.8431,27.7199,28.1579,26.5482,27.2594,27.0341,27.5767,27.8392
84,12:52:15 PM,26.9781,27.1954,27.0697,26.9556,27.4821,27.1051,26.7847,27.4441,27.9033,27.8387,27.0057,26.8888,27.0948,27.4529,27.6905,26.9539,27.4257,27.5263,27.4049,27.9392,26.8991,27.3643,27.3498,26.8997,28.0596,26.4196,27.1515,26.9882,27.0516,27.697,27.4808,26.8671,27.9352,27.3819,28.2028,26.8714,27.3121,27.5762,27.5281,27.6591,27.0338,27.5008,26.9894,27.8261,27.9314,27.1231,27.5536,27.6299,27.5092,27.8354,26.0637,27.0321,28.0527,28.1426,28.2018,26.7323,27.0124,27.3637,28.0734,27.7515,27.1767,27.2669,27.0288,27.3415,28.007,26.7129,27.1054,26.4677,27.7215,28.2771,26.7904,27.1211,27.5255,27.1385,27.3688,26.9599,26.8875,27.2918,27.0998,27.6853,27.4121,26.8451,27.7491,27.0503,28.2922,26.6211,27.1289,26.8359,27.1942,28.4895,26.8479,27.1633,27.6027,27.3882,28.4918,26.1339,27.481,27.4866,27.1281,27.5099,27.0257,27.1715,26.9558,26.8662,28.0523,26.8003,27.1676,27.787,27.4486,28.8476,26.3369,26.9699,27.8345,27.7719,28.1347,26.5324,27.3934,27.0761,27.5668,27.8584
85,12:52:35 PM,26.9639,27.2918,27.1312,26.9508,27.485,26.9976,26.6811,27.4978,27.9611,27.8469,26.9693,27.0111,27.0258,27.5226,27.7786,26.9469,27.3839,27.4829,27.3976,27.9111,26.8186,27.3019,27.4537,26.9639,28.0589,26.4281,27.2245,26.9242,27.1147,27.7167,27.3911,26.8336,27.8835,27.3567,28.3016,26.7577,27.2667,27.4999,27.3908,27.5266,27.0322,27.4328,27.1187,27.7236,27.9289,27.0954,27.4519,27.5688,27.3914,27.7332,26.1585,27.0718,28.1001,28.1044,28.0671,26.81,27.0219,27.3234,27.9843,27.8486,27.1465,27.3638,27.0901,27.362,28.0686,26.7808,27.0863,26.5694,27.8088,28.2575,26.7909,27.1724,27.4772,27.0522,27.358,26.9723,26.8612,27.3449,27.0143,27.5998,27.2319,26.9473,27.7657,26.9862,28.2651,26.6993,27.1182,26.8131,27.2327,28.5154,26.8386,27.074,27.5443,27.4303,28.5454,26.1293,27.4103,27.5805,27.3221,27.4432,27.0122,27.2603,26.9166,26.8645,27.9884,26.8086,27.0208,27.8135,27.4291,28.8295,26.4455,27.139,27.8277,27.6987,28.1317,26.5769,27.3094,27.0539,27.6287,27.8693
86,12:52:55 PM,26.9691,27.2271,27.1409,26.9852,27.4405,27.0259,26.5096,27.4275,27.8549,27.8287,27.0453,26.9937,27.0763,27.4583,27.7197,26.9403,27.3152,27.5324,27.4502,27.8797,26.8086,27.4518,27.3791,26.8266,28.1028,26.4748,27.1327,26.8706,27.1142,27.7228,27.4689,26.8074,27.9632,27.3908,28.2762,26.701,27.3561,27.457,27.3942,27.6009,27.0754,27.4358,26.991,27.7541,28.048,26.9912,27.4742,27.7024,27.3756,27.8786,26.0873,27.0425,28.0472,28.0139,28.1261,26.6902,27.124,27.4023,28.0728,27.7215,27.1444,27.2937,27.0439,27.2975,28.071,26.801,27.2177,26.4698,27.7863,28.2928,26.834,27.1961,27.407,27.179,27.4445,26.9238,26.9022,27.3784,27.0481,27.71,27.2452,26.8708,27.8807,27.0713,28.2642,26.6947,27.0286,26.8118,27.3048,28.4853,26.867,27.1305,27.519,27.4861,28.4382,26.1086,27.4369,27.5826,27.209,27.4094,26.9999,27.2371,27.0232,26.8905,27.9557,26.7549,27.115,27.8512,27.4451,28.8242,26.5057,27.0562,27.7658,27.7064,28.0765,26.518,27.2895,27.0671,27.6102,27.8058
87,12:53:15 PM,27.0491,27.203,27.0913,26.9899,27.4481,26.9883,26.5625,27.4748,27.9063,27.9288,27.1437,26.95,27.071,27.489,27.7476,26.9101,27.2633,27.6623,27.4292,27.9062,26.8517,27.4685,27.4779,26.8629,28.0467,26.3764,27.1605,26.8991,27.1873,27.6877,27.4686,26.818,27.8847,27.488,28.2206,26.7555,27.4416,27.5353,27.4374,27.6037,27.1168,27.3888,27.1362,27.7474,28.0724,27.0969,27.5256,27.5857,27.5247,27.8416,26.1214,26.9248,27.9214,27.9767,28.1743,26.7615,27.0874,27.3069,28.0179,27.6192,27.2521,27.3466,27.1331,27.4102,28.0415,26.6758,27.0919,26.4415,27.8442,28.2809,26.883,27.2887,27.406,26.9997,27.4138,27.0581,26.9428,27.3098,27.056,27.6985,27.3459,26.969,27.8197,27.1201,28.3112,26.6868,27.1903,26.9168,27.342,28.4385,26.8425,27.2565,27.6125,27.4584,28.5209,26.1805,27.3966,27.5542,27.2268,27.4492,26.9675,27.2343,26.9493,26.8621,28.0708,26.7567,27.2503,27.8609,27.4692,28.8342,26.4994,27.0936,27.7758,27.704,28.1206,26.5456,27.3761,27.0194,27.572,27.786
88,12:53:35 PM,27.0203,27.1294,27.1964,27.1457,27.4743,26.9756,26.595,27.4939,27.943,27.8865,27.0789,26.8944,27.0756,27.4782,27.746,26.9658,27.2797,27.5377,27.3288,27.7906,26.7894,27.4034,27.5045,26.9318,28.102,26.4573,27.1,26.9201,27.0716,27.7069,27.513,26.8719,27.9386,27.3829,28.1818,26.7409,27.3762,27.5282,27.5697,27.606,27.1625,27.5598,27.0142,27.8029,28.0106,27.1785,27.6264,27.6899,27.4315,27.818,26.1245,26.9878,28.0053,27.9206,28.0745,26.6885,27.1423,27.3281,28.0017,27.6719,27.234,27.3205,27.0773,27.4258,28.1111,26.742,27.1524,26.503,27.8463,28.1849,26.8424,27.2976,27.5377,27.1557,27.3837,26.9423,26.9451,27.4163,27.0549,27.5781,27.3741,27.0149,27.9446,26.9911,28.2954,26.7566,27.145,26.8639,27.2589,28.4238,26.9004,27.1491,27.6247,27.5189,28.5155,26.1608,27.4752,27.5514,27.1527,27.4432,27.0239,27.2572,27.0245,26.9848,27.9838,26.7957,27.167,27.8228,27.3983,28.7992,26.4531,27.1124,27.9098,27.7027,28.1435,26.6324,27.4115,27.1223,27.5906,27.8351
89,12:53:55 PM,26.9755,27.2663,27.1582,27.0516,27.5084,26.9942,26.5702,27.5298,27.9032,27.8369,26.9909,26.9016,27.1697,27.3602,27.7051,26.8931,27.3127,27.6728,27.4341,27.9146,26.8543,27.4315,27.407,26.8494,28.0886,26.4372,27.2908,26.99,27.118,27.6356,27.5226,26.7768,27.8918,27.3049,28.1579,26.7131,27.3495,27.5686,27.4704,27.6085,27.0837,27.2947,27.1034,27.7673,27.9139,27.1116,27.6477,27.6901,27.4538,27.8698,26.1808,26.8574,27.8726,27.881,28.0376,26.7559,27.035,27.2977,27.9534,27.6553,27.1222,27.3342,27.1342,27.376,28.0956,26.7979,27.1985,26.3646,27.715,28.274,26.7978,27.2541,27.5139,27.1694,27.2879,26.9889,26.8505,27.381,27.035,27.6883,27.3535,26.9631,27.8412,27.0329,28.2462,26.7247,27.0627,26.9872,27.238,28.4455,26.8486,27.2707,27.6383,27.4435,28.562,26.1854,27.3535,27.4816,27.1887,27.393,26.9556,27.237,27.0149,26.8927,28.0386,26.7995,27.034,27.8018,27.3963,28.7534,26.4948,27.2004,27.8817,27.6412,28.1862,26.606,27.3475,27.1857,27.7269,27.7853
90,12:54:15 PM,27.0718,27.272,27.2174,26.9569,27.6485,26.9991,26.6435,27.4639,28.0438,27.881,27.0979,26.9643,27.0652,27.593,27.6936,26.9092,27.2712,27.5105,27.3725,27.9111,26.8762,27.4523,27.4024,26.8357,28.0611,26.5372,27.2729,26.9769,27.0456,27.6518,27.5717,26.7811,27.9541,27.4568,28.2528,26.816,27.4107,27.5322,27.5752,27.6122,27.0336,27.445,27.1682,27.763,28.0288,27.1078,27.6087,27.6164,27.4724,27.8612,26.0639,26.817,27.8519,28.0526,28.214,26.7521,27.0288,27.3456,27.9066,27.6335,27.2163,27.4471,27.1253,27.4153,28.1841,26.8449,27.0732,26.4364,27.7837,28.1892,26.7538,27.3076,27.5331,27.0051,27.3664,26.9596,26.8844,27.2972,27.072,27.7172,27.3489,26.9105,27.8004,27.0126,28.2559,26.7812,27.1727,26.9355,27.1994,28.5354,26.8243,27.2752,27.6137,27.495,28.4805,26.2433,27.4584,27.5275,27.2445,27.3437,27.0269,27.275,26.9992,26.9546,28.0253,26.6698,27.1832,27.8049,27.4304,28.7824,26.6141,27.0173,27.8267,27.6994,28.1653,26.4563,27.4315,27.0187,27.6165,27.7665
91,12:54:35 PM,27.0618,27.3475,27.1801,27.0045,27.5166,27.048,26.6966,27.5678,27.9145,27.9017,27.0323,26.9521,27.0973,27.4522,27.7298,26.9354,27.2838,27.5568,27.4044,27.9038,26.9486,27.4041,27.4214,26.8591,28.0312,26.4151,27.2053,26.9375,27.2003,27.7001,27.4695,26.8476,27.8589,27.4462,28.2321,26.7917,27.4419,27.6109,27.5953,27.6706,27.1159,27.3883,27.0469,27.7814,27.9239,27.0815,27.7104,27.5941,27.4122,27.7599,26.1154,26.8979,27.7967,28.0416,28.1547,26.6237,27.1629,27.3147,27.8767,27.6028,27.1141,27.4637,27.1637,27.395,28.0187,26.8231,27.1558,26.4262,27.8017,28.2953,26.9108,27.3736,27.4767,27.1256,27.3147,27.0805,26.876,27.4829,27.0887,27.6792,27.3975,27.0152,27.8692,27.0912,28.2349,26.7043,27.0931,26.851,27.1074,28.6018,26.842,27.1917,27.621,27.4051,28.5147,26.0712,27.4965,27.5936,27.2122,27.3577,26.9048,27.2687,27.0085,26.9539,27.9659,26.8075,27.1836,27.814,27.4203,28.7701,26.4969,27.1162,27.8947,27.7985,28.2193,26.7092,27.357,27.0547,27.5211,27.9067
92,12:54:55 PM,27.096,27.2332,27.2629,27.0819,27.5461,27.153,26.5641,27.5023,27.9218,27.8573,27.1261,26.9582,27.1356,27.5357,27.6434,26.9615,27.284,27.6129,27.4272,27.9289,26.8851,27.5551,27.3938,26.896,28.1266,26.4851,27.2344,26.895,27.1536,27.7386,27.4803,26.8743,27.8681,27.3175,28.2156,26.7014,27.2811,27.6288,27.5536,27.6731,27.1036,27.4264,27.1284,27.7981,27.9855,27.1694,27.68,27.6357,27.4458,27.8609,26.0663,26.9763,27.8442,28.0492,28.1803,26.8334,27.142,27.3785,27.8856,27.7602,27.1766,27.3079,27.1201,27.3901,28.0625,26.8239,27.149,26.4816,27.7734,28.2077,26.8941,27.26,27.528,27.1191,27.4209,26.9346,26.839,27.3481,27.1848,27.5925,27.4065,26.9851,27.8479,27.0512,28.3063,26.6964,27.1569,26.8915,27.2492,28.5549,26.9013,27.3653,27.6166,27.5093,28.5375,26.1417,27.4834,27.5225,27.244,27.379,26.9304,27.2527,27.0327,26.9427,28.0682,26.8105,27.2388,27.9166,27.5693,28.8122,26.5182,27.0302,27.871,27.6913,28.1732,26.498,27.3952,27.0749,27.5801,27.8745
93,12:55:15 PM,27.0008,27.2404,27.1482,27.1199,27.5531,27.0068,26.6984,27.4369,27.9022,27.8508,27.0898,27.0258,27.0603,27.4719,27.7272,26.8611,27.4175,27.6188,27.3337,27.9263,26.8957,27.5192,27.4836,26.8537,27.9878,26.4369,27.2333,26.9054,27.1223,27.5748,27.4282,26.8557,27.9146,27.3821,28.2504,26.7903,27.4351,27.65,27.4708,27.5815,27.1105,27.4373,27.0913,27.8966,27.9981,27.1113,27.6534,27.7027,27.4907,27.8899,26.1995,26.7276,27.8016,28.066,28.1155,26.7794,27.0544,27.2932,27.9035,27.6256,27.2076,27.3044,27.1152,27.3619,28.0585,26.7633,27.1091,26.484,27.7932,28.231,26.8428,27.2428,27.5312,27.2189,27.4362,27.0596,26.9536,27.4113,27.15,27.6964,27.3051,26.8804,27.8632,27.0323,28.3546,26.7558,27.1889,26.9189,27.2035,28.4725,26.9601,27.1282,27.6203,27.4956,28.5235,26.1161,27.4359,27.6361,27.3044,27.3879,26.8359,27.3143,27.0304,26.9083,28.0655,26.7389,27.152,27.8521,27.4511,28.7739,26.5115,27.1104,27.7896,27.6879,28.1911,26.55,27.4095,27.0587,27.5731,27.9776
94,12:55:35 PM,27.0252,27.2401,27.1513,26.9456,27.5564,27.0311,26.6238,27.4834,28.0429,28.027,26.8968,27.0282,27.11,27.5727,27.6226,26.9733,27.3868,27.6514,27.3912,27.9108,26.9246,27.4059,27.4543,26.8867,28.0985,26.3664,27.2898,26.963,27.0753,27.6319,27.4131,26.8312,27.8564,27.42,28.1974,26.7365,27.3859,27.606,27.5047,27.5952,27.0282,27.3845,27.104,27.8072,27.9988,27.2167,27.6372,27.7937,27.5401,27.8144,26.056,26.7838,27.7458,28.238,28.1467,26.6849,27.0819,27.3799,27.8511,27.6708,27.1314,27.3201,27.1087,27.357,28.0401,26.737,27.1948,26.5092,27.7513,28.2667,26.8296,27.222,27.5372,27.112,27.3558,27.0179,26.8667,27.3662,27.1651,27.6913,27.3263,27.0835,27.8465,27.0512,28.2806,26.6948,27.1619,27.083,27.2648,28.5084,26.9037,27.1445,27.6509,27.3705,28.4563,26.2622,27.3912,27.6295,27.2215,27.4402,26.9673,27.1916,27.1067,26.846,28.0819,26.7403,27.1516,27.8475,27.5765,28.8287,26.5158,27.0612,27.8499,27.7412,28.2313,26.5081,27.2801,27.1026,27.6038,27.957
95,12:55:55 PM,27.0312,27.3046,27.1696,26.9253,27.5591,27.058,26.5757,27.4962,27.9751,27.8616,27.003,27.0623,27.0183,27.5369,27.7038,27.0022,27.4044,27.6372,27.4198,27.9243,26.8274,27.4076,27.5106,26.9245,28.1201,26.4129,27.2014,26.8907,27.1054,27.6645,27.5015,26.8522,27.9938,27.4461,28.1846,26.7251,27.4286,27.6186,27.5867,27.5773,27.1043,27.2976,27.1536,27.826,27.9836,27.2141,27.6282,27.7321,27.4467,27.8879,26.1364,26.6746,27.7867,28.0863,28.0217,26.7472,27.0325,27.2894,27.9466,27.5786,27.1218,27.3403,27.0647,27.3438,28.1268,26.7951,27.2329,26.5437,27.7988,28.2983,26.8706,27.3079,27.4402,27.2069,27.2717,26.9456,26.8923,27.3498,27.1464,27.6612,27.32,27.0194,27.918,27.1218,28.2567,26.6772,27.0449,26.9366,27.2041,28.4725,26.8781,27.2149,27.6474,27.4428,28.442,26.1774,27.4343,27.6263,27.3698,27.4042,27.0185,27.2779,27.0533,27.0199,28.025,26.798,27.202,27.8595,27.4967,28.7859,26.5666,27.1186,27.8698,27.7588,28.2364,26.5818,27.4201,26.9955,27.5535,27.9491
96,12:56:15 PM,26.9857,27.2364,27.1634,27.1357,27.5111,27.0703,26.6506,27.5031,27.9197,27.9188,27.1195,26.9444,27.1795,27.4964,27.661,26.964,27.3989,27.6203,27.3778,27.8708,26.8717,27.4592,27.5554,26.892,28.0734,26.485,27.266,26.9267,27.1822,27.6327,27.4608,26.9046,27.9176,27.4217,28.2166,26.7141,27.3969,27.5371,27.6124,27.6571,27.0565,27.4748,27.0744,27.8452,27.9523,27.1969,27.6378,27.7745,27.4437,27.8599,26.1973,26.772,27.7109,28.275,28.1228,26.6457,27.0441,27.3004,27.9187,27.6372,27.1522,27.3195,27.1306,27.3949,28.1253,26.8403,27.1895,26.5304,27.7671,28.2895,26.8101,27.3434,27.6082,27.178,27.3608,26.9839,26.8534,27.4084,27.0937,27.6433,27.4377,26.9663,27.9721,26.909,28.3324,26.723,27.1513,26.9411,27.2754,28.4701,26.9039,27.2056,27.6267,27.4363,28.504,26.148,27.4357,27.6215,27.2592,27.4101,27.0317,27.2793,26.9892,26.925,28.0225,26.8126,27.1508,27.9048,27.562,28.8015,26.6241,27.0154,27.7694,27.7006,28.1697,26.6034,27.407,26.9438,27.5908,27.9493
97,12:56:35 PM,27.0868,27.2645,27.2129,27.0523,27.6378,27.0731,26.7399,27.6023,28.0237,27.9148,27.0818,26.9824,27.1538,27.5163,27.6608,27.0922,27.3909,27.6476,27.4135,27.9212,27.018,27.5069,27.5469,26.9521,28.115,26.4289,27.289,26.9819,27.1081,27.6226,27.567,26.9256,27.8927,27.4138,28.2282,26.7274,27.3582,27.687,27.5001,27.6142,27.1385,27.5597,27.1317,27.771,28.0411,27.1893,27.5079,27.8386,27.5008,27.9312,26.0554,26.75,27.6686,28.1715,28.188,26.6667,27.004,27.3696,27.8975,27.712,27.1011,27.3408,27.1546,27.3351,28.1213,26.7502,27.1304,26.4806,27.8399,28.3053,26.8007,27.2352,27.501,27.1454,27.3272,26.9872,26.8777,27.349,27.182,27.6942,27.3963,26.9815,27.86,27.0017,28.3959,26.6693,27.1942,26.8823,27.3215,28.4626,26.8439,27.2202,27.656,27.4396,28.5176,26.2069,27.4656,27.6993,27.3704,27.411,26.9259,27.2769,27.1065,27.046,28.0046,26.7748,27.1528,27.845,27.5306,28.8786,26.5835,27.0944,27.9041,27.7551,28.2745,26.5344,27.3786,27.0852,27.6331,27.8944
98,12:56:55 PM,27.05,27.3018,27.087,26.9806,27.6468,27.1041,26.6967,27.521,27.966,27.8921,27.003,27.0249,27.0979,27.6072,27.7802,26.923,27.443,27.6257,27.4329,27.9552,26.8616,27.489,27.5217,26.943,28.1394,26.3392,27.2994,27.0067,27.1572,27.6984,27.4319,26.8558,27.9284,27.3506,28.2147,26.78,27.4522,27.6762,27.6197,27.74,27.0927,27.4151,27.2258,27.7356,27.9689,27.1281,27.5416,27.7914,27.4865,27.8659,26.1496,26.7466,27.6554,28.3314,28.0903,26.7932,27.0852,27.3434,27.8159,27.6468,27.1108,27.3477,27.1387,27.3317,28.0632,26.7556,27.0774,26.5489,27.8685,28.2646,26.7842,27.2564,27.4087,27.1935,27.3735,27.0451,27.026,27.3462,27.1076,27.6315,27.4036,27.0422,27.8791,26.8458,28.4137,26.6444,27.1387,26.9689,27.2531,28.5018,26.8201,27.2582,27.6505,27.4492,28.5219,26.1487,27.4623,27.66,27.2803,27.4017,26.9779,27.3077,27.0406,26.933,28.15,26.8301,27.1986,27.9953,27.518,28.8543,26.536,27.0334,27.8736,27.8048,28.2084,26.5927,27.241,27.0167,27.5607,27.9462
99,12:57:15 PM,27.0466,27.2807,27.1208,27.0414,27.4742,26.9279,26.6604,27.525,27.9744,27.9647,27.0318,27.0224,27.099,27.5551,27.7665,26.941,27.3376,27.5867,27.4079,27.929,26.9382,27.3559,27.3934,26.9611,28.0441,26.4372,27.1291,26.953,27.2613,27.7347,27.5104,27.0073,27.8705,27.2922,28.2713,26.7672,27.3822,27.6402,27.5966,27.6332,27.0805,27.4767,27.0872,27.8209,28.0502,27.1279,27.5753,27.7371,27.4764,27.9034,26.0723,26.804,27.6656,28.3401,28.1568,26.6616,27.0917,27.2689,27.8965,27.6343,27.2233,27.2896,27.127,27.3903,28.0712,26.8287,27.1721,26.421,27.8535,28.2747,26.8092,27.2669,27.4966,27.1436,27.3132,26.9908,26.8827,27.3549,27.1271,27.7092,27.4728,26.9973,27.9701,27.0321,28.412,26.6613,27.178,27.0128,27.2056,28.4152,26.8408,27.1599,27.669,27.4222,28.4455,26.1898,27.5117,27.6866,27.3252,27.4262,26.953,27.313,27.1466,27.026,28.0345,26.7993,27.2104,27.8785,27.5279,28.8385,26.6049,27.0264,27.9542,27.7666,28.2033,26.5654,27.3608,27.0607,27.6924,27.8757
100,12:57:35 PM,27.0155,27.232,27.1234,26.8863,27.5104,26.9219,26.644,27.4717,27.9513,27.9732,26.9529,27.0538,27.0987,27.5306,27.7012,26.9426,27.3507,27.5987,27.4091,27.9935,26.9339,27.343,27.5097,26.9963,28.0488,26.3872,27.2301,26.9378,27.1412,27.5684,27.4464,26.9834,27.9513,27.5364,28.2769,26.7453,27.3354,27.5753,27.5689,27.6882,27.0364,27.5182,27.1587,27.9156,27.9264,27.2159,27.596,27.7128,27.5809,27.8732,26.2355,26.653,27.6011,28.3595,28.2089,26.7095,27.1355,27.3818,27.8729,27.6697,27.183,27.3441,27.1785,27.3653,28.0505,26.829,27.1637,26.3784,27.9675,28.1824,26.8393,27.2325,27.5094,27.1946,27.4028,27.0434,26.9058,27.2998,27.1478,27.7664,27.4325,26.991,27.9349,27.0535,28.3263,26.6971,27.1676,26.9249,27.1883,28.4677,26.8338,27.1434,27.5329,27.5074,28.4737,26.1174,27.4896,27.6871,27.2986,27.4739,27.0439,27.2643,27.0361,26.9762,27.9382,26.7733,27.1712,27.8808,27.4723,28.752,26.463,27.0949,27.9398,27.8146,28.1854,26.6228,27.3108,27.1791,27.6581,27.9537
101,12:57:55 PM,26.9622,27.2622,27.2337,27.0238,27.5533,27.0259,26.5721,27.5698,27.9292,27.9162,27.0494,27.0151,27.1692,27.5244,27.7164,26.9679,27.3958,27.7002,27.4801,27.9418,26.8323,27.5043,27.5644,26.9999,28.0635,26.4719,27.1953,26.8934,27.1078,27.6662,27.4567,26.9278,27.9398,27.3418,28.1846,26.771,27.391,27.5747,27.5258,27.5645,27.1657,27.3341,27.1783,27.9061,28.0025,27.2159,27.5844,27.7479,27.4144,27.9659,26.0453,26.6854,27.5257,28.4117,28.1819,26.6451,27.0692,27.3427,27.9915,27.6349,27.1338,27.445,27.1079,27.379,28.0471,26.7606,27.1615,26.5416,27.8793,28.3391,26.9162,27.2914,27.4831,27.3312,27.2698,27.0251,26.9751,27.4212,27.2685,27.8194,27.4119,27.0066,27.9529,26.9985,28.2797,26.7067,27.0433,26.9779,27.2679,28.5112,26.9873,27.1801,27.6788,27.4828,28.4313,26.0754,27.4276,27.665,27.3332,27.5559,26.9687,27.2308,27.0083,27.0326,27.9386,26.7856,27.197,27.8357,27.5566,28.7826,26.5428,27.0594,27.9668,27.9403,28.2259,26.6051,27.3052,27.0579,27.6519,28.0535
102,12:58:15 PM,27.0138,27.2857,27.2625,27.0458,27.5471,27.0926,26.5745,27.54,27.9855,27.8789,27.1513,27.107,27.1417,27.4563,27.7003,26.946,27.2869,27.5407,27.4216,27.995,26.9199,27.3058,27.3297,27.0356,28.141,26.5373,27.2667,27.01,27.1918,27.7035,27.5526,26.8906,27.9745,27.4084,28.3683,26.8447,27.4199,27.6099,27.5429,27.6401,27.1182,27.4304,27.0916,27.7634,27.9472,27.2295,27.6135,27.7167,27.4144,27.8588,26.0425,26.7963,27.6417,28.5912,28.2186,26.7216,27.134,27.217,27.8238,27.7162,27.1176,27.3471,27.1422,27.2986,28.0787,26.7094,27.1235,26.4739,27.8745,28.2779,26.8267,27.2978,27.4796,27.2074,27.3086,27.0227,26.931,27.3162,27.1001,27.691,27.4633,26.9469,27.9254,27.0352,28.3475,26.603,27.2068,26.9646,27.2522,28.6362,26.9671,27.2588,27.575,27.4187,28.5113,26.1809,27.4399,27.715,27.3331,27.5825,27.036,27.308,27.0133,26.9822,28.0455,26.7658,27.1116,27.8477,27.5257,28.8102,26.5148,27.0781,27.8309,27.7504,28.2383,26.5777,27.3606,27.0965,27.6183,27.7979
103,12:58:35 PM,27.001,27.1752,27.1811,27.0738,27.6039,26.9465,26.5005,27.5117,27.9508,28.0251,27.0905,27.01,27.0735,27.5449,27.7469,26.9015,27.506,27.7149,27.4137,27.9807,26.8988,27.3319,27.5203,26.9926,28.1381,26.4758,27.1175,27.0347,27.1002,27.6933,27.4621,26.9449,27.8712,27.373,28.1694,26.7842,27.3425,27.6482,27.6483,27.6516,27.1131,27.3635,27.048,27.8684,27.9593,27.156,27.4686,27.8156,27.3833,27.8239,26.0719,26.7684,27.6492,28.521,28.2584,26.7163,27.1044,27.2879,27.8834,27.7,27.1345,27.3542,27.2086,27.3454,28.1524,26.6918,27.1288,26.586,27.8313,28.2657,26.8525,27.2894,27.5308,27.1899,27.3584,26.9485,26.9095,27.3744,27.0579,27.6526,27.3515,26.9845,27.8804,26.9367,28.3395,26.7943,27.1273,26.9353,27.1894,28.556,26.9739,27.2512,27.7111,27.4953,28.6142,26.0991,27.5315,27.7325,27.3878,27.4874,27.0029,27.3593,27.0355,26.9883,28.0112,26.7733,27.0295,27.8881,27.5351,28.8276,26.515,27.0907,27.8894,27.713,28.1893,26.6064,27.2604,27.0697,27.6543,27.9559
104,12:58:55 PM,26.9898,27.2487,27.186,26.9961,27.5539,26.8936,26.7047,27.4418,28.0844,27.9572,27.1491,27.0367,27.082,27.5773,27.7224,26.9525,27.3718,27.6249,27.3711,28.0426,26.916,27.3779,27.4785,26.9818,28.0304,26.5235,27.1253,27.1212,27.268,27.7018,27.4906,26.8468,27.8526,27.4314,28.386,26.8369,27.3891,27.6276,27.5791,27.5784,27.0888,27.3926,27.0051,27.7575,28.0033,27.1693,27.6122,27.7961,27.5586,27.8662,26.0645,26.7071,27.5485,28.5685,28.275,26.7192,27.1932,27.2932,27.9075,27.7328,27.1204,27.3008,27.1336,27.4615,28.1807,26.7899,27.1617,26.5395,27.8372,28.3788,26.909,27.3744,27.5369,27.1341,27.3475,26.994,26.858,27.3672,27.1525,27.6878,27.3817,26.973,27.8548,27.0361,28.3168,26.703,27.0989,26.9839,27.2152,28.5593,26.8236,27.2021,27.6798,27.4571,28.5327,26.1794,27.4009,27.6571,27.284,27.5626,26.9794,27.2689,27.0213,26.9225,28.0834,26.7659,27.1729,27.9089,27.4382,28.8593,26.5926,27.0886,27.8571,27.8431,28.1966,26.6358,27.3728,27.0023,27.7049,27.9238
105,12:59:15 PM,27.0126,27.194,27.211,27.0455,27.708,27.0634,26.6049,27.6298,27.9246,28.0579,27.1006,26.9917,27.1516,27.6365,27.7967,26.9658,27.3831,27.6128,27.462,28.0746,26.8638,27.2919,27.4497,26.9577,28.1636,26.4221,27.347,27.0083,27.2333,27.7662,27.4754,26.8083,27.8755,27.4032,28.2713,26.7789,27.3699,27.5307,27.6476,27.6271,27.0353,27.5028,27.073,27.882,28.1084,27.1383,27.5897,27.7369,27.5203,27.8383,26.1496,26.7058,27.6457,28.6022,28.2594,26.7148,27.1545,27.271,27.8407,27.7487,27.2224,27.3434,27.1647,27.293,28.1529,26.7254,27.0922,26.5177,27.9245,28.166,26.8653,27.307,27.4769,27.259,27.4249,27.0041,26.9113,27.3667,27.1646,27.7602,27.4489,26.9481,27.8922,27.146,28.4142,26.6478,27.1115,26.8867,27.273,28.4911,26.9608,27.1801,27.657,27.5227,28.4048,26.1885,27.4184,27.6837,27.3256,27.4516,26.9188,27.2334,27.0111,27.0194,28.0469,26.7989,27.1097,27.8694,27.5692,28.8624,26.6178,27.0858,27.9505,27.8475,28.1384,26.5447,27.4337,26.9562,27.6759,27.8792
106,12:59:35 PM,27.0517,27.3145,27.2615,26.9984,27.6515,27.0503,26.6016,27.4884,28.057,27.855,27.0851,27.0008,27.0897,27.4762,27.734,27.0317,27.4236,27.6918,27.4372,28.0714,26.8265,27.4474,27.5318,26.967,28.1575,26.4737,27.2703,27.0059,27.1855,27.6954,27.6136,26.8058,27.9188,27.3985,28.2957,26.8676,27.3332,27.6226,27.5977,27.6907,27.0921,27.4372,27.009,27.8724,28.0837,27.2241,27.5855,27.7715,27.438,27.8094,26.2233,26.6597,27.5156,28.5554,28.2477,26.7686,27.1479,27.3951,27.9842,27.6831,27.154,27.3982,27.1645,27.4755,28.0699,26.8351,27.2151,26.4624,27.8504,28.3122,26.9508,27.2185,27.4668,27.2427,27.3027,27.0273,26.9009,27.3789,27.1259,27.7255,27.2949,27.0095,27.9233,27.0175,28.4056,26.7047,27.2213,26.8966,27.3235,28.597,26.8584,27.2114,27.595,27.4471,28.5474,26.0356,27.4378,27.6556,27.3121,27.5139,26.896,27.3347,27.0347,27.024,28.0569,26.8404,27.1818,28.0655,27.5065,28.8486,26.5014,27.0276,27.949,27.8789,28.1672,26.6991,27.4028,27.0328,27.7539,27.955
107,12:59:55 PM,27.1106,27.1521,27.1493,27.057,27.5873,26.9757,26.5673,27.5124,27.978,27.9691,27.1283,27.0304,27.121,27.5059,27.7215,27.0875,27.3875,27.7063,27.4844,27.9198,26.8545,27.4044,27.5694,26.9235,28.1865,26.3972,27.2326,26.9386,27.136,27.7691,27.4919,26.7916,28.0035,27.2687,28.3192,26.8108,27.3236,27.5738,27.5689,27.6276,27.1023,27.4638,27.0718,27.7758,28.0903,27.0898,27.6471,27.7458,27.4914,27.9215,26.1796,26.7605,27.5512,28.6484,28.3124,26.6508,27.1038,27.2904,27.9626,27.7893,27.2696,27.3835,27.0798,27.3972,28.0984,26.6782,27.099,26.5167,27.8572,28.1877,26.8367,27.2984,27.4608,27.1265,27.3643,27.0223,27.0196,27.3524,27.1153,27.803,27.3733,27.0099,27.8689,27.04,28.3768,26.7088,27.2271,26.9527,27.2623,28.5739,26.9736,27.227,27.5557,27.5955,28.5351,26.1975,27.425,27.7987,27.3481,27.443,26.9459,27.2595,27.1499,26.9887,28.002,26.8171,27.1552,27.8112,27.4688,28.8201,26.5504,27.1823,27.9485,27.8151,28.1691,26.6973,27.4139,27.1144,27.6771,27.8456
108,1:00:15 PM,27.0493,27.2023,27.2318,27.0052,27.6598,26.9829,26.5652,27.5581,27.9968,28.0759,27.0542,27.0526,27.1224,27.5314,27.7493,27.0311,27.3419,27.6825,27.4134,28.0868,26.8829,27.346,27.5321,26.9621,28.1225,26.4422,27.2568,26.9101,27.1605,27.6795,27.5522,26.8636,28.042,27.382,28.346,26.7698,27.3029,27.5979,27.6216,27.606,27.1475,27.438,27.1891,27.9315,28.0566,27.0636,27.5568,27.7379,27.497,27.744,26.1518,26.667,27.6901,28.6461,28.3428,26.6326,27.0244,27.3354,27.8405,27.6531,27.1644,27.3976,27.1667,27.3832,28.0014,26.8667,27.1647,26.4813,27.8651,28.3275,26.8289,27.2792,27.4991,27.2764,27.4099,27.1164,26.8692,27.4001,27.0875,27.7252,27.4512,27.0724,27.9412,26.9995,28.3537,26.6935,27.172,26.925,27.2422,28.5586,26.9492,27.2237,27.6951,27.5187,28.5117,26.1678,27.3829,27.6218,27.3043,27.5555,26.9339,27.2821,27.0386,27.0449,28.0604,26.6414,27.1871,27.9153,27.4854,28.7981,26.5105,27.0726,27.8509,27.7744,28.2263,26.6366,27.3531,27.0292,27.7106,27.9989
109,1:00:35 PM,27.0503,27.2535,27.2768,27.034,27.6606,27.003,26.5896,27.4699,28.0316,27.9816,27.0265,27.0276,27.1362,27.5907,27.7566,26.9375,27.3658,27.6709,27.3469,28.1339,26.9588,27.4282,27.4717,26.9824,28.1166,26.4112,27.2308,27.0015,27.1705,27.7107,27.5319,26.8536,27.938,27.4383,28.3228,26.7912,27.4376,27.6611,27.7038,27.731,27.1037,27.3646,27.099,27.9498,28.0603,27.0808,27.5858,27.7624,27.384,27.8461,26.1241,26.7234,27.5988,28.7085,28.3425,26.6622,27.0748,27.34,27.8598,27.5967,27.1324,27.2954,27.1117,27.3907,28.0945,26.7678,27.1377,26.4952,27.9029,28.2779,26.8162,27.2708,27.5358,27.2017,27.455,27.028,26.9777,27.387,27.1666,27.7332,27.427,26.9302,27.959,27.0141,28.3501,26.7616,27.1192,26.7893,27.2324,28.5434,26.854,27.1284,27.696,27.4607,28.4198,26.1016,27.4795,27.6856,27.2919,27.4728,26.8819,27.2274,27.1584,27.003,28.0626,26.7247,27.1456,27.9309,27.5006,28.9234,26.6025,27.0601,27.809,27.8226,28.1684,26.581,27.3916,26.9971,27.7048,27.9567
110,1:00:55 PM,27.0493,27.3359,27.2538,27.0164,27.6001,27.0427,26.5307,27.4817,27.9776,28.0035,27.0956,26.9877,27.1791,27.5657,27.7734,26.942,27.2772,27.6971,27.3608,28.0229,26.991,27.4634,27.4549,26.9269,28.2102,26.3933,27.2632,27.1262,27.1869,27.6558,27.543,26.8386,27.9224,27.4274,28.3135,26.7177,27.3404,27.6445,27.5461,27.561,27.0717,27.434,27.0302,27.8606,28.1228,27.0639,27.5981,27.7264,27.4863,27.8048,26.1031,26.615,27.5607,28.7508,28.3398,26.6339,27.1599,27.3634,27.9878,27.7666,27.2061,27.2969,27.162,27.4721,28.0776,26.7358,27.1886,26.4632,27.9265,28.1758,26.9409,27.2883,27.565,27.2212,27.4617,27.0406,26.9308,27.3261,27.2593,27.7499,27.4447,27.025,27.9668,27.0879,28.2662,26.8233,27.2936,26.8995,27.2554,28.5784,26.9912,27.126,27.546,27.4987,28.5508,26.0605,27.3581,27.7759,27.36,27.4593,27.0029,27.2605,27.1157,27.0405,27.9934,26.8212,27.1518,27.8333,27.4343,28.9008,26.6259,27.0601,27.8378,27.806,28.1182,26.7011,27.312,26.9759,27.6066,27.8882
111,1:01:15 PM,26.953,27.2315,27.2341,27.0946,27.5648,27.0093,26.6831,27.4462,28.052,28.0143,27.1089,27.0603,27.0652,27.5739,27.7633,26.9723,27.328,27.5454,27.4748,28.0771,26.9734,27.3513,27.494,26.9497,28.1764,26.524,27.19,27.0694,27.2318,27.7549,27.5169,26.84,27.9127,27.3406,28.4125,26.7657,27.1773,27.6655,27.6324,27.6618,27.0147,27.4785,27.0651,27.8717,28.1066,27.2546,27.5346,27.8438,27.4264,27.891,26.144,26.6784,27.5834,28.6576,28.3645,26.7075,27.0715,27.3992,27.9563,27.7663,27.0748,27.4057,27.1117,27.2953,28.1931,26.7472,27.1733,26.5022,27.9337,28.3606,26.897,27.27,27.4852,27.1579,27.4103,27.0003,26.9365,27.3612,27.2501,27.8231,27.3331,27.0654,27.986,27.0575,28.3981,26.6738,27.1423,26.832,27.3425,28.481,26.973,27.1932,27.7063,27.4498,28.573,26.1389,27.4956,27.69,27.3549,27.4699,26.9567,27.2805,27.0554,26.9808,27.9924,26.742,27.2201,27.857,27.4369,28.892,26.6749,27.0778,27.8799,27.8856,28.1514,26.6271,27.2566,27.0396,27.658,27.8294
112,1:01:35 PM,27.052,27.2152,27.2865,27.1206,27.6363,27.066,26.5195,27.5853,27.8778,27.9797,27.024,26.8713,27.0446,27.5749,27.8403,27.0776,27.3675,27.6207,27.4176,27.9953,26.9361,27.3464,27.5423,26.9445,28.2804,26.367,27.2282,27.0717,27.1475,27.7345,27.5534,26.8631,27.9761,27.3251,28.3726,26.7997,27.3881,27.6217,27.6194,27.6121,27.1119,27.4364,27.1048,27.9358,28.0807,27.2307,27.4817,27.7206,27.5289,27.7902,26.1249,26.7682,27.6377,28.729,28.4022,26.7,27.0159,27.3639,27.8714,27.6595,27.1674,27.3974,27.1715,27.4908,28.1232,26.7233,27.1835,26.4951,27.8836,28.2637,26.774,27.3011,27.5767,27.1461,27.4045,27.0207,26.8838,27.455,27.1819,27.6879,27.4005,27.0291,27.9266,27.0248,28.4169,26.6976,27.1315,26.9472,27.2789,28.6172,26.8677,27.2522,27.6712,27.4515,28.4913,26.1396,27.4758,27.5745,27.4005,27.5671,26.957,27.2688,27.0939,27.0291,28.1279,26.844,27.1404,28.0007,27.4349,28.7863,26.6127,27.0436,27.808,27.8671,28.2392,26.5026,27.3083,27.1276,27.6485,27.8746
113,1:01:55 PM,27.0327,27.3133,27.0776,27.0533,27.6666,26.8823,26.5207,27.5095,27.9497,27.987,26.9882,26.9196,27.1104,27.5118,27.8577,26.9526,27.3736,27.5887,27.4554,27.9672,26.8229,27.4656,27.4667,26.98,28.1887,26.5386,27.2324,27.0282,27.2558,27.7569,27.5816,26.9343,28.0428,27.4199,28.2873,26.8185,27.3855,27.6767,27.5247,27.6102,27.083,27.4471,27.1181,27.789,28.1452,27.1263,27.5153,27.7792,27.4235,27.9405,26.147,26.6382,27.5079,28.6958,28.3724,26.7331,27.091,27.4233,27.91,27.7588,27.1035,27.3455,27.155,27.4431,28.1076,26.8446,27.102,26.5525,27.9139,28.3631,26.9286,27.3919,27.5237,27.1697,27.4405,26.9941,26.8513,27.4895,27.1398,27.7636,27.4539,26.9505,27.932,26.9991,28.315,26.6949,27.1794,26.9815,27.2868,28.4843,26.9085,27.1492,27.6403,27.5026,28.4883,26.1895,27.4263,27.7122,27.3462,27.5413,27.025,27.304,27.0656,27.0178,28.1008,26.7015,27.1628,27.8844,27.5314,28.7963,26.6375,27.0716,27.9031,27.7579,28.3124,26.5373,27.3431,27.0543,27.6622,28.0011
114,1:02:15 PM,27.1721,27.1624,27.2697,27.0677,27.6461,26.9977,26.5622,27.7025,27.9477,27.9938,27.0469,27.0255,27.2258,27.6341,27.7653,26.9101,27.4169,27.7036,27.4474,28.0693,26.8644,27.3855,27.4722,26.939,28.1902,26.5296,27.1771,27.0315,27.252,27.7392,27.5123,26.8868,28.0273,27.2654,28.4217,26.7609,27.2892,27.6078,27.5283,27.7101,27.1898,27.3693,27.1886,27.8061,28.1349,27.1855,27.5855,27.7081,27.5039,27.9357,26.0954,26.7328,27.6409,28.718,28.3865,26.6382,27.0009,27.3587,27.8214,27.6804,27.0461,27.3923,27.1564,27.4827,28.1076,26.8196,27.1457,26.5274,27.9163,28.2915,26.8354,27.2663,27.5255,27.1936,27.3918,27.1012,26.8761,27.2998,27.1871,27.7702,27.3987,26.9785,27.9133,26.9449,28.3255,26.6417,27.1481,26.956,27.2092,28.4609,26.7766,27.2338,27.5851,27.6338,28.5133,26.1493,27.4178,27.6223,27.3414,27.5142,26.9013,27.2971,27.1305,27.0889,28.0347,26.8054,27.0932,28.0191,27.5795,28.8463,26.5153,27.035,27.8676,27.8036,28.2612,26.5901,27.3336,27.0775,27.6445,28.0143
115,1:02:35 PM,27.0475,27.133,27.2075,27.0052,27.5722,26.9887,26.6642,27.5295,27.9542,28.0098,27.0821,27.004,27.2525,27.6061,27.8216,26.9633,27.3505,27.6351,27.4564,28.0763,26.8999,27.3742,27.6323,26.9601,28.1394,26.4995,27.2819,26.8811,27.1768,27.7765,27.6246,26.8795,28.0097,27.3531,28.4219,26.9179,27.3146,27.6241,27.5791,27.6364,27.1311,27.4438,27.116,27.8078,28.0949,27.2565,27.5686,27.7111,27.5501,27.8397,26.0821,26.6436,27.5379,28.5748,28.3725,26.7133,26.995,27.3324,28.0103,27.72,27.1479,27.2955,27.1593,27.347,28.0951,26.7783,27.2302,26.4742,27.9789,28.3119,26.8082,27.284,27.607,27.2592,27.5839,27.0023,26.9289,27.4328,27.158,27.7287,27.48,27.0761,27.8788,27.0509,28.3858,26.7357,27.25,26.9512,27.3476,28.5077,26.8748,27.119,27.6905,27.5996,28.6449,26.068,27.3662,27.6123,27.3696,27.5266,26.8334,27.2569,27.1412,26.9742,28.0352,26.7367,27.1268,27.9138,27.4613,28.831,26.5328,27.1154,27.7686,27.8688,28.1684,26.5239,27.4539,27.1426,27.7451,27.9115
116,1:02:55 PM,27.063,27.267,27.147,27.061,27.6017,27.0305,26.569,27.5165,28.0083,28.0935,27.0825,27.0245,27.2412,27.563,27.8495,27.0171,27.2744,27.7023,27.4545,28.1061,26.8635,27.4503,27.5509,26.9689,28.1561,26.4272,27.2042,27.054,27.1674,27.7829,27.6378,26.8587,28.0248,27.4921,28.3395,26.7773,27.3246,27.6253,27.6372,27.6679,27.1526,27.488,27.1876,27.8675,28.0795,27.2054,27.5812,27.6661,27.5462,27.9392,26.1482,26.6424,27.6101,28.7066,28.484,26.7608,27.0782,27.3467,27.8939,27.7313,27.2003,27.3019,27.1314,27.4315,28.1521,26.7255,27.1341,26.4932,27.8361,28.2331,26.8734,27.311,27.5498,27.2122,27.4885,27.0543,26.9028,27.393,27.1347,27.7699,27.427,26.9685,27.913,27.0487,28.3171,26.7336,27.0957,26.9517,27.3272,28.6119,26.8566,27.197,27.6169,27.5311,28.5399,26.0373,27.4049,27.7207,27.3603,27.5048,26.9345,27.2736,27.1269,26.9975,28.063,26.8291,27.2082,27.9285,27.4996,28.8184,26.5844,27.1033,27.9031,27.7658,28.1872,26.6499,27.3738,26.9172,27.7866,27.9776
117,1:03:15 PM,27.0534,27.1935,27.2601,27.0658,27.6378,27.0087,26.4912,27.5303,28.0305,28.051,26.9748,26.9858,27.1322,27.6513,27.808,27.0096,27.3925,27.679,27.4083,28.0719,26.9274,27.3559,27.5505,26.9866,28.1205,26.3738,27.2511,26.9778,27.2237,27.7094,27.6013,26.7347,27.9952,27.4575,28.4025,26.6906,27.3087,27.6314,27.6501,27.5533,27.0933,27.437,27.1048,27.8486,28.071,27.286,27.5377,27.7609,27.5002,27.9367,26.1382,26.6819,27.5314,28.6453,28.3684,26.7348,27.0931,27.2017,27.9182,27.7296,27.1716,27.2708,27.0982,27.3289,28.0836,26.7629,27.1986,26.4433,27.9171,28.371,26.7721,27.2647,27.5066,27.1639,27.4491,27.1171,26.7796,27.3432,27.1824,27.758,27.384,26.9838,27.8389,26.9783,28.405,26.7391,27.129,26.9551,27.2419,28.5065,26.8741,27.1618,27.5869,27.4597,28.5381,26.1335,27.4702,27.5741,27.3032,27.604,27.0168,27.3457,27.057,26.9691,28.0807,26.7137,27.0894,27.8933,27.4768,28.8433,26.6989,26.9673,27.9242,27.8135,28.1873,26.5775,27.4699,27.038,27.6327,27.9066
118,1:03:35 PM,26.9937,27.1907,27.3114,27.2112,27.6683,27.0799,26.6388,27.5751,28.0769,28.0562,27.1423,27.0306,27.0748,27.6833,27.8463,26.9733,27.4308,27.6099,27.4702,28.0914,26.9278,27.3199,27.4467,26.9834,28.1934,26.455,27.2354,26.9808,27.1795,27.7231,27.5852,26.7393,27.962,27.4242,28.3621,26.8535,27.4248,27.573,27.5413,27.6908,27.1341,27.334,27.0619,27.8374,28.0999,27.1742,27.5234,27.7246,27.5003,27.9799,26.1218,26.7146,27.6561,28.723,28.4316,26.6063,27.0111,27.3051,27.8482,27.7702,27.1604,27.3683,27.1443,27.5001,28.1355,26.7183,27.1479,26.4152,27.883,28.3196,26.8285,27.2577,27.5499,27.1657,27.4332,27.0404,26.811,27.3762,27.2331,27.6981,27.4585,26.9598,27.8967,27.0225,28.3116,26.6154,27.2135,27.0846,27.2503,28.5601,26.9665,27.084,27.5244,27.5226,28.5739,26.1326,27.3659,27.7059,27.1886,27.5628,26.9444,27.2695,27.1034,26.9817,27.9827,26.716,27.1254,27.8426,27.5378,28.7428,26.5694,27.0709,27.9604,27.7528,28.1328,26.548,27.4379,27.0283,27.7494,27.9152
119,1:03:55 PM,27.1103,27.2595,27.2367,27.0219,27.7792,26.9406,26.6099,27.5406,28.04,28.0963,27.0083,26.9474,27.0302,27.6458,27.8669,27.0073,27.405,27.621,27.4315,28.1099,26.9159,27.354,27.4631,26.9716,28.2516,26.5099,27.2926,26.9938,27.2761,27.7535,27.4246,26.9452,27.92,27.4187,28.3848,26.8007,27.3603,27.626,27.6458,27.6332,27.0794,27.5056,27.2071,27.8202,28.1395,27.147,27.5882,27.7903,27.4255,27.863,26.0982,26.651,27.5554,28.8144,28.4088,26.6855,27.0117,27.3169,27.8306,27.7647,27.0257,27.3573,27.199,27.4021,28.1832,26.6289,27.1254,26.537,27.8773,28.3075,26.7882,27.3161,27.4428,27.2765,27.4403,27.0036,26.8563,27.3382,27.1734,27.7609,27.4775,27.0178,27.8488,26.9662,28.3152,26.6124,27.1638,26.9171,27.2982,28.5883,26.8216,27.1562,27.5891,27.5407,28.6029,26.1935,27.4722,27.6255,27.2674,27.6243,26.9321,27.2862,27.0514,26.9728,28.0526,26.7511,27.123,27.8291,27.5232,28.8189,26.6347,27.0906,27.8632,27.8108,28.2052,26.5973,27.3162,27.0435,27.7447,27.8872
120,1:04:15 PM,27.0816,27.2346,27.2912,27.1453,27.6133,27.0417,26.5875,27.5968,27.9892,28.0336,27.0254,27.015,27.1225,27.4502,27.8879,26.8654,27.3392,27.7133,27.4442,28.0927,26.9462,27.4151,27.4968,26.9784,28.1922,26.481,27.1611,26.9944,27.1598,27.805,27.6014,26.8093,27.9618,27.3269,28.4405,26.7954,27.3524,27.7083,27.6058,27.5701,27.0561,27.3601,27.0888,27.8068,28.1718,27.1317,27.5753,27.774,27.4696,27.8583,26.1606,26.6781,27.4867,28.7909,28.3577,26.6642,26.9572,27.3271,27.9024,27.6453,27.1441,27.3128,27.1655,27.3938,28.1022,26.7182,27.1501,26.4613,27.8538,28.321,26.7892,27.2334,27.5008,27.1809,27.5192,27.0023,26.8998,27.3533,27.1791,27.7113,27.4756,26.8736,27.8921,27.0035,28.3706,26.7246,27.1345,26.9813,27.4114,28.5267,26.8835,27.1379,27.5942,27.5423,28.4828,26.1166,27.4601,27.5504,27.3535,27.576,26.9083,27.1768,27.0095,27.1092,27.9565,26.6551,27.1407,27.8633,27.53,28.8489,26.5385,26.9844,27.8229,27.8144,28.2344,26.5225,27.3993,26.9404,27.8261,27.9973
121,1:04:35 PM,27.1006,27.2112,27.3062,27.1315,27.6951,27.0694,26.6097,27.5194,28.0506,28.0288,26.9956,27.0569,27.1491,27.6934,27.7943,26.9788,27.3942,27.6083,27.4637,28.168,26.8518,27.2545,27.4451,26.9429,28.2605,26.4286,27.1513,26.9726,27.2432,27.8763,27.5567,26.79,27.9652,27.3685,28.3316,26.7567,27.4112,27.5772,27.62,27.7507,27.1156,27.4267,27.0384,27.8016,28.0465,27.1981,27.6043,27.7495,27.4801,28.0212,26.1627,26.7266,27.5839,28.7669,28.4851,26.6715,27.0331,27.3299,27.9941,27.6764,27.1444,27.3109,27.1809,27.358,28.1217,26.8129,27.1102,26.4404,27.9381,28.2767,26.8625,27.2329,27.5283,27.1076,27.4439,26.9956,26.8504,27.4332,27.1834,27.7427,27.4733,26.9524,27.9823,27.052,28.3285,26.7537,27.0995,26.9529,27.1725,28.5018,26.9511,27.1761,27.5176,27.5622,28.5837,26.1622,27.3961,27.691,27.4003,27.6185,26.9353,27.3552,27.0932,27.1009,28.0628,26.6862,27.1488,27.9288,27.4497,28.8636,26.5523,27.1143,27.8648,27.7661,28.1637,26.4618,27.4055,27.0477,27.705,27.8895
122,1:04:55 PM,27.0066,27.1626,27.2637,27.0978,27.7725,27.1364,26.6957,27.505,28.0329,28.0319,27.1852,27.0517,27.2112,27.6377,27.7796,27.0188,27.5006,27.6628,27.4669,28.1658,26.9458,27.3381,27.5773,27.0109,28.221,26.5405,27.1589,27.0115,27.2141,27.8006,27.5625,26.8392,27.8886,27.3931,28.4267,26.7945,27.3821,27.5565,27.6209,27.6963,27.142,27.4646,27.2022,27.7975,28.02,27.2311,27.5373,27.6849,27.4937,27.8998,26.2448,26.6269,27.6291,28.7512,28.4755,26.6554,26.9383,27.3626,27.8711,27.7455,27.1938,27.4743,27.144,27.4904,28.1297,26.7574,27.2041,26.5308,27.8033,28.401,26.8124,27.385,27.5771,27.1976,27.5287,27.0165,26.8393,27.5094,27.235,27.7914,27.3662,26.939,27.9602,27.0746,28.3244,26.6417,27.084,26.8819,27.2375,28.6182,26.839,27.2055,27.7168,27.546,28.5804,26.1222,27.4363,27.5218,27.3954,27.6178,26.9035,27.2996,27.01,27.0018,28.1445,26.7921,27.1731,27.9483,27.4945,28.7459,26.5674,27.1095,27.8391,27.8239,28.1607,26.5571,27.3427,27.0081,27.6592,27.9672
123,1:05:15 PM,27.1256,27.2663,27.2759,27.1752,27.8076,27.0043,26.6662,27.4839,28.0807,28.0657,27.0584,27.0837,27.1856,27.6793,27.8259,26.9301,27.3272,27.6023,27.5166,28.2318,26.8454,27.4101,27.575,26.8982,28.2097,26.5646,27.2156,26.988,27.2098,27.848,27.4922,26.8592,27.9473,27.3729,28.4779,26.8568,27.2713,27.5794,27.7072,27.6749,27.0135,27.4721,27.054,27.8138,28.0931,27.2014,27.4783,27.7969,27.4256,27.923,26.2162,26.5779,27.6197,28.7343,28.4837,26.7651,27.0244,27.2611,27.8416,27.6428,27.1173,27.3219,27.1601,27.4656,28.1935,26.7603,27.1015,26.4836,27.9151,28.3345,26.8193,27.2206,27.5494,27.2181,27.5662,27.0849,26.8102,27.4329,27.2406,27.7307,27.5605,27.055,27.8692,27.0446,28.3295,26.7482,27.0823,26.9892,27.2459,28.5943,26.8482,27.2029,27.6241,27.5369,28.5913,25.9925,27.3535,27.6384,27.3093,27.6701,26.91,27.167,27.0695,27.0813,28.0203,26.8239,27.1146,27.8904,27.4873,28.7387,26.5353,27.004,27.9257,27.8537,28.2621,26.496,27.3532,27.0674,27.649,27.9475
124,1:05:35 PM,26.9753,27.2524,27.2283,27.0846,27.6525,27.0531,26.5275,27.46,28.0515,28.0062,26.9899,27.0,27.1583,27.668,27.7717,26.9272,27.2643,27.6267,27.4688,28.2037,26.8528,27.3016,27.4639,26.9535,28.2241,26.4801,27.2896,27.0209,27.2436,27.7131,27.6078,26.8542,27.9135,27.3913,28.4519,26.797,27.3237,27.7681,27.635,27.7668,27.0894,27.3279,27.0744,27.7517,28.1201,27.1673,27.4453,27.727,27.535,27.9808,26.0824,26.6314,27.5486,28.7154,28.4767,26.6885,27.0457,27.2543,27.9082,27.7072,27.1953,27.4215,27.1117,27.4195,28.1391,26.8294,27.1743,26.5149,27.837,28.4649,26.8331,27.3199,27.4753,27.2031,27.4845,27.0571,26.9251,27.4178,27.1492,27.7869,27.5977,26.9923,27.9486,27.0305,28.397,26.7044,27.1969,27.0302,27.3152,28.5799,26.9569,27.0975,27.5604,27.4706,28.5744,26.1537,27.4027,27.5641,27.3124,27.7058,26.9921,27.2265,27.1139,26.9999,28.0648,26.7488,27.2212,28.0043,27.4919,28.8333,26.5994,27.066,27.8977,27.7975,28.1867,26.5428,27.3356,27.1471,27.7801,28.0823
125,1:05:55 PM,27.0891,27.2368,27.2474,27.1072,27.7266,26.9611,26.6649,27.5671,28.0471,28.0523,27.0937,27.0047,27.1194,27.6845,27.8813,26.8901,27.3112,27.6433,27.5258,28.1603,26.9372,27.4263,27.5904,26.9293,28.2689,26.4979,27.2783,26.9415,27.2964,27.9029,27.5155,26.9102,28.0177,27.4673,28.3678,26.707,27.3792,27.6593,27.548,27.7224,27.2188,27.4211,27.0752,27.849,28.2126,27.2565,27.5714,27.6932,27.4665,27.9067,26.1151,26.7065,27.5709,28.8022,28.5197,26.6976,26.9551,27.2531,27.9649,27.5797,27.1147,27.3237,27.1221,27.4676,28.088,26.7955,27.1905,26.4325,27.8798,28.3161,26.8465,27.2557,27.4781,27.1732,27.4943,27.0027,26.8796,27.3955,27.1856,27.735,27.5306,26.9732,27.8708,27.0212,28.4093,26.6473,27.179,27.0773,27.2723,28.5565,26.971,27.2239,27.5786,27.5238,28.5453,26.1103,27.5213,27.6208,27.3609,27.6447,27.0632,27.2349,27.1826,27.0311,28.066,26.7144,27.0413,27.8733,27.5591,28.8138,26.4832,27.0114,27.8263,27.8776,28.1938,26.4845,27.4965,26.9651,27.6941,27.9618
126,1:06:15 PM,27.1565,27.3288,27.1635,27.0872,27.7326,26.9189,26.6013,27.5801,28.003,28.0573,27.0986,26.917,27.1154,27.6592,27.7971,27.0613,27.3852,27.6215,27.5537,28.1171,26.9586,27.4405,27.5031,26.9583,28.258,26.4207,27.0868,27.0052,27.1715,27.8361,27.5971,26.9038,27.9432,27.3752,28.5012,26.6041,27.3237,27.6283,27.6064,27.6616,27.1393,27.4251,27.1184,27.7511,28.1498,27.2088,27.5867,27.7826,27.5878,27.9704,26.0662,26.6046,27.5154,28.6845,28.5285,26.6969,26.969,27.3969,27.8573,27.6907,27.1314,27.301,27.171,27.4067,28.1426,26.8642,27.1529,26.5246,27.9062,28.3342,26.8539,27.2149,27.5069,27.2683,27.5892,27.0019,26.9499,27.3679,27.256,27.7084,27.4526,26.972,27.8733,26.9732,28.3809,26.7216,27.1721,26.9731,27.2279,28.5692,26.866,27.2035,27.5892,27.6247,28.6684,26.1522,27.4727,27.6858,27.3379,27.7063,26.9092,27.3516,27.0713,27.0869,28.0159,26.662,27.1578,27.9336,27.4908,28.7722,26.4703,27.1392,27.875,27.9038,28.1125,26.5379,27.4608,27.0522,27.7568,27.9227
127,1:06:35 PM,26.9924,27.1667,27.2277,27.1348,27.6902,27.0645,26.587,27.5362,27.9915,28.188,27.0307,26.9504,27.1711,27.6702,27.9519,26.9221,27.2537,27.5947,27.5033,28.1549,26.9097,27.3279,27.6166,26.8717,28.2387,26.4591,27.2134,26.9611,27.2166,27.8095,27.628,26.7831,27.982,27.3838,28.4381,26.8058,27.4593,27.6418,27.6569,27.6728,27.1945,27.4782,27.1441,27.8813,28.19,27.1753,27.5561,27.6893,27.5053,28.0269,26.0424,26.7183,27.5883,28.6834,28.4306,26.7228,27.0237,27.2548,27.884,27.6728,27.1802,27.4229,27.066,27.3726,28.1076,26.6488,27.118,26.5152,27.9077,28.3045,26.8024,27.253,27.5404,27.2298,27.5092,27.016,26.7923,27.4144,27.1903,27.772,27.4292,26.9194,27.9824,27.0484,28.324,26.6364,27.1009,26.9572,27.1815,28.6188,26.9183,27.1754,27.6171,27.5488,28.5325,26.1229,27.4219,27.6746,27.1974,27.6512,26.9048,27.3912,27.0516,26.9956,28.0557,26.7911,27.2011,27.874,27.4771,28.728,26.5401,27.008,27.9657,27.8368,28.2735,26.6831,27.3607,26.9508,27.7333,27.9289
128,1:06:55 PM,27.0181,27.1299,27.1763,27.1405,27.6801,27.0452,26.4746,27.6383,28.0198,27.9663,27.0755,26.9681,27.1987,27.6995,27.9195,26.9859,27.3395,27.6653,27.5068,28.1644,26.8871,27.3222,27.5064,27.0013,28.2047,26.5003,27.0351,26.9816,27.1907,27.8247,27.5579,26.8782,27.9143,27.455,28.3867,26.7322,27.3621,27.6334,27.6573,27.6724,27.0771,27.4391,26.9601,27.8145,28.182,27.1376,27.5492,27.6612,27.5679,27.9099,26.2578,26.7502,27.7135,28.8065,28.5739,26.6757,27.0119,27.285,27.9221,27.6522,27.1042,27.3865,27.2383,27.4447,28.1153,26.7077,27.1507,26.5344,27.9533,28.2865,26.7889,27.2705,27.4734,27.1958,27.5245,26.9479,26.8759,27.3681,27.2718,27.7711,27.4292,27.044,27.8533,27.0162,28.4224,26.6143,27.1367,27.0158,27.3017,28.5899,26.9558,27.1246,27.6709,27.5705,28.7053,26.0638,27.4105,27.6442,27.2705,27.5835,26.8989,27.2906,27.1369,26.9561,27.974,26.7102,27.1507,27.8715,27.4664,28.8017,26.5834,27.0074,27.8947,27.749,28.2885,26.4802,27.4447,27.0578,27.7809,27.9951
129,1:07:15 PM,27.0499,27.196,27.3516,27.0678,27.7201,27.1028,26.5566,27.6471,28.03,28.0683,26.9981,27.0398,27.1773,27.6278,27.8612,27.0099,27.3634,27.6072,27.5023,28.1175,26.9113,27.3421,27.5413,27.0007,28.2348,26.516,27.2553,27.0144,27.2499,27.7712,27.652,26.8005,28.0378,27.3557,28.5633,26.7925,27.3348,27.6022,27.6531,27.6675,27.0908,27.5046,27.1473,27.8562,28.1221,27.183,27.5027,27.8503,27.5568,27.9645,26.2133,26.7864,27.6201,28.7717,28.4736,26.7314,27.0166,27.3247,27.9411,27.7067,27.1924,27.3445,27.0875,27.544,28.1483,26.8089,27.0922,26.4756,27.9916,28.4136,26.9055,27.1914,27.6074,27.193,27.5653,26.9972,26.8962,27.4838,27.2416,27.7203,27.4928,26.9787,27.8312,27.0544,28.3868,26.8141,27.1616,27.0817,27.2613,28.5374,26.8702,27.1578,27.6076,27.6289,28.6533,26.0985,27.4122,27.6932,27.2856,27.6333,27.0264,27.324,27.1098,27.0337,28.0155,26.6844,27.1117,27.9469,27.6042,28.8831,26.5343,27.0709,27.8704,27.815,28.2302,26.5511,27.3496,27.0881,27.6502,28.0596
130,1:07:35 PM,27.0257,27.2267,27.2102,27.0241,27.5776,26.9625,26.5117,27.5636,28.0538,28.1993,27.0169,26.9552,27.1118,27.5218,27.9294,27.0388,27.4084,27.5999,27.5239,28.1772,26.9047,27.477,27.5846,26.9889,28.3455,26.4318,27.2565,26.8786,27.2138,27.7966,27.545,26.8053,27.8728,27.3622,28.4003,26.7495,27.3013,27.6046,27.5944,27.6444,27.1694,27.4367,27.0807,27.8322,28.25,27.2006,27.4878,27.7462,27.6201,27.9331,26.1277,26.8232,27.7197,28.7584,28.515,26.6744,27.0398,27.256,27.9778,27.9228,27.0921,27.4111,27.2649,27.5152,28.1394,26.7826,27.1382,26.518,28.0283,28.4315,26.6713,27.2955,27.5464,27.2188,27.5082,27.0138,26.904,27.3988,27.3214,27.8647,27.5178,27.0411,27.895,27.0345,28.4405,26.7405,27.2346,26.9164,27.221,28.7115,26.9454,27.2889,27.6584,27.4697,28.7075,26.1395,27.4035,27.6541,27.2608,27.6456,26.9726,27.3381,27.1162,26.9587,28.0859,26.7578,27.1657,27.9141,27.455,28.853,26.6726,27.1656,27.857,27.8561,28.2535,26.5664,27.4258,27.0638,27.7225,28.0552
131,1:07:55 PM,26.9744,27.2311,27.2114,27.0698,27.7133,27.0508,26.5948,27.4769,28.0699,28.1016,26.9272,27.0043,27.186,27.5713,27.8042,26.938,27.3871,27.602,27.4638,28.0729,26.8129,27.446,27.5535,27.0267,28.2988,26.4644,27.1935,26.9684,27.1657,27.9393,27.6111,26.771,27.9617,27.366,28.4952,26.7371,27.4025,27.6325,27.5515,27.6388,27.1434,27.4196,27.0865,27.8262,28.1504,27.1441,27.6029,27.6931,27.5351,27.968,26.1914,26.7625,27.687,28.6996,28.4947,26.7628,26.9455,27.2584,27.9723,27.8011,27.174,27.4692,27.1173,27.4671,28.0412,26.7548,27.1115,26.4553,27.9189,28.3576,26.8549,27.2867,27.5301,27.2112,27.5232,27.1668,26.9143,27.3792,27.2107,27.8806,27.4319,26.9452,27.8685,27.0751,28.3235,26.6845,27.1972,27.0078,27.2338,28.6485,26.8698,27.2195,27.6046,27.6438,28.673,26.1579,27.3663,27.6397,27.2662,27.6422,26.9121,27.2146,27.0361,27.0061,28.1083,26.6906,27.0874,27.894,27.5487,28.8448,26.554,27.1582,27.8972,27.7934,28.2747,26.5627,27.3814,27.0907,27.7563,27.938
132,1:08:15 PM,27.0551,27.1992,27.255,27.036,27.7077,27.1143,26.6141,27.5306,28.0388,28.144,26.965,26.9753,27.1634,27.6357,28.0122,26.9223,27.3646,27.6448,27.5195,28.1341,26.803,27.3733,27.5336,26.9873,28.1746,26.4533,27.1935,27.028,27.1876,27.7806,27.502,26.7348,27.8826,27.4068,28.3841,26.7367,27.3175,27.5866,27.6493,27.737,27.0976,27.423,27.1791,27.9028,28.2511,27.1151,27.5558,27.7036,27.4741,28.0635,26.2262,26.6746,27.8947,28.8393,28.4909,26.735,27.0732,27.3595,27.9525,27.8041,27.1419,27.3116,27.118,27.4726,28.1655,26.7432,27.1158,26.643,27.9897,28.4043,26.8279,27.2616,27.5196,27.1582,27.5567,27.088,26.8353,27.5402,27.2603,27.8311,27.4592,26.9739,27.8937,27.0296,28.4463,26.672,27.1697,27.0649,27.2529,28.5711,26.8222,27.241,27.6711,27.5614,28.7128,26.1732,27.4515,27.6488,27.3082,27.6336,26.915,27.2512,27.1575,27.0171,28.0591,26.7494,27.0978,27.8645,27.4321,28.8238,26.5395,26.9994,27.9835,27.8433,28.2839,26.5471,27.3569,27.0338,27.7554,28.0144
133,1:08:35 PM,27.0205,27.2471,27.2458,27.0996,27.7062,27.0601,26.4789,27.5667,28.055,28.1231,27.1398,26.9848,27.1104,27.5972,27.8565,26.9724,27.2352,27.7079,27.508,28.1662,26.8944,27.3548,27.5191,26.9622,28.1418,26.474,27.2127,26.9077,27.3271,27.7956,27.6312,26.8228,27.9371,27.4066,28.438,26.746,27.37,27.6116,27.558,27.6988,27.044,27.5056,27.1201,27.7992,28.1773,27.154,27.5688,27.7355,27.4912,28.0681,26.063,26.6095,27.8875,28.7217,28.5135,26.7236,27.0244,27.2987,27.9294,27.9056,27.1597,27.3855,27.1467,27.45,28.0397,26.7872,27.1878,26.5637,28.0036,28.4591,26.855,27.3052,27.4697,27.2187,27.6016,26.9658,26.8443,27.4816,27.2508,27.8118,27.5232,26.9274,27.8376,27.0083,28.3623,26.6698,27.1131,26.9649,27.2631,28.6549,26.8865,27.1469,27.6746,27.5785,28.6696,26.1567,27.4898,27.6052,27.2992,27.6033,27.006,27.2494,27.0042,27.0263,28.1417,26.7399,27.1902,27.9524,27.5226,28.8522,26.4883,26.9828,27.8464,27.7963,28.257,26.5289,27.3056,26.9157,27.7791,27.9059
134,1:08:55 PM,27.0749,27.152,27.2968,27.1448,27.8033,27.038,26.5852,27.5554,28.0481,28.0763,27.124,26.9912,27.1172,27.5534,27.88,27.0279,27.3894,27.7311,27.4593,28.1337,26.8763,27.3612,27.5259,27.0602,28.2442,26.5115,27.1721,27.0623,27.2672,27.8187,27.6332,26.7789,27.9865,27.4068,28.4079,26.8285,27.3034,27.6595,27.6446,27.6849,27.1712,27.3632,27.1267,27.7806,28.1667,27.1928,27.5086,27.8386,27.6242,28.0132,26.1842,26.76,27.9505,28.6902,28.5353,26.756,27.0006,27.4023,28.016,28.0092,26.9967,27.3204,27.1347,27.5047,28.0818,26.7782,27.1956,26.5997,27.8892,28.4165,26.8223,27.2818,27.5365,27.1726,27.5482,26.9523,26.8505,27.357,27.2607,27.8969,27.4479,26.9759,27.9302,27.0084,28.3366,26.6836,27.201,26.9382,27.2294,28.5628,26.8668,27.181,27.6029,27.4986,28.7193,26.2128,27.4177,27.6816,27.3643,27.5928,26.9501,27.358,27.121,27.0359,28.1255,26.7632,27.1827,27.9623,27.4399,28.8367,26.5825,27.0756,27.9792,27.8516,28.237,26.5237,27.3365,27.1358,27.6524,27.9695
135,1:09:15 PM,27.015,27.315,27.1943,27.0661,27.6836,27.0454,26.6297,27.5594,28.0247,28.006,27.0549,26.9614,27.1857,27.5359,27.7912,26.9462,27.3622,27.6244,27.5317,28.1378,26.8936,27.4108,27.4764,27.103,28.2985,26.4007,27.2305,27.0609,27.2594,27.786,27.6146,26.8744,27.9753,27.383,28.3616,26.8195,27.3731,27.5889,27.6458,27.6382,27.2364,27.4597,27.0771,27.8392,28.1224,27.2424,27.5162,27.6622,27.4697,28.0243,26.1246,26.7165,27.8649,28.5291,28.5046,26.7311,26.9372,27.263,28.0053,28.007,27.1055,27.2904,27.1265,27.4813,28.2187,26.6659,27.1879,26.5048,27.9784,28.4226,26.8657,27.34,27.5508,27.2538,27.6034,26.9733,26.7961,27.3835,27.2509,27.8349,27.4699,27.0481,28.0115,26.9786,28.4082,26.7108,27.161,27.0319,27.2301,28.6291,26.8442,27.1356,27.57,27.5496,28.7189,26.1827,27.4615,27.6572,27.4171,27.6393,26.9537,27.3716,27.1737,27.0255,28.1873,26.696,27.1758,27.9407,27.5237,28.8907,26.5913,26.9719,27.8962,27.8413,28.2547,26.6554,27.3962,26.994,27.7307,27.9059
136,1:09:35 PM,27.1505,27.2396,27.2533,27.1007,27.6972,26.9711,26.595,27.564,28.0079,28.1284,27.1394,26.9865,27.1522,27.5804,27.9092,26.9265,27.3704,27.7682,27.4961,28.1412,26.9465,27.3708,27.5333,27.0374,28.2342,26.4766,27.1936,26.9684,27.2235,27.8467,27.5449,26.8065,27.974,27.3664,28.431,26.7155,27.3229,27.7723,27.5653,27.6898,27.0285,27.3829,27.1586,27.8232,28.1935,27.1273,27.5853,27.697,27.4955,28.0303,26.1795,26.7298,27.9824,28.6054,28.4611,26.7665,27.0245,27.3271,27.9073,27.8763,27.1507,27.2965,27.1592,27.464,28.1752,26.7805,27.1585,26.4881,27.8262,28.4176,26.8413,27.2326,27.543,27.1545,27.5493,27.102,26.9166,27.4179,27.2853,27.8178,27.5149,27.0016,27.9472,27.0344,28.2678,26.7398,27.0897,26.9107,27.4001,28.5467,26.855,27.1711,27.5934,27.4586,28.7325,26.1832,27.4242,27.6934,27.3729,27.6923,26.8493,27.3791,27.1149,27.0497,28.0719,26.7839,27.1068,27.9777,27.5433,28.9329,26.5628,27.1389,27.976,27.8502,28.2486,26.5564,27.3633,27.1211,27.7351,27.9858
137,1:09:55 PM,27.0176,27.2797,27.173,27.1027,27.8169,27.0975,26.6058,27.5708,27.9664,28.0793,27.032,26.8991,27.2377,27.6578,27.8283,26.8885,27.2661,27.6036,27.47,28.0798,26.8819,27.4022,27.4577,26.9597,28.3045,26.4917,27.2491,26.9028,27.2399,27.9053,27.5211,26.8633,27.975,27.4329,28.419,26.7348,27.3363,27.6701,27.5918,27.6259,27.1821,27.3958,27.2062,27.8996,28.2963,27.1941,27.6134,27.8216,27.5636,27.9764,26.3072,26.9149,27.9598,28.6726,28.4393,26.7183,27.0748,27.3696,28.135,27.9675,27.2275,27.428,27.1726,27.4743,28.1651,26.7328,27.2312,26.5184,27.9429,28.3843,26.7456,27.2719,27.6116,27.2131,27.5505,26.9814,26.7366,27.4193,27.1971,27.8882,27.517,27.0102,27.9085,27.0356,28.3868,26.6733,27.1186,27.0402,27.2981,28.6821,26.8819,27.2824,27.4498,27.5396,28.6409,26.1848,27.4525,27.6327,27.2946,27.568,26.9924,27.2886,27.0773,27.0875,28.0365,26.6878,27.2681,27.9023,27.4944,28.9128,26.5564,27.1092,27.8396,27.8767,28.2641,26.5073,27.3534,27.084,27.8099,27.9411
138,1:10:15 PM,27.0565,27.2606,27.1776,27.1452,27.6757,27.0187,26.6178,27.5649,28.0194,28.0781,27.0623,26.9989,27.1889,27.6964,27.8911,26.9091,27.3296,27.7149,27.47,28.2068,26.9217,27.4726,27.4362,27.0997,28.2632,26.4605,27.1931,27.0045,27.2172,27.8233,27.5716,26.9012,27.8831,27.3893,28.4558,26.8296,27.3346,27.5763,27.5812,27.7119,27.096,27.4853,27.0089,27.9174,28.2043,27.1577,27.5872,27.7538,27.5367,28.0292,26.2309,26.7487,28.2508,28.4426,28.4217,26.7045,27.0439,27.3651,28.0727,27.9045,27.1695,27.271,27.1328,27.3679,28.135,26.8108,27.1339,26.5372,28.0152,28.4362,26.757,27.3429,27.5463,27.223,27.5483,27.1221,26.7762,27.3749,27.1924,27.8881,27.5046,26.9873,27.9346,26.9473,28.3741,26.6703,27.2009,27.0543,27.2572,28.7045,26.8962,27.1885,27.6212,27.5489,28.6576,26.1438,27.3913,27.678,27.2912,27.7195,26.9997,27.2819,27.0443,27.0512,28.0795,26.8452,27.264,27.9166,27.5361,28.8503,26.5631,27.1209,27.9554,27.8378,28.2153,26.6353,27.453,27.0412,27.8738,27.9883
139,1:10:35 PM,27.1057,27.2623,27.213,26.9905,27.6898,27.0855,26.6246,27.6071,28.0708,28.0932,27.0659,26.9834,27.1396,27.6632,27.8572,27.0132,27.2913,27.6246,27.5021,28.0972,26.9085,27.3201,27.5287,26.9965,28.252,26.4712,27.1545,26.9319,27.2787,27.7851,27.6467,26.7387,27.9393,27.4433,28.3956,26.8471,27.4207,27.5034,27.5654,27.7573,27.0978,27.3961,27.1447,27.8187,28.1971,27.1738,27.6817,27.8012,27.6052,27.9525,26.1566,27.0411,28.0396,28.4191,28.467,26.7122,27.0566,27.2707,28.1296,27.8898,27.1275,27.3764,27.2015,27.4317,28.154,26.7785,27.2097,26.5261,27.9207,28.5102,26.8048,27.3087,27.5769,27.3195,27.5962,27.0638,26.7904,27.471,27.1384,27.736,27.4109,27.0723,27.8927,26.974,28.4504,26.6917,27.2165,26.9548,27.2845,28.6641,26.9445,27.1867,27.5254,27.5184,28.6774,26.1793,27.425,27.6778,27.3597,27.7019,27.0156,27.2618,27.0839,27.063,28.1897,26.8463,27.2507,27.982,27.5306,28.9216,26.5793,27.1638,27.9994,27.9298,28.3278,26.5675,27.4156,27.0374,27.807,28.058
140,1:10:55 PM,27.0182,27.2827,27.2387,27.0725,27.71,26.9707,26.5788,27.6125,28.019,28.2054,27.0642,26.9777,27.1634,27.6703,27.8228,26.9649,27.2636,27.6171,27.5436,28.164,27.0067,27.4698,27.5893,27.0427,28.298,26.4652,27.1282,26.8744,27.2462,27.8684,27.5895,26.8177,27.985,27.368,28.5269,26.8389,27.356,27.593,27.5195,27.8284,27.1577,27.4516,27.1827,27.9116,28.1503,27.2622,27.5803,27.7653,27.4899,27.9693,26.2466,27.138,28.2055,28.4489,28.4546,26.7339,27.0735,27.3624,28.0634,28.0119,27.2106,27.3261,27.2388,27.4085,28.2086,26.8902,27.2071,26.6263,27.9254,28.3909,26.8919,27.1791,27.5527,27.3078,27.641,27.0397,26.9519,27.4298,27.1957,27.7827,27.4065,26.965,27.9106,26.9605,28.3897,26.8754,27.0356,27.0592,27.285,28.6354,26.9596,27.2482,27.575,27.5896,28.6768,26.2091,27.4537,27.5437,27.2592,27.6566,27.0474,27.3071,27.2221,26.9608,28.0388,26.7571,27.2437,28.0019,27.4936,28.9229,26.6458,27.1562,27.9864,27.9224,28.368,26.5595,27.3994,27.0302,27.7664,27.9433
141,1:11:15 PM,27.06,27.2454,27.1806,27.1058,27.7478,26.97,26.5265,27.5511,28.0412,28.2384,27.0471,27.0081,27.1532,27.6134,27.8458,26.9419,27.3368,27.6158,27.5382,28.1342,26.8922,27.4624,27.5586,27.0988,28.2336,26.46,27.123,26.9328,27.1863,27.851,27.5135,26.8518,27.9871,27.4052,28.4293,26.7369,27.3623,27.6541,27.5642,27.6416,27.0616,27.4158,27.1527,27.8229,28.2132,27.1929,27.6733,27.8872,27.5535,28.0129,26.0607,26.8468,28.0282,28.4631,28.3857,26.8042,27.0576,27.3914,28.0732,27.8934,27.1213,27.456,27.0673,27.389,28.1731,26.7514,27.1562,26.4905,27.8961,28.4568,26.8859,27.1995,27.54,27.2538,27.5907,26.9889,26.8906,27.4258,27.1832,27.8372,27.4276,27.0228,27.9276,27.116,28.3383,26.7654,27.1853,27.0277,27.2363,28.5811,26.9235,27.2128,27.6373,27.5061,28.7054,26.2105,27.513,27.5881,27.2793,27.5331,27.0864,27.359,27.085,27.0216,28.1314,26.8219,27.2107,27.954,27.5523,28.9793,26.5784,27.0985,27.8797,27.8747,28.2332,26.608,27.4001,27.085,27.7531,27.9715
142,1:11:35 PM,27.1274,27.3022,27.192,27.1628,27.7277,27.1216,26.5708,27.6602,28.0775,28.129,27.1211,27.0523,27.1233,27.5303,27.8974,26.9349,27.3291,27.649,27.5115,28.0831,27.0224,27.3903,27.5218,26.9894,28.2458,26.5029,27.3116,26.9715,27.2676,27.9039,27.5349,26.8957,27.974,27.4627,28.4256,26.8588,27.3684,27.637,27.5546,27.7494,27.12,27.341,27.1087,27.8853,28.1669,27.147,27.6198,27.7179,27.5475,27.9642,26.2069,26.8683,28.21,28.5177,28.4904,26.8351,27.019,27.378,28.0807,27.8881,27.2568,27.3675,27.2704,27.4795,28.118,26.7256,27.1941,26.5127,28.0084,28.426,26.8196,27.3267,27.6104,27.2001,27.5364,27.1421,26.8974,27.3956,27.2362,27.8693,27.4325,27.0405,27.9253,27.1178,28.3428,26.7677,27.1266,27.0654,27.1692,28.5971,26.9167,27.2587,27.5903,27.4315,28.6391,26.2692,27.4461,27.6235,27.2763,27.5433,26.9157,27.3524,27.1352,27.0312,28.0374,26.8857,27.2135,27.9927,27.5391,29.0037,26.698,27.1751,27.9051,27.8765,28.2302,26.7073,27.4297,27.0711,27.7277,28.0395
143,1:11:55 PM,26.9829,27.3302,27.1239,27.0782,27.6527,27.0448,26.6524,27.5401,28.0802,28.0946,27.0688,27.0395,27.0966,27.5947,27.822,26.9724,27.5164,27.6743,27.5238,28.1354,26.9167,27.5041,27.6135,27.0727,28.2937,26.524,27.238,26.9382,27.1219,27.8311,27.6419,26.9405,28.0199,27.4674,28.3331,26.7429,27.4799,27.6255,27.6306,27.639,27.0562,27.494,27.0664,27.8198,28.1783,27.2594,27.6331,27.8091,27.5032,27.9536,26.2242,27.1438,28.0097,28.2134,28.4368,26.8107,27.0967,27.338,28.0881,27.889,27.1959,27.3667,27.2163,27.4049,28.1358,26.6596,27.2199,26.5716,27.8476,28.3875,26.7463,27.3937,27.5129,27.2434,27.6393,27.1062,26.9288,27.3687,27.297,27.7497,27.4751,26.9903,27.9116,27.1443,28.265,26.7191,27.2138,26.9636,27.2551,28.6082,27.0251,27.206,27.5959,27.5199,28.6763,26.1515,27.5033,27.6624,27.2408,27.6578,26.9305,27.3343,27.0708,27.1266,28.0662,26.8286,27.3802,27.8982,27.5756,28.967,26.5292,27.1957,27.8747,27.8248,28.225,26.5538,27.4523,27.0155,27.7895,27.9728
144,1:12:15 PM,27.0661,27.2636,27.1987,27.0022,27.6873,27.1484,26.5966,27.4907,27.985,28.0452,27.1204,27.0639,27.1784,27.5935,27.8128,26.9573,27.3666,27.6911,27.5574,28.0762,26.8858,27.3973,27.4959,27.0413,28.2586,26.3964,27.2579,26.894,27.2756,27.8408,27.6098,26.8998,27.9881,27.5047,28.3393,26.8129,27.4463,27.5886,27.5296,27.6536,27.1556,27.4864,27.2607,27.8756,28.175,27.2322,27.6656,27.8702,27.6008,27.9817,26.2331,26.8575,27.9896,28.2982,28.462,26.8527,27.0815,27.4955,28.1372,27.8095,27.1554,27.4698,27.1901,27.5066,28.158,26.7509,27.2191,26.4636,27.9154,28.4617,26.8885,27.3114,27.5993,27.3438,27.5233,27.1239,26.9372,27.394,27.2759,27.8353,27.4569,27.0464,27.8507,27.1702,28.5094,26.8262,27.2274,27.0273,27.2663,28.5682,26.9458,27.2517,27.6663,27.5879,28.6977,26.2716,27.4281,27.7219,27.3937,27.6169,27.1395,27.2646,27.0973,26.9006,28.0511,26.7857,27.2141,27.905,27.4551,28.8821,26.6191,27.0952,27.8628,27.871,28.2457,26.5832,27.4254,26.9899,27.7391,27.9315
145,1:12:35 PM,27.0734,27.2964,27.1647,27.1307,27.6685,27.0705,26.637,27.6017,28.0813,28.1124,27.1417,27.0606,27.1855,27.5479,27.872,26.9592,27.4565,27.5953,27.4863,28.1613,26.8588,27.4387,27.4303,26.9945,28.3524,26.5291,27.3252,26.9761,27.1831,27.8463,27.5188,26.8713,27.9935,27.4522,28.3873,26.8578,27.4531,27.5908,27.6433,27.6536,27.246,27.3985,27.0973,27.8806,28.0695,27.155,27.6089,27.7763,27.5523,28.0746,26.1724,26.835,27.8401,28.1738,28.3191,26.8381,27.0498,27.3939,28.0768,27.8203,27.2499,27.4397,27.149,27.5198,28.1981,26.8193,27.199,26.5409,27.9771,28.4559,26.8829,27.3802,27.6197,27.2423,27.6711,27.0653,26.862,27.373,27.2867,27.7539,27.4563,27.0415,28.0246,27.1111,28.2627,26.7964,27.147,27.0082,27.2762,28.5658,26.9457,27.2408,27.6255,27.6471,28.5659,26.1781,27.5095,27.6873,27.3497,27.6967,26.9656,27.4011,27.031,27.0501,28.0342,26.8293,27.2235,27.9684,27.5333,28.8438,26.5871,27.1411,27.9566,27.8755,28.354,26.5835,27.4403,27.1515,27.7129,27.9709
146,1:12:55 PM,27.0908,27.2552,27.258,27.0666,27.69,26.9698,26.6388,27.5479,28.0977,28.1619,27.1096,27.0055,27.1795,27.5817,27.9639,27.0502,27.3133,27.6029,27.438,28.0074,26.8378,27.4186,27.3989,26.9194,28.268,26.4957,27.2179,26.896,27.2501,27.8539,27.5029,26.9005,27.9643,27.5111,28.3633,26.7296,27.3316,27.6217,27.55,27.7171,27.1235,27.459,27.2185,27.8265,28.1503,27.1517,27.6261,27.7574,27.5502,28.0951,26.2169,26.8752,27.9537,28.1514,28.3276,26.7684,27.1437,27.4167,28.0447,27.9114,27.2256,27.4236,27.186,27.4651,28.1827,26.8396,27.1634,26.55,27.9508,28.446,26.888,27.3519,27.6765,27.2562,27.5212,27.1122,26.9313,27.3647,27.2524,27.8104,27.4514,27.0458,27.9587,27.0789,28.3583,26.728,27.2128,26.9568,27.1901,28.5365,26.9841,27.2142,27.6997,27.5979,28.7075,26.1514,27.6009,27.6912,27.3483,27.5733,26.9804,27.3196,27.1084,27.0286,28.1033,26.7374,27.24,27.9437,27.5203,28.8641,26.6039,27.112,27.9124,27.8792,28.2297,26.6622,27.3844,27.158,27.7254,27.993
147,1:13:15 PM,27.0179,27.3434,27.2477,27.0433,27.7273,27.1203,26.6447,27.6127,27.9858,28.0689,27.0416,27.0087,27.2373,27.6095,27.8624,27.0775,27.3653,27.6149,27.5586,28.0364,26.892,27.4271,27.4574,26.9823,28.2732,26.5981,27.2246,26.95,27.1952,27.8137,27.5543,26.888,27.9308,27.4746,28.3496,26.9278,27.3615,27.5755,27.4978,27.6564,27.1346,27.4036,27.1124,27.8123,28.0868,27.2344,27.5857,27.8307,27.4968,27.991,26.2387,26.8455,27.9022,28.0245,28.3129,26.8138,27.0273,27.4255,28.0606,27.7364,27.223,27.4362,27.2224,27.4379,28.0866,26.753,27.1248,26.5646,27.9943,28.4991,26.8303,27.3659,27.5705,27.2591,27.4792,27.1516,26.9934,27.4815,27.2406,27.7253,27.4111,27.0371,27.8907,27.0745,28.4089,26.7595,27.2593,26.973,27.3742,28.516,26.8604,27.3106,27.6799,27.5646,28.7323,26.2027,27.4582,27.7212,27.3131,27.5283,27.0802,27.3089,27.0845,27.037,28.1428,26.8666,27.2175,28.0097,27.4811,28.8409,26.5763,27.111,27.9357,27.8953,28.2677,26.546,27.3512,27.0455,27.6854,28.0225
148,1:13:35 PM,27.0137,27.2376,27.1667,27.0716,27.7268,27.0462,26.7123,27.4765,28.013,27.9584,27.0225,27.0474,27.1368,27.6187,27.7701,26.918,27.3966,27.6551,27.4632,28.0078,26.8976,27.4189,27.567,26.9844,28.2354,26.4586,27.2656,27.0138,27.255,27.8143,27.4905,26.8119,27.9912,27.4592,28.3044,26.8834,27.473,27.6219,27.5513,27.6627,27.1459,27.5305,27.2338,27.9191,28.1531,27.2372,27.6936,27.8452,27.5384,28.0453,26.0786,26.9107,27.8924,28.0348,28.4407,26.7176,27.1212,27.3753,28.0342,27.7875,27.1793,27.3417,27.3082,27.5132,28.2189,26.7718,27.1865,26.5589,27.9668,28.4948,26.9369,27.3931,27.462,27.2073,27.5499,27.1064,26.996,27.468,27.189,27.651,27.4347,27.0065,27.935,27.039,28.448,26.7127,27.2565,27.0185,27.3544,28.4677,26.9236,27.3441,27.6614,27.4877,28.5759,26.227,27.4278,27.7442,27.4279,27.4847,27.0131,27.3441,27.1667,26.9361,28.1125,26.8835,27.2389,27.9346,27.5529,28.9633,26.6285,27.1413,27.9207,27.8522,28.2308,26.6279,27.3815,26.9801,27.6164,27.8872
149,1:13:55 PM,27.0984,27.3592,27.2141,27.0874,27.5995,27.1106,26.598,27.6642,28.1137,28.1158,27.0976,27.0605,27.2389,27.5633,27.784,27.0086,27.3464,27.6439,27.4525,27.9874,26.9613,27.4858,27.4857,26.8925,28.2604,26.4595,27.2774,26.924,27.2838,27.7346,27.5642,26.865,28.0438,27.4208,28.3365,26.8606,27.355,27.7084,27.5231,27.6524,27.2075,27.5634,27.1156,27.859,28.0969,27.2103,27.6636,27.755,27.4883,27.9694,26.1728,26.8099,27.8843,27.9985,28.2751,26.7911,27.1294,27.3295,28.1321,27.7386,27.2383,27.433,27.2873,27.4831,28.1045,26.8018,27.1252,26.6422,27.8918,28.3921,26.834,27.3949,27.4638,27.1921,27.4891,27.0189,26.9555,27.3793,27.1512,27.6518,27.5671,26.9588,27.8747,27.041,28.4413,26.744,27.1545,26.921,27.2516,28.5575,26.8854,27.277,27.5742,27.6169,28.6796,26.2278,27.5233,27.614,27.3791,27.552,27.0265,27.2653,27.0512,27.0121,28.0741,26.8273,27.2352,28.0217,27.4736,28.9156,26.6273,27.1932,27.8401,27.8497,28.1495,26.5313,27.4323,27.1043,27.6181,28.0033
150,1:14:15 PM,27.0735,27.2645,27.1893,27.0713,27.7241,27.0738,26.5451,27.6219,28.0372,28.114,27.0816,27.0895,27.1075,27.4645,27.7864,26.9582,27.3707,27.6043,27.3909,28.1098,26.9152,27.5057,27.5492,26.9564,28.1904,26.5039,27.3629,26.9259,27.33,27.7878,27.6945,26.8965,27.9961,27.5025,28.3065,26.7689,27.4178,27.6032,27.506,27.6264,27.1785,27.5364,27.0512,27.9322,28.0929,27.2917,27.7017,27.8682,27.5938,27.8943,26.1526,26.8587,27.8312,27.9338,28.3493,26.7227,27.0796,27.4014,28.0252,27.8036,27.3043,27.386,27.1012,27.5155,28.1714,26.8289,27.2226,26.4987,27.964,28.3993,26.9007,27.3932,27.5226,27.2093,27.5121,27.0819,26.9359,27.4853,27.1711,27.6906,27.4832,27.0486,27.9456,27.0556,28.349,26.776,27.261,26.9163,27.2336,28.5563,26.8868,27.1686,27.641,27.5165,28.616,26.2672,27.4956,27.7102,27.2335,27.514,27.0947,27.2701,27.0712,27.0914,27.9864,26.8302,27.244,27.9629,27.5364,28.8981,26.6964,27.1852,27.8506,27.8927,28.2272,26.663,27.4693,27.0854,27.7124,27.9801
151,1:14:35 PM,27.0897,27.1999,27.2353,26.9912,27.6946,26.9914,26.6679,27.5206,27.9333,27.9854,27.0945,27.0914,27.1017,27.5429,27.7597,26.9882,27.3769,27.6726,27.498,28.061,26.9509,27.4658,27.6083,26.973,28.2206,26.5361,27.3519,27.0045,27.1778,27.8643,27.4897,26.8934,27.9426,27.4274,28.2466,26.8301,27.3603,27.6668,27.6836,27.6128,27.2042,27.5434,27.1181,27.8544,28.0715,27.2093,27.6571,27.7976,27.6036,27.958,26.2145,26.7619,27.767,27.9584,28.308,26.7746,27.1575,27.3267,28.0352,27.6953,27.2022,27.4139,27.1489,27.383,28.0722,26.857,27.0972,26.4959,27.8496,28.3072,26.8991,27.317,27.6284,27.2179,27.4834,27.0927,26.9702,27.4443,27.2145,27.7053,27.4521,26.9864,27.9693,27.0559,28.3745,26.6791,27.2302,26.9116,27.2105,28.5242,26.9594,27.25,27.5743,27.5175,28.5558,26.1851,27.5107,27.6603,27.2805,27.4852,26.9718,27.282,27.153,26.9328,28.0787,26.9064,27.2271,27.9774,27.4611,28.8851,26.6371,27.0635,27.9509,27.8382,28.253,26.6291,27.5335,27.1036,27.5895,27.8654
152,1:14:55 PM,27.0794,27.2778,27.2937,27.1424,27.7474,27.0839,26.6464,27.5227,27.9705,28.0771,27.0894,27.0047,27.0718,27.5728,27.8335,27.0161,27.3801,27.7685,27.392,28.0371,27.0031,27.401,27.4708,26.9914,28.1568,26.4104,27.3009,26.9383,27.2877,27.8525,27.5304,26.8242,27.9973,27.4649,28.3079,26.858,27.3653,27.6706,27.5452,27.5171,27.1167,27.4532,27.0027,27.9332,28.1642,27.26,27.702,27.8056,27.621,27.9575,26.2655,26.8226,27.7447,27.895,28.256,26.7098,27.0731,27.3992,28.0288,27.7198,27.1884,27.4201,27.1784,27.4393,28.2626,26.7805,27.2013,26.5734,27.8188,28.4666,26.9128,27.3402,27.6768,27.2367,27.4212,27.1342,26.9593,27.3711,27.2933,27.7411,27.3714,27.0256,27.9838,26.9881,28.3294,26.7462,27.1806,26.9321,27.2444,28.4968,26.9747,27.2803,27.5987,27.5157,28.6444,26.2868,27.558,27.6396,27.2774,27.5056,26.9879,27.2563,27.0904,27.0217,28.084,26.9083,27.2449,27.9306,27.5591,28.9052,26.575,27.1219,27.9288,27.791,28.3232,26.6855,27.4531,27.1149,27.6222,27.9601
153,1:15:15 PM,27.0457,27.2374,27.144,27.1537,27.6965,27.1855,26.6433,27.679,28.0391,28.0832,27.2193,27.0267,27.1411,27.6168,27.7842,26.9898,27.4845,27.6262,27.4391,27.9859,26.9307,27.4892,27.5501,26.8609,28.247,26.4654,27.3374,26.9682,27.2591,27.774,27.6116,26.8219,27.9462,27.4622,28.1971,26.7774,27.4976,27.5848,27.6785,27.6418,27.1775,27.509,27.2096,27.8158,28.0733,27.2928,27.5944,27.8609,27.5538,27.9824,26.1586,26.7804,27.7446,27.9064,28.252,26.8365,27.0755,27.3576,27.8637,27.7258,27.2855,27.3333,27.2419,27.4378,28.1825,26.7728,27.1721,26.5473,27.8892,28.379,26.8458,27.3737,27.5294,27.2583,27.4645,27.0899,26.8641,27.3547,27.1862,27.7259,27.3961,26.9994,27.9606,27.0122,28.2734,26.6684,27.2073,26.9918,27.2088,28.4845,27.0045,27.1859,27.4816,27.4179,28.6954,26.2972,27.4589,27.6424,27.1945,27.4914,27.0578,27.3031,27.0853,26.9543,28.0384,26.8544,27.1595,27.9359,27.4922,28.8578,26.5306,27.1316,27.8877,27.8399,28.1461,26.6109,27.3133,27.1178,27.701,27.9581
154,1:15:35 PM,27.0749,27.3058,27.2187,27.1201,27.6933,27.0868,26.7234,27.5449,27.9612,28.0284,27.0097,27.0616,27.1134,27.5248,27.7939,26.9984,27.4107,27.6237,27.4813,28.0506,27.0105,27.4666,27.5427,26.9793,28.1885,26.5376,27.2648,26.9747,27.2314,27.8526,27.5736,26.8736,28.0111,27.452,28.2665,26.8245,27.4443,27.5904,27.4995,27.6459,26.9776,27.4825,27.1049,27.9269,28.0773,27.2184,27.6962,27.8335,27.5053,27.9679,26.1123,26.8332,27.8048,27.7642,28.2456,26.742,27.0258,27.4061,27.9145,27.626,27.2162,27.4185,27.1555,27.4219,28.0551,26.9003,27.1536,26.5274,27.8976,28.3187,26.8219,27.3544,27.5337,27.2326,27.5006,27.1061,26.8649,27.4298,27.1966,27.7248,27.4337,26.9568,27.9121,26.997,28.2818,26.7846,27.2459,26.9312,27.2414,28.4708,26.8742,27.2417,27.6541,27.4853,28.561,26.2127,27.4497,27.6235,27.2349,27.5273,27.0382,27.2051,27.0766,27.0667,28.1011,26.7813,27.2237,27.9009,27.3894,28.8128,26.5899,27.0909,27.9165,27.851,28.28,26.5253,27.4801,27.1251,27.6169,27.912
155,1:15:55 PM,27.0927,27.2198,27.1973,27.0343,27.6615,27.0667,26.612,27.5325,28.0022,27.9999,26.9654,27.0852,27.1536,27.5564,27.714,27.0203,27.3978,27.6732,27.4803,27.9527,26.8626,27.4345,27.4801,27.0093,28.2655,26.4708,27.2875,26.9357,27.287,27.7813,27.5275,26.979,27.9447,27.4381,28.3407,26.8779,27.4627,27.6849,27.4552,27.579,27.1856,27.4986,27.126,27.8608,28.1839,27.1474,27.6269,27.794,27.5051,27.9465,26.1902,26.7166,27.6978,27.7365,28.27,26.8061,27.0843,27.2891,27.9245,27.5915,27.1779,27.3866,27.1359,27.4491,28.0898,26.8946,27.1719,26.4497,27.852,28.3051,26.9134,27.3775,27.4084,27.3329,27.4875,27.0821,26.9352,27.446,27.2033,27.6988,27.5078,27.0528,27.9769,26.9952,28.2373,26.7811,27.2415,27.0169,27.2285,28.4571,26.9,27.1874,27.6865,27.3788,28.5058,26.1566,27.5038,27.651,27.2063,27.4467,27.0495,27.2702,27.0149,27.0112,28.0077,26.8729,27.2234,27.8635,27.5218,28.846,26.6346,27.0091,27.9483,27.7748,28.2232,26.6385,27.4214,27.0598,27.5907,27.8782
156,1:16:15 PM,27.0422,27.2486,27.2314,27.0735,27.7203,27.1295,26.6199,27.4794,28.0207,28.0715,27.1,27.0747,27.1393,27.5451,27.7885,27.0051,27.4045,27.632,27.4228,28.0335,26.9175,27.546,27.5939,26.9636,28.2933,26.5867,27.2576,26.8663,27.2261,27.7197,27.5352,26.8323,27.9771,27.4165,28.2828,26.7588,27.4528,27.5778,27.6016,27.6221,27.0973,27.5186,27.1298,27.8722,28.1396,27.2187,27.647,27.7606,27.5494,27.9357,26.1231,26.8601,27.6253,27.8067,28.195,26.7609,27.0333,27.3897,27.8642,27.6697,27.2874,27.3259,27.1653,27.4137,28.0453,26.7753,27.0381,26.6292,27.9126,28.3012,26.906,27.2558,27.5739,27.3436,27.5262,26.9726,26.8777,27.3504,27.2878,27.7163,27.4367,27.0626,27.8909,27.0967,28.3392,26.6298,27.2517,26.8887,27.1368,28.4827,26.873,27.2101,27.6154,27.4969,28.4366,26.3228,27.5363,27.6401,27.1078,27.4345,26.9689,27.2061,27.0419,26.9884,27.9904,26.8449,27.2077,27.9734,27.4774,28.8448,26.5974,27.0459,27.9435,27.785,28.2135,26.6273,27.3689,26.9691,27.5919,27.9274
157,1:16:35 PM,27.1625,27.164,27.1811,27.0633,27.6592,27.0749,26.5563,27.5515,28.0797,27.9844,27.0409,27.0286,27.0662,27.5427,27.7051,26.9567,27.4181,27.6698,27.4473,27.9488,26.8893,27.3733,27.4925,26.8564,28.1956,26.4869,27.2114,26.9361,27.2614,27.6841,27.4574,26.927,27.9174,27.3718,28.2776,26.833,27.388,27.6237,27.4697,27.669,27.1273,27.5134,27.0737,27.7933,27.9859,27.2426,27.656,27.9135,27.5188,27.9692,26.1521,26.7428,27.662,27.8233,28.1497,26.6625,27.0392,27.3746,27.9059,27.7204,27.1232,27.3671,27.1372,27.4638,28.058,26.8566,27.1614,26.5329,27.8896,28.4338,26.8704,27.3905,27.5308,27.2273,27.4505,27.0859,26.864,27.3778,27.218,27.7448,27.4326,27.0906,27.9374,27.0484,28.2955,26.651,27.1768,26.983,27.149,28.5558,26.9454,27.2715,27.518,27.4615,28.5376,26.2662,27.5063,27.71,27.0901,27.4924,27.04,27.2833,27.0743,26.9304,28.0614,26.8252,27.2299,27.9761,27.468,28.7441,26.6284,27.1105,27.9134,27.8095,28.1692,26.5702,27.4588,27.0138,27.7066,27.9279
158,1:16:55 PM,27.0841,27.2308,27.1427,27.0849,27.6305,27.0625,26.6105,27.5602,27.9759,27.9215,27.0705,26.955,27.0862,27.5411,27.645,26.9451,27.3559,27.5917,27.3755,27.918,26.9618,27.3281,27.4827,26.8794,28.1522,26.4684,27.3317,26.8855,27.1872,27.8128,27.5019,26.9551,27.9114,27.523,28.1767,26.7324,27.3642,27.7137,27.5204,27.5743,27.1773,27.4315,27.0907,27.8764,28.1421,27.2833,27.7473,27.7424,27.4964,27.8727,26.1596,26.8958,27.732,27.7339,28.2419,26.7434,27.0882,27.341,27.8586,27.6374,27.2225,27.3881,27.1998,27.391,28.1096,26.9188,27.1342,26.444,27.8063,28.3773,26.9226,27.262,27.5279,27.2256,27.4206,27.0507,26.9688,27.4545,27.2308,27.6941,27.4628,27.0134,27.8789,27.0595,28.2812,26.659,27.2257,26.9319,27.2173,28.455,26.8291,27.2597,27.594,27.4171,28.5459,26.186,27.485,27.7452,27.175,27.4221,27.0096,27.2961,27.014,26.9696,28.0721,26.8455,27.2833,27.9894,27.4221,28.933,26.6014,27.1811,27.9282,27.876,28.2809,26.5557,27.4518,27.0614,27.6939,27.8283
159,1:17:15 PM,27.0107,27.1458,27.1668,27.1019,27.7403,27.0072,26.6506,27.5986,28.065,27.8994,27.0937,26.9776,27.1046,27.5011,27.8197,26.9219,27.3687,27.7402,27.4127,27.998,26.8128,27.3898,27.6284,26.8846,28.0964,26.544,27.2982,26.9396,27.1977,27.7333,27.5126,26.882,27.8578,27.4283,28.2989,26.7694,27.3675,27.6608,27.4458,27.636,27.0596,27.3881,27.0842,27.867,28.1515,27.2035,27.672,27.8052,27.5032,27.9923,26.2128,26.8753,27.6607,27.7981,28.1158,26.7337,27.098,27.3784,27.8532,27.6332,27.2424,27.4244,27.2738,27.3575,28.1271,26.8708,27.1388,26.55,27.8651,28.2694,26.8799,27.3097,27.4962,27.1977,27.4657,27.1437,26.9066,27.4858,27.2511,27.7173,27.369,27.0368,27.9335,27.0838,28.3307,26.726,27.1942,26.9367,27.1915,28.4229,26.8873,27.203,27.6039,27.4894,28.6313,26.115,27.5106,27.6236,27.2301,27.3861,26.9989,27.3654,27.0242,26.9491,28.0866,26.8663,27.2169,27.996,27.4128,28.7687,26.4719,27.0353,27.9772,27.7814,28.2302,26.5815,27.3894,27.0358,27.6048,27.8903
160,1:17:35 PM,27.1125,27.1922,27.1651,27.0355,27.6784,27.0771,26.5534,27.5038,28.0866,28.0648,27.1212,27.0337,27.0418,27.5016,27.6232,26.9547,27.3819,27.6546,27.446,28.0069,26.8488,27.4581,27.5489,26.9078,28.1925,26.5827,27.2726,26.9188,27.2804,27.6988,27.5782,26.8383,27.9581,27.454,28.2794,26.7988,27.3782,27.6087,27.5267,27.6927,27.191,27.453,27.1723,27.8165,28.1544,27.312,27.6842,27.8075,27.5601,27.9118,26.2046,26.8236,27.7074,27.7566,28.1723,26.7459,27.1372,27.3456,27.9072,27.6731,27.24,27.2655,27.1864,27.3593,28.0019,26.757,27.339,26.447,27.9331,28.2429,26.8344,27.336,27.4945,27.2237,27.3574,26.9834,26.8893,27.4156,27.3081,27.7338,27.4883,27.0335,27.971,27.1024,28.3061,26.7222,27.2021,26.9579,27.0753,28.4292,26.9217,27.2472,27.5828,27.4191,28.6302,26.2108,27.5211,27.572,27.1765,27.3632,26.9574,27.3211,27.1336,26.9189,28.0556,26.7378,27.3072,27.9432,27.4763,28.8721,26.6472,27.1137,27.871,27.7211,28.2068,26.6604,27.4151,27.0028,27.6666,27.8761
161,1:17:55 PM,27.0252,27.29,27.2364,27.0614,27.644,27.1023,26.6151,27.4904,28.0644,28.0177,26.989,27.0334,27.0665,27.5111,27.644,27.0731,27.4164,27.5877,27.3889,27.9637,26.9044,27.3623,27.5578,26.8618,28.1429,26.5357,27.2654,26.9018,27.3014,27.6367,27.4783,26.8919,27.9523,27.4438,28.1771,26.8436,27.4705,27.6478,27.4315,27.69,27.1279,27.4303,26.9961,27.7198,28.0928,27.1734,27.5902,27.8037,27.4589,28.0345,26.1921,26.7301,27.565,27.7786,28.2079,26.8361,27.1275,27.3644,27.9939,27.6108,27.1517,27.4145,27.2099,27.3484,28.0366,26.8106,27.1162,26.5513,27.9131,28.3353,26.8853,27.3424,27.4588,27.2358,27.4326,26.9891,26.8339,27.4007,27.2142,27.6655,27.3779,27.084,27.9363,27.078,28.3209,26.8206,27.1826,26.7785,27.0797,28.3998,26.9444,27.2413,27.6845,27.3957,28.4794,26.1517,27.3911,27.6605,27.2853,27.3505,26.9806,27.2514,27.0706,26.9242,27.9472,26.8071,27.3375,27.8907,27.3579,28.7672,26.5989,27.2177,27.8945,27.7047,28.1878,26.6895,27.3595,26.9931,27.6388,27.8338
162,1:18:15 PM,27.0846,27.2887,27.1737,27.0812,27.5527,27.0062,26.6038,27.5864,28.0082,27.9813,27.0229,26.9588,27.0633,27.4995,27.6582,26.9329,27.416,27.6016,27.3954,27.8901,26.9773,27.3709,27.573,26.8909,28.1605,26.5681,27.1767,26.8948,27.2154,27.72,27.5012,26.8586,27.9415,27.5066,28.1783,26.788,27.3124,27.6005,27.4977,27.4867,27.2155,27.4457,27.0078,27.7758,28.0018,27.233,27.634,27.8724,27.5492,27.8981,26.2673,26.7547,27.48,27.7686,28.1591,26.8494,27.0987,27.3477,27.8199,27.6473,27.1285,27.3523,27.1993,27.3478,28.1114,26.7191,27.1918,26.4405,27.8441,28.2611,26.8946,27.4125,27.4434,27.1587,27.4115,27.0961,26.8708,27.382,27.1358,27.5905,27.4579,26.9334,27.943,27.1474,28.3775,26.7687,27.3027,26.8026,27.1015,28.4137,26.9541,27.2916,27.5369,27.3936,28.5597,26.239,27.4355,27.6734,27.1717,27.3733,27.0053,27.2828,27.0876,26.8611,27.8734,26.781,27.1977,27.8971,27.402,28.8452,26.6859,27.173,27.9105,27.7364,28.2514,26.6217,27.4302,26.9491,27.6865,27.9593
163,1:18:35 PM,27.1243,27.2843,27.2775,27.1374,27.547,27.1253,26.5958,27.6277,27.9131,27.9573,27.1006,27.0146,27.1908,27.5518,27.8247,26.9302,27.3613,27.604,27.3517,27.9337,26.9321,27.4736,27.4863,26.8858,28.2187,26.5902,27.1969,26.8798,27.0754,27.7539,27.4384,26.8073,27.9204,27.5498,28.2623,26.8119,27.3529,27.6444,27.4604,27.4696,27.0804,27.4706,27.0198,27.7623,28.0297,27.2142,27.6078,27.7622,27.4885,27.8837,26.2092,26.7477,27.6227,27.7726,28.112,26.7569,27.0815,27.319,27.8188,27.7371,27.1973,27.4211,27.163,27.3488,28.137,26.7612,27.1462,26.5631,27.9126,28.3133,26.8836,27.2857,27.4554,27.3018,27.3568,27.1469,26.8839,27.4756,27.2196,27.6782,27.4838,26.959,27.9567,27.0791,28.2438,26.7669,27.2225,26.9103,27.0927,28.3948,27.0251,27.1627,27.5392,27.3852,28.4434,26.1996,27.4847,27.627,27.1623,27.4352,27.1049,27.3652,27.0106,26.975,27.9083,26.8572,27.2665,27.7985,27.4695,28.785,26.7071,27.1419,27.8732,27.7707,28.1944,26.6723,27.3748,27.0242,27.6821,27.9512
164,1:18:55 PM,27.0141,27.1886,27.1645,27.0774,27.6075,27.0345,26.6083,27.4727,27.997,27.9341,27.0878,27.0328,27.1063,27.4759,27.7525,27.0058,27.3931,27.6835,27.463,27.9453,26.842,27.4455,27.5626,26.8738,28.0687,26.4721,27.2739,26.8375,27.1937,27.6877,27.4972,26.8248,27.8649,27.4501,28.2858,26.7789,27.3387,27.4912,27.492,27.5066,27.0499,27.3409,27.0044,27.8331,27.9711,27.2899,27.6981,27.7478,27.4611,27.876,26.1769,26.7528,27.6512,27.7046,28.0668,26.6931,27.0599,27.2781,27.8257,27.5514,27.205,27.3719,27.1229,27.3236,28.0048,26.8001,27.1206,26.4356,27.9533,28.3763,26.8108,27.3173,27.4632,27.226,27.4151,27.0593,26.8498,27.4081,27.2606,27.6146,27.3378,27.0996,27.8766,27.099,28.1802,26.7946,27.2164,26.9187,27.0739,28.456,26.9727,27.2331,27.5629,27.358,28.4874,26.1099,27.5213,27.5325,27.079,27.3518,27.0707,27.2294,27.0355,26.9195,27.9595,26.7824,27.2539,27.9295,27.3621,28.6894,26.6924,27.1517,27.8816,27.7604,28.3251,26.702,27.4614,26.8872,27.5111,27.8254
165,1:19:15 PM,27.0957,27.2456,27.1134,27.0964,27.5962,26.9984,26.6103,27.6054,28.0449,27.9179,27.1851,26.9399,27.141,27.5004,27.7442,26.9767,27.3635,27.555,27.428,27.8912,26.8571,27.4337,27.4862,26.8262,28.0561,26.5398,27.2245,26.9224,27.1581,27.6526,27.5227,26.8818,27.9378,27.4318,28.1043,26.7731,27.4236,27.573,27.4982,27.5254,27.1218,27.3894,26.9254,27.7701,27.9717,27.1427,27.6068,27.8204,27.4192,27.8782,26.1762,26.848,27.497,27.63,28.1727,26.708,27.0716,27.2778,27.8414,27.5605,27.1124,27.3519,27.1168,27.3505,28.0878,26.8008,27.1103,26.4369,27.8371,28.3486,26.8174,27.2373,27.4341,27.2092,27.4996,27.0711,26.8309,27.3385,27.2322,27.6881,27.3798,26.9538,27.8293,27.0449,28.2526,26.9385,27.2315,26.8439,27.1525,28.4632,27.0069,27.3329,27.5405,27.4319,28.4777,26.1385,27.6031,27.5776,27.1816,27.3596,27.0645,27.3949,26.9121,26.9054,28.0551,26.9818,27.2373,27.8946,27.346,28.8154,26.6127,27.1384,27.8262,27.7574,28.3004,26.5446,27.4392,26.8777,27.6114,27.8636
166,1:19:35 PM,27.067,27.2502,27.0569,27.0413,27.5495,27.084,26.6737,27.5556,27.9686,27.919,27.1107,27.0439,27.0242,27.4679,27.648,26.9713,27.3513,27.5614,27.4185,27.9898,27.0031,27.4639,27.4567,26.8162,28.0781,26.4343,27.265,26.7855,27.1624,27.699,27.5288,26.901,27.9529,27.3861,28.1348,26.8723,27.4698,27.4857,27.4965,27.5973,27.1665,27.3887,26.8808,27.7811,27.9696,27.2404,27.6794,27.7497,27.4608,27.9273,26.1481,26.7792,27.6115,27.6421,28.0961,26.7644,27.0516,27.2889,27.7744,27.6143,27.2064,27.3662,27.1819,27.3112,27.9921,26.7692,27.2367,26.4952,27.8944,28.2123,26.9093,27.3451,27.5384,27.1942,27.4216,27.0864,26.9931,27.4376,27.2026,27.7125,27.4109,27.0859,27.7795,26.9944,28.2929,26.7052,27.2714,27.026,27.1216,28.4665,27.0394,27.2055,27.5056,27.3649,28.4284,26.1697,27.4888,27.6201,27.0679,27.3293,27.027,27.3195,26.9787,26.872,28.0419,26.883,27.1346,27.9138,27.4507,28.8162,26.5859,27.1451,27.9369,27.8075,28.238,26.4791,27.4431,26.9104,27.5729,27.8971
167,1:19:55 PM,27.0898,27.1987,27.045,27.1175,27.5711,27.0334,26.5526,27.5959,28.0548,27.8334,27.0476,26.961,27.1502,27.4787,27.7733,27.039,27.3359,27.5654,27.4533,27.8073,26.8684,27.4022,27.4691,26.8105,28.1296,26.5393,27.2634,26.8965,27.2208,27.7701,27.424,26.8495,27.8603,27.3777,28.1742,26.771,27.3928,27.5908,27.5109,27.5755,27.1745,27.5144,26.9323,27.7753,27.9864,27.2145,27.5629,27.7967,27.4976,27.9061,26.1469,26.7579,27.6488,27.7158,28.0564,26.7389,27.0558,27.3346,27.813,27.658,27.1187,27.3845,27.1568,27.3944,28.0206,26.6627,27.2333,26.4693,27.8905,28.2327,26.8656,27.3373,27.4486,27.1726,27.2669,27.0437,26.9792,27.3589,27.205,27.6269,27.3601,27.1066,27.8285,27.0931,28.3205,26.687,27.2256,26.8707,27.1213,28.4838,26.9983,27.2161,27.4393,27.3525,28.4692,26.2987,27.5017,27.5924,27.1078,27.3902,26.9834,27.233,27.0733,26.9638,27.956,26.7752,27.2702,27.9355,27.4143,28.749,26.604,27.1257,27.8576,27.8413,28.3339,26.6225,27.4508,26.8889,27.6325,27.9244
168,1:20:15 PM,27.1548,27.3392,27.0745,27.0637,27.6696,27.0968,26.6128,27.5452,28.0142,27.9062,27.0245,27.0577,27.1442,27.4411,27.6666,27.0109,27.3466,27.5889,27.3363,27.866,26.8933,27.4045,27.4589,26.9313,28.1088,26.5009,27.2321,26.9435,27.174,27.6247,27.4875,26.8561,27.9239,27.3737,28.0667,26.8604,27.387,27.561,27.4768,27.4704,27.0893,27.4317,27.0761,27.8747,28.0161,27.3007,27.703,27.764,27.4437,27.9402,26.1109,26.7734,27.5606,27.65,28.1449,26.667,27.0734,27.3106,27.7986,27.553,27.2386,27.4183,27.0797,27.2389,27.9759,26.8114,27.1509,26.4585,27.8165,28.2931,26.7661,27.2669,27.4824,27.1792,27.3672,27.115,26.89,27.333,27.0933,27.6382,27.3518,27.0707,27.875,27.1183,28.3141,26.7278,27.201,26.8849,27.051,28.3777,26.8915,27.2348,27.573,27.3574,28.5076,26.1761,27.4465,27.5151,27.1602,27.3697,27.0522,27.255,27.0103,27.0488,28.0337,26.8685,27.2277,27.9842,27.5165,28.8053,26.6186,27.0509,27.8919,27.8318,28.2399,26.6334,27.4071,26.9533,27.5012,27.924
169,1:20:35 PM,27.0451,27.2905,27.1683,26.9939,27.5962,27.0417,26.6188,27.4126,28.0046,27.91,27.0383,26.9804,26.9879,27.4782,27.717,26.9692,27.4352,27.5923,27.372,27.9031,27.0118,27.4689,27.5398,26.9136,28.0449,26.5804,27.2275,26.932,27.235,27.665,27.449,26.918,27.9513,27.4216,28.1789,26.8288,27.4045,27.6622,27.4593,27.5139,27.0712,27.4302,27.0197,27.795,27.9958,27.1967,27.5778,27.8104,27.5078,27.9168,26.2448,26.7695,27.5875,27.6045,28.1208,26.7283,27.0411,27.3331,27.8506,27.5843,27.1572,27.3361,27.1833,27.2396,28.0205,26.842,27.2129,26.4138,27.7802,28.3413,26.7912,27.4021,27.4195,27.2048,27.2911,27.0419,26.8217,27.3697,27.1351,27.6563,27.3489,26.962,27.7642,27.0496,28.2101,26.7451,27.2679,26.9694,27.1014,28.3143,26.9931,27.3246,27.4861,27.37,28.5133,26.0804,27.5055,27.6875,27.0772,27.3734,27.1132,27.3305,27.0153,26.9302,27.9284,26.8079,27.2901,27.9063,27.4221,28.7394,26.6327,27.1513,27.9527,27.7451,28.1909,26.6215,27.4594,27.0296,27.5345,27.8518
170,1:20:55 PM,27.016,27.2393,27.1655,27.0959,27.5044,27.0608,26.5425,27.5199,28.0118,27.9524,27.0406,26.9335,27.0339,27.4664,27.6584,26.9484,27.3504,27.5164,27.2728,27.7678,26.981,27.3611,27.4859,26.8383,28.0977,26.5768,27.1953,26.867,27.1311,27.7615,27.5335,26.8649,27.8916,27.3532,28.23,26.7891,27.4145,27.6187,27.5011,27.5239,27.1426,27.4904,27.0919,27.8139,27.9863,27.2591,27.6712,27.7971,27.4217,27.8916,26.1449,26.8043,27.5522,27.575,28.0246,26.8044,27.0295,27.3347,27.8413,27.573,27.189,27.3636,27.0793,27.3826,28.1216,26.8442,27.1194,26.474,27.9234,28.2402,26.7978,27.3833,27.4515,27.1598,27.3669,27.0977,26.8023,27.3383,27.2492,27.5865,27.2576,26.9717,27.8825,27.0429,28.2143,26.7035,27.3082,26.8748,27.0919,28.5399,26.8291,27.289,27.498,27.4094,28.4478,26.1918,27.4292,27.5493,27.1289,27.47,26.9938,27.3247,27.0351,27.0017,28.0432,26.8208,27.204,27.9231,27.3364,28.7575,26.5491,27.2148,27.9497,27.7347,28.2098,26.5669,27.4528,26.9388,27.5875,27.858
171,1:21:15 PM,27.0166,27.2728,27.0646,27.0644,27.5484,27.0847,26.6549,27.5842,27.9742,27.9235,27.1104,26.9693,27.0901,27.4679,27.6543,26.9594,27.3525,27.5671,27.5171,27.8327,26.9867,27.3211,27.4554,26.8917,28.0034,26.5432,27.258,26.853,27.2252,27.7145,27.4563,26.8437,27.8705,27.5117,28.069,26.7533,27.4201,27.5232,27.4421,27.444,27.171,27.404,26.9837,27.7506,27.9888,27.1778,27.5853,27.722,27.433,27.8825,26.2043,26.6928,27.5409,27.5304,28.1919,26.7612,27.1221,27.2576,27.8164,27.5411,27.2407,27.4583,27.0693,27.3902,28.0348,26.7921,27.1589,26.5312,27.8918,28.2888,26.9387,27.3443,27.4423,27.1513,27.3862,27.0107,26.8726,27.3391,27.2568,27.6231,27.4288,27.0164,27.894,27.1269,28.335,26.7804,27.2944,26.8831,27.0798,28.2757,26.898,27.217,27.5107,27.4699,28.4463,26.2036,27.4939,27.6626,27.1517,27.377,27.0476,27.3087,26.979,26.9763,27.9665,26.8009,27.2907,27.8886,27.4849,28.8016,26.6179,27.1629,27.8793,27.8879,28.2897,26.7441,27.3873,26.9864,27.5647,27.9188
172,1:21:35 PM,27.024,27.2718,27.1921,26.9998,27.5174,27.0856,26.7158,27.5014,27.8366,27.9763,27.1016,26.9949,27.1088,27.4948,27.6516,27.0443,27.2957,27.5971,27.3711,27.9485,26.8904,27.4066,27.5174,26.8728,28.0365,26.5331,27.3069,26.8482,27.2648,27.7114,27.3974,26.841,27.9507,27.4949,28.171,26.7762,27.4154,27.5643,27.4604,27.5282,27.1815,27.4605,27.0318,27.7928,28.0984,27.2483,27.6646,27.6775,27.4026,27.9326,26.1723,26.7817,27.5716,27.4961,28.0195,26.7552,27.0041,27.3654,27.7927,27.5224,27.2124,27.3544,27.0621,27.3936,28.0037,26.7983,27.2192,26.576,27.7961,28.239,26.8678,27.3928,27.5334,27.1436,27.3223,27.1632,26.7904,27.3259,27.1726,27.5345,27.3259,27.1036,27.7989,27.0694,28.2794,26.7225,27.1742,26.9463,27.0504,28.3831,27.0141,27.2659,27.4749,27.3636,28.3628,26.2884,27.4214,27.6159,27.0564,27.3517,27.0196,27.3009,26.9935,26.9398,28.0058,26.7134,27.2451,27.8286,27.3472,28.7582,26.5193,27.1669,27.8719,27.6886,28.2341,26.6328,27.4694,27.026,27.6039,27.8402
173,1:21:55 PM,27.0484,27.158,27.107,26.9893,27.5296,26.9551,26.6011,27.5031,27.935,27.9879,27.0064,26.9901,27.0301,27.553,27.6264,26.9827,27.3439,27.5544,27.4181,27.9026,26.8417,27.4474,27.4687,26.8294,28.0676,26.538,27.1847,26.9099,27.1267,27.6401,27.4363,26.8252,27.815,27.4504,28.0984,26.7787,27.3968,27.5925,27.4691,27.453,27.2328,27.5334,27.0987,27.7269,28.1167,27.2176,27.5706,27.6525,27.465,27.8982,26.1924,26.8007,27.6253,27.6399,28.0736,26.7436,27.0239,27.2723,27.7678,27.4897,27.2228,27.4086,27.139,27.3589,27.9886,26.8222,27.1343,26.5374,27.8884,28.3447,26.8487,27.3303,27.4782,27.1051,27.4179,26.9642,26.8771,27.354,27.2328,27.6644,27.2362,27.1036,27.9177,27.0298,28.2666,26.7294,27.262,26.8789,27.1647,28.318,27.0642,27.2526,27.5849,27.3755,28.4465,26.2665,27.3562,27.6261,27.1688,27.3429,27.042,27.2866,26.9958,27.0119,27.997,26.7825,27.2618,27.898,27.3636,28.7838,26.732,27.0368,27.9086,27.8142,28.2295,26.6586,27.4243,26.9543,27.5159,27.8153
174,1:22:15 PM,27.0793,27.2316,27.1522,27.0268,27.527,27.0013,26.6185,27.5124,28.0037,27.9647,27.042,26.9937,27.0587,27.4169,27.6846,26.9072,27.361,27.6078,27.3029,27.9785,26.9196,27.4311,27.461,26.7401,28.0221,26.5183,27.2721,26.8569,27.148,27.688,27.4766,26.9888,27.85,27.5292,28.2159,26.8257,27.4207,27.5438,27.4077,27.4252,27.1396,27.5496,27.1021,27.7993,27.9738,27.2158,27.6733,27.6394,27.4227,27.8821,26.2555,26.6881,27.4972,27.5663,28.1478,26.7355,27.1425,27.2519,27.8273,27.6688,27.2598,27.3239,27.1565,27.3374,28.0084,26.8274,27.149,26.5145,27.8584,28.2947,26.8583,27.3734,27.4379,27.2439,27.1974,27.0249,26.788,27.3588,27.2471,27.697,27.4109,27.0355,27.8494,27.0247,28.27,26.7411,27.2144,26.94,27.1903,28.4323,27.0097,27.2926,27.5675,27.3378,28.4386,26.1406,27.6267,27.6679,27.1801,27.4353,27.0322,27.2485,27.0393,26.8314,27.9928,26.7482,27.2654,27.983,27.393,28.8052,26.6056,27.0699,27.8859,27.725,28.2068,26.6281,27.4078,26.9678,27.6644,27.9394
175,1:22:35 PM,27.0686,27.2359,27.2142,27.0388,27.535,27.1076,26.6161,27.3911,27.9182,27.9501,27.1338,27.0286,27.0441,27.4743,27.6726,26.9907,27.3315,27.638,27.4296,27.992,26.9371,27.4237,27.491,26.8023,28.098,26.5152,27.29,26.908,27.1895,27.6572,27.471,26.8581,27.8488,27.4135,28.1142,26.8637,27.2981,27.5721,27.536,27.4543,27.0585,27.4263,27.0729,27.7187,28.0107,27.1296,27.6576,27.7246,27.535,27.8868,26.2055,26.6966,27.5132,27.4604,28.0742,26.7782,27.0517,27.2858,27.7498,27.4236,27.2074,27.2887,27.1093,27.3095,27.9606,26.791,27.1772,26.3771,27.8648,28.2391,26.823,27.3809,27.4064,27.1065,27.3029,27.1774,26.8858,27.3008,27.308,27.5968,27.3731,26.9311,27.7716,27.1144,28.2507,26.7587,27.2756,26.9436,27.0926,28.3137,26.9703,27.2501,27.5449,27.3444,28.4265,26.2198,27.5038,27.5594,27.084,27.3855,27.054,27.3133,26.9342,26.9201,27.8823,26.6567,27.2075,27.8811,27.3907,28.8223,26.5687,27.087,27.8033,27.7946,28.1564,26.5908,27.4292,26.9891,27.6015,27.8147
176,1:22:55 PM,27.1122,27.2099,27.1797,27.0155,27.4824,27.0445,26.5737,27.6097,27.9449,27.9173,27.0789,26.9972,27.0732,27.3702,27.6277,26.9063,27.3566,27.5744,27.4514,27.8966,26.951,27.259,27.4943,26.7923,28.069,26.5852,27.2265,26.9124,27.1097,27.6339,27.4184,26.9401,27.805,27.4327,28.2076,26.816,27.3799,27.6435,27.441,27.5186,27.2145,27.4341,27.0286,27.832,27.9445,27.2536,27.5929,27.6191,27.484,27.7933,26.1421,26.7567,27.4709,27.524,28.0456,26.7498,27.143,27.3036,27.8863,27.4238,27.2659,27.3178,27.068,27.2377,28.007,26.6824,27.1658,26.4667,27.7252,28.1694,26.8869,27.2797,27.4257,27.1032,27.3595,27.084,26.9033,27.4022,27.198,27.561,27.2823,27.0145,27.7792,27.0826,28.2464,26.7608,27.3104,26.9288,27.1589,28.4397,26.9072,27.2651,27.574,27.3901,28.4063,26.2315,27.5146,27.5856,27.1051,27.3792,27.0082,27.3629,27.0228,26.8945,27.9197,26.754,27.1957,27.8341,27.3899,28.7938,26.6464,27.0762,27.9348,27.8066,28.127,26.6176,27.3558,26.9126,27.5935,27.7801
177,1:23:15 PM,27.0628,27.241,27.1089,27.02,27.5338,27.0386,26.4873,27.4835,27.8915,27.8626,27.0884,27.0086,27.1263,27.4998,27.6999,27.0949,27.3254,27.5886,27.3505,27.9117,26.9942,27.4302,27.4893,26.7661,28.1193,26.5937,27.347,27.0089,27.1471,27.6029,27.4024,26.9474,27.9442,27.3545,28.1006,26.8108,27.3976,27.5238,27.4548,27.5171,27.1558,27.411,27.0582,27.7346,28.0127,27.1776,27.6582,27.7312,27.4444,27.9895,26.1641,26.8426,27.5061,27.5792,27.9575,26.8039,27.0086,27.2278,27.7231,27.5198,27.112,27.3393,27.0519,27.3292,27.995,26.8798,27.1215,26.4359,27.7872,28.1988,26.9042,27.3662,27.4648,27.1248,27.2723,27.0288,26.8969,27.2809,27.2255,27.602,27.4003,26.9826,27.8514,27.0678,28.205,26.7469,27.1047,26.9666,27.0853,28.4001,26.9524,27.2258,27.5542,27.3635,28.3732,26.1949,27.5026,27.6108,27.144,27.3798,27.0171,27.29,27.0085,26.9302,28.0112,26.803,27.2458,27.9184,27.4431,28.7559,26.6664,27.1449,27.8776,27.8002,28.226,26.687,27.3516,27.02,27.5903,27.8903
178,1:23:35 PM,27.1298,27.3548,27.0691,27.0807,27.4959,26.977,26.5268,27.5452,28.0316,27.9362,27.0742,26.9066,27.0117,27.3833,27.4636,26.9324,27.3458,27.464,27.2981,27.8795,26.8287,27.4645,27.4542,26.751,28.0248,26.4862,27.2395,26.8875,27.2044,27.685,27.3785,26.8317,27.7644,27.4861,28.1653,26.8182,27.3883,27.5206,27.424,27.4831,27.149,27.3271,27.0247,27.8038,27.943,27.1498,27.658,27.731,27.4715,27.8575,26.2367,26.8321,27.4919,27.4948,28.114,26.7643,27.0758,27.2508,27.7554,27.5042,27.1886,27.4347,27.1472,27.2477,27.9715,26.7867,27.2885,26.4018,27.8952,28.1084,26.8154,27.3507,27.4116,27.0948,27.2654,26.9957,26.979,27.3367,27.2711,27.5007,27.3659,26.9845,27.8488,26.9963,28.1815,26.7156,27.2038,26.8862,27.0096,28.4431,26.9654,27.3132,27.5635,27.4217,28.3674,26.1852,27.5262,27.4851,27.1243,27.3493,26.9359,27.2976,27.0008,26.8457,27.9769,26.7394,27.2512,27.9442,27.2705,28.7241,26.523,27.0508,27.907,27.8037,28.1146,26.7765,27.4687,26.9924,27.5332,27.9009
179,1:23:55 PM,27.029,27.2709,27.0023,27.0343,27.385,26.976,26.4776,27.5119,28.0079,27.9758,27.1177,27.0041,27.0966,27.4139,27.63,26.9613,27.3293,27.5361,27.323,27.7322,26.9248,27.3046,27.4811,26.8275,28.0199,26.5301,27.2664,26.844,27.1989,27.648,27.4171,26.8608,27.8863,27.4047,28.1334,26.8479,27.3791,27.5477,27.4827,27.5555,27.1966,27.4991,27.0142,27.8794,27.9365,27.1368,27.5772,27.7762,27.447,27.8752,26.2192,26.728,27.5405,27.4555,28.0604,26.7356,27.0973,27.223,27.8181,27.528,27.1842,27.4267,27.1055,27.4367,27.9536,26.7479,27.1323,26.4077,27.9393,28.2422,26.9072,27.2812,27.4445,27.1889,27.3553,27.0571,26.8946,27.4047,27.1695,27.5733,27.3373,26.9275,27.867,27.105,28.3474,26.718,27.1924,26.8961,27.1173,28.3884,26.9644,27.268,27.6299,27.432,28.3968,26.2586,27.4825,27.687,27.1414,27.3845,27.0422,27.3224,26.9524,26.9342,27.899,26.8646,27.2176,27.9082,27.3389,28.7472,26.5555,27.0612,27.8705,27.9062,28.1809,26.5809,27.3931,26.9331,27.5422,27.9164
180,1:24:15 PM,27.1807,27.2053,27.0765,27.0077,27.629,26.9462,26.6385,27.5815,27.8783,27.915,27.0693,26.9863,27.0099,27.4228,27.6391,26.9847,27.2927,27.6061,27.2285,27.8051,26.8592,27.4103,27.4487,26.8215,28.1002,26.5151,27.2499,26.8018,27.2587,27.657,27.388,26.8564,27.9037,27.4585,28.1116,26.8427,27.3784,27.7111,27.461,27.5478,27.2121,27.5511,26.9777,27.7669,28.0661,27.1781,27.5582,27.7414,27.4711,27.8401,26.2303,26.818,27.5538,27.4993,27.9355,26.7504,27.0062,27.2638,27.7588,27.4334,27.1786,27.2658,27.1088,27.2472,27.9754,26.7712,27.2187,26.4863,27.78,28.2733,26.8933,27.2652,27.4312,27.1017,27.4105,27.0776,26.9679,27.401,27.1595,27.5433,27.2999,27.014,27.8887,27.1279,28.3134,26.7145,27.1636,26.901,27.0543,28.4179,26.9215,27.2156,27.583,27.3914,28.3483,26.2132,27.513,27.5943,27.0744,27.3172,27.0724,27.252,26.9901,26.8082,27.9676,26.8324,27.2375,27.9648,27.4346,28.6579,26.6677,27.0239,27.8779,27.6685,28.1974,26.7005,27.3682,27.0378,27.6476,27.8657
181,1:24:35 PM,27.0958,27.2712,27.1143,27.039,27.5671,27.0435,26.5674,27.529,27.9274,27.9838,27.0319,27.0687,27.0078,27.4456,27.673,26.9624,27.3144,27.5322,27.3392,27.87,26.9581,27.4113,27.4284,26.7519,28.0176,26.4345,27.1733,26.8649,27.1721,27.6527,27.4683,26.7671,27.8523,27.5007,28.0829,26.745,27.3383,27.5951,27.4417,27.4879,27.1517,27.408,27.0542,27.8363,27.8835,27.2412,27.5714,27.7763,27.374,27.7193,26.1739,26.7557,27.524,27.5236,28.0927,26.7219,27.1407,27.2983,27.8252,27.435,27.2198,27.3442,27.0939,27.3228,27.9502,26.8093,27.2063,26.4417,27.7996,28.2776,26.8374,27.363,27.4405,27.1014,27.4256,27.0767,26.8854,27.3274,27.1014,27.5423,27.2969,26.9121,27.833,27.0474,28.2662,26.7706,27.146,26.7568,27.0844,28.295,26.978,27.2966,27.5245,27.2641,28.4185,26.2325,27.4338,27.5083,27.032,27.4179,27.0305,27.2916,27.0259,26.9223,27.8969,26.8306,27.1809,27.8432,27.3412,28.7397,26.6371,27.1392,27.8371,27.7714,28.0349,26.7271,27.3448,26.8858,27.5624,27.8649
182,1:24:55 PM,26.9981,27.3,27.078,26.9278,27.4814,27.0025,26.5509,27.4956,27.8885,27.8104,27.0079,26.9362,27.075,27.4138,27.6,26.9573,27.337,27.5227,27.3771,27.902,26.8828,27.5543,27.3827,26.7568,28.092,26.4646,27.2936,26.8839,27.1106,27.656,27.3449,26.7514,27.8187,27.5079,28.105,26.7965,27.2632,27.5914,27.4943,27.4772,27.1782,27.3633,26.9184,27.771,27.8064,27.2275,27.5419,27.7258,27.4402,27.806,26.1175,26.7417,27.5384,27.4587,28.0013,26.7506,27.0315,27.228,27.8603,27.4773,27.2072,27.4039,27.1099,27.3885,27.9649,26.771,27.1302,26.386,27.822,28.1976,26.8673,27.3292,27.5391,27.079,27.2738,27.0716,26.9819,27.3987,27.1032,27.5638,27.3276,26.8788,27.8076,27.0966,28.201,26.648,27.1767,26.9045,27.131,28.4015,26.9521,27.2799,27.4795,27.3744,28.4312,26.2724,27.4533,27.6468,27.1632,27.2155,27.0354,27.3115,27.0128,26.843,27.8603,26.8406,27.2125,27.945,27.369,28.6622,26.5242,27.0408,27.8619,27.7732,28.2078,26.5981,27.3594,26.9731,27.5558,27.7776
183,1:25:15 PM,26.9998,27.2888,27.1108,27.0007,27.5024,26.9853,26.6028,27.4602,27.9545,27.8303,27.06,26.9127,27.0926,27.4316,27.6073,26.9979,27.4047,27.6821,27.3393,27.8944,26.8709,27.2893,27.4953,26.8533,28.0492,26.584,27.2105,26.787,27.1439,27.6139,27.415,26.8429,27.8789,27.4493,28.0745,26.8797,27.4236,27.5883,27.2581,27.4805,27.1658,27.4056,27.0578,27.6807,27.9882,27.2533,27.549,27.7116,27.4313,27.8084,26.2178,26.7642,27.4336,27.4412,27.9746,26.8103,27.0705,27.2714,27.8175,27.5122,27.2242,27.3689,27.1196,27.2852,27.9334,26.7722,27.1952,26.448,27.8176,28.2863,26.8422,27.2529,27.4552,27.0082,27.3938,26.9666,26.7938,27.3561,27.1966,27.5787,27.2895,27.0021,27.8397,27.0525,28.2405,26.7423,27.185,26.8667,27.035,28.3311,26.9405,27.2128,27.4581,27.2828,28.3819,26.1876,27.3931,27.6046,27.0854,27.3019,27.1065,27.2316,27.0368,26.8956,27.8931,26.8352,27.2687,27.7474,27.4245,28.6863,26.6761,27.0521,27.8802,27.6359,28.1391,26.6193,27.3775,26.8224,27.5763,27.8381
184,1:25:35 PM,27.0788,27.243,27.115,27.0612,27.4442,27.0426,26.5295,27.5423,27.9467,27.9207,26.9416,27.0278,27.0977,27.5231,27.6549,27.0544,27.3596,27.6455,27.3243,27.8291,26.8748,27.479,27.463,26.7527,27.8946,26.468,27.2441,26.8521,27.1502,27.604,27.4092,26.8094,27.865,27.4602,28.0634,26.7315,27.3117,27.5781,27.4855,27.4793,27.0994,27.4174,26.9784,27.7517,27.9233,27.1627,27.6467,27.7051,27.3228,27.7648,26.204,26.7929,27.4051,27.4781,27.9513,26.7427,27.0099,27.1722,27.696,27.4074,27.1227,27.4483,27.2053,27.2807,27.852,26.7706,27.1102,26.4745,27.8185,28.2668,26.8752,27.3465,27.4459,27.1847,27.2918,27.0718,26.8253,27.4627,27.1842,27.5555,27.3715,27.0883,27.8965,27.0929,28.1351,26.7547,27.1723,26.9038,27.0702,28.3439,26.9725,27.0368,27.4254,27.237,28.4066,26.2327,27.474,27.5356,27.0623,27.3702,27.1127,27.2103,26.9485,26.8404,27.9225,26.817,27.2384,27.7518,27.3591,28.7494,26.6466,27.0313,27.8697,27.7254,28.1662,26.5759,27.3232,26.9397,27.4974,27.8287
185,1:25:55 PM,27.0298,27.2089,27.1049,26.9686,27.5962,27.0505,26.5374,27.41,27.9556,27.8812,27.0519,27.0042,26.9757,27.4333,27.6665,27.0139,27.3111,27.5829,27.3512,27.8919,26.8566,27.3847,27.4517,26.825,28.0687,26.5965,27.2749,26.8879,27.1362,27.5875,27.4614,26.9403,27.9078,27.4034,28.1642,26.8088,27.3606,27.5565,27.4771,27.3558,27.1319,27.3752,26.9267,27.7752,27.8984,27.2436,27.6435,27.6644,27.4793,27.7571,26.207,26.7334,27.4839,27.4044,27.9902,26.7368,27.1202,27.2915,27.7113,27.4751,27.3131,27.4085,27.1096,27.1822,28.0071,26.8142,27.1836,26.4244,27.6743,28.1711,26.8085,27.3847,27.5432,27.1164,27.3353,27.0711,26.8581,27.2588,27.1869,27.5892,27.3401,26.9511,27.7794,27.0958,28.2418,26.7523,27.0854,26.8329,27.0793,28.3788,26.8889,27.2799,27.576,27.3352,28.3681,26.1786,27.4416,27.6195,27.1687,27.2681,27.0794,27.2581,26.9995,26.8272,27.8538,26.8974,27.1956,27.7779,27.3301,28.6826,26.5699,27.1386,27.7528,27.6898,28.0836,26.5852,27.4461,26.9173,27.5487,27.7784
186,1:26:15 PM,27.0915,27.2947,27.1096,26.952,27.6062,27.152,26.5977,27.5434,27.9465,27.9486,27.0583,26.9552,27.0443,27.4506,27.5918,27.0644,27.3903,27.6314,27.3662,27.9602,26.9436,27.3533,27.5195,26.8069,28.074,26.5631,27.3243,26.8491,27.122,27.534,27.4599,26.8216,27.7437,27.5278,28.1206,26.799,27.3375,27.5537,27.3381,27.5238,27.1695,27.4042,26.9639,27.7751,28.0662,27.1823,27.5184,27.7209,27.3336,27.7693,26.1217,26.7603,27.4495,27.4352,28.0198,26.7522,27.0697,27.2222,27.7499,27.4136,27.1767,27.3628,27.0715,27.24,27.859,26.7688,27.2078,26.4029,27.7794,28.2536,26.8462,27.2883,27.4015,27.2022,27.2879,27.0807,26.9504,27.2755,27.0637,27.5578,27.2848,26.9671,27.8412,27.0423,28.1814,26.7526,27.1946,26.9279,27.0906,28.3273,26.9212,27.2103,27.48,27.3824,28.4271,26.2523,27.4592,27.4537,27.0767,27.2888,27.0542,27.3015,26.9384,26.946,27.9441,26.701,27.2547,27.8757,27.3282,28.7659,26.6032,27.0975,27.7571,27.7343,28.1038,26.5832,27.4383,26.8695,27.5317,27.8024
187,1:26:35 PM,27.0683,27.2497,27.132,26.9432,27.4894,26.9717,26.6271,27.4412,28.0655,27.8635,26.9892,26.9067,27.0788,27.4102,27.6016,26.9157,27.411,27.4556,27.227,27.8994,26.8828,27.3891,27.4434,26.8268,28.0349,26.5098,27.1938,26.9206,27.0992,27.5563,27.4367,26.9349,27.8183,27.4356,28.1144,26.7683,27.4433,27.4631,27.4692,27.502,27.1146,27.4743,26.9515,27.7506,27.9514,27.2648,27.5891,27.6342,27.3232,27.8326,26.1502,26.6906,27.5325,27.4363,27.9312,26.6673,27.1396,27.2127,27.769,27.3394,27.202,27.3513,27.0949,27.3064,27.8537,26.7984,27.1301,26.4049,27.8044,28.1818,26.9089,27.327,27.4328,27.042,27.207,27.0804,26.879,27.3583,27.1369,27.5305,27.3882,27.0487,27.8567,26.9828,28.2186,26.6923,27.2504,26.8672,27.078,28.2816,26.9487,27.2548,27.514,27.341,28.386,26.1845,27.5132,27.5744,27.0316,27.2454,27.0279,27.1859,26.853,26.9485,27.8608,26.8367,27.2775,27.788,27.4198,28.6939,26.5152,27.0601,27.8098,27.6806,28.1864,26.5974,27.3559,26.9921,27.503,27.8608
188,1:26:55 PM,27.0497,27.2947,27.1469,26.9262,27.5451,27.1028,26.6057,27.5601,27.8537,27.8147,27.0085,27.0651,27.0447,27.5137,27.6622,26.9963,27.3727,27.5177,27.3193,27.8884,26.9546,27.4195,27.3737,26.76,27.8855,26.5292,27.2294,26.8318,27.1675,27.5944,27.4161,26.8249,27.885,27.4631,28.0666,26.9062,27.364,27.5611,27.4721,27.4142,27.1871,27.4415,26.9703,27.7465,27.9271,27.2423,27.5644,27.7632,27.2534,27.857,26.1506,26.7783,27.3517,27.461,27.9663,26.7556,27.1053,27.2491,27.7964,27.3594,27.1776,27.3615,27.0352,27.3586,27.9908,26.724,27.1864,26.4731,27.643,28.1451,26.7826,27.3996,27.3651,27.0855,27.359,27.0102,26.8447,27.2712,27.1439,27.5376,27.2812,27.0386,27.8705,27.03,28.1956,26.7538,27.1538,26.8959,26.9494,28.2919,26.8781,27.2921,27.4538,27.2491,28.37,26.2325,27.4745,27.6216,27.0756,27.2976,26.9747,27.2682,27.0024,26.7918,27.8952,26.7882,27.2065,27.8134,27.2572,28.7529,26.6339,27.088,27.7954,27.7233,28.0353,26.5453,27.4466,26.8461,27.5008,27.8321
189,1:27:15 PM,27.0048,27.268,27.0678,26.9352,27.4891,27.0983,26.6055,27.518,27.8283,27.8374,27.1115,27.0564,26.9828,27.4135,27.477,26.9932,27.3704,27.5385,27.4304,27.8121,26.9634,27.455,27.4471,26.7973,27.9417,26.4467,27.3085,26.9125,27.067,27.5313,27.3374,26.947,27.8695,27.445,28.0645,26.8087,27.3475,27.5106,27.4312,27.534,27.1421,27.4974,26.9422,27.7076,27.8674,27.1796,27.638,27.6572,27.4034,27.7866,26.2128,26.8178,27.4929,27.4241,28.1357,26.8435,27.0948,27.2547,27.7146,27.457,27.2061,27.3435,27.0526,27.2408,27.8898,26.9,27.1474,26.3541,27.6828,28.2508,26.8625,27.2884,27.449,27.1286,27.3451,27.0287,26.9197,27.2871,27.013,27.5421,27.3731,26.9815,27.8319,27.0941,28.1849,26.7504,27.1027,26.8357,26.9526,28.2666,26.8905,27.1997,27.6,27.4399,28.4144,26.1914,27.529,27.5251,27.0363,27.2642,26.9103,27.2473,26.9949,26.8464,27.916,26.8812,27.1095,27.8172,27.4235,28.6683,26.671,27.1045,27.8667,27.63,28.0556,26.6396,27.3537,26.8884,27.5551,27.8525
190,1:27:35 PM,27.0025,27.3011,27.1867,26.9572,27.4296,27.0306,26.6057,27.5471,27.888,27.7801,27.0912,26.8774,27.0644,27.3921,27.5537,27.0043,27.3805,27.5477,27.2357,27.884,27.0208,27.5054,27.464,26.8174,27.9616,26.5008,27.299,26.916,27.1005,27.5563,27.3616,26.8944,27.9185,27.5318,28.0717,26.9002,27.4032,27.561,27.3467,27.4508,27.1747,27.4512,26.9653,27.7391,27.9316,27.2821,27.6126,27.7192,27.3004,27.7674,26.2172,26.8011,27.4686,27.439,27.9706,26.7171,26.9966,27.2215,27.7136,27.3727,27.1705,27.4205,27.147,27.2904,27.8291,26.8484,27.1801,26.4397,27.6663,28.1166,26.824,27.4182,27.4635,27.0779,27.2187,27.1396,26.9239,27.3643,27.1428,27.5163,27.3182,26.9525,27.7826,27.1252,28.2345,26.773,27.1938,26.8849,27.0545,28.352,26.918,27.1916,27.4153,27.3563,28.3548,26.2401,27.4649,27.5031,27.0337,27.3598,27.0859,27.2534,27.0348,26.8888,27.9865,26.8115,27.1432,27.8837,27.3234,28.6774,26.585,27.0616,27.7503,27.7902,28.0842,26.6523,27.388,26.9649,27.5577,27.7519
191,1:27:55 PM,27.026,27.2033,27.1,26.8831,27.4535,27.0761,26.6106,27.4892,27.8143,27.7966,27.0699,26.9752,26.9982,27.396,27.6429,27.0556,27.4237,27.5201,27.3057,27.8338,26.951,27.4717,27.4206,26.7944,27.9303,26.5674,27.2794,26.892,27.1155,27.6477,27.3355,26.8637,27.8568,27.4557,28.0637,26.8211,27.47,27.5227,27.4326,27.4377,27.2165,27.3747,26.9593,27.6451,27.819,27.2406,27.5355,27.7202,27.3492,27.7665,26.1936,26.6908,27.4006,27.4695,27.9918,26.7824,27.0601,27.1756,27.7257,27.4655,27.2041,27.3998,27.1112,27.4125,28.0039,26.7962,27.1807,26.4439,27.788,28.0993,26.9284,27.3132,27.3197,27.061,27.3092,27.0344,26.8306,27.3378,27.208,27.57,27.3318,27.0557,27.8342,27.0412,28.272,26.7389,27.2325,26.7779,27.0023,28.2969,26.9918,27.1796,27.5136,27.2526,28.4235,26.17,27.4986,27.5825,27.0633,27.2876,27.0257,27.26,26.8752,26.8383,27.9004,26.7901,27.213,27.8944,27.2979,28.7207,26.5783,27.0652,27.8377,27.6764,27.9386,26.5762,27.4517,26.9011,27.4537,27.8386
192,1:28:15 PM,27.1124,27.317,27.1196,26.9641,27.4831,27.0455,26.6032,27.4223,27.8206,27.9042,27.0863,27.0689,27.1262,27.3755,27.6229,26.9744,27.3894,27.4345,27.4057,27.8508,26.9612,27.3735,27.5173,26.7781,28.0583,26.4823,27.1999,26.7762,27.0076,27.6171,27.4143,26.8202,27.851,27.5052,28.0966,26.843,27.3852,27.5747,27.4368,27.4895,27.1651,27.4182,26.9892,27.7048,27.8751,27.1673,27.6166,27.7614,27.4197,27.785,26.2408,26.7292,27.3759,27.3825,27.8922,26.7459,27.0367,27.1964,27.725,27.4055,27.2373,27.4007,27.1449,27.2946,27.8981,26.8198,27.1574,26.4198,27.698,28.1466,26.9025,27.33,27.4843,26.9917,27.222,27.0275,26.8436,27.3244,27.1612,27.4321,27.2586,26.9221,27.8248,27.1254,28.2106,26.7143,27.1926,26.7325,26.9516,28.2783,26.9165,27.35,27.483,27.1828,28.3037,26.1888,27.4417,27.5142,27.0521,27.176,27.1444,27.1559,26.9635,26.8358,27.87,26.8748,27.1675,27.8863,27.2962,28.6574,26.6067,27.0584,27.7129,27.736,28.0225,26.5289,27.3748,26.8775,27.5185,27.7456
193,1:28:35 PM,27.0876,27.2573,27.1316,26.9936,27.4352,27.0628,26.5341,27.4483,27.834,27.8768,27.0607,26.9544,27.0913,27.3508,27.5833,26.9578,27.3565,27.5552,27.3527,27.8174,26.9828,27.4633,27.3081,26.7764,27.9706,26.5676,27.2386,26.8753,27.1753,27.5773,27.3856,26.8723,27.8403,27.4826,28.0644,26.7963,27.3475,27.5812,27.3592,27.4471,27.1448,27.4421,27.0208,27.6379,27.8855,27.1553,27.6435,27.6206,27.3925,27.7736,26.2647,26.8046,27.4162,27.5593,27.8812,26.7424,27.0441,27.2266,27.7924,27.3479,27.0756,27.3805,26.998,27.3128,27.9847,26.7423,27.0819,26.4074,27.6711,28.1602,26.8119,27.269,27.4583,27.202,27.3658,27.044,26.9431,27.3202,26.9902,27.5242,27.1861,26.9564,27.7949,27.128,28.1513,26.7717,27.1287,26.8234,27.0629,28.295,26.9243,27.2871,27.482,27.2663,28.4184,26.1803,27.4489,27.6444,27.0415,27.2105,26.9489,27.3147,26.9512,26.8954,27.8353,26.8042,27.2026,27.7953,27.2834,28.6883,26.5923,26.954,27.7162,27.6731,28.1091,26.6219,27.4353,26.8701,27.4531,27.6994
194,1:28:55 PM,27.011,27.3475,27.1191,26.9217,27.4545,27.1438,26.5954,27.5249,27.8491,27.8514,27.137,26.9612,27.0667,27.3464,27.546,27.0196,27.404,27.5668,27.2756,27.8043,26.9075,27.4301,27.4923,26.8838,27.973,26.4359,27.2581,26.8126,27.0207,27.711,27.4081,26.9295,27.9694,27.4552,28.0128,26.8052,27.4101,27.375,27.3964,27.493,27.1497,27.3713,26.9605,27.6796,27.9032,27.1684,27.5669,27.6711,27.3346,27.7746,26.2055,26.7555,27.3414,27.4631,28.0089,26.7467,27.0517,27.2515,27.7102,27.4416,27.1807,27.3189,27.0319,27.2272,27.8685,26.8266,27.2029,26.4798,27.7466,28.0686,26.8265,27.2424,27.4349,27.0131,27.1725,26.9873,26.9175,27.1914,27.1162,27.5238,27.3003,26.9975,27.8618,27.1073,28.0989,26.6687,27.1131,26.8483,26.9855,28.2772,26.9337,27.2729,27.4694,27.19,28.3153,26.1409,27.4466,27.5097,27.0925,27.1992,27.0255,27.1995,27.0009,26.8567,27.7922,26.8157,27.1316,27.8496,27.1971,28.6297,26.4743,27.0507,27.7723,27.7125,27.9746,26.5955,27.4116,26.8788,27.4449,27.7475
195,1:29:15 PM,27.0695,27.2006,27.1539,27.0269,27.4596,27.0938,26.5307,27.4947,27.8425,27.7534,27.0872,26.9778,27.0995,27.3455,27.5193,26.899,27.2914,27.6334,27.3178,27.7773,26.8595,27.3878,27.4894,26.8897,27.9826,26.4436,27.2112,26.7933,27.152,27.5064,27.4211,26.8253,27.9213,27.5004,28.0818,26.8384,27.2842,27.4941,27.3442,27.4038,27.131,27.3674,26.9693,27.6589,27.8731,27.3058,27.5927,27.7137,27.2739,27.7223,26.2191,26.7508,27.4829,27.396,27.9924,26.7873,26.9821,27.1762,27.7245,27.3605,27.184,27.3816,27.0896,27.3408,27.8298,26.8311,27.2536,26.4849,27.6721,28.1731,26.8808,27.2902,27.3538,27.1743,27.2247,27.1081,26.9479,27.3426,27.1242,27.5627,27.2303,26.9142,27.7549,27.0215,28.1787,26.6891,27.2215,26.8541,27.0951,28.3534,26.9594,27.1376,27.469,27.2427,28.3021,26.1814,27.4245,27.5361,27.1151,27.3689,27.0846,27.2654,26.8775,26.814,27.8276,26.7778,27.23,27.8218,27.3744,28.5282,26.6348,26.9486,27.8056,27.6474,28.0648,26.5423,27.3594,26.8764,27.5092,27.7521
196,1:29:35 PM,27.099,27.3293,27.1206,26.984,27.4564,27.1011,26.5996,27.5678,27.9087,27.8178,27.0156,26.9397,27.0385,27.3677,27.5414,26.9874,27.2742,27.5176,27.3073,27.82,26.9477,27.4211,27.469,26.726,27.9835,26.5837,27.1517,26.8168,27.0389,27.619,27.3161,26.8156,27.8655,27.4637,28.0381,26.8355,27.3503,27.423,27.395,27.4761,27.1347,27.3518,26.9497,27.6297,27.8418,27.1652,27.5423,27.7738,27.3406,27.7671,26.1701,26.7611,27.5641,27.3773,28.0157,26.6933,27.0421,27.1782,27.7554,27.3896,27.3113,27.3744,27.0339,27.2327,27.9,26.8174,27.1801,26.434,27.7608,28.1173,26.7651,27.3713,27.4697,27.0362,27.1951,26.9906,26.9154,27.2848,27.1083,27.5696,27.2292,27.0008,27.7938,27.099,28.158,26.6697,27.1598,26.8294,26.9729,28.3193,26.938,27.159,27.4242,27.1831,28.2414,26.1148,27.4211,27.5533,27.0396,27.2066,26.9737,27.2702,26.9295,26.8468,27.8458,26.7962,27.1784,27.8273,27.1979,28.6158,26.629,27.0223,27.7893,27.6949,28.0505,26.5558,27.3538,26.8745,27.4871,27.6984
197,1:29:55 PM,27.0279,27.2561,27.0719,26.9876,27.4594,27.0457,26.5567,27.5103,27.85,27.767,27.1551,26.903,27.0623,27.4052,27.6222,26.9925,27.3385,27.5024,27.2439,27.8473,26.8628,27.3888,27.272,26.6384,27.7957,26.5133,27.2463,26.81,27.0973,27.5749,27.3717,26.838,27.8549,27.4257,27.9708,26.8432,27.458,27.5343,27.3491,27.3518,27.2236,27.4586,26.9978,27.6461,27.9253,27.3163,27.6711,27.6871,27.3953,27.7808,26.1474,26.7667,27.3911,27.3489,27.92,26.8027,27.0391,27.2324,27.7907,27.4628,27.251,27.4658,26.9904,27.2105,27.846,26.8507,27.1328,26.4105,27.838,28.0887,26.8232,27.4382,27.5205,27.1219,27.1674,27.0959,26.8208,27.297,27.0916,27.4874,27.2663,27.0298,27.7935,27.0429,28.1797,26.7367,27.1332,26.8153,26.9527,28.2965,26.9004,27.2418,27.574,27.2256,28.3549,26.1997,27.4807,27.4166,27.0278,27.2244,26.9701,27.3337,26.9464,26.8068,27.9206,26.8961,27.1533,27.8392,27.2982,28.722,26.6138,27.0571,27.8278,27.5984,28.0621,26.5567,27.3139,26.8546,27.431,27.7747
198,1:30:15 PM,27.081,27.2075,27.1069,26.897,27.3937,26.9831,26.694,27.4356,27.8601,27.8734,27.0858,27.0346,27.0991,27.3727,27.4997,26.9469,27.3391,27.4019,27.2788,27.792,27.0318,27.4049,27.4929,26.7703,27.8942,26.482,27.3235,26.9076,27.1349,27.6149,27.3608,26.9152,27.8731,27.4173,27.9312,26.8347,27.3761,27.4912,27.3346,27.448,27.1014,27.4022,26.9794,27.6887,27.7955,27.168,27.5787,27.6507,27.3827,27.7262,26.2294,26.7528,27.3714,27.4438,27.9782,26.752,26.9774,27.2065,27.6934,27.322,27.2782,27.2925,27.0029,27.3194,27.9181,26.8042,27.1764,26.4198,27.7052,28.1668,26.821,27.454,27.4037,27.0961,27.2136,26.9697,26.8422,27.2275,27.0651,27.5349,27.2108,27.0407,27.8195,27.0242,28.1126,26.6786,27.1277,26.8681,26.9784,28.2385,26.8853,27.2295,27.4556,27.2281,28.2882,26.2232,27.4049,27.5131,27.0343,27.3461,27.0288,27.243,26.9592,26.7974,27.8341,26.8311,27.2157,27.8071,27.259,28.6572,26.6408,26.9328,27.7902,27.6908,27.9755,26.6074,27.2376,26.9265,27.5055,27.8501
199,1:30:35 PM,27.0825,27.2369,27.049,26.9788,27.4246,27.0494,26.5824,27.4615,27.9238,27.7917,27.0553,26.9073,27.0289,27.3579,27.5462,27.0409,27.3035,27.5201,27.2785,27.8426,26.9956,27.3841,27.3762,26.7674,27.8769,26.566,27.2475,26.8723,27.2077,27.5661,27.3339,26.8733,27.8727,27.463,28.0268,26.7416,27.3401,27.574,27.3392,27.2762,27.0902,27.4572,26.9112,27.6444,27.8493,27.159,27.5567,27.7706,27.4221,27.6413,26.1541,26.7139,27.3419,27.3828,27.8031,26.6533,27.0832,27.2072,27.7698,27.3681,27.2362,27.3326,27.0635,27.2139,27.9283,26.8048,27.2386,26.4497,27.6269,28.1282,26.9418,27.3179,27.4235,27.0837,27.1861,27.0187,26.8239,27.3587,26.9981,27.5383,27.2706,26.9369,27.8328,27.076,28.0924,26.7049,27.1722,26.9268,27.0339,28.3016,26.9687,27.2065,27.5057,27.218,28.3206,26.1171,27.417,27.5731,26.993,27.3098,26.9776,27.1796,26.962,26.779,27.8243,26.8063,27.2043,27.802,27.3,28.6857,26.5724,27.0236,27.7706,27.5964,28.0407,26.5744,27.3319,26.8475,27.4716,27.7613
200,1:30:55 PM,27.0175,27.2327,27.103,26.8728,27.3801,27.1151,26.5204,27.4903,27.8433,27.7653,27.0096,27.0143,27.0138,27.4789,27.5096,26.9475,27.3931,27.5823,27.3082,27.841,27.026,27.353,27.4047,26.8136,27.9552,26.5704,27.3236,26.803,27.1213,27.4811,27.3338,26.9094,27.8663,27.515,27.977,26.7784,27.361,27.5232,27.2882,27.3374,27.1991,27.3748,26.9265,27.6422,27.8551,27.272,27.5893,27.7272,27.3104,27.6933,26.2129,26.7856,27.3403,27.2881,27.953,26.7594,27.0383,27.0754,27.8008,27.3129,27.1991,27.2771,27.0842,27.237,27.925,26.7707,27.2293,26.4079,27.6928,28.1902,26.8438,27.2977,27.4207,27.0085,27.1867,27.084,26.9187,27.3495,27.1343,27.5252,27.2714,26.9498,27.8008,27.0902,28.156,26.7914,27.1788,26.9786,27.0074,28.2919,26.8899,27.153,27.4057,27.3735,28.3196,26.1324,27.5129,27.521,27.0621,27.1978,27.0393,27.161,26.9238,26.7706,27.8383,26.719,27.1876,27.8,27.1883,28.6641,26.5852,27.006,27.719,27.6043,27.9507,26.4722,27.3777,26.8035,27.5143,27.7634
201,1:31:15 PM,27.09,27.2637,27.0935,26.9732,27.4982,26.9909,26.5815,27.3708,27.8734,27.8187,27.1046,27.0513,26.9202,27.4367,27.5796,26.9775,27.2339,27.5004,27.229,27.7756,26.9222,27.437,27.434,26.7686,27.9294,26.5507,27.2678,26.8397,27.0242,27.576,27.4089,26.8679,27.8192,27.5481,28.044,26.8652,27.3405,27.4851,27.3412,27.4001,27.1179,27.297,26.9758,27.6042,27.9244,27.2852,27.6004,27.756,27.2812,27.8126,26.2793,26.6855,27.3773,27.2822,27.978,26.7502,27.0757,27.1955,27.6931,27.3267,27.221,27.3422,27.1348,27.3263,27.867,26.8282,27.1964,26.4354,27.7328,28.1495,26.906,27.2629,27.4037,27.0089,27.2498,27.0903,26.8267,27.2439,27.1639,27.4266,27.168,27.0029,27.7655,27.0756,28.1749,26.6473,27.156,26.8768,27.0602,28.1937,26.9591,27.2574,27.3562,27.2406,28.2774,26.1345,27.5094,27.4554,26.9218,27.1878,26.9898,27.3205,26.9297,26.8401,27.9311,26.9142,27.1858,27.8039,27.2629,28.6653,26.559,27.0274,27.7051,27.5825,28.0068,26.6917,27.3172,27.0238,27.502,27.777
202,1:31:35 PM,27.1077,27.2663,27.0897,26.9274,27.3454,27.0046,26.6043,27.5677,27.8801,27.7827,27.0616,26.9059,27.0063,27.3479,27.523,27.0077,27.3016,27.6432,27.2151,27.8538,26.9442,27.4458,27.4716,26.7511,27.931,26.4613,27.2169,26.8381,27.156,27.588,27.3336,26.8356,27.9311,27.3773,27.98,26.7024,27.3648,27.5451,27.355,27.3613,27.1421,27.4022,27.0178,27.6411,27.8323,27.2374,27.6266,27.612,27.3513,27.6458,26.2238,26.8133,27.4612,27.3637,27.8822,26.7062,27.0646,27.247,27.6532,27.3491,27.2604,27.2787,27.0091,27.1859,27.9382,26.7452,27.1858,26.4014,27.7256,28.1181,26.8435,27.3731,27.4013,27.026,27.2593,27.0262,26.7662,27.3091,27.0802,27.5411,27.2609,26.9303,27.7947,27.091,28.1381,26.6152,27.0992,26.7019,26.9758,28.2326,26.8753,27.2996,27.4112,27.3218,28.3347,26.1129,27.4817,27.4965,26.9694,27.1883,26.8805,27.2314,26.9435,26.7459,27.8099,26.7379,27.3467,27.8734,27.3194,28.7013,26.5307,27.0591,27.7971,27.5951,28.0715,26.5421,27.4041,26.9208,27.4121,27.7018
203,1:31:55 PM,27.1339,27.23,27.0975,26.9613,27.5008,27.0786,26.6657,27.5211,27.7796,27.8964,27.1685,26.9509,27.0777,27.3417,27.5338,27.0683,27.3228,27.5382,27.2881,27.7704,26.9012,27.42,27.4646,26.8158,27.8488,26.4869,27.3194,26.8464,27.1045,27.4619,27.3469,26.8588,27.847,27.464,28.0294,26.834,27.403,27.49,27.3881,27.3779,27.1207,27.5063,26.954,27.7136,27.8736,27.2512,27.657,27.7025,27.3317,27.7929,26.171,26.6937,27.5481,27.3562,27.9609,26.7492,26.946,27.1724,27.7821,27.3325,27.2758,27.4053,26.9994,27.2187,27.8254,26.8103,27.185,26.2454,27.7469,28.178,26.907,27.265,27.4643,27.0292,27.2376,27.0114,26.8591,27.384,27.1875,27.4967,27.2177,26.9512,27.7186,27.0495,28.173,26.7472,27.1053,26.8667,26.9489,28.2417,26.8839,27.2297,27.4978,27.2854,28.3128,26.1981,27.5234,27.4241,26.972,27.2343,26.983,27.2208,26.9696,26.7398,27.8584,26.7903,27.0898,27.8221,27.3002,28.6046,26.4972,27.103,27.7176,27.6082,27.9734,26.6041,27.3464,26.8323,27.4845,27.6672
204,1:32:15 PM,27.1324,27.2514,27.011,26.8911,27.5101,27.0265,26.5725,27.5541,27.7625,27.7867,27.0701,27.074,27.0777,27.3686,27.4744,27.0001,27.2776,27.5634,27.3772,27.8985,26.9857,27.5028,27.4898,26.8465,27.9422,26.5205,27.2586,26.8892,27.1009,27.6463,27.3061,26.8799,27.9354,27.476,27.989,26.8212,27.3328,27.4772,27.3497,27.3726,27.0589,27.4032,26.9529,27.7143,27.861,27.1773,27.6537,27.6148,27.3321,27.6406,26.1272,26.7924,27.3453,27.3116,27.9069,26.6757,26.9942,27.2242,27.733,27.3434,27.2187,27.4196,26.9773,27.1967,27.8864,26.8201,27.1761,26.4049,27.6832,28.152,26.7999,27.3048,27.4174,27.0563,27.1186,27.1293,26.858,27.2906,27.017,27.4835,27.2109,27.0562,27.7816,26.9953,28.0651,26.6683,27.1283,26.8816,27.0336,28.3032,26.9453,27.1818,27.4747,27.1912,28.2555,26.1591,27.5179,27.4909,27.008,27.2184,27.061,27.2025,26.9025,26.8286,27.8329,26.8217,27.1542,27.8727,27.2659,28.6954,26.5913,27.0603,27.777,27.6541,28.0357,26.5814,27.4264,26.8149,27.4338,27.7202
205,1:32:35 PM,26.9499,27.2776,26.9882,26.879,27.4107,26.993,26.4445,27.3952,27.8841,27.7348,27.0268,27.0064,27.0146,27.4092,27.4556,27.0474,27.4007,27.4506,27.2732,27.8037,26.8808,27.3617,27.4076,26.6054,27.9798,26.427,27.1797,26.7607,27.1058,27.5788,27.3866,26.7797,27.8321,27.4356,28.1095,26.8199,27.2239,27.521,27.2722,27.3101,27.1631,27.3507,26.9444,27.6816,27.7591,27.2432,27.5763,27.6029,27.2904,27.6874,26.0768,26.4746,27.2558,27.2123,27.906,26.5074,27.0455,27.126,27.6567,27.3533,27.1739,27.3399,27.0613,27.2086,27.8854,26.8736,27.1016,26.4242,27.6855,28.1278,26.6827,27.302,27.4219,26.9859,27.1973,26.8752,26.63,27.1957,26.9099,27.4362,27.1583,26.9389,27.6797,26.8864,28.1654,26.4591,27.0129,26.7218,26.9522,28.2054,26.8357,27.2079,27.4218,27.2128,28.2214,26.0885,27.4097,27.5514,26.9445,27.2451,26.9416,27.179,26.8789,26.7876,27.8003,26.6987,27.1418,27.8236,27.2995,28.6686,26.4247,26.8337,27.7339,27.6295,27.9707,26.2909,27.2699,26.8104,27.4378,27.7383
206,1:32:55 PM,26.7233,27.0305,26.8575,26.8579,27.2895,27.0052,26.5955,27.5228,27.8778,27.6723,27.0999,26.9278,26.9114,27.3358,27.4634,27.0356,27.222,27.4784,27.2351,27.7601,26.8144,27.3421,27.3956,26.5531,27.9174,26.0921,26.7924,26.3346,26.6023,27.531,27.263,26.8731,27.8379,27.4802,28.0373,26.8221,27.3657,27.5424,27.3606,27.3228,27.214,27.3247,26.8187,27.6532,27.8565,27.215,27.5673,27.6874,27.1966,27.6828,25.8916,26.1494,27.0863,27.0149,27.8826,26.238,26.9167,27.1236,27.689,27.2432,27.2545,27.3051,27.0505,27.2162,27.9802,26.8361,27.1383,26.3994,27.581,28.1548,26.3669,27.2963,27.528,26.9771,27.1786,26.6689,26.5375,27.2099,26.8976,27.2989,27.145,26.6065,27.264,26.5517,28.0009,26.1781,26.841,26.6816,26.8587,28.1515,26.3573,27.0037,27.3527,27.2761,28.3218,25.738,27.1535,27.4216,26.8748,27.1687,26.9764,27.2024,26.7697,26.6108,27.7465,26.5338,27.1256,27.7181,27.2862,28.4997,26.0941,26.6037,27.8662,27.5804,27.9705,26.1238,27.2339,26.7018,27.43,27.8948
207,1:33:15 PM,26.6441,26.9037,26.6867,26.6476,27.3767,26.9444,26.3228,27.5026,27.9092,27.7611,27.0542,26.9939,26.8147,27.2422,27.357,26.8949,27.1462,27.2881,27.2497,27.606,26.8958,27.3431,27.3789,26.4332,27.776,26.1436,26.8668,26.2731,26.7127,27.3896,27.2901,26.7994,27.8885,27.4092,27.9666,26.6923,27.3995,27.4436,27.2481,27.2361,27.0758,27.3714,26.76,27.6092,27.7305,27.1538,27.6067,27.6674,27.2255,27.7297,25.7044,26.1246,27.0473,27.0967,27.9441,26.0504,26.6651,27.1921,27.6035,27.1843,27.1622,27.2379,26.9767,27.2395,27.9301,26.7221,27.0882,26.4106,27.715,28.152,26.3283,27.0634,27.3273,26.9552,27.0446,26.3887,26.3553,27.1701,26.6838,27.4529,27.1755,26.58,27.3662,26.2855,28.1388,26.021,26.4726,26.2915,26.6973,28.0955,26.1201,26.9984,27.2515,27.0449,28.2147,25.5754,27.1879,27.3759,26.8328,27.0397,26.8002,27.0467,26.5883,26.6956,27.6869,26.4689,27.0124,27.4785,27.0836,28.2485,25.6805,26.423,27.6343,27.6033,27.8795,25.6438,27.0279,26.932,27.5474,27.7852
208,1:33:35 PM,26.2594,26.5627,26.3623,26.5951,27.3767,26.9007,26.3177,27.2877,27.7469,27.6973,26.8111,26.8598,26.7658,27.2097,27.4354,26.8605,27.1912,27.377,27.1443,27.5491,26.8068,27.1842,27.2888,26.3986,27.5689,25.5361,26.4094,25.63,26.3113,27.4678,27.2619,26.5828,27.7677,27.2604,27.8037,26.5487,27.2221,27.3438,27.212,27.1915,26.953,27.1969,26.6171,27.4959,27.7349,27.151,27.5567,27.5924,27.2928,27.5788,25.4167,25.6863,26.8106,26.8702,27.7864,25.3374,26.318,27.0865,27.6628,27.2152,27.105,27.1485,26.8976,27.1912,27.8191,26.7096,26.9809,26.2903,27.5628,27.9881,25.3495,26.8877,27.0637,26.9282,27.0294,26.0923,26.0803,27.1678,26.5116,27.3199,27.1231,26.2582,27.0682,26.1137,28.0155,25.3247,26.0875,25.805,26.6654,27.8565,25.5386,26.5545,26.7722,26.9152,28.2532,25.1763,26.706,27.0159,26.7568,26.887,26.7277,26.9258,26.5124,26.5554,27.6038,25.8995,27.019,27.446,26.9915,28.3077,25.2989,26.3237,27.4739,27.4779,27.9618,25.1831,26.8284,26.4021,27.2883,27.6712
209,1:33:55 PM,26.0005,26.233,26.106,26.2038,27.2536,26.8751,26.1125,27.3651,27.6036,27.6191,26.5888,26.4199,26.509,26.9421,27.1288,26.7412,27.1657,27.3288,27.1884,27.3594,26.7919,26.9475,27.118,26.1309,27.5704,25.3318,26.1191,25.5766,26.2011,27.3746,27.0481,26.6082,27.706,26.937,27.7194,26.2473,26.9612,27.1869,27.0297,27.2086,26.9679,27.2163,26.4707,27.4684,27.5901,27.1311,27.3572,27.6348,27.1959,27.3491,25.2245,25.2511,26.7179,26.6293,27.711,25.2753,26.4523,26.9583,27.3958,27.0387,26.942,27.0972,26.8337,26.988,27.773,26.5756,26.82,26.1612,27.5989,28.0503,25.5502,26.6369,27.1563,26.8308,26.951,25.9501,25.8035,26.9216,26.2907,27.2254,27.1156,26.2052,26.8829,25.9115,27.8916,25.1068,26.0594,25.8169,26.3291,27.9897,25.3336,26.6105,26.6496,26.6892,28.2043,24.781,26.0969,27.0481,26.6912,26.9645,26.5444,26.8919,26.3005,26.3173,27.6259,25.9691,26.7282,26.983,27.28,28.464,24.8227,26.016,27.4291,27.3325,27.578,24.6722,26.6495,25.8605,27.0038,27.5018
210,1:34:15 PM,25.8084,26.0035,25.6144,26.1129,27.2337,26.5917,26.0921,27.2632,27.4261,27.6979,26.3104,26.369,26.3705,26.8363,26.9457,26.7325,27.011,27.2637,27.0315,27.262,26.5551,26.9144,27.2787,26.149,27.499,24.991,25.7801,25.1754,25.9894,27.3216,26.7636,26.2055,27.4344,26.8206,27.75,26.1681,26.9679,27.0351,26.6712,26.6878,26.7381,27.1495,26.491,27.2562,27.6263,26.7956,27.3374,27.4814,27.1889,27.3728,24.7742,25.0818,26.4169,26.5684,27.625,24.9167,26.3619,26.8149,27.4188,27.0438,26.6701,26.9584,26.5592,26.7003,27.8014,26.3971,26.5931,26.0961,27.4809,27.9757,25.2506,26.4777,26.8942,26.7688,26.7886,25.4901,25.6746,26.8216,26.2454,27.0946,27.0747,25.7843,26.0157,25.1876,27.8182,25.0285,25.855,25.7915,26.4455,27.9431,25.3667,26.1076,26.2772,26.71,28.1454,24.6311,26.0886,26.91,26.442,26.3463,26.5345,26.555,26.2344,26.2802,27.6312,25.5125,26.5492,26.8016,26.8408,28.4528,24.743,25.7145,27.0252,27.1552,27.4545,24.6283,26.3233,25.8299,26.8135,27.2604
211,1:34:35 PM,25.3824,25.5738,25.5565,25.9042,27.2576,26.2784,26.0404,27.0183,27.4358,27.5487,26.0699,26.2663,25.9163,26.2318,26.9603,26.5059,26.8096,27.1037,26.9921,27.3215,26.2747,26.9106,27.2348,26.0388,27.3897,24.6412,25.5893,25.0651,25.6502,27.1509,26.7002,26.1433,27.3327,26.8089,27.7584,25.8066,26.8824,26.5664,26.5897,26.6727,26.3307,26.753,26.2264,27.405,27.6019,26.7717,27.2013,27.4743,27.0414,27.4523,24.5596,24.7918,26.3458,26.4816,27.5742,24.5297,26.3697,26.607,27.0897,26.8976,26.5437,26.9694,26.5174,26.6094,27.5932,26.3544,26.1712,26.057,27.4,27.9201,25.1718,26.2993,26.4287,26.6772,26.7549,25.3248,25.3062,26.6082,26.1308,27.0809,27.0014,25.8185,26.3967,25.0007,27.7744,24.5552,25.473,25.2906,26.1934,27.6405,24.6827,25.847,26.3576,26.3479,28.1161,24.4186,26.0502,26.512,26.2343,26.358,26.2045,26.4957,26.2139,26.3344,27.374,25.5541,26.5171,26.7202,26.7374,28.4361,24.5499,25.0205,26.8836,26.9219,27.4011,24.3992,26.3277,25.6689,26.6358,27.1299
212,1:34:55 PM,25.0674,25.3812,25.2426,26.0322,27.1372,26.0665,25.315,26.9796,27.5206,27.4892,25.8298,25.8468,25.8401,26.2925,26.8605,26.5318,26.8098,27.0596,26.8198,27.0771,26.1942,26.4388,27.1147,25.7736,27.2246,24.4666,25.3568,24.7878,25.6977,27.148,26.6108,26.3772,27.1934,26.6062,27.5585,25.6946,26.6839,26.4399,26.2257,26.4126,26.5363,26.5925,25.9157,27.2759,27.4795,26.8461,27.0552,27.2999,26.9604,27.2815,24.2891,24.5601,26.1068,26.4064,27.5353,24.257,26.1487,26.6022,27.0282,26.6053,26.3534,26.6351,26.4252,26.3107,27.4806,25.8935,26.0944,25.7553,27.2769,27.7198,24.4923,26.0863,25.9189,26.4827,26.7735,25.1372,25.1618,26.5119,26.1784,27.0836,26.8794,25.5397,26.0724,25.0747,27.7632,24.1928,25.2158,25.1846,25.8706,27.4429,24.6137,25.7464,25.971,26.1831,27.9155,24.2926,25.9181,26.4225,25.748,26.1569,25.9832,26.3878,25.5741,25.7766,27.1329,24.9081,26.061,26.5543,26.4149,28.3367,24.2094,25.0983,26.7875,26.8903,27.1077,23.9196,26.0255,25.5773,26.3857,26.9381
213,1:35:15 PM,24.8236,25.1883,25.1453,25.6035,27.003,25.9864,25.3517,26.9794,27.2838,27.478,25.4599,25.7533,25.5687,26.0529,26.7576,26.4086,26.8685,27.122,26.8392,26.9799,25.6291,26.134,26.8824,25.6466,27.3002,24.3184,25.1208,24.632,25.058,27.0736,26.3444,25.8668,26.9122,25.8776,27.5407,25.4408,26.5459,26.3626,25.8414,26.1175,26.4206,26.3349,25.8487,27.0449,27.2907,26.7714,27.045,27.2374,26.8462,27.1873,24.0309,24.0726,25.8894,25.9956,27.462,24.0158,25.9182,26.3967,26.8704,26.4163,26.0031,26.6218,26.08,26.1122,27.431,25.9346,25.9544,25.6157,27.1751,27.6887,24.3783,25.9924,26.239,26.6191,26.615,24.9591,25.0458,26.3691,25.4492,26.7705,26.7936,24.961,25.4327,24.5775,27.5712,23.6214,25.1533,25.0417,25.2794,27.1115,24.5265,25.5121,26.1472,26.1319,28.0131,24.0912,25.7774,26.2369,25.647,25.7838,25.9253,26.1678,25.449,25.6808,27.1916,25.0545,26.1305,26.1772,26.4507,28.1573,23.9096,24.602,26.4803,26.5776,26.9138,23.5181,25.5504,25.284,26.077,26.8456
214,1:35:35 PM,24.5311,25.022,24.7344,25.1782,26.8388,25.7753,25.1814,26.736,27.2092,27.2675,25.2591,25.5367,25.301,25.6196,26.5259,26.1305,26.6153,26.765,26.6747,26.8143,25.6638,25.9488,26.7857,25.1334,27.0174,24.0751,24.8061,24.2653,24.816,26.9583,26.6423,25.7732,26.7276,26.0091,27.4476,25.2368,26.2643,25.8699,25.8776,25.8283,26.2672,26.2642,25.6851,26.891,27.012,26.6374,26.8303,27.1496,26.7757,27.0542,23.698,23.8922,25.6191,25.9119,27.2708,23.7117,25.5619,26.1224,26.8176,26.4413,25.9454,26.3986,26.0109,25.836,27.3594,25.6682,25.5533,25.4647,26.9785,27.5543,24.2297,25.541,25.8813,26.2555,26.2832,24.4781,24.655,25.9983,25.6746,26.7373,26.5844,24.8475,25.0749,24.3565,27.3384,23.66,24.6396,24.8639,25.2968,27.3754,24.1751,25.2522,25.826,25.674,27.8299,23.8737,25.6798,26.1062,25.3816,25.6376,25.5121,25.8973,25.3687,25.641,26.6516,24.4504,26.0447,25.9814,25.9468,27.9871,23.5422,24.2396,26.3058,26.2987,26.8156,23.4089,25.6653,25.3071,26.0564,26.5869
215,1:35:55 PM,24.4179,24.7595,24.566,25.1512,26.7293,25.5888,25.1248,26.5582,27.2046,27.1174,25.143,25.2512,25.1555,25.6003,26.2205,25.9686,26.3554,26.594,26.5822,26.4959,25.4824,25.8876,26.5988,24.7593,26.8314,24.008,24.7307,23.8649,24.8264,26.8683,26.0791,26.0005,26.6524,26.0825,27.442,25.1787,26.2241,25.8191,25.2809,25.5726,25.8829,25.8014,25.3154,26.6921,26.9411,26.3315,26.7223,26.9232,26.6729,26.7994,23.8765,23.9264,25.4381,25.6331,27.2306,23.8758,25.0812,26.2312,26.7055,26.0609,26.1026,25.8595,25.9625,25.4895,27.2545,25.7252,25.2396,24.9617,26.7847,27.3879,24.079,25.4967,25.6492,25.9553,26.4221,24.3677,24.529,26.0645,25.0424,26.5374,26.4545,24.6701,25.742,24.5428,27.3914,23.3775,24.6075,24.5484,25.0744,27.0679,23.9007,24.9588,25.0515,25.4461,27.5763,23.2975,25.1601,25.6094,24.9714,25.1908,25.2863,25.6895,25.2502,25.5232,27.076,24.8353,25.5949,25.8769,26.078,27.9579,23.3474,24.1413,26.1061,26.1318,26.5049,23.132,25.4782,25.3123,25.8376,26.2777
216,1:36:15 PM,24.2454,24.6906,24.5656,24.9804,26.6255,25.6017,24.8513,26.4489,26.883,27.0755,24.7724,25.0422,24.915,25.5044,26.1311,25.9162,26.098,26.2661,26.3944,26.4586,25.4717,25.3908,26.4517,24.578,26.5133,23.7457,24.5464,24.0107,24.6804,26.5319,26.1655,25.4125,26.3295,25.4845,27.3825,24.9137,25.8378,25.3786,25.2688,25.3146,25.8575,25.8196,25.241,26.3793,26.7368,26.1521,26.5671,26.8218,26.4103,26.6482,23.582,23.5739,25.2861,25.6135,27.1171,23.4615,25.057,25.9882,26.6244,26.1463,25.7293,26.0404,25.7837,25.3465,26.9785,25.4172,25.2797,25.1472,26.6755,27.2792,23.6997,25.0853,25.1967,25.8934,26.2302,24.2467,24.3278,25.8868,25.3042,26.2953,26.354,24.5926,25.072,23.5745,27.2335,23.2508,24.4218,24.3666,24.835,26.9667,23.4872,24.6176,25.0452,25.1858,27.5843,23.3029,24.9098,25.4485,24.7391,25.0133,25.2413,25.4989,25.0471,25.2602,26.1535,24.0718,25.4475,25.6458,25.4169,27.4178,23.2177,23.8559,25.9701,25.9738,26.3475,22.6761,25.2387,24.683,25.5303,26.2243
217,1:36:35 PM,23.9937,24.4308,24.3197,24.7545,26.5278,25.4088,25.0119,26.4252,26.8295,27.0539,24.8933,25.0,24.5763,25.3889,26.0573,25.6765,25.847,26.1428,26.2207,26.2931,25.4945,25.4102,26.3301,24.3726,26.3524,23.5988,24.3404,23.6945,24.3421,26.5495,25.7998,25.7416,26.2045,25.2937,27.3178,24.6965,25.7275,25.3426,25.0003,25.395,25.6913,25.5904,25.067,26.4441,26.8101,25.6468,26.1659,26.7022,26.4772,26.4115,23.294,23.4894,25.0246,25.3922,26.8745,23.5043,25.1015,25.8282,26.489,26.0367,25.5722,25.8481,25.5089,25.1468,26.8748,25.2828,25.1066,24.9542,26.4202,26.9938,23.2575,24.9111,25.1076,25.5422,25.6618,24.0418,24.2705,25.7852,24.8955,26.2851,26.1205,24.4242,25.0841,23.7238,26.945,23.0587,24.0197,24.1249,24.4617,26.6854,23.3367,24.4353,24.8883,25.0577,27.4102,23.0335,24.8004,25.5625,24.7563,24.897,25.0302,25.368,24.6229,25.1074,26.3687,23.9078,25.2174,25.255,25.2019,27.5091,22.8004,23.8747,26.0438,25.5305,26.2443,22.5496,25.2016,24.6728,25.3071,25.9435
218,1:36:55 PM,23.7628,24.0518,23.9485,24.5037,26.2981,25.3162,24.5803,26.3924,26.5749,26.9296,24.5193,24.7691,24.5389,25.0671,25.6432,25.3391,25.5375,26.1452,26.1185,26.0614,25.2435,25.3829,26.3652,24.3601,26.0833,23.0915,24.1164,23.5069,24.612,26.1816,25.8712,25.0845,26.1273,25.3874,27.1575,24.4924,25.631,25.3587,24.9304,24.9296,25.335,25.3693,24.7468,26.3924,26.6548,25.9029,25.7532,26.7192,26.3239,26.2989,22.8457,22.9838,24.7891,25.0022,26.7242,23.3824,24.774,25.509,26.094,25.6588,25.1079,25.8095,25.1281,24.9545,26.7076,24.9817,24.9672,24.764,26.4838,26.9882,23.3661,24.9779,25.0723,25.6283,25.7764,23.5811,23.8776,25.6017,24.8134,26.2039,25.9073,24.3201,24.9036,23.2414,26.6497,22.6951,23.6865,23.856,24.0544,26.3847,23.2807,24.325,24.6381,25.125,27.2307,23.012,24.7832,25.338,24.2541,24.7675,24.7929,25.1653,24.556,24.9064,26.1677,23.5002,25.0578,25.2734,25.4746,27.6594,22.6044,23.6368,25.6679,25.6321,26.0173,22.4626,25.0864,24.5033,25.1515,25.6797
219,1:37:15 PM,23.4662,23.8272,23.7827,24.2062,26.2246,24.8512,24.1765,25.794,26.5052,26.7851,24.3121,24.5576,24.5342,24.9872,25.6661,25.2845,25.6413,26.1707,25.9988,26.1569,24.9009,25.4894,26.1688,24.5307,26.0676,23.2052,23.818,23.2515,23.8798,26.2306,25.4857,24.584,25.9016,24.7025,26.8786,24.3818,25.4437,24.9777,24.7042,24.8236,25.3733,25.1437,24.8473,25.9713,26.7328,25.8465,25.6481,26.431,26.1188,26.2655,22.9085,22.9482,24.6206,24.9406,26.6425,22.8767,24.5104,25.5049,26.1483,25.5746,24.899,25.6559,25.0647,24.8684,26.496,24.7835,24.6121,24.6091,26.0813,26.8347,23.0543,24.6903,24.7503,25.6596,25.7668,23.7782,23.5879,25.4614,24.5635,26.0477,25.816,23.8156,24.0043,23.0151,26.6386,22.7415,23.7368,23.5296,24.2138,26.405,23.1504,24.1112,24.369,24.8213,27.221,22.7771,24.4997,25.3014,24.4121,24.6255,24.6934,24.9238,24.6228,24.7277,26.1103,23.6099,24.9755,24.9421,25.251,27.4051,22.4477,23.1629,25.4682,25.5664,25.7304,22.4292,24.5532,24.1631,25.0658,25.7312
220,1:37:35 PM,23.5947,23.8879,23.6956,24.2793,26.13,24.859,23.9871,25.9501,26.3166,26.3666,24.2989,24.2369,24.127,24.6139,25.4439,25.3253,25.4302,25.8583,25.8213,25.7887,24.9827,25.2397,26.1673,24.055,25.8839,23.1203,23.8089,23.0318,23.693,25.873,25.3002,24.6083,25.7845,25.0817,26.6395,24.2578,25.2909,24.791,24.7603,24.9106,24.9613,24.9633,24.4602,25.8888,26.5227,25.7584,25.8045,26.2396,25.998,25.9842,22.7489,22.9106,24.4416,24.8882,26.541,22.5979,24.3078,25.3222,25.8953,25.5026,25.2175,25.4575,24.8822,24.651,26.5077,24.7598,24.4641,24.3976,26.1083,26.6211,22.7039,24.5089,24.6113,25.3513,25.6143,23.507,23.5622,25.2575,24.1987,25.9421,25.6242,23.7435,24.4153,23.0133,26.3436,22.6711,23.6672,23.7242,24.1341,26.214,22.6804,23.8656,24.1289,24.5374,26.9587,22.3825,24.2132,25.0448,24.1356,24.4066,24.4352,24.8604,24.4717,24.4472,25.7003,23.7616,24.5722,24.8004,24.7772,27.3627,22.3632,23.2247,25.0395,25.447,25.8278,22.4451,24.5141,24.2908,24.9113,25.4933
221,1:37:55 PM,23.4497,23.6647,23.4584,24.1149,25.9119,24.8124,23.7902,25.5016,26.1767,26.2886,24.0672,24.0962,24.0331,24.3766,25.2482,25.1836,25.4676,25.5509,25.65,25.6897,24.8596,24.8618,25.8729,23.4652,25.3773,22.7434,23.5182,22.741,23.7432,25.9508,25.1609,24.8091,25.6596,24.7142,26.6134,24.1407,25.1029,24.7771,24.3475,24.4142,24.8174,25.0492,24.1897,25.7972,26.3895,25.4873,25.639,26.0184,25.8497,25.9357,22.4424,22.6252,24.1944,24.5707,26.3265,22.8545,23.6981,25.1189,25.6974,25.0566,24.9384,25.0953,25.0637,24.5439,26.201,24.8711,24.3899,24.1701,25.832,26.665,22.7651,24.5284,24.5411,24.9572,25.5139,23.3816,23.4989,25.1197,23.9442,25.6625,25.4646,23.661,24.0125,23.1468,26.3932,22.2102,23.2529,23.7103,23.9998,26.0122,22.9109,23.6695,23.9601,24.3775,26.7951,22.2717,23.9288,24.7987,24.1544,24.2534,24.2473,24.4331,24.2263,24.5545,25.814,23.6779,24.6707,24.6685,24.6185,27.283,22.3711,22.9595,25.1565,25.2517,25.7252,22.1908,23.9795,23.9063,24.6331,25.2397
222,1:38:15 PM,23.2256,23.7305,23.4457,23.9541,25.764,24.5071,24.0145,25.4765,26.0124,26.3178,24.0761,23.9089,23.9419,24.2308,24.8503,24.889,25.107,25.3413,25.5253,25.6625,24.1956,24.2998,25.3406,23.6728,25.496,22.618,23.5618,23.2175,23.689,25.7927,25.2705,24.391,25.5988,24.532,26.5154,23.8285,24.6435,24.5868,23.9892,24.046,24.6888,24.6734,24.1376,25.7642,26.4392,25.2125,25.2065,26.0105,25.7091,25.6818,22.5536,22.51,24.0247,24.5534,26.3067,22.7238,23.7545,24.9294,25.6999,25.0924,24.7462,25.2261,24.6451,24.3024,26.0772,24.4958,24.3144,24.1484,25.7017,26.4683,22.7503,24.2048,23.9245,24.7977,25.1998,23.0293,23.6284,24.9716,23.7843,25.6393,25.2814,23.2002,23.7563,22.6913,26.1955,21.9833,23.1357,23.4252,23.8437,26.008,22.6268,23.604,23.8409,24.4066,26.8457,22.0881,23.5415,24.5457,23.8591,23.8717,24.0973,24.4467,24.0664,24.4619,25.8138,23.6887,24.6213,24.7491,24.7334,27.31,22.1108,22.6131,24.8437,25.0292,25.5025,21.9714,24.0519,23.8903,24.7417,25.3334
223,1:38:35 PM,23.1905,23.4755,23.2933,23.6835,25.569,24.4874,23.8021,25.4618,26.011,26.2857,23.8552,23.8716,23.6089,24.2274,24.7939,24.7535,24.9684,25.3582,25.3662,25.5732,23.7996,24.0222,24.9484,23.4231,25.3991,22.4454,23.2289,22.5803,23.2272,25.5369,24.8699,23.9052,25.526,24.3879,26.4811,23.6629,24.7452,24.3152,24.0468,24.3774,24.7888,24.6502,24.2511,25.7201,26.3352,25.0603,25.2428,25.8778,25.8157,25.3864,22.0628,22.2885,23.9275,24.5396,26.1644,22.176,24.1498,24.6101,25.3882,24.8088,24.7706,25.0794,24.583,24.1582,25.9874,24.2463,24.1815,23.8176,25.5272,26.3558,22.3081,23.9801,23.8798,24.6606,24.7848,22.9034,23.104,24.6734,23.5014,25.3758,25.1959,23.3528,23.7506,22.2052,25.9799,22.286,23.1533,23.5085,23.8249,26.2215,22.6866,23.2562,23.4417,24.1596,26.6766,21.8544,23.4986,24.2495,23.7295,23.9953,24.0237,24.3145,23.8507,24.0945,25.9252,23.6172,24.3208,24.4741,24.3049,26.9187,22.0327,22.7911,24.9016,24.8367,25.2326,22.016,23.9855,23.7418,24.5715,25.0973
224,1:38:55 PM,22.9063,23.2705,23.1377,23.6256,25.4106,24.2475,23.9948,25.4165,25.9537,26.2285,23.771,23.6736,23.5115,24.0225,24.7622,24.4033,24.9819,25.3572,25.2464,25.4782,23.478,23.9831,24.8289,23.4447,25.2577,22.2959,23.212,22.7181,23.2143,25.3289,24.6783,24.1215,25.2802,24.1945,26.0945,23.6827,24.4377,24.1766,23.8337,23.8965,24.6777,24.4919,24.1539,25.7214,26.2587,25.1295,25.0075,25.7841,25.5946,25.4308,21.9817,22.2381,23.8534,24.1134,26.1057,22.0732,23.9332,24.5014,24.9649,24.8819,24.4595,25.0185,24.3578,23.9958,25.902,24.123,24.0578,23.7221,25.3873,26.335,22.3054,23.6059,24.0312,24.6852,25.197,22.7423,22.9205,24.5893,23.8237,25.3878,25.0508,23.0826,23.7071,22.3341,25.7547,22.1348,23.2756,23.3378,23.5669,26.1711,22.4801,23.2937,23.7931,24.0073,26.6766,21.8135,23.1151,24.4889,23.5207,23.8962,23.6676,24.1283,23.9002,24.149,25.7616,23.2585,24.3602,24.383,24.3413,27.1772,21.8253,22.5596,24.6194,24.6325,25.1146,21.5997,23.7241,23.359,24.409,24.946
225,1:39:15 PM,22.8253,23.1782,23.1079,23.4576,25.3276,24.1079,23.3918,25.3792,25.9013,26.0495,23.5613,23.4844,23.3421,23.7963,24.5381,24.4708,24.6708,25.1899,25.0899,25.4588,23.6968,23.9631,24.8464,23.0192,25.3204,22.3482,23.1349,22.5854,23.1995,25.3994,24.7712,23.9713,25.31,24.1359,25.977,23.4942,24.4192,24.0481,23.9979,23.791,24.3518,24.4,23.7229,25.3993,26.0357,24.9639,24.8227,25.6534,25.4278,25.519,21.8248,22.0925,23.5129,24.1465,25.8603,22.1146,23.6244,24.5198,25.2664,24.5664,24.0952,24.8642,24.3003,23.9486,25.6983,23.9245,23.8383,23.5536,25.297,26.3225,22.012,23.5221,23.9484,24.3652,25.1364,22.5347,22.7213,24.4494,23.5611,25.2262,24.8625,22.874,23.2814,21.9872,25.7627,21.9523,23.1151,23.468,23.6214,26.2184,22.192,23.0325,23.4506,24.0397,26.4575,21.6216,23.2375,24.2673,23.3927,24.0151,23.5106,23.9729,23.5346,23.9134,25.6857,23.0995,23.9872,24.1815,24.2066,27.2678,21.7836,22.2407,24.3766,24.3936,24.9116,21.781,23.5601,23.6123,24.4327,24.8988
226,1:39:35 PM,22.8847,23.1189,22.7628,23.2534,25.1249,24.0037,23.3109,25.282,25.6494,25.8169,23.4698,23.5012,23.2421,23.7191,24.4898,24.2243,24.7012,24.7054,25.1004,25.0792,23.1986,23.5485,24.3444,23.067,25.2576,22.169,22.8618,22.2644,23.0688,25.1293,24.5705,24.0449,25.1782,24.1923,26.0665,23.3976,24.326,23.9479,23.5792,23.7005,24.2523,24.1289,23.661,25.1332,26.047,24.8453,24.7237,25.1865,25.197,25.1098,21.7573,21.9499,23.721,24.1197,25.8666,21.9874,23.6052,24.3517,24.9296,24.4294,24.3987,24.7839,24.2199,23.7917,25.5105,23.7827,23.721,23.5134,25.0708,26.1971,22.3057,23.6049,23.8279,24.4561,25.0592,22.4118,22.5892,24.2929,23.282,25.1203,24.7937,22.8763,23.8318,22.1251,25.5857,21.9827,22.783,22.899,23.4431,25.7743,21.9975,22.8883,23.4072,23.8781,26.2956,21.6112,23.1998,24.3114,23.3851,24.4451,23.3641,23.8166,23.4314,23.5463,24.9042,22.9116,23.7347,24.0748,23.6438,26.8644,21.7405,22.5104,24.3967,24.2912,24.7973,21.4797,23.5225,23.1964,24.1356,24.8171
227,1:39:55 PM,22.7797,22.9974,22.933,23.2828,25.0224,23.8441,23.4229,25.1362,25.632,25.7668,23.3566,23.4619,23.214,23.5561,24.3283,24.0541,24.2618,24.7262,24.8524,25.2111,23.3841,23.761,24.6376,23.1543,25.2107,22.0043,22.902,22.2265,23.1321,25.082,24.1041,23.6765,24.9461,24.0099,25.4989,23.2011,24.1269,23.7452,23.3409,23.4524,23.9901,24.0144,23.5604,25.2201,26.0562,24.5106,24.6181,25.4037,25.1901,25.0494,21.73,21.9375,23.4101,24.0997,25.7773,22.0875,23.3995,24.2609,24.8724,24.2363,24.4062,24.4865,24.2022,23.6545,25.63,23.8751,23.5517,23.2212,24.8135,25.996,22.2314,23.7014,23.6809,24.1362,24.3534,22.5803,22.6922,24.1832,23.3111,25.0225,24.5592,22.321,23.2814,22.0723,25.6922,21.536,22.6949,22.7524,23.3559,25.9657,22.2284,22.7998,23.1532,23.6125,26.2778,21.4619,22.8586,23.7148,23.4044,23.4602,23.4152,23.6212,23.3759,23.4538,25.537,23.052,23.7979,23.8524,23.9794,26.7637,21.4991,22.0724,24.0248,24.2284,24.5422,21.383,23.5185,23.2365,24.0939,24.6277
228,1:40:15 PM,22.5909,22.873,22.7095,23.1691,24.9103,24.0871,23.2719,25.0829,25.4292,25.757,23.2368,23.3402,23.1031,23.5329,24.152,23.9368,24.2243,24.8127,24.708,24.9623,23.1273,23.5985,24.7947,22.9373,25.1192,21.9855,22.7071,22.1431,22.7177,24.9154,24.6429,23.6548,24.6336,23.9733,25.8058,23.1322,23.9338,23.6604,23.4185,23.4927,24.1135,23.8717,23.3309,24.6672,25.8176,24.5161,24.4325,25.4025,25.1068,25.1006,21.4941,21.8566,23.1417,23.9322,25.476,22.4055,23.1648,24.1621,24.801,24.4079,24.1233,24.452,24.0891,23.6645,25.4582,23.689,23.5026,23.1763,24.8712,25.8917,21.8824,23.2388,23.698,24.2776,24.1325,22.2754,22.502,23.9751,23.0428,24.908,24.5508,22.4161,23.1332,22.1623,25.6471,21.3444,22.4625,22.603,22.9024,25.7271,22.0883,22.7785,23.033,23.9097,26.2076,21.4209,22.7512,24.0162,23.2685,23.5149,23.1662,23.4544,23.2404,23.4142,25.1187,22.6993,23.5383,23.8167,23.9282,26.6482,21.4141,22.1287,24.0261,24.1486,24.8828,21.3158,23.3318,22.6564,23.8951,24.6882
229,1:40:35 PM,22.4359,22.5281,22.7201,22.9538,24.7177,23.9047,23.387,25.0827,25.4339,25.5889,23.1181,23.0082,23.0026,23.2704,24.094,23.9476,24.1627,24.5808,24.6413,24.9274,23.2413,23.7086,24.5715,22.8321,25.072,21.8268,22.5915,21.7114,22.6299,24.7451,24.47,23.5584,24.7446,23.8659,25.6543,23.1419,23.8806,23.6431,23.3157,23.4656,23.8853,23.8324,23.3927,24.7544,25.5234,24.3162,24.3425,25.2144,24.8429,25.1472,21.3275,21.6092,23.0033,23.5705,25.3802,21.8365,23.2139,23.9429,24.689,24.2187,23.7992,24.4975,23.8076,23.492,25.3236,23.6221,23.3419,23.0163,24.738,25.8142,21.552,23.4178,23.587,24.0648,24.6889,22.1551,22.4635,23.8506,23.0742,24.7645,24.2635,22.3382,23.1419,21.8253,25.6306,21.4789,22.4565,22.7118,22.783,25.3541,21.9575,22.5867,23.1259,23.6998,26.1544,21.2444,22.888,23.4975,23.1842,23.2243,22.9943,23.3754,23.0034,23.359,25.3621,22.4447,23.5088,23.6994,23.6152,26.7484,21.2011,21.9913,24.0774,23.9512,24.5052,21.2213,22.9935,22.6638,23.7899,24.4931
230,1:40:55 PM,22.483,22.726,22.4877,22.8599,24.5728,23.7965,23.1984,24.8218,25.2357,25.521,23.0486,22.8354,22.7679,23.2471,24.0008,23.7514,24.1562,24.4939,24.4675,24.846,22.7867,23.6213,24.5443,22.8232,24.7859,21.9755,22.5523,21.8868,22.4066,24.5968,24.3002,23.4134,24.5987,23.8935,25.4778,22.8931,23.6768,23.6228,23.2928,23.3996,23.6614,23.8716,23.1634,24.5981,25.3855,24.2304,24.3111,25.1356,24.8243,24.8957,21.3041,21.5007,22.8942,23.3762,25.3911,21.7526,23.2237,23.7832,24.5444,24.0372,23.9698,24.2153,24.0242,23.3369,25.1196,23.4072,23.3863,23.0366,24.626,25.6871,21.5556,23.155,23.5054,24.116,24.5156,22.0818,22.1872,23.6658,23.023,24.6263,24.3211,22.3523,23.1492,21.7672,25.6464,21.4583,22.4558,22.7251,23.0534,25.4339,21.8589,22.4966,23.0405,23.4319,26.0911,21.0085,22.6462,23.5788,23.078,23.8677,22.8777,23.1061,23.0458,23.3158,25.2024,22.7522,23.4589,23.8053,23.8672,26.7013,21.3989,21.8371,23.6724,23.8267,24.369,21.2644,23.0438,22.9529,23.5723,24.3139
231,1:41:15 PM,22.2984,22.7953,22.4246,22.721,24.589,23.6449,23.5299,24.7577,25.2819,25.3511,23.0536,22.9059,22.7167,23.1942,23.8687,23.6388,23.9734,24.2861,24.4992,24.6393,23.1485,23.3024,24.2879,22.7528,24.7244,21.5809,22.3584,21.8259,22.7755,24.5932,23.6952,23.4697,24.4503,23.8157,25.4728,22.9287,23.6905,23.3682,23.0788,23.1069,23.8451,23.5635,23.2419,24.4802,25.2292,24.1214,24.2431,24.9777,24.5663,24.7281,21.1444,21.4159,22.9821,23.3557,25.211,22.0285,23.1942,23.7965,24.2969,24.0841,24.1686,24.0008,23.8435,23.3092,25.1052,23.5594,23.4402,22.738,24.5785,25.5497,21.772,23.2918,23.5307,24.1736,24.3467,22.1474,22.1779,23.6769,22.8777,24.4525,24.2061,22.0866,23.2142,21.6791,25.5283,21.5051,22.3724,22.6765,23.0201,25.5846,21.8883,22.3595,22.8627,23.4779,25.9363,20.9254,22.301,23.2689,22.8956,23.6812,22.684,23.1389,22.9431,23.0981,25.1,22.3785,23.4215,23.6106,23.9899,26.7313,21.1585,21.9607,23.7957,23.9249,24.2764,20.9505,23.1286,22.2413,23.5207,24.3047
232,1:41:35 PM,22.1977,22.4037,22.3595,22.8118,24.4523,23.4193,22.7263,24.7963,25.0022,25.3246,22.9534,22.9668,22.7589,23.1521,23.7284,23.7099,24.0304,24.3045,24.3137,24.5633,23.2324,23.4773,24.2214,22.8126,24.6763,21.5991,22.253,21.5928,22.4707,24.3335,23.8937,23.1299,24.4421,23.4813,25.3745,22.8284,23.5976,23.4096,23.1762,23.3627,23.7582,23.6379,23.0353,24.6396,25.1462,24.0553,23.9817,24.8588,24.4595,24.8063,21.1306,21.3559,22.775,23.2918,25.0729,21.8196,23.2981,23.5361,24.3386,24.0214,24.0481,24.1631,23.5538,23.1921,24.9805,23.209,23.0663,22.8227,24.49,25.4233,21.4182,22.9039,23.1658,23.7878,24.161,21.8704,22.0346,23.5035,22.6735,24.2608,24.0395,22.0004,22.6245,21.3762,25.3216,21.283,22.2577,22.6161,22.9023,25.1882,21.6495,22.1774,22.7848,23.3469,25.7592,20.7099,22.5381,23.7483,22.9159,23.1463,22.6947,23.0494,22.7313,23.038,24.7595,22.2475,23.1636,23.5485,23.4716,26.4478,21.2446,21.8717,23.6406,23.6218,24.1951,21.0496,22.9679,22.7275,23.5237,24.1968
233,1:41:55 PM,22.2055,22.5429,22.3148,22.6856,24.3504,23.439,22.8319,24.4769,24.5072,25.1393,22.9003,22.7678,22.7188,23.161,23.8279,23.6684,24.0226,24.1432,24.3148,24.5765,22.7775,23.1922,24.2909,22.9693,24.7371,21.5363,22.4225,22.1671,22.5972,24.3844,23.7632,23.0445,24.2308,23.5307,25.4147,22.8085,23.6296,23.3637,23.3263,23.3835,23.5516,23.6977,22.8873,24.6335,25.0653,23.9761,24.134,24.8629,24.3873,24.9622,20.9178,21.5291,22.6791,23.3065,25.0236,21.9055,23.1822,23.5508,24.1826,24.0098,23.5548,24.061,23.4611,23.3163,24.8934,23.3078,23.2353,22.6229,24.2635,25.3565,21.5776,22.9338,23.2612,23.8217,24.4782,21.9121,21.9613,23.4549,22.6357,24.3474,23.9306,22.1415,22.6173,21.6201,25.2124,21.4219,22.425,22.461,22.9179,25.3211,21.521,22.1844,23.0325,23.4839,25.6422,20.7325,22.3738,23.3797,23.0046,22.9411,22.5281,22.9784,22.6326,23.0167,24.7595,22.1519,23.0802,23.3804,23.3519,26.2854,21.1367,21.8474,23.5875,23.5619,24.0093,20.9467,22.7592,22.5479,23.3773,24.2699
234,1:42:15 PM,22.1645,22.3305,22.1799,22.4662,24.1911,23.5706,22.381,24.3082,24.7985,25.0372,22.8655,22.7867,22.5707,22.9761,23.5019,23.4435,23.7107,24.0073,24.1603,24.479,22.7719,23.2256,23.9103,22.5006,24.6722,21.418,22.2707,21.6156,22.2437,23.9767,23.595,23.4354,24.1881,23.7523,25.3526,22.7018,23.3898,23.1144,22.9356,22.7339,23.4779,23.4623,22.9622,24.3944,25.1106,24.0049,24.0704,24.785,24.2456,24.7047,20.9881,21.269,22.5522,23.1938,24.9977,21.6007,23.0463,23.4845,24.0687,23.7007,23.4998,23.829,23.4616,23.1231,24.9015,23.1463,22.9812,22.6361,24.2234,25.3389,21.3403,22.7777,23.1953,23.7663,24.0723,21.9737,21.8676,23.3543,22.5161,24.2302,23.7939,22.0938,22.9176,21.6389,25.1688,21.1124,22.4437,22.4778,22.8973,25.7667,21.4354,22.0902,22.5676,23.2846,25.6491,20.5063,22.4283,23.0656,22.5682,23.3607,22.5852,22.9451,22.6944,22.8454,24.5061,21.9265,23.078,23.3189,23.3069,26.3931,21.0664,21.4662,23.4857,23.5741,23.8302,20.7778,22.6329,21.9905,23.3711,24.0118
235,1:42:35 PM,22.2415,22.3504,22.0937,22.5251,24.2163,23.2375,22.3738,24.1406,24.7984,25.0017,22.8808,22.5115,22.578,22.8481,23.6025,23.3282,23.6805,23.9826,24.0215,24.3946,23.021,23.0493,24.0864,22.5476,24.5768,21.3176,22.0896,21.4947,22.0909,24.0622,23.6874,23.1553,24.189,23.6479,25.1305,22.7513,23.431,23.2166,22.8813,22.9969,23.2815,23.2322,22.7302,24.5004,24.9212,23.7311,23.9755,24.5827,24.1028,24.554,20.9069,21.1176,22.5513,22.9638,24.8202,21.6136,22.4608,23.2477,24.0682,23.4609,23.5455,23.7467,23.3635,23.0459,24.8025,22.8354,22.8232,22.4121,24.168,25.2576,21.3448,22.8153,23.1353,23.4931,24.2183,21.6383,21.8642,23.05,22.5248,24.0516,23.8067,21.7335,22.8194,21.4187,25.0364,20.9784,22.0375,22.2254,22.5751,25.0809,21.3711,21.9059,22.7254,23.2532,25.5932,20.616,21.7908,23.0313,22.7476,23.1424,22.3714,22.7871,22.4024,22.7367,24.6758,22.1161,22.9036,23.1877,22.9207,26.5284,21.0431,21.6575,23.3317,23.5243,23.7628,20.7258,22.5051,22.3066,23.1343,23.8079
236,1:42:55 PM,22.0757,22.2233,22.054,22.3999,24.0064,23.1452,22.3981,24.1828,24.4681,24.7497,22.7357,22.7025,22.5476,22.789,23.4798,23.2541,23.7066,23.9816,23.964,24.2209,22.5422,22.8757,23.7308,22.4625,24.4227,21.1229,22.0297,21.4715,21.9699,23.8579,23.6682,23.0337,24.0942,23.246,25.137,22.5049,23.1647,23.1714,22.8046,22.9635,23.2762,23.2303,22.8041,24.2597,24.9372,23.5824,23.6811,24.5059,24.1021,24.5983,20.8208,21.0703,22.3144,23.0232,24.7209,21.4023,22.8856,23.1029,23.8545,23.9634,23.2224,23.744,23.1211,22.9296,24.6937,23.0076,23.0045,22.5529,24.0652,25.1999,21.2477,22.7728,23.1529,23.5446,24.1035,21.6587,21.8292,23.0769,22.2294,23.883,23.5985,21.6254,22.4671,21.243,24.9342,21.041,22.1311,22.0704,22.5859,25.2313,21.4206,21.9948,22.5474,23.4749,25.4155,20.5852,22.3684,23.0242,22.5389,23.0356,22.4243,22.7497,22.289,22.7451,24.4192,21.9066,22.6797,23.0415,23.0207,26.6011,20.8094,21.6019,23.3147,23.3926,24.0722,20.6399,22.4053,22.1892,23.0834,23.8782
237,1:43:15 PM,21.8234,22.2674,22.1232,22.3059,23.9943,23.0094,22.4705,24.1037,24.5272,24.7151,22.6784,22.5073,22.2785,22.8566,23.3779,23.0333,23.4943,23.8876,23.8165,24.3546,22.7992,23.0248,23.6549,22.4341,24.5614,21.0611,21.969,21.5742,22.0565,23.7429,23.3154,22.9952,23.937,23.1815,25.0389,22.4937,23.2113,23.0643,22.8822,22.778,23.3715,23.2556,22.9467,24.4062,25.011,23.6303,23.7952,24.3633,23.9715,24.7098,20.6998,20.8877,22.3313,22.8731,24.4606,21.3452,22.8701,23.1776,23.8284,23.5716,23.2498,23.642,22.874,22.8184,24.62,22.7312,22.708,22.4087,23.9473,25.0589,21.0842,22.5803,22.8505,23.5146,23.9228,21.5674,21.6039,22.8735,22.2216,23.996,23.5433,21.7755,22.153,21.3859,24.8334,20.8451,22.0751,22.0727,22.4867,25.2137,21.2697,21.8763,22.4022,22.9702,25.4415,20.4008,22.2049,23.0775,22.2575,23.2565,22.1591,22.49,22.3351,22.5378,23.8983,21.6778,22.8176,22.9496,23.3512,26.6729,20.625,21.5351,23.2334,23.2362,23.5946,20.6663,22.3049,22.2574,23.1855,23.8342
238,1:43:35 PM,21.9278,22.1239,22.0196,22.2555,23.7476,22.967,22.0894,23.8944,24.3477,24.5945,22.5176,22.5285,22.3756,22.9982,23.6037,23.0096,23.6635,23.7794,23.7834,24.2316,22.4508,22.9272,23.7938,22.4953,24.4316,21.2169,21.8612,21.4406,22.0714,23.7809,23.6211,22.8249,23.8032,23.2117,24.9666,22.4446,23.158,23.1615,23.0155,22.866,23.41,23.2038,22.9879,24.2912,24.6901,23.567,23.6004,24.3404,23.9071,24.6275,20.8173,21.1115,22.3981,22.5207,24.4976,21.496,22.7094,23.0847,23.7744,23.7974,22.8889,23.4949,22.9354,22.7662,24.519,22.8493,22.6753,22.3239,23.8742,24.9699,20.8666,22.754,23.0497,23.3999,23.6533,21.6717,21.6657,22.9631,22.1626,23.9027,23.5962,21.5604,22.5483,21.2745,24.9444,20.9012,21.8986,21.9634,22.5063,24.8399,21.2324,21.7962,22.403,22.8409,25.3401,20.2456,21.9798,22.9749,22.2376,22.7219,22.234,22.5136,22.2253,22.4982,24.7041,21.6608,22.7212,22.9886,22.957,26.3396,20.8147,21.4608,23.0536,23.1956,23.688,20.5216,22.5025,22.3187,22.9354,23.7825
239,1:43:55 PM,21.8641,22.1136,21.9155,22.2325,23.7265,22.7449,22.1367,23.7231,24.4041,24.5821,22.5242,22.5929,22.1925,22.8335,23.4931,22.9744,23.4777,23.5807,23.6118,24.3107,22.1961,22.4881,23.3786,22.2374,24.4234,21.1884,21.8726,21.2133,21.9958,23.5673,23.3558,22.6044,23.7151,23.1201,25.118,22.3992,23.032,23.0623,22.8108,22.8174,23.1899,23.2347,22.6646,24.2797,24.9037,23.4492,23.5519,24.1992,23.8466,24.1937,20.559,20.8209,22.1927,22.6425,24.4268,21.1907,22.7278,22.9416,23.6001,23.4259,22.716,23.3815,22.8602,22.7706,24.5945,22.617,22.6455,22.2989,23.7001,25.1287,20.7935,22.3553,22.8231,23.15,23.9645,21.5013,21.454,22.833,21.9771,23.6804,23.4572,21.5403,22.2344,21.1016,24.5896,20.9454,21.6114,22.0617,22.4453,24.8012,21.2062,21.6319,22.0142,23.0503,25.2855,20.2227,21.8234,23.0204,22.3852,23.0685,22.0387,22.3509,22.1811,22.6097,24.1093,21.6757,22.6085,22.7767,22.7198,25.8302,20.7548,21.5564,23.1508,23.2458,23.8234,20.4048,22.2189,21.9949,22.9139,23.7429
240,1:44:15 PM,21.8846,21.9967,21.7724,22.0696,23.6396,22.7335,21.9462,23.5709,24.1882,24.5113,22.5164,22.6236,22.2972,22.6937,23.4724,22.9272,23.4608,23.5543,23.5555,24.1119,21.9749,22.616,23.5515,22.2646,24.1744,21.0561,21.855,21.5616,21.967,23.6502,23.2134,22.7131,23.5401,22.9302,24.8395,22.1678,23.0088,22.8602,22.9312,22.8869,23.1514,23.0393,22.7221,24.3385,24.7648,23.3755,23.4608,24.0607,23.8104,24.3234,20.5432,20.9458,22.0998,22.6638,24.2722,21.3104,22.7093,22.9442,23.3881,23.5447,22.7285,23.3052,22.8784,22.821,24.5019,22.5632,22.6102,22.2335,23.6703,24.6514,20.896,22.2504,22.7525,23.2813,23.7386,21.4801,21.5448,22.7778,21.9011,23.7124,23.3671,21.3944,22.1698,20.9794,24.4026,21.0056,21.7905,21.8698,22.5759,25.2217,21.0196,21.757,22.3635,22.677,25.1875,20.2874,21.9469,22.5291,21.951,22.5337,22.0061,22.3387,22.1485,22.416,24.4155,21.7483,22.4226,22.8751,22.8247,25.9005,20.8153,21.3194,22.9855,22.9807,23.4394,20.2673,22.284,22.2984,23.0183,24.0358
241,1:44:35 PM,21.7194,22.0755,21.7289,22.0554,23.4896,22.5986,21.8878,23.2937,24.1953,23.9697,22.3955,22.3491,22.177,22.475,23.2428,22.8442,23.307,23.6005,23.4435,24.0351,21.8437,22.5085,23.3901,21.9316,24.1361,21.1869,21.8198,21.3836,22.1054,23.5693,22.9089,22.5043,23.5567,23.1301,24.7529,22.1108,22.9136,22.8105,22.7227,22.8569,23.0947,23.1432,22.6108,24.2583,24.892,23.2703,23.4937,23.9987,23.7961,24.2633,20.4483,20.7034,22.1283,22.5854,24.2098,21.3086,22.5419,22.7752,23.5042,23.406,22.853,23.3122,22.8039,22.607,24.5854,22.508,22.5519,22.0796,23.5418,24.7819,21.3079,22.1353,22.6952,23.202,23.6631,21.393,21.344,22.6801,21.8658,23.5101,23.3065,21.405,22.6722,20.9524,24.6304,20.8351,21.515,21.9248,22.4399,25.014,21.0128,21.5901,21.8842,22.8412,25.2067,20.0539,21.8314,22.6587,22.0896,22.6136,21.9115,22.2824,22.1367,22.3615,24.4216,21.5534,22.4295,22.8136,22.8905,26.4608,20.6173,21.3797,23.006,23.0807,23.2738,20.4881,22.1887,22.2156,22.8028,23.7414
242,1:44:55 PM,21.6881,21.8675,21.7604,22.1171,23.5195,22.686,21.8995,23.3587,24.1495,24.2967,22.3535,22.2485,21.9666,22.4991,23.0813,22.6742,23.1408,23.3302,23.5951,23.9088,21.7897,22.2905,23.2753,21.9168,24.0535,20.8555,21.7051,21.1606,21.9047,23.5552,23.2788,22.5977,23.4938,23.0887,24.5029,22.0888,22.7962,22.5838,22.4356,22.5548,23.1084,23.0487,22.5145,24.0411,24.5548,23.0703,23.3917,23.9465,23.7129,24.1837,20.4353,20.7982,22.2093,22.6884,24.1408,20.8849,22.6401,22.7646,23.1793,23.5289,22.9991,23.2819,22.6098,22.6116,24.4373,22.4076,22.4858,21.8865,23.5463,24.6474,21.0381,22.1323,22.62,23.095,23.7931,21.5761,21.4616,22.5251,22.0634,23.5388,23.2133,21.3185,22.3437,21.2741,24.1323,20.4138,21.5476,21.6846,22.1852,25.1104,20.9198,21.5644,22.3291,22.8501,25.1408,20.0476,22.0718,22.8087,22.2179,22.306,21.9353,22.2839,22.0288,22.1657,24.0898,21.4784,22.3502,22.8535,22.5443,26.1482,20.5755,21.1501,22.7829,23.0354,23.2719,20.4109,22.0082,22.0641,22.8861,23.6525
243,1:45:15 PM,21.6401,21.698,21.6078,22.032,23.4721,22.7117,21.8996,23.5039,24.1512,24.3365,22.2768,22.2222,21.8681,22.3567,23.0238,22.7532,23.0695,23.3814,23.3412,23.8651,22.2643,22.5446,23.3613,22.01,24.1949,20.8429,21.6821,21.2352,21.8788,23.4066,23.1346,22.2957,23.5102,22.7556,24.509,22.0489,22.703,22.5404,22.3962,22.6461,22.8814,22.963,22.4831,24.219,24.5509,23.0394,23.4422,23.8766,23.5462,24.2032,20.3797,20.6658,22.0432,22.3797,24.1003,21.5697,22.4451,22.6764,23.3482,23.0498,22.7467,23.1593,22.5953,22.427,24.2645,22.2928,22.4254,22.0396,23.5443,24.5059,20.766,22.095,22.603,23.1377,23.7695,21.2272,21.3566,22.432,21.7067,23.3083,22.961,21.0087,22.1201,20.6438,24.1899,20.7767,21.6583,21.8863,22.4433,25.6295,21.012,21.4289,22.0067,22.79,25.0689,20.1109,21.9806,22.6667,22.17,22.2656,21.7798,22.2016,21.8985,22.2806,24.2632,21.5578,22.2611,22.8546,22.7306,26.7202,20.5321,21.3845,22.9294,22.7093,23.1726,20.3959,21.9833,21.4516,22.6867,23.7034
244,1:45:35 PM,21.6456,21.8287,21.6164,21.8405,23.2435,22.5821,21.9507,23.606,23.8619,24.3737,22.2993,22.0099,21.8897,22.3725,22.9803,22.6928,23.0663,23.4183,23.3743,23.9184,22.0477,22.3946,23.3065,22.1419,24.1563,20.7482,21.5987,21.169,21.6268,23.3058,22.7644,22.3297,23.5099,22.8341,24.5674,21.9972,22.6496,22.7681,22.7242,22.6207,22.893,22.9931,22.1937,23.8581,24.7704,22.9759,23.2512,23.7837,23.5219,24.2566,20.2733,20.7039,21.9223,22.1216,24.0345,21.3997,22.4076,22.7529,23.3534,23.4031,22.5198,23.1185,22.4305,22.6336,24.3511,22.2785,22.2694,21.9186,23.332,24.4347,20.6111,22.0319,22.581,23.0238,23.4499,21.1576,21.1897,22.4453,21.5868,23.366,22.9991,21.2679,22.1871,20.7667,24.1535,20.7498,21.521,21.7662,22.5169,25.1862,20.8908,21.4667,22.0938,22.645,24.9856,19.9989,21.7993,22.7291,22.0826,22.3322,21.75,22.0696,21.8538,22.0834,23.7072,21.4421,22.2018,22.4814,22.9591,26.4425,20.4505,21.1574,22.8239,22.7137,23.2698,20.4014,21.8521,21.87,22.8039,23.6224
245,1:45:55 PM,21.5425,21.6354,21.5797,21.8721,23.2893,22.4926,21.7129,23.5246,23.9254,24.1395,22.2781,22.0942,21.9499,22.2904,23.0666,22.5736,22.9485,23.4075,23.3786,23.9417,21.8839,22.3857,23.3596,21.914,24.1553,20.7415,21.6303,21.1161,21.5756,23.306,22.985,22.2412,23.5137,22.6972,24.6321,22.054,22.6806,22.6,22.4558,22.3032,22.9212,22.7425,22.0888,23.6812,24.5879,22.8989,23.2955,23.6731,23.3526,24.2177,20.2702,20.5305,21.7206,22.1861,24.001,21.1625,22.3452,22.6147,23.2344,23.1125,22.7887,23.0281,22.5668,22.5834,24.2014,22.292,22.279,21.8191,23.3057,24.5327,20.7218,22.1237,22.4316,23.0673,23.5664,21.0982,21.1026,22.4164,21.6016,23.1947,22.9434,21.152,22.0903,20.7965,24.403,20.6538,21.5623,21.7775,22.2104,25.0738,20.9022,21.2935,21.6357,22.4784,24.8682,19.8106,21.5128,22.3916,22.0029,22.2766,21.6836,21.9835,21.8181,22.0564,23.9538,21.2954,22.1872,22.5895,22.784,26.2135,20.4196,21.2181,22.8072,22.6475,23.2161,20.3348,21.9462,21.691,22.7623,23.3585
246,1:46:15 PM,21.6864,21.7748,21.671,21.9095,23.0706,22.464,21.9207,23.3615,24.001,24.1478,22.1594,22.1885,21.8468,22.3356,22.832,22.466,22.8963,23.2563,23.263,23.904,21.7093,22.3697,23.1205,22.0529,24.0112,20.8654,21.4941,20.9711,21.5857,23.2418,23.2483,21.8819,23.5153,22.4787,24.3819,21.9179,22.6772,22.6026,22.3423,22.7574,22.8011,22.6823,22.3025,23.6466,24.5179,22.9818,23.3159,23.61,23.2282,23.9814,20.2708,20.7503,21.7533,22.2893,23.9025,20.9896,22.2276,22.4581,23.2035,23.1807,22.4404,22.8748,22.3331,22.4092,24.4066,22.2028,22.2218,21.8708,23.4124,24.5569,21.2682,22.1457,22.2871,22.7558,23.321,21.2783,21.3487,22.3113,21.7467,23.2178,22.9684,21.1192,21.9666,20.9556,24.2667,20.6697,21.5022,21.8504,22.3591,25.1255,20.8595,21.3665,21.6252,22.4359,24.8952,19.8127,21.8518,22.3144,21.8197,22.6073,21.7272,21.9895,21.6821,22.0415,24.0348,21.3483,22.0884,22.7354,22.4768,25.7691,20.429,21.2032,22.7638,22.5919,23.1401,20.1612,21.7879,21.4341,22.5163,23.6102
247,1:46:35 PM,21.4733,21.5344,21.6064,21.7936,23.0731,22.5183,21.7396,23.2022,23.8195,24.1632,22.1649,22.0422,21.7806,22.2556,22.9636,22.3792,22.8477,23.2942,23.2362,23.9133,21.748,22.1223,22.7246,21.7175,23.9553,20.6865,21.5239,21.3285,21.7312,23.0972,22.786,22.2659,23.2811,22.9002,24.2893,21.8946,22.6251,22.55,22.1975,22.2991,22.8404,22.7323,22.3574,23.5699,24.3641,22.8366,23.1811,23.5819,23.2481,23.9593,20.1387,20.622,21.7744,22.2371,23.8953,20.8177,22.2912,22.4467,23.094,23.0898,22.4966,22.7428,22.3556,22.4493,24.3428,22.0301,22.1052,21.71,23.0691,24.331,20.5,21.7706,22.3166,22.7148,23.4397,21.135,21.0624,22.2702,21.4855,23.1908,22.8479,21.0507,22.0368,20.8324,24.3377,20.5753,21.4706,21.582,22.4648,25.1259,20.6366,21.3242,21.9834,22.4895,24.7302,19.8985,21.675,22.0667,21.5998,22.3073,21.6365,21.9614,21.7511,22.0575,24.2464,21.2194,21.9585,22.5685,22.2676,26.2152,20.1965,21.1448,22.6113,22.5403,22.8874,20.0737,21.7267,21.6974,22.5549,23.6498
248,1:46:55 PM,21.4934,21.5925,21.4394,21.6895,23.1264,22.6388,21.508,23.0065,23.8264,23.9127,22.0752,21.9362,21.6954,22.2301,22.9275,22.2799,22.8733,23.0149,23.1315,23.9455,21.5309,22.1162,22.7734,21.7367,23.9951,20.8768,21.3948,20.9342,21.6767,23.0549,22.6097,22.0869,23.3203,22.7306,24.3441,21.8093,22.4652,22.6331,22.4341,22.5021,22.8198,22.7518,22.2173,23.824,24.4191,22.6871,23.1167,23.5317,23.1954,24.0197,20.1758,20.4446,21.5556,22.2207,23.7255,21.0348,22.2946,22.3381,23.1323,23.2951,22.8148,22.9596,22.1461,22.2087,24.1248,22.1489,22.0894,21.5609,23.2175,24.3374,20.5462,21.7071,22.398,22.601,23.1294,21.0794,21.0304,22.1424,21.48,22.8937,22.8954,20.9927,22.1618,20.7452,24.0805,20.494,21.5039,21.4322,22.1639,25.1128,20.8452,21.191,21.5663,22.3392,24.6701,19.7551,21.5716,22.3266,21.8198,22.3799,21.5353,21.8876,21.6868,21.5908,23.7154,21.3839,22.1307,22.5881,22.0366,26.0556,20.4933,21.0672,22.6429,22.4041,23.1561,20.3181,21.7219,21.5352,22.4467,23.3824
249,1:47:15 PM,21.5228,21.7294,21.3198,21.6416,22.9772,22.4598,21.625,23.0426,23.7201,23.9895,22.0895,21.9109,21.6318,22.037,22.8621,22.3312,22.8531,23.0387,23.1462,23.9733,21.7844,22.2369,22.7711,21.6664,24.1136,20.6082,21.3009,21.0006,21.5681,23.0829,22.7756,22.2117,23.149,22.8759,24.3283,21.8439,22.4534,22.3264,22.1636,22.3859,22.6979,22.6247,22.2715,23.7783,24.4407,22.6968,22.9998,23.3912,23.0888,24.1041,20.0891,20.5932,21.5951,22.2092,23.8251,21.0141,22.3467,22.2616,22.775,22.9345,22.4199,22.7357,22.1672,22.2971,24.0708,22.0066,22.0461,21.6113,23.1734,24.288,20.4733,21.8054,22.3892,22.6829,23.4553,21.0247,21.0111,22.2288,21.5286,23.0248,22.7348,20.8633,21.7082,20.7029,24.3155,20.3485,21.4447,21.4502,21.9205,24.738,20.5291,21.125,21.695,22.0889,24.6012,19.679,21.3359,22.2159,21.7498,22.2541,21.4236,21.8156,21.6746,21.784,23.6605,21.2911,21.906,22.5954,22.5291,26.0372,20.2261,20.9863,22.6489,22.4445,23.1819,20.0565,21.5922,21.3318,22.5742,23.5894
250,1:47:35 PM,21.4436,21.4367,21.3703,21.578,22.8988,22.3158,21.657,23.1665,23.6285,23.8811,22.0335,21.9083,21.5204,22.084,22.6741,22.1703,22.8624,23.0681,23.0944,23.7053,21.4785,22.1415,22.7782,21.7768,23.9032,20.6718,21.3171,20.7294,21.3169,22.9137,22.9366,21.9588,23.1926,22.6804,24.3568,21.6364,22.4077,22.3436,22.0274,22.1275,22.5432,22.5859,22.1587,23.5698,24.3836,22.6568,23.0138,23.3922,23.0705,23.9757,20.1437,20.3602,21.5887,22.0014,23.7589,21.0935,22.2291,22.3176,23.0217,22.9838,22.573,22.8734,22.2052,22.1615,24.1254,21.8372,22.0025,21.5455,23.0838,24.0937,20.2568,21.736,22.3524,22.5734,23.5132,21.0554,20.8571,22.0834,21.399,22.9443,22.733,20.7709,22.4769,20.6492,24.2223,20.4816,21.3563,21.4209,21.8892,24.8278,20.7461,21.1993,21.7148,22.0126,24.7721,19.5388,20.9697,22.0197,21.4291,22.7573,21.4891,21.7267,21.5812,21.6866,23.7349,21.3612,22.0095,22.4483,22.2163,26.6106,20.2281,20.9888,22.4224,22.4395,23.081,20.0642,21.7461,21.5771,22.4957,23.3856
251,1:47:55 PM,21.4297,21.6676,21.3797,21.547,22.885,22.2948,21.5238,23.0466,23.5877,23.777,21.9658,21.8228,21.605,21.938,22.7363,22.1038,22.817,22.9043,22.9102,23.9027,21.6984,22.1073,22.5571,21.8155,23.8991,20.6136,21.3075,20.9804,21.3696,22.7673,22.4841,22.0136,23.2316,22.712,24.061,21.7099,22.4313,22.3084,22.1036,22.1764,22.4237,22.5807,22.1806,23.63,24.3873,22.4824,22.8498,23.2831,22.9632,23.8508,20.0175,20.2726,21.5739,22.0967,23.744,20.8612,22.1104,22.2006,23.0045,22.5471,22.3575,22.6538,21.9989,22.1337,24.0318,22.0741,21.9661,21.4901,23.0043,24.1572,20.4146,21.7191,22.2686,22.5707,23.2433,20.9445,20.8532,22.0632,21.4771,22.8981,22.6199,20.7842,21.9682,20.6348,23.9403,20.4781,21.3052,21.4645,22.0242,24.9246,20.6432,21.075,21.4027,22.0932,24.6124,19.5391,21.1008,21.9675,21.4191,22.0958,21.4984,21.7246,21.62,21.7489,23.7347,21.2274,22.0448,22.5755,22.3615,25.6567,20.3658,21.0677,22.5096,22.4004,23.2569,19.8585,21.5584,21.2075,22.5014,23.4249
252,1:48:15 PM,21.5136,21.6267,21.4418,21.5937,22.8905,22.2208,21.6926,23.074,23.576,23.6356,22.0657,21.8121,21.5176,21.9814,22.769,22.2019,22.725,22.7763,22.9544,23.8504,21.5635,21.9884,22.6719,21.46,23.8845,20.7461,21.4705,21.0046,21.2523,22.8886,22.7669,21.8764,23.0699,22.4737,23.9796,21.7501,22.4516,22.3663,22.274,22.4091,22.4262,22.5548,22.317,23.43,24.4236,22.5327,22.858,23.2983,22.9791,23.674,20.0865,20.5369,21.5299,21.9705,23.5759,20.8454,22.0418,22.2907,22.9117,23.2056,22.1873,22.7395,22.0258,22.1986,24.0421,22.044,21.9459,21.453,23.0298,24.069,20.5362,21.6494,22.1259,22.35,22.9358,21.0149,20.9734,22.017,21.3275,22.7744,22.5788,20.7476,22.1791,20.674,23.6024,20.4349,21.3963,21.4781,21.9547,24.9267,20.6431,20.9481,21.5029,22.0637,24.5527,19.4528,21.2188,21.9683,21.6345,22.3183,21.3858,21.5864,21.5359,21.6035,23.2793,21.0397,22.004,22.5023,22.1995,25.3928,20.23,21.1864,22.3653,22.2862,23.0052,20.2311,21.6921,21.6247,22.5156,23.3645
253,1:48:35 PM,21.3703,21.487,21.2738,21.5614,22.692,22.0237,21.3699,22.876,23.235,23.5604,21.8144,21.923,21.8659,22.2606,22.8577,22.1154,22.6794,22.8314,22.8672,23.6577,21.443,22.1157,22.632,21.6215,23.8665,20.4932,21.2528,20.6866,21.3294,22.9058,22.6338,21.8194,22.8652,22.4084,23.9236,21.5763,22.4144,22.4499,22.2415,22.2049,22.489,22.5492,22.0529,23.5055,24.1103,22.6,22.8032,23.2643,22.8897,23.7665,20.1661,20.323,21.4112,21.9145,23.5095,20.6402,22.077,22.1402,22.7749,22.7773,22.2471,22.5537,21.9041,22.3225,23.8606,21.9005,22.0335,21.4153,22.9635,24.0494,20.667,21.7921,22.2864,22.2907,23.1329,21.045,20.9169,21.9521,21.3923,22.7506,22.634,20.9324,22.2262,20.7403,23.9732,20.3461,21.2358,21.2141,21.8243,24.6903,20.6425,21.0266,21.6034,22.1637,24.6731,19.6677,21.3252,22.1377,21.7835,22.4793,21.3562,21.6553,21.591,21.6712,24.0092,21.4419,21.8262,22.3687,22.218,26.0334,20.138,20.9845,22.3509,22.2942,22.9719,19.9551,21.6476,21.6958,22.366,23.1435
254,1:48:55 PM,21.3712,21.5338,21.2532,21.3317,22.6733,21.9792,21.3072,22.7279,23.4174,23.6605,21.8122,21.9456,21.6164,22.1715,22.8994,21.9778,22.6482,22.9256,22.7905,23.6519,21.3522,21.9642,22.7869,21.8468,23.6106,20.6939,21.3237,20.667,21.2949,22.5997,22.3842,21.8076,22.9041,22.2525,23.8709,21.6007,22.3495,22.3586,22.208,22.4465,22.5934,22.5305,21.8895,23.5754,24.3196,22.4533,22.9124,23.2245,22.7876,23.6222,19.9475,20.2833,21.3871,21.9108,23.4333,20.7203,22.0541,22.189,22.7675,23.0472,22.1503,22.5587,21.9955,22.1728,23.8454,21.9441,21.9691,21.5014,22.8406,24.1272,20.2513,21.5615,22.1461,22.3152,22.9288,20.894,20.8516,21.9232,21.2138,22.6342,22.6286,20.7433,22.0,20.652,23.8007,20.2399,21.2592,21.3286,21.7686,24.755,20.5781,21.0582,21.447,22.3204,24.5738,19.5903,20.9418,22.0533,21.7511,22.5548,21.2533,21.5766,21.5365,21.6217,23.3696,21.1291,21.8108,22.3578,22.0267,25.5492,20.0571,21.0188,22.4644,22.3074,23.3078,20.1831,21.7421,21.4939,22.3181,23.0583
255,1:49:15 PM,21.1657,21.4256,21.1343,21.4016,22.7569,22.0411,21.2325,22.5379,23.342,23.6056,21.8245,21.7122,21.4742,22.023,22.5807,21.961,22.5551,22.7887,22.8804,23.8371,21.3883,22.1386,22.6225,21.7791,23.6517,20.6126,21.3059,20.7308,21.2817,22.6116,22.5082,21.5556,22.6909,22.2528,24.0195,21.5629,22.2533,22.4067,22.4282,22.5481,22.4089,22.4325,21.9611,23.3728,24.315,22.4241,22.9138,23.1321,22.8225,23.7815,20.117,20.4898,21.5344,21.8534,23.4845,20.8729,22.0263,21.981,22.7606,22.906,22.1494,22.4506,21.9134,22.2133,23.9039,21.8156,22.0217,21.2912,22.9654,24.0297,20.3561,21.7722,22.2926,22.394,23.2697,21.0041,20.999,21.9354,21.4622,22.5869,22.5326,20.9557,22.1691,20.6064,23.5886,20.2738,21.1944,21.3911,21.8549,24.7425,20.4591,20.9527,21.6499,21.981,24.7075,19.5157,20.7447,21.7394,21.5176,21.8184,21.3778,21.5412,21.4262,21.6792,23.7806,21.1708,21.8306,22.4375,22.2315,25.5889,20.1937,21.2304,22.3087,22.3469,23.1092,19.9825,21.5861,21.0788,22.1965,23.0827
256,1:49:35 PM,21.1358,21.4503,21.1445,21.3515,22.75,21.9649,21.3705,22.7848,23.4387,23.5748,21.7061,21.5092,21.5139,22.0055,22.7761,21.9297,22.6438,22.702,22.8517,23.8941,21.3514,22.1577,22.5649,21.6675,23.6992,20.4507,21.1035,20.6419,21.2319,22.7565,22.5385,21.7867,22.7169,22.3083,24.0012,21.4598,22.2102,22.2821,22.092,22.5554,22.4906,22.403,21.8454,23.3399,24.1539,22.3873,22.9229,23.0662,22.8554,23.7903,19.9509,20.3861,21.48,21.8035,23.425,20.5274,22.0105,22.009,22.8317,22.8083,21.9672,22.432,21.7773,22.1918,23.9702,21.6715,21.7177,21.2735,22.8675,24.1269,20.2549,21.6273,22.0622,22.2822,23.0021,20.8608,20.8143,21.917,21.1936,22.6317,22.4449,20.7677,22.0327,20.4104,23.852,20.2903,21.2623,21.3534,21.9935,25.0663,20.5977,20.7654,21.4135,22.216,24.5743,19.5026,20.9771,21.961,21.6781,22.5217,21.3449,21.5734,21.3545,21.5642,23.6416,21.0554,21.7652,22.3681,21.9993,26.1159,20.0291,21.1108,22.2303,22.3354,22.9676,20.0074,21.6128,21.4098,22.1197,22.967
257,1:49:55 PM,21.2387,21.3647,21.1836,21.2227,22.6107,22.0392,21.3144,22.706,23.359,23.4881,21.8538,21.7029,21.4657,22.0184,22.6129,21.914,22.5405,22.615,22.6705,23.6156,21.5339,22.0903,22.4225,21.635,23.7245,20.396,21.1588,20.9158,21.1854,22.6775,22.4625,21.7896,22.9434,22.3005,23.7982,21.471,22.1846,22.3251,22.1974,22.1359,22.5064,22.3785,21.9969,23.3426,24.1745,22.3309,22.798,22.9908,22.8812,23.679,19.9869,20.3204,21.4362,21.8159,23.2746,20.4974,22.044,22.0171,22.6848,22.8079,22.0647,22.4208,21.8764,22.049,23.9468,21.6614,21.8199,21.3068,22.8093,23.9703,20.2287,21.4229,21.9588,22.1499,23.0402,20.8352,20.872,21.8929,21.4164,22.6478,22.3516,20.743,21.6767,20.5797,23.7778,20.0563,21.2002,21.2226,22.0296,24.607,20.5321,20.914,21.5688,21.8425,24.4862,19.5174,20.8921,21.7137,21.4726,22.6124,21.2771,21.3893,21.4146,21.4327,23.9896,21.0819,21.7186,22.2333,22.1808,25.9498,19.8047,20.9179,22.1833,22.2343,22.7694,19.7706,21.4036,21.36,22.3865,22.9006
258,1:50:15 PM,21.144,21.2363,21.1131,21.3905,22.4864,22.0321,21.0693,22.3425,22.8763,23.2479,21.8709,21.5817,21.4259,21.9645,22.63,21.8891,22.4269,22.6568,22.6772,23.6462,21.4478,22.0422,22.5102,21.7904,23.5458,20.4265,21.1339,20.6719,21.4458,22.6648,22.6104,21.4659,22.6991,22.3576,23.9095,21.4737,22.2278,22.1797,22.1937,22.1818,22.1359,22.4005,21.9573,23.3416,24.1052,22.3184,22.8624,22.9255,22.7808,23.7564,19.8408,20.153,21.3357,21.7304,23.3105,20.5838,21.8509,22.0402,22.6744,22.9221,22.1641,22.3586,21.9015,22.0675,23.9528,21.8142,21.8261,21.2183,22.6745,23.9396,20.3675,21.6796,22.2711,22.1948,23.1294,20.8431,20.9632,21.8031,21.2663,22.5579,22.4512,20.7369,22.0127,20.3954,23.3294,20.1392,21.0744,21.1399,21.529,24.6208,20.4094,20.7775,21.5601,22.1584,24.5637,19.518,21.1465,22.014,21.6567,22.1619,21.2769,21.4669,21.2788,21.5613,23.2272,21.0088,21.6933,22.1772,21.997,25.4616,20.0697,20.7925,22.3232,22.2217,23.1244,19.7024,21.3987,21.1872,22.1658,22.9143
259,1:50:35 PM,21.0191,21.284,21.2421,21.251,22.6481,21.9823,21.4093,22.6084,23.1432,23.2188,21.7199,21.4362,21.258,21.7728,22.7957,21.9096,22.4543,22.8348,22.6464,23.7573,21.4916,21.9079,22.5253,21.8011,23.7421,20.3198,21.0954,21.1284,21.3962,22.6499,22.1894,21.8457,22.7569,22.1355,23.6709,21.4115,22.098,22.0858,22.0833,22.0235,22.2938,22.3712,21.8449,23.1751,24.0298,22.4077,22.8005,22.9944,22.8538,23.6947,19.7415,20.2963,21.3918,21.8209,23.2163,20.5847,21.9248,22.0178,22.5887,22.5517,22.0301,22.3358,21.6431,21.9961,24.0576,21.5902,21.8082,21.2469,22.6964,24.0462,20.2807,21.4728,21.8769,22.103,22.9133,20.6758,20.7139,21.7785,21.2414,22.5397,22.3629,20.6968,22.0608,20.3436,23.7887,19.9787,21.0934,21.0612,21.8213,25.1713,20.3583,20.8218,21.2305,22.098,24.6031,19.365,20.8263,21.8318,21.5789,21.6655,21.1664,21.6343,21.1897,21.2367,23.3868,20.5436,21.5911,22.0493,21.835,25.7992,19.8589,20.8145,22.1989,22.2008,23.1389,19.7033,21.4183,21.1605,22.1168,22.8648
260,1:50:55 PM,21.0775,21.275,21.2484,21.4063,22.6347,22.0073,20.9879,22.374,22.9969,23.2379,21.7459,21.6486,21.2641,21.9486,22.7083,21.8378,22.4375,22.411,22.6145,23.4918,21.3974,21.8295,22.4736,21.4308,23.5252,20.3357,20.9355,20.5921,21.2845,22.5644,22.1827,21.5787,22.6506,22.3718,23.9292,21.4378,22.1375,22.1466,22.0723,22.2459,22.4171,22.4663,21.7796,23.1239,23.9938,22.1367,22.7023,22.8024,22.7305,23.7283,19.8427,20.2309,21.3086,21.7913,23.2716,20.5845,21.8961,22.0515,22.5059,22.7044,21.9699,22.2878,21.7697,21.8854,23.8036,21.7761,21.8103,21.2048,22.8021,24.1915,20.177,21.5988,21.8617,22.2562,23.139,20.703,20.7637,21.7003,21.1545,22.4679,22.3582,20.7252,22.0052,20.2487,23.4166,20.0189,21.0038,21.1745,21.6511,24.8635,20.3583,20.7607,21.0027,22.3437,24.5882,19.3262,20.8181,21.8201,21.4487,22.184,21.1746,21.4797,21.2246,21.455,23.6006,20.7812,21.5605,22.1326,21.808,25.7302,19.8711,20.7589,22.1175,21.9961,22.7473,19.7487,21.2819,21.2237,22.0756,22.9669
261,1:51:15 PM,21.024,21.3156,21.1338,21.4094,22.5715,22.096,21.1724,22.5228,23.1335,23.1317,21.5561,21.4333,21.2523,21.6956,22.5111,21.7999,22.4204,22.6512,22.5228,23.6296,21.5074,21.8708,22.3257,21.5652,23.6795,20.3773,20.9443,20.4938,21.3056,22.5934,22.2568,21.631,22.7136,22.3537,23.7599,21.4338,22.0542,22.0465,21.7204,21.902,22.3904,22.3831,21.744,23.3107,23.9397,22.2237,22.5635,22.9393,22.6547,23.5283,19.7087,20.2209,21.1908,21.7239,23.2242,20.4688,21.7763,21.8494,22.5559,22.7647,22.1513,22.1295,21.736,21.9179,23.7704,21.6757,21.6619,21.0795,22.6613,23.769,20.0954,21.4832,21.9417,21.8994,22.5695,20.7306,20.6149,21.7255,21.1195,22.4058,22.3675,20.7037,21.8612,20.2887,23.5429,19.9556,21.0596,21.1514,21.7035,24.7033,20.3862,20.7536,21.0498,21.9066,24.5543,19.307,20.8132,21.7981,21.5377,21.9704,21.1239,21.4185,21.2357,21.2719,23.5426,20.7885,21.6307,22.0361,21.9519,25.8304,19.9266,20.895,22.1147,22.0876,22.6364,19.7591,21.4708,20.919,21.9984,22.9381
262,1:51:35 PM,20.9971,21.276,20.964,21.1633,22.4455,22.0088,21.2439,22.5151,22.9699,23.2504,21.5096,21.4633,21.3057,21.6983,22.5124,21.8014,22.4655,22.5592,22.5608,23.6385,21.3514,21.7057,22.3438,21.1492,23.5317,20.3442,21.0054,20.6158,20.9547,22.413,22.448,21.2971,22.7329,22.0242,23.775,21.328,22.0098,22.0379,21.7883,21.9216,22.1712,22.2891,21.7467,23.1071,23.9529,22.1267,22.486,22.879,22.4866,23.669,19.7927,20.1897,21.1147,21.6893,23.2441,20.8309,21.8165,21.8996,22.5571,22.319,21.8657,22.2503,21.7132,21.9036,23.7978,21.4948,21.675,21.0923,22.7234,23.7667,19.9987,21.4242,21.9029,22.1043,22.7732,20.7423,20.6316,21.6002,21.0823,22.4458,22.2833,20.6744,21.9291,20.3766,23.3346,20.1051,20.8919,21.1244,22.0075,24.8643,20.272,20.6159,21.3806,22.3859,24.4807,19.2298,20.6212,21.7145,21.5136,21.8802,21.078,21.3479,21.219,21.2962,23.1648,20.7456,21.6195,22.1127,21.7033,26.287,19.8053,20.7777,22.1899,21.9913,22.7379,19.5852,21.3507,21.0188,22.1409,23.0657
263,1:51:55 PM,20.7601,21.0734,20.9697,21.193,22.4211,21.9676,21.1355,22.2635,22.9302,23.235,21.4704,21.5368,21.1343,21.7938,22.4888,21.7925,22.3698,22.5045,22.4135,23.4038,21.0308,21.7747,22.053,21.3561,23.5042,20.1826,20.9917,20.7254,21.0491,22.4522,22.0097,21.57,22.6669,22.1782,23.6587,21.2008,22.0089,21.9917,21.8102,22.0127,22.3415,22.3228,21.579,23.0721,24.0182,22.1925,22.6397,22.8554,22.6211,23.611,19.5965,20.1216,21.1705,21.5683,23.1331,20.2999,21.8288,21.9828,22.5041,22.736,21.8846,22.1556,21.6385,21.7297,23.6986,21.5689,21.5402,20.9218,22.5919,23.845,20.3079,21.3522,21.86,22.1626,22.6472,20.6334,20.6198,21.6179,20.9482,22.3891,22.2571,20.4114,21.8617,20.2223,23.2218,19.9577,20.7737,21.0157,21.6612,24.3459,20.3415,20.6317,20.6605,22.0264,24.6071,19.2851,20.7217,21.7034,21.496,21.7509,21.0294,21.3888,21.3188,21.3736,22.9284,20.7462,21.6102,22.2597,21.6295,25.2321,19.9445,20.6901,22.1666,21.9569,22.5832,19.4639,21.3115,21.1611,22.0513,23.0425
264,1:52:15 PM,20.9392,21.0749,20.9448,21.3151,22.3743,21.9835,20.9533,22.3919,23.0143,23.255,21.5706,21.31,21.0995,21.6177,22.4616,21.6856,22.2372,22.4468,22.3711,23.5569,21.1351,21.7168,22.3227,21.3666,23.3977,20.2114,20.9692,20.5706,21.0572,22.4618,22.3378,21.4364,22.5795,22.0758,23.7436,21.3139,21.9281,21.9697,21.9411,21.9021,22.2197,22.2168,21.7332,23.0076,23.916,22.1512,22.607,22.7524,22.7038,23.5644,19.6332,19.9947,21.2149,21.6627,23.0889,20.355,21.7544,21.9467,22.5475,22.6462,21.7706,22.1162,21.6273,21.7315,23.6905,21.3901,21.6787,21.0255,22.684,23.7596,19.8082,21.117,21.8709,21.9766,22.6293,20.6391,20.5845,21.6223,20.9697,22.2726,22.2555,20.5738,21.9083,20.3139,23.4606,20.1269,20.7436,20.9928,21.4284,24.3485,20.353,20.6376,21.2247,21.6712,24.5476,19.3041,20.8176,21.7109,21.1557,21.9349,21.057,21.2695,21.0762,21.0969,23.042,20.5217,21.5196,22.0262,21.5774,25.532,19.8291,20.6921,22.0587,21.8313,22.2687,19.8493,21.3174,21.046,21.9707,22.9801
265,1:52:35 PM,20.8987,21.1688,21.0734,21.1206,22.3991,21.9279,21.0362,22.3038,22.8698,23.1117,21.4828,21.427,21.0868,21.6653,22.2254,21.7597,22.1711,22.2654,22.4793,23.3277,21.1346,21.5154,22.1207,21.4163,23.3785,20.1612,20.9198,20.4185,21.2753,22.4756,22.2916,21.5035,22.5712,22.1753,23.6553,21.2836,21.9049,21.844,21.7804,21.8123,22.1108,22.1297,21.6102,23.173,23.7978,22.0377,22.417,22.7082,22.4944,23.4875,19.6451,20.0469,21.0281,21.5228,23.0553,20.244,21.7556,21.8862,22.3381,22.4391,21.964,22.213,21.5272,21.7471,23.5814,21.3613,21.6346,20.9438,22.4826,23.7879,20.2355,21.1666,21.6561,21.8334,22.6516,20.6354,20.5214,21.5525,20.9556,22.3313,22.2707,20.6409,21.7251,20.2844,23.4233,19.8394,20.8091,20.867,21.376,25.0684,20.0406,20.4938,20.695,22.0096,24.417,19.2228,21.0927,21.5078,21.1834,21.3508,21.1492,21.2282,20.9856,21.1838,23.2632,20.6064,21.5008,22.0502,21.7825,25.9353,19.6817,20.75,22.1493,21.8327,22.3876,19.4652,21.1406,20.9232,21.9316,22.9312
266,1:52:55 PM,20.9437,21.2052,20.9466,21.0743,22.4479,21.8228,21.0512,22.4713,22.9508,23.1269,21.5257,21.294,21.0287,21.4898,22.2789,21.6292,22.1278,22.2145,22.3757,23.3342,21.1933,21.7938,22.3037,21.6066,23.4753,20.1959,20.9466,20.9302,21.1056,22.3749,22.1294,21.3214,22.6803,22.1161,23.7064,20.9834,21.8124,21.748,21.4762,21.6993,21.8205,22.0968,21.4789,23.2077,23.7022,22.0179,22.3274,22.5682,22.3906,23.2589,19.6122,20.1547,21.0536,21.5629,23.0873,20.772,21.6497,21.8151,22.5601,22.3527,21.7508,22.1524,21.5172,21.6818,23.7826,21.3192,21.5325,20.9427,22.5087,23.7203,19.9211,21.3169,21.872,21.9251,22.584,20.4397,20.4252,21.5253,20.7807,22.3036,22.1659,20.5048,21.5904,20.0764,23.186,19.9893,20.7005,20.8753,21.4003,24.485,20.2571,20.5494,21.3413,21.7785,24.439,19.2751,21.0757,21.4556,21.1634,22.2449,21.0321,21.2611,21.0034,21.0987,23.2195,20.5907,21.4475,21.7193,21.5943,25.2968,19.7495,20.4745,21.8616,21.8818,22.5055,19.6243,21.2946,20.966,21.9514,22.8528
267,1:53:15 PM,20.9945,20.9253,20.8144,21.0779,22.2809,21.6391,20.8812,22.1381,22.9054,23.067,21.4614,21.2005,21.0694,21.6129,22.3742,21.4538,22.0916,22.2939,22.2615,23.3301,21.2932,21.6031,22.2475,21.7184,23.4251,20.0124,20.7983,20.5012,20.8988,22.2662,22.1963,21.3313,22.5869,21.9567,23.6111,21.1547,21.8673,22.038,21.7556,21.8492,22.1555,22.0711,21.4718,23.0579,23.8624,22.0488,22.2925,22.6819,22.4879,23.3583,19.514,19.8375,21.0819,21.5436,23.0336,20.2432,21.5795,21.7676,22.3636,22.6185,21.6642,22.0115,21.4718,21.6864,23.599,21.3414,21.5608,20.8947,22.4916,23.7584,20.02,21.3747,21.697,21.8368,22.61,20.5549,20.47,21.4401,20.8689,22.246,22.0037,20.3753,21.7468,19.9671,23.408,19.939,20.6903,21.0055,21.5441,24.5457,20.0548,20.4689,21.0054,21.8469,24.2939,19.2655,21.0551,21.5153,21.0937,21.7472,20.9163,21.1029,21.0401,21.3105,23.3795,20.3825,21.329,21.7854,21.5847,25.651,19.6118,20.5934,21.8548,22.0016,22.5018,19.8857,21.0817,21.1108,21.9903,22.7255
268,1:53:35 PM,20.8604,21.1634,20.8915,21.1287,22.1834,21.6906,20.6631,22.0772,22.7844,23.142,21.488,21.3974,21.3857,21.8022,22.3708,21.6466,22.1246,22.396,22.2932,23.4548,21.1199,21.634,21.9964,21.548,23.5108,20.1039,20.9257,20.5314,20.8902,22.2409,21.96,21.1732,22.3644,22.0357,23.7157,21.1717,21.7686,21.9219,21.8084,21.7418,22.0119,22.0169,21.4576,22.9124,23.7317,22.0371,22.392,22.5895,22.4452,23.4892,19.4946,19.8401,20.9987,21.4452,22.9801,20.0232,21.6565,21.6432,22.3917,22.3469,21.6808,21.9982,21.4236,21.7107,23.6896,21.2935,21.4156,20.8554,22.439,23.5527,19.8458,20.9717,21.6204,21.9231,22.6497,20.3261,20.3627,21.3524,20.8716,22.248,22.0547,20.3487,21.6272,20.1012,23.6016,19.835,20.4821,20.8479,21.2353,24.2292,20.1318,20.5377,21.2016,21.8181,24.4089,19.2477,20.8177,21.5378,21.0073,22.0205,20.9677,21.1499,20.893,21.0723,23.1575,20.6626,21.3334,21.7568,21.3529,25.3326,19.6499,20.6871,21.9276,22.0065,22.5206,19.6471,21.1294,21.0758,21.8796,22.8079
269,1:53:55 PM,20.7742,21.0789,20.6737,20.9555,22.2574,21.7746,20.8004,22.1468,23.0132,22.9,21.4212,21.3784,21.1471,21.5851,22.2366,21.5793,22.1143,22.2668,22.3049,23.3284,21.0013,21.7306,22.1356,21.3817,23.4638,20.191,20.739,20.4443,20.8762,22.0466,21.5916,21.3886,22.4524,21.9947,23.533,21.2101,21.7199,21.8009,21.4187,21.7919,21.9274,21.9865,21.5517,23.0459,23.6843,21.9861,22.3465,22.602,22.4102,23.3188,19.4617,19.9208,21.1747,21.5245,22.8498,20.1737,21.5819,21.6708,22.3456,22.4273,21.6386,21.9247,21.413,21.7386,23.5752,21.4323,21.4021,20.9774,22.371,23.6099,19.7943,21.0414,21.6065,21.8648,22.6992,20.4354,20.3914,21.3642,20.7238,22.2198,22.0719,20.3089,21.3023,20.0864,23.4914,19.7844,20.92,20.7088,21.3085,24.4116,19.9479,20.464,20.7848,21.7175,24.334,18.9393,20.5192,21.5782,21.172,21.3778,21.0129,21.1494,20.802,21.0046,23.2118,20.5532,21.2076,21.8098,21.7732,25.622,19.6939,20.567,21.7871,21.8544,22.4557,19.6471,21.1046,20.7963,21.8701,22.6332
270,1:54:15 PM,20.6606,20.821,20.6634,21.0602,22.2132,21.5808,20.732,22.1177,22.9427,22.8782,21.4245,21.1595,20.945,21.6235,22.2483,21.5325,22.0931,22.2616,22.3818,23.2383,21.1503,21.6517,22.112,21.0652,23.3805,20.1007,20.6801,20.5435,20.8679,22.3194,22.2146,21.132,22.4567,21.8317,23.4516,21.1273,21.8004,21.7721,21.7589,21.8065,21.8894,21.8882,21.3329,22.9758,23.6124,21.9182,22.3035,22.5706,22.3423,23.2689,19.5779,19.9579,20.928,21.4825,22.7692,20.0793,21.5011,21.6149,22.2976,22.433,21.6736,21.864,21.4397,21.6764,23.8589,21.1688,21.3829,20.8917,22.3967,23.6985,19.9695,21.0365,21.642,21.7011,22.43,20.3606,20.3824,21.4,20.8395,22.1495,22.1029,20.3569,21.4735,20.0503,23.31,19.7641,20.6843,20.7783,21.3679,24.0727,20.1165,20.4304,20.5193,21.8197,24.2786,18.7934,20.8086,21.6129,21.4005,22.0508,20.8512,21.1002,20.7309,21.0425,22.8303,20.549,21.2932,21.8742,21.7836,25.3805,19.7649,20.2821,21.9297,21.7634,22.637,19.5176,21.2664,20.9838,22.0623,22.7367
271,1:54:35 PM,20.889,20.9946,20.6149,20.9939,22.202,21.6856,20.9548,22.1377,22.6384,22.9826,21.2512,21.1374,20.963,21.4558,22.1695,21.476,22.1379,22.2774,22.3619,23.3419,21.2161,21.7947,22.0873,21.5423,23.3027,19.9093,20.7407,20.3714,20.9153,22.175,21.8896,21.1956,22.449,21.7603,23.5165,21.0558,21.7377,21.7607,21.9016,21.909,22.0025,21.8944,21.3236,22.7709,23.7096,21.9579,22.3304,22.5163,22.3248,23.2481,19.4331,19.6739,20.8274,21.3607,22.8738,19.9492,21.502,21.5729,22.2265,22.4149,21.573,21.8826,21.3667,21.6052,23.6447,21.1703,21.2601,20.7123,22.3702,23.6633,19.9659,20.9912,21.6069,21.7964,22.3941,20.1749,20.3096,21.3076,20.718,22.0693,21.957,20.2124,21.5858,20.1186,23.3868,19.6854,20.5761,20.8374,21.3995,24.4639,19.7758,20.3784,21.1611,21.5332,24.2208,18.9599,20.8908,21.4037,20.9834,21.6202,20.8656,21.0315,20.7676,20.9254,22.9819,20.2923,21.2419,21.7814,21.6188,24.894,19.5621,20.2827,21.7714,21.7102,22.1937,19.4927,21.2982,20.9647,22.0428,22.7494
272,1:54:55 PM,20.6396,20.8045,20.7539,20.8447,22.1961,21.5359,20.6428,21.9889,22.6083,22.9337,21.2942,21.3234,21.2185,21.7255,22.3448,21.559,22.1413,22.1577,22.3243,23.1239,21.0783,21.6614,22.1855,21.2202,23.2079,19.8682,20.7048,20.1117,20.6255,22.1539,22.0683,21.2111,22.3007,21.7671,23.4517,21.0554,21.7137,21.8719,21.7678,21.8592,21.9071,21.799,21.2154,22.7337,23.7792,21.9435,22.3124,22.4823,22.192,23.4211,19.3888,19.769,20.8464,21.2813,22.7826,20.1526,21.3769,21.4406,22.2387,22.4509,21.5541,21.6325,21.2565,21.6682,23.5244,21.1655,21.348,20.8035,22.2886,23.7018,19.7024,21.0391,21.8749,21.7886,22.6223,20.3235,20.3547,21.3418,20.6556,22.0986,22.0096,20.208,21.8692,19.9579,23.1425,19.7449,20.6682,20.7734,21.3106,24.1603,19.9896,20.4623,21.2041,21.8807,24.0888,18.9692,20.5506,21.2035,20.811,21.4864,20.7214,21.0715,20.6774,21.0343,23.2127,20.549,21.3792,21.8596,22.1373,25.292,19.5951,20.2609,21.8555,21.7096,22.2093,19.3567,20.9442,20.8782,21.9284,22.6114
273,1:55:15 PM,20.8036,20.8479,20.8712,20.8727,22.0521,21.5676,20.8355,22.0753,22.6217,22.6661,21.2741,21.1016,21.0271,21.4945,22.231,21.4526,21.9483,22.1465,22.191,23.1064,21.1243,21.4778,22.0263,20.9846,23.3618,20.0372,20.6618,20.2424,20.7374,22.1494,21.7661,21.324,22.3633,21.8037,23.4072,20.982,21.6628,21.7276,21.8913,22.2102,22.029,21.9322,21.4328,22.8087,23.541,21.9349,22.1981,22.3952,22.2426,23.1873,19.5558,19.7898,20.7952,21.2477,22.8009,20.3188,21.3652,21.4981,22.1262,22.2108,21.5516,21.7627,21.3068,21.5621,23.5185,21.3492,21.4005,20.7844,22.3786,23.6755,20.0439,21.0221,21.6587,21.8109,22.3447,20.246,20.2976,21.2339,20.7272,21.9954,21.9727,20.148,21.2845,19.991,23.3193,19.6724,20.5668,20.497,21.121,23.8237,20.0444,20.3755,20.8224,21.7543,24.127,18.8584,20.7034,21.5066,20.9524,21.4786,20.7179,20.9788,20.7044,20.8509,22.8748,20.3343,21.1796,21.7553,21.7871,25.2912,19.4675,20.473,21.8282,21.8732,22.4213,19.4887,20.9558,20.9952,21.7258,22.8287
274,1:55:35 PM,20.6631,20.9355,20.7453,20.9022,22.0571,21.6081,20.6836,21.7161,22.1814,22.7057,21.1699,21.0357,20.8992,21.5565,22.1637,21.4463,22.0137,22.1574,22.2467,23.1033,20.8201,21.3442,21.9404,21.2503,23.4037,19.8882,20.4783,20.3019,20.816,21.9197,22.0951,21.1347,22.2049,21.9649,23.389,21.0211,21.6435,21.5271,21.7283,21.8532,21.8515,21.906,21.4525,22.9224,23.5732,21.9485,22.2825,22.3983,22.1163,23.3148,19.3526,19.7296,20.7153,21.296,22.7876,20.5501,21.3592,21.5455,22.0238,22.3086,21.5353,21.7515,21.3252,21.6966,23.4708,21.2579,21.4095,20.6559,22.1748,23.6286,19.477,20.9269,21.1608,21.8392,22.4365,20.3004,20.2507,21.1573,20.675,21.9881,22.0163,20.2635,21.3598,19.9324,23.3177,19.6278,20.5722,20.8418,21.3415,24.2713,19.9197,20.3065,20.8093,21.3696,24.0816,18.9661,20.5304,21.1888,20.6618,22.079,20.6154,20.8971,20.7831,20.8409,22.8677,20.3916,21.1711,21.63,21.9427,25.1652,19.5878,20.4743,21.7556,21.7682,22.6806,19.3751,20.9564,20.7382,21.8566,22.7376
275,1:55:55 PM,20.601,20.7682,20.7854,20.9388,21.9935,21.5839,20.5125,21.7649,22.4068,22.7503,21.1563,21.1381,20.6883,21.3002,21.9173,21.3192,22.0191,22.0293,22.1336,23.2367,21.2217,21.4494,21.8828,21.2185,23.2119,19.8505,20.4769,19.9564,20.7144,22.1032,21.7473,21.0692,22.2623,21.8352,23.4284,20.9055,21.4943,21.7107,21.3425,21.5745,21.8234,21.815,21.2042,22.8346,23.5384,21.8356,22.2858,22.434,22.147,23.1784,19.3136,19.5708,20.7403,21.1696,22.8723,20.1195,21.478,21.5581,21.9806,22.1534,21.4824,21.8219,21.2951,21.5324,23.3496,21.119,21.3495,20.7235,22.1535,23.4805,19.6565,21.2001,21.5402,21.8374,22.6308,20.1731,20.2912,21.2672,20.6717,21.9833,21.9203,20.2206,21.1601,19.8615,23.4149,19.7868,20.5099,20.6949,21.2999,24.2965,19.8848,20.2293,21.1284,21.5357,24.0338,18.9043,20.5788,21.3789,20.735,21.5187,20.6525,20.9892,20.8518,20.7808,23.0984,20.4556,21.2091,21.62,21.7348,24.9395,19.4559,20.4592,21.6366,21.6655,22.1286,19.3443,20.9945,20.5959,21.7607,22.7444
276,1:56:15 PM,20.5196,20.7168,20.5646,20.7671,21.928,21.4153,20.8165,22.0082,22.5955,22.7498,21.1195,21.0049,20.8293,21.5563,21.9477,21.3813,21.9645,22.1219,22.1181,23.1017,21.1356,21.6088,21.9618,21.2265,23.244,19.7806,20.3746,20.1203,20.7941,21.9654,21.9989,20.9896,22.2651,21.6844,23.3751,20.8862,21.6319,21.6008,21.4824,21.6134,21.6895,21.8232,21.2574,22.7459,23.6105,21.8178,22.1791,22.3283,22.1389,23.2331,19.2041,19.6479,20.5307,21.1929,22.7143,20.0402,21.1638,21.5942,22.0772,22.0712,21.4618,21.7017,21.2542,21.5869,23.3756,21.1869,21.4171,20.7613,22.202,23.4078,19.6142,20.8733,21.5014,21.7172,22.2298,20.2964,20.2386,21.1668,20.5362,21.845,21.9285,20.0361,21.0856,19.8465,23.3485,19.6517,20.6718,20.8137,21.4206,24.31,19.9075,20.3017,21.1672,21.3458,24.0405,18.7697,20.2814,21.3066,20.8661,21.2162,20.7567,20.9025,20.7429,20.9612,23.3198,20.5033,21.1854,21.8297,21.4915,25.2204,19.5038,20.3196,21.6347,21.5668,22.3959,19.454,21.0045,20.7283,21.8464,22.6219
277,1:56:35 PM,20.5435,20.698,20.494,20.766,21.9776,21.4441,20.6444,21.9236,22.5942,22.9185,21.217,20.887,20.7209,21.3446,21.9851,21.377,21.9545,22.0236,22.0665,23.0998,20.782,21.4238,21.7966,20.9869,23.2231,19.7808,20.5598,19.9764,20.4886,21.9392,22.0411,21.1015,22.2788,21.9222,23.354,20.8305,21.5294,21.5644,21.6009,21.77,21.7889,21.8527,21.3376,22.743,23.4437,21.7103,22.0968,22.299,22.0738,23.1884,19.2664,19.7529,20.6219,21.0839,22.7299,20.0222,21.3814,21.374,22.028,22.4176,21.4452,21.6281,21.0721,21.5494,23.3377,21.0622,21.2309,20.5913,22.1728,23.4418,19.8757,21.0852,21.3603,21.5509,22.1439,20.2282,20.2336,21.1846,20.5983,21.8494,21.9667,20.1731,21.4035,19.8723,23.2231,19.593,20.611,20.637,21.1932,24.4591,20.022,20.2873,20.8668,21.5346,24.1544,18.9273,20.4474,20.9284,21.0661,21.7303,20.652,20.7876,20.6653,20.9078,22.7028,20.5882,21.0774,21.6205,21.505,25.4215,19.3943,20.0492,21.5674,21.5057,22.3273,19.2445,21.0241,20.6093,21.6379,22.4631
278,1:56:55 PM,20.5303,20.8008,20.614,20.8983,22.0635,21.4964,20.6442,21.929,22.5249,22.7064,21.3214,21.0083,20.7898,21.1483,21.7322,21.3152,21.8314,21.8843,22.0227,22.969,20.7877,21.0713,21.8284,21.1559,23.1955,19.9021,20.7282,20.1536,20.6944,22.07,21.8612,20.9774,22.198,21.558,23.3377,20.913,21.4359,21.4921,21.5231,21.7215,21.8486,21.8667,21.2035,22.6698,23.4476,21.5642,22.0769,22.2852,22.0604,23.0579,19.3789,19.6733,20.7513,21.1234,22.6908,20.3599,21.261,21.3679,22.1109,21.7792,21.4125,21.4934,21.175,21.4821,23.4317,21.0571,21.0645,20.5921,22.0585,23.4877,19.6173,20.9177,21.4119,21.4974,22.2172,20.2842,20.2737,21.1243,20.542,21.8082,21.8803,20.1843,21.7107,19.9119,23.1797,19.6293,20.5964,20.4812,21.3266,24.1164,19.8521,20.246,20.8355,21.4901,23.9698,18.8759,20.2026,21.1367,20.7112,22.1585,20.5665,20.8792,20.6285,20.8121,22.704,20.5242,21.1056,21.6668,21.6478,25.0348,19.6416,20.0551,21.4958,21.5252,22.4257,19.2103,20.7945,19.7857,21.4836,22.7535
279,1:57:15 PM,20.5195,20.7132,20.4818,20.7546,21.8659,21.4306,20.5883,21.9855,22.6114,22.6781,21.0448,20.9095,20.7406,21.218,21.764,21.2538,21.575,21.889,22.0083,22.8746,20.7081,21.3916,21.8597,20.9588,23.0711,19.7198,20.4167,20.3456,20.7378,22.0023,21.835,21.1414,22.1714,21.9112,23.3543,20.9183,21.5614,21.4775,21.2483,21.4095,21.53,21.7584,21.2584,22.5664,23.3953,21.486,22.0768,22.2833,22.1004,23.0749,19.2132,19.532,20.7747,20.9462,22.5517,20.0807,21.2823,21.3529,21.9884,22.2643,21.6077,21.766,21.2403,21.4851,23.2277,21.2758,21.2033,20.5709,22.0979,23.3661,19.8241,20.9476,21.4115,21.4132,22.2623,20.1266,20.25,21.1616,20.4737,21.9013,21.8446,20.0618,21.08,19.7375,23.0216,19.639,20.5507,20.4788,21.1811,24.1859,19.9222,20.2219,20.9284,21.3625,23.9136,19.1019,20.7496,21.065,20.8326,21.3624,20.4923,20.7866,20.6808,20.6592,22.8918,20.3759,21.0799,21.5646,21.5811,25.3193,19.5546,20.3475,21.5757,21.5991,22.1222,19.0119,20.8778,20.3091,21.6666,22.6706
280,1:57:35 PM,20.4923,20.7636,20.4403,20.6994,21.9555,21.4576,20.8022,22.0327,22.5396,22.8495,21.1781,20.9543,20.8159,21.2481,21.6556,21.1907,21.6283,21.8315,21.9536,22.7805,20.9678,21.3497,21.8092,21.043,22.9808,19.4947,20.4036,20.1403,20.4737,21.7962,21.4681,20.9133,22.2161,21.8859,23.1662,20.8967,21.4969,21.5041,21.401,21.5432,21.7731,21.6178,21.034,22.6418,23.2646,21.5011,22.0957,22.3422,22.0961,22.9387,19.1585,19.5257,20.5787,21.0835,22.632,19.9169,21.1244,21.3783,22.0806,22.2551,21.4951,21.6012,21.1227,21.5221,23.3889,21.1761,21.1429,20.6765,22.0419,23.4343,19.6196,20.719,21.4199,21.4206,22.0126,20.0701,19.9343,21.1144,20.4551,21.8414,21.8067,20.0183,21.3427,19.7367,23.0587,19.528,20.3145,20.6998,21.1175,24.1499,19.7615,20.1655,20.8375,21.6024,23.8032,18.906,20.5693,21.3478,21.0593,21.1621,20.5845,20.7361,20.6149,20.6524,22.57,19.9904,20.9191,21.4424,21.6014,25.5453,19.484,20.0575,21.6157,21.5288,22.2272,19.2369,20.8365,20.6709,21.69,22.5377
281,1:57:55 PM,20.4052,20.5664,20.419,20.7688,21.9869,21.521,20.5256,21.9432,22.472,22.7727,21.1134,20.9125,20.766,21.1799,21.6967,21.1576,21.4365,21.9152,22.0101,22.7895,20.8014,21.1223,21.8678,21.0735,22.9204,19.6664,20.4233,20.2457,20.7167,21.9094,21.8207,21.1892,22.2411,21.8074,23.3128,20.9424,21.4277,21.4655,21.0355,21.2983,21.4512,21.6013,20.9737,22.466,23.4765,21.5752,21.975,22.223,22.0624,23.0486,19.153,19.5386,20.6065,21.0289,22.5399,19.9852,21.2454,21.4369,22.0425,22.0569,21.5535,21.6877,21.3108,21.4666,22.9786,21.0165,21.1016,20.5483,22.0579,23.2337,19.6869,20.9977,21.344,21.4917,22.3641,20.1231,19.9767,21.1415,20.4416,21.8608,21.7666,20.0023,20.9309,19.6279,23.0915,19.4115,20.384,20.485,20.9943,24.1564,19.7143,20.1557,21.006,21.4877,24.2132,19.0874,20.9226,21.3064,20.7419,21.072,20.4945,20.8145,20.4927,20.7039,22.4013,20.1146,21.0857,21.6724,21.3539,24.7074,19.1815,20.0999,21.5203,21.3726,21.8508,19.1971,20.7525,20.4913,21.7199,22.5028
282,1:58:15 PM,20.4898,20.6333,20.5063,20.7919,21.935,21.3893,20.748,22.0258,22.5732,22.7779,21.168,20.8535,20.8509,21.1304,21.5432,21.195,21.5411,21.9647,21.8916,22.8406,20.7585,21.4565,21.893,20.9297,23.173,19.6728,20.375,20.0984,20.7447,21.955,21.7752,21.0338,22.3074,21.5928,23.3224,20.8208,21.3837,21.4287,21.195,21.4066,21.4127,21.5461,21.2122,22.4755,23.3719,21.5542,21.9298,22.1279,21.8618,22.9854,19.1434,19.5826,20.6333,21.0089,22.6363,20.377,21.0792,21.3848,21.9648,22.1747,21.4031,21.4879,21.2412,21.3088,23.2514,21.0766,21.0127,20.4727,22.0614,23.3349,19.4767,20.7951,21.3428,21.5606,22.2852,20.0057,19.9823,20.9877,20.3376,21.818,21.7223,19.7821,20.634,19.5609,23.1376,19.4045,20.5043,20.7157,21.487,23.9454,19.8066,20.1499,21.1275,21.3454,24.0782,18.8543,20.2507,21.1156,20.7578,20.9755,20.5133,20.7008,20.5946,20.6783,22.9144,20.1002,21.1798,21.4482,21.4406,25.187,19.313,20.0274,21.593,21.4552,21.955,19.1851,20.9129,20.6787,21.5541,22.5117
283,1:58:35 PM,20.5892,20.4276,20.367,20.6364,21.8745,21.6971,20.6852,21.978,22.5836,22.7867,21.0019,20.8212,20.5542,21.1575,21.7329,21.1398,21.5976,21.871,21.9288,23.1434,20.6726,21.2539,21.8522,21.0803,23.0173,19.7115,20.3795,19.8215,20.5891,21.7555,21.747,20.932,22.2221,21.6989,23.2106,20.7455,21.464,21.3813,21.4522,21.3437,21.536,21.542,21.1642,22.3303,23.4973,21.5413,21.9994,22.1257,21.9476,23.0261,19.232,19.5311,20.588,21.0789,22.4711,20.2764,21.0426,21.2514,21.9851,21.6915,21.7854,21.5763,21.2434,21.3721,23.1376,20.9938,21.0633,20.3716,22.0053,23.2297,19.7777,20.959,21.3611,21.528,22.4082,20.0258,20.0023,20.9764,20.5954,21.7092,21.7407,20.0326,20.9189,19.9027,23.0917,19.5498,20.3452,20.5702,20.9885,23.9138,19.6548,20.1733,21.0752,21.2975,24.1736,18.6803,20.4616,21.0493,20.6349,21.6775,20.463,20.6738,20.4753,20.6614,22.7962,20.1233,21.1149,21.5377,21.1844,25.1101,19.5434,20.3827,21.4861,21.3682,22.1508,19.067,20.8279,20.5149,21.8176,22.4042
284,1:58:55 PM,20.3021,20.7388,20.5502,20.5781,21.7261,21.483,20.554,22.075,22.473,22.8332,20.9272,20.7805,20.7821,21.1756,21.5838,21.0828,21.7223,21.8356,21.8239,23.0322,21.0197,21.2196,21.6397,21.1899,23.1646,19.6705,20.3617,20.1847,20.5689,21.8106,21.7965,20.974,22.1357,21.5136,23.2576,20.7835,21.4284,21.4089,21.1706,21.3917,21.5618,21.5009,21.1046,22.5436,23.3094,21.6211,21.9807,22.1702,21.9295,22.9162,19.1884,19.54,20.6867,21.1871,22.4976,19.7679,21.1335,21.3026,21.8358,22.1651,21.4325,21.6629,21.1765,21.4126,23.1909,20.9994,21.1165,20.5424,21.8976,23.2149,20.0288,20.8349,21.2618,21.4026,22.439,20.1208,20.0662,21.0098,20.5819,21.6936,21.6979,19.9639,20.9688,19.7169,22.8393,19.4552,20.2779,20.689,21.1834,24.3647,19.4918,20.1196,20.6536,21.3653,23.9766,18.6053,20.4425,20.9872,20.6915,21.4775,20.5841,20.7406,20.5853,20.6772,22.7326,20.2665,21.021,21.4765,21.2604,24.3133,19.198,20.1015,21.3717,21.4082,21.9745,19.1558,20.7787,20.8006,21.663,22.4694
285,1:59:15 PM,20.7243,20.6391,20.4482,20.5884,21.8181,21.3241,20.4534,21.9159,22.556,22.7628,20.9396,20.9324,20.7917,21.3153,21.737,21.1318,21.7304,21.8994,21.8839,23.0096,20.6676,21.0124,21.6143,20.9096,23.0537,19.7817,20.4871,20.1938,20.5112,21.7576,21.9176,20.8331,22.2767,21.5099,23.207,20.8119,21.469,21.2781,21.2105,21.1974,21.5303,21.4975,20.8321,22.3547,23.24,21.4424,21.9407,22.1625,21.8758,23.0171,19.1892,19.6518,20.4819,20.9651,22.5026,20.2156,21.1458,21.2478,21.9351,21.9196,21.2263,21.5645,21.1426,21.3558,23.0648,20.9191,21.0932,20.4849,21.9974,23.1061,19.489,20.7659,21.4725,21.484,22.6499,20.0434,19.8947,21.0429,20.274,21.6905,21.611,19.949,20.8464,19.7383,22.9326,19.437,20.4148,20.5646,21.017,24.3267,19.92,20.0635,20.536,21.2829,23.8242,18.6003,20.4077,21.2619,20.7366,21.0035,20.5202,20.6535,20.5153,20.5648,22.4989,20.1654,20.9778,21.535,21.0828,24.4472,19.4478,20.3736,21.4125,21.4072,22.2992,19.196,20.655,20.402,21.6807,22.5918
286,1:59:35 PM,20.3877,20.6789,20.5063,20.6052,21.7271,21.3065,20.3416,21.7404,22.21,22.6671,20.883,20.9606,20.6937,21.1304,21.8765,21.0415,21.6487,21.7811,21.8747,22.9203,20.66,21.0654,21.5705,20.8309,23.1166,19.7061,20.4135,19.9844,20.422,21.6789,21.7863,20.8025,22.0,21.604,23.1357,20.7475,21.3442,21.3098,21.4167,21.3038,21.4994,21.5878,20.8444,22.4694,23.2375,21.6611,22.0546,22.1621,21.8804,22.9426,19.1319,19.4512,20.4384,20.9278,22.4304,19.7719,21.1733,21.1829,21.9555,21.9994,21.2439,21.4047,20.9664,21.2737,23.0787,20.9482,21.119,20.4968,21.9483,23.1793,19.5896,20.6789,21.2148,21.3388,22.3401,19.9257,20.0347,20.8776,20.3742,21.7336,21.7306,20.1155,21.5741,19.7665,23.1334,19.5257,20.2518,20.3926,21.3182,24.299,19.6614,20.143,20.8223,21.5114,23.8947,18.7278,20.3976,21.1267,21.0141,21.753,20.3825,20.745,20.4088,20.6472,22.7387,20.0016,20.8488,21.4399,21.0086,25.0517,19.1873,20.2284,21.2693,21.6211,22.2303,19.2583,20.6963,20.3131,21.3151,22.1644
287,1:59:55 PM,20.3204,20.4027,20.4104,20.6212,21.6041,21.2448,20.371,21.7711,22.3428,22.4707,21.0117,20.7921,20.6842,21.3691,21.758,21.0457,21.674,21.8088,21.8473,22.9939,20.6888,21.1422,21.6895,20.9622,23.1227,19.5932,20.3142,19.8248,20.3675,21.8229,21.7317,20.823,21.9628,21.5299,23.2997,20.5999,21.343,21.4656,21.1715,21.5848,21.6309,21.5948,21.1432,22.4595,23.3341,21.4645,21.9346,22.0635,21.8539,22.9578,19.0454,19.6024,20.4558,20.8987,22.4959,19.647,21.1447,21.0912,21.8306,21.8269,21.2715,21.6304,21.0196,21.2239,22.929,20.9463,21.0969,20.4824,22.037,23.2326,19.6386,20.739,21.3374,21.3817,22.3479,19.928,19.8636,20.81,20.2673,21.6419,21.6772,19.9033,20.958,19.5895,22.7224,19.2879,20.2296,20.3331,20.8472,24.1524,19.7709,20.0789,20.7442,21.3354,23.8361,18.7713,20.1485,20.8992,20.8247,21.712,20.3497,20.6758,20.4155,20.6133,22.633,19.9979,20.8929,21.3507,21.1432,24.4073,19.2234,20.1209,21.4741,21.4034,21.9615,19.0733,20.7487,20.4979,21.5786,22.2683
288,2:00:15 PM,20.354,20.5085,20.2612,20.418,21.7851,21.1652,20.4343,21.7735,22.3101,22.5065,20.8778,20.8306,20.546,21.1161,21.6368,21.1091,21.6603,21.7682,21.8596,22.8954,20.8137,21.2041,21.4573,21.1082,23.1014,19.6867,20.294,19.8896,20.4337,21.6333,21.5899,20.7347,22.0438,21.5317,23.1443,20.6096,21.35,21.3379,21.1773,21.4208,21.5821,21.6508,21.1965,22.3891,23.2254,21.5435,21.8716,22.0936,21.852,22.8148,19.0174,19.3803,20.3915,20.9131,22.4425,19.9245,21.1289,21.197,21.8736,22.0478,21.2158,21.4641,20.9274,21.2383,23.069,20.788,20.9166,20.2948,21.9395,23.2075,19.3506,20.7346,21.2876,21.264,22.0529,20.1467,19.8465,20.9363,20.1457,21.5916,21.5728,20.0815,21.4184,19.5843,22.8769,19.47,20.3894,20.362,21.0201,23.9382,19.7006,19.986,20.5329,21.3114,23.9438,18.7815,20.3943,21.0484,20.405,21.238,20.5035,20.6326,20.4306,20.6943,22.7464,20.153,20.8672,21.4649,21.0559,25.361,19.3012,20.2653,21.5845,21.347,21.8985,19.138,20.6786,20.2863,21.2734,22.464
289,2:00:35 PM,20.1899,20.4051,20.1265,20.5852,21.7533,21.3131,20.3111,21.7119,22.3391,22.4405,21.046,20.7073,20.5534,20.8979,21.5131,20.9448,21.5565,21.6939,21.7565,22.7639,20.6106,21.1507,21.6186,20.6527,22.9725,19.6379,20.2251,19.9879,20.2891,21.6193,21.741,20.7493,22.0009,21.6195,23.1472,20.5589,21.261,21.1992,21.1361,21.1896,21.4486,21.5373,20.9959,22.3803,23.1758,21.4879,21.898,21.9795,21.8369,22.8122,18.9844,19.3445,20.3774,20.9329,22.4262,19.9116,21.161,21.0956,21.7905,22.1211,21.467,21.4,21.0397,21.1442,22.9812,20.9359,20.9219,20.2793,21.9093,23.1544,19.4797,20.6485,20.9997,21.2258,21.8569,19.9454,20.0699,20.7973,20.3468,21.7983,21.5519,19.7974,21.0768,19.5327,22.9261,19.3474,20.0032,20.2856,20.8323,23.5625,19.618,20.1458,20.6113,21.1914,24.0128,18.5964,19.9917,20.9705,20.5039,20.9415,20.4208,20.5743,20.4553,20.3947,22.1824,19.9703,20.8104,21.317,21.0567,25.469,19.25,19.9672,21.314,21.366,21.804,19.2216,20.7308,20.176,21.5018,22.3171
290,2:00:55 PM,20.1841,20.2653,20.3272,20.5229,21.6905,21.1723,20.3285,21.7351,22.3329,22.6204,20.7561,20.6601,20.6792,21.0856,21.5913,21.037,21.4392,21.77,21.6436,22.7366,20.4661,21.0006,21.5536,20.6185,22.75,19.4407,20.2726,19.7893,20.2668,21.7351,21.7017,20.6762,21.9665,21.3432,23.0965,20.4934,21.2882,21.3209,20.9977,21.1658,21.3006,21.4529,20.9746,22.1352,23.2076,21.3387,21.8354,21.9869,21.8224,22.783,18.8731,19.4287,20.4803,20.7386,22.3921,19.7366,21.041,21.199,21.8179,21.8903,21.1611,21.4616,20.8934,21.0886,22.9864,20.7729,20.8533,20.2684,21.8054,23.1271,19.7795,20.582,21.0804,21.228,21.8307,19.8703,19.878,20.8352,20.1627,21.4936,21.548,19.8401,21.2259,19.557,23.0998,19.3078,20.1331,20.3213,20.6775,24.0764,19.7355,20.0635,20.6267,21.2794,23.9013,18.6474,20.3375,21.1006,20.574,20.9302,20.3131,20.5862,20.3522,20.5785,22.8334,20.1341,20.9461,21.3466,21.0707,25.2777,19.2706,20.0857,21.3898,21.1618,21.7292,19.1282,20.6172,20.315,21.4747,22.3301
291,2:01:15 PM,20.2252,20.53,20.3035,20.3527,21.6405,21.1463,20.4144,21.6888,22.3997,22.5001,20.8958,20.6738,20.5986,21.1461,21.3999,20.9827,21.5662,21.7359,21.7259,22.6177,20.5137,20.9171,21.6272,20.7666,22.8527,19.6275,20.2887,19.713,20.375,21.6266,21.6059,20.7254,21.9808,21.2843,23.067,20.6197,21.1945,21.249,20.9736,21.101,21.2492,21.539,20.9627,22.0679,23.2037,21.3341,21.7406,21.9388,21.7625,22.8119,19.0551,19.5262,20.3624,20.7534,22.3629,19.8369,20.9499,21.1451,21.8312,21.8445,21.2136,21.4838,20.9209,21.0548,22.8858,20.8172,20.9634,20.3437,21.9082,23.1482,19.4047,20.5906,21.1822,21.2524,22.1213,19.951,19.9542,20.7561,20.2529,21.5722,21.6025,19.7304,21.3068,19.6391,22.9321,19.2622,20.165,20.2443,20.8624,23.8505,19.7714,19.9152,20.5704,21.3021,23.9508,18.5773,20.1588,20.8702,20.2891,20.931,20.3151,20.5041,20.2847,20.4936,22.4296,19.9319,20.6851,21.3105,20.9821,25.3351,19.1334,20.0021,21.3768,21.214,21.8865,18.9375,20.3892,20.4513,21.3591,22.3265
292,2:01:35 PM,20.3854,20.5235,20.3657,20.4754,21.6492,20.9626,19.9852,21.2229,22.1282,22.4597,20.8653,20.9033,20.7355,21.2155,21.6782,21.0185,21.5221,21.7268,21.7667,22.6969,20.4731,20.7701,21.5069,20.8468,23.07,19.642,20.3851,20.065,20.282,21.5816,21.6313,20.6293,21.9415,21.1915,23.0816,20.7051,21.3081,21.4302,21.2701,21.1975,21.423,21.565,20.9544,22.1387,23.2338,21.4157,21.7499,21.9579,21.7352,22.8134,18.8973,19.2707,20.3967,20.6691,22.319,19.8179,20.9975,21.0632,21.7735,22.1464,21.0833,21.3479,20.8441,21.1708,23.0021,20.8787,21.0338,20.2447,21.7952,23.3257,19.3305,20.4385,21.0853,21.2371,22.26,19.8096,19.6885,20.7728,20.3551,21.5496,21.5025,19.7938,21.1133,19.7265,22.8076,19.2291,20.2078,20.3013,20.6407,23.9492,19.6051,19.9803,20.7899,21.2071,24.0422,18.3466,19.8958,20.9572,20.5988,20.8798,20.3093,20.5786,20.4317,20.5193,22.516,20.0342,20.698,21.3077,20.9858,24.2703,19.2337,19.7356,21.265,21.2037,21.6963,19.0443,20.5292,20.1583,21.5334,22.4691
293,2:01:55 PM,20.2736,20.3914,20.2317,20.5203,21.5754,21.0299,20.2088,21.2737,22.2125,22.2086,20.9916,20.7875,20.651,21.2663,21.8794,20.8992,21.5428,21.5835,21.6097,22.7123,20.6171,20.9342,21.4329,20.7901,23.0052,19.3885,20.1514,19.8276,20.2475,21.6634,21.3962,20.469,21.6222,21.3134,22.9196,20.5063,21.153,21.3661,21.4549,21.8401,21.4952,21.3087,20.602,22.3055,23.2175,21.4188,21.797,21.9417,21.6446,22.6802,18.9097,19.2974,20.2965,20.8368,22.3111,19.6571,21.0333,20.9809,21.7062,22.0019,21.2666,21.206,20.7512,21.0899,22.8965,20.7396,20.7796,20.3752,21.8412,23.1591,19.5054,20.3642,21.1807,21.1758,22.0729,19.9559,19.7389,20.7375,20.1037,21.4813,21.4379,19.9771,21.2827,19.7648,22.8988,19.3936,20.2446,20.5043,20.7854,24.3017,19.3898,19.847,20.5177,21.2376,23.8276,18.5703,20.2781,20.6984,20.3499,21.0013,20.3351,20.5398,20.2613,20.4383,22.3924,19.8814,20.7208,21.149,20.7336,24.8583,19.0717,19.8188,21.2173,21.2198,21.8541,18.9633,20.508,20.1895,21.3594,22.2472
294,2:02:15 PM,20.2903,20.4369,20.3347,20.6311,21.6372,21.0915,20.04,21.4476,21.9856,22.1197,20.8351,20.7808,20.4768,21.0695,21.8685,20.7879,21.4864,21.6705,21.6996,22.6491,20.5334,21.1755,21.4969,20.6733,22.9233,19.4859,20.2275,19.902,20.4966,21.7179,21.0866,20.6181,21.6277,21.2599,22.9371,20.4975,21.1846,21.3089,21.3144,21.4744,21.4752,21.4824,20.9801,22.3156,23.2149,21.3242,21.8988,21.9479,21.7801,22.6936,18.9702,19.4632,20.2797,20.8428,22.2182,19.6312,20.8189,20.9839,21.5054,21.8299,20.9916,21.2383,20.7976,21.1449,22.878,20.7564,20.8568,20.2905,21.7331,23.155,19.2349,20.7823,21.0515,21.2107,22.0745,19.8589,19.7643,20.6845,20.2956,21.5653,21.506,19.7751,21.0117,19.5768,22.8548,19.3874,20.0853,20.1822,20.7394,24.1019,19.5201,19.9588,20.3039,21.5139,23.7303,18.4208,19.8499,21.0164,20.8226,21.6686,20.3085,20.496,20.309,20.47,22.3765,20.0791,20.7953,21.0586,20.8163,25.2249,19.2396,20.0021,21.2424,21.0984,21.804,19.12,20.603,20.2515,21.2011,22.2548
295,2:02:35 PM,20.1465,20.2498,20.0766,20.5522,21.6283,21.0436,20.0878,21.1961,21.857,21.9015,20.8664,20.5656,20.3789,20.8897,21.8919,20.8366,21.4765,21.6414,21.6274,22.752,20.5854,21.0331,21.4989,20.6572,22.827,19.143,20.0166,19.8053,20.4539,21.6828,21.3558,20.7034,21.4967,21.4202,23.0764,20.5313,21.117,21.2676,21.0031,21.1433,21.2757,21.3266,20.8078,22.2003,23.2015,21.4166,21.892,21.8113,21.8177,22.8139,18.821,19.2553,20.2976,20.7769,22.297,19.4579,20.7505,20.9355,21.5336,21.5366,21.2446,21.3848,20.7367,21.0419,22.8927,20.7782,20.9816,20.2083,21.7915,23.1217,19.3751,20.4913,20.8882,21.1493,22.0906,19.8863,19.7145,20.7288,20.1446,21.4705,21.4768,19.716,21.0408,19.3874,22.8785,19.2241,19.8651,19.9833,20.5557,23.7825,19.4795,19.7874,20.0525,21.5903,23.6575,18.4922,20.1897,20.8635,20.8329,21.5111,20.2162,20.4481,20.306,20.5091,22.9403,19.8615,20.7823,21.3154,21.2487,25.1456,19.0564,19.773,21.1959,21.1334,21.9533,18.961,20.6402,20.3978,21.2773,22.1778
296,2:02:55 PM,19.9388,20.1946,20.2118,20.4503,21.6671,20.9758,20.146,21.3052,22.0422,21.9652,20.7522,20.6471,20.2334,21.018,21.6426,20.8468,21.4964,21.7318,21.5585,22.6171,20.4523,20.9157,21.4522,20.8194,22.8503,19.3422,20.0386,19.9707,20.2324,21.5507,21.3351,20.5101,21.6891,21.1796,22.934,20.3858,21.005,21.2106,20.8961,21.0597,21.3255,21.4158,20.8322,22.1921,23.1365,21.4161,21.7855,21.8883,21.8824,22.726,18.9098,19.3322,20.3079,20.6983,22.1728,19.6036,20.9156,20.8383,21.5742,21.6112,21.0925,21.2473,20.688,20.9915,22.8925,20.7427,20.7056,20.1498,21.7074,22.8718,19.5721,20.3504,21.0524,21.142,21.8879,19.8758,19.8752,20.6271,20.2436,21.4627,21.3328,19.6571,20.9445,19.5627,22.9317,19.4181,20.1299,20.1592,20.6425,23.607,19.4509,19.8609,20.6699,21.2298,23.9014,18.5355,20.4338,20.9393,20.4762,20.9405,20.2359,20.4879,20.2615,20.4085,22.4723,19.7588,20.6746,21.0778,20.855,25.3714,19.0407,19.6646,21.179,21.229,21.7655,18.882,20.5952,20.2236,21.2528,22.1311
297,2:03:15 PM,20.1248,20.1869,20.2249,20.3756,21.618,21.0671,20.2584,21.4764,22.2019,22.0457,20.6713,20.501,20.3191,20.9025,21.6058,20.7952,21.4196,21.7806,21.5578,22.6628,20.6184,20.9868,21.5469,20.6973,22.7975,19.401,20.059,19.7713,20.3301,21.6345,21.1237,20.5425,21.8294,21.3916,23.0271,20.5823,20.9623,21.0071,21.1724,21.235,21.3707,21.3407,20.9113,22.0808,23.098,21.4792,21.7501,21.7186,21.8412,22.5306,18.7749,19.0856,20.2849,20.6776,22.1948,19.3789,20.8131,20.8827,21.631,21.8844,21.3143,21.2853,20.7243,21.0355,22.8051,20.5907,20.6918,20.1128,21.6877,22.7836,19.3806,20.5071,21.0106,21.0711,21.9484,19.7702,19.6591,20.7058,20.2146,21.4604,21.4206,19.6087,20.6287,19.2894,23.0839,19.1518,20.0023,20.2485,20.8186,23.8427,19.3064,20.0099,20.5638,21.1811,23.7525,18.4034,20.0222,20.7362,20.4575,21.4,20.2001,20.4326,20.2441,20.3588,22.5487,19.8862,20.7599,21.2367,21.0626,25.068,18.932,19.8603,21.1684,21.17,21.5994,18.9945,20.5546,20.3569,21.1834,22.216
298,2:03:35 PM,20.0903,20.3331,20.0505,20.3935,21.5879,21.0034,20.0126,21.389,22.0548,22.1629,20.5698,20.4302,20.2348,20.8096,21.4694,20.8353,21.373,21.6723,21.5913,22.6797,20.7265,20.9925,21.3501,20.725,22.7521,19.3933,19.8852,19.5449,20.1454,21.4919,21.3318,20.5809,21.8326,21.4513,23.0101,20.3286,20.9108,20.9194,20.7345,20.9036,21.2179,21.3296,20.8261,22.1567,22.9756,21.4311,21.716,21.7903,21.7196,22.6784,18.7865,19.0851,20.2887,20.6365,22.2027,19.4699,20.7188,21.0439,21.5713,21.5708,21.1391,21.1932,20.79,20.9845,22.705,20.517,20.8166,20.1188,21.7196,22.9134,19.4082,20.6028,21.0088,21.2582,21.9797,19.764,19.5606,20.643,20.132,21.5355,21.3123,19.6763,20.9195,19.3275,22.9598,19.2781,20.2452,20.0919,20.7458,23.8878,19.4915,19.8989,20.5558,21.497,23.6594,18.4593,19.925,20.7609,20.4345,21.6707,20.2195,20.414,20.2209,20.4463,22.4336,19.9077,20.8026,21.3179,20.981,25.0734,18.8483,19.6068,21.1207,21.1158,21.6369,18.9152,20.4573,20.3706,21.2125,22.1298
299,2:03:55 PM,20.1372,20.1104,19.9745,20.2487,21.4569,20.8914,20.0982,21.5087,22.0549,22.0844,20.6389,20.4328,20.3355,20.8534,21.5322,20.9385,21.4372,21.7452,21.5239,22.5718,20.6402,20.8952,21.3813,20.4219,22.7477,19.0675,19.9131,19.6475,20.4433,21.4544,21.3637,20.5814,21.8823,21.3103,22.9152,20.3564,20.9823,21.1679,21.1967,21.1736,21.3213,21.4305,20.5756,22.0194,23.1461,21.4458,21.7612,21.7352,21.7721,22.6583,18.9042,19.04,20.199,20.5589,22.1917,19.4657,20.8167,20.8028,21.5675,21.5182,20.9781,21.1454,20.7606,21.0431,22.9024,20.6475,20.8,20.0286,21.7136,23.0073,19.1836,20.4867,21.0333,21.2564,21.8671,19.7772,19.5542,20.5394,19.9781,21.5106,21.2996,19.493,20.7378,19.1865,22.6352,19.1245,20.0192,20.1022,20.4382,23.9867,19.3119,19.7278,20.4274,21.1014,23.7459,18.3099,20.1238,20.8958,20.4366,21.1298,20.235,20.3631,20.1364,20.3067,22.4807,19.7596,20.6002,21.0006,21.0824,25.0961,19.0037,19.7075,21.2244,21.1172,21.9957,18.8715,20.4815,20.1225,21.2248,22.1015
300,2:04:15 PM,20.0679,20.1693,19.9704,20.3193,21.5503,20.9756,20.3922,21.5215,22.0472,22.166,20.6124,20.4179,20.161,20.7875,21.614,20.7138,21.3562,21.6174,21.5318,22.6928,20.3577,20.9182,21.5181,20.609,22.7738,19.2944,20.1555,19.8932,20.3365,21.5587,21.3425,20.6477,21.9721,21.4956,22.9002,20.4951,20.9869,21.0407,21.0944,21.1961,21.2692,21.2266,20.7813,21.9602,23.0432,21.3562,21.6751,21.6704,21.6572,22.7305,18.7027,19.1421,20.258,20.5837,22.158,19.719,20.9053,20.9617,21.5355,21.4275,21.3174,21.1705,20.6845,20.8304,22.867,20.7383,20.6418,20.1139,21.6981,22.8637,19.3321,20.4397,21.0121,21.0745,22.1621,19.7252,19.6743,20.6379,20.0268,21.5739,21.3058,19.6759,21.038,19.3345,22.8893,19.2347,19.8012,20.2963,20.882,23.4897,19.2676,19.8102,20.5191,21.0706,23.6387,18.432,20.0729,20.8078,20.4903,20.8784,20.2198,20.2634,20.0351,20.268,22.6221,19.8879,20.6099,21.0674,21.2214,24.9046,18.6978,19.6902,21.1422,21.3599,21.608,19.1392,20.4173,20.2898,21.052,22.1969
301,2:04:35 PM,20.0787,20.2993,20.2175,20.2419,21.4985,20.9643,20.2431,21.3543,22.053,22.0998,20.6858,20.4854,20.2341,20.8448,21.4026,20.7786,21.3511,21.603,21.4753,22.7076,20.6307,21.0733,21.4046,20.795,22.758,19.2318,20.0525,19.6745,20.1407,21.5148,21.4015,20.4574,21.8156,21.5083,22.878,20.5129,20.9874,20.8894,20.8502,21.0934,21.1944,21.2172,20.6408,21.8704,23.0959,21.3338,21.5328,21.7659,21.7727,22.6106,18.8873,19.1792,20.182,20.6458,22.0418,20.0542,20.7953,20.9157,21.553,21.4934,21.2841,21.2596,20.6236,20.8144,22.8395,20.706,20.686,20.1035,21.6716,22.8161,19.0129,20.412,20.8938,21.0455,21.9478,19.8754,19.5626,20.5698,20.139,21.318,21.3092,19.7275,20.5199,19.394,22.8948,19.171,20.1897,20.2859,20.6293,23.4974,19.2281,19.7737,19.8798,20.6466,23.4988,18.4075,20.0334,20.8019,20.5129,21.2219,19.9808,20.3495,20.0883,20.0521,22.4441,19.8805,20.7642,21.2482,20.7285,24.6229,18.9953,19.782,21.0824,21.0605,21.574,18.8977,20.4688,20.2164,21.1993,22.1127
302,2:04:55 PM,20.0493,20.1987,19.9437,20.222,21.4731,20.9068,20.2,21.4206,21.9715,22.2312,20.5048,20.5327,20.1142,20.7814,21.408,20.8454,21.3919,21.4721,21.4184,22.5869,20.4309,20.878,21.2216,20.2714,22.6414,19.263,20.1806,19.8644,20.0507,21.5206,21.5168,20.6123,21.9659,21.2783,22.9147,20.4076,20.9673,20.9568,21.1074,20.8624,21.3406,21.2305,20.7514,21.8877,22.8866,21.1384,21.6147,21.673,21.6865,22.6193,18.7871,19.0862,20.0408,20.618,22.1649,19.8076,20.7881,20.9974,21.6208,21.6159,21.074,21.2352,20.7034,20.8976,22.7752,20.5758,20.7088,20.0205,21.5941,22.6052,19.3308,20.4101,20.9246,20.932,22.2345,19.7584,19.5763,20.4441,19.9108,21.4387,21.3098,19.6001,20.8255,19.3995,23.0249,19.1826,20.0316,20.1784,20.751,23.6521,19.2698,19.6916,20.3555,20.8695,23.5118,18.2217,19.9043,20.5494,20.2569,21.2721,20.136,20.3121,19.9847,20.1533,22.8117,19.9156,20.5853,21.0583,21.3245,24.979,18.982,19.6764,21.0829,21.091,21.8336,18.5302,20.3919,19.8279,21.081,22.0004
303,2:05:15 PM,20.2548,20.3694,20.2191,20.2341,21.4039,20.7902,20.125,21.4238,22.0288,22.1548,20.6574,20.4343,20.2598,20.8589,21.5925,20.6935,21.2246,21.5046,21.512,22.5354,20.2675,20.9379,21.3573,20.8807,22.9726,19.1999,20.1169,19.7392,20.2503,21.4145,21.2979,20.531,21.686,21.1936,22.7582,20.3175,20.9096,21.1528,21.132,21.4752,21.2967,21.2885,20.5048,22.1019,22.9746,21.0607,21.609,21.7293,21.5625,22.5338,18.7746,19.2239,20.1875,20.4657,22.0586,19.55,20.7427,20.8348,21.443,22.0304,21.01,21.0697,20.6478,21.0247,23.0045,20.3564,20.6714,20.0234,21.5925,22.7023,19.2059,20.3736,20.9331,20.9944,22.0009,19.782,19.7803,20.5195,19.8482,21.298,21.2924,19.5542,20.9289,19.3302,22.8151,19.2706,19.956,20.0786,20.5687,24.0766,19.4067,19.7006,20.1476,20.8721,23.5081,18.2722,19.8822,20.6279,20.3186,21.0373,20.1317,20.2385,20.1682,20.3142,22.4554,19.9878,20.6505,21.0339,20.9319,24.9322,18.9989,19.6586,21.1093,20.9532,21.7958,18.6723,20.3108,20.0924,21.0681,22.0003
304,2:05:35 PM,20.1549,20.2829,20.0835,20.2208,21.3324,20.8902,20.0299,21.5216,22.0875,22.0684,20.633,20.5033,20.2083,20.6613,21.3507,20.6239,21.2547,21.5074,21.4507,22.3778,20.2355,20.9436,21.4052,20.4956,22.696,19.199,20.0702,19.6379,19.9766,21.4274,21.3291,20.5698,21.8114,21.3306,22.8395,20.3381,20.9499,20.8286,20.9067,21.0884,21.319,21.2185,20.7542,21.967,22.7913,21.2399,21.6025,21.8029,21.4645,22.4119,18.7796,19.1407,20.1703,20.7792,22.0294,19.468,20.5509,20.9008,21.4823,21.5832,20.9658,21.1826,20.5414,20.9039,22.8166,20.521,20.6438,20.0106,21.5979,22.8458,19.2207,20.4847,20.9027,20.9779,21.7361,19.71,19.7424,20.5304,20.1372,21.3659,21.3324,19.5936,20.7858,19.682,22.8059,18.9159,19.8576,20.0977,20.5916,23.6043,19.2459,19.7009,20.2336,20.9568,23.5019,18.3291,19.9267,20.6132,20.5193,21.1871,20.1166,20.2525,20.2081,20.2375,22.0833,19.7522,20.5724,21.0767,20.7964,24.6653,18.8685,19.7472,21.0116,20.9304,21.5754,18.6378,20.2654,20.2248,21.2119,21.9316
305,2:05:55 PM,20.0015,20.0834,20.0213,20.2052,21.5215,20.7843,19.7564,21.2722,21.7645,22.0688,20.554,20.4255,20.3832,20.8108,21.2814,20.7288,21.4109,21.42,21.4026,22.3671,20.2115,20.8359,21.3223,20.5604,22.6088,19.3044,19.962,19.4789,20.0035,21.2634,21.3469,20.3011,21.5616,21.2113,22.8064,20.2502,20.7956,20.899,20.7858,20.7569,20.9668,21.1597,20.8021,21.9216,22.8452,21.0846,21.633,21.7059,21.3361,22.4502,18.7065,19.2108,20.1749,20.5513,21.9375,19.4708,20.6056,20.8109,21.4864,21.5118,20.8496,21.0478,20.628,20.7803,22.8081,20.5367,20.5142,20.0201,21.5956,22.7653,19.2267,20.2324,21.0347,21.0879,21.86,19.6038,19.5682,20.5412,20.2021,21.3171,21.1874,19.6643,20.7369,19.379,22.9023,19.2173,20.0213,19.9927,20.5405,23.2493,19.272,19.5742,20.3349,20.9199,23.5278,18.397,19.8792,20.7361,20.174,21.0571,20.0777,20.2804,20.21,20.3023,22.5845,20.0863,20.606,21.0552,20.7512,24.9822,18.9713,19.3765,20.8098,20.9973,21.7801,18.4814,20.3265,19.8609,20.9515,21.8044
306,2:06:15 PM,19.8499,20.1279,20.1388,20.3474,21.4785,20.8755,20.014,21.3645,21.6823,21.9296,20.6296,20.3595,20.2198,20.6509,21.3466,20.5929,21.2562,21.3834,21.4571,22.5119,20.3545,20.9121,21.2104,20.4153,22.5704,19.1854,19.8243,19.7873,20.1745,21.4016,21.0305,20.3542,21.6663,21.2311,22.5675,20.3543,20.7362,20.9101,20.6828,20.707,20.8309,21.0642,20.4247,21.9698,22.8963,21.2552,21.5101,21.7465,21.4792,22.2062,18.7537,19.0595,20.0814,20.5414,21.8967,19.3689,20.5933,20.8634,21.4537,21.5012,20.9983,20.9681,20.5011,20.8849,22.916,20.5333,20.6535,19.9643,21.4942,22.8527,19.1909,20.3368,20.9437,20.8104,21.1647,19.6437,19.5461,20.4194,20.1336,21.2668,21.1965,19.4222,20.9953,19.3089,22.7344,18.9076,19.8799,19.8526,20.6032,23.8649,19.211,19.8525,20.8011,21.0567,23.507,18.3134,19.9933,20.6032,20.219,21.4119,20.0826,20.254,20.0228,20.1977,22.2561,19.6587,20.5172,21.0679,20.7244,25.4198,18.8917,19.4926,20.9368,20.9189,21.5361,18.7415,20.3396,20.0095,20.8718,21.8711
307,2:06:35 PM,19.7882,19.7708,19.9122,20.2159,21.5134,20.7777,19.9945,21.2905,21.7921,21.8826,20.6813,20.3059,20.1748,20.6828,21.2879,20.689,21.239,21.5096,21.493,22.5113,20.3639,20.9288,21.2289,20.767,22.503,19.1098,19.7358,19.5254,20.1393,21.3828,21.337,20.3966,21.6628,21.2126,22.7276,20.4198,20.8316,20.769,20.7912,20.8685,21.035,21.1782,20.6073,21.9527,22.7543,21.2463,21.5263,21.7395,21.4836,22.4682,18.562,18.8709,20.1098,20.3509,21.9075,19.2437,20.2308,20.7166,21.3979,21.5111,20.9716,21.0249,20.4771,20.8405,22.6639,20.5462,20.6626,19.9053,21.4682,22.6854,18.9466,20.2198,20.8361,20.8399,21.7596,19.5543,19.4863,20.5132,19.9792,21.2944,21.2213,19.4055,20.7043,19.1067,22.304,18.9135,19.8497,19.8415,20.4641,23.2201,19.0919,19.6648,20.4581,20.9542,23.517,18.4477,20.1094,20.6292,19.9526,20.6417,19.9442,20.2015,20.0515,20.1129,21.955,19.4535,20.4747,20.9031,20.5797,25.2357,18.853,19.5051,20.9322,20.9017,21.5498,18.6721,20.3187,19.8167,21.2422,22.1338
308,2:06:55 PM,19.7722,20.0267,19.9551,20.1898,21.3313,20.7006,19.953,21.3328,21.9563,22.0782,20.5426,20.2679,19.9706,20.7825,21.265,20.5904,21.2195,21.3949,21.4472,22.5304,20.4022,20.8034,21.281,20.8036,22.6497,19.1997,19.8246,19.5693,20.0296,21.3443,21.1564,20.2881,21.6305,21.0319,22.7066,20.2331,20.7776,20.7502,20.7393,20.9045,21.1647,21.0637,20.3934,21.9326,22.8289,21.2751,21.4951,21.6601,21.45,22.5061,18.5509,18.9487,19.9864,20.4483,21.9327,19.4172,20.465,20.6729,21.4862,21.6015,20.9984,21.059,20.548,20.7888,22.735,20.5361,20.5668,19.8641,21.5434,22.83,19.0564,20.2766,20.988,20.9609,21.8367,19.5058,19.4801,20.4681,20.0532,21.3471,21.179,19.4158,20.545,19.3295,22.4288,18.9296,19.7872,20.0092,20.5266,23.2529,19.1896,19.6029,20.18,21.0351,23.5223,18.2041,19.967,20.5547,20.3425,21.1279,19.955,20.0581,19.8968,20.0978,22.0622,19.6031,20.3122,20.8774,20.4845,25.5162,18.7314,19.4702,21.0018,20.9235,21.2469,18.8204,20.384,19.9556,21.1098,21.804
309,2:07:15 PM,19.909,19.9401,20.0157,20.3057,21.3851,20.7662,19.9264,21.3918,21.7309,21.919,20.3709,20.1798,19.9617,20.5329,21.345,20.7502,21.2161,21.3236,21.3577,22.5012,20.5044,20.96,21.235,20.4703,22.6583,19.0601,19.8231,19.5456,20.0714,21.3865,21.0809,20.3392,21.6462,21.1479,22.6068,20.1652,20.81,20.7112,20.6016,20.6806,21.0689,20.9655,20.5003,21.8414,22.8988,21.0962,21.4536,21.5617,21.567,22.5158,18.6364,18.9497,19.9729,20.3561,21.9906,19.4533,20.5423,20.7359,21.4775,21.6073,20.9909,21.0405,20.5093,20.8404,22.7515,20.2776,20.4941,19.7568,21.5078,22.6234,19.1342,20.3406,20.6689,20.8276,21.9047,19.4365,19.3503,20.3665,19.8402,21.3179,21.0835,19.4075,21.0188,19.1023,22.7779,18.9119,19.5753,19.7357,20.3654,23.4315,19.2189,19.5976,20.5141,20.8553,23.4261,18.214,19.8967,20.5413,20.3672,21.1045,19.8731,20.2519,20.0592,20.0406,22.2114,19.7031,20.5468,21.0436,20.6485,24.9168,18.8207,19.3819,20.78,20.8896,21.7477,18.8527,20.3042,20.0031,20.9005,21.6937
310,2:07:35 PM,20.037,20.2008,20.0397,20.2127,21.3007,20.7225,19.909,21.2247,21.7162,21.9279,20.4968,20.3528,20.2616,20.7832,21.3739,20.7609,21.3006,21.3041,21.3863,22.3416,20.4244,20.8715,21.1712,20.349,22.7665,19.4126,19.9647,19.6308,19.9583,21.4606,21.2032,20.0589,21.472,20.9466,22.6171,20.2665,20.8512,20.9492,20.9246,21.17,21.1292,21.0956,20.5786,21.8804,22.6837,21.2511,21.2773,21.5011,21.3902,22.2142,18.5616,18.9175,20.0676,20.2777,21.8559,19.6555,20.5536,20.7358,21.4234,21.6972,20.6873,20.8823,20.4455,20.6812,22.5302,20.4444,20.5818,19.9712,21.5098,22.8212,19.1234,20.3012,20.8549,20.863,21.8121,19.4597,19.2882,20.3379,19.9014,21.2584,21.0319,19.3592,20.5034,19.2129,22.3717,18.9215,19.9106,20.081,20.581,23.7972,19.2578,19.6739,19.7179,20.8959,23.4185,18.1765,19.6207,20.6694,20.0346,20.7398,19.8377,20.0686,19.8935,20.154,22.2399,19.7811,20.5044,20.9616,20.6149,25.0292,18.7708,19.4505,20.8626,20.9638,21.6366,18.584,20.2899,19.9,21.0793,21.7642
311,2:07:55 PM,19.8989,19.905,19.8275,20.1679,21.2879,20.804,20.014,20.9711,21.7497,21.7467,20.6738,20.3049,20.1761,20.5948,21.259,20.5219,21.2509,21.3128,21.3022,22.4481,20.4016,20.9083,21.2018,20.0853,22.675,19.0995,19.7812,19.6292,20.1503,21.2375,20.9088,20.3058,21.4889,21.0845,22.676,20.0605,20.8454,20.9179,20.9778,21.0189,21.2072,21.215,20.6777,21.8431,22.8977,21.1467,21.419,21.5821,21.3895,22.4342,18.6817,18.9655,20.0168,20.6139,21.8599,19.3739,20.473,20.626,21.1734,21.414,20.7984,21.0057,20.5068,20.8348,22.5385,20.5499,20.666,19.8983,21.4254,22.7793,19.018,20.1642,20.8116,20.8887,21.7051,19.4999,19.2203,20.3495,19.9808,21.2704,21.0306,19.4057,20.7249,19.262,22.3732,18.9115,19.6643,19.7994,20.3841,23.1281,19.1889,19.7103,20.3207,20.9778,23.5316,18.0187,19.9042,20.4687,20.0991,20.4752,20.0133,20.1024,19.9735,20.104,21.9266,19.4941,20.3175,20.9504,20.6005,25.2185,18.6039,19.4182,20.9458,20.856,21.8526,18.7871,20.2314,19.7806,20.9528,21.8148
312,2:08:15 PM,19.8603,20.0994,19.9406,20.2079,21.2859,20.7537,19.8832,21.0488,21.524,21.7362,20.4858,20.2898,20.0506,20.5989,21.4041,20.5756,21.2586,21.2058,21.2876,22.2903,20.2142,20.7635,21.1723,20.4154,22.4147,19.2847,19.855,19.7871,20.1039,21.3337,21.2963,20.3751,21.3922,21.3167,22.6476,20.1532,20.7314,20.8098,20.8839,21.0539,21.0786,21.1364,20.4295,21.8811,22.7866,21.0705,21.3628,21.5091,21.3472,22.2325,18.602,18.9642,20.0179,20.424,21.8583,19.2913,20.6655,20.708,21.34,21.407,20.823,20.9502,20.4268,20.8019,22.4375,20.1815,20.3227,19.8559,21.364,22.4986,19.2381,20.2739,20.6573,20.8058,21.3759,19.5895,19.4322,20.425,19.8115,21.2831,20.9509,19.4533,20.7088,19.3387,22.3851,18.9551,19.7792,19.9973,20.3251,23.5501,19.185,19.5342,19.9748,20.7073,23.3225,18.1921,19.8753,20.3309,19.7754,20.4338,19.7845,20.0802,19.8514,20.0514,22.1998,19.5025,20.2646,20.9195,20.7818,24.481,18.7342,19.567,20.8273,20.8713,21.5422,18.4142,20.2493,19.8687,20.7785,21.85
313,2:08:35 PM,19.9039,20.0177,19.8664,20.0579,21.3489,20.7332,20.0409,21.159,21.696,21.9643,20.5053,20.1827,20.0236,20.7172,21.2509,20.5712,21.029,21.2566,21.3271,22.3945,19.9636,20.7,21.0384,20.5204,22.6309,19.1621,19.9893,19.541,19.9894,21.3363,21.1039,20.4354,21.5055,21.1214,22.4961,20.1461,20.7605,20.6657,20.6247,20.6364,20.962,20.9918,20.4235,21.8851,22.5798,21.1062,21.3203,21.5442,21.5156,22.3106,18.5028,19.0556,19.9347,20.4345,21.8728,19.3244,20.5474,20.6742,21.2924,21.1807,20.7212,20.9296,20.359,20.6744,22.554,20.3713,20.3187,19.7944,21.3735,22.7353,18.9228,20.1362,20.7675,20.7588,21.7016,19.4665,19.3998,20.3192,19.8249,21.0971,21.0835,19.3704,20.5241,19.0759,22.2389,18.9125,20.037,20.01,20.5101,23.5981,19.2178,19.5054,20.0568,20.7578,23.4473,18.0296,19.6853,20.3282,19.7935,21.05,19.9728,20.069,20.003,20.0442,22.5101,19.7551,20.2922,20.8871,21.0305,25.1817,18.7156,19.2666,20.8074,20.9413,21.3481,18.6101,20.1561,19.5779,20.8045,21.6754
314,2:08:55 PM,19.8162,20.0925,19.753,19.9894,21.1915,20.7303,19.9166,21.2327,21.801,21.8803,20.3634,20.2646,20.1118,20.3917,21.0411,20.5386,20.9573,21.2415,21.2337,22.3192,20.1607,20.4627,21.0132,20.4027,22.4739,18.8528,19.7974,19.2317,19.882,21.2809,21.0369,20.0386,21.4771,20.9155,22.5373,20.0655,20.7442,20.7211,20.5649,20.8289,20.9054,20.9937,20.5907,21.8606,22.4705,20.8868,21.4841,21.4392,21.3314,22.0383,18.4437,18.8037,19.8937,20.3187,21.8293,19.2834,20.5619,20.701,21.2099,21.4369,20.9231,20.9369,20.4573,20.6623,22.4677,20.2727,20.41,19.7691,21.3698,22.788,18.8826,20.1021,20.5965,20.8031,21.7299,19.4517,19.2056,20.2633,19.7594,21.1816,20.9872,19.3865,20.5191,19.1204,22.1553,18.9914,19.8007,19.7777,20.3758,23.6275,19.1644,19.5134,20.3205,20.744,23.4123,18.1394,19.5762,20.1554,19.9529,21.0041,19.8268,20.0861,19.7134,19.9135,22.1121,19.2478,20.2516,20.8687,20.7741,25.0685,18.6443,19.6356,20.8251,20.8065,21.4644,18.6802,20.0187,19.9482,20.8015,21.7811
315,2:09:15 PM,20.0139,20.0713,19.8253,19.9499,21.2524,20.6023,19.8073,21.1306,21.822,21.9425,20.1819,20.2385,20.1218,20.5591,21.2292,20.4903,21.0549,21.1414,21.2622,22.3071,20.0133,20.5166,20.9883,20.0691,22.4377,19.0749,19.7657,19.4366,19.8255,21.0798,20.9362,20.1589,21.5296,20.7922,22.4733,20.0267,20.8144,20.8843,20.6373,20.8024,20.9649,20.9292,20.4518,21.7972,22.6731,20.9151,21.2992,21.4657,21.3538,22.1056,18.5467,18.8992,20.0166,20.3678,21.7546,19.4618,20.5157,20.5278,21.2409,21.2827,20.5867,20.7481,20.3933,20.5439,22.4091,20.2943,20.5473,19.8117,21.2603,22.6437,18.9277,20.084,20.7049,20.6722,21.4859,19.4535,19.3437,20.4486,19.8086,21.1221,20.9582,19.4242,20.9437,19.21,22.0441,18.9102,19.8225,20.054,20.3705,23.9323,19.1905,19.4994,20.2215,20.5136,23.3428,18.0244,19.6027,20.2208,20.0118,21.3174,19.7662,20.0724,19.9635,20.0647,22.2466,19.6439,20.3126,20.9798,20.5214,24.8856,18.6536,19.7504,20.8601,20.6957,21.4415,18.5649,20.0362,19.9433,20.7257,21.853
316,2:09:35 PM,19.9475,20.1099,19.8546,19.961,21.1665,20.4057,19.8609,21.0337,21.687,21.8589,20.3465,20.1652,20.1015,20.7756,21.0606,20.536,20.9968,21.1986,21.1016,22.4274,20.1954,20.5014,20.9056,20.1835,22.4714,19.0323,19.9169,19.546,19.8484,21.2173,20.9167,20.1048,21.3085,20.8683,22.5628,20.035,20.753,20.8363,20.8954,20.9803,21.1848,21.1329,20.4877,21.9052,22.6074,20.9758,21.2682,21.366,21.2628,22.2018,18.4962,18.8137,19.8543,20.3384,21.7681,19.1011,20.4557,20.4451,21.264,21.6313,20.4656,20.7158,20.3274,20.7007,22.4168,20.2106,20.4663,19.7719,21.3388,22.46,18.962,19.8767,20.5811,20.6754,21.6505,19.4373,19.3713,20.3046,19.7334,20.9918,21.002,19.2907,20.7556,19.2605,22.1995,18.8111,19.7582,19.8259,20.1549,23.6425,19.1624,19.4876,19.939,20.5769,23.1774,17.9733,19.6092,20.3145,19.7538,20.2624,19.9081,20.0857,19.7121,20.1005,22.0773,19.5413,20.3492,20.9327,20.5778,23.6619,18.6464,19.1792,20.9194,20.7827,21.5751,18.6951,20.055,19.9397,20.888,21.8663
317,2:09:55 PM,20.0221,20.0453,19.8272,19.8205,21.2023,20.4813,19.8314,20.7821,21.5273,21.7297,20.4672,20.3615,20.2412,20.7104,21.2148,20.4787,20.9498,21.0842,21.2519,22.2432,20.0508,20.2699,20.7358,20.3959,22.4089,19.0294,19.6685,19.2973,19.7849,21.013,20.9552,20.0928,21.2279,20.9687,22.5509,20.0251,20.7757,20.8566,20.6993,20.9302,20.967,21.1351,20.2358,21.7212,22.6161,20.8839,21.2528,21.3727,21.1321,22.2113,18.5287,18.9799,20.0557,20.3917,21.8529,19.3531,20.0861,20.3859,21.0758,21.4661,20.4801,20.764,20.2164,20.752,22.5414,20.3957,20.2909,19.7871,21.3118,22.607,18.9713,19.9203,20.6883,20.5769,21.2305,19.5491,19.5299,20.2518,20.0222,21.0659,21.0393,19.308,20.7259,19.2971,22.2355,18.7977,19.6191,19.781,20.4466,23.7079,19.1385,19.5723,20.1256,20.7923,23.3227,18.0438,19.273,20.0776,19.9172,20.2839,19.7833,20.05,19.8191,19.9857,21.9719,19.7017,20.1683,20.6648,20.4641,24.6009,18.5595,19.1208,20.7859,20.7599,21.6598,18.4446,19.9742,19.7688,20.8723,21.8386
318,2:10:15 PM,19.8356,20.0939,19.8608,19.8653,21.005,20.4536,19.7279,20.7271,21.3359,21.5619,20.3572,20.3029,20.1943,20.7853,21.4086,20.4319,20.9814,21.0533,21.1466,22.2418,20.1753,20.5632,20.9055,20.1923,22.4172,19.0971,19.8851,19.4029,19.6914,21.0117,20.7916,20.069,21.1184,20.803,22.3407,20.0522,20.6742,20.8901,20.9367,20.9751,20.9913,21.002,20.2225,21.7244,22.5223,20.7887,21.3294,21.3454,21.3068,21.9368,18.4053,18.9021,19.9219,20.2038,21.7073,19.1387,20.3317,20.3787,21.2729,21.5512,20.5706,20.6664,20.2219,20.6416,22.4072,20.3443,20.3895,19.8502,21.2017,22.6385,18.9393,20.2337,20.6813,20.603,21.07,19.4282,19.3955,20.2246,19.729,20.996,20.9379,19.1084,20.5188,18.8804,22.3095,18.8359,19.7533,19.6764,20.4662,23.8787,19.0356,19.4701,20.3081,20.6859,23.1806,18.0206,19.5893,20.4129,19.86,20.878,19.8092,19.9658,19.8409,19.8198,22.1627,19.6635,20.381,20.9384,20.6616,24.8704,18.6619,19.2839,20.6341,20.6172,21.4982,18.4029,20.0781,19.6235,20.7793,21.7525
319,2:10:35 PM,19.6401,19.8631,19.5414,19.8566,21.1155,20.4043,19.6157,20.8831,21.4791,21.5109,20.3161,20.2074,19.8566,20.5809,21.3398,20.3799,20.8919,21.1091,21.2652,22.2748,20.1842,20.5982,20.9126,20.3134,22.369,18.9942,19.6305,19.2245,19.7847,21.2216,20.8102,20.3108,21.0733,20.9135,22.4747,20.0118,20.6733,20.7322,20.6876,21.2244,21.0896,20.9141,20.3242,21.6786,22.5167,20.8792,21.2763,21.3387,21.2578,22.1786,18.27,18.6421,19.8774,20.1054,21.7043,19.0551,20.409,20.499,21.0931,21.2546,20.638,20.6739,20.3205,20.5117,22.2738,20.2024,20.4173,19.6645,21.2562,22.5038,18.9028,20.1051,20.5484,20.5151,21.4949,19.3427,19.2624,20.2268,19.8,21.0397,20.8745,19.1592,20.229,19.0578,22.1056,18.6938,19.6001,19.6417,20.1594,23.24,19.009,19.4021,20.2795,20.7112,23.3113,18.0387,19.8246,20.3387,20.1718,21.152,19.7144,20.0334,19.8442,19.8438,21.7956,19.4167,20.253,20.8088,21.4533,24.8336,18.5663,19.3229,20.6409,20.5883,21.5026,18.4426,19.9631,19.9347,20.8577,21.8971
320,2:10:55 PM,19.6833,19.9371,19.9165,19.8635,21.1228,20.5181,19.5095,20.8647,21.4105,21.4861,20.3471,20.1704,20.0644,20.7248,21.4023,20.4229,20.9109,21.0664,21.1932,22.1916,20.0631,20.4153,21.0761,20.4459,22.502,18.9232,19.6716,19.0333,19.9587,21.0404,20.6904,20.01,21.1843,20.7439,22.4178,20.1217,20.5896,20.7314,20.7238,21.1176,20.9166,20.9693,20.4321,21.7336,22.6858,20.8847,21.3507,21.3577,21.2373,22.1787,18.3492,18.7999,19.8432,20.1967,21.7326,18.9996,20.3627,20.4431,21.0797,21.1732,20.511,20.6654,20.1767,20.6255,22.3571,20.1279,20.3074,19.7672,21.2807,22.4759,19.065,19.9468,20.6364,20.4875,21.4843,19.2314,19.1147,20.2775,19.6584,20.9321,20.7938,19.1565,20.6311,18.8804,22.2956,18.7169,19.6875,19.6839,20.2356,23.1624,18.9446,19.4018,20.0963,20.7546,23.369,18.1113,19.9776,20.4031,20.0285,20.8891,19.6998,20.023,19.6686,19.9133,22.132,19.2546,20.0908,20.6563,20.9588,24.9932,18.5968,19.4871,20.7679,20.7754,21.4254,18.4317,19.9898,19.8894,20.9785,21.857
321,2:11:15 PM,19.6054,19.9249,19.7231,19.9642,21.0486,20.5931,19.9256,20.9914,21.3943,21.4109,20.2284,20.0359,19.7634,20.6169,21.2575,20.3468,21.0191,21.1538,21.2249,22.1825,20.2661,20.5032,21.0003,20.1946,22.4335,18.8253,19.6816,19.5997,20.0397,21.22,20.7145,20.2368,21.2625,20.8396,22.4504,20.0129,20.6323,20.8065,20.7157,20.9063,20.9768,20.9462,20.3289,21.6357,22.6631,20.8305,21.347,21.3318,21.2461,22.2992,18.4787,18.7228,19.9123,20.1726,21.6451,19.0389,20.2864,20.5206,21.0112,21.7327,20.4746,20.7808,20.1859,20.6438,22.4338,20.039,20.2884,19.5431,21.1887,22.4916,18.8593,20.1462,20.6466,20.5608,21.6076,19.2388,19.1695,20.2408,19.5553,20.9197,20.8164,19.0961,20.4086,18.8238,22.4271,18.6156,19.6059,19.6841,20.1236,22.8468,19.0164,19.3692,20.0572,20.792,23.3695,18.1243,19.9398,20.337,20.04,20.9529,19.5635,19.8172,19.6239,19.8256,22.1139,19.2801,20.2125,20.6737,20.3609,24.8981,18.4268,19.3005,20.7357,20.5808,21.3607,18.4199,19.9604,19.5712,20.8193,21.6234
322,2:11:35 PM,19.5231,19.6654,19.669,19.9456,21.1163,20.5066,19.6982,20.9533,21.5324,21.6427,20.2714,20.1469,19.8937,20.6522,21.273,20.3382,21.0689,21.1736,21.1635,22.2228,20.2001,20.5526,21.0014,20.6338,22.4933,18.7939,19.5518,19.1254,19.9856,21.0031,20.9977,20.0051,21.291,20.6053,22.2832,19.9476,20.4923,20.5879,20.3774,20.5217,20.8995,20.8707,20.53,21.5633,22.6076,20.8395,21.3014,21.4587,21.2079,22.2383,18.2423,18.7036,19.6926,20.2197,21.6958,19.0777,20.2809,20.5491,21.1771,21.3584,20.4488,20.7019,20.2907,20.496,22.5648,20.216,20.2039,19.7062,21.1584,22.4337,18.9243,20.3945,20.5555,20.5424,21.3938,19.3738,19.2178,20.3033,19.7931,21.0322,20.8245,19.1063,20.1424,18.8795,22.3965,18.7591,19.6286,19.5725,20.311,23.245,18.9517,19.3653,20.1222,20.4805,23.4029,18.0278,19.7753,20.4232,19.8971,20.7893,19.6276,19.7581,19.7851,19.6549,22.1128,19.4323,20.0924,20.8331,20.7799,24.7679,18.6712,19.2629,20.6579,20.7203,21.3131,18.4833,20.0005,19.571,20.713,21.4836
323,2:11:55 PM,19.6646,20.003,19.7006,19.9234,21.0563,20.4187,19.6764,20.9924,21.3745,21.6168,20.2541,19.9587,19.8469,20.6758,21.4412,20.3445,20.9094,21.1637,21.1907,22.1771,20.1818,20.5977,20.9896,20.4049,22.3581,19.066,19.6547,19.2624,19.6653,20.9833,20.603,20.0008,21.2026,20.6656,22.5106,20.1042,20.5608,20.5315,20.5889,21.1252,20.5937,20.8628,20.2955,21.6585,22.5598,20.9211,21.1539,21.3368,21.1971,22.2292,18.4202,18.8203,19.7309,20.2513,21.6068,19.3011,20.2834,20.4907,21.0939,21.4352,20.7492,20.748,20.1888,20.6137,22.771,20.1487,20.2839,19.4959,21.0906,22.5296,18.6845,20.1491,20.5545,20.5837,21.5678,19.4106,19.244,20.1699,19.6244,20.9718,20.8949,19.3224,20.6262,19.2664,22.7671,18.841,19.6832,19.8853,20.8857,23.2138,19.0949,19.4414,20.1147,20.5812,23.4878,17.9069,19.6486,20.2151,19.8046,20.4004,19.7248,19.948,19.6678,19.9343,22.0165,19.518,20.0684,20.6191,20.6238,24.5031,18.5787,19.3447,20.6367,20.5168,21.6294,18.5229,20.0007,19.6779,20.92,21.6099
324,2:12:15 PM,19.8345,19.9056,19.8669,19.8956,21.0108,20.5305,19.88,21.0096,21.4552,21.6573,20.2716,20.0076,19.8116,20.4569,21.0452,20.2379,20.8211,21.145,21.1919,22.1033,20.0397,20.528,20.8714,20.0965,22.3441,18.9781,19.7915,19.5313,20.0369,21.0341,20.8037,20.1824,21.369,20.8675,22.3755,19.9953,20.5619,20.5429,20.2351,20.4718,20.7798,20.8243,20.2574,21.6635,22.3287,20.7814,21.2342,21.3483,21.1408,22.1131,18.4429,18.8345,19.7861,20.419,21.714,19.2949,20.2916,20.5334,21.1745,21.23,20.7996,20.6751,20.2541,20.4795,22.5441,20.2513,20.2967,19.651,21.237,22.4857,18.7757,19.9225,20.6018,20.5624,21.3467,19.479,19.2731,20.1168,19.7387,20.9936,20.7859,19.0788,20.1921,19.2444,22.6944,18.7515,19.4873,19.6753,20.1611,23.003,19.1266,19.3435,20.0252,20.3373,23.3293,17.9958,19.61,20.1017,19.9581,20.6433,19.6746,19.8119,19.6126,19.8095,21.9024,19.4449,20.0707,20.5961,20.5809,24.9355,18.5855,19.4122,20.7021,20.6037,21.3497,18.4473,19.9853,19.721,20.9698,21.6273
325,2:12:35 PM,19.7342,19.9929,19.7516,19.8097,20.9598,20.3707,19.6373,21.0361,21.5973,21.7611,20.1784,19.9642,19.8634,20.5213,20.992,20.2705,20.889,21.0196,21.1262,22.1374,19.8534,20.4416,20.9151,20.1325,22.351,18.9174,19.6037,19.3893,19.8888,21.0662,21.0662,20.1991,21.4038,20.667,22.4191,19.7698,20.4044,20.6021,20.2431,20.443,20.7217,20.8697,20.2067,21.689,22.4094,20.7984,21.1665,21.2846,21.087,22.0847,18.3009,18.6638,19.7523,20.1705,21.659,19.2808,20.2693,20.5399,21.1117,21.1553,20.6878,20.7635,20.1562,20.3891,22.4868,19.973,20.2733,19.5844,21.0845,22.466,19.2462,20.2205,20.6876,20.4891,21.2753,19.368,19.3477,20.1347,19.5131,20.8254,20.7784,19.1525,20.1316,19.0621,22.4201,18.6495,19.5721,19.5502,19.9886,22.9822,18.9337,19.3638,20.4477,20.7284,23.2877,17.9967,19.7305,19.9225,19.7827,21.0892,19.6271,19.9383,19.6412,19.8697,22.0535,19.4545,20.0441,20.5789,20.3365,24.9547,18.5601,19.2935,20.711,20.6585,21.1457,18.4045,20.041,19.8438,20.7935,21.487
326,2:12:55 PM,19.6458,19.9645,19.5927,19.7533,20.9516,20.3777,19.4373,20.7633,21.4968,21.7303,20.3608,20.1899,20.0067,20.7446,20.9839,20.3167,20.9211,21.0209,21.1295,22.1733,20.0444,20.3014,21.006,20.3474,22.3188,18.8072,19.6316,19.3433,19.6243,20.9764,20.6711,19.9189,21.2558,20.5524,22.3165,19.9372,20.5598,20.7167,20.3687,20.608,20.7107,20.7096,20.3405,21.5646,22.4121,20.8195,21.1677,21.268,21.1182,22.0373,18.3863,18.6133,19.6292,19.9822,21.5727,19.0547,20.0685,20.4285,21.0648,21.1794,20.2997,20.6428,20.2426,20.3786,22.4136,20.0258,20.2383,19.6375,21.1865,22.6285,18.8396,19.9437,20.4908,20.5098,21.5284,19.1516,19.0979,20.1213,19.4825,20.9223,20.7844,19.158,20.3957,18.8285,22.5329,18.6418,19.5156,19.4476,20.0103,23.2923,18.9099,19.2303,20.1531,20.527,23.4872,17.7824,19.7311,20.2094,19.9517,21.0566,19.6717,19.9053,19.5768,19.7213,22.1906,19.3461,20.0437,20.5533,21.3141,24.675,18.4452,19.3909,20.5147,20.8334,21.2878,18.3389,20.0256,19.7564,20.725,21.5528
327,2:13:15 PM,19.6687,19.772,19.6288,19.73,21.0663,20.337,19.3903,20.7507,21.2719,21.199,20.173,20.1616,20.061,20.7333,21.3264,20.4222,20.862,21.0087,21.0674,22.0244,20.1664,20.4642,20.8281,20.0606,22.2884,18.9604,19.8827,19.3361,19.8244,21.0329,20.6808,19.8726,21.0845,20.6149,22.3988,19.9825,20.5153,20.6608,20.6303,20.6622,20.9159,20.7713,20.1989,21.6364,22.4154,20.8492,21.1848,21.2431,21.1197,22.0585,18.2386,18.6426,19.7163,20.042,21.6658,19.0255,20.2208,20.5015,21.0473,21.0575,20.4428,20.5492,20.1623,20.3083,22.3225,20.1385,20.4095,19.6154,21.0902,22.519,18.7685,20.2331,20.5846,20.5433,21.4974,19.2092,19.0197,20.0926,19.6744,20.8825,20.6057,19.2147,20.5131,18.9792,22.2419,18.6495,19.4192,19.6548,20.0978,23.5615,18.9691,19.4416,19.9974,20.7916,23.176,17.9476,19.8705,20.5026,20.3197,20.6708,19.64,19.8571,19.7375,19.7807,21.6572,19.3019,20.0658,20.5935,20.7533,24.6674,18.451,19.482,20.5796,20.6375,21.1176,18.4572,19.9288,19.6883,20.754,21.6202
328,2:13:35 PM,19.5303,19.633,19.5865,19.8221,20.9979,20.4844,19.5451,20.7611,21.1036,21.356,20.3822,20.1686,19.8714,20.369,21.0332,20.1034,20.7732,21.1353,21.0127,22.1894,20.0346,20.5707,21.0126,20.0211,22.3299,18.8199,19.6285,19.3722,19.8013,21.0973,20.4826,20.1088,21.1279,20.4769,22.2043,19.811,20.3576,20.5621,20.6221,20.9591,20.641,20.8353,20.2419,21.5778,22.4626,20.8938,21.3338,21.3948,21.0711,21.9876,18.2344,18.7192,19.7208,20.1103,21.5762,18.959,20.3254,20.3977,20.833,21.2907,20.5777,20.6415,20.1354,20.3916,22.373,20.2598,20.2042,19.6118,21.1424,22.4603,18.879,20.09,20.4367,20.4367,21.4792,19.2602,19.0828,20.0848,19.6621,20.9016,20.7591,19.0892,20.5223,18.9119,22.8035,18.6177,19.4477,19.7205,20.3321,23.5059,18.9459,19.3439,20.2119,20.8968,23.2055,18.0783,19.7593,20.4443,20.074,20.472,19.6869,19.8229,19.5236,19.7426,21.4438,19.1828,20.0676,20.5917,20.8022,24.7215,18.4605,19.2362,20.5435,20.3992,21.0716,18.3591,20.009,19.6082,20.5366,21.4977
329,2:13:55 PM,19.5219,19.5536,19.479,19.8494,21.0348,20.4327,19.433,20.819,21.4377,21.5631,20.2007,19.8856,19.6896,20.2877,21.0206,20.335,20.7816,21.0799,20.9964,22.1963,20.2851,20.5755,20.8494,20.3403,22.315,18.7158,19.5451,19.1347,19.7787,21.0697,20.8694,19.885,21.2178,20.6107,22.367,20.171,20.5195,20.3635,20.4983,20.4257,20.4732,20.6817,19.9859,21.5837,22.4044,20.8438,21.2699,21.2939,21.0919,22.0673,18.2076,18.6891,19.6489,19.9306,21.5304,19.0471,20.253,20.3132,20.9354,21.1356,20.426,20.6347,20.1001,20.5082,22.1975,20.1709,20.1538,19.4607,20.9917,22.7592,19.1205,20.2552,20.5571,20.4337,21.3598,19.1547,19.035,20.1403,19.7479,20.8317,20.7637,19.0246,20.5384,18.8608,22.6419,18.6271,19.4563,19.5973,20.233,23.3424,18.9066,19.3214,20.0882,21.0791,23.4032,18.1399,20.0829,20.2108,19.9422,20.819,19.5942,19.7018,19.6112,19.7968,21.6719,19.1676,20.006,20.6727,20.6393,24.7189,18.4411,19.2043,20.6006,20.6502,21.1793,18.3056,19.975,19.7941,20.8102,21.5496
330,2:14:15 PM,19.5221,19.8391,19.4868,19.7431,20.9502,20.3117,19.5322,20.8985,21.4994,21.6688,20.2451,19.9109,19.768,20.2881,20.97,20.2625,20.7975,21.0447,21.1152,22.2034,20.3043,20.6966,21.027,20.1403,22.2153,18.7225,19.4949,19.0899,19.6764,20.9685,20.684,19.9645,21.2034,20.7605,22.3372,19.8961,20.4412,20.5175,20.4055,20.4942,20.4447,20.691,20.3565,21.6055,22.3539,20.8285,21.2931,21.2305,21.0983,22.1689,18.2343,18.5989,19.6144,20.0525,21.5629,18.9019,20.1378,20.3637,20.9976,21.1768,20.5663,20.6408,20.0933,20.4971,22.4162,20.1274,20.2248,19.5772,21.1301,22.5228,18.7121,20.0767,20.6944,20.5996,21.2539,19.1867,19.1259,20.0152,19.5897,20.8992,20.8536,18.9869,20.5453,18.8288,23.0887,18.7083,19.5152,19.4744,20.2145,23.2114,18.8605,19.3312,20.213,20.8345,23.3402,18.1537,20.0938,20.4187,20.0966,20.819,19.4354,19.7682,19.5289,19.5599,21.4782,19.1127,20.102,20.5178,20.4266,24.8764,18.4596,19.2613,20.6408,20.3645,21.0895,18.3252,19.8723,19.5813,20.6446,21.7988
331,2:14:35 PM,19.4901,19.7549,19.4792,19.5843,20.9129,20.3417,19.7943,21.0513,21.469,21.5572,20.2148,19.9254,19.8091,20.2967,20.9799,20.3324,20.763,21.094,21.1016,22.106,20.298,20.6351,20.912,20.4884,22.2438,18.7782,19.4378,19.0869,19.5853,20.8083,20.8859,20.0093,21.1947,20.6594,22.3686,19.984,20.4239,20.5664,20.6374,20.7562,20.7468,20.7825,20.2396,21.535,22.5909,20.9387,21.1271,21.1917,21.2081,21.9573,18.3278,18.5918,19.6953,20.1103,21.4852,19.0706,20.1899,20.4037,21.0785,20.9934,20.4307,20.6785,20.1156,20.4791,22.2061,20.2161,20.241,19.5748,21.0455,22.4626,18.6912,20.0418,20.4335,20.4866,21.3178,19.1884,19.0416,20.0798,19.5067,20.8396,20.7314,19.0052,20.2255,18.8676,22.6557,18.5896,19.5554,19.6111,20.1948,23.3802,18.8856,19.3139,19.7872,20.5007,23.3823,17.863,19.5977,20.1524,20.0569,20.8817,19.5442,19.8174,19.6696,19.6772,21.9298,19.1721,19.8787,20.6961,20.6647,24.8642,18.4025,19.3369,20.6068,20.4848,21.5847,18.3329,19.9683,19.3913,20.6748,21.6822
332,2:14:55 PM,19.5556,19.6811,19.6625,19.6809,20.9849,20.3796,19.7693,20.9425,21.5279,21.6118,20.0716,19.8301,19.9258,20.3368,20.8705,20.3365,20.8486,21.0369,21.1185,22.1142,20.0133,20.6244,20.8806,20.4877,22.21,18.9191,19.5866,19.4208,19.7497,20.7915,20.7386,20.0762,21.3149,20.7821,22.2553,19.8542,20.4696,20.4998,20.3386,20.6478,20.7191,20.7697,20.1761,21.4198,22.3306,20.8352,21.2507,21.2329,21.0429,22.118,18.2905,18.7361,19.7728,20.0671,21.4994,19.3845,20.1874,20.3592,20.9962,21.1738,20.7223,20.5899,20.0518,20.4202,22.2696,20.1853,20.2608,19.4946,21.0104,22.2197,18.8125,20.1156,20.4786,20.4925,21.33,19.2726,19.212,20.0019,19.7081,20.7727,20.7278,19.0854,20.5433,18.8715,22.6497,18.5953,19.4885,19.506,20.2758,23.5358,18.9126,19.3755,20.1298,20.4645,23.2515,18.0038,19.9867,20.2667,19.915,20.9577,19.4914,19.7647,19.6268,19.695,21.8016,19.4018,20.1875,20.6193,20.7003,24.215,18.6106,19.2127,20.5589,20.5443,21.426,18.5096,20.0108,19.5773,20.6699,21.6434
333,2:15:15 PM,19.7866,19.6955,19.6323,19.7662,20.8639,20.3394,19.7936,20.9997,21.5392,21.7478,20.0449,19.938,19.7228,20.2565,21.0334,20.289,20.661,20.8713,21.0611,22.0333,20.1002,20.4901,20.7401,20.0913,22.3615,18.7343,19.5769,19.4049,19.5875,20.9585,20.9601,20.1207,21.3529,20.6909,22.3534,19.8138,20.3959,20.58,20.2011,20.2265,20.4452,20.7115,20.1915,21.4555,22.4318,20.7631,21.1627,21.255,21.1994,22.1105,18.3246,18.6781,19.6884,20.1184,21.5916,19.1017,20.1849,20.4647,21.1274,21.1612,20.5816,20.5941,20.111,20.3743,22.326,20.0721,20.0576,19.4483,21.0153,22.151,19.0341,20.1425,20.4458,20.4574,21.4761,19.2878,19.1605,20.0075,19.6775,20.8666,20.7234,19.1082,20.0453,18.8588,22.5042,18.7305,19.6026,19.4519,20.1268,23.1479,18.8659,19.4559,20.1708,20.4672,23.2157,18.0964,19.9495,20.2593,19.6706,20.9086,19.5883,19.7929,19.6128,19.7908,22.4735,19.3684,20.1055,20.5949,21.4152,24.6299,18.4246,19.6361,20.6176,20.7973,21.478,18.2733,19.8968,19.5864,20.7195,21.6237
334,2:15:35 PM,19.644,19.7268,19.3885,19.7426,20.8739,20.4142,19.5574,20.9198,21.4642,21.68,20.0691,20.0808,19.9113,20.424,20.8357,20.2896,20.841,21.0327,20.9859,22.105,20.0579,20.3775,20.8182,20.1719,22.2514,18.808,19.5102,19.1529,19.8291,20.9178,20.8997,19.885,21.2794,20.5235,22.1915,19.9406,20.5209,20.6076,20.4348,20.6222,20.5874,20.7614,20.006,21.5253,22.4837,20.8605,21.1036,21.2034,21.1263,22.1668,18.3846,18.7477,19.7011,19.9572,21.4167,19.2299,20.1439,20.3721,21.0101,21.0007,20.5053,20.571,20.1221,20.3779,22.3018,20.0073,20.0691,19.4851,20.9938,22.1512,18.7101,19.7852,20.4745,20.5199,21.3391,19.2986,19.1007,20.0254,19.4677,20.8025,20.7889,18.9934,20.2146,18.8411,22.4173,18.6548,19.6423,19.4633,20.311,23.4368,18.7561,19.1641,19.5063,20.3059,23.0584,17.8992,19.2591,20.0855,19.806,20.6031,19.5548,19.8145,19.5518,19.8294,21.9266,19.493,20.0346,20.6527,20.7314,24.427,18.4406,19.2103,20.4881,20.5712,21.2157,18.4294,20.0167,19.6347,20.7566,21.8309
335,2:15:55 PM,19.7672,19.6612,19.6089,19.6347,20.8687,20.3876,19.6374,20.8037,21.0371,21.6151,20.0165,19.9904,19.8116,20.4605,20.9242,20.2466,20.8601,21.0207,20.9308,22.0184,19.7815,20.3306,20.873,20.2361,22.2307,18.9382,19.4496,19.3316,19.7524,20.8768,20.9527,19.8301,21.2584,20.7453,22.2474,19.7586,20.4486,20.4749,20.4374,20.8148,20.7097,20.7708,20.2236,21.3832,22.3593,20.8559,21.1217,21.1036,20.9518,22.0049,18.2702,18.7812,19.6689,20.129,21.6064,19.2174,20.1975,20.3205,21.0018,21.4718,20.4146,20.5755,20.107,20.4431,22.4302,20.1311,20.2076,19.5537,21.0353,22.1983,18.7625,20.0793,20.6125,20.4916,21.3618,19.3444,19.1494,20.0591,19.5796,20.9135,20.6851,19.0538,20.3007,18.8912,22.2907,18.733,19.6578,19.495,20.2973,23.3561,18.8809,19.3219,20.0462,20.5327,23.006,17.9057,19.2951,20.2034,19.7177,20.6744,19.5631,19.7652,19.5513,19.7368,22.1933,19.2729,19.9054,20.6146,20.6989,24.6299,18.4903,19.2245,20.5131,20.5812,21.5985,18.5214,20.0245,19.5053,20.7487,21.6906
336,2:16:15 PM,19.584,19.9626,19.6633,19.7344,20.878,20.3622,19.6078,20.8505,21.5089,21.6765,20.1547,19.9297,19.6766,20.2339,20.8708,20.1476,20.7518,20.974,21.0731,22.1623,19.9968,20.2987,20.9079,19.9076,22.1888,18.7907,19.6151,19.3393,19.8497,20.8606,20.4872,19.9863,21.1695,20.821,22.1393,19.8757,20.5315,20.5399,20.5976,20.5986,20.6848,20.8094,20.1867,21.4226,22.4437,20.7086,21.1852,21.1269,21.0203,22.0431,18.2838,18.6458,19.6841,20.0184,21.4462,19.0124,20.0879,20.2998,20.7524,21.2071,20.4347,20.5753,20.0295,20.4094,22.3591,20.0404,20.2058,19.5168,21.0471,22.2077,18.7838,20.0617,20.4606,20.3974,21.2471,19.2064,19.1002,20.0031,19.5641,20.8079,20.7295,19.1668,20.5197,18.9945,22.2593,18.6876,19.4688,19.6322,20.1631,23.5524,18.9945,19.3546,19.6356,20.5166,22.978,17.9772,19.511,20.2492,19.9727,21.243,19.5351,19.8785,19.5144,19.7558,21.8383,19.2974,20.0261,20.669,20.4218,23.7699,18.5401,19.348,20.5054,20.5344,21.1346,18.3738,19.931,19.4445,20.5842,21.7879
337,2:16:35 PM,19.4494,19.6761,19.5465,19.7806,20.9278,20.2793,19.6557,20.873,21.3001,21.5236,20.1307,19.867,19.5351,20.1632,20.8246,20.1703,20.7956,20.9709,20.9123,22.0888,19.9491,20.4662,20.8589,20.1964,22.2529,18.6817,19.485,19.1838,19.5898,20.8891,20.804,19.9497,21.2675,20.6992,22.3678,19.9539,20.3349,20.4623,20.32,20.7067,20.6789,20.7004,20.1631,21.485,22.4055,20.8562,21.1969,21.2405,21.0555,22.098,18.3151,18.6839,19.7127,20.0243,21.4676,18.9684,20.1857,20.4316,20.98,21.1033,20.5667,20.5608,20.1331,20.4025,22.3164,20.0107,20.1278,19.5151,20.9309,22.2364,18.8228,19.9489,20.4897,20.3646,21.3363,19.184,19.122,20.0407,19.4042,20.8565,20.752,19.049,20.4917,18.9474,22.4022,18.6192,19.4808,19.5244,20.1569,23.2377,18.9835,19.2952,19.8376,20.6316,23.087,18.0597,19.5062,20.1447,19.8924,20.0726,19.5653,19.7599,19.6201,19.7557,21.4829,19.2398,20.0457,20.682,20.7322,24.5102,18.4405,19.308,20.5264,20.7454,21.1998,18.4243,19.9149,19.5884,20.7091,21.6218
338,2:16:55 PM,19.5184,19.649,19.5053,19.6702,20.9187,20.4361,19.3685,20.923,21.4855,21.6407,20.1046,19.8501,19.7257,20.1954,20.7562,20.0754,20.7628,20.9675,20.97,21.9297,19.9791,20.4931,20.8987,20.2485,22.2234,18.7119,19.4833,19.0712,19.6878,20.9366,20.7662,19.8172,21.1469,20.5826,22.3067,19.9701,20.3176,20.4549,20.3668,20.5878,20.6592,20.76,20.1554,21.4417,22.2774,20.8676,21.1022,21.2653,21.0833,21.9779,18.3682,18.6874,19.714,19.9255,21.4855,19.1629,20.1267,20.3441,21.066,21.0871,20.5421,20.5211,20.1182,20.3274,22.0877,19.9964,20.1234,19.51,20.9635,22.1599,18.8211,20.0035,20.4733,20.4723,21.2538,19.263,19.056,19.8988,19.4307,20.9671,20.7556,19.0532,20.3051,18.8961,22.5498,18.6126,19.4746,19.6514,20.0632,22.8865,18.8919,19.2911,19.8749,20.5649,23.0653,17.8343,19.5503,19.9175,19.6922,20.8244,19.5117,19.7574,19.5229,19.5322,21.5318,19.286,20.081,20.6926,20.3424,24.3205,18.4175,19.2817,20.3983,20.5504,21.3317,18.3407,19.8839,19.4194,20.4831,21.7056
339,2:17:15 PM,19.6412,19.8253,19.5451,19.6623,20.9023,20.4372,19.7099,20.8781,21.5814,21.6056,20.1358,19.9456,19.8361,20.1872,20.7847,20.1646,20.7302,20.8726,20.9596,22.0046,19.8043,20.3599,20.8859,20.0438,22.2739,18.7577,19.4539,19.2411,19.5684,20.9026,20.9682,20.0619,21.2316,20.6352,22.4457,19.7996,20.4485,20.3881,20.3565,20.4361,20.6089,20.712,20.0611,21.572,22.174,20.6927,21.055,21.1435,21.1041,22.0365,18.2975,18.632,19.7354,20.0194,21.5073,19.0636,20.1827,20.235,21.1457,21.5987,20.4052,20.5659,20.2343,20.3251,22.2489,19.9665,20.1786,19.5714,21.0777,22.359,18.8626,19.928,20.4722,20.3857,21.2515,19.2847,19.1691,20.0745,19.5074,20.8576,20.7073,19.1629,20.2762,18.9848,22.4941,18.8211,19.4895,19.7432,20.3108,23.3657,19.0998,19.3274,19.7238,20.4976,23.1944,17.9652,19.3446,20.1025,19.8197,20.5832,19.5522,19.7571,19.5336,19.7305,21.6255,19.2888,20.046,20.591,20.3323,24.1813,18.5358,19.4852,20.5952,20.4823,21.2279,18.6087,19.8642,19.6982,20.7275,21.4566
340,2:17:35 PM,19.5789,19.8051,19.7431,19.7918,20.9022,20.3939,19.7326,20.9455,21.7165,21.7433,20.2387,19.963,19.7979,20.2926,20.6865,20.0138,20.7267,20.8029,20.9463,22.1015,20.0519,20.456,20.6955,20.2557,22.2246,18.9342,19.6277,19.3994,19.6204,20.6983,20.7616,20.0731,21.4395,20.7629,22.1811,19.8466,20.3479,20.4216,20.2966,20.3343,20.6586,20.6745,20.1183,21.4418,22.1607,20.6576,21.0605,21.1903,21.0379,22.0039,18.4143,18.8227,19.6143,20.0699,21.4996,19.1011,20.1728,20.4171,20.963,21.4038,20.6114,20.6093,20.0706,20.4453,22.2447,20.1753,20.2536,19.4103,20.987,22.3597,18.8449,20.1696,20.4273,20.4305,21.2066,19.2761,19.157,20.0111,19.5227,20.8173,20.6689,19.2257,20.0908,18.8286,22.2438,18.655,19.5088,19.8193,20.3667,23.2034,18.9511,19.3381,20.1293,20.4813,23.0494,17.8253,19.5242,19.987,19.7319,20.2089,19.6016,19.7701,19.6304,19.6494,21.7514,19.5294,20.0502,20.7881,20.4694,24.3451,18.4696,19.2023,20.4708,20.5337,21.1926,18.5487,20.0307,19.5247,20.5873,21.6359
341,2:17:55 PM,19.5951,19.697,19.4818,19.5895,20.8038,20.3153,19.4846,20.8709,21.454,21.6589,20.1061,19.9678,19.9136,20.415,20.6122,20.1661,20.8643,20.9188,20.9277,21.9588,19.8478,20.3024,20.7947,20.2975,22.2239,18.7463,19.53,19.2205,19.7127,20.7239,20.9672,19.8465,21.1556,20.5493,22.3516,19.9243,20.402,20.5725,20.2897,20.6879,20.5119,20.6829,19.9836,21.4493,22.3085,20.5906,21.0535,21.0471,20.9324,21.9856,18.1986,18.6599,19.7411,20.0127,21.4475,18.9399,20.0793,20.3387,21.0612,21.4134,20.4041,20.4923,20.0107,20.242,22.2054,19.9122,20.2357,19.6412,20.9838,22.4084,18.6885,19.8907,20.3855,20.2277,21.0045,19.2727,19.1289,20.0299,19.5772,20.7055,20.8134,19.0993,20.432,18.8841,22.1011,18.5776,19.606,19.6718,20.3829,22.9908,18.9117,19.4285,19.7826,20.7668,23.161,18.0043,19.4521,20.0199,19.6142,20.8061,19.5734,19.791,19.5838,19.5991,21.5309,19.374,19.9465,20.655,20.685,24.5038,18.5029,19.1356,20.4971,20.5322,21.3805,18.4021,19.9666,19.6907,20.6903,21.7636
342,2:18:15 PM,19.6511,19.61,19.6571,19.6332,20.7621,20.4252,19.4942,20.9402,21.5112,21.6782,20.0732,19.9655,19.7756,20.2687,20.6552,20.1716,20.7749,20.7319,20.9092,22.0238,19.9026,20.3237,20.8907,20.6257,22.1049,18.831,19.4023,19.09,19.4989,20.6716,20.6715,19.9099,21.1391,20.7172,22.2982,19.7676,20.2843,20.4995,20.3394,20.2398,20.5863,20.6648,20.2019,21.3645,22.1438,20.6407,21.0251,21.0632,20.9941,22.1034,18.2413,18.7245,19.8389,20.0442,21.4299,19.1667,20.1545,20.3292,20.8986,21.0007,20.2564,20.436,20.0211,20.343,22.0922,20.1404,20.1657,19.5374,20.9629,22.3541,18.7717,19.9823,20.648,20.3352,21.3672,19.1906,19.2203,20.0324,19.666,20.7507,20.7506,19.3645,20.6069,18.9581,22.1561,18.909,19.597,19.6153,20.3402,23.6007,18.9412,19.3389,20.0056,20.615,23.2309,17.8699,19.5293,20.231,19.8085,20.5816,19.6367,19.7922,19.6572,19.7857,21.8622,19.4654,20.1168,20.6925,20.4799,24.4178,18.5505,19.1439,20.5318,20.5175,21.1553,18.5064,19.9256,19.7715,20.7045,21.7292
343,2:18:35 PM,19.5852,19.9161,19.5941,19.7744,20.8382,20.302,19.6006,20.807,21.2591,21.4638,20.2245,19.9148,19.8617,20.3783,20.912,20.0873,20.7448,20.8025,20.7534,21.9712,20.0009,20.4449,20.8236,20.4123,22.2116,18.9233,19.42,19.4341,19.5438,20.7052,20.7379,19.9924,21.2179,20.58,22.1587,19.8065,20.4271,20.5641,20.4576,20.8294,20.5074,20.6558,20.2776,21.3336,22.2243,20.6271,21.0742,21.0539,21.0078,21.9139,18.4004,18.798,19.636,20.1349,21.5385,19.2627,20.142,20.375,20.9278,21.1458,20.4651,20.52,20.0634,20.3769,22.2531,19.933,20.3517,19.4521,20.9654,22.3112,18.8437,19.8806,20.5016,20.3044,21.3161,19.2989,19.1199,20.0301,19.57,20.812,20.7077,19.2556,20.4466,19.0867,21.8213,18.6942,19.7499,19.8418,20.5429,23.488,19.0307,19.1961,19.6471,20.6633,23.0015,18.0356,19.2585,20.1974,19.8689,20.5816,19.6543,19.6395,19.6652,19.6459,21.6693,19.5266,20.1665,20.5898,20.3438,24.2535,18.4652,19.3352,20.6165,20.5038,21.0364,18.4555,19.8582,19.5235,20.7027,21.5865
344,2:18:55 PM,19.5898,19.6529,19.5629,19.8714,20.8465,20.3824,19.5811,20.7785,21.4041,21.6033,20.1945,19.8752,19.7321,20.2656,20.736,20.1648,20.6609,20.8877,20.8792,21.907,20.023,20.5098,20.7267,20.2076,21.9775,18.9432,19.5793,19.2131,19.697,20.7904,20.5944,20.0138,21.2413,20.7145,22.0692,19.9522,20.4939,20.5882,20.3101,20.4422,20.6039,20.6675,20.1457,21.4372,22.1629,20.4571,20.9667,21.1315,20.9313,21.9765,18.4012,18.8604,19.6882,20.11,21.4726,19.3715,20.2602,20.3852,20.8451,21.2911,20.4736,20.5863,20.0609,20.4473,22.1287,20.2478,20.3455,19.6375,21.0314,22.2933,18.5878,19.8202,20.3774,20.4025,21.2363,19.3311,19.1361,19.915,19.5878,20.8744,20.7583,19.082,20.7026,19.1699,22.0352,18.8012,19.5749,19.7036,20.2859,23.7196,18.9038,19.2418,19.9122,20.4423,23.0908,17.9225,19.268,19.9685,19.7902,20.6434,19.6471,19.7321,19.5714,19.613,21.7487,19.5629,20.1231,20.6415,20.2741,24.6046,18.6248,19.6267,20.754,20.6585,21.4066,18.3795,19.8662,19.6385,20.8021,21.6796
345,2:19:15 PM,19.6636,19.8449,19.6687,19.8454,20.752,20.3374,19.3775,20.7296,21.3912,21.6057,20.2,20.002,19.7641,20.2451,20.8411,20.0785,20.7213,20.7781,20.767,21.9997,19.9316,20.3877,20.754,20.2716,22.0646,18.8772,19.6065,19.2905,19.5979,20.7476,20.7606,19.9135,21.0929,20.68,22.2108,19.8409,20.4914,20.6262,20.5505,21.1648,20.6037,20.646,20.1587,21.4204,22.2151,20.6033,21.1096,21.0708,20.962,22.0136,18.3868,18.6587,19.7186,19.993,21.4834,19.2868,20.2879,20.2014,20.9563,21.2423,20.197,20.4916,19.9283,20.351,22.1351,19.8344,20.184,19.4659,20.9356,22.2579,18.8627,19.8959,20.4242,20.4077,21.2119,19.2294,19.0925,20.0538,19.3362,20.6923,20.7438,19.1296,20.1291,18.9402,22.0043,18.6992,19.5743,19.6477,20.389,23.0818,18.9803,19.2955,19.9762,20.6449,23.0368,18.0416,19.5021,20.0365,19.7857,21.0878,19.6368,19.6658,19.6046,19.621,21.7128,19.2861,19.9765,20.5057,20.5636,24.2198,18.5102,19.5357,20.6172,20.5414,21.6254,18.5789,19.9304,19.8111,20.7848,21.6601
346,2:19:35 PM,19.7658,19.9848,19.6246,19.6742,20.7804,20.3191,19.6764,20.6687,21.385,21.5469,20.137,19.8126,19.7602,20.2359,20.7991,20.2266,20.6119,20.7644,20.8535,22.0016,19.9165,20.2019,20.7666,20.1378,22.0791,18.8388,19.5295,19.2473,19.6699,20.7848,20.5659,19.8984,21.114,20.7052,22.1952,19.7245,20.3807,20.4997,20.5887,20.5492,20.5127,20.7119,20.2279,21.3839,22.3363,20.4654,21.0843,21.101,21.0149,21.95,18.4104,18.6511,19.6559,19.9517,21.3838,19.1891,20.2333,20.1501,20.9415,21.3338,20.2548,20.558,20.0171,20.408,22.5661,19.8736,20.1471,19.4176,21.0048,22.3032,18.7316,19.7413,20.3192,20.2795,21.104,19.2285,19.1352,20.0924,19.6347,20.7442,20.7035,19.1442,20.7465,18.9115,21.8416,18.825,19.5148,19.6272,20.4168,23.5823,19.0158,19.2644,19.7663,20.3189,23.0758,17.8975,19.3068,19.958,19.6519,20.3669,19.5136,19.8443,19.4206,19.5549,21.6071,19.3078,20.0181,20.6944,20.2961,24.2087,18.4485,19.3492,20.513,20.5228,21.4616,18.512,19.8147,19.7882,20.6456,21.5712
347,2:19:55 PM,19.553,19.9609,19.652,19.6292,20.6714,20.4057,19.6341,20.7456,21.3713,21.5924,20.1827,19.9031,19.6259,20.3088,20.8701,20.1363,20.6785,20.7603,20.8118,21.9986,19.8314,20.3576,20.7704,20.5976,22.0295,18.7444,19.5257,19.227,19.8138,20.8461,20.5543,19.9398,21.0786,20.5992,22.1346,19.8518,20.3621,20.441,20.3533,20.6087,20.5621,20.5685,20.0244,21.401,22.1969,20.6234,21.0837,21.1322,20.9275,21.9218,18.285,18.6256,19.6216,20.0604,21.2799,19.1346,20.2487,20.4335,20.9728,21.2219,20.3197,20.4506,20.0218,20.3541,22.2412,19.9128,20.1798,19.4367,20.8957,22.2783,18.8895,19.8554,20.4373,20.2971,21.1715,19.2858,19.1346,20.0297,19.4681,20.7913,20.7082,19.076,20.1215,18.9622,21.9696,18.6938,19.6282,19.5172,20.2418,23.5568,18.9031,19.2296,19.9035,20.5312,22.9877,17.9828,19.5665,20.0638,19.6019,20.2903,19.5901,19.667,19.5628,19.7064,21.5933,19.2245,20.1076,20.6606,20.4165,24.3976,18.4994,19.3565,20.4532,20.5312,21.1058,18.5772,19.9612,19.8994,20.7943,21.6032
348,2:20:15 PM,19.7245,19.8767,19.6592,19.6697,20.749,20.4476,19.5655,20.8307,21.2456,21.491,20.1967,19.9449,19.6442,20.18,20.9994,20.1103,20.6623,20.7061,20.7155,22.0144,19.806,20.3389,20.6984,20.0405,22.1609,18.842,19.4935,19.4421,19.7566,20.7272,20.425,19.8533,21.1027,20.7692,22.1877,19.7668,20.3537,20.3544,20.3104,20.4948,20.6072,20.6517,20.2015,21.3964,22.1956,20.4971,21.073,21.0376,20.9272,21.8014,18.4476,18.7534,19.5858,19.9939,21.4691,19.2109,20.1119,20.1832,20.9842,21.1665,20.2668,20.4561,20.0101,20.4067,22.1672,20.0409,20.2825,19.422,20.9072,22.0633,18.7678,19.8125,20.3792,20.1641,21.2302,19.1855,19.1297,19.9625,19.6082,20.7766,20.6561,19.2811,20.4388,19.1463,22.1994,18.7084,19.5066,19.5887,20.381,23.2614,18.966,19.2252,19.8406,20.4881,23.0368,17.9358,19.3123,19.84,19.5574,20.2907,19.6233,19.7252,19.5387,19.5916,21.9957,19.3318,20.155,20.7467,21.269,24.3882,18.5201,19.3216,20.5672,20.51,21.2704,18.516,19.9178,19.4847,20.7323,21.583
349,2:20:35 PM,19.7578,19.7474,19.5968,19.6263,20.8366,20.4075,19.5223,20.806,21.3996,21.4394,20.0554,19.918,19.6504,20.1847,20.7972,20.0797,20.5526,20.8398,20.7589,22.0746,19.8707,20.2859,20.7112,20.3196,22.0261,18.9013,19.6256,19.2049,19.6328,20.6283,20.5345,19.9904,21.1039,20.6425,22.3005,19.7324,20.2612,20.2774,20.3744,20.2863,20.4537,20.6429,20.243,21.5118,22.2078,20.6324,21.0879,21.0796,21.0642,21.9593,18.3279,18.7443,19.7927,20.0305,21.419,19.2168,20.2633,20.3526,21.0077,20.9674,20.2266,20.5197,20.0545,20.4362,22.3236,19.9511,20.1364,19.5023,20.9461,22.0619,18.707,20.027,20.4171,20.1777,21.1675,19.3533,19.2309,20.0671,19.4804,20.7927,20.7309,19.2013,20.5137,19.0629,22.0199,18.9091,19.452,19.4907,20.1936,23.2087,18.9574,19.207,19.8852,20.5267,23.0173,17.8242,19.2414,20.1106,19.8455,20.0634,19.6656,19.7472,19.5225,19.6379,21.8546,19.3745,20.0651,20.6536,20.5382,24.6863,18.5574,19.2724,20.5408,20.6547,21.194,18.4256,19.9676,19.6751,20.6352,21.4671
350,2:20:55 PM,19.6971,19.7122,19.5419,19.7007,20.7067,20.2778,19.5534,20.6783,21.341,21.539,20.0494,19.896,19.7838,20.2505,20.9827,20.0961,20.6782,20.8264,20.7721,21.9481,19.9378,20.6207,20.7046,20.2202,22.0841,18.9301,19.7718,19.1685,19.6032,20.7033,20.6167,20.0325,21.0884,20.8404,22.1068,19.8077,20.3527,20.3359,20.3554,20.6954,20.4319,20.6512,20.195,21.5377,22.2326,20.6551,21.1893,20.9995,20.9538,21.912,18.2692,18.7064,19.5961,19.9802,21.3764,19.1867,20.0762,20.366,20.8472,21.0421,20.3476,20.3817,19.9378,20.3907,22.1607,19.938,20.1009,19.3818,20.8627,22.1698,18.744,19.8564,20.4943,20.2632,21.098,19.1589,19.1399,19.9688,19.6089,20.6789,20.625,19.1761,20.582,19.0803,21.8975,18.7245,19.5648,19.621,20.3502,23.4644,18.9612,19.2211,19.8837,20.4871,22.9856,17.8551,19.3604,20.1035,19.7815,20.101,19.5492,19.6769,19.5253,19.689,21.9086,19.2335,20.1576,20.6842,20.4401,24.6433,18.5902,19.3431,20.5144,20.4094,21.2699,18.497,19.9033,19.7455,20.7468,21.5872
351,2:21:15 PM,19.6399,19.7289,19.4568,19.6366,20.686,20.3213,19.6375,20.7449,21.1515,21.5741,20.0731,19.8896,19.8508,20.1953,21.0146,20.1795,20.6091,20.7078,20.8716,21.9888,19.8717,20.3038,20.7152,20.3534,21.9904,18.8044,19.5357,19.0251,19.7347,20.6185,20.5946,19.9136,21.1877,20.7429,22.1509,19.7337,20.4486,20.4271,20.6219,21.0878,20.629,20.6838,20.0256,21.3775,22.2789,20.698,21.0748,21.1123,20.9077,21.8889,18.296,18.7003,19.6171,20.0224,21.3417,19.1317,20.1751,20.216,20.8848,20.8727,20.3031,20.546,19.9127,20.3569,22.0809,20.0748,20.1845,19.4408,20.892,22.2255,18.6383,19.9022,20.4254,20.2856,21.2546,19.2697,19.091,19.9796,19.5793,20.7686,20.6846,19.0069,20.5983,18.8914,22.2987,18.6524,19.5344,19.5094,20.2068,23.2602,18.9239,19.2926,19.8347,20.5641,23.1556,18.0285,19.4757,19.9816,19.6721,20.0587,19.5208,19.7373,19.6682,19.6616,21.5888,19.2689,19.9258,20.7355,20.5558,24.5264,18.5419,19.3743,20.4808,20.4627,21.1391,18.4385,19.9126,19.695,20.7258,21.6477
352,2:21:35 PM,19.6153,19.683,19.5572,19.7019,20.774,20.3048,19.5793,20.6962,21.2437,21.5337,20.0519,19.8853,19.7674,20.3274,20.9918,20.1851,20.6672,20.8581,20.8527,21.9524,20.0188,20.5285,20.7527,20.2229,22.1575,18.9431,19.4968,19.2107,19.647,20.619,20.4439,20.0702,21.152,20.7303,22.2318,19.8753,20.311,20.4507,20.4698,20.6658,20.5036,20.6666,20.1267,21.3232,22.2999,20.6056,21.0739,21.142,20.9924,21.9925,18.2678,18.7899,19.6446,20.0881,21.3651,19.2798,20.1607,20.3195,20.8721,20.9602,20.4584,20.519,20.0469,20.4703,22.2305,19.9602,20.1807,19.4135,20.7834,22.2283,18.9252,19.9166,20.4107,20.3281,21.4164,19.2022,19.1597,20.0428,19.5046,20.7118,20.73,19.11,20.1262,18.8734,22.2724,18.7216,19.7183,19.5674,20.2103,23.211,18.895,19.2339,19.9322,20.4843,23.1285,18.0176,19.6931,20.1812,20.0657,20.0663,19.6114,19.6681,19.5643,19.6644,21.9781,19.0465,20.0367,20.6581,20.8395,24.4782,18.5651,19.4434,20.6676,20.6166,21.1445,18.524,19.7,19.6604,20.5613,21.5967
353,2:21:55 PM,19.5969,19.6396,19.6221,19.6941,20.6787,20.2715,19.5244,20.7647,21.3253,21.4894,20.0679,19.9616,19.6416,20.3238,21.0269,20.1848,20.6102,20.8774,20.8725,22.0264,19.9328,20.3649,20.6538,20.1179,22.0728,18.7466,19.6124,19.2225,19.7742,20.7585,20.6271,19.8379,21.2376,20.5455,22.1236,19.8635,20.4043,20.5268,20.6164,21.1022,20.581,20.6831,20.1228,21.3904,22.2054,20.6398,21.0383,21.0911,21.0173,21.893,18.2619,18.6802,19.5708,20.0439,21.3232,19.2643,20.0885,20.294,20.8613,21.054,20.2847,20.5212,19.933,20.6597,22.1844,20.0,20.0927,19.4734,20.9009,22.1892,18.8133,19.841,20.3727,20.2969,21.4506,19.3508,19.2061,20.0196,19.5377,20.7531,20.6197,19.1052,20.348,18.8765,21.9248,18.7895,19.536,19.6391,20.2538,23.2973,18.9584,19.2657,20.0914,20.2705,23.0963,17.9469,19.3835,20.0598,19.8221,20.7179,19.4651,19.8454,19.5774,19.6235,21.5619,19.4122,19.982,20.5546,20.4408,24.2741,18.4851,19.455,20.5227,20.5555,21.4027,18.3871,19.8847,19.4329,20.4495,21.5486
354,2:22:15 PM,19.4827,19.6308,19.6263,19.6465,20.6966,20.3273,19.642,20.7913,21.3569,21.6375,20.112,19.8127,19.7341,20.3424,21.0643,20.1607,20.7139,20.8811,20.9057,22.007,20.0029,20.3089,20.7163,20.3486,22.2634,18.7572,19.5206,19.104,19.7875,20.6966,20.711,19.9032,21.1968,20.6654,22.1903,19.8573,20.4291,20.3142,20.4555,20.72,20.6692,20.7434,20.2039,21.2615,22.2658,20.5913,21.1633,21.0931,20.8486,21.9313,18.4034,18.5868,19.5617,19.9754,21.399,18.9881,20.1519,20.2565,20.9371,21.1953,20.3302,20.4659,19.9485,20.4834,22.3468,19.916,20.1289,19.3895,20.9182,22.0802,18.9164,19.971,20.5213,20.3826,21.123,19.2084,19.1279,19.8906,19.476,20.6889,20.6763,19.1249,20.3716,19.1462,22.2057,18.6195,19.4567,19.5024,20.0302,23.0163,18.8948,19.2647,19.7419,20.3535,23.0653,18.0004,19.6499,20.1113,19.8147,20.0438,19.6326,19.7902,19.6298,19.6456,21.6014,19.2504,20.0341,20.5738,20.6685,24.3684,18.519,19.3683,20.6491,20.5132,21.0356,18.5593,19.9885,19.4742,20.6814,21.5239
355,2:22:35 PM,19.4924,19.6224,19.5696,19.6671,20.763,20.3489,19.4787,20.6889,21.259,21.3756,20.0748,19.8789,19.7343,20.5035,21.0087,20.0749,20.6983,20.7753,20.8315,22.0614,20.0058,20.5702,20.7848,20.245,22.1094,18.6976,19.6096,19.2415,19.6077,20.7569,20.6066,19.9015,21.2037,20.7544,22.1296,19.77,20.3602,20.3483,20.817,20.8268,20.5939,20.6428,20.0982,21.431,22.2883,20.6557,21.0473,21.0646,20.9248,21.9438,18.3622,18.7484,19.6269,19.9394,21.357,18.9582,20.1902,20.3634,21.0051,21.1632,20.3999,20.5595,19.9987,20.2649,22.1112,19.9558,20.2958,19.4656,20.8259,22.0899,18.7895,19.8843,20.4722,20.2064,21.3405,19.312,19.1399,20.0027,19.528,20.7967,20.7098,19.1685,20.7152,19.0928,22.4191,18.7398,19.4944,19.5477,20.0339,23.2055,18.8965,19.3307,19.6742,20.4878,22.9309,17.9326,19.5609,20.2529,19.9357,20.6574,19.6165,19.7257,19.568,19.6343,21.7591,19.5328,20.0753,20.5915,20.3005,24.3907,18.3729,19.2972,20.4951,20.5286,21.6774,18.5383,19.9035,19.522,20.4972,21.5336
356,2:22:55 PM,19.5499,19.6317,19.5243,19.8394,20.7398,20.2385,19.4535,20.6742,21.3074,21.4892,20.1838,20.0417,19.9069,20.5304,21.0906,20.0852,20.7116,20.9006,20.9087,22.0135,20.0015,20.4411,20.7012,19.9963,22.1301,18.8025,19.5114,19.0879,19.634,20.7636,20.7925,19.7699,20.9637,20.5043,22.3301,19.8662,20.4121,20.6464,20.7829,21.0034,20.5573,20.6389,20.1001,21.4278,22.257,20.6852,21.0616,21.0288,20.8774,21.9907,18.3051,18.8438,19.6935,20.0202,21.4445,19.0192,20.2488,20.2703,20.9501,21.2605,20.3201,20.4251,20.0945,20.3843,22.1394,20.0189,20.1008,19.4111,20.8897,22.0969,19.2571,19.9512,20.489,20.3862,20.8681,19.3358,19.0781,20.0698,19.6554,20.9132,20.6154,19.0618,20.2329,18.9164,22.124,18.6897,19.6649,19.5018,20.1717,23.3341,19.0249,19.2275,19.9409,20.2251,22.9923,18.0461,19.4864,20.1515,19.7092,20.5064,19.6085,19.8068,19.6744,19.6754,21.6331,19.2572,20.0736,20.6588,20.2936,24.4638,18.513,19.3199,20.5094,20.4085,21.2772,18.5319,19.9769,19.8067,20.5688,21.5802
357,2:23:15 PM,19.6013,19.6614,19.5342,19.6779,20.7542,20.2443,19.4991,20.6347,21.2089,21.3351,20.0976,19.8527,19.8694,20.5034,21.1203,20.1347,20.6968,20.9099,20.9072,22.0188,19.9612,20.465,20.8174,20.163,22.039,18.7943,19.5572,19.2722,19.8176,20.768,20.7366,19.8472,21.0549,20.6921,22.2636,19.8211,20.3614,20.4849,20.5349,20.5978,20.5761,20.7433,20.1875,21.4253,22.3333,20.6885,21.0984,21.0835,20.9076,22.0143,18.2552,18.7788,19.744,19.9543,21.5186,19.3784,20.1754,20.2282,20.9782,21.2626,20.4582,20.5144,19.9553,20.3711,21.9671,19.8983,20.1748,19.4312,20.8754,22.1085,19.2372,20.178,20.5202,20.4097,21.2755,19.3131,19.2155,19.9444,19.5997,20.785,20.7564,19.2539,20.4854,19.0053,22.249,18.8217,19.6172,19.4661,19.981,22.9713,18.8696,19.3592,19.884,20.3226,23.1025,18.0771,19.4307,19.9513,19.753,20.2587,19.5991,19.7988,19.6102,19.7745,22.3613,19.4578,20.1042,20.6091,20.3667,23.9775,18.6399,19.4494,20.5877,20.5017,21.2688,18.6862,19.8892,19.7656,20.6548,21.6321
358,2:23:35 PM,19.5185,19.5409,19.5424,19.7467,20.7834,20.39,19.6008,20.7334,21.1723,21.3729,20.1855,19.8802,19.894,20.4091,20.9333,20.1015,20.7141,20.7478,20.7888,22.0231,20.0548,20.5261,20.6744,20.1575,22.0338,18.772,19.4253,19.0487,19.9449,20.7504,20.4941,19.8771,21.0522,20.5738,22.0138,19.7506,20.3306,20.34,20.3307,20.3868,20.5717,20.6261,20.2129,21.3965,22.1537,20.5108,21.1676,21.1032,20.9358,21.8914,18.408,18.6548,19.5617,19.897,21.3812,19.0278,20.2978,20.2664,20.8882,21.2456,20.2332,20.4721,20.0568,20.4974,22.1504,19.8955,20.2273,19.4881,20.9238,22.0822,19.1576,19.9623,20.5286,20.2178,21.0929,19.249,19.1458,20.0653,19.5275,20.7668,20.6895,19.0034,20.3922,18.9983,22.3557,18.7071,19.5745,19.4126,20.1374,23.5642,18.8987,19.2512,20.1882,20.4394,23.0949,17.9656,19.4563,20.1395,19.9393,20.7336,19.7035,19.7158,19.4366,19.6845,21.4951,19.3972,20.0725,20.6548,20.5107,24.0419,18.597,19.5698,20.5539,20.5799,21.1328,18.6033,20.068,19.7778,20.5195,21.5277
359,2:23:55 PM,19.5556,19.6304,19.5852,19.6909,20.7699,20.3235,19.3354,20.6846,21.2236,21.4598,20.081,19.9393,19.6417,20.2599,20.8976,20.1875,20.7415,20.9727,20.903,21.8116,20.1857,20.5648,20.7062,20.1185,22.1036,18.8361,19.4917,19.1804,19.9885,20.8259,20.4493,19.9325,21.0505,20.6406,22.2683,19.7334,20.2343,20.3452,20.6003,20.5371,20.6414,20.635,20.1219,21.3253,22.459,20.609,21.1231,21.173,20.8695,21.9515,18.3928,18.7148,19.7426,19.942,21.2984,18.9969,20.1722,20.2944,20.8913,21.0157,20.4553,20.5434,19.9798,20.4952,22.1127,20.0455,20.2539,19.4537,20.8004,22.0751,18.9051,19.9667,20.3822,20.3142,21.1697,19.3255,19.1432,19.917,19.5326,20.7961,20.5776,19.0978,20.5045,19.0057,22.0449,18.623,19.4476,19.45,20.0203,23.3899,18.8741,19.2537,19.9453,20.5836,22.9849,17.9958,19.6396,19.9744,19.6099,20.2798,19.4973,19.8233,19.6389,19.6805,21.7114,19.2713,20.0862,20.8272,20.3155,24.3318,18.5519,19.3189,20.5196,20.5715,21.1951,18.6667,19.8653,19.6913,20.8814,21.6866
360,2:24:15 PM,19.5646,19.6677,19.5218,19.6651,20.7378,20.3553,19.4809,20.6626,21.2509,21.5383,20.2028,20.0219,19.7066,20.3969,20.9022,20.164,20.6421,20.8398,20.7605,21.9018,19.984,20.4731,20.717,20.3315,22.008,18.9654,19.5544,19.2607,19.7487,20.8053,20.7901,19.995,21.06,20.5099,22.2882,19.8264,20.3968,20.4744,20.4494,20.5651,20.6667,20.6606,20.0771,21.2899,22.1953,20.7193,21.0887,21.0099,20.9915,22.0412,18.3998,18.7577,19.7369,20.0694,21.3892,19.2935,20.2826,20.2703,20.9566,21.0906,20.3396,20.4369,19.9608,20.4462,22.1158,20.0102,20.1365,19.5603,20.9096,22.0716,19.2203,20.0653,20.5078,20.3418,21.1569,19.3893,19.1247,20.0101,19.6288,20.7488,20.6862,19.1774,20.2227,19.116,22.1414,18.8021,19.6685,19.6503,20.0628,23.1428,18.9111,19.2388,19.7521,20.2687,23.1486,17.9686,19.483,20.174,19.8161,20.6915,19.5249,19.7448,19.4579,19.6256,21.6947,19.1727,20.0608,20.6885,20.4248,23.8152,18.5123,19.3593,20.4419,20.4244,21.1903,18.5182,19.9112,19.7698,20.7225,21.486
361,2:24:35 PM,19.645,19.7166,19.5897,19.6535,20.7243,20.3042,19.5597,20.6288,21.2797,21.3956,20.0855,19.9781,19.9217,20.4342,21.0791,20.1967,20.7121,20.8704,20.8752,21.9297,20.1006,20.4058,20.7391,20.2302,21.9576,18.8892,19.4794,19.1927,19.6523,20.6821,20.5835,19.9526,21.1506,20.6692,22.1202,19.7776,20.3285,20.4971,20.6239,21.0055,20.5588,20.7728,20.1969,21.264,22.1502,20.673,21.1522,21.0987,20.8621,21.878,18.3857,18.6931,19.6847,19.8948,21.4034,19.0348,20.1632,20.2506,20.9413,21.1633,20.5311,20.45,20.0058,20.3641,22.0812,19.9477,20.0817,19.38,20.7818,22.0292,18.6608,19.8772,20.5321,20.2359,20.9887,19.4538,19.1823,20.0327,19.6459,20.7397,20.7089,19.1881,20.5705,19.2685,22.1067,18.7462,19.6487,19.5392,20.0646,23.6902,18.9784,19.2925,19.9085,20.375,23.1316,17.9228,19.2919,19.8964,19.6781,20.5225,19.6843,19.8582,19.5891,19.7248,22.0422,19.2572,20.0954,20.6794,20.3758,24.2385,18.6629,19.2339,20.5451,20.3638,21.1339,18.4809,19.9985,19.812,20.7326,21.7546
362,2:24:55 PM,19.726,19.6481,19.4887,19.7457,20.7937,20.2886,19.6345,20.6987,21.3608,21.3406,20.058,19.7972,19.8796,20.2601,20.908,20.1987,20.8065,20.8146,20.7497,22.015,19.9274,20.3763,20.8439,20.161,21.9562,18.8476,19.5071,19.3524,19.8631,20.8337,20.6263,19.8301,21.0497,20.7827,22.119,19.8192,20.3837,20.5791,20.6861,20.7717,20.717,20.6999,20.1986,21.2716,22.2937,20.6736,21.1039,21.1542,20.9317,21.9493,18.3086,18.8361,19.7431,20.1238,21.4207,19.074,20.1865,20.2215,20.9086,20.9398,20.4649,20.3536,20.0017,20.362,22.0475,19.9566,20.1711,19.3939,20.8362,22.1224,19.0969,20.1553,20.5403,20.3252,20.8602,19.2683,19.253,20.049,19.6215,20.7109,20.6353,19.2248,20.2341,19.038,22.1948,18.8358,19.6664,19.5051,20.0459,23.1717,19.0374,19.1604,19.6427,20.5438,23.1289,17.8749,19.6166,20.2427,19.6173,20.2904,19.543,19.7698,19.6477,19.6157,21.8517,19.416,20.0114,20.8658,20.678,24.4143,18.6368,19.4593,20.4461,20.6067,21.3814,18.5122,19.9466,19.7236,20.6359,21.492
363,2:25:15 PM,19.6417,19.843,19.4824,19.6918,20.7746,20.3193,19.55,20.8205,21.3653,21.355,20.0434,19.8187,19.7032,20.4423,21.0994,20.076,20.7067,20.8214,20.8875,22.0861,20.1217,20.5806,20.7897,20.345,21.9744,18.7761,19.498,19.2613,19.8862,20.755,20.6549,19.9699,21.1302,20.7362,22.2169,19.8132,20.3391,20.501,20.706,21.1305,20.4719,20.5469,20.0866,21.3485,22.2504,20.6383,21.0447,21.1075,20.9856,21.8874,18.269,18.7543,19.7904,20.0129,21.4811,19.0925,20.0552,20.4127,20.8607,21.2162,20.4157,20.5053,20.0443,20.4385,22.1937,19.8347,20.1229,19.4752,20.881,22.1953,19.1064,20.0203,20.3574,20.3978,21.3395,19.2048,19.0197,20.1008,19.4036,20.6977,20.5605,18.9659,20.3069,18.9102,22.2079,18.6342,19.4652,19.4056,20.0735,22.9419,19.0021,19.4366,20.194,20.5994,23.2451,18.0391,19.6189,20.1072,19.7385,20.4698,19.6268,19.7408,19.4242,19.7225,21.7271,19.1722,20.0109,20.66,20.2735,24.5874,18.5652,19.2971,20.5604,20.541,21.1412,18.6742,19.899,19.7298,20.7253,21.473
364,2:25:35 PM,19.5584,19.6877,19.5252,19.6693,20.7819,20.196,19.5463,20.7011,21.2713,21.4715,20.2231,19.8722,19.7518,20.4009,21.0644,20.0783,20.7009,20.7789,20.9743,22.1095,20.0304,20.2812,20.7756,20.0781,22.1221,18.8794,19.5767,19.2995,19.5297,20.7411,20.7434,19.7769,21.2498,20.5617,22.1067,19.8758,20.3886,20.4744,20.5292,20.7182,20.5689,20.7208,20.2006,21.4439,22.3204,20.6598,21.0702,21.0078,20.9206,21.9569,18.3063,18.7569,19.878,20.1335,21.4428,19.3038,20.1936,20.3958,20.9952,21.0823,20.2771,20.3793,20.0706,20.4491,21.9642,19.9803,20.1931,19.4406,20.9495,22.2133,18.9177,19.9134,20.3802,20.2781,21.4183,19.1404,19.0659,19.9591,19.6168,20.8034,20.5839,19.0812,20.5282,19.0853,22.1315,18.9758,19.5738,19.5855,20.1705,22.9204,19.0032,19.3863,20.0327,20.4307,23.2152,18.0215,19.459,19.8768,19.566,20.1558,19.5642,19.7882,19.5784,19.7033,21.9657,19.168,19.9965,20.694,20.3994,24.6412,18.6102,19.3004,20.6065,20.5664,21.2655,18.5825,19.8909,19.7311,20.7837,21.4855
365,2:25:55 PM,19.6325,19.5888,19.5826,19.7433,20.6802,20.3548,19.5885,20.7465,21.3103,21.3771,20.2045,19.9665,19.8141,20.2392,20.9352,20.2211,20.6835,20.7915,20.8468,21.9001,19.8509,20.6055,20.7023,20.3736,22.1368,18.8509,19.5955,19.1502,19.6722,20.7899,20.5515,19.9931,21.209,20.552,22.0235,19.8179,20.3452,20.45,20.4584,20.7906,20.5163,20.5809,20.16,21.2754,22.2127,20.5054,21.0689,21.0543,20.8467,21.9498,18.3442,18.8588,19.7952,20.0421,21.2783,19.2562,20.2351,20.3372,20.9851,21.2155,20.28,20.5015,20.1637,20.3503,22.0545,20.0359,20.1911,19.3912,20.8153,22.2427,19.0897,20.0333,20.4479,20.2375,21.1357,19.2982,19.08,20.0622,19.5645,20.5977,20.6289,19.5612,20.7416,19.1311,22.1387,18.8213,19.5672,19.7718,20.1976,23.3538,19.0561,19.3652,19.9845,20.3733,23.234,18.0337,19.4341,20.1279,19.9459,20.6049,19.6815,19.7681,19.5913,19.5491,22.5837,19.2093,20.1169,20.7775,20.3208,24.4029,18.5706,19.3388,20.6044,20.6193,21.1926,18.5635,20.0508,19.9193,20.5757,21.5601
366,2:26:15 PM,19.4777,19.5761,19.6506,19.7311,20.6905,20.3984,19.4477,20.7823,21.5326,21.5833,20.1156,19.9154,19.7312,20.1995,20.6315,20.1878,20.7293,20.8805,20.8089,21.8486,19.9514,20.4211,20.7001,20.186,22.0386,18.9121,19.551,19.3591,19.855,20.77,20.7554,19.8781,21.2447,20.6917,22.0745,19.8754,20.4009,20.3957,20.2522,20.4656,20.4639,20.6542,20.0718,21.2439,22.0434,20.6326,21.0182,21.0269,20.9162,21.7781,18.304,18.6559,19.7028,20.0373,21.3498,18.9984,20.1551,20.3979,20.9334,21.0467,20.5714,20.4831,20.0856,20.3027,22.2891,19.9595,20.1658,19.4216,20.8891,22.091,19.041,20.0743,20.4012,20.4202,21.3386,19.3231,19.0935,20.024,19.6425,20.755,20.5875,19.1271,20.712,19.0213,21.8266,18.6424,19.6247,19.5137,20.16,23.3964,18.9818,19.285,19.8461,20.3198,23.1536,18.1123,19.5459,20.0981,19.836,20.7216,19.5109,19.767,19.6453,19.6735,21.7592,19.1463,19.977,20.6181,20.3599,24.3122,18.5426,19.1497,20.5218,20.4942,21.4997,18.6432,20.0225,19.5025,20.6787,21.7387
367,2:26:35 PM,19.5019,19.6862,19.4122,19.5951,20.6652,20.3596,19.567,20.7537,21.4885,21.5002,20.1381,19.8326,19.7949,20.3906,20.9374,20.0856,20.7594,20.9693,20.8713,21.8103,20.0719,20.4309,20.7279,20.2373,22.0169,18.8285,19.4197,19.0429,19.6554,20.7581,20.7089,19.7467,21.0674,20.7191,22.0544,19.8416,20.3908,20.5712,20.3359,20.7607,20.5092,20.6319,20.1272,21.4169,22.2953,20.5937,21.0068,20.9891,20.9141,21.7421,18.2433,18.6318,19.6388,20.0183,21.4064,18.8869,20.2278,20.196,20.993,21.477,20.3411,20.3837,20.0816,20.4488,22.2857,20.0542,20.2724,19.4626,20.9818,22.3585,18.9104,19.9576,20.5309,20.3376,21.2501,19.2853,19.0262,19.9636,19.4232,20.75,20.6956,19.1225,20.4916,19.0472,22.0153,18.7492,19.5415,19.6287,20.3292,22.9004,19.0029,19.3415,19.7849,20.3135,23.2836,18.0554,19.1771,19.8718,19.8563,20.0366,19.4834,19.7508,19.6077,19.7467,22.3837,19.2635,19.9499,20.5226,20.2478,24.0279,18.6435,19.2357,20.4456,20.562,21.2348,18.5267,19.9441,19.6615,20.5706,21.5362
368,2:26:55 PM,19.6365,19.6902,19.5155,19.6568,20.7147,20.2994,19.7018,20.7505,21.4009,21.5052,20.2344,19.7293,19.8036,20.4025,20.8447,20.2424,20.6411,20.8453,20.8297,22.023,20.1248,20.4425,20.6891,20.5444,22.0887,18.8492,19.5661,19.3692,19.6824,20.7734,20.6095,19.7596,21.1707,20.4892,22.2151,19.8252,20.4133,20.5704,20.5059,21.0018,20.6015,20.7459,20.1184,21.3347,22.2617,20.5449,20.9518,21.1522,20.9833,21.9501,18.4251,18.816,19.7133,20.031,21.3834,19.2263,20.0743,20.3679,21.0384,21.1753,20.2499,20.439,20.0667,20.4394,22.2684,19.9327,20.1357,19.4612,20.9054,22.3924,18.8317,20.1688,20.5569,20.3514,21.1828,19.1955,19.0853,20.016,19.6131,20.7143,20.6672,19.2313,20.4687,19.0984,21.9651,18.9322,19.5323,19.6282,20.3127,23.4582,19.0113,19.2847,19.8815,20.3688,23.303,17.9156,19.6,20.2735,20.0028,20.0913,19.5512,19.6884,19.5573,19.6795,21.8657,19.1007,19.8814,20.7043,20.267,23.8268,18.6607,19.537,20.5124,20.6325,21.4177,18.647,20.1082,19.7394,20.5879,21.4114
369,2:27:15 PM,19.5914,19.6447,19.5352,19.7447,20.6456,20.3268,19.599,20.7687,21.4192,21.5217,20.1412,19.9353,19.789,20.4198,20.9245,20.2201,20.6798,20.8885,20.8955,21.9698,20.1437,20.5106,20.7532,20.1473,21.9871,18.917,19.6659,19.2498,19.8341,20.7864,20.9198,19.9695,21.2123,20.669,22.1923,19.8483,20.3869,20.5026,20.6642,21.1953,20.6021,20.6881,20.2067,21.4287,22.3156,20.7277,21.1723,21.0751,20.9925,21.957,18.3236,18.7309,19.772,20.102,21.4534,19.2962,20.2043,20.2606,21.0292,21.2682,20.3014,20.5099,20.0803,20.4441,22.19,19.8402,20.0996,19.466,20.8296,22.1931,19.0025,20.0476,20.5506,20.3103,21.1927,19.3715,19.1301,20.0003,19.5292,20.8476,20.6845,19.3297,20.6988,19.0354,21.8983,18.8132,19.5831,19.7173,20.231,23.1088,19.1411,19.3448,19.9092,20.2661,23.48,18.1185,19.6927,20.103,19.8601,20.0961,19.5195,19.7483,19.5579,19.6923,21.5817,19.381,20.1027,20.6738,20.6742,23.5231,18.5599,19.4948,20.5576,20.5687,21.3261,18.4585,19.8974,19.578,20.5152,21.4462
370,2:27:35 PM,19.6047,19.8729,19.5701,19.7104,20.6493,20.2548,19.5967,20.7458,21.3861,21.5906,20.2079,19.8996,19.7739,20.3391,20.82,20.2053,20.8001,20.8796,20.818,21.7755,19.8276,20.3812,20.7312,20.0773,22.0987,18.9125,19.5642,19.3076,19.6754,20.7015,20.7613,19.9428,21.1917,20.7703,22.1203,19.8937,20.4082,20.5133,20.3216,20.799,20.6475,20.6926,20.2571,21.3219,22.1641,20.6058,21.0184,21.0664,20.8578,21.7239,18.3804,18.9298,19.7646,20.12,21.345,19.2326,20.2286,20.2973,20.9904,21.3163,20.3363,20.4304,20.0538,20.4816,22.1664,19.8987,20.128,19.4656,20.9856,22.2546,19.1207,20.0929,20.5415,20.403,21.0076,19.4172,19.1993,20.0876,19.5787,20.8753,20.5917,19.3265,20.5236,19.2465,22.1483,18.8465,19.5115,19.9093,20.6893,23.3172,18.9586,19.3874,20.035,20.6723,23.3214,18.1562,19.646,20.2329,19.8169,19.9666,19.6689,19.7642,19.5723,19.8151,21.9555,19.259,19.9931,20.8166,20.4296,23.5379,18.6466,19.4482,20.559,20.5492,21.1553,18.6832,20.145,19.7503,20.8186,21.5103
371,2:27:55 PM,19.5857,19.7456,19.816,19.7716,20.7234,20.2844,19.8272,20.8557,21.4333,21.546,20.0026,19.914,19.7469,20.157,20.8233,20.272,20.6649,20.8796,20.7826,21.747,20.1753,20.4962,20.7634,20.0949,21.9138,18.9156,19.5246,19.5971,19.996,20.7198,20.6553,20.0159,21.2849,20.7357,22.0487,19.7526,20.336,20.4002,20.3673,20.515,20.4388,20.6959,20.0149,21.2988,22.1744,20.6435,21.1262,21.0957,21.0015,21.8598,18.4262,18.9599,19.6507,19.9289,21.4486,18.9533,20.1573,20.2815,21.0047,21.2142,20.5379,20.4732,20.028,20.3602,22.0771,19.9139,20.1726,19.5247,20.9509,22.2018,19.3215,19.9832,20.5824,20.4779,21.2521,19.2896,19.1923,20.055,19.4768,20.7279,20.6401,19.0591,20.4662,18.9756,21.8821,18.8795,19.5729,19.6059,20.1085,23.0257,19.0171,19.3389,20.1605,20.611,23.3946,18.0129,19.8401,20.2478,19.9042,20.0964,19.573,19.7743,19.4718,19.7764,21.7003,19.387,20.1057,20.719,20.2055,24.3775,18.572,19.2794,20.5479,20.6851,21.5436,18.5905,19.8785,19.4656,20.5254,21.4107
372,2:28:15 PM,19.6314,19.8063,19.6778,19.7459,20.6752,20.4107,19.74,20.7664,21.2469,21.5058,20.1182,19.8638,19.6696,20.1725,20.894,20.2315,20.7748,20.9114,20.7748,21.7435,20.242,20.6377,20.7205,19.8707,21.9146,18.9106,19.6245,19.4333,19.8366,20.6719,20.6468,20.0198,21.122,20.6719,22.0085,19.8557,20.3687,20.6162,20.6994,20.6094,20.5215,20.6566,20.2355,21.3826,22.1815,20.5605,20.9757,21.0822,21.0042,21.8663,18.4308,18.7215,19.7091,19.976,21.3463,19.1524,20.1008,20.1906,21.0961,21.3811,20.4386,20.4997,20.0076,20.4882,22.1124,19.9374,20.1544,19.5019,20.9519,22.2786,18.7254,20.1639,20.3524,20.386,20.9477,19.3376,19.2338,20.0402,19.554,20.826,20.6739,19.3604,20.494,18.8726,21.7954,18.7996,19.6049,19.7071,20.2515,23.7859,19.0449,19.3222,20.113,20.5103,23.463,17.9743,19.6269,20.0586,19.7308,20.6391,19.564,19.8216,19.5692,19.6269,21.7813,19.3198,20.011,20.7334,20.3398,24.6109,18.5645,19.2571,20.4571,20.5867,21.1947,18.7131,19.9649,19.757,20.6181,21.5733
373,2:28:35 PM,19.6564,19.5713,19.433,19.6077,20.7377,20.3815,19.5864,20.8832,21.166,21.4312,20.0912,19.784,19.719,20.3008,21.0084,20.2081,20.6879,20.869,20.7287,21.8471,20.1431,20.2849,20.6247,20.0836,22.0118,18.8045,19.6266,19.1395,19.6435,20.7163,20.7843,19.9618,21.1599,20.8393,22.1759,19.7952,20.3563,20.5618,20.4378,20.6205,20.526,20.8268,20.0689,21.3155,22.3507,20.6841,21.0302,21.0468,20.9619,21.8624,18.3685,18.7941,19.6274,19.9458,21.3834,19.2878,20.1429,20.246,20.9398,21.1502,20.3475,20.5448,20.0868,20.3927,22.2553,19.9554,20.1709,19.4128,21.0009,22.1649,18.9222,20.0881,20.5497,20.3624,20.9088,19.2503,19.1467,19.9783,19.4817,20.6355,20.5953,19.1196,20.174,19.0465,22.093,18.8149,19.6465,19.8104,20.3159,22.9161,19.0594,19.3723,19.8446,20.4914,23.462,18.1559,19.5968,20.1357,19.6735,20.5865,19.6501,19.7431,19.6158,19.7754,22.2695,19.0554,20.0677,20.717,20.3916,24.3926,18.633,19.4082,20.5839,20.6273,21.2224,18.6553,20.0649,19.7366,20.5123,21.4584
374,2:28:55 PM,19.6031,19.6817,19.6853,19.6376,20.6635,20.4168,19.8421,20.9184,21.1124,21.4072,20.1818,19.8632,19.7055,20.174,20.8345,20.1555,20.6347,20.6978,20.7645,21.9457,20.0765,20.5762,20.7802,20.025,21.9573,18.6836,19.478,19.0907,19.6161,20.7684,20.6201,20.0194,21.225,20.6151,21.9985,19.7866,20.2488,20.438,20.4014,20.5412,20.5178,20.6506,19.9811,21.3322,22.1217,20.5924,21.0428,21.0368,20.9318,21.899,18.232,18.7362,19.6936,19.9475,21.3025,19.342,20.2854,20.3,20.9504,21.187,20.5392,20.5321,20.0314,20.3173,22.0822,19.9073,20.0693,19.3858,20.9755,22.0316,18.7287,20.0404,20.4978,20.2717,20.9378,19.2307,19.1301,19.9958,19.5698,20.7957,20.6382,19.1122,20.2367,18.9653,21.806,18.9252,19.7054,19.5948,20.281,23.6071,19.1369,19.4042,20.0913,20.4157,23.5502,18.1017,19.6491,20.1242,19.7007,19.9267,19.5075,19.727,19.5639,19.7598,21.7322,19.2334,20.0337,20.6248,20.9015,24.5301,18.7235,19.5589,20.5467,20.6108,21.1773,18.5593,19.9736,19.6222,20.673,21.3982
375,2:29:15 PM,19.698,19.7098,19.6899,19.6927,20.6876,20.5,19.8015,20.8237,21.362,21.4202,20.0472,19.805,19.7279,20.1001,20.7922,20.1751,20.7182,20.7913,20.7303,21.9195,20.1072,20.3568,20.6764,20.2731,22.0165,18.8326,19.618,19.1585,19.7689,20.7717,20.5847,19.9116,21.2165,20.8814,22.0173,19.9359,20.3597,20.4761,20.4819,20.4511,20.5999,20.663,20.1531,21.4133,22.1801,20.4588,21.1243,21.1342,20.9565,21.7459,18.5361,18.8447,19.7148,20.0857,21.371,19.0896,20.1527,20.2245,21.0852,21.1002,20.4753,20.5034,20.1242,20.3203,22.1049,20.0898,20.182,19.3665,21.0142,21.9389,18.9245,19.8631,20.5537,20.4155,21.0481,19.3532,19.1479,19.993,19.4888,20.7008,20.571,19.3089,20.5691,18.9907,21.8149,18.8984,19.7569,19.6051,20.1764,23.3875,18.9315,19.3469,19.9622,20.1759,23.4729,17.9534,19.5465,20.1835,19.6864,19.9808,19.5723,19.8648,19.5904,19.5395,21.8432,19.312,20.018,20.6346,20.4148,24.7847,18.5914,19.4334,20.6056,20.593,21.1577,18.4883,19.9562,19.6295,20.7335,21.5041
376,2:29:35 PM,19.6581,19.7014,19.5752,19.783,20.7061,20.5195,19.544,20.8028,21.3196,21.5241,20.0825,19.8911,19.7024,20.2725,20.7929,20.0863,20.6919,20.874,20.7613,21.7524,19.9067,20.4334,20.7603,20.1375,22.0704,18.8401,19.6233,19.2034,19.6571,20.7223,20.7739,19.9688,21.1128,20.6766,22.0479,19.9099,20.333,20.3577,20.4254,20.694,20.6204,20.6353,19.9897,21.2395,22.1201,20.4525,21.0804,21.0217,20.9015,21.7767,18.3844,18.869,19.6438,20.0684,21.4252,19.4125,20.1763,20.2307,20.8867,21.1972,20.6803,20.5111,19.9865,20.3017,22.4534,20.1198,20.221,19.3961,20.9531,22.1361,18.754,19.951,20.5008,20.3241,21.0599,19.3165,19.0983,20.0133,19.5113,20.8176,20.7039,19.3345,20.4957,19.1601,21.9003,18.8026,19.5332,19.655,20.2302,23.426,19.0353,19.4351,19.9198,20.4195,23.4326,17.9705,19.4046,20.0073,19.7097,20.5717,19.6075,19.6887,19.5427,19.73,22.3079,19.389,19.9621,20.6605,20.2782,24.8633,18.7495,19.7784,20.5474,20.4472,21.0774,18.6297,20.0061,19.7852,20.6756,21.6772
377,2:29:55 PM,19.7542,19.8778,19.7763,19.7091,20.7036,20.5097,19.7125,20.7841,21.3868,21.5461,20.1761,19.9218,19.8235,20.2189,20.6861,20.0836,20.6463,20.8904,20.7478,21.8797,19.9614,20.2853,20.6948,20.3175,21.9898,18.9778,19.7227,19.3603,19.6946,20.6621,20.7191,19.9245,21.1816,20.7258,22.04,19.8473,20.416,20.3507,20.2409,20.4447,20.5303,20.6224,19.9925,21.2252,22.3528,20.519,20.9979,20.9867,20.9303,21.9531,18.4542,18.8641,19.7584,20.1119,21.3813,19.0809,20.1743,20.2122,21.0538,20.8872,20.5085,20.4881,20.0748,20.3327,22.1126,20.1021,20.2957,19.4481,20.9316,22.095,19.1357,19.9618,20.4774,20.3394,20.9126,19.3389,19.1816,20.0742,19.67,20.7929,20.6733,19.2805,20.5639,19.1907,21.905,18.9177,19.5855,19.4917,20.2423,23.3138,19.0393,19.3597,20.1209,20.4251,23.4279,18.0805,19.621,20.195,19.8712,20.1585,19.7193,19.7889,19.5231,19.6635,21.807,19.3239,20.0,20.8056,21.1313,24.8046,18.642,19.3007,20.6333,20.4763,21.2051,18.4682,20.0232,19.8626,20.7291,21.666
378,2:30:15 PM,19.6022,19.6349,19.5887,19.7636,20.6401,20.5177,19.6111,20.8308,21.3553,21.5793,20.141,19.909,19.8758,20.2773,20.7047,20.0791,20.6117,20.8148,20.863,21.827,19.8858,20.4512,20.7309,20.198,22.0522,18.9191,19.5593,19.1718,19.5086,20.8958,20.8374,19.9308,21.1985,20.7393,22.1503,19.911,20.3694,20.362,20.3326,20.284,20.5368,20.6003,19.9887,21.2802,22.1877,20.5449,21.0789,21.0084,20.9675,21.8832,18.4233,18.8752,19.7992,20.1045,21.4736,19.1897,20.1712,20.2951,21.1122,21.2121,20.6144,20.4513,20.0308,20.4359,22.2443,20.0256,20.1919,19.3808,20.8683,22.0309,18.8332,20.0193,20.4459,20.4381,21.0957,19.3666,19.2893,19.9976,19.6128,20.8306,20.653,19.199,20.8294,19.2019,21.8342,19.018,19.7028,19.6544,20.37,23.4515,19.023,19.4342,20.0835,20.4934,23.4207,18.026,19.4918,20.0971,19.7522,20.077,19.5492,19.8185,19.6703,19.5935,21.6508,19.4131,20.1472,20.8178,20.7343,24.7207,18.7152,19.3218,20.4764,20.4732,21.2871,18.5265,20.1235,19.6041,20.6904,21.4286
379,2:30:35 PM,19.8059,19.8239,19.7075,19.7278,20.6936,20.3678,19.4957,20.6712,21.1291,21.4472,20.172,20.0031,19.8209,20.318,20.8113,20.1276,20.7651,20.7784,20.7114,21.8978,19.9604,20.5108,20.7526,19.8326,22.0588,19.0052,19.6266,19.3606,19.6693,20.7928,20.905,19.8066,21.1974,20.6341,22.0946,19.8476,20.4238,20.448,20.397,20.7353,20.6148,20.7981,20.0865,21.2876,22.2253,20.5698,21.0469,21.1402,20.9937,21.8883,18.4256,18.8732,19.7047,20.0578,21.3232,19.2648,20.2116,20.3275,20.917,21.1731,20.5625,20.4339,20.0385,20.4242,22.3887,19.9745,20.0569,19.3822,21.0032,22.3754,18.9814,19.858,20.4632,20.2729,21.0278,19.3293,19.4369,19.9206,19.593,20.7224,20.6125,19.1507,20.4132,19.2161,21.6845,18.8635,19.7825,19.5468,20.2961,23.2115,18.9636,19.4022,19.9427,20.2697,23.2909,17.9644,19.3489,19.8531,19.7442,20.2168,19.6101,19.8681,19.6628,19.6969,21.9096,19.4849,20.0838,20.7647,20.4675,24.0777,18.7937,19.3107,20.5027,20.5384,21.2473,18.6604,20.0748,19.4789,20.9057,21.8018
380,2:30:55 PM,19.545,19.7267,19.68,19.9581,20.7412,20.4083,19.5879,20.8141,21.3572,21.4116,20.1156,20.0191,19.6308,20.3009,20.6839,20.0983,20.6531,20.9079,20.7768,21.8947,19.8411,20.3847,20.7733,20.1811,22.0143,18.864,19.5697,19.4505,19.9075,20.8372,20.4956,19.9926,21.0405,20.7192,22.1106,19.9259,20.4458,20.472,20.3199,20.4294,20.3433,20.6278,20.1032,21.339,22.1472,20.6586,21.0965,20.9979,20.8732,21.6718,18.5029,18.9431,19.8449,20.1244,21.3813,19.121,20.2441,20.2492,20.9765,21.1359,20.5159,20.4529,19.9739,20.3746,22.0843,20.0293,20.2547,19.3713,20.9129,22.1678,18.7793,20.0677,20.4731,20.4511,21.0895,19.4036,19.3013,20.0206,19.662,20.7186,20.7418,19.0733,20.4479,19.0989,21.9368,18.8369,19.546,19.6516,20.4053,23.2815,19.0634,19.4645,20.1301,20.6728,23.3153,18.0152,19.5864,20.0914,19.7724,20.0441,19.6916,19.7519,19.6463,19.6898,22.0159,19.4755,20.0472,20.6417,20.3797,24.5345,18.6173,19.5026,20.55,20.5263,21.228,18.7117,20.0602,19.5991,20.9286,21.7843
381,2:31:15 PM,19.6545,19.8681,19.7563,19.8771,20.6903,20.4344,19.6138,20.653,21.3696,21.4614,20.0948,19.9941,19.704,20.1408,20.727,20.1049,20.645,20.7326,20.7699,21.933,20.0052,20.5133,20.7025,20.0127,22.0293,18.9789,19.7929,19.3723,19.7061,20.7679,20.6757,19.9267,21.1737,20.7033,22.078,19.7761,20.3627,20.5145,20.5724,20.5282,20.5922,20.6255,20.2238,21.2359,22.301,20.4469,21.0262,21.0838,20.9305,21.8862,18.3579,18.8395,19.6857,20.1287,21.3989,19.2496,20.2965,20.3373,20.9882,21.0436,20.4563,20.5841,19.95,20.4752,22.0724,19.9135,20.3152,19.4169,21.1157,22.0595,18.9319,19.8495,20.5972,20.381,21.2427,19.2702,19.1775,20.0466,19.7119,20.729,20.6783,19.1372,20.7415,19.0833,21.9009,19.0173,19.7805,19.8383,20.4719,23.4195,19.071,19.5052,20.0889,20.4141,23.1165,17.9297,19.3453,19.8412,19.6333,19.859,19.6031,19.7705,19.6299,19.6754,21.9716,19.3111,20.0836,20.8952,20.4835,24.5051,18.7376,19.7063,20.6737,20.8408,21.8818,18.9163,20.0112,19.7468,20.988,21.8197
382,2:31:35 PM,19.6681,19.8799,19.5923,19.8402,20.5986,20.3986,19.628,20.8127,21.4036,21.5596,20.2136,19.9455,19.7123,20.1748,20.6077,20.0785,20.6403,20.8238,20.7961,21.8023,20.0774,20.4275,20.7987,20.1945,21.8917,19.017,19.7366,19.1389,19.668,20.7353,20.4494,20.0579,21.2355,20.766,22.0192,19.8672,20.3359,20.5019,20.3301,20.5563,20.6152,20.5605,19.9565,21.1791,22.1656,20.5716,21.0354,21.0445,20.8688,21.9123,18.457,19.0558,19.8775,20.1019,21.2902,19.3356,20.2124,20.335,20.9784,20.8717,20.3377,20.5035,20.0819,20.4506,22.1266,20.0576,20.13,19.4087,20.9283,22.063,18.9732,20.1828,20.5786,20.2939,21.0391,19.4262,19.3374,20.12,19.6534,20.7648,20.6842,19.3636,20.5154,19.117,21.7099,19.0332,19.7259,19.8165,20.3938,23.308,18.9998,19.3823,20.0266,20.2865,23.2105,18.1911,19.5178,20.1772,19.7702,20.4534,19.6327,19.7273,19.5911,19.5843,22.3994,19.5246,20.2385,20.9228,20.6248,24.541,18.7785,19.7703,20.6647,20.6849,21.4776,18.746,19.9999,19.8083,20.7808,21.7303
383,2:31:55 PM,19.5561,19.8543,19.6858,19.6818,20.6942,20.4503,19.7752,20.7963,21.4616,21.5227,20.14,20.0029,19.6916,20.1486,20.5196,20.0788,20.6004,20.7171,20.7411,21.8597,20.0319,20.4225,20.6309,20.0568,22.0152,18.9283,19.7365,19.3049,19.6891,20.7743,20.9359,20.0017,21.1889,20.6514,22.0518,19.9021,20.2899,20.5299,20.2879,20.5414,20.3984,20.646,20.1368,21.3314,22.1374,20.3703,20.9647,21.054,20.9795,21.9193,18.4958,18.916,19.7698,20.1339,21.3417,19.2401,20.1818,20.3584,20.9603,21.135,20.371,20.3818,20.0588,20.4282,22.1898,19.9709,20.3098,19.393,20.9648,22.1903,18.9622,19.8524,20.426,20.3036,20.9067,19.4196,19.3779,20.1171,19.8842,20.8307,20.6669,19.37,20.6429,19.2332,21.9423,18.9809,19.7436,19.9757,20.7012,23.7727,19.0339,19.5335,20.0975,20.512,23.2266,18.0537,19.6623,20.2145,20.0381,20.4124,19.6928,19.8956,19.6841,19.6849,21.9365,19.3871,20.0708,20.8522,20.4962,24.6413,18.656,19.417,20.6748,20.6226,21.388,18.8466,20.075,19.7638,20.5605,21.6417
384,2:32:15 PM,19.7314,19.9544,19.7541,19.777,20.8087,20.3207,19.7907,20.8367,21.4195,21.5736,20.2754,19.9963,19.8453,20.2351,20.7332,20.1548,20.6615,20.7816,20.759,21.9038,20.1264,20.552,20.6742,20.2228,21.8374,18.9724,19.7439,19.3539,19.6869,20.7716,20.8906,19.8966,21.2129,20.6965,22.0405,19.9135,20.3703,20.4727,20.3429,20.679,20.4146,20.7271,20.1877,21.1758,22.3201,20.5438,20.8486,21.102,20.9304,21.9291,18.5206,18.8051,19.8003,20.1336,21.3709,19.1865,20.2092,20.3291,20.9554,20.8172,20.395,20.5835,20.1253,20.3144,22.2283,19.9599,20.2528,19.41,21.0011,22.2138,19.0362,20.1086,20.5832,20.4087,20.9539,19.5353,19.2431,20.0701,19.5932,20.7585,20.612,19.4309,20.7664,19.1639,21.5466,18.9684,19.774,19.776,20.4245,23.5713,19.1262,19.4799,20.2289,20.5409,23.1879,18.0455,19.3613,19.996,19.8261,20.212,19.7254,19.939,19.6058,19.8871,21.9367,19.3582,20.0989,20.6605,20.6279,24.12,18.7063,19.4859,20.6757,20.6797,21.5619,18.6859,20.0228,19.6034,20.686,21.6744
385,2:32:35 PM,19.6953,19.8943,19.7461,19.681,20.6443,20.4301,19.6799,20.7823,21.4171,21.5528,20.1225,19.9473,19.7812,20.3868,20.8754,20.0544,20.6751,20.8314,20.7542,21.9343,20.1451,20.5811,20.7447,20.1841,21.9548,18.8518,19.7274,19.2543,19.8511,20.7591,20.6945,19.9109,21.0713,20.7938,22.1202,19.7506,20.4621,20.5908,20.8052,20.8572,20.5798,20.6306,20.0159,21.2351,22.1948,20.5854,20.9234,20.9851,20.9046,21.8652,18.508,18.9384,19.7734,20.1273,21.427,19.4654,20.2798,20.2995,21.0142,21.2995,20.5018,20.468,20.0406,20.5174,22.4409,20.0124,20.2678,19.538,21.0113,22.3575,19.2501,20.0342,20.3211,20.4463,21.1847,19.3916,19.4647,20.0815,19.7223,20.8422,20.5376,19.365,20.7444,19.2919,21.592,19.0079,19.7488,19.8458,20.6353,23.9264,19.2089,19.3984,19.7227,20.5176,23.1904,18.164,19.5583,20.1018,19.9933,20.7396,19.5815,19.9407,19.6991,19.6237,21.8728,19.4136,20.227,20.749,20.5683,24.4556,18.7119,19.3932,20.6115,20.677,21.2087,18.6341,20.0533,19.4768,20.8033,21.6932
386,2:32:55 PM,19.6943,19.8761,19.4524,19.822,20.6514,20.328,19.533,20.862,21.3547,21.4826,20.2777,19.9789,19.7753,20.3796,20.9379,20.1629,20.6574,20.8919,20.7666,21.9581,20.0063,20.5536,20.7226,20.3304,21.9752,18.866,19.7841,19.3552,19.6976,20.7416,20.6755,19.8092,21.1341,20.6938,22.0577,19.941,20.4025,20.5271,20.7484,20.9706,20.5069,20.79,20.2112,21.376,22.1888,20.5513,21.031,21.0262,21.0476,21.8779,18.5325,18.8838,19.7818,20.0169,21.4402,19.2839,20.1696,20.3066,21.0523,21.2045,20.3434,20.4627,20.0762,20.4345,22.1938,19.9091,20.2338,19.4172,21.0025,22.0807,19.226,20.0202,20.4656,20.2569,20.9592,19.3892,19.2882,20.1024,19.7568,20.7732,20.6093,19.3143,20.5633,19.1308,21.625,18.9837,19.6935,19.9001,20.4566,23.5993,19.0596,19.398,19.9589,20.4611,23.1798,18.3006,19.6223,20.2043,19.8491,20.0218,19.7195,19.8846,19.6508,19.6185,21.9319,19.2968,20.2471,20.7972,20.5363,24.3931,18.7276,19.4025,20.3781,20.5241,21.3993,18.6197,20.1186,19.7949,20.8718,21.659
387,2:33:15 PM,19.7888,19.8925,19.4519,19.6574,20.7157,20.362,19.5179,20.6979,21.1841,21.6328,20.2787,20.0488,19.7777,20.5142,21.02,20.1957,20.6891,20.9525,20.723,21.9013,19.8749,20.7275,20.8579,20.3214,21.8544,18.9684,19.6002,19.4124,19.7564,20.7691,20.6765,20.045,21.2489,20.5821,22.015,19.8787,20.4799,20.5773,20.6845,21.1182,20.4992,20.7542,20.2416,21.3694,22.2846,20.6049,21.0525,21.1485,21.0007,21.9566,18.4602,18.862,19.9788,20.0586,21.3472,19.1068,20.2617,20.2342,21.1535,21.1545,20.3316,20.5142,20.0546,20.5049,22.2411,19.9442,20.2627,19.5329,21.0971,22.3377,19.0018,20.1011,20.6117,20.5028,21.2875,19.3958,19.1253,20.0857,19.8249,20.8551,20.6742,19.3668,20.8532,19.1926,21.7045,19.0804,19.6712,19.7397,20.3642,23.3047,19.1875,19.5513,20.1249,20.6147,23.2541,18.1406,19.7606,20.2767,19.9381,20.3684,19.7197,19.8545,19.7011,19.6186,21.7292,19.3044,20.1556,20.7548,20.629,24.5448,18.7396,19.6405,20.6217,20.6215,21.4217,18.6426,20.0343,19.8127,20.7847,21.5273
388,2:33:35 PM,19.826,19.7892,19.5725,19.7514,20.6997,20.281,19.6247,20.704,21.12,21.2862,20.1437,20.0553,19.937,20.5136,20.7858,20.1682,20.7668,20.8987,20.7319,21.9477,20.1462,20.593,20.5867,20.0811,21.9433,18.8019,19.5921,19.2571,19.652,20.7738,20.5023,19.8534,21.1528,20.862,22.0062,19.8015,20.3681,20.7023,20.5072,20.7566,20.5835,20.7801,20.3103,21.3279,22.2776,20.6651,21.0846,21.0901,20.9727,21.7955,18.4664,19.039,19.9086,20.2186,21.4251,19.2986,20.3532,20.3747,20.9042,21.2573,20.4097,20.5162,20.0394,20.5925,22.2031,20.0674,20.3121,19.481,20.9667,22.251,19.1096,20.0201,20.5763,20.277,21.2248,19.3429,19.1581,19.9509,19.7213,20.7929,20.5423,19.4073,20.8092,19.2735,21.8831,18.9751,19.6915,19.7531,20.3152,23.7538,19.1815,19.5463,20.0676,20.5636,23.2459,18.1921,19.6152,20.3526,19.7696,20.243,19.7119,19.8243,19.6962,19.7844,21.7407,19.3899,20.2712,20.7021,20.5882,24.0891,18.6758,19.4983,20.6306,20.5268,21.5044,18.756,20.0983,19.6857,20.8073,21.5396
389,2:33:55 PM,19.7835,19.8177,19.7632,19.6857,20.7361,20.4078,19.8119,20.7889,21.2694,21.3786,20.1105,19.977,19.9279,20.4327,20.8983,20.1864,20.744,20.9078,20.7979,22.1213,20.0453,20.6781,20.8773,20.2913,21.9834,18.9617,19.7802,19.494,19.8648,20.7494,20.6245,19.8426,21.143,20.8275,21.9483,19.9427,20.4724,20.6387,20.6413,21.203,20.5795,20.8123,20.1975,21.3845,22.2783,20.6191,21.1124,21.1024,20.9252,21.8415,18.5477,18.7875,19.7999,20.0885,21.3374,19.2242,20.3326,20.3359,21.0505,21.0618,20.5649,20.5391,20.1435,20.5278,22.1022,20.0998,20.275,19.5297,20.9188,22.2549,19.107,20.1868,20.6352,20.3451,21.208,19.4331,19.4164,20.0564,19.6768,20.8006,20.7564,19.2282,20.7604,19.2744,21.8938,19.1403,19.7161,19.6663,20.3378,23.4161,19.252,19.5915,20.0779,20.6536,23.3621,18.1806,19.432,20.0525,20.0271,20.6836,19.7276,19.8257,19.719,19.7627,21.9831,19.3638,20.3199,20.7945,20.4864,24.5251,18.9423,19.6085,20.6686,20.6899,21.5859,18.7881,20.2518,19.9268,21.005,21.7569
390,2:34:15 PM,19.686,19.7786,19.7292,19.6976,20.6379,20.3952,19.6166,20.7526,21.4163,21.5713,20.3109,20.0325,19.8272,20.4929,20.7627,20.1326,20.7302,20.922,20.7694,21.8618,20.2033,20.4707,20.7778,19.9736,22.0127,18.9901,19.6098,19.4142,19.6798,20.7343,20.9372,20.0305,21.1231,20.6688,22.1282,19.9805,20.568,20.6643,20.4834,20.6819,20.7076,20.8374,20.1158,21.2786,22.2681,20.6627,21.0795,21.134,21.0408,21.8496,18.552,18.9363,19.8219,20.0644,21.3661,19.4592,20.2749,20.3263,21.1058,21.03,20.4747,20.4946,20.1424,20.5337,22.0882,20.1295,20.3178,19.4761,20.9573,22.2117,19.0556,20.2633,20.6445,20.4324,21.1101,19.3581,19.3425,20.1165,19.6618,20.7493,20.693,19.3277,20.5348,19.2976,21.9691,19.0964,19.8106,19.8568,20.8253,23.2296,19.0466,19.3998,19.8389,20.393,23.3319,18.1909,19.5654,20.0529,19.8007,20.1078,19.7633,19.8914,19.6806,19.6888,21.9198,19.4034,20.1801,20.9394,20.5866,24.188,18.8486,19.7023,20.7154,20.6895,21.6368,18.7482,19.9984,19.8249,20.763,21.5882
391,2:34:35 PM,19.7603,20.0834,19.768,19.6582,20.7103,20.3204,19.7156,20.8498,21.4627,21.5179,20.2255,20.0224,19.8829,20.3193,20.7947,20.2291,20.6078,20.8982,20.7474,21.7926,19.927,20.5489,20.7339,20.0411,21.8915,18.954,19.7601,19.4073,19.7538,20.7597,20.9071,19.9923,21.2727,20.7555,22.2586,20.0961,20.3828,20.5308,20.4151,20.4562,20.5147,20.8108,20.1274,21.2898,22.0071,20.5791,20.9571,21.0653,20.8776,21.8106,18.5193,19.0145,19.8854,20.1426,21.3927,19.4667,20.2419,20.3502,21.097,21.175,20.5343,20.5817,20.1263,20.558,22.1457,20.2223,20.1689,19.59,21.0639,22.0469,19.1161,20.0998,20.6033,20.3877,21.3502,19.5731,19.2828,20.1431,19.7014,20.7587,20.6677,19.6027,20.8189,19.2603,21.7906,19.0543,19.9106,20.0187,20.8959,23.4009,19.28,19.4869,20.0663,20.5312,23.2992,18.175,19.3422,20.0826,19.6843,20.138,19.6071,19.8533,19.6678,19.7177,21.72,19.5741,20.1468,20.805,20.4428,24.2,18.8523,19.7176,20.6756,20.6508,21.5879,18.8902,19.9458,19.8019,20.96,21.6864
392,2:34:55 PM,19.872,19.8433,19.7979,19.78,20.7266,20.4784,19.7756,20.9277,21.45,21.4656,20.2622,20.0685,19.8161,20.2382,20.7186,20.2329,20.7022,20.9054,20.8095,21.9004,19.9976,20.4785,20.7725,19.9543,21.7279,19.107,19.7066,19.3564,19.8488,20.8334,20.776,19.8956,21.263,20.8758,21.9599,20.0535,20.5222,20.5774,20.5816,20.3251,20.6196,20.6598,20.2449,21.3572,22.1854,20.5677,21.1689,21.1644,20.9321,21.8466,18.5836,18.9629,19.8514,20.0119,21.4699,19.4667,20.2358,20.3832,21.151,21.0689,20.4659,20.5476,20.125,20.5339,22.1218,20.1179,20.2922,19.4538,20.9939,22.137,18.857,19.9831,20.5513,20.2613,21.2531,19.6265,19.4068,20.086,19.7102,20.7829,20.6818,19.3683,20.6307,19.4109,21.8006,18.9322,19.8685,20.1005,20.8104,23.5196,19.2333,19.3805,19.8136,20.4846,23.0253,18.1554,19.3002,20.003,19.8869,20.2925,19.7539,19.8252,19.8371,19.8543,21.8631,19.6484,20.2812,20.9135,20.4035,24.0459,18.9474,19.8072,20.7141,20.6226,21.6525,18.7175,20.2726,19.7019,20.8861,21.9819
393,2:35:15 PM,19.7587,19.8747,19.8326,19.7191,20.6672,20.3869,19.6733,20.6838,21.3388,21.5661,20.163,20.0055,19.9127,20.1021,20.6476,20.2289,20.5608,20.7554,20.8069,21.9607,20.04,20.4747,20.8335,20.2649,21.9533,19.0428,19.7129,19.5309,19.6662,20.7613,20.5925,20.06,21.276,20.8171,21.9336,19.9179,20.5358,20.6459,20.5433,20.4935,20.5732,20.6858,20.2175,21.3108,22.256,20.5762,21.1715,21.1441,20.9213,21.8226,18.6917,19.0056,19.8742,20.0767,21.4647,19.1707,20.3283,20.418,21.2041,21.1883,20.4999,20.5798,19.9947,20.5856,22.2338,20.0215,20.2425,19.4842,21.1335,21.998,18.9901,20.0144,20.3608,20.4938,20.8759,19.5961,19.4473,20.115,19.7111,20.8571,20.7373,19.5065,20.8914,19.3457,21.7335,19.0647,19.8011,19.8924,20.7915,23.5446,19.2167,19.4856,20.2306,20.4076,23.1017,18.1526,19.3087,20.2228,19.9152,20.1777,19.8646,20.0168,19.8073,19.7632,21.9266,19.5711,20.2689,20.9708,20.5514,24.1692,18.7852,19.6529,20.6929,20.6349,21.3641,18.8698,20.2567,19.9832,21.0081,21.8578
394,2:35:35 PM,20.0564,20.0628,19.7815,19.7376,20.6837,20.5052,19.747,20.9249,21.4336,21.6281,20.3435,19.9458,19.8786,20.3296,20.7783,20.2525,20.7569,20.8495,20.8969,21.9238,19.993,20.4606,20.7445,19.9799,21.6841,19.1961,19.8428,19.465,19.862,20.7862,20.8381,19.8545,21.3316,20.6248,22.1151,19.9178,20.5669,20.5314,20.5152,20.8569,20.6903,20.6584,20.1246,21.2967,22.1969,20.5615,21.0961,21.1293,20.9284,21.8518,18.7471,19.0579,19.8825,20.2086,21.4365,19.4813,20.2503,20.4022,21.0768,21.0978,20.3271,20.4939,20.0401,20.7053,22.4054,20.2831,20.2954,19.4633,21.0533,22.0901,18.9834,20.2233,20.5973,20.4201,20.9549,19.641,19.4458,20.1307,19.6356,20.8821,20.6326,19.3011,20.4982,19.1628,21.8718,19.1601,19.7647,20.0063,20.9061,23.7422,19.0814,19.5155,19.9659,20.4464,23.0811,18.1332,19.4136,20.2015,20.0145,19.959,19.8074,19.9081,19.7885,19.9356,21.8913,19.4599,20.1381,20.8125,20.4455,24.6377,18.7337,19.6329,20.7191,20.6978,21.3895,18.7316,20.1597,19.7313,20.8078,21.8932
395,2:35:55 PM,19.8799,20.064,19.8198,19.7953,20.6955,20.4651,19.585,20.7825,21.3214,21.5759,20.2533,20.0716,19.8498,20.2188,20.764,20.2257,20.7176,20.9244,20.7583,21.8615,20.1308,20.5646,20.8451,20.0202,21.7295,19.1365,19.82,19.4559,19.8611,20.8008,20.8614,20.0636,21.2738,20.8441,22.0695,20.028,20.4814,20.6842,20.2471,20.4879,20.6626,20.7842,20.0355,21.3772,22.1464,20.5937,21.1754,21.1341,20.9386,21.9033,18.604,19.1256,19.8827,20.2479,21.4864,19.5533,20.3019,20.4167,21.1585,21.076,20.5471,20.6326,20.0764,20.5176,22.1322,20.1642,20.2359,19.5925,20.9948,22.1401,19.0302,20.0943,20.625,20.4418,21.08,19.6082,19.4545,20.1207,19.7326,20.9223,20.712,19.4546,20.9116,19.4261,21.8224,19.1267,19.8304,19.8658,20.6061,23.3906,19.2175,19.529,20.0826,20.569,23.0695,18.1989,19.6904,20.2791,20.1284,20.5215,19.8608,19.9686,19.7457,19.7982,21.7295,19.453,20.1772,20.8667,20.6724,24.2349,18.8787,19.8704,20.8109,20.6589,21.355,18.9155,20.1076,19.8501,20.9416,21.6062
396,2:36:15 PM,19.7369,19.9515,19.7569,19.7286,20.6991,20.5075,19.5211,20.6857,21.2807,21.6166,20.2453,20.0866,19.8267,20.2983,20.7148,20.2093,20.709,20.9199,20.8239,21.8914,20.124,20.3741,20.7294,20.0488,21.9094,18.9556,19.6914,19.2331,19.8696,20.7316,20.7842,20.0019,21.28,20.6771,22.2184,19.8979,20.536,20.5766,20.3439,20.6777,20.4437,20.6233,20.0741,21.3587,22.3106,20.6716,20.9894,21.1633,20.8535,21.9388,18.5048,19.0278,19.8862,20.1346,21.4871,19.3865,20.2974,20.4342,21.0413,21.0625,20.4592,20.6379,20.0654,20.6279,22.4268,20.0509,20.3039,19.5794,21.0196,22.2357,19.1645,20.1027,20.6931,20.3533,20.8447,19.5748,19.4164,20.2186,19.8146,20.9272,20.6856,19.4153,20.7248,19.2965,21.7864,19.0679,19.6948,19.7581,20.6273,23.4497,19.1568,19.5531,20.0331,20.536,23.2709,18.2277,19.6424,20.2591,19.9803,20.5845,19.8027,19.9643,19.758,19.7646,21.8419,19.463,20.2192,20.7684,20.7291,24.4285,18.6122,19.78,20.6656,20.764,21.3169,18.7897,20.1776,19.988,20.8732,21.5011
397,2:36:35 PM,19.6812,20.0085,19.7684,19.6954,20.601,20.3857,19.6538,20.7169,21.3108,21.4183,20.3436,20.1408,20.0723,20.5627,21.0037,20.2223,20.7472,20.9597,20.8069,21.9235,20.2115,20.4828,20.81,20.2565,21.8465,19.1462,19.901,19.5015,19.971,20.6331,20.8029,20.0058,21.2926,20.8266,22.098,19.9439,20.5449,20.6791,20.7371,21.1607,20.5572,20.5828,20.0823,21.3653,22.3278,20.5403,21.0828,21.097,20.9988,21.915,18.4896,18.8734,19.8225,20.0888,21.4786,19.4662,20.3026,20.3651,21.1433,21.1412,20.2377,20.4258,20.1492,20.5038,22.1792,20.0751,20.1666,19.4899,21.0505,22.368,19.2688,20.2584,20.5352,20.4338,21.0693,19.5333,19.3349,20.0936,19.8531,20.8166,20.7561,19.4892,20.7385,19.3154,21.8385,19.0996,19.6474,19.7716,20.4003,23.0354,19.2977,19.4479,19.9692,20.853,23.2448,18.1765,19.6032,20.185,20.0388,20.0952,19.8869,20.0501,19.7072,19.8902,21.8803,19.5729,20.3924,20.8171,20.561,24.3538,18.7222,19.639,20.6457,20.5407,21.3807,18.8601,20.1607,19.9289,20.8174,21.8182
398,2:36:55 PM,19.8269,19.886,19.9291,19.8438,20.7105,20.4079,19.748,20.8539,21.3076,21.3843,20.1849,19.9868,19.8882,20.399,21.1337,20.2716,20.7715,20.8911,20.8488,22.0821,20.1036,20.3769,20.8109,20.3943,21.9428,19.0622,19.8373,19.4911,19.9331,20.8005,20.6505,20.0258,21.1771,20.7495,22.1719,19.9435,20.4944,20.6445,20.489,21.0948,20.667,20.7137,19.9639,21.2541,22.3253,20.4897,21.132,21.1419,20.9581,21.9177,18.5632,18.9199,19.8908,20.1991,21.4323,19.2967,20.319,20.3786,21.0811,21.4067,20.4594,20.5983,20.1065,20.6182,22.3494,20.0776,20.2379,19.4905,20.9515,22.3042,19.145,20.1997,20.6026,20.4377,21.166,19.5186,19.355,20.1767,19.8122,20.8992,20.6549,19.7013,21.1268,19.3006,22.4218,19.1208,19.729,20.0358,20.5612,23.2821,19.0874,19.4935,20.1179,20.6325,23.1865,18.2041,19.7174,20.2171,20.0029,20.9393,19.7973,19.9002,19.7422,19.7511,21.7616,19.4358,20.3067,20.8691,20.633,24.5613,18.7421,19.4425,20.7046,20.592,21.434,18.7737,20.106,19.8804,20.711,21.6592
399,2:37:15 PM,19.7697,19.9764,19.8004,19.7658,20.6786,20.4534,19.6319,20.6386,21.2183,21.5261,20.1975,19.9773,19.8061,20.4887,20.946,20.1784,20.7197,20.8488,20.8405,22.038,20.1866,20.5996,20.9667,20.419,22.0317,19.0411,19.872,19.5545,19.9282,20.7365,20.7922,20.0283,21.237,20.8634,22.095,19.9531,20.5084,20.6217,20.6338,21.0637,20.5396,20.7632,20.2005,21.3872,22.2289,20.6583,21.0442,21.1961,21.0205,21.8587,18.5422,19.0575,19.8355,20.2566,21.4341,19.5042,20.3029,20.3922,21.1697,21.3925,20.4551,20.5114,20.0016,20.4937,22.1737,20.0662,20.1716,19.5527,21.0744,22.2961,19.1524,20.1461,20.5527,20.3186,21.0435,19.5596,19.2843,20.2377,19.7902,20.8161,20.6709,19.394,20.6986,19.2359,21.896,18.8691,19.7519,20.1728,20.6245,23.2645,19.0837,19.5131,20.0697,20.6035,23.3369,18.2536,19.5895,20.0137,19.8256,20.569,19.7749,19.9839,19.6437,19.6587,21.8949,19.3652,20.2656,20.8145,20.3609,23.8591,18.8493,19.6908,20.7119,20.6573,21.3395,18.7887,20.0805,19.6382,20.9138,21.8148
400,2:37:35 PM,19.8373,19.8866,19.7327,19.7783,20.6931,20.5305,19.6968,20.903,21.4153,21.5539,20.1993,20.0549,20.0443,20.5941,20.8755,20.2353,20.7687,21.04,20.7687,21.9931,20.214,20.5563,20.9204,20.1538,22.1148,19.2104,19.6951,19.4198,19.9177,20.7623,20.711,20.0905,21.2869,20.8129,22.1876,19.822,20.5161,20.6201,20.4315,20.8209,20.5952,20.7881,20.2574,21.3579,22.1907,20.6719,21.1345,21.1617,21.0035,21.9282,18.6376,19.0587,19.869,20.205,21.4624,19.263,20.223,20.4997,21.1706,21.3681,20.4039,20.5938,19.9538,20.4309,22.0461,19.9596,20.2214,19.4894,21.1057,22.288,19.1781,20.1264,20.5772,20.4892,20.9688,19.5897,19.37,20.1744,19.8135,21.1156,20.666,19.4178,20.8486,19.377,21.978,19.0515,19.8502,19.9391,20.58,23.4063,19.1625,19.5604,20.0851,20.4554,23.3484,18.157,19.6742,20.2298,19.8401,20.3389,19.8347,19.967,19.7503,19.8393,21.8936,19.5123,20.3315,21.0622,20.6101,24.215,18.9606,19.6866,20.7556,20.7442,21.5527,18.4678,20.0641,19.7027,20.7519,21.7137
401,2:37:55 PM,19.7033,20.0015,19.7341,19.8253,20.7196,20.5716,19.7,20.8189,21.2344,21.4236,20.2902,20.1269,19.8732,20.3671,20.8984,20.348,20.7739,20.8748,20.7595,22.0552,20.1868,20.5592,20.9779,20.3104,22.016,18.9892,19.79,19.3498,19.7519,20.821,20.718,20.1234,21.2693,20.7131,22.04,20.0188,20.5603,20.6542,20.4548,20.7354,20.5552,20.7118,20.1772,21.2893,22.244,20.706,21.1639,21.1109,21.0099,21.8359,18.5635,18.8921,19.9719,20.153,21.4216,19.2126,20.3328,20.4874,20.9926,21.1034,20.5834,20.4823,20.1348,20.5613,22.2625,20.0999,20.2344,19.5882,21.0105,22.1405,19.245,20.1081,20.6755,20.4501,21.1203,19.7142,19.463,20.1937,19.8273,21.0891,20.6836,19.6804,21.1122,19.5855,22.4268,19.0707,19.7408,19.899,20.5345,23.5883,19.1868,19.5296,20.2491,20.7014,23.4978,18.2094,19.7339,20.4665,20.1395,20.3723,19.935,20.0216,19.8181,19.774,21.9435,19.5042,20.393,20.9473,20.5747,23.8409,18.8764,19.6856,20.7768,20.6831,21.4227,18.8639,20.1577,19.8553,20.7718,21.8229
402,2:38:15 PM,19.7196,19.8581,19.6362,19.942,20.709,20.4328,19.6636,20.8419,21.3503,21.5105,20.2043,20.0278,19.833,20.3235,20.776,20.1575,20.8516,20.8117,20.8769,21.8538,20.3013,20.6889,20.8279,20.2729,22.0364,19.1236,19.7695,19.5451,20.01,20.8377,20.7437,20.0272,21.2998,20.7918,22.0287,19.9278,20.4849,20.643,20.5508,21.0167,20.6478,20.8366,20.1842,21.417,22.2718,20.7194,21.1179,21.2587,20.8609,21.9075,18.5861,18.99,19.9432,20.1496,21.4895,19.3414,20.3584,20.3906,21.1415,21.3739,20.5461,20.6187,20.1144,20.4669,22.4147,20.0505,20.2693,19.5668,20.9972,22.0592,19.3167,20.3803,20.6599,20.4299,21.044,19.5014,19.3403,20.205,19.7979,20.9615,20.7841,19.4319,20.6943,19.2223,21.9968,18.9533,19.7506,19.838,20.4773,23.1198,19.2111,19.5379,20.1327,20.8188,23.3833,18.1857,19.7118,20.3337,20.0348,20.424,19.7207,19.9787,19.8768,20.0433,22.0398,19.606,20.2502,20.8758,20.9147,24.3969,18.6548,19.6651,20.7526,20.714,21.3408,18.8532,20.1477,19.9828,20.9186,21.9353
403,2:38:35 PM,19.8439,19.9665,19.7158,19.8164,20.7641,20.4658,19.7217,20.7938,21.2426,21.4069,20.3861,19.976,19.8946,20.4559,20.8884,20.2275,20.7935,20.9569,20.8116,22.0074,20.1742,20.4201,20.7993,20.2315,21.9782,18.9526,19.864,19.3405,19.8078,20.8021,20.8983,20.0708,21.2599,20.696,22.1887,19.9287,20.4917,20.6164,20.6097,21.0318,20.6032,20.7262,20.2526,21.3895,22.1392,20.66,21.0525,21.1346,21.0056,21.7689,18.6,19.0329,19.784,20.2112,21.5378,19.3059,20.211,20.3215,21.1351,21.0733,20.5257,20.5218,20.1759,20.526,22.6304,20.0119,20.2058,19.5247,21.0171,22.188,19.0748,20.3132,20.5897,20.4376,21.1585,19.5985,19.3262,20.1488,19.6208,20.9024,20.6652,19.3593,20.6682,19.1222,22.0363,19.2755,19.8493,19.9076,20.9691,23.6296,19.2487,19.5381,20.3053,20.6087,23.3583,18.2268,19.4986,20.1926,20.0101,20.4698,19.7927,19.9455,19.7946,19.8812,22.3411,19.4358,20.3462,20.9234,21.1584,24.5495,18.7255,19.6536,20.8673,20.8225,21.652,18.666,20.0998,19.9475,20.8952,21.6987
404,2:38:55 PM,19.7854,19.888,19.715,19.8179,20.7004,20.364,19.7521,20.9019,21.1254,21.4595,20.2128,20.0909,19.7832,20.3703,20.9054,20.3424,20.7829,20.9889,20.7852,22.068,20.3433,20.5497,20.8775,20.321,21.8323,18.9996,19.7996,19.3558,19.8194,20.7069,20.5659,20.0425,21.2382,20.7378,22.0748,20.1203,20.5395,20.5163,20.4346,20.9769,20.5799,20.7639,20.3906,21.4259,22.2846,20.6515,21.0548,21.2071,20.9835,21.9178,18.5688,18.9743,19.8729,20.1717,21.4903,19.355,20.3015,20.4393,21.1286,20.9758,20.4546,20.5416,20.0712,20.6459,22.2175,20.107,20.205,19.4609,21.102,22.3223,19.1786,20.1732,20.6331,20.6374,20.9923,19.5341,19.4701,20.1881,19.8594,20.8967,20.6222,19.3626,20.6978,19.1087,21.8673,19.1422,19.7238,19.772,20.6148,23.2876,19.2502,19.5096,20.1331,20.5719,23.3332,18.2646,19.6412,20.2414,19.9527,20.924,19.806,20.054,19.7247,19.8139,21.9602,19.5563,20.215,20.9027,20.4197,24.4032,18.7798,19.5011,20.6491,20.6418,21.4777,18.7796,20.2818,19.6958,20.8389,21.6747
405,2:39:15 PM,19.8552,19.9679,19.8531,19.9709,20.6562,20.4544,19.6928,20.7395,21.3047,21.5017,20.2429,20.0465,19.8287,20.4831,20.9779,20.2867,20.7084,20.8777,20.8012,22.1777,20.2625,20.7087,20.9272,20.3315,21.984,19.1022,19.7115,19.3992,20.0495,20.8131,20.6044,20.0501,21.2199,20.8421,22.1328,20.135,20.5237,20.6116,20.742,20.8802,20.6932,20.7652,20.2312,21.3452,22.216,20.6385,21.1252,21.1265,21.0053,22.0029,18.5203,18.8692,19.8734,20.1936,21.3699,19.4225,20.3682,20.505,20.9868,21.1744,20.378,20.5223,20.0692,20.4968,22.1852,19.9747,20.4084,19.6162,21.1246,22.4038,19.1691,20.1673,20.6272,20.5013,21.0646,19.4339,19.3406,20.1152,19.8014,20.9421,20.7179,19.2547,20.4222,19.1031,22.1925,18.9656,19.732,19.92,20.4662,23.5929,19.1572,19.507,20.2278,20.4604,23.4029,18.2279,19.7115,20.3499,20.275,20.5311,19.8156,19.9555,19.7379,19.8992,21.9021,19.4398,20.3443,20.966,20.6287,24.3311,18.9,19.6685,20.8042,20.8185,21.5525,18.776,20.1458,19.9283,21.069,21.7439
406,2:39:35 PM,19.838,19.8823,19.8652,19.851,20.7049,20.3425,19.6511,20.8431,21.4216,21.4151,20.182,20.0066,19.8836,20.4964,20.9649,20.2759,20.8981,21.0423,20.8888,22.0265,20.0313,20.505,20.822,20.2345,21.8567,19.1103,19.8975,19.3946,19.9924,20.8673,20.5854,20.0281,21.2774,20.739,22.28,20.0359,20.5294,20.5528,20.4863,21.0456,20.6589,20.77,20.2928,21.4457,22.3252,20.6716,21.0492,21.1943,20.9307,21.9008,18.6357,18.9876,19.8753,20.0595,21.4335,19.5671,20.2712,20.4681,21.0216,20.897,20.4885,20.5345,20.1808,20.5733,22.2244,20.1031,20.3207,19.5378,21.1188,22.3269,19.0886,20.0734,20.653,20.4963,21.073,19.5449,19.2598,20.2232,19.6991,20.9768,20.6875,19.2921,20.7803,19.3607,21.9943,18.9916,19.8847,19.9254,20.4083,23.0085,19.2278,19.5358,20.1879,20.5222,23.3702,18.3443,19.5834,20.3147,20.1254,20.694,19.7802,19.959,19.7227,19.8104,22.1707,19.4887,20.3039,21.0741,20.4388,24.6118,18.8807,19.7717,20.7937,20.7233,21.4983,18.6933,20.1577,20.0655,20.8477,21.8214
407,2:39:55 PM,19.8347,20.0003,19.8447,19.9796,20.7768,20.4228,19.9209,20.9471,21.4966,21.291,20.2588,20.04,19.847,20.335,20.8757,20.3118,20.7288,20.8735,20.9577,22.205,20.0215,20.6298,20.8445,20.397,21.9948,19.1922,19.8176,19.6976,20.0211,20.858,20.4646,20.1616,21.2902,21.0066,22.1955,19.957,20.5767,20.7065,20.4029,20.5792,20.7603,20.8465,20.3232,21.3614,22.1806,20.6673,21.0774,21.1231,20.9668,21.9429,18.6211,19.0384,19.9659,20.2657,21.466,19.4827,20.169,20.3982,21.2491,21.035,20.3992,20.5359,20.1907,20.6429,22.2297,20.0206,20.3301,19.4221,21.1636,22.293,18.8834,20.2032,20.6864,20.4507,21.0199,19.5807,19.4642,20.2635,19.7648,20.8225,20.7214,19.5389,20.8599,19.3036,21.9454,19.1333,19.911,20.0982,21.1012,23.2106,19.3621,19.4574,19.7762,20.385,23.3943,18.2004,19.3835,20.2632,20.0811,20.5214,19.7259,19.9853,19.7098,19.8424,22.0829,19.5522,20.2308,21.0873,20.9983,24.5729,19.0018,19.7248,20.7949,20.7164,21.5341,18.7153,20.2299,19.7682,20.9989,21.7469
408,2:40:15 PM,19.843,20.0317,19.9268,20.0077,20.8444,20.4339,19.7097,20.8297,21.4096,21.4327,20.2801,20.0842,19.8569,20.365,20.676,20.2764,20.7285,21.0126,20.8506,22.0749,20.1831,20.607,20.896,20.2771,21.9884,19.3042,19.8679,19.3893,19.9136,20.7979,20.5629,20.1081,21.1528,20.9648,22.2632,20.0461,20.6111,20.5589,20.3057,20.7603,20.6357,20.7485,20.1058,21.3593,22.2325,20.6087,21.2702,21.1666,21.0527,21.9431,18.6876,19.0864,19.8489,20.138,21.4076,19.5222,20.3726,20.3312,21.0163,21.223,20.5616,20.5769,20.0326,20.6857,22.7258,20.1333,20.3679,19.5821,20.9924,22.2601,19.0374,20.1344,20.5519,20.5009,20.8986,19.7768,19.3418,20.1489,19.7719,20.8922,20.7917,19.3652,20.9493,19.3759,21.9962,19.257,19.9783,20.0074,20.8829,23.2344,19.342,19.5282,20.0745,20.5603,23.3123,18.1586,19.3918,20.347,20.2165,20.659,19.8812,19.9418,19.8141,19.7426,22.1624,19.6648,20.2959,20.9348,20.7947,24.6895,18.9283,19.6264,20.7479,20.7938,21.404,18.8697,20.1825,20.0109,21.163,21.9273
409,2:40:35 PM,19.9747,20.046,19.8301,19.8859,20.7915,20.5196,19.7946,20.8753,21.473,21.4435,20.2359,20.0632,19.8973,20.2231,20.7326,20.2853,20.6096,20.9103,20.8525,22.0083,19.9516,20.5338,20.7808,19.9925,21.7314,19.2485,19.8849,19.5343,19.8281,20.9159,20.7297,20.015,21.1673,20.9898,22.2583,19.9593,20.4277,20.5538,20.3651,20.5097,20.6401,20.782,20.2719,21.3347,22.1224,20.68,21.1608,21.0889,21.0227,21.7716,18.7269,19.0856,19.84,20.1932,21.4696,19.4501,20.3168,20.3471,21.0183,21.3766,20.5861,20.5778,20.1113,20.4647,22.2919,19.9298,20.2416,19.553,21.074,22.2878,19.3466,20.1865,20.5905,20.3777,20.9279,19.6108,19.4564,20.1314,19.8425,20.936,20.7871,19.4441,20.3043,19.3218,21.8723,19.1923,19.7072,20.0288,20.7206,23.7136,19.2757,19.4901,20.1453,20.3466,23.2372,18.1418,19.2604,20.0547,20.037,20.0956,19.7445,20.0128,19.975,19.8655,21.8759,19.7438,20.2468,20.9699,20.6453,23.9893,18.8916,19.5892,20.7073,20.7917,21.501,18.8145,20.393,19.7513,20.9914,21.7465
410,2:40:55 PM,19.805,19.9765,19.7842,19.8328,20.7036,20.4089,19.6941,20.8806,21.3343,21.4787,20.3444,20.1213,19.8793,20.2259,20.6364,20.2269,20.7134,20.7778,20.8291,22.1368,20.0985,20.436,20.8029,20.2717,21.7303,18.9296,19.8312,19.4286,19.7183,20.7526,20.8444,19.9838,21.3098,20.889,22.1136,19.9714,20.6309,20.4717,20.4909,20.8707,20.552,20.8022,20.1271,21.3988,22.1265,20.6036,21.2353,21.2237,20.9755,21.8531,18.4844,19.0991,19.9102,20.1151,21.5028,19.3825,20.3466,20.4968,21.2101,21.3172,20.4855,20.6092,20.1826,20.5416,22.3852,20.0766,20.1988,19.5995,21.0935,22.4314,19.2179,20.3211,20.6163,20.3167,20.9534,19.5791,19.3926,20.237,19.7673,20.8247,20.7658,19.52,20.7241,19.145,21.8572,18.9837,20.088,20.1213,21.0751,23.5029,19.324,19.5181,20.0905,20.6007,23.377,18.3066,19.5857,20.3031,20.1228,20.4167,19.8255,19.9932,19.7994,19.9196,22.0908,19.6218,20.2891,21.0646,20.5407,24.0211,18.6887,19.2906,20.7594,20.6696,21.9197,18.9328,20.1823,19.8671,20.982,21.9356
411,2:41:15 PM,19.7894,19.9983,19.7276,19.7633,20.8337,20.4812,19.6567,20.894,21.311,21.3155,20.2522,20.0893,19.784,20.3297,20.9346,20.2949,20.7125,20.8616,20.718,21.857,20.1819,20.6286,20.8562,20.2797,21.8507,19.0591,19.8347,19.4455,19.9783,20.7714,20.5757,20.0018,21.2271,20.9197,22.2295,20.0138,20.5078,20.6322,20.4709,21.1071,20.6237,20.7298,20.1019,21.3707,22.1922,20.6092,21.178,21.1176,20.9815,21.9063,18.6288,19.0355,19.8523,20.2634,21.5876,19.3784,20.3647,20.439,21.0738,21.4208,20.3258,20.6672,20.151,20.4677,22.1738,20.027,20.1842,19.5621,21.105,22.1585,19.0438,20.1993,20.6149,20.4445,21.1197,19.4455,19.2087,20.1542,20.1032,20.9247,20.6381,19.439,20.8501,18.9913,21.8495,19.1837,19.8986,19.9229,20.5806,23.7911,19.2548,19.5502,20.2628,20.7935,23.336,18.2019,19.6986,20.4604,20.0601,20.371,19.7874,20.0547,19.7928,19.872,22.1336,19.3385,20.3443,20.8743,20.4498,23.6458,18.758,19.5505,20.8807,20.6531,21.5716,18.8722,20.303,19.8909,20.8719,21.8445
412,2:41:35 PM,19.6408,19.7576,19.6571,19.9404,20.7302,20.5232,19.6577,20.8629,21.2575,21.2551,20.1803,20.0899,19.9165,20.3084,20.6454,20.3068,20.6331,20.8646,20.8381,22.0872,20.2669,20.5691,20.8767,20.1699,21.8963,19.0434,19.7482,19.4584,19.7587,20.8242,20.4321,19.9418,21.2098,20.8343,22.1533,19.9602,20.516,20.588,20.374,20.905,20.5464,20.6845,20.2516,21.4097,22.205,20.6677,21.1167,21.0846,21.0061,21.9208,18.6644,19.131,19.8862,20.1556,21.5619,19.4827,20.304,20.3793,21.091,21.4106,20.5477,20.5222,20.1101,20.5523,22.1852,20.107,20.1856,19.5627,21.0897,22.1991,19.2712,20.2888,20.5991,20.4813,20.7852,19.5809,19.3719,20.1598,20.0512,20.8772,20.7456,19.6583,20.8519,19.3917,21.7367,19.2148,19.7626,19.9524,20.7037,23.9233,19.0781,19.519,20.0439,20.6297,23.3392,18.2823,19.726,20.2654,20.0421,20.1295,19.7386,19.9606,19.7023,19.8238,21.7074,19.3537,20.2252,20.698,20.7385,23.9836,18.7838,19.649,20.6979,20.7695,21.5777,18.9264,20.2257,19.8956,21.0,21.8102
413,2:41:55 PM,19.623,19.7499,19.7578,19.9854,20.8402,20.5123,19.5895,20.8515,21.408,21.5641,20.4299,20.0807,19.9008,20.4184,20.8108,20.2847,20.8212,21.0364,20.7531,22.0165,19.9753,20.5114,20.8995,20.1311,21.889,18.988,19.7902,19.6104,19.6533,20.8952,20.701,20.1014,21.2746,20.8588,22.067,19.9527,20.5457,20.5505,20.5868,20.8687,20.4819,20.7097,20.0381,21.1839,22.1738,20.5397,21.0937,21.089,20.95,21.8437,18.5744,18.9686,19.9271,20.2419,21.3962,19.4182,20.3558,20.3683,20.9404,21.1762,20.5177,20.6061,20.1463,20.532,22.4084,20.0355,20.2744,19.5428,21.0895,22.4808,19.3466,20.2594,20.6449,20.4539,21.0724,19.572,19.4097,20.1909,19.8463,20.9042,20.7162,19.5554,20.735,19.2299,22.0025,19.0876,19.7789,20.1437,20.9937,23.8045,19.3595,19.5471,20.1596,20.6152,23.3922,18.1641,19.5105,20.1433,19.9405,20.3031,19.8526,19.8707,19.8701,19.8439,21.9025,19.3636,20.2704,20.8606,20.5665,24.3901,18.8081,19.6796,20.8114,20.7179,21.5064,18.8625,20.3721,19.7887,21.0367,21.7997
414,2:42:15 PM,19.7533,19.8605,19.6856,19.8288,20.7548,20.567,19.7031,20.8781,21.4678,21.5389,20.2584,20.0824,19.755,20.2591,20.7203,20.2306,20.7557,20.8246,20.7872,21.9099,20.2528,20.5247,20.9291,20.1826,21.8732,19.0397,19.7768,19.3455,19.8012,20.7916,20.7893,20.0378,21.2504,20.7868,22.1899,19.9764,20.5574,20.4535,20.1988,20.3849,20.6066,20.7645,20.1618,21.1895,22.0486,20.4887,21.1462,21.1442,20.9688,21.7779,18.7272,19.1788,19.8551,20.2589,21.452,19.5857,20.2227,20.3585,21.0393,21.3335,20.6145,20.6556,20.1342,20.4998,22.5933,20.138,20.2701,19.5564,21.1478,22.4943,19.4073,20.1211,20.7183,20.4747,21.0645,19.5743,19.4893,20.114,19.8036,20.9103,20.816,19.4984,20.6534,19.2568,21.9668,19.0184,19.8617,19.9795,20.8049,23.6123,19.2157,19.3779,19.7982,20.6298,23.2988,18.2282,19.6416,20.2152,20.028,20.3448,19.7813,19.9871,19.8586,19.8097,21.5142,19.552,20.2977,20.9239,20.5082,24.2982,18.8745,19.5945,20.7115,20.6521,21.6853,18.8222,20.3371,20.0692,21.0322,21.6693
415,2:42:35 PM,19.8782,20.1812,19.7355,19.8664,20.7756,20.4755,19.7366,20.8995,21.4476,21.5566,20.2849,20.0866,19.8408,20.319,20.9124,20.264,20.8828,20.9095,20.7935,22.0358,20.1942,20.7197,20.9528,20.0568,21.9183,19.1407,19.7471,19.3363,19.7299,20.724,20.8352,19.9706,21.2243,20.7936,22.1502,20.0068,20.456,20.4731,20.5223,21.1335,20.667,20.7041,20.1624,21.31,22.2442,20.6134,21.2054,21.1368,20.9321,21.8935,18.6181,19.0492,19.8577,20.2216,21.4753,19.4624,20.3777,20.496,21.067,21.2376,20.4267,20.5512,20.146,20.5517,22.3415,20.0253,20.2795,19.6599,21.1502,22.3371,18.9385,20.2168,20.6102,20.4288,21.031,19.2795,19.26,20.1832,19.7359,20.9053,20.7859,19.5084,20.5014,19.2788,21.9433,18.9799,19.9316,19.8616,20.4829,23.5684,19.2507,19.4585,19.9962,20.5355,23.4323,18.2034,19.4973,20.3266,19.9162,20.7612,19.7683,19.9473,19.8205,19.9338,23.0204,19.3817,20.1856,20.8743,20.9505,24.6844,18.8016,19.6264,20.7421,20.6907,21.61,18.8457,20.2323,19.9326,21.0069,21.529
416,2:42:55 PM,19.7635,19.8832,19.7115,19.6747,20.7341,20.4272,19.6065,20.6855,21.3404,21.4342,20.33,20.181,20.129,20.5065,21.02,20.2961,20.7539,20.923,20.8249,22.057,20.305,20.667,20.7546,20.0885,21.9831,18.8854,19.6372,19.324,19.7243,20.7312,20.9229,19.9332,21.128,20.8126,22.0569,19.9626,20.5208,20.7744,20.6234,20.7981,20.7005,20.7848,20.2751,21.401,22.2154,20.7391,21.1495,21.0918,20.9573,21.8333,18.568,19.0028,19.9346,20.0523,21.4344,19.1825,20.3821,20.3906,21.2101,21.217,20.5351,20.4445,20.1014,20.6229,22.2648,20.0491,20.2323,19.5471,21.0363,22.4492,19.3147,20.3162,20.6879,20.5797,21.0235,19.3892,19.3688,20.099,19.761,20.9029,20.6504,19.7402,20.8142,19.0364,22.0242,18.9991,19.6923,19.8145,20.4041,23.8009,19.2206,19.578,20.1131,20.6326,23.5787,18.3326,19.928,20.1016,19.7544,20.6535,19.7086,19.8928,19.795,19.8081,21.8474,19.1467,20.3058,20.9072,20.6756,24.0846,18.9514,19.6201,20.7436,20.7486,21.6153,18.8133,20.1771,19.9826,20.6389,21.7544
417,2:43:15 PM,19.9099,19.9156,19.5885,19.7698,20.7958,20.4573,19.5393,20.7016,21.35,21.3981,20.1879,20.102,20.0946,20.6436,20.9909,20.3317,20.7957,21.0192,20.7587,22.0697,20.0226,20.5754,20.8689,20.3171,21.9393,19.0333,19.8854,19.3786,19.6297,20.8248,20.7353,19.8843,21.12,20.6772,22.2538,20.0946,20.5578,20.7388,20.6447,20.7338,20.6193,20.7806,20.207,21.4503,22.1868,20.7405,21.2054,21.19,20.9911,21.8743,18.5848,18.9451,19.8346,20.1525,21.4712,19.2194,20.2863,20.3156,20.9318,21.1367,20.6935,20.4467,20.1663,20.738,22.0378,20.218,20.2936,19.5171,21.0486,22.425,18.9856,20.3229,20.7579,20.5699,21.0756,19.4981,19.319,20.1014,19.7994,20.8035,20.7722,19.5424,20.6839,19.252,21.6926,19.0788,19.731,19.8937,20.4233,23.5153,19.3211,19.6004,19.8939,20.6675,23.6056,18.2477,19.4222,19.9811,19.8831,20.328,19.7541,19.9532,19.7158,19.7392,21.8481,19.4982,20.2899,20.8959,20.4441,24.3255,18.8316,19.6372,20.74,20.5867,21.9167,18.862,20.3324,19.7661,20.7341,21.7962
418,2:43:35 PM,19.7585,19.9326,19.7513,19.7975,20.7877,20.3409,19.6026,20.8173,21.4207,21.3893,20.3882,20.12,19.9004,20.5017,20.8906,20.2674,20.7888,21.0326,20.782,22.0578,20.0301,20.6862,20.8321,20.4024,21.8044,19.108,19.7534,19.5493,19.8973,20.7779,20.7699,20.0257,21.1242,20.6924,22.1493,20.0171,20.5095,20.784,20.6723,20.7794,20.6903,20.7877,20.1908,21.3314,22.0843,20.6274,21.1667,21.2172,20.9649,21.683,18.6011,19.0261,19.8382,20.1667,21.4471,19.4648,20.2723,20.2803,21.0305,21.3545,20.4845,20.4803,20.0404,20.5922,22.2452,19.9864,20.2655,19.5111,20.9904,22.3099,19.063,20.2586,20.5923,20.3806,20.9459,19.5818,19.2335,20.1045,19.7458,20.9348,20.6656,19.4348,20.7103,19.3057,21.9528,18.9801,19.8919,19.9683,20.9316,23.9949,19.3339,19.6124,19.8644,20.5331,23.3947,18.2114,19.5299,20.0829,19.8014,20.032,19.8124,19.9877,19.7453,19.9371,22.045,19.6398,20.3751,20.9662,20.5352,24.0091,18.8232,19.7405,20.7495,20.6404,21.6391,18.6234,20.1782,19.5698,20.7561,21.8754
419,2:43:55 PM,19.7993,19.8919,19.6651,19.7715,20.819,20.3906,19.6007,20.7681,21.223,21.5307,20.1742,20.001,19.8889,20.4132,20.8535,20.2821,20.8802,21.0139,20.6967,21.8101,20.2674,20.6205,20.8665,19.9942,21.7234,19.0786,19.8053,19.4813,19.8004,20.7576,20.5675,19.982,21.0821,20.8553,22.1837,20.0771,20.6056,20.6087,20.5072,20.8902,20.7119,20.7397,20.2123,21.3605,21.9735,20.6908,21.1559,21.0727,21.0341,21.8502,18.6973,19.0957,19.9445,20.1728,21.4574,19.4003,20.3338,20.4043,20.9913,21.351,20.4608,20.6325,20.0734,20.6384,22.3788,20.1203,20.2476,19.5201,21.1081,22.3906,19.2027,20.1879,20.6162,20.4539,21.0167,19.5323,19.3367,20.1734,19.7019,20.9384,20.7729,19.3296,20.4315,19.135,21.8498,19.0579,19.6764,19.6736,20.641,23.5284,19.3987,19.6234,19.9381,20.5347,23.4531,18.4678,19.5059,20.4051,19.9462,20.1563,19.6793,19.9767,19.8401,19.8491,21.6592,19.3128,20.2155,20.9312,20.6465,24.5829,18.7409,19.4707,20.5941,20.722,21.4373,18.8909,20.2394,19.5813,20.6901,21.8515
420,2:44:15 PM,19.8194,20.0163,19.7704,19.7852,20.7407,20.421,19.6816,20.7812,21.3757,21.4724,20.2725,19.9743,19.9417,20.373,20.7156,20.3726,20.7561,20.8621,20.732,21.6684,20.0068,20.5933,20.8491,19.9533,21.8097,19.0744,19.7201,19.2495,19.6258,20.6481,20.743,20.0596,21.1499,20.8779,22.1426,20.0573,20.549,20.5084,20.5126,20.5133,20.7078,20.8163,20.1169,21.3147,22.1522,20.6925,21.1176,21.0981,20.9872,21.8367,18.5598,18.8939,19.9128,20.2978,21.5001,19.1409,20.3975,20.3899,20.8642,21.0401,20.4932,20.6069,20.1483,20.4079,22.1762,20.0463,20.3049,19.4516,21.1236,22.2733,19.2259,20.3458,20.6492,20.4627,21.2222,19.5145,19.2424,20.0396,19.9192,20.8944,20.8221,19.3783,20.5629,19.27,21.8498,18.9346,19.7604,19.7966,20.3222,23.6407,19.1711,19.4723,20.0773,20.515,23.225,18.2768,19.6618,20.31,19.8089,20.2305,19.8298,19.9506,19.7054,19.7751,21.8884,19.4937,20.2606,20.9356,20.8964,24.5348,18.7362,19.5407,20.6854,20.7644,21.6111,18.9296,20.2032,19.9842,20.7632,21.8034
421,2:44:35 PM,19.8807,20.1103,19.7356,19.7375,20.7009,20.3307,19.6434,20.7871,21.5111,21.4491,20.2231,20.1362,19.8738,20.3078,20.6898,20.3328,20.7266,20.9042,20.5753,21.8754,20.2664,20.7404,20.8496,20.1019,21.8902,18.8991,19.6857,19.5116,19.931,20.8509,20.6309,20.0213,21.3811,20.9343,22.0674,19.9431,20.435,20.5497,20.2199,20.4425,20.5805,20.8515,20.1304,21.3664,22.0956,20.5918,21.1625,21.116,20.9994,21.7319,18.6232,19.0442,19.8732,20.1866,21.4363,19.2591,20.3052,20.4633,21.0489,21.1284,20.7449,20.6416,20.1826,20.4488,22.0231,20.1294,20.2553,19.6313,21.0266,22.1322,19.2071,20.363,20.5906,20.4479,20.9691,19.4886,19.381,20.2491,19.8132,20.896,20.8306,19.431,20.8841,19.2971,21.7569,19.1131,19.8171,20.0137,20.5747,23.229,19.2016,19.5614,20.0109,20.5776,23.2831,18.2389,19.545,20.2979,19.9291,20.1524,19.7634,19.9936,19.8302,19.8862,22.6827,19.5641,20.2574,20.8192,21.2005,24.3227,18.8012,19.4978,20.6835,20.8226,21.5346,18.8955,20.2711,20.0096,20.7183,21.8601
422,2:44:55 PM,20.0034,20.042,19.8814,19.825,20.7401,20.3684,19.6701,20.929,21.4564,21.4291,20.2881,20.0607,19.8775,20.614,20.7405,20.2716,20.8225,20.8873,20.8747,21.9658,19.9575,20.2664,20.955,20.2462,21.8319,19.0662,19.7406,19.3077,19.8008,20.7206,20.7621,19.9573,21.2716,20.8655,22.1077,19.8977,20.5222,20.7052,20.4817,20.5246,20.7168,20.8467,19.9683,21.4012,22.1395,20.5579,21.0649,21.1125,20.9529,21.6724,18.6077,18.9235,19.9224,20.1568,21.4211,19.4083,20.3118,20.4326,21.0645,21.2425,20.5374,20.5744,20.2362,20.4765,22.3717,20.067,20.2398,19.5532,21.0771,22.3048,18.8941,20.0999,20.6261,20.4654,21.1921,19.4769,19.2858,20.0918,19.7606,20.8893,20.7251,19.3182,20.863,19.3984,21.875,19.1369,19.8014,20.0179,20.817,24.0236,19.1637,19.5241,19.9632,20.5147,23.3432,18.1949,19.4297,20.3229,19.7862,20.1746,19.773,19.9812,19.849,20.0312,21.8858,19.4298,20.2021,20.8092,20.5109,23.6229,18.8482,19.7643,20.7273,20.7163,21.9012,18.9346,20.2847,20.1355,20.8176,21.9227
423,2:45:15 PM,19.8664,19.976,19.8964,19.8135,20.7674,20.3659,19.5379,20.8331,21.4253,21.3519,20.2331,19.9392,19.8314,20.2932,20.6896,20.203,20.7079,20.9141,20.8062,21.8887,20.157,20.6678,20.7179,20.166,21.8783,19.1215,19.7903,19.5979,19.8876,20.7599,20.729,20.0625,21.1778,20.7884,22.05,19.9656,20.4484,20.5782,20.5311,20.9326,20.4971,20.714,20.2268,21.305,22.0362,20.6553,21.0821,21.1691,20.9525,21.7493,18.6029,19.1145,19.9591,20.2326,21.401,19.4884,20.3661,20.246,21.0733,21.4277,20.5293,20.5487,20.2431,20.6119,22.2141,20.0694,20.3205,19.4728,20.9999,22.1601,18.792,20.076,20.5641,20.41,21.0308,19.5647,19.4552,20.0321,19.655,20.8719,20.7356,19.4178,20.9101,19.4663,21.904,19.066,19.7648,20.0891,20.7238,23.6202,19.2724,19.4755,19.8161,20.3848,23.0686,18.1882,19.6713,20.3129,19.9562,19.9499,19.7855,20.0769,19.7949,19.8535,22.1338,19.5199,20.2847,20.8214,20.6833,23.9711,18.7442,19.7513,20.7462,20.8112,21.5821,18.8272,20.279,19.7245,20.9489,21.8947
424,2:45:35 PM,19.8365,19.8434,19.7524,19.6845,20.6945,20.3964,19.6181,20.7877,21.3854,21.4612,20.2329,20.0385,19.8901,20.3249,20.7158,20.4263,20.8006,20.8431,20.7327,21.887,20.0493,20.5472,20.7931,19.942,21.8525,19.071,19.7081,19.3755,20.0211,20.7605,20.7291,20.0856,21.2303,20.7589,22.1473,19.9417,20.4913,20.5674,20.2086,20.6704,20.6732,20.6564,20.1789,21.3469,22.0496,20.6386,21.0767,21.2481,20.9854,21.7901,18.5426,19.0081,19.7876,20.065,21.5742,19.2352,20.3724,20.2862,21.036,21.3873,20.4092,20.614,20.0435,20.5907,22.4872,20.0403,20.2377,19.508,21.0523,22.3619,19.002,20.1676,20.638,20.4403,21.1443,19.5819,19.2931,20.1023,19.7626,20.9276,20.8437,19.6009,20.8901,19.47,22.1193,18.9284,19.6133,20.053,20.9941,23.3849,19.1744,19.4417,19.7373,20.6979,23.1585,18.2148,19.4348,20.264,20.0637,20.9665,19.747,20.0199,19.7372,19.8162,21.9174,19.5545,20.2354,20.8812,20.6994,24.1978,18.8244,19.7146,20.7382,20.6804,21.4743,18.9698,20.3134,19.831,20.8368,21.7728
425,2:45:55 PM,19.8202,19.8067,19.7674,19.6751,20.7362,20.2736,19.5347,20.7232,21.2454,21.4907,20.2746,20.1003,20.0523,20.5512,21.172,20.3088,20.8849,20.8428,20.7375,22.124,20.1567,20.7068,20.874,20.292,21.9498,18.8903,19.5868,19.3076,19.6649,20.7848,20.6967,19.9299,21.0924,20.4975,22.1432,19.8592,20.5723,20.5782,20.6052,21.0929,20.6602,20.6374,20.3637,21.2036,22.0791,20.58,21.0967,21.1087,20.8983,21.7439,18.6046,18.9183,19.7375,20.0499,21.5137,19.3838,20.2978,20.2968,20.9247,20.788,20.3404,20.4476,20.1786,20.6328,22.3746,20.0644,20.432,19.5632,21.0434,22.156,19.0598,20.1231,20.5745,20.4396,21.1472,19.5735,19.3544,20.1776,19.6992,20.9371,20.7903,19.3818,20.4162,19.2723,21.9403,18.947,19.6836,19.8096,20.7406,23.5629,19.0346,19.6305,19.9697,20.4339,23.394,18.225,19.6612,20.4014,19.9285,20.5936,19.842,19.9914,19.6536,19.9214,22.1515,19.5515,20.1808,20.8655,21.0346,24.4002,18.7454,19.2725,20.5987,20.8548,21.3863,18.6707,20.1235,19.7862,20.7966,21.7483
426,2:46:15 PM,19.8077,19.8824,19.6638,19.6681,20.7675,20.3174,19.6101,20.7365,21.2573,21.3532,20.208,20.2817,20.0107,20.5581,21.2242,20.2834,20.8625,21.0139,20.7772,22.0042,19.9232,20.4032,20.8489,20.3366,21.9001,19.071,19.7207,19.2805,19.7524,20.8469,20.7034,19.944,21.0775,20.7018,22.246,19.9576,20.4823,20.6314,20.7281,21.1816,20.7137,20.7569,20.0468,21.37,22.0455,20.6804,21.0911,21.2094,20.949,21.8081,18.5767,18.8861,19.8271,20.0867,21.4601,19.3715,20.3318,20.3901,21.0135,21.241,20.3989,20.5086,20.0512,20.5929,22.5991,20.092,20.1673,19.5799,20.9755,22.2203,18.8182,20.1969,20.5795,20.3758,21.1698,19.3731,19.3454,20.1841,19.5328,20.835,20.6825,19.4822,20.8503,19.2675,22.1239,18.9266,19.7602,19.8982,20.8787,23.7636,19.2602,19.5111,20.0458,20.5562,23.392,18.1079,19.4702,20.2956,19.9037,20.1266,19.7172,19.8395,19.712,19.8662,22.366,19.4597,20.151,20.8901,20.6123,24.2264,18.7504,19.3645,20.686,20.6675,21.6151,18.6358,20.1972,19.6433,20.7506,21.6355
427,2:46:35 PM,19.6932,19.905,19.8017,19.7916,20.6512,20.3711,19.468,20.4593,21.2231,21.3687,20.1273,19.9806,19.891,20.5288,21.1773,20.3083,20.8115,20.9322,20.8323,22.0142,20.1633,20.6502,20.8436,20.3468,21.779,18.9406,19.6643,19.341,19.6348,20.8917,20.7969,19.9995,21.0521,20.9092,22.1415,19.8736,20.5082,20.6778,20.8225,21.2043,20.6218,20.6099,20.0416,21.3447,22.145,20.5903,21.2345,21.0779,20.9794,21.9204,18.5419,18.8481,19.882,20.0943,21.4327,19.2745,20.312,20.3187,20.9156,21.4318,20.4572,20.5384,20.0632,20.6783,22.3227,20.0748,20.2634,19.5527,21.0449,22.4404,19.2423,20.1484,20.5086,20.3273,21.1934,19.5406,19.4074,20.1096,19.8193,20.8702,20.77,19.4549,20.9902,19.322,22.1819,19.0654,19.7785,19.8005,20.6176,23.6792,19.2977,19.4775,19.9574,20.6765,23.3848,18.1444,19.4671,20.2348,20.1147,20.2867,19.6708,20.0375,19.704,19.7766,22.0946,19.4179,20.0984,20.6696,20.7225,24.5981,18.8209,19.6449,20.7589,20.7802,21.4365,18.8044,20.103,19.8634,20.7187,21.7653
428,2:46:55 PM,19.7513,19.9662,19.7198,19.5957,20.6573,20.386,19.5897,20.6716,21.0156,21.4053,20.1915,20.1237,19.967,20.521,21.1167,20.2607,20.829,20.9608,20.7002,22.0307,20.229,20.704,20.9467,20.4423,22.027,19.0325,19.7027,19.4261,19.7311,20.7026,20.8586,19.9086,20.9579,20.6414,22.206,19.9206,20.4871,20.6934,20.5744,20.6163,20.6022,20.6339,20.1668,21.1909,22.0444,20.6662,21.0512,21.1203,20.8292,21.6946,18.5364,18.9688,19.9469,20.1122,21.5585,19.0941,20.2976,20.2522,21.0151,21.4426,20.3728,20.5608,20.0648,20.538,22.2872,19.9562,20.2287,19.5599,21.1393,22.3552,19.2522,20.4241,20.5694,20.5037,21.2828,19.4986,19.3794,20.1445,19.7379,20.8589,20.7612,19.3408,20.4025,19.1879,22.0432,18.9604,19.8148,19.7394,20.4242,23.301,19.1244,19.5362,19.7583,20.4448,23.3753,18.1185,19.5624,20.26,19.9951,20.3023,19.7896,19.9399,19.7639,19.813,21.9568,19.5344,20.3152,20.8726,20.7014,24.0582,18.8454,19.525,20.7434,20.7123,21.2686,18.7824,20.1835,19.8791,20.9246,21.9605
429,2:47:15 PM,19.8284,19.8936,19.5642,19.7665,20.6975,20.4589,19.4356,20.8041,21.1775,21.1266,20.1877,19.9591,19.9948,20.55,21.2035,20.3271,20.8613,20.8976,20.8046,22.051,20.1081,20.6511,20.885,20.0193,22.089,18.9903,19.7453,19.4569,19.9012,20.8353,20.6315,19.8577,21.119,20.7637,22.0324,20.1143,20.525,20.6438,20.6296,21.0067,20.6658,20.7403,20.2766,21.3716,22.1055,20.627,21.1813,21.0697,20.9809,21.8008,18.6113,18.9088,19.8874,20.1369,21.4435,19.2468,20.1475,20.3322,20.99,21.6248,20.3537,20.5639,20.0955,20.5831,22.4814,20.12,20.2326,19.5514,21.1077,22.4414,19.2516,20.2708,20.5966,20.5023,21.2387,19.5714,19.4998,20.0485,19.7672,20.801,20.7365,19.544,20.9084,19.3134,22.2566,18.98,19.842,19.667,20.7355,23.5121,19.0838,19.4254,20.178,20.4317,23.3566,18.1576,19.679,20.2282,19.9106,20.2449,19.8332,19.9564,19.7437,19.9144,22.0481,19.5303,20.2319,20.956,20.6086,23.6648,18.7591,19.7795,20.8589,20.574,21.6991,18.8641,20.1564,19.8646,21.037,21.8454
430,2:47:35 PM,19.5777,19.849,19.8006,19.9053,20.7729,20.4521,19.6669,20.7092,21.3315,21.1502,20.3231,20.0476,19.8261,20.3386,20.9801,20.2728,20.6511,20.9155,20.9153,21.998,20.1143,20.5342,20.9396,20.2507,21.9913,19.0244,19.7236,19.4173,19.8068,20.8397,20.8252,19.923,21.1036,20.7586,22.2824,19.9282,20.4653,20.5763,20.3382,20.8975,20.468,20.6766,20.111,21.3072,22.163,20.6817,21.1195,21.1318,20.9162,21.7532,18.5225,18.9899,19.7369,20.1054,21.3705,19.2184,20.3792,20.2905,20.9677,21.343,20.5075,20.6055,20.1914,20.556,22.522,20.0554,20.2965,19.4666,21.0032,22.1993,19.1558,20.3123,20.5873,20.4571,21.3478,19.4872,19.423,20.2395,19.7356,20.8495,20.6656,19.4762,20.7864,19.3062,22.2191,19.0406,19.7906,19.8149,20.6516,23.5648,19.2594,19.4141,19.7906,20.6299,23.2972,18.1491,19.7716,20.3998,20.0802,20.8402,19.8021,19.9828,19.8092,19.824,22.0207,19.6912,20.2583,20.7997,20.5754,24.3844,18.6971,19.5588,20.7053,20.6548,21.5889,18.5877,20.0432,19.8141,20.9896,21.6441
431,2:47:55 PM,19.6303,19.7303,19.6827,19.8998,20.7399,20.4362,19.4977,20.753,21.344,21.3366,20.1335,19.9982,19.7997,20.2463,20.8938,20.2478,20.7233,20.9156,20.7673,22.1119,20.1723,20.6482,20.9859,20.317,21.9961,18.9267,19.6877,19.501,19.807,20.8981,20.7404,19.9526,21.067,20.9645,22.1929,19.9939,20.5422,20.6118,20.4758,20.7865,20.5115,20.636,20.2569,21.47,22.3075,20.672,21.1031,21.0484,21.0106,21.9821,18.4115,18.8067,19.8467,20.1737,21.4392,19.0771,20.2575,20.3091,20.9953,21.2818,20.6304,20.522,20.0504,20.467,22.4109,20.0461,20.1211,19.4388,21.0021,22.2598,19.0618,20.2169,20.5077,20.4425,20.8814,19.5423,19.2843,20.1861,19.6918,20.9089,20.7106,19.3822,20.4957,19.2131,22.3405,18.9881,19.7363,19.7615,20.5551,23.6376,19.2232,19.5967,20.0535,20.5745,23.4071,18.2211,19.6401,20.3853,19.827,20.4194,19.8099,19.9822,19.8425,19.8884,22.115,19.3485,20.1936,21.0208,20.737,24.4482,18.6788,19.335,20.6777,20.7158,21.0702,18.4841,20.1948,19.606,20.7845,21.6821
432,2:48:15 PM,19.6925,19.9297,19.8499,19.8631,20.8668,20.2594,19.8355,20.9113,21.3269,21.3071,20.2521,20.0091,19.9739,20.5457,21.0782,20.2743,20.8134,20.9022,20.827,22.0796,20.0247,20.6831,20.8701,20.0392,21.9471,19.0879,19.7307,19.5147,19.8815,20.8482,20.672,19.885,21.143,20.8446,22.2141,19.9638,20.6562,20.6305,20.6126,21.1994,20.5836,20.6934,20.1179,21.2453,22.1572,20.5796,21.0737,21.038,20.9661,21.9214,18.5269,19.0077,19.8502,20.1268,21.3997,19.3204,20.3111,20.3134,20.982,21.2578,20.4435,20.554,20.1141,20.574,22.4047,20.1045,20.1977,19.5033,21.1563,22.2457,18.9184,20.2284,20.8057,20.5098,21.3355,19.3574,19.3076,20.1758,19.6157,20.8608,20.7559,19.4599,20.8029,19.3428,22.2147,19.1415,19.7397,19.6392,20.6628,22.9842,19.1755,19.4523,19.9525,20.2942,23.374,18.0994,19.5999,20.1868,19.9052,20.5056,19.7408,19.9254,19.7751,19.9041,22.0187,19.3755,20.2716,20.9078,20.6101,23.8283,18.7377,19.5109,20.7085,20.6508,21.4796,18.5811,20.1581,19.9564,20.7872,21.7333
433,2:48:35 PM,19.7923,19.9548,19.9541,19.9545,20.8392,20.4124,19.6813,20.7715,21.0295,21.2355,20.1161,20.0202,19.8186,20.4519,20.8805,20.2001,20.6635,20.9389,20.9218,21.9705,20.2096,20.6629,20.8424,20.2353,22.0012,19.0187,19.7678,19.3655,20.1359,20.9077,20.8001,20.1844,21.1704,20.7878,22.2041,19.9836,20.4919,20.5853,20.5205,20.8741,20.6369,20.7759,20.2714,21.453,22.099,20.6167,20.9732,21.1175,20.9711,21.843,18.6561,19.0659,20.0142,20.3333,21.4737,19.2472,20.4364,20.4046,21.1747,21.5339,20.5439,20.4832,20.0692,20.5418,22.2988,20.1419,20.386,19.538,21.1094,22.4341,19.0648,20.2476,20.6294,20.5822,21.1742,19.5013,19.4079,20.1644,19.7749,20.8627,20.7267,19.4643,20.8443,19.4221,22.0215,19.0898,19.9063,19.8861,20.5142,23.7622,19.1967,19.4506,20.0588,20.5166,23.4875,18.0619,19.548,20.2057,19.8967,20.4429,19.7158,19.9594,19.8326,19.8033,22.0918,19.4658,20.1754,20.8619,20.5842,24.2486,18.7483,19.4058,20.6211,20.6725,21.2557,18.6498,20.0396,19.921,20.868,21.7128
434,2:48:55 PM,19.7545,19.8172,20.0622,19.9537,20.8351,20.466,19.7401,20.9193,21.2837,21.2745,20.2579,19.9613,19.8916,20.5053,21.1426,20.3352,20.7541,20.9276,20.8622,21.9286,20.0391,20.6187,20.8807,20.0674,22.0453,18.9818,19.7789,19.4009,19.9467,20.8382,20.6986,20.0002,21.1137,20.9532,22.2461,19.9127,20.5357,20.4835,20.4701,20.5133,20.6234,20.7305,20.2187,21.3864,22.1209,20.5984,21.0167,21.049,20.8287,21.8714,18.5427,19.0743,19.8282,20.1322,21.4649,19.2839,20.1864,20.3128,21.1318,21.256,20.4768,20.396,20.0295,20.6575,22.2145,19.972,20.2381,19.5493,21.0099,22.3663,19.1067,20.1199,20.5931,20.3974,21.1142,19.4709,19.384,20.1909,19.5826,20.8547,20.7235,19.3266,20.3866,19.2197,21.9541,19.0312,20.011,19.8526,20.4385,23.4635,19.199,19.4308,20.0075,20.5722,23.3011,18.2971,19.8302,20.4229,20.1664,20.423,19.7641,19.8185,19.779,19.7815,22.2803,19.4562,20.2436,20.7407,20.6078,24.0746,18.6948,19.636,20.7192,20.6472,21.2417,18.9387,20.3043,19.5742,20.801,21.6441
435,2:49:15 PM,19.7852,19.7981,19.7994,19.8088,20.7981,20.406,19.5977,20.8764,21.2213,21.2878,20.2598,19.9902,19.8943,20.3648,21.1023,20.2319,20.7094,20.947,20.8659,22.0939,20.0367,20.5653,20.8755,20.4566,22.0387,18.9633,19.7128,19.4245,20.0505,20.823,20.8878,20.1453,21.2653,20.8603,22.2131,19.9205,20.4442,20.5506,20.3631,20.6489,20.5776,20.7387,20.2543,21.3722,22.1803,20.6773,21.086,21.1041,21.008,21.9356,18.5404,18.9883,19.8865,20.2285,21.3321,19.1995,20.3884,20.3826,21.0328,21.5531,20.5633,20.5865,20.0376,20.4642,22.4004,19.8713,20.3236,19.5368,21.0421,22.2796,19.2124,20.1936,20.5549,20.5173,21.0961,19.4813,19.3154,20.113,19.7459,20.8062,20.6802,19.4142,20.4616,19.2621,22.1553,19.0191,19.7427,19.8241,20.3785,23.5272,19.1312,19.3848,19.8678,20.4738,23.225,18.1382,19.6102,20.1077,20.1001,20.1647,19.8618,19.9092,19.7572,19.8862,21.9376,19.4234,20.2988,20.8294,20.4163,24.8251,18.8127,19.5948,20.8175,20.7158,21.1964,18.7072,20.1238,19.9803,20.7089,21.5125
436,2:49:35 PM,19.7185,19.9063,19.662,19.8716,20.7523,20.4204,19.8027,20.8695,21.3971,21.3191,20.1788,20.0968,19.8049,20.3365,20.8963,20.1741,20.7235,20.8779,20.8596,22.0367,19.9569,20.5532,20.8851,20.1586,21.9369,19.0212,19.7443,19.3246,19.7114,20.8646,20.6035,20.1307,21.2537,20.9385,22.1333,19.8929,20.4441,20.4519,20.5754,20.7672,20.5094,20.7889,20.1318,21.196,22.272,20.6319,21.046,21.1819,20.9513,22.0342,18.4579,18.8841,19.8164,20.1054,21.3812,19.3325,20.3382,20.473,21.032,21.1168,20.6142,20.584,20.1266,20.4068,22.2732,19.96,20.2309,19.502,20.9927,22.4662,18.9559,20.1319,20.6036,20.4968,21.2112,19.4312,19.2859,20.1871,19.6069,20.7922,20.7427,19.387,20.6141,19.1934,21.7701,19.03,19.781,19.7705,20.2683,23.4528,19.3477,19.3552,19.6778,20.3829,23.3717,18.0923,19.4882,20.0781,19.9518,20.454,19.8059,19.9583,19.6858,19.8439,22.3825,19.6176,20.1987,20.9368,20.4542,24.3787,18.8649,19.7419,20.6814,20.6356,21.2962,18.8378,20.2232,19.8618,20.8536,21.5966
437,2:49:55 PM,19.8748,19.897,19.7716,19.8504,20.85,20.4166,19.664,20.9136,21.3507,21.4773,20.1501,19.9182,19.8498,20.2226,20.7419,20.238,20.5488,20.8929,20.7943,22.0864,20.0352,20.6724,20.8788,20.6397,22.0494,19.1128,19.8827,19.5811,19.7202,20.8261,20.6668,19.944,21.2233,20.8701,22.0574,19.9722,20.4779,20.507,20.3011,20.474,20.5814,20.795,20.1994,21.3803,22.2439,20.6221,21.0908,21.129,21.0633,21.8107,18.4781,19.1114,19.8643,20.1429,21.4402,19.3071,20.2903,20.3068,21.0884,21.3664,20.2656,20.3434,20.0925,20.5531,22.663,20.1146,20.2395,19.4334,21.0448,22.447,19.1183,20.0471,20.5613,20.4478,21.1898,19.501,19.3396,20.1796,19.7005,20.953,20.6191,19.3415,20.7045,19.3579,21.9271,19.0459,19.6873,19.6669,20.4409,23.8442,19.2209,19.467,19.9418,20.3711,23.32,18.0393,19.4834,20.3413,20.0027,20.6574,19.8419,19.9777,19.7467,19.836,22.93,19.5286,20.0675,20.9067,20.5951,23.7807,18.9217,19.7933,20.8067,20.7346,21.1108,18.7321,20.1857,19.7294,20.8627,21.6071
438,2:50:15 PM,19.6967,20.0894,19.8159,19.8489,20.732,20.4008,19.5071,20.6386,21.1325,21.3737,20.2331,19.9451,20.0616,20.5098,20.8583,20.2071,20.7938,20.9471,20.8971,22.0493,20.171,20.6376,20.8698,20.076,22.1047,19.0826,19.8081,19.4836,19.9791,20.8237,20.759,19.8961,21.1558,20.6955,22.1805,19.9311,20.452,20.6959,20.4887,20.943,20.5378,20.6194,19.9732,21.1283,22.2398,20.6972,21.0685,21.1521,20.9328,21.7996,18.4701,19.0192,19.7315,20.1453,21.3996,19.1559,20.3052,20.3391,21.1132,21.2941,20.3331,20.4797,20.1609,20.543,22.4023,19.9706,20.2148,19.4837,21.1169,22.3217,19.1858,20.1538,20.6028,20.3927,21.3044,19.4348,19.2705,20.139,19.6747,20.9334,20.7003,19.2643,20.5134,19.1197,22.0657,18.9893,19.7972,19.8295,20.4794,23.6964,19.2318,19.4811,20.0472,20.3457,23.3379,18.0967,19.6763,20.3045,19.7717,20.0107,19.8279,19.9958,19.7562,19.894,22.6296,19.4748,20.1348,20.9414,20.5379,24.6624,18.7554,19.8999,20.8514,20.8322,21.3802,18.7563,20.1763,19.8224,20.9395,21.9153
439,2:50:35 PM,19.6855,19.952,19.7348,20.1457,20.8752,20.333,19.4978,20.6791,21.1092,21.0871,20.2109,20.0305,19.8964,20.5565,21.036,20.2688,20.7463,20.939,20.8133,22.1024,19.9239,20.4378,20.8222,20.0663,22.0358,19.1119,19.7589,19.3484,19.9387,20.8607,20.7556,19.973,21.1236,20.67,22.1609,19.858,20.4534,20.6699,20.4741,20.8539,20.6232,20.679,20.0949,21.2879,22.212,20.7346,21.0108,21.0653,20.9578,21.9324,18.4907,18.8881,19.867,20.1677,21.4415,19.1606,20.2082,20.4739,21.1067,21.3336,20.4778,20.5221,20.0752,20.5802,22.1702,19.987,20.1795,19.4529,21.1184,22.3417,19.1948,20.2605,20.771,20.4645,21.2752,19.4389,19.303,20.0955,19.6371,20.834,20.6713,19.3007,20.5582,19.188,21.8366,18.9313,19.7791,19.8387,20.1762,23.9257,19.3458,19.5865,20.0343,20.3928,23.3732,18.0882,19.6817,20.2703,19.9005,20.0825,19.7931,19.9079,19.6373,19.8699,21.9791,19.423,20.1705,20.7829,20.5533,24.5924,18.8034,19.5965,20.6618,20.496,21.2087,18.5908,20.1779,19.7738,20.8716,21.7526
440,2:50:55 PM,19.6364,19.8249,19.8372,19.6987,20.7988,20.4605,19.6054,20.56,21.1214,21.1942,20.2135,20.0779,20.0413,20.54,21.2424,20.2689,20.8087,20.8633,20.7363,22.0815,20.0993,20.3548,20.6262,19.9346,22.0976,18.8312,19.6327,19.2371,19.8354,20.9046,20.5901,19.7648,21.0567,20.7472,22.1012,19.9842,20.4824,20.6648,20.451,20.6981,20.6266,20.6064,20.1939,21.341,22.1286,20.5939,21.0588,21.0362,20.86,21.8181,18.4263,18.9035,19.801,20.1841,21.4463,19.0683,20.1763,20.3514,21.007,21.494,20.3967,20.5013,20.0559,20.4911,22.4068,20.0465,20.12,19.4347,20.9833,22.2331,19.0353,20.0584,20.627,20.3198,21.133,19.3724,19.32,20.0315,19.6724,20.8391,20.669,19.3686,20.7267,19.1933,21.6791,18.8972,19.6632,19.6218,20.2559,23.7187,19.2311,19.4424,19.8849,20.0987,23.3463,18.1359,19.7195,20.2947,19.9756,20.6914,19.7668,19.9731,19.8034,19.7694,23.0194,19.5619,20.1435,20.8041,20.7603,24.3721,18.7332,19.7275,20.5988,20.6331,21.3104,18.7987,20.2269,19.9509,20.8787,21.66
441,2:51:15 PM,19.7243,19.821,19.7567,19.9399,21.0046,20.2985,19.681,20.6508,21.3074,21.23,20.1337,20.0335,19.8524,20.3999,20.8587,20.2746,20.7781,20.8287,20.805,22.0637,20.083,20.471,20.7763,20.2516,22.0281,18.9639,19.7613,19.3331,19.8292,20.9836,20.6781,19.8604,20.9991,20.6296,22.1954,19.845,20.4171,20.5375,20.4334,20.6653,20.6477,20.8145,20.111,21.3577,22.3042,20.6816,20.9861,21.0954,20.8474,21.8601,18.5915,19.0179,19.9867,20.2222,21.4371,19.2685,20.2274,20.2673,20.956,21.5154,20.4136,20.601,20.0527,20.5925,22.7053,20.1303,20.3262,19.4127,21.0779,22.1784,18.8993,19.9929,20.5219,20.4019,21.1093,19.3948,19.2086,20.0338,19.6612,20.8725,20.6166,19.346,20.7248,19.1263,22.095,18.9636,19.5451,19.6654,20.6725,23.6182,19.1702,19.3963,19.7799,20.2063,23.2137,18.0951,19.3191,20.207,19.7849,20.3864,19.6802,19.9224,19.8221,19.8762,22.0181,19.4558,20.1444,20.9312,20.3886,24.4515,18.7764,19.7584,20.6501,20.6331,21.1735,18.65,20.2435,19.7781,20.7109,21.4988
442,2:51:35 PM,19.7252,19.8924,19.7817,19.8988,20.9643,20.3553,19.6645,20.8007,21.3014,21.1624,20.2225,20.0094,19.9295,20.2914,20.8686,20.2873,20.8024,20.8171,20.7638,22.034,20.0265,20.4457,20.8511,20.1714,22.1862,18.9277,19.652,19.4135,19.9129,20.7756,20.748,19.9079,21.1767,20.6542,22.1563,19.8715,20.5762,20.6186,20.473,20.8568,20.6196,20.8115,20.1275,21.1911,22.2305,20.6085,21.0854,21.0174,20.9866,21.8429,18.5513,18.958,19.8558,20.2361,21.3565,19.2257,20.3294,20.3079,21.0913,21.1119,20.3584,20.422,20.0746,20.4865,22.3753,19.946,20.1589,19.5822,21.0617,22.3566,19.3186,20.1834,20.4883,20.4163,21.2441,19.4792,19.2882,20.1795,19.6185,20.82,20.6878,19.3348,20.5473,19.2079,21.9796,19.0117,19.7533,19.8134,20.5304,23.6946,19.2013,19.5891,20.1008,20.5803,23.3983,18.2197,19.6725,20.3255,19.7718,20.1353,19.7597,19.9165,19.8265,19.7572,21.91,19.5869,20.2081,20.8121,20.2433,24.3157,18.8889,19.6758,20.7904,20.6107,21.5375,18.8841,20.1612,19.8513,20.6502,21.5249
443,2:51:55 PM,19.6083,19.8304,19.8913,19.9578,20.7983,20.3974,19.7805,20.8084,21.186,21.1045,20.2748,20.054,19.8745,20.4055,20.8716,20.1707,20.6013,20.9291,20.8397,21.9244,19.8266,20.4296,20.8988,20.1653,21.8598,18.9786,19.8244,19.53,19.9119,20.9033,20.5791,20.1307,21.0624,20.7453,21.9992,19.9184,20.4557,20.5595,20.4443,20.5378,20.4793,20.6843,20.2011,21.3467,22.0607,20.6092,21.0807,21.0598,20.8774,21.7549,18.529,18.9964,19.9564,20.1613,21.2356,19.5414,20.2177,20.3816,21.0974,21.4491,20.4481,20.4986,20.0497,20.5149,22.2751,20.0162,20.2012,19.403,20.9841,22.1339,19.0398,20.1284,20.5687,20.3147,21.3306,19.4687,19.399,20.1709,19.7753,20.7272,20.7616,19.3864,20.7456,19.2387,22.0927,19.1574,19.8793,20.0581,20.5407,23.6352,19.2293,19.497,20.0711,20.4482,23.1626,18.0902,19.6728,20.3976,19.8886,20.1232,19.7742,19.9175,19.7033,19.6946,22.1718,19.3703,20.1326,20.8105,20.4896,24.4832,18.8474,19.7453,20.5841,20.7042,21.2738,18.7408,20.0522,19.4525,20.9351,21.9048
444,2:52:15 PM,19.5947,19.8319,19.6308,19.8779,20.7992,20.3951,19.5415,20.7278,21.3094,21.2031,20.2536,19.969,19.8365,20.2487,20.8176,20.1857,20.6669,20.7754,20.7927,22.0186,20.1012,20.6186,20.8246,20.1556,22.0175,18.9186,19.6582,19.3631,19.7336,20.7505,20.7792,19.9852,21.1236,20.826,22.1692,20.0243,20.5443,20.5203,20.2135,20.5834,20.5228,20.7648,20.2042,21.3098,22.122,20.6219,21.1507,21.1246,20.9708,21.6007,18.5666,18.8017,19.9016,20.1463,21.4343,19.3062,20.1764,20.3949,21.0871,21.2329,20.586,20.5606,20.049,20.4694,22.3358,19.9733,20.2461,19.4515,21.1036,22.2295,18.8704,20.0403,20.6783,20.539,21.0806,19.4776,19.3941,20.1815,19.7464,20.8733,20.6717,19.4123,20.143,19.2884,21.9861,18.8718,19.7545,19.798,20.8566,23.3318,19.0969,19.5212,19.9403,20.56,23.1836,18.1369,19.6355,20.2776,19.9187,20.3944,19.6922,19.9653,19.7808,19.8534,21.675,19.4913,20.1758,20.8482,20.4144,23.6404,18.6542,19.5702,20.5641,20.5994,21.3921,18.6875,20.0892,19.8268,20.7971,21.7528
445,2:52:35 PM,19.6995,19.8563,19.7585,19.7974,20.8457,20.4395,19.5559,20.8064,21.3958,21.2945,20.1169,19.9161,19.9042,20.2282,20.7826,20.1987,20.7607,20.8372,20.8569,22.0725,20.0669,20.5102,20.6212,20.2631,21.8968,18.961,19.752,19.3476,19.8693,20.7696,20.9929,19.9233,21.1557,20.6792,22.1192,19.8244,20.5359,20.4425,20.4099,20.5157,20.5109,20.6178,20.1309,21.2777,22.2469,20.593,21.1797,21.0827,21.0487,21.6957,18.5848,18.9991,19.7035,20.0813,21.3163,19.4965,20.2392,20.3794,21.1121,21.1049,20.436,20.5249,20.0733,20.5506,22.5141,19.9728,20.2192,19.5426,20.9968,22.2496,19.3279,20.3329,20.5409,20.3948,21.0688,19.4626,19.2865,20.0538,19.6769,20.8981,20.6632,19.3987,20.4308,19.219,21.932,19.0046,19.6348,19.6509,20.3402,23.5069,19.048,19.5011,20.0952,20.4746,23.3661,18.1942,19.485,20.2476,19.8512,19.9692,19.7162,19.8972,19.7704,19.778,22.1941,19.3961,20.2749,20.7594,20.3617,24.3412,18.7059,19.4191,20.6665,20.597,21.6189,18.7971,20.1723,19.7277,20.8845,21.7922
446,2:52:55 PM,19.7826,19.9255,19.5109,19.6836,20.892,20.3488,19.7495,20.9007,21.3229,21.3104,20.1704,20.0225,19.9507,20.4579,20.7114,20.1316,20.7385,20.9715,20.8351,21.9758,20.0533,20.4761,20.7484,20.191,21.9486,18.9989,19.7225,19.3947,19.7457,20.786,20.804,20.0595,21.2663,20.7289,22.2201,19.8341,20.4142,20.4475,20.2678,20.619,20.5503,20.7931,20.138,21.2252,22.0974,20.6717,21.1329,21.1012,21.0068,21.7991,18.4761,18.899,19.9202,20.1013,21.449,19.0608,20.2946,20.3401,21.1741,20.969,20.4963,20.5096,20.1759,20.454,22.3026,19.9442,20.1841,19.5125,20.9783,22.3295,18.8458,20.3125,20.5939,20.2126,21.2107,19.4724,19.3271,20.2381,19.6792,20.9482,20.7658,19.2752,20.4709,19.1934,21.8517,18.9134,19.7702,19.9975,20.4764,23.5869,19.2507,19.4017,19.984,20.5628,23.2555,18.1473,19.5094,19.9434,19.8903,20.1951,19.7433,19.9159,19.76,19.7189,22.1311,19.5632,20.1765,20.8976,20.6103,23.5722,18.778,19.6034,20.6197,20.6369,21.5868,18.6252,20.2012,19.9035,20.8099,21.7758
447,2:53:15 PM,19.7864,19.9032,19.7421,19.7815,20.6908,20.4338,19.5905,20.8271,21.3075,21.3097,20.3304,19.9281,19.7786,20.3784,20.9934,20.1989,20.7625,20.824,20.787,22.059,19.9083,20.5767,20.9118,20.1982,22.1152,19.0727,19.7005,19.2578,19.6999,20.6868,20.7885,19.9377,21.1389,20.6274,22.152,19.9336,20.4244,20.4416,20.3381,20.8779,20.5878,20.7759,20.2826,21.3532,22.2079,20.6085,21.1365,21.14,21.0212,21.8496,18.5874,18.9022,19.7693,20.0929,21.3993,19.3385,20.2593,20.3462,21.0866,21.2265,20.485,20.4933,20.1966,20.4206,22.3823,20.0608,20.2574,19.4353,21.0144,22.2368,19.0561,20.2632,20.7003,20.4025,21.3504,19.4226,19.3251,20.1394,19.7216,20.8636,20.5742,19.4065,20.6614,19.3201,22.2226,19.0994,19.7736,19.7055,20.5229,23.7273,19.1795,19.4544,19.9301,20.3441,23.3234,18.0199,19.5165,20.1237,19.8076,20.4324,19.731,19.9349,19.6687,19.7434,22.0246,19.5539,20.2723,20.791,20.36,23.8532,18.8205,19.7899,20.6243,20.6421,21.6637,18.7478,19.9476,19.7295,20.9138,21.7522
448,2:53:35 PM,19.7834,19.9018,19.5588,19.6379,20.6738,20.247,19.5206,20.8445,21.3407,21.2543,20.1283,19.9638,20.0021,20.4631,21.1095,20.1067,20.7597,20.9211,20.8019,22.0758,20.1683,20.624,20.7477,20.1083,22.1181,18.9341,19.6501,19.2516,19.6432,20.6931,20.5309,19.7872,21.0645,20.5791,22.0015,19.824,20.4253,20.5509,20.7226,20.936,20.5118,20.6294,20.036,21.1401,22.247,20.6827,20.9532,21.0105,20.9852,21.7837,18.605,18.9823,19.8379,20.1265,21.3819,19.0796,20.2944,20.3065,21.0831,21.2071,20.3988,20.4957,20.0256,20.5368,22.308,20.1041,20.2368,19.519,21.0569,22.3499,19.2056,20.1889,20.5447,20.2651,21.2954,19.4487,19.359,20.0902,19.764,20.812,20.6531,19.3905,20.749,19.1847,21.7202,18.9518,19.5962,19.7122,20.1818,23.9031,19.2699,19.5718,20.1504,20.5023,23.2296,18.1809,19.5685,19.9045,19.9551,20.6943,19.776,19.9386,19.6917,19.8434,22.226,19.3136,20.2596,20.8566,20.656,24.5071,18.681,19.6185,20.6558,20.5732,21.6772,18.7374,20.0721,19.7782,20.8171,21.7066
449,2:53:55 PM,19.7479,19.9114,19.6436,19.7589,20.7547,20.3007,19.6355,20.7357,21.3298,21.3188,20.2863,20.0749,20.0477,20.6259,21.1053,20.3384,20.7174,20.9455,20.7113,22.109,20.0806,20.6552,20.7316,20.3425,22.0719,19.019,19.8433,19.2806,19.7979,20.7755,20.6207,20.0242,21.2175,20.6442,22.1511,19.9407,20.4363,20.6161,20.7428,21.0848,20.6237,20.7695,20.184,21.2629,22.256,20.6745,21.051,21.0656,20.9687,21.812,18.6016,19.0727,19.7793,20.0347,21.4191,19.1609,20.3172,20.3397,20.9493,21.4241,20.3732,20.463,20.0748,20.5056,22.4215,19.9898,20.2433,19.5487,20.9856,22.3299,18.9331,19.8982,20.4513,20.4325,21.2971,19.5551,19.4148,20.1407,19.7488,20.786,20.7135,19.4115,20.9316,19.4136,22.0265,19.2838,19.9578,20.0063,20.6662,23.452,19.1999,19.4934,19.7864,20.523,23.1815,18.0324,19.5402,20.1446,19.7678,20.2953,19.7188,19.8931,19.7499,19.8599,21.9079,19.6358,20.1713,20.8367,20.9785,24.4059,18.8812,19.6881,20.698,20.8323,21.6726,18.7558,20.0464,19.8347,20.9452,21.6539
450,2:54:15 PM,19.6248,19.7786,19.706,19.6957,20.7988,20.3896,19.6152,20.6067,21.072,21.1387,20.2554,20.0819,19.8633,20.4832,21.2178,20.2037,20.7693,20.9352,20.6881,22.1706,20.1632,20.615,20.7468,20.0717,22.0533,18.9232,19.649,19.3668,19.7183,20.7604,20.7394,19.97,21.0927,20.7665,22.1238,19.8692,20.4002,20.5851,20.6297,21.2346,20.5068,20.6419,20.1266,21.188,22.116,20.6587,21.114,20.9972,20.9642,21.8338,18.6417,18.9342,19.9479,20.1572,21.3042,19.3234,20.325,20.3718,21.0773,21.3864,20.4644,20.5769,20.0518,20.5944,22.3596,19.9845,20.2473,19.5009,21.068,22.3335,19.1598,19.9921,20.5473,20.3773,20.9795,19.5967,19.1504,20.0484,19.7065,20.917,20.6043,19.3795,20.8923,19.3202,22.1852,19.0241,19.7854,19.6871,20.3972,23.5336,19.2475,19.4975,20.058,20.7623,23.2164,18.0841,19.6284,20.3751,19.8506,20.1698,19.7378,19.8897,19.8177,19.8955,21.8485,19.4541,20.2772,21.0182,20.5482,24.7264,18.7064,19.4962,20.7251,20.7425,21.3976,18.6698,20.0829,20.0247,20.9674,21.6608
451,2:54:35 PM,19.5988,19.9681,19.6302,19.7244,20.8058,20.4722,19.6142,20.6547,21.2912,21.3033,20.3179,19.9818,19.9264,20.5541,21.1679,20.1844,20.6332,21.0749,20.8028,22.0312,20.2484,20.5871,20.8223,20.0885,22.0503,18.8853,19.565,19.2077,19.8272,20.7595,20.7738,19.828,21.0417,20.6636,22.1316,19.9399,20.4336,20.6228,20.4688,20.5904,20.5303,20.6181,20.0304,21.2682,22.199,20.6229,21.1602,21.098,20.9521,21.8942,18.5747,18.9333,19.9114,20.1201,21.3955,19.2312,20.2916,20.4188,20.9542,20.9309,20.6772,20.5636,20.1552,20.5005,22.2207,20.0244,20.3035,19.4915,21.0171,22.2786,19.1443,20.2765,20.6941,20.3385,21.2396,19.4283,19.3818,20.1115,19.6873,20.9318,20.6718,19.4456,20.6237,19.4617,21.9456,19.028,19.7105,19.7285,20.4495,23.7856,19.2131,19.5108,19.7745,20.6973,23.3706,18.2188,19.6405,20.295,19.8737,20.3347,19.7309,19.968,19.774,19.8089,21.8998,19.422,20.2756,20.789,20.7402,24.5294,18.8011,19.3901,20.7534,20.7891,21.4823,18.7827,20.1628,19.8348,20.6284,21.8632
452,2:54:55 PM,19.732,19.8954,19.8267,19.7687,20.8031,20.3197,19.5364,20.7344,21.1558,21.1101,20.2088,20.0325,19.9476,20.3486,21.208,20.2109,20.7546,20.9778,20.851,21.9337,20.2056,20.498,20.8467,20.2889,22.036,18.8681,19.6059,19.3909,19.6539,20.7247,20.7205,19.8884,21.0641,20.8104,22.0765,20.0948,20.45,20.475,20.5512,20.7818,20.6847,20.6601,20.0921,21.3084,22.2524,20.6456,21.0975,21.1487,20.8721,21.8427,18.5196,18.9015,19.7341,20.0589,21.4032,19.239,20.2398,20.3525,20.9282,21.1396,20.5918,20.3752,20.0563,20.4387,22.3575,19.9476,20.1681,19.4614,21.0085,22.2508,19.093,20.0971,20.6693,20.3984,21.1668,19.4623,19.2219,20.1163,19.7147,20.8375,20.6526,19.3498,20.5606,19.1163,21.9103,19.0356,19.7625,19.7902,20.3266,23.5331,19.3363,19.5173,20.1562,20.3322,23.4178,18.1938,19.6602,20.1339,20.0433,20.1307,19.5645,19.9138,19.707,19.677,22.449,19.5029,20.1445,20.7626,20.5196,24.5485,18.8085,19.5888,20.7145,20.7266,21.6539,18.8147,20.0876,19.6194,20.8596,21.7312
453,2:55:15 PM,19.5338,19.7435,19.798,19.8551,20.6945,20.3379,19.6919,20.7275,21.2719,21.1229,20.2639,19.9671,19.8307,20.3117,21.0559,20.2037,20.6503,20.9124,20.8069,21.9758,20.2262,20.6732,20.7748,20.2742,22.0777,18.7921,19.6175,19.3421,19.9917,20.7779,20.575,19.8906,21.2093,20.7786,22.1018,19.9733,20.4705,20.4892,20.5614,20.8441,20.4816,20.6415,19.968,21.3508,22.1839,20.7104,21.0543,21.1893,20.9311,21.8215,18.5747,19.0243,19.8226,20.0183,21.4241,19.3606,20.2606,20.4456,20.8962,21.1254,20.583,20.4754,20.0843,20.4846,22.3034,20.0053,20.3447,19.5276,21.1231,22.6213,19.2029,20.1867,20.5524,20.3285,21.195,19.3721,19.1327,20.1182,19.6645,20.8761,20.5822,19.3457,20.4914,19.1636,22.0657,18.9348,19.5573,19.7809,20.2327,23.5998,19.1581,19.5589,20.1063,20.4578,23.4775,18.2114,19.8056,20.1867,19.9722,20.0421,19.7683,19.9105,19.7469,19.842,22.0756,19.5933,20.2591,20.8694,20.8372,24.7432,18.7608,19.5076,20.7128,20.7217,21.4729,18.7311,20.103,19.7315,20.6712,21.6494
454,2:55:35 PM,19.5606,19.7018,19.8287,19.8126,20.6365,20.4425,19.7352,20.7989,21.2998,21.2461,20.2063,19.947,19.8462,20.3759,21.1362,20.3279,20.6636,20.8269,20.7948,21.9745,20.18,20.6764,20.7063,20.1087,22.0166,18.9037,19.5215,19.2404,19.8153,20.7572,20.4958,20.0774,21.0973,20.8639,22.0599,20.0644,20.4201,20.4557,20.6975,20.7234,20.5589,20.7092,20.1431,21.2647,22.1798,20.7308,21.1094,21.1271,20.9762,21.8861,18.4527,18.9113,19.9551,20.0982,21.3584,19.0363,20.1808,20.4087,20.9074,20.8824,20.5453,20.5131,20.0125,20.394,22.2699,20.1229,20.2419,19.5015,20.9324,22.3074,19.2932,20.2394,20.6168,20.4342,21.1801,19.394,19.3287,20.2015,19.6816,20.8886,20.6156,19.3006,20.5361,19.1104,22.0193,18.9495,19.719,19.7367,20.2167,23.4537,19.0983,19.5124,19.9803,20.6493,23.6263,18.318,19.9901,20.3568,20.0255,20.6492,19.7415,19.8941,19.7533,19.8476,22.0942,19.3659,20.242,20.893,20.5924,24.4986,18.7013,19.4671,20.7658,20.8044,21.526,18.8716,20.1541,19.834,20.7916,21.696
455,2:55:55 PM,19.5512,19.7677,19.7847,19.8995,20.8639,20.3959,19.5826,20.8672,21.4514,21.4005,20.2481,20.0108,19.8717,20.35,20.9253,20.3187,20.7694,21.0409,20.834,21.927,20.2635,20.5865,20.7424,20.1966,21.9519,19.0075,19.7206,19.5188,19.7118,20.8448,20.7054,20.065,21.1494,20.8101,22.1385,20.016,20.4187,20.5476,20.3474,20.7619,20.5463,20.6475,20.0362,21.3878,22.2476,20.6207,21.1015,21.1588,20.8101,21.6646,18.573,18.9655,19.9008,20.1709,21.3677,19.2048,20.2198,20.2783,21.0288,21.0854,20.6731,20.5997,20.0376,20.4579,22.2577,20.1259,20.285,19.4671,20.9032,22.2447,19.0627,20.2164,20.6366,20.4837,21.156,19.4416,19.4284,20.0359,19.7918,20.7754,20.701,19.3768,20.2263,19.1989,22.435,19.1172,19.712,19.738,20.2438,23.3337,19.1994,19.5483,20.0063,20.4903,23.3561,18.1528,19.7409,20.3377,19.8088,20.8317,19.7098,19.9315,19.7251,19.8729,21.9791,19.4836,20.2267,20.9589,20.5139,24.3362,18.6884,19.5493,20.7398,20.6479,21.6563,18.6947,20.1486,19.7041,20.8618,21.6635
456,2:56:15 PM,19.6442,19.9238,19.6929,19.7769,20.772,20.5377,19.8379,20.8719,21.4916,21.4262,20.0499,19.9642,19.8047,20.2718,20.958,20.1904,20.7739,20.9304,20.7991,21.9378,20.1862,20.7375,20.8235,20.0901,22.0327,18.899,19.715,19.2933,19.8076,20.7913,20.7789,20.0541,21.2126,21.028,22.0937,19.8471,20.4685,20.5868,20.3149,20.7632,20.6032,20.7445,20.1838,21.2266,22.1882,20.7046,21.0313,21.1131,20.9785,21.8506,18.5503,18.9783,19.9097,20.0541,21.4726,19.0011,20.2522,20.2455,21.0974,21.199,20.5728,20.503,20.1416,20.4446,22.2886,20.0288,20.2739,19.5691,21.0915,22.1484,19.3504,20.2986,20.6926,20.3262,20.78,19.4414,19.2787,20.1229,19.5928,20.8173,20.6443,19.3318,20.7337,19.1662,21.9385,18.9082,19.8336,19.9659,20.5248,23.6805,19.2763,19.4909,20.2803,20.4822,23.5193,18.193,19.6205,20.2841,19.7915,20.1173,19.7585,19.9566,19.6575,19.8507,22.4362,19.3399,20.2356,20.8601,20.7221,24.4358,18.7618,19.3678,20.6445,20.7614,21.7063,18.7822,20.093,19.8377,20.8869,21.7216
457,2:56:35 PM,19.6671,19.8626,19.7298,19.84,20.705,20.4192,19.6699,20.9408,21.4421,21.4219,20.0611,19.8142,19.7726,20.3358,20.9795,20.3354,20.7323,20.9408,20.8875,21.8072,20.209,20.5808,20.6565,20.263,21.968,18.961,19.6596,19.3204,19.6898,20.7956,20.8653,19.921,21.213,20.843,22.208,19.9136,20.4524,20.497,20.6649,20.792,20.6069,20.725,20.168,21.2839,22.2331,20.6634,21.0015,21.1126,20.9562,21.8307,18.5223,18.8836,19.839,20.044,21.4478,19.2274,20.2448,20.3542,21.2089,20.9362,20.4729,20.5573,20.1162,20.4728,22.3185,20.016,20.3343,19.5147,20.9447,22.3413,18.7969,20.2005,20.7106,20.3211,21.0371,19.4811,19.2539,20.0856,19.8078,20.8342,20.6245,19.3761,20.4406,19.0638,22.0293,18.9847,19.9768,19.9503,20.5388,23.1997,19.1999,19.428,20.103,20.5408,23.4696,18.1741,19.6226,20.2737,19.8918,20.1442,19.7823,19.9644,19.7561,19.816,22.0233,19.4339,20.2725,20.9434,20.4007,24.072,18.8439,19.4976,20.6536,20.6689,21.7839,18.5874,20.1081,19.4639,20.7536,21.6308
458,2:56:55 PM,19.6197,20.0689,19.7222,19.9148,20.7554,20.4424,19.6823,20.9186,21.4724,21.4112,20.197,20.0268,19.7964,20.2584,20.805,20.2962,20.7297,20.8692,20.8676,22.0143,20.125,20.6891,20.7183,20.0076,21.989,18.835,19.6763,19.4046,19.7842,20.714,20.6542,20.1165,21.264,20.7928,22.0673,19.9498,20.5197,20.5925,20.3489,20.8133,20.5301,20.6705,20.2368,21.1763,22.1237,20.6483,21.0534,21.0842,20.8661,21.7688,18.5791,19.0157,19.8273,20.2093,21.3395,19.4785,20.2993,20.4322,21.0037,21.0286,20.512,20.5845,20.1211,20.5374,22.1643,19.9026,20.123,19.6407,20.956,22.1376,19.0743,20.2785,20.4777,20.3636,20.9327,19.3921,19.2883,20.2116,19.7404,20.7942,20.6465,19.2991,20.5779,19.1821,21.8497,19.0423,19.7887,19.9597,20.4717,23.8951,19.1057,19.5046,19.9779,20.4821,23.4987,18.1602,19.4396,20.2491,19.9346,19.9857,19.7345,19.9551,19.7155,19.8499,21.8493,19.2384,20.2599,20.7712,20.6962,24.3079,18.8042,19.5948,20.6476,20.6424,21.448,18.8793,20.1452,19.8258,20.6477,21.7638
459,2:57:15 PM,19.705,19.8407,19.8095,19.8979,20.7884,20.3966,19.7298,20.7963,21.4268,21.3864,20.2664,19.8628,19.8599,20.2335,20.7736,20.2496,20.6388,20.8616,20.8659,21.8824,20.0452,20.4497,20.8535,20.1916,22.013,19.06,19.6535,19.3807,19.7573,20.7722,20.6996,19.9378,21.1596,20.6943,22.1566,19.9914,20.3455,20.471,20.4233,20.714,20.5329,20.896,20.2087,21.1586,22.065,20.6576,21.0928,20.9455,20.8618,21.7722,18.532,18.9476,19.874,20.1261,21.4565,19.3538,20.1915,20.4775,21.0024,21.2,20.5107,20.5714,20.0533,20.5614,22.3787,19.9864,20.2666,19.4552,21.0419,22.2271,18.9715,20.2309,20.5758,20.3396,20.8577,19.5221,19.369,20.1519,19.6025,20.8731,20.5885,19.5327,20.7916,19.4138,21.9447,18.916,19.7925,19.8345,20.4867,23.6289,19.1204,19.5892,19.9041,20.2637,23.5672,18.1223,19.5346,20.2046,19.7941,19.8948,19.769,19.9506,19.6888,19.7912,22.0073,19.4992,20.246,20.7967,20.9193,24.5311,18.8527,19.3726,20.7283,20.67,21.5481,18.642,20.0671,19.7324,20.7321,21.6791
460,2:57:35 PM,19.6787,19.8289,19.7547,19.8215,20.7447,20.443,19.6432,20.8525,21.4045,21.4325,20.1544,19.9161,19.7649,20.2343,20.7778,20.2697,20.6939,20.9263,20.7974,21.7715,19.7846,20.3201,20.7432,20.0031,21.8572,18.9357,19.7971,19.334,19.8714,20.6821,20.4101,20.0644,21.23,20.899,21.9947,19.9196,20.5,20.5135,20.3615,20.4096,20.5907,20.7851,20.0609,21.2521,22.0066,20.6447,21.0269,21.1439,20.8804,21.7937,18.3595,18.8566,19.757,20.1128,21.4126,19.2166,20.2799,20.3495,20.9949,20.9406,20.5602,20.5293,20.1858,20.5975,22.2009,20.009,20.2995,19.5412,21.0635,22.452,18.9934,20.2233,20.4853,20.3372,21.1186,19.4254,19.3488,20.1595,19.7238,20.8868,20.688,19.3984,20.7162,19.2814,22.3272,18.8987,19.7325,19.8249,20.5346,23.7447,19.121,19.4519,19.5953,20.5281,23.3445,18.249,19.6065,20.2597,20.0033,20.3637,19.6876,20.0126,19.6664,19.7898,22.4956,19.63,20.1862,20.8539,20.9526,24.6835,18.7013,19.3896,20.5838,20.5771,21.7272,18.7943,20.0812,19.6281,20.6531,21.678
461,2:57:55 PM,19.7692,19.8007,19.557,19.8303,20.7665,20.4477,19.5817,20.9309,21.4699,21.4876,20.0926,19.9803,19.7395,20.2764,20.8627,20.224,20.6035,20.9426,20.741,22.1063,20.0136,20.605,20.774,19.9552,21.9821,18.9762,19.7909,19.3308,19.8139,20.7391,20.9274,19.9887,21.2128,20.7026,22.1218,19.8086,20.4378,20.4333,20.316,20.6929,20.4566,20.7331,20.1343,21.1487,22.0997,20.5133,21.0577,21.0867,20.8947,21.6723,18.519,18.8276,19.7865,20.0917,21.4034,19.2402,20.1595,20.3312,21.0264,20.91,20.4737,20.5185,20.1261,20.4392,22.0802,20.1151,20.1592,19.4399,20.9182,22.257,19.1838,20.1652,20.5067,20.4658,21.0883,19.4274,19.296,20.1373,19.6448,20.9221,20.6733,19.2894,20.7024,19.3746,22.1224,18.8048,19.5282,19.8019,20.2037,23.1857,19.0282,19.4938,19.9995,20.4791,23.4756,18.2297,19.7803,20.1692,19.9001,20.5846,19.7582,19.8906,19.7456,19.7916,21.859,19.384,20.2042,20.737,20.5088,24.493,18.7884,19.6436,20.581,20.6774,21.5885,18.5536,20.0673,19.7928,20.8201,21.7052
462,2:58:15 PM,19.755,19.8483,19.7276,19.8159,20.7501,20.3622,19.6718,20.6519,21.4278,21.4966,20.2686,19.9326,19.8666,20.5501,20.8908,20.345,20.6641,21.0363,20.8376,22.0567,20.2417,20.5487,20.8067,20.1483,21.9512,18.9474,19.7125,19.2357,19.6393,20.7828,20.7367,19.7909,21.2733,20.7029,22.0662,19.983,20.4609,20.5837,20.4812,20.826,20.562,20.6799,20.1253,21.165,22.2081,20.5959,20.9129,21.157,20.9054,21.7757,18.3745,18.764,19.8196,20.0042,21.3496,19.2445,20.3007,20.3745,21.0236,21.0418,20.475,20.462,19.9824,20.411,22.1339,20.0018,20.241,19.506,21.032,22.2721,19.2307,20.2419,20.5832,20.3816,21.144,19.2875,19.149,20.0471,19.6744,20.8303,20.5859,19.2697,20.3656,19.1754,21.8756,18.8898,19.8758,19.756,20.3853,23.201,19.1014,19.377,19.9401,20.3307,23.652,18.1204,19.7778,20.2443,19.8238,20.0795,19.6362,19.9807,19.6642,19.8918,23.2866,19.5743,20.2856,20.7983,20.5396,24.6936,18.6746,19.4122,20.6825,20.6096,21.5333,18.6886,20.0632,20.0309,20.7838,21.5474
463,2:58:35 PM,19.6177,19.7713,19.7072,19.8282,20.7033,20.417,19.6894,20.8006,21.3095,21.4262,20.2136,20.019,19.8255,20.4566,20.9528,20.2082,20.7589,20.9214,20.825,21.9069,19.9898,20.4539,20.7802,20.0385,22.0635,18.9536,19.6286,19.4861,19.7541,20.6748,20.6622,19.9122,21.0269,20.6349,22.0164,19.9272,20.4202,20.6042,20.5326,20.6677,20.6502,20.7276,20.1571,21.1982,22.0482,20.7064,20.9916,21.0438,20.9415,21.6996,18.5072,18.8285,19.8774,20.0789,21.3028,19.3025,20.157,20.3481,21.0028,21.2586,20.4105,20.664,20.1289,20.4307,22.3942,19.9214,20.2177,19.3791,21.0682,22.2081,19.2934,20.1698,20.6662,20.453,21.2855,19.4276,19.1825,20.166,19.664,20.8102,20.6727,19.2127,20.7493,19.2115,22.2036,18.907,19.7243,19.7062,20.2136,23.1449,19.1362,19.4666,20.0682,20.4926,23.5202,18.193,19.6823,20.166,20.0143,20.6453,19.7791,19.934,19.6892,19.8141,22.0106,19.383,20.2283,20.9689,20.4134,24.2044,18.7562,19.6318,20.6082,20.6015,21.3648,18.6889,20.0222,19.814,20.7518,21.4582
464,2:58:55 PM,19.7012,19.8559,19.613,19.7085,20.662,20.323,19.63,20.7667,21.3074,21.4355,20.1672,19.8965,19.8022,20.3334,20.8245,20.2402,20.6897,20.8738,20.8327,21.8179,20.2328,20.508,20.8863,19.9233,21.9053,18.9701,19.7613,19.2484,19.6167,20.7805,20.8067,19.8625,21.0374,20.6214,21.9779,19.9478,20.4867,20.6902,20.6058,20.7124,20.6306,20.7948,20.2786,21.2547,22.0399,20.6635,21.1066,21.1892,20.9346,21.7291,18.5246,18.8767,19.8441,20.144,21.4224,19.1176,20.157,20.345,21.0747,21.1401,20.2834,20.4912,20.0401,20.608,22.3686,20.0212,20.1102,19.4704,21.1368,22.2824,18.9838,20.1971,20.561,20.3353,20.9526,19.4218,19.2133,20.1404,19.5035,20.7842,20.5818,19.4401,20.2545,19.2532,21.9693,18.8474,19.8173,19.7721,20.5283,23.4557,19.2085,19.4832,19.8861,20.4192,23.4696,18.2585,19.4078,20.0502,19.9371,20.2836,19.6803,19.9184,19.6457,19.6605,21.8312,19.4923,20.1508,20.7627,20.4969,23.9297,18.6835,19.4845,20.6483,20.5804,21.0874,18.6044,20.0777,19.5705,20.7745,21.7611
465,2:59:15 PM,19.699,19.8446,19.6931,19.8374,20.6851,20.3892,19.5636,20.8059,21.3297,21.3747,20.231,19.9743,19.8986,20.5065,20.8971,20.218,20.7128,20.8785,20.8713,21.9145,20.2128,20.6457,20.7901,20.3632,21.9741,18.9434,19.7519,19.2612,19.6457,20.7097,20.7338,20.0544,21.1588,20.5969,22.085,19.8056,20.4846,20.6108,20.7386,20.7542,20.4082,20.7212,19.9778,21.2606,22.2172,20.6455,21.0391,21.0495,21.0387,21.8517,18.4957,18.9328,19.7859,20.2152,21.4107,19.2116,20.2392,20.3427,21.1388,21.2317,20.4204,20.55,20.0801,20.504,22.3514,20.2531,20.2861,19.5129,20.944,22.1437,18.9269,20.1952,20.7544,20.5419,21.1407,19.4097,19.3086,20.1464,19.675,20.8375,20.6407,19.2943,20.5653,19.335,22.004,18.8835,19.7154,19.6594,20.3583,23.2062,19.1971,19.4314,19.95,20.3113,23.4304,18.0883,19.4409,20.0972,20.0154,20.3951,19.7315,19.8467,19.739,19.8684,21.922,19.4849,20.265,20.788,20.8297,24.5799,18.729,19.3887,20.5496,20.7727,21.6198,18.8211,20.2079,19.7943,20.7917,21.6488
466,2:59:35 PM,19.8344,19.9513,19.8124,19.8252,20.774,20.2846,19.7066,20.8003,21.3196,21.4555,20.1415,19.9168,19.9648,20.5324,21.1069,20.1647,20.628,20.9021,20.8284,21.9278,19.8418,20.4913,20.7456,19.8673,22.0077,19.027,19.7677,19.545,19.9125,20.8174,20.452,19.8559,21.2041,20.6719,22.0321,19.9097,20.3713,20.5747,20.6433,21.0217,20.5566,20.6358,20.1419,21.1876,22.2268,20.6217,21.1294,21.0246,20.9626,21.7303,18.6165,18.9161,19.9021,20.235,21.4258,19.2425,20.2354,20.345,21.0333,21.0544,20.27,20.4062,20.0825,20.683,22.3267,20.0965,20.2771,19.4988,21.0794,22.2328,18.9539,20.0266,20.5059,20.2573,20.9546,19.4973,19.3111,20.1512,19.6451,20.8714,20.6284,19.3686,20.8426,19.3544,21.8976,19.0902,19.7864,19.909,20.6577,23.2456,19.1069,19.452,19.7967,20.5534,23.3055,18.1664,19.5938,20.1477,20.1211,20.2795,19.6389,19.8696,19.6632,19.8593,22.301,19.539,20.2319,20.6647,20.5383,24.4409,18.7741,19.6692,20.6988,20.6195,21.3356,18.6427,20.1524,19.5974,20.5876,21.7006
467,2:59:55 PM,19.8545,19.7547,19.6826,19.8442,20.7688,20.3872,19.5245,20.8286,21.5184,21.4553,20.1456,20.0068,19.7677,20.2251,20.7787,20.3545,20.6543,20.7532,20.9418,21.9631,20.127,20.4801,20.7497,20.115,22.1382,18.9227,19.6708,19.2449,19.7875,20.7257,20.5631,19.8879,21.1534,20.6572,21.953,19.7818,20.4544,20.5523,20.464,20.281,20.6174,20.7363,20.2179,21.3078,22.077,20.5183,21.0157,21.0315,20.8388,21.7293,18.3362,18.7757,19.7917,20.068,21.3471,19.0534,20.2161,20.3636,20.9689,21.185,20.3334,20.5564,20.0758,20.5959,22.1808,20.0442,20.1584,19.3836,20.9786,22.3913,18.9957,20.0946,20.556,20.2377,20.8001,19.4051,19.1896,20.0555,19.6405,20.6962,20.67,19.2045,20.6945,19.1013,21.8714,18.8919,19.7307,19.7083,20.384,24.0358,19.2381,19.4991,20.1756,20.617,23.1706,18.0996,19.5209,19.9507,19.6615,20.1019,19.6682,19.8807,19.6496,19.7194,21.8235,19.3204,20.1899,20.9022,20.4316,25.1236,18.7566,19.5641,20.7026,20.6024,21.0587,18.6703,20.0418,19.6254,20.5755,21.6719
468,3:00:15 PM,19.7518,19.8241,19.7902,19.7649,20.7119,20.2603,19.5342,20.6186,21.2339,21.4076,20.3252,20.1172,19.9156,20.2838,20.8138,20.1367,20.5466,20.7973,20.7765,21.9506,19.9239,20.4325,20.686,20.032,22.0186,18.7889,19.6672,19.3169,19.6745,20.6963,20.5505,19.9681,21.0228,20.7596,21.9782,19.9731,20.4237,20.6337,20.4444,20.8022,20.4569,20.8029,20.1317,21.3133,22.0843,20.4464,21.0595,21.0442,20.8906,21.6749,18.4664,18.9205,19.8721,20.0342,21.3523,19.3294,20.1938,20.4116,21.0371,21.2,20.2531,20.4316,20.104,20.6159,22.1899,19.8138,20.1281,19.4889,21.1121,22.2379,19.1992,20.1834,20.5103,20.2657,20.9279,19.3834,19.1688,20.1901,19.5878,20.8024,20.5605,19.3114,20.2772,19.1736,21.7591,18.91,19.7764,19.6816,20.4962,23.7541,19.2821,19.579,20.1612,20.3389,23.3206,18.1506,19.542,20.1862,19.9849,20.6237,19.5632,19.9827,19.5333,19.783,22.1788,19.4918,20.0635,20.9383,20.4981,24.8191,18.5552,19.5021,20.7041,20.5528,21.6975,18.9577,20.2197,19.8116,20.7367,21.7462
469,3:00:35 PM,19.7573,20.0036,19.7025,19.8276,20.6593,20.3367,19.4874,20.5401,21.3806,21.4164,20.2025,20.1584,19.7525,20.3309,20.687,20.163,20.6747,20.9106,20.8024,21.8815,19.849,20.468,20.6411,20.1281,21.8875,18.9958,19.6798,19.5956,19.9062,20.745,20.6888,19.9013,21.164,20.6018,22.047,19.922,20.4896,20.6374,20.5639,20.7476,20.5685,20.5399,20.0304,21.1302,22.0753,20.5562,21.0855,21.0378,20.8732,21.698,18.5753,19.1579,19.8246,20.1822,21.317,19.2444,20.1812,20.2062,20.9768,21.1867,20.3612,20.4691,19.9169,20.5301,22.1591,20.0685,20.3575,19.5492,20.9665,22.2473,19.3522,20.1089,20.6367,20.3043,21.3514,19.4734,19.3891,20.1764,19.6513,20.9202,20.6981,19.4585,20.6566,19.3567,21.7838,18.9317,19.58,19.6101,20.385,23.2928,19.0881,19.4995,19.7941,20.488,23.3283,18.0422,19.1976,19.7805,19.6425,20.351,19.821,19.8735,19.7762,19.6905,21.9997,19.4311,20.159,20.8255,20.4184,24.2801,18.7588,19.7307,20.6652,20.5166,21.4089,18.7262,20.1074,19.8198,20.7269,22.0354
470,3:00:55 PM,19.6745,19.7932,19.7708,19.7703,20.7027,20.4324,19.5553,20.8144,21.1958,21.4227,20.193,20.0157,19.9328,20.2215,20.9031,20.0866,20.5995,20.8563,20.7612,21.9104,19.9704,20.4443,20.7417,19.8644,21.877,18.9685,19.5812,19.3774,19.767,20.6222,20.5455,19.9152,20.972,20.7502,22.1073,19.7717,20.365,20.6482,20.5875,21.0713,20.3574,20.6368,20.2573,21.222,22.1218,20.5811,20.9577,21.0052,20.8143,21.7177,18.5807,18.989,19.794,20.0216,21.3307,19.1103,20.2476,20.1989,20.9177,21.1495,20.2534,20.4373,20.0626,20.3718,22.195,19.8972,20.1502,19.5079,20.9767,22.1619,19.0755,20.1284,20.5009,20.3176,21.1038,19.4878,19.2695,20.1029,19.5094,20.8951,20.7134,19.3955,20.6012,19.1666,21.7063,18.8946,19.8796,19.6358,20.5112,23.6623,19.2638,19.5839,19.8691,20.4371,23.222,18.1565,19.6043,20.2689,19.9423,20.3862,19.7604,19.8637,19.6554,19.8437,21.4815,19.4048,20.1404,20.8054,20.5844,24.516,18.7324,19.479,20.7074,20.73,21.4197,18.8029,20.191,19.7329,20.94,21.7135
471,3:01:15 PM,19.7084,19.7786,19.6089,19.7413,20.5651,20.3718,19.5246,20.7289,21.2266,21.3203,20.2604,19.9823,19.8516,20.3093,20.8994,20.1613,20.675,20.8828,20.7751,21.7708,20.1491,20.4245,20.6889,20.1368,22.1261,19.0948,19.6227,19.2608,19.6826,20.6467,20.637,19.8783,20.9507,20.6007,21.9812,19.8718,20.5471,20.5781,20.4338,20.5195,20.5617,20.7022,20.0681,21.1438,22.1555,20.6558,20.9998,20.9541,20.9308,21.7247,18.608,18.9107,19.736,19.9581,21.2596,19.1078,20.2246,20.2026,20.9314,20.9643,20.2983,20.4371,20.028,20.4309,22.2252,19.9625,20.1929,19.5037,20.9841,22.2305,18.995,19.9442,20.5121,20.3393,21.0481,19.3918,19.2927,20.0964,19.6155,20.9186,20.6214,19.4706,20.5343,19.231,21.9544,18.8935,19.7443,19.8598,20.3568,23.6485,19.1766,19.456,19.8993,20.449,23.1713,18.113,19.5536,20.2375,19.8322,20.0926,19.6522,19.8221,19.7399,19.7981,22.128,19.4906,20.0891,20.7242,20.5902,24.2779,18.6577,19.5296,20.6431,20.5603,21.2753,18.7242,20.1398,19.8748,20.9726,21.9532
472,3:01:35 PM,19.534,19.7872,19.7756,19.8842,20.7046,20.423,19.5432,20.6293,21.255,21.401,20.0702,20.0113,20.0002,20.499,20.9285,20.205,20.7106,20.969,20.8117,21.848,20.1563,20.4682,20.7212,20.1474,21.8715,18.9199,19.619,19.2058,19.7964,20.6619,20.5565,19.9936,21.0385,20.5092,21.9881,19.817,20.3503,20.5333,20.5082,20.7208,20.4402,20.5391,20.1269,21.2022,22.1997,20.4923,20.9706,20.9964,20.8605,21.7732,18.3932,18.9807,19.7179,20.0516,21.3111,19.1341,20.3021,20.2626,20.9772,21.0574,20.2223,20.4155,20.0753,20.5517,22.1625,19.8983,20.1764,19.585,21.0242,22.1323,19.1094,20.0936,20.5482,20.4049,21.2133,19.4399,19.2176,20.0837,19.537,20.757,20.5545,19.3216,20.4717,19.1219,21.6786,18.8911,19.8212,19.5894,20.3653,23.6873,19.1608,19.3986,19.9139,20.5393,23.1898,18.1786,19.5962,20.2647,19.6999,20.157,19.7389,19.8466,19.654,19.7055,22.1013,19.3825,20.0557,20.7141,21.0749,24.3335,18.7247,19.6273,20.6973,20.637,21.4196,18.8647,20.1928,19.7617,20.7754,21.8179
473,3:01:55 PM,19.5827,19.9434,19.6934,19.7956,20.7536,20.2752,19.7703,20.7796,21.2439,21.2782,20.2158,19.8788,19.9198,20.4757,20.9721,20.1444,20.8031,20.8585,20.7923,21.9234,20.1041,20.5983,20.6823,19.8599,21.9874,18.9077,19.6132,19.4732,19.7264,20.7008,20.5743,19.7923,20.9888,20.697,22.0407,19.9301,20.4937,20.6262,20.6447,21.0106,20.6843,20.6963,20.1915,21.2637,22.1171,20.6688,21.0316,21.1066,20.8328,21.6703,18.519,18.9106,19.8128,20.113,21.2882,19.2278,20.2378,20.3103,21.0536,21.2364,20.3019,20.4556,20.0433,20.4784,22.2161,19.9075,20.139,19.3713,20.9961,22.0867,19.2685,20.2129,20.3411,20.4181,20.965,19.4787,19.3926,20.132,19.763,20.895,20.5452,19.3206,20.8237,19.2245,21.9042,19.0235,19.8079,20.0591,20.8009,23.5202,19.1746,19.5016,19.924,20.5098,23.2332,18.163,19.4587,19.9172,19.8863,20.0666,19.6075,19.8842,19.6115,19.648,21.8304,19.2749,20.068,20.8995,20.4415,24.6036,18.8008,19.6806,20.6149,20.6299,21.3263,18.8315,20.0208,19.8438,20.8712,21.7535
474,3:02:15 PM,19.8026,19.8601,19.6292,19.8429,20.6046,20.3639,19.5174,20.7107,21.3015,21.4305,20.2706,19.9247,19.7983,20.3078,21.0077,20.2453,20.7217,20.9378,20.8121,21.9004,19.9344,20.5524,20.7524,19.9987,21.865,18.939,19.7408,19.2006,19.5171,20.7721,20.7299,19.9173,21.0307,20.705,22.1582,19.8306,20.4499,20.6595,20.5242,21.134,20.5304,20.6321,20.1126,21.1389,22.0942,20.5432,21.023,20.9947,20.7706,21.6334,18.5876,19.013,19.9498,20.0432,21.319,19.1149,20.1726,20.2238,20.9949,21.0894,20.3416,20.4257,20.0288,20.4938,22.1933,20.0352,20.2305,19.4552,20.9702,22.2719,19.0023,20.1417,20.4834,20.2901,20.9642,19.5647,19.2823,20.1642,19.7118,20.7761,20.6788,19.3361,20.449,19.2603,21.9343,19.0431,19.8316,19.8391,20.2511,23.1271,19.1774,19.3733,19.5912,20.2921,23.2588,17.9649,19.5218,20.2491,19.6474,20.3286,19.6843,19.986,19.72,19.6908,22.4419,19.5382,20.1445,20.7509,21.3605,24.1044,18.6218,19.6985,20.6514,20.547,21.6075,18.7401,20.1962,19.9048,20.5995,21.4814
475,3:02:35 PM,19.8777,19.9295,19.7537,19.7432,20.6497,20.2586,19.6029,20.7793,21.154,21.2925,20.1983,19.9945,19.9573,20.423,20.9708,20.2107,20.6434,20.7647,20.7267,22.0004,20.1271,20.4791,20.7096,20.0735,21.9253,19.0958,19.7381,19.4635,19.9672,20.7627,20.6992,19.8447,21.093,20.713,21.9932,19.801,20.4181,20.4851,20.8463,21.1234,20.4343,20.6671,20.0633,21.0203,22.1567,20.6541,20.9708,20.9321,20.8149,21.7457,18.4836,18.9045,19.778,20.0708,21.3317,19.3228,20.2548,20.2906,21.0801,21.5715,20.2075,20.4273,20.0809,20.5862,22.3738,19.9362,20.207,19.4803,20.9589,22.4554,18.8749,19.9991,20.5058,20.329,20.9956,19.6142,19.2867,20.1226,19.6061,20.8003,20.7446,19.2887,20.7907,19.1131,21.8503,19.0453,19.8161,19.8294,20.5681,23.2295,19.1564,19.524,19.7295,20.3702,23.0831,17.9893,19.3407,20.0203,19.8717,20.5477,19.6851,19.8693,19.7142,19.68,21.8713,19.2626,20.1224,20.8109,20.591,24.3714,18.7707,19.5311,20.6837,20.6195,21.507,18.6897,20.1359,19.8803,20.6443,21.6268
476,3:02:55 PM,19.7035,19.9068,19.6977,19.6988,20.6842,20.2167,19.2877,20.5321,21.1427,21.2541,20.2121,19.9628,19.648,20.5666,21.0707,20.2519,20.604,20.8525,20.7087,21.9039,20.0932,20.5314,20.6919,20.0903,21.9416,19.12,19.7113,19.5364,19.7326,20.6789,20.6812,20.0034,21.0463,20.5829,22.0847,19.9997,20.4932,20.5835,20.6652,20.919,20.5258,20.7087,20.2535,21.1213,22.1582,20.6632,21.038,20.9671,20.9134,21.807,18.6257,19.0287,19.8288,20.068,21.2859,19.3804,20.0943,20.3366,20.9834,21.1592,20.3057,20.4282,19.9378,20.4236,22.0567,19.9273,20.183,19.4271,21.0541,22.1238,18.8882,20.2206,20.4849,20.1191,20.8077,19.5293,19.2877,20.0752,19.6132,20.8062,20.6331,19.3325,20.5652,19.3898,21.5781,18.8461,19.6632,19.676,20.3551,23.0122,19.1528,19.4522,19.9715,20.2106,23.2555,18.1301,19.5406,19.8564,19.635,20.1852,19.6381,19.802,19.7358,19.69,21.5408,19.3857,20.2557,20.8374,20.491,24.043,18.6883,19.4686,20.5814,20.6805,21.7369,18.7839,20.1474,20.1071,20.9567,21.8344
477,3:03:15 PM,19.741,19.7879,19.694,19.8137,20.6925,20.2656,19.5246,20.5282,21.077,21.2644,20.1389,20.072,19.9544,20.3981,21.1462,20.2657,20.6852,20.8895,20.74,21.7413,19.8159,20.4697,20.6759,20.2228,21.881,19.0647,19.771,19.3859,19.5706,20.6855,20.6558,19.9024,20.8838,20.587,22.0465,19.828,20.4878,20.4815,20.5571,21.0669,20.5583,20.6227,19.9272,21.0789,22.0446,20.5894,21.0921,21.0135,20.8169,21.679,18.5698,19.1054,19.845,20.036,21.3025,19.2146,20.0362,20.1916,20.9473,21.4384,20.1382,20.4622,19.9909,20.466,22.2948,19.9733,20.2242,19.4796,20.9849,22.2332,18.9955,20.1522,20.511,20.1902,20.9842,19.5541,19.2517,20.0775,19.61,20.7385,20.56,19.3687,20.776,19.3637,21.8865,18.9628,19.7277,19.725,20.4615,23.89,19.2247,19.5327,19.6745,20.4282,23.1138,18.1702,19.3943,20.0957,19.6609,20.4173,19.7206,19.9688,19.7068,19.9144,22.0191,19.3914,20.061,20.6019,20.341,24.3033,18.769,19.5936,20.6369,20.6013,21.8369,18.6239,20.079,19.6651,20.7027,21.5405
478,3:03:35 PM,19.738,19.8908,19.6833,19.8353,20.648,20.3275,19.5969,20.7455,21.1952,21.1478,20.0959,19.9072,19.7376,20.2528,20.7961,20.1522,20.6462,20.8621,20.7912,21.8364,20.105,20.538,20.7653,20.0393,21.8873,18.9376,19.6689,19.4305,19.8552,20.7484,20.5251,19.9294,21.0073,20.6265,22.0315,19.8832,20.3531,20.4894,20.6658,20.859,20.5392,20.7161,20.1473,21.1857,22.11,20.6314,21.0673,20.9933,20.7786,21.6624,18.464,18.8748,19.878,20.1496,21.1964,19.3475,20.1229,20.2996,20.8239,21.4181,20.2987,20.4295,20.0207,20.4117,22.4021,19.9933,20.1068,19.5148,20.9238,22.1552,19.0001,19.9002,20.4074,20.3201,21.0517,19.3909,19.2501,19.9843,19.5543,20.7824,20.5671,19.304,20.7323,19.2831,21.8106,18.9014,19.5954,19.6387,20.4054,23.7424,19.2097,19.5107,19.7154,20.6099,23.1785,18.3104,19.8171,20.2679,20.0629,20.2119,19.6512,19.943,19.6579,19.7563,22.4273,19.3121,20.106,20.751,20.8072,24.4324,18.6236,19.3693,20.71,20.5431,21.4744,18.6362,20.0229,19.4581,20.5559,21.7143
479,3:03:55 PM,19.8385,19.7848,19.6483,19.8613,20.6434,20.2541,19.5447,20.6119,21.1222,21.2245,20.1646,20.0848,19.8816,20.4226,21.0177,20.1929,20.5934,20.8227,20.7599,21.9235,20.0783,20.4736,20.671,19.9627,21.8527,19.0064,19.6392,19.5099,19.8647,20.7528,20.7739,19.8758,21.0459,20.6664,22.2191,19.8295,20.4678,20.5081,20.549,20.9382,20.5433,20.6719,20.1262,21.2158,22.0678,20.6176,21.06,21.0191,20.8567,21.7117,18.4936,18.8255,19.6465,20.0375,21.2824,19.2011,20.1813,20.3634,20.9112,21.0738,20.3083,20.5306,20.0522,20.4832,22.207,19.7574,20.1264,19.4439,20.9782,22.1317,18.8945,19.9133,20.4084,20.3793,21.1518,19.358,19.1894,20.0667,19.738,20.7121,20.6795,19.3331,20.6003,19.31,21.715,19.0193,19.9265,19.8326,20.6274,23.3568,19.067,19.3699,19.5756,20.4801,23.1403,18.2394,19.4547,20.0973,19.7192,20.6027,19.5934,19.7551,19.6504,19.8039,21.6048,19.42,20.0882,20.6121,20.4112,24.052,18.8486,19.5196,20.5951,20.6375,21.7086,18.4856,20.0516,19.7456,20.7096,21.7183
480,3:04:15 PM,19.7904,19.8702,19.7318,19.8112,20.5878,20.2994,19.5894,20.6051,21.0776,21.2089,20.2389,19.9298,19.8516,20.3576,21.3769,20.2254,20.8138,20.9545,20.8272,22.0176,20.1082,20.5398,20.7398,20.0892,21.9037,19.0773,19.7015,19.3356,19.8158,20.7436,20.5338,19.9818,20.9947,20.6519,22.0227,19.735,20.4425,20.5676,20.5325,21.1646,20.4313,20.6865,20.2858,21.2335,22.0436,20.6666,21.0097,21.0036,20.8955,21.6514,18.5314,18.9723,19.8759,20.171,21.2851,19.2278,20.1984,20.2316,21.0671,21.3339,20.2811,20.4113,20.0281,20.4972,22.1377,20.0735,20.2361,19.3956,21.027,22.3512,18.8964,19.9303,20.5666,20.2636,21.0131,19.4604,19.2546,20.0874,19.4854,20.7166,20.6629,19.474,20.7482,19.2422,21.6321,19.0908,19.7601,19.7949,20.4768,23.5176,19.1044,19.4106,19.6061,20.3955,23.0631,18.1808,19.3804,20.1721,19.8167,20.2037,19.6706,19.8112,19.7709,19.8507,22.1413,19.4301,20.2155,20.8149,20.5283,23.9577,18.8703,19.6031,20.6521,20.6956,21.7902,18.6831,20.0045,19.672,20.6183,21.6304
481,3:04:35 PM,19.5283,19.7755,19.7188,19.8271,20.7303,20.2815,19.5313,20.5307,21.1492,21.0934,20.1842,19.9532,19.7877,20.1093,21.0079,20.2066,20.6661,20.8546,20.7309,22.0833,20.1062,20.6009,20.8191,19.9726,21.8808,18.8517,19.6563,19.4759,19.9256,20.7852,20.4508,19.9531,21.0784,20.7363,22.0285,19.9823,20.4691,20.4986,20.6972,21.0441,20.417,20.7207,20.1208,21.2444,22.1495,20.5764,21.1985,21.1025,20.8217,21.6965,18.3281,19.0488,19.7185,20.0368,21.3007,18.9791,20.0499,20.3411,20.9427,21.1953,20.4896,20.3982,20.0678,20.5433,22.1138,20.0189,20.1764,19.4836,20.8648,22.5765,19.2261,20.1354,20.5075,20.249,20.8967,19.4273,19.3657,19.9602,19.7349,20.8081,20.6022,19.4844,20.6714,19.1253,21.871,18.8377,19.755,19.7577,20.4269,23.5181,18.9804,19.4575,19.9935,20.4804,23.1348,18.2669,19.723,20.228,19.8691,20.1327,19.7766,19.8775,19.7905,19.832,22.1775,19.2745,20.0738,20.8026,20.5047,23.5807,18.7561,19.5534,20.6746,20.6167,21.5877,18.6152,20.0449,19.8236,20.5575,21.577
482,3:04:55 PM,19.4567,19.7032,19.7579,19.7377,20.7969,20.2942,19.483,20.5777,21.1657,21.2569,20.165,19.9048,19.888,20.2648,20.7477,20.1726,20.6449,20.882,20.7107,21.9082,20.132,20.6387,20.7799,20.1731,21.977,18.9321,19.5416,19.3629,19.6912,20.7651,20.8581,19.8673,21.0618,20.5205,22.0721,19.8245,20.4163,20.5817,20.4331,20.7995,20.5167,20.5922,20.2428,21.2386,22.0449,20.6288,21.0889,21.0899,20.8029,21.6395,18.4999,18.7658,19.7726,20.0245,21.2171,19.3044,20.1479,20.1844,20.8928,20.9549,20.3449,20.5167,19.973,20.3739,22.2845,19.9179,20.0767,19.4254,20.9899,22.3125,18.978,20.046,20.4293,20.3251,21.1423,19.3041,19.2155,20.0957,19.5596,20.845,20.749,19.3229,20.2418,19.1738,21.6882,18.8496,19.7088,19.6604,20.2694,23.1812,19.0331,19.3263,19.6506,20.7911,23.2307,18.1384,19.6057,20.1201,20.0016,20.3817,19.6468,19.8555,19.6197,19.727,21.568,19.3777,19.9821,20.7396,20.281,23.7602,18.6942,19.4037,20.5341,20.5302,21.298,18.6096,20.0139,19.7114,20.6211,21.518
483,3:05:15 PM,19.5584,19.8448,19.7307,19.7071,20.7142,20.4156,19.4337,20.5798,21.2023,21.2298,20.1075,19.9468,19.8513,20.2709,20.8034,20.2436,20.6469,20.9188,20.7433,21.9561,20.1817,20.5995,20.7491,20.0638,21.786,19.0242,19.6336,19.3788,19.628,20.6676,20.6522,19.8536,21.0915,20.7541,22.1631,19.8655,20.3806,20.6313,20.4579,20.9391,20.5715,20.7301,20.1318,21.2479,22.0219,20.5723,21.0325,21.1582,20.9364,21.7162,18.539,18.7913,19.7562,20.0912,21.3364,19.081,20.1472,20.319,21.0123,21.016,20.2601,20.364,19.9896,20.456,22.1377,19.9207,20.1919,19.3337,20.9256,22.2257,19.1576,20.1139,20.6247,20.3667,21.2129,19.4001,19.1596,19.9901,19.6183,20.8576,20.6644,19.2866,20.6549,19.0571,21.7748,18.9846,19.7612,19.676,20.3279,23.3647,19.0553,19.3319,19.9057,20.6073,23.1899,18.1168,19.6039,20.2879,19.7807,20.903,19.6477,19.9472,19.6804,19.7312,22.0308,19.1499,20.0334,20.6761,20.3468,23.9167,18.5275,19.4948,20.5192,20.525,21.3074,18.5451,20.0567,19.5585,20.6245,21.5575
484,3:05:35 PM,19.5845,19.7524,19.638,19.769,20.6878,20.3265,19.4546,20.6625,21.221,21.2094,20.1933,19.9198,19.7786,20.1319,20.7922,20.1576,20.6305,20.8492,20.7165,21.9564,20.0595,20.5753,20.6985,20.2331,21.7984,18.9148,19.5578,19.2432,19.6309,20.7103,20.661,19.9606,21.0361,20.6294,22.0726,19.87,20.3194,20.523,20.1582,20.6312,20.4721,20.7087,19.935,21.2673,21.9317,20.6906,21.0833,21.0094,20.9264,21.7495,18.4399,18.9247,19.7993,20.0974,21.2913,19.2664,20.1605,20.2577,20.9927,21.1193,20.5094,20.4251,20.0388,20.401,21.8883,19.949,20.0689,19.374,20.9498,22.1728,19.4211,20.0475,20.5904,20.3128,21.1241,19.2889,19.1685,20.1201,19.7101,20.9561,20.6653,19.225,20.6283,19.1588,22.0438,18.859,19.7641,19.73,20.0995,23.4406,19.1911,19.4924,20.0854,20.5222,23.3351,18.1029,19.6842,20.3411,19.7028,20.6816,19.6384,19.8258,19.7005,19.7727,21.9283,19.3095,20.0541,20.8454,20.4633,23.7574,18.6806,19.3303,20.5854,20.5227,21.4541,18.6474,20.0915,19.8892,20.8922,21.842
485,3:05:55 PM,19.4965,19.7326,19.5881,19.8338,20.7294,20.4208,19.4425,20.6681,21.1585,21.1692,20.0804,19.9059,19.744,20.2511,20.9251,20.2189,20.6399,20.7908,20.7643,22.023,19.9804,20.4247,20.6907,20.0801,21.843,18.8753,19.5931,19.2073,19.7223,20.7876,20.5965,19.8091,21.1622,20.7723,22.028,19.8015,20.4314,20.495,20.5009,20.6082,20.4586,20.6254,20.2521,21.2325,22.0634,20.6473,21.0077,20.9991,20.8619,21.7013,18.3833,18.8927,19.7882,20.1571,21.2113,19.2739,20.0847,20.2941,20.9601,21.1521,20.6149,20.4104,19.9779,20.3405,21.9782,20.008,20.1501,19.3672,20.9478,22.1175,18.866,19.9629,20.5222,20.2372,21.0422,19.3892,19.1859,20.0415,19.5817,20.7983,20.5866,19.196,20.3876,19.1462,21.8168,19.1432,19.8095,19.8099,20.3257,23.1982,19.198,19.4634,19.721,20.3237,23.1904,18.0122,19.6061,20.267,19.8672,20.1822,19.6867,19.7726,19.6187,19.8021,21.7284,19.3968,20.1568,20.8459,20.3156,24.234,18.6363,19.6292,20.7983,20.5251,21.5265,18.4784,20.0341,19.6311,20.8194,21.7281
486,3:06:15 PM,19.5418,19.7849,19.6658,19.8238,20.7232,20.313,19.5555,20.7703,21.1555,21.2263,20.1302,19.8012,19.7626,20.2334,20.729,20.2732,20.6806,20.796,20.7726,21.9359,20.1797,20.5478,20.8831,20.1201,21.8369,18.9273,19.6685,19.3024,19.7573,20.754,20.6517,19.9617,21.0322,20.6555,22.0571,19.7786,20.4028,20.4319,20.3566,20.8066,20.4515,20.6958,19.8877,21.3202,22.0128,20.6519,21.0712,21.0707,20.8985,21.7241,18.5352,18.908,19.8911,20.0883,21.2088,19.0294,20.2276,20.2487,20.962,21.4405,20.4218,20.4405,20.0139,20.3372,22.0292,19.9534,20.0822,19.3979,20.9604,22.1821,19.1157,20.1993,20.6174,20.3749,21.0677,19.4881,19.3499,20.0569,19.6318,20.7873,20.6681,19.3663,20.712,19.1138,22.034,18.8705,19.6789,19.8006,20.4312,23.1897,19.0883,19.4425,19.7829,20.4167,23.2577,18.1019,19.5399,20.1613,19.8588,20.3051,19.721,19.8229,19.7541,19.7464,22.2157,19.2107,20.1386,20.8379,20.7148,24.517,18.5938,19.6786,20.6204,20.6166,21.4836,18.5625,20.0111,19.6055,20.587,21.457
487,3:06:35 PM,19.7245,19.8419,19.7407,19.7633,20.6566,20.2685,19.5865,20.8369,21.1973,21.2725,20.1144,19.7983,19.803,20.3528,20.9461,20.2443,20.647,20.888,20.7191,21.7532,20.2005,20.5511,20.7335,19.9645,21.7111,18.9435,19.7508,19.2478,19.8058,20.6657,20.6815,19.8533,20.9998,20.782,22.0411,19.9094,20.4197,20.4283,20.7197,21.0863,20.5537,20.6317,20.0622,21.149,22.1577,20.5972,21.0341,21.0595,20.9503,21.7342,18.5601,18.9791,19.7942,20.0244,21.2853,19.2999,20.1544,20.2269,20.893,21.0387,20.2705,20.3927,19.9428,20.3737,22.0393,19.8609,20.1805,19.4053,20.9367,22.2999,18.8827,20.0802,20.4152,20.2747,20.9156,19.5087,19.1889,20.0481,19.5287,20.8168,20.6806,19.3195,20.5851,19.1777,21.9226,19.0417,19.8182,19.7895,20.2834,23.1736,19.1788,19.3103,19.6847,20.2449,23.252,18.1135,19.4985,20.0634,19.8939,20.0765,19.6572,19.9343,19.6756,19.7132,21.8636,19.3985,20.0311,20.7193,20.5508,23.5303,18.7914,19.6796,20.6436,20.607,21.5924,18.7289,20.0674,19.9195,20.5984,21.5343
488,3:06:55 PM,19.6233,19.8503,19.6343,19.7172,20.7535,20.253,19.7055,20.8587,21.2348,21.231,20.0809,19.9248,19.8852,20.4096,20.8014,20.2434,20.7612,20.8504,20.7361,21.9509,19.8718,20.395,20.7245,20.3365,21.8042,18.9814,19.5677,19.1598,19.648,20.6244,20.7438,19.8799,21.1854,20.7038,22.1148,19.8385,20.4297,20.3821,20.7555,20.973,20.5885,20.669,20.0756,21.3314,21.9764,20.5927,21.0991,21.0071,20.8231,21.6615,18.4766,18.9632,19.8947,20.0967,21.2486,19.3955,20.1311,20.2484,21.0013,21.4917,20.2294,20.4659,20.057,20.5636,22.1808,19.9041,20.1671,19.382,20.9573,22.3143,18.8388,20.0093,20.5417,20.2102,20.8321,19.5101,19.2562,20.0624,19.5013,20.7635,20.65,19.2429,20.8937,19.2382,22.1589,19.0308,19.7312,20.0373,20.6772,23.548,19.1014,19.3844,19.7219,20.2127,23.16,18.0013,19.2561,19.982,19.7335,19.8745,19.7624,19.8785,19.7252,19.7534,22.9555,19.5179,20.1135,20.7495,20.3742,24.3425,18.7187,19.3917,20.6311,20.6232,21.5251,18.7771,20.0615,19.8656,20.6083,21.5197
489,3:07:15 PM,19.825,19.8437,19.6492,19.7372,20.6772,20.257,19.6451,20.7961,21.2809,21.3959,20.1279,19.9888,19.7519,20.1395,20.8556,20.1867,20.5,20.7376,20.7365,21.7723,19.888,20.5012,20.7782,19.9976,21.8665,19.0665,19.6301,19.3345,19.8704,20.847,20.7774,19.9219,21.0665,20.5904,21.9521,19.8542,20.4376,20.5481,20.2867,20.6521,20.523,20.5859,19.9858,21.1669,21.9641,20.5193,21.0709,21.0754,20.7455,21.7025,18.6592,19.0593,19.9177,20.1158,21.2505,19.1996,20.1357,20.3013,20.9293,21.222,20.4824,20.3885,20.0005,20.474,22.1521,19.7838,20.1515,19.4232,20.8554,22.4473,19.2432,20.1805,20.4043,20.3361,20.8696,19.5109,19.356,20.0764,19.6466,20.8094,20.6954,19.3266,20.631,19.3363,21.9355,18.9462,19.7479,19.94,20.6149,23.3496,19.1052,19.3682,19.8535,20.282,23.2301,18.2438,19.5156,20.0895,19.6397,19.9945,19.693,19.9775,19.7698,19.842,22.4401,19.4125,20.0959,20.8596,20.5335,24.7849,18.6394,19.4433,20.7037,20.6868,21.4411,18.6459,20.1207,19.4085,20.4959,21.434
490,3:07:35 PM,19.7751,19.9683,19.6027,19.721,20.6798,20.2484,19.6057,20.8063,21.2501,21.492,20.0699,19.9991,19.7643,20.2209,20.7874,20.1747,20.7213,20.804,20.7594,21.884,19.9942,20.3959,20.7671,20.1647,21.9398,18.8955,19.6484,19.1102,19.7532,20.6673,20.6282,19.9755,21.1803,20.6665,22.0371,19.77,20.5081,20.5209,20.5658,20.911,20.4083,20.6248,20.0534,21.1986,22.0089,20.5391,20.8836,21.0618,20.8593,21.7519,18.5411,18.8096,19.9097,20.055,21.271,19.0121,20.1927,20.3575,20.9223,21.0693,20.2234,20.4593,19.9962,20.4813,22.2148,19.8314,20.1185,19.3527,20.9803,22.3287,19.2145,20.0419,20.5567,20.264,21.1962,19.4408,19.1834,20.0621,19.5922,20.6887,20.6865,19.3087,20.3297,19.1658,21.8164,18.9263,19.773,19.7823,20.5037,23.2831,19.0334,19.4192,19.6693,20.5547,23.3662,18.0559,19.4956,20.1462,19.9976,19.94,19.6946,19.9221,19.6247,19.7537,22.2269,19.4866,20.1424,20.8896,20.5851,23.9786,18.6921,19.4468,20.5347,20.6747,21.7289,18.4863,20.0619,19.8015,20.721,21.6426
491,3:07:55 PM,19.6483,19.7986,19.6483,19.4963,20.567,20.3714,19.3891,20.7432,21.2118,21.3297,20.0192,20.0195,19.9319,20.3432,20.9163,20.1806,20.6854,20.826,20.7693,21.8583,20.016,20.3249,20.6915,19.9261,21.796,18.8774,19.6495,19.2557,19.6395,20.6791,20.5729,19.9881,21.0005,20.6108,21.9519,19.8576,20.3061,20.556,20.6238,20.796,20.6102,20.5082,20.1304,21.1868,22.0607,20.6461,21.0601,20.9409,20.7529,21.7634,18.5474,18.7902,19.8366,19.9075,21.2996,18.9739,20.086,20.2967,20.923,21.2342,20.3093,20.433,19.8886,20.4653,22.127,19.975,20.2403,19.5207,20.9199,22.3447,18.9656,20.218,20.4819,20.2413,21.1086,19.451,19.3368,20.0812,19.5734,20.8791,20.6071,19.2165,20.5051,19.0281,21.8106,18.9116,19.5472,19.6004,20.5152,23.9417,19.178,19.3798,19.7522,20.4055,23.2923,18.1691,19.5817,20.0878,19.8339,19.912,19.7232,19.8174,19.6864,19.7069,22.0249,19.3377,20.0044,20.7285,20.4752,23.5697,18.5769,19.4409,20.5937,20.5054,21.8058,18.6179,20.1124,19.5952,20.831,21.4529
492,3:08:15 PM,19.7823,19.8446,19.7041,19.643,20.6685,20.3165,19.3957,20.7082,21.1115,21.0955,20.1211,19.918,19.8674,20.276,21.0434,20.1434,20.6693,20.8474,20.7204,21.8141,19.9693,20.5295,20.7252,20.1797,21.7457,18.9816,19.6328,19.4421,19.64,20.7557,20.4215,19.8611,21.0535,20.7724,22.0553,19.7678,20.2384,20.4507,20.5528,21.1222,20.518,20.6623,19.8806,21.2394,22.0387,20.5956,21.0766,21.0027,20.829,21.7269,18.4031,18.8277,19.7253,20.076,21.2588,19.3611,20.0499,20.226,20.9227,20.9645,20.2191,20.3606,19.9565,20.3784,22.2508,19.8532,20.0436,19.4145,21.0597,22.2876,18.9812,20.1747,20.5083,20.2322,20.9237,19.3921,19.2348,20.0685,19.6192,20.7505,20.5603,19.2569,20.316,19.2366,22.0568,19.0597,19.8053,20.0049,20.5946,23.4849,19.1131,19.3436,19.9605,20.2683,23.4165,18.0043,19.4883,19.8687,20.0564,20.0031,19.5918,19.8831,19.6728,19.6871,21.9996,19.2088,19.9562,20.7415,20.2777,24.5089,18.7724,19.6909,20.4738,20.5114,21.429,18.8211,20.0078,19.6788,20.7889,21.5459
493,3:08:35 PM,19.6705,19.8261,19.569,19.6276,20.6858,20.2886,19.3188,20.5189,21.1746,21.2021,20.0392,20.0128,19.7884,20.3241,20.982,20.227,20.6794,20.8084,20.7834,21.9127,19.8612,20.4403,20.7685,20.1491,21.877,19.0604,19.6181,19.2411,19.7387,20.7689,20.4548,19.8493,21.072,20.7227,22.111,19.8699,20.4773,20.5546,20.5556,21.0742,20.6013,20.6161,20.1656,21.188,22.1417,20.709,20.9754,21.0657,20.8331,21.7414,18.5724,18.8706,19.8104,20.0308,21.1738,19.2952,20.1549,20.3426,20.9853,21.045,20.2873,20.3591,20.0143,20.455,22.2145,19.786,20.1153,19.4368,20.9692,22.2363,19.0431,19.9533,20.5243,20.3522,21.0233,19.3726,19.3231,20.048,19.6356,20.8171,20.5553,19.3207,20.5868,19.1885,22.0813,18.9343,19.7652,19.63,20.2951,23.4372,19.0829,19.4702,20.0951,20.4648,23.3288,18.162,19.4091,19.9777,19.9206,20.0353,19.6594,19.9265,19.6659,19.63,22.1764,19.3759,19.9808,20.8318,20.5842,24.2781,18.7994,19.6407,20.6631,20.6589,21.5196,18.5667,19.9034,19.6435,20.7515,21.5867
494,3:08:55 PM,19.6794,19.8915,19.5659,19.7344,20.586,20.1949,19.4758,20.464,21.1098,21.1763,20.1339,20.0111,19.9069,20.3383,21.2195,20.0537,20.718,20.7739,20.7303,21.8452,20.1984,20.6175,20.778,20.3794,21.7593,18.9912,19.6141,19.3305,19.8869,20.7571,20.5782,19.8124,20.9779,20.6091,22.1728,19.8457,20.3575,20.4999,20.6111,21.0232,20.6006,20.6881,19.9018,21.2025,22.1356,20.6078,21.0416,21.086,20.9072,21.7266,18.4534,18.9158,19.8599,19.9634,21.2175,19.1691,20.1584,20.1404,20.9633,20.8779,20.2487,20.3862,19.9369,20.3585,22.152,19.9078,20.2396,19.4966,20.9225,22.285,19.0024,20.2263,20.5289,20.2589,20.913,19.3817,19.3142,20.0986,19.636,20.7999,20.549,19.1874,20.6049,19.2886,22.0185,18.9657,19.6631,19.7821,20.4611,23.5515,19.1292,19.4238,19.5569,20.1499,23.3399,18.0585,19.6003,20.2106,19.8716,20.0139,19.7225,19.9121,19.6228,19.7647,22.0133,19.5235,20.1099,20.9989,20.4961,24.218,18.5117,19.3197,20.656,20.5642,21.4126,18.6876,20.1619,19.5794,20.7711,21.5541
495,3:09:15 PM,19.7077,19.7476,19.6592,19.6649,20.6561,20.1801,19.3852,20.555,21.0705,21.0579,20.2456,19.9927,19.9515,20.4928,20.9857,20.1809,20.7308,20.9142,20.8675,21.8071,19.9473,20.4149,20.727,19.9691,21.8672,18.9493,19.6967,19.0283,19.7231,20.6989,20.5145,19.8554,20.9785,20.7496,22.1246,19.8877,20.3987,20.5475,20.7184,21.1408,20.5991,20.7024,20.1304,21.2307,22.1525,20.6624,21.0925,21.0732,20.859,21.7616,18.401,18.7482,19.7803,19.9676,21.2771,19.1104,20.2098,20.2833,20.9881,21.1841,20.2534,20.4061,19.9488,20.5618,22.0917,20.0056,20.2501,19.4461,20.9883,22.3283,18.8973,20.0228,20.5541,20.4539,21.2676,19.2848,19.2676,20.0025,19.472,20.7748,20.6801,19.4034,20.5765,19.1064,21.8148,18.9023,19.657,19.8056,20.2871,23.5684,19.0795,19.4767,19.589,20.34,23.2632,18.1781,19.6552,20.1843,19.8527,19.891,19.553,19.7306,19.6408,19.8118,21.7857,19.3765,20.1621,20.8315,20.2239,24.2804,18.6575,19.2061,20.5342,20.4638,21.6699,18.8701,20.1092,19.6774,20.8807,21.8247
496,3:09:35 PM,19.7057,19.8167,19.6872,19.6764,20.564,20.2013,19.4721,20.5767,21.0652,21.1518,20.1369,19.998,19.7665,20.3887,21.3436,20.2402,20.7139,20.9227,20.7796,22.0063,20.1003,20.4375,20.6306,19.8993,21.8082,18.7823,19.6029,19.2141,19.628,20.6858,20.6501,19.8327,21.0363,20.5514,22.0696,19.8486,20.3884,20.5233,20.5074,20.818,20.4842,20.6303,20.1311,21.2792,22.0449,20.6774,20.9944,20.975,20.8475,21.7484,18.4985,18.8955,19.6928,19.9209,21.2493,19.2783,20.2187,20.2938,21.0135,21.2186,20.2396,20.3739,20.0068,20.5229,22.1527,19.942,20.0914,19.4323,21.0016,22.322,19.3886,20.0708,20.5213,20.3144,21.1823,19.4201,19.2525,20.0423,19.4822,20.8115,20.5182,19.3771,20.6915,19.0312,21.9107,18.9187,19.7495,19.594,20.4067,23.1678,18.9703,19.4265,19.9624,20.6196,23.4058,18.2804,19.8598,20.2198,19.8229,20.0943,19.5752,19.8671,19.6423,19.7585,21.8503,19.3388,20.222,20.7973,20.553,24.5171,18.7343,19.4881,20.4985,20.5262,21.6074,18.7871,20.1074,19.7415,20.4735,21.6151
497,3:09:55 PM,19.4753,19.6141,19.5224,19.7253,20.5724,20.2986,19.5301,20.6022,21.0063,21.1493,20.1099,20.0233,20.0052,20.6622,21.0436,20.1225,20.6385,20.8294,20.7213,22.0574,20.0508,20.5025,20.6856,20.0803,22.0314,18.8702,19.6152,19.3057,19.7314,20.7815,20.588,19.8408,20.9778,20.6572,22.1154,19.8533,20.3477,20.6116,20.5022,20.6852,20.5126,20.6562,20.016,21.3047,22.0773,20.6291,21.0302,20.9764,20.8306,21.75,18.5168,18.8748,19.8164,19.9965,21.1936,19.047,20.1927,20.3083,20.9838,20.9877,20.3614,20.4414,19.9946,20.3784,22.1933,19.9638,20.0882,19.4357,20.8627,22.2985,19.2573,20.1846,20.6139,20.4639,21.1723,19.4857,19.3055,20.1115,19.7171,20.7865,20.5953,19.4251,20.5847,19.3038,22.1782,18.9821,19.6203,19.6228,20.218,23.248,19.1713,19.3562,19.9337,20.5553,23.3633,18.158,19.7896,20.1361,19.767,20.5721,19.6023,19.7891,19.6861,19.6611,21.7023,19.2986,20.1094,20.6205,20.4782,24.5121,18.8028,19.482,20.4487,20.5076,21.6484,18.8425,20.1171,19.6806,20.7709,21.5463
498,3:10:15 PM,19.529,19.5723,19.4963,19.6435,20.5963,20.2972,19.5718,20.6936,21.0325,21.0714,20.1971,19.805,19.7107,20.4953,21.1071,20.1615,20.6405,20.8544,20.8483,21.9349,19.9748,20.4144,20.7857,20.1556,21.9208,18.9333,19.7506,19.3108,19.6782,20.8466,20.5446,19.9738,20.9358,20.7376,22.1979,19.7303,20.3243,20.5798,20.5509,20.9785,20.5625,20.8017,20.0251,21.3338,22.0894,20.6706,21.1262,21.0631,20.9486,21.7998,18.3738,18.7693,19.6835,19.8927,21.2236,19.0879,20.0814,20.3113,20.771,20.9234,20.3511,20.4107,19.9752,20.3923,22.1317,19.9393,20.1899,19.4128,20.9322,22.3875,19.0152,20.1762,20.6704,20.3293,21.3291,19.4421,19.2003,20.1058,19.5983,20.7518,20.5246,19.3467,20.4763,19.1308,22.0854,19.0406,19.8569,19.5814,20.2673,23.4071,19.0889,19.3109,19.9531,20.6824,23.3045,18.1371,19.7311,20.2603,19.9832,20.0206,19.6544,19.8073,19.7191,19.6725,21.9923,19.3035,20.0844,20.7733,20.9088,24.5366,18.8547,19.7219,20.7316,20.7277,21.6131,18.7085,20.0181,19.5789,20.7498,21.6344
499,3:10:35 PM,19.4955,19.6993,19.6785,19.8926,20.5843,20.1506,19.409,20.6012,21.2337,21.3173,20.2572,19.8897,19.7235,20.2357,20.8969,20.1006,20.6423,20.8145,20.7702,21.9327,20.1603,20.4202,20.8156,19.8028,22.0652,18.8946,19.5661,19.2596,19.7033,20.7391,20.6761,19.8843,21.0879,20.7443,22.0987,19.8859,20.3413,20.5024,20.2606,20.353,20.4368,20.6185,19.9703,21.2742,22.0205,20.6472,21.0901,20.8905,20.8687,21.7886,18.411,18.7721,19.7632,19.9744,21.2809,19.0827,20.1086,20.2273,20.987,20.93,20.5194,20.3859,20.0702,20.3273,22.0615,19.9551,20.232,19.4032,20.9367,22.2856,19.181,20.0851,20.4403,20.3648,21.1144,19.3991,19.1897,19.9395,19.5831,20.8235,20.7252,19.5079,20.721,19.2958,22.3354,19.0396,19.7369,19.6847,20.0794,23.5051,19.006,19.487,20.0005,20.5249,23.2673,18.0598,19.5636,20.1106,19.8854,20.177,19.5677,19.8293,19.6522,19.7078,21.8428,19.2816,20.1674,20.7509,20.4878,24.2417,18.7692,19.8526,20.6357,20.5663,21.4851,18.6515,20.0843,19.4395,20.7392,21.4815
500,3:10:55 PM,19.5886,19.7534,19.661,19.7279,20.6936,20.2258,19.8481,20.7321,21.2138,21.4113,20.228,19.8758,19.7615,20.1457,20.8545,20.1286,20.6236,20.8212,20.7925,21.9468,20.095,20.2456,20.6204,20.0703,22.0469,18.8881,19.6584,19.3365,19.8118,20.6554,20.6238,19.9995,21.0662,20.8603,22.0556,20.0104,20.3431,20.4533,20.2732,20.3974,20.4929,20.6044,20.0898,21.2434,22.0688,20.6529,20.9652,20.9829,20.9144,21.8302,18.5121,18.9189,19.7512,19.911,21.2619,19.2193,20.1357,20.3872,21.0169,21.1405,20.3464,20.4192,20.0501,20.4587,22.2209,19.8493,20.158,19.5295,20.9301,22.2475,19.2762,19.9525,20.3123,20.3178,21.0078,19.4025,19.2187,20.0732,19.6108,20.7566,20.599,19.511,20.8775,19.1805,22.0147,19.011,19.6144,19.8548,20.4047,23.428,19.1902,19.3171,19.8781,20.6282,23.2337,18.2081,19.7772,20.2848,19.8434,20.2355,19.6501,19.8551,19.7817,19.8762,22.1063,19.3109,20.1897,20.8339,20.6177,24.3885,18.7467,19.4741,20.738,20.6183,21.4826,18.8946,20.141,19.6559,20.4938,21.5352
501,3:11:15 PM,19.7285,19.8293,19.6219,19.781,20.5878,20.2509,19.6039,20.6338,21.2934,21.3714,20.157,19.8938,19.8247,20.294,20.9221,20.1696,20.5959,20.8263,20.763,22.0154,20.0838,20.4533,20.7254,20.1414,21.9115,18.972,19.6426,19.2502,19.7797,20.755,20.7189,19.93,21.2672,20.6589,21.9208,19.8886,20.3829,20.4394,20.333,20.5818,20.4903,20.519,20.0869,21.2018,22.0909,20.6412,20.9713,21.0701,20.8466,21.722,18.4706,18.9441,19.7699,20.0561,21.3293,19.4762,20.1691,20.3057,20.8809,21.0089,20.4596,20.4631,20.0175,20.3442,22.3613,19.8103,20.0972,19.2406,20.9177,22.3134,18.7924,19.8885,20.3952,20.4272,21.1147,19.5022,19.2561,20.0097,19.6076,20.7597,20.7179,19.4296,20.7281,19.0798,22.2105,19.0775,19.7761,19.7085,20.3067,23.5855,19.1444,19.3387,19.63,20.2441,23.4022,18.2121,19.5582,20.1893,19.9598,20.0179,19.7179,19.8688,19.7664,19.7266,22.0232,19.3801,20.1784,20.8195,20.6531,24.5273,18.6486,19.7637,20.6658,20.6453,21.5967,18.8082,20.0576,19.5706,20.8178,21.4324
502,3:11:35 PM,19.8052,19.8349,19.6267,19.9112,20.6227,20.2642,19.7597,20.7594,21.2847,21.4999,20.1237,19.7679,19.7849,20.2102,20.9208,20.1483,20.6441,20.8647,20.7996,22.0752,20.062,20.4543,20.7341,20.2583,21.8837,18.9978,19.6232,19.1817,19.6805,20.7597,20.5519,19.9269,21.172,20.7456,22.0914,19.8235,20.384,20.6428,20.5584,20.9585,20.5546,20.5339,20.0869,21.1888,22.0784,20.5263,20.9885,21.0354,20.8603,21.7592,18.6073,18.8574,19.8449,19.9848,21.1799,19.1936,20.1893,20.3526,20.999,21.1715,20.3466,20.4068,20.009,20.4004,22.105,19.892,20.1527,19.492,20.9087,22.1122,18.8805,19.8755,20.5606,20.3302,20.7934,19.5958,19.2061,20.0234,19.6052,20.806,20.6182,19.3302,20.6635,19.333,21.8481,19.0415,19.8218,19.7709,20.2005,23.5604,19.0698,19.3798,19.7355,20.2823,23.322,18.0645,19.499,20.1574,19.8761,19.9489,19.7184,19.8397,19.7078,19.8453,21.9183,19.3631,20.1175,20.79,20.3536,24.6321,18.7914,19.6126,20.6304,20.6103,21.5021,18.7071,20.0966,19.577,20.5882,21.706
503,3:11:55 PM,19.6226,19.8223,19.7062,19.7366,20.5746,20.3974,19.7518,20.851,21.2811,21.3057,20.0888,19.8343,19.6947,20.2343,21.0536,20.0422,20.5547,20.9237,20.8007,21.8766,20.0701,20.444,20.7405,20.1871,21.8991,18.9956,19.748,19.4632,19.9037,20.8144,20.7498,19.9269,21.1716,20.752,22.2231,19.819,20.3578,20.5832,20.7638,21.1328,20.4582,20.5986,20.174,21.2877,22.1628,20.5718,20.9475,20.9855,20.991,21.9187,18.5646,18.8649,19.7988,20.1378,21.2665,19.3264,20.2468,20.3114,21.0265,21.1988,20.333,20.4922,20.0035,20.4937,22.1691,19.8676,20.1325,19.3655,20.9392,22.2471,19.1915,20.086,20.4879,20.3978,20.9059,19.4491,19.3654,20.0943,19.595,20.7764,20.725,19.3138,20.6317,19.1661,21.7854,18.9906,19.7465,19.7157,20.1775,23.1549,19.0455,19.379,20.0813,20.3846,23.2138,18.1025,19.4849,19.9047,19.7181,20.0434,19.6641,19.9377,19.6961,19.7995,22.0044,19.4024,20.2943,20.6383,20.3187,23.8537,18.7001,19.5332,20.6787,20.4421,21.5349,18.7037,20.1268,19.8634,20.7726,21.6394
504,3:12:15 PM,19.7272,19.9201,19.6692,19.689,20.6578,20.3151,19.4931,20.7548,21.2055,21.4532,20.0705,19.9106,19.8194,20.2862,20.7391,20.113,20.6517,20.8459,20.7102,21.9066,20.0219,20.3423,20.7472,20.0719,21.9327,19.0172,19.6618,19.4478,19.7768,20.7847,20.4755,19.7909,21.1668,20.7266,22.1007,19.834,20.3687,20.5602,20.6494,20.9768,20.5035,20.558,20.1636,21.2303,22.0902,20.5869,20.996,20.9755,20.9164,21.7017,18.3694,19.0198,19.7785,20.0682,21.3457,19.1827,20.2313,20.278,21.0014,21.0134,20.2954,20.4531,19.9807,20.497,22.194,19.9345,20.1609,19.4036,20.9356,22.465,19.0599,19.9687,20.4169,20.4015,21.1273,19.2744,19.1865,20.0023,19.5505,20.8605,20.7243,19.292,20.3242,19.1346,21.763,18.8452,19.8295,19.6691,20.1587,23.3931,19.1017,19.3459,19.9058,20.4705,23.3169,18.0622,19.5585,20.1816,19.9945,20.3011,19.5891,19.9057,19.8015,19.7094,21.8084,19.4627,20.0541,20.7666,20.4462,23.823,18.5836,19.4705,20.7215,20.6432,21.4558,18.5501,20.1871,19.6748,20.76,21.555
505,3:12:35 PM,19.5329,19.678,19.5758,19.6609,20.6687,20.4038,19.5282,20.7313,21.0921,21.2895,20.1116,19.8329,19.9852,20.3895,21.0265,20.2399,20.585,20.8,20.8053,21.9616,20.0544,20.4872,20.7422,20.2181,22.0034,18.8217,19.6019,19.1744,19.7739,20.7386,20.8337,19.949,21.1377,20.6828,22.1528,19.7985,20.4109,20.4895,20.3732,20.7281,20.4218,20.6603,20.102,21.2079,22.002,20.667,20.9769,21.0578,20.9727,21.8477,18.4223,18.8287,19.7255,20.1361,21.2468,19.4931,20.1691,20.2311,21.0015,21.1964,20.4398,20.4895,20.0124,20.4923,22.1208,19.8983,20.1693,19.2976,20.913,22.3115,18.8314,20.0443,20.6218,20.3752,21.2203,19.3097,19.2245,20.0052,19.3875,20.6948,20.6884,19.357,20.9069,19.2343,21.8438,18.7959,19.8271,19.8492,20.4437,23.4098,19.0987,19.3602,19.9119,20.3371,23.3043,18.0685,19.252,20.0753,19.8598,20.5777,19.6429,19.8331,19.7261,19.5604,22.0727,19.4396,20.0183,20.7277,21.4022,23.9139,18.9079,19.5099,20.8232,20.6893,21.5361,18.5999,19.9768,19.6567,20.8457,21.5748
506,3:12:55 PM,19.6985,19.9318,19.8767,19.7805,20.6241,20.2388,19.4013,20.6211,21.2196,21.3098,20.1417,19.8806,19.7562,20.1389,20.7879,20.1626,20.5497,20.8308,20.7228,21.9483,20.1502,20.5262,20.7509,20.0852,21.9228,19.1586,19.7236,19.3182,19.747,20.6951,20.8024,19.9449,21.1075,20.7591,22.1595,19.7528,20.4588,20.3628,20.3988,20.8774,20.5146,20.5422,20.0291,21.2504,21.9938,20.4969,21.001,21.0095,20.8641,21.724,18.5237,18.898,19.8803,20.1507,21.2408,19.3109,20.2155,20.2923,21.0126,21.2304,20.39,20.4175,19.9818,20.2428,22.5902,19.8749,20.2722,19.4525,20.9959,22.2154,19.196,20.0549,20.4141,20.4586,21.147,19.6693,19.2743,20.065,19.6428,20.8176,20.7115,19.2272,20.4463,19.1912,22.1142,18.9437,19.6348,19.8292,20.9116,23.6038,19.037,19.3439,19.462,20.5213,23.3236,18.0735,19.5193,20.1738,19.8101,20.5794,19.7047,19.9366,19.6135,19.6651,21.8261,19.5142,20.1355,20.7103,20.5658,23.5923,18.6947,19.611,20.6529,20.5676,21.5503,18.6735,19.8961,19.6071,20.8207,21.5088
507,3:13:15 PM,19.7648,19.7802,19.6638,19.7046,20.6145,20.3037,19.3971,20.5533,21.3297,21.4197,20.2853,19.8707,19.8416,20.3068,20.963,20.2802,20.6735,20.8679,20.7838,21.9685,20.0388,20.4857,20.7828,19.9778,22.0666,19.0167,19.6756,19.4781,19.7204,20.7764,20.804,19.8346,20.9606,20.5722,22.1827,19.8592,20.3942,20.4859,20.5548,20.733,20.5814,20.6323,20.014,21.2294,22.2867,20.6172,21.0333,21.0098,20.844,21.8102,18.5957,18.8302,19.851,19.963,21.243,19.2213,20.0938,20.2745,20.9782,21.3127,20.2179,20.3858,19.9409,20.2544,22.0985,19.9246,20.2173,19.364,20.9063,22.2486,19.1575,20.2079,20.4943,20.4543,21.3153,19.4541,19.2916,20.0407,19.5902,20.8273,20.7501,19.4371,20.7233,19.3276,21.9144,18.9883,19.834,19.5962,20.3308,23.431,19.0825,19.3838,19.9106,20.2881,23.1316,17.9798,19.4191,20.0344,19.7616,20.9618,19.7309,19.8747,19.6461,19.6554,21.7119,19.5859,20.2139,20.819,20.5735,24.0226,18.8015,19.4632,20.6337,20.5122,21.7078,18.8923,20.056,19.7373,20.8565,21.5078
508,3:13:35 PM,19.7182,19.8747,19.7428,19.865,20.5863,20.3168,19.3864,20.5429,21.1994,21.3187,20.0688,20.0428,19.8179,20.4213,20.8999,20.2251,20.5811,20.7454,20.7346,21.8295,19.8916,20.3197,20.6777,20.0907,21.9982,18.9392,19.6498,19.3867,19.6818,20.7799,20.6396,19.8265,21.1029,20.6079,22.1652,19.8386,20.5011,20.4271,20.7475,21.0089,20.52,20.6207,20.0458,21.1037,22.05,20.5353,20.9146,21.0176,20.8674,21.6844,18.5872,19.0027,19.7721,20.0322,21.2858,19.1457,20.2189,20.2108,21.0475,21.129,20.4315,20.2729,20.0598,20.468,22.3297,19.8033,20.1616,19.4341,20.9716,22.2911,19.0091,20.0752,20.459,20.2706,20.8474,19.6241,19.4192,19.9837,19.7367,20.6455,20.6465,19.6099,20.6924,19.265,21.9757,18.8114,19.7407,19.8266,20.3945,23.1958,19.1895,19.4827,19.794,20.4456,23.1357,18.0947,19.3418,19.9054,19.6282,20.4669,19.7562,19.783,19.6363,19.7309,21.7262,19.4641,20.1378,20.7104,20.4329,23.9716,18.7833,19.6779,20.6366,20.6212,22.1351,18.6149,20.0024,19.6079,20.8282,21.7642
509,3:13:55 PM,19.6378,19.7087,19.5646,19.8088,20.6445,20.3565,19.6048,20.604,21.1466,21.1287,20.1477,19.9824,19.7754,20.3955,20.8231,20.1379,20.5606,20.6771,20.7574,21.9688,19.9939,20.2482,20.6434,20.142,22.0123,18.8571,19.5365,19.3405,19.9351,20.7676,20.7637,19.8574,20.948,20.5514,22.0669,19.7595,20.4132,20.4525,20.5007,20.8614,20.5431,20.6493,20.1963,21.2729,22.1533,20.6365,20.9664,21.0461,20.8947,21.8342,18.5837,18.8824,19.8228,19.9842,21.2711,19.1163,20.1878,20.2689,20.9218,21.091,20.2695,20.3352,20.0627,20.2946,22.2757,19.9666,20.1252,19.3938,21.0117,22.2319,19.0124,20.0023,20.5428,20.3419,21.0651,19.6083,19.3394,20.1075,19.7023,20.7561,20.7155,19.3554,20.7037,19.361,22.1656,18.9191,19.6949,19.6282,20.3067,23.6247,19.1156,19.3912,19.8192,20.4274,23.1135,17.9931,19.5643,20.0852,19.7005,20.1142,19.6967,19.8577,19.6738,19.6682,22.001,19.7004,20.2856,20.8222,20.6393,24.4625,18.653,19.5764,20.6246,20.6761,21.5587,18.793,20.2928,19.8442,20.818,21.7248
510,3:14:15 PM,19.5511,19.6355,19.5946,19.7513,20.6381,20.3336,19.7081,20.7204,21.1135,21.1285,20.1156,19.8286,19.8284,20.2619,20.7866,20.2564,20.5272,20.7875,20.7969,21.8801,19.9425,20.5508,20.709,20.1131,21.9436,18.8006,19.5543,19.0339,19.5868,20.6612,20.6427,19.8392,21.0656,20.6475,22.0526,19.9007,20.2944,20.4897,20.3257,20.4866,20.4391,20.5543,20.0941,21.2377,22.1761,20.4679,20.9976,21.0175,20.7324,21.698,18.5206,18.7719,19.7558,20.1202,21.2248,19.1142,20.2462,20.2899,20.9813,20.9085,20.4462,20.3837,20.0575,20.2759,22.2522,19.9252,20.1616,19.3484,20.9373,22.6287,19.0269,20.057,20.5612,20.2568,21.0183,19.2668,19.2415,20.1124,19.4921,20.7397,20.6821,19.1739,20.501,19.0549,21.8593,18.8032,19.7408,19.6254,20.126,23.0358,19.1589,19.4008,19.8728,20.4432,23.274,18.2285,19.595,20.0525,19.8205,20.3257,19.5998,19.8482,19.7386,19.6681,21.8051,19.4215,20.1185,20.7541,20.5554,24.0898,18.7047,19.4565,20.5946,20.5116,21.7159,18.9103,20.109,19.9187,20.713,21.7871
511,3:14:35 PM,19.6717,19.8672,19.5637,19.6759,20.6598,20.422,19.6632,20.7428,21.1134,21.1609,20.0967,19.7776,19.6279,20.1279,20.8665,20.1449,20.644,20.756,20.7787,21.889,20.0804,20.5287,20.6258,19.8086,21.9483,19.0202,19.5946,19.3415,19.6635,20.7033,20.4081,20.056,21.0557,20.666,22.0245,19.8885,20.2798,20.3594,20.3247,20.6645,20.4062,20.5541,20.0847,21.223,22.099,20.5294,20.9882,20.9489,20.8747,21.8034,18.4368,19.0788,19.8037,20.1312,21.273,19.0407,20.2142,20.3846,20.819,21.3271,20.3506,20.4522,19.9692,20.3209,22.1184,19.873,20.0599,19.3194,20.8173,22.1969,19.1248,20.2484,20.4963,20.3581,21.1602,19.4573,19.3495,20.0704,19.6732,20.7304,20.6112,19.181,20.422,19.1044,22.2142,18.9292,19.7788,19.6723,20.1734,23.2762,19.2053,19.4131,19.7244,20.3584,23.191,18.2216,19.3318,20.1017,19.8196,20.2837,19.6299,19.9119,19.6677,19.6792,22.7653,19.5658,20.197,20.7006,20.443,24.1966,18.8837,19.5169,20.6348,20.6843,21.6261,18.8447,20.0425,19.5646,20.9552,21.6448
512,3:14:55 PM,19.6545,19.8067,19.5387,19.6313,20.6138,20.4504,19.7115,20.6991,21.2445,21.3305,20.0884,19.9128,19.7212,20.2845,20.6638,20.121,20.5511,20.8091,20.7983,21.9783,20.1479,20.5632,20.6333,20.3325,22.0101,18.8506,19.5221,19.3025,19.7871,20.7847,20.5195,19.9561,21.0724,20.6916,21.9797,19.8533,20.3727,20.3845,20.2769,20.6423,20.4229,20.5054,19.9701,21.2346,22.137,20.5011,21.0159,20.9696,20.8224,21.7683,18.3716,18.741,19.78,20.1988,21.2526,19.0827,20.2811,20.2552,20.9673,21.3037,20.3779,20.5286,20.0356,20.4271,22.4511,19.9365,20.0269,19.4433,20.9524,22.0751,18.8968,20.0094,20.473,20.3708,20.8801,19.3298,19.2017,20.0122,19.5708,20.7513,20.8104,19.2829,20.7307,19.049,22.2317,18.8666,19.7942,19.8765,20.7984,23.6574,18.9728,19.354,19.6216,20.3367,23.2994,18.0903,19.5573,20.2002,19.869,20.1567,19.6145,19.7992,19.6237,19.7093,21.9296,19.2273,20.2254,20.6416,20.2935,23.726,18.7145,19.3469,20.5565,20.5519,21.5108,18.6313,20.1048,19.4516,20.598,21.6367
513,3:15:15 PM,19.6527,19.9464,19.6688,19.7207,20.6331,20.4127,19.7382,20.69,21.2012,21.3277,19.9585,19.9149,19.8383,20.4101,20.7407,20.111,20.6115,20.8986,20.7309,21.9308,20.1545,20.483,20.7475,19.8766,21.9594,18.9613,19.6323,19.3782,19.8775,20.6219,20.6743,20.0378,21.0531,20.7399,22.1204,19.6933,20.4218,20.5587,20.5428,20.5102,20.4518,20.6206,20.0435,21.1913,22.1596,20.5873,21.0239,21.0479,20.7693,21.666,18.4644,18.895,19.7605,20.0257,21.1669,19.3463,20.1674,20.2944,20.8964,21.1397,20.3317,20.456,19.9948,20.4464,22.0449,19.8662,20.2124,19.375,20.8707,22.2206,18.9893,19.9447,20.5322,20.3014,21.1355,19.3438,19.1567,20.0405,19.4731,20.7315,20.6902,19.0277,20.3196,19.0282,21.8807,18.8757,19.7465,19.9463,20.4556,23.7588,19.2082,19.47,20.0185,20.4419,23.3143,17.9897,19.3718,20.2571,19.7444,19.9708,19.5706,19.813,19.6889,19.7997,22.0107,19.4076,19.9987,20.5981,20.6068,24.3599,18.659,19.6066,20.5563,20.4914,21.9795,18.9315,20.1391,19.8985,20.9437,21.4168
514,3:15:35 PM,19.6875,19.8332,19.7607,19.6495,20.6929,20.3393,19.7117,20.7714,21.2219,21.3263,20.1042,19.8863,19.7002,20.4126,20.9559,20.0411,20.5663,20.8307,20.7217,21.9379,20.0831,20.5712,20.6065,19.8616,21.9796,18.8236,19.5964,19.282,19.8298,20.6889,20.4581,19.9337,21.0227,20.6301,21.9916,19.8119,20.3312,20.59,20.4934,20.5848,20.5414,20.6111,20.1332,21.2285,22.0959,20.5305,21.0681,21.0035,20.8889,21.8143,18.5093,18.8889,19.856,20.0225,21.2369,19.3767,20.1762,20.2169,21.0039,21.3519,20.3043,20.4522,19.9945,20.4188,22.0348,19.9072,20.1923,19.4127,20.9127,22.333,18.8468,19.9534,20.4635,20.2463,21.2729,19.4692,19.2245,19.996,19.5941,20.7026,20.6306,19.3178,20.5605,19.1312,21.6712,18.9048,19.7521,19.6384,20.1837,23.5309,19.0425,19.3887,19.5677,20.5876,23.329,18.0439,19.529,20.0971,19.8236,20.199,19.6312,19.9861,19.6559,19.7484,22.0625,19.2006,20.0834,20.667,20.7368,23.9894,18.8531,19.6717,20.6858,20.663,21.449,18.6679,19.9111,19.7606,20.7927,21.8212
515,3:15:55 PM,19.6558,19.7337,19.5131,19.6782,20.662,20.2337,19.482,20.6869,21.0843,21.3062,20.1189,19.9936,19.6702,20.2987,20.9486,20.152,20.506,20.7387,20.7667,22.0315,20.1118,20.3943,20.7522,20.1558,21.9744,18.9686,19.5972,19.211,19.7365,20.6648,20.4668,19.8088,20.9866,20.8268,22.0193,19.8608,20.3052,20.4365,20.6217,21.0578,20.6018,20.6493,19.8926,21.2328,22.158,20.4739,21.0703,21.0306,20.9498,21.6926,18.4091,18.9441,19.8272,20.1005,21.171,19.1957,20.1735,20.3467,20.9237,21.1421,20.3008,20.3444,20.0774,20.4149,22.197,19.8628,20.1029,19.2735,20.942,22.227,18.9579,19.9676,20.4893,20.4025,21.0237,19.3395,19.2075,19.9597,19.5288,20.7983,20.662,19.3189,20.5944,19.1339,21.767,19.0187,19.7818,19.7086,20.34,23.5034,19.1113,19.3944,19.8521,20.3792,23.1714,18.1387,19.5141,20.0311,19.6903,20.6279,19.5702,19.8586,19.6542,19.6567,21.7792,19.388,20.1344,20.753,20.4395,23.8432,18.7313,19.461,20.5319,20.5476,21.5221,18.5865,20.0707,19.6146,20.7675,21.8219
516,3:16:15 PM,19.7193,19.8795,19.6645,19.6708,20.6127,20.2382,19.3568,20.5935,21.2791,21.5193,20.1073,19.7563,19.6779,20.232,20.7899,20.2128,20.5996,20.8325,20.7861,22.0416,19.9747,20.4303,20.6322,20.211,22.0995,18.9023,19.7261,19.3285,19.691,20.6094,20.7923,19.884,21.0312,20.5645,22.1176,19.8195,20.3505,20.458,20.3025,20.3776,20.5698,20.6432,20.1322,21.2378,22.1677,20.5385,21.0369,20.9671,20.871,21.845,18.4266,18.8077,19.8251,20.0809,21.2831,19.1578,20.1445,20.2319,21.0037,21.0714,20.3651,20.3162,19.9196,20.4431,21.9558,19.8593,20.1326,19.321,20.9566,22.0018,18.951,19.9563,20.3986,20.4293,21.0199,19.5342,19.1633,19.9932,19.4682,20.7373,20.6518,19.291,20.7407,19.2645,22.0173,18.7817,19.678,19.744,20.2942,23.4245,19.1019,19.3645,20.0107,20.3069,23.2688,18.0158,19.6249,20.1314,19.738,20.1878,19.5458,19.9078,19.6551,19.8005,21.9865,19.401,20.0171,20.7427,20.4561,24.1995,18.6373,19.4333,20.5754,20.5339,21.5518,18.5772,20.1374,19.8088,20.7024,21.5428
517,3:16:35 PM,19.8137,19.8335,19.5189,19.7449,20.6358,20.1311,19.5259,20.6955,21.178,21.3262,20.1118,19.8269,19.7278,20.3838,20.902,20.0644,20.7097,20.7153,20.6877,21.9277,19.9816,20.5259,20.7191,20.0697,21.964,18.9008,19.6425,19.3597,19.5876,20.7007,20.7169,19.8314,21.1192,20.5986,22.1021,19.8771,20.2629,20.4304,20.6511,20.9744,20.5469,20.5241,20.0795,21.2685,22.0464,20.586,20.9925,21.065,20.7924,21.7193,18.5222,18.9983,19.8437,20.1423,21.2967,19.1493,20.1386,20.3128,21.0465,21.256,20.2982,20.4048,20.0459,20.6432,22.5283,19.8706,20.0535,19.3427,20.8477,22.041,19.0823,20.0311,20.4859,20.29,20.9108,19.438,19.3378,19.923,19.6141,20.7435,20.687,19.3427,20.658,19.2567,22.1521,18.904,19.7544,19.8459,20.634,23.4394,19.0797,19.45,19.983,20.2561,23.2608,18.1149,19.4483,19.897,19.677,20.2423,19.618,19.7744,19.69,19.6629,22.0096,19.4912,20.1293,20.8198,20.6607,24.505,18.681,19.5088,20.7182,20.5716,21.263,18.5477,19.9399,19.7623,20.8001,21.6143
518,3:16:55 PM,19.6441,19.8452,19.6183,19.6939,20.6213,20.3599,19.57,20.6988,21.1627,21.49,20.1059,19.868,19.7115,20.314,20.6567,20.1405,20.6534,20.8867,20.6751,21.8953,20.1493,20.603,20.7313,20.013,21.9934,19.0266,19.5956,19.2446,19.779,20.7203,20.888,20.0255,21.0801,20.5992,22.1128,19.8258,20.3424,20.4689,20.2321,20.2541,20.4437,20.5467,19.9858,21.3441,22.1493,20.5254,21.0056,20.9884,20.8333,21.6951,18.5465,18.8767,19.8525,20.0789,21.2472,19.0995,20.2167,20.3011,20.9936,21.151,20.3814,20.4008,19.9665,20.4177,22.5136,19.9164,20.0927,19.2821,20.9223,22.1282,19.0657,20.0486,20.3856,20.3033,20.8993,19.4847,19.2629,19.9702,19.7125,20.7433,20.731,19.2907,20.747,19.199,21.9031,18.9021,19.7977,19.5394,20.1732,23.5724,19.172,19.5118,20.0425,20.2092,23.1514,18.0622,19.352,19.9589,19.7316,20.0428,19.7294,19.749,19.6138,19.7401,21.8232,19.3177,20.0847,20.7148,20.4461,24.7114,18.7154,19.3785,20.5838,20.5218,21.6945,18.6427,19.8703,19.6653,20.8529,21.6873
519,3:17:15 PM,19.6865,19.8986,19.6039,19.6802,20.6299,20.2849,19.7576,20.7472,21.3573,21.4399,20.16,19.8927,19.8198,20.2705,20.8173,20.1605,20.6327,20.7439,20.7115,21.9071,20.02,20.3977,20.6566,20.1924,21.9698,18.9409,19.5677,19.1636,19.6128,20.6261,20.5808,19.7977,21.1605,20.734,22.0831,19.9416,20.3175,20.4188,20.4538,20.8387,20.5097,20.6301,20.028,21.2531,21.9853,20.5414,20.9682,21.0842,20.8316,21.7969,18.5432,18.8866,19.7154,20.0425,21.2922,19.1857,20.0993,20.1982,21.0618,20.9181,20.3783,20.3663,19.9314,20.3828,22.2004,19.8931,20.0731,19.3903,21.0114,22.1595,19.1048,20.0586,20.4565,20.4731,20.9528,19.2326,19.2141,19.9793,19.5907,20.7509,20.6911,19.2239,20.2754,19.011,21.8156,18.8433,19.7442,19.624,20.2062,23.1791,18.9833,19.3536,20.0561,20.4518,23.186,18.1397,19.7234,20.3276,19.6461,19.9501,19.7149,19.7532,19.6699,19.6751,22.0066,19.2254,20.121,20.7193,20.6599,24.2068,18.6758,19.4675,20.5625,20.4736,21.3413,18.542,19.902,19.4318,20.6538,21.7207
520,3:17:35 PM,19.5865,19.8299,19.7014,19.6892,20.6133,20.2982,19.5987,20.8441,21.2577,21.4805,20.0077,19.8567,19.7734,20.1143,20.7493,20.0812,20.6284,20.831,20.7887,21.8317,20.1487,20.5182,20.7705,20.18,21.9539,18.8602,19.6474,19.4583,19.7928,20.5988,20.8285,19.7939,21.1138,20.6379,22.0137,19.8473,20.3648,20.4873,20.2121,20.404,20.472,20.5336,20.0361,21.2339,22.028,20.5636,20.944,20.9847,20.7934,21.6803,18.6059,18.8537,19.7988,20.0374,21.1806,19.1715,20.1304,20.2246,20.8479,21.1449,20.5458,20.4564,20.1584,20.4099,22.0082,19.9486,20.3397,19.3414,20.8364,21.9932,18.8899,20.1724,20.5478,20.3365,20.8697,19.43,19.268,20.0393,19.618,20.6586,20.7173,19.3042,20.4806,19.2063,22.2116,18.7615,19.8785,19.7388,20.2813,23.2716,19.0174,19.3696,20.0585,20.761,23.266,18.1025,19.7129,20.2707,19.9729,20.2912,19.6433,19.8644,19.6287,19.7738,21.7074,19.1859,20.1663,20.9429,20.5716,23.6588,18.6329,19.4021,20.6967,20.4724,21.477,18.5991,19.9303,19.4793,20.5822,21.5749
521,3:17:55 PM,19.5829,19.8995,19.7586,19.6628,20.6288,20.295,19.6542,20.784,21.2397,21.5252,20.0571,19.8062,19.7463,20.1845,20.6492,20.0415,20.5846,20.8431,20.7745,21.7674,19.8855,20.5604,20.7483,20.0979,21.8654,19.0189,19.8364,19.445,19.6626,20.5926,20.7389,19.8828,21.1579,20.5676,22.1269,19.8418,20.3736,20.3387,20.3866,20.8973,20.5505,20.6245,20.0537,21.2305,22.0583,20.5116,20.9035,20.9609,20.8623,21.7233,18.44,18.8192,19.8519,19.9008,21.2038,19.2817,20.0742,20.273,20.8936,20.8588,20.2424,20.356,20.0004,20.5216,22.2705,19.8921,20.1403,19.328,20.8926,22.0547,18.972,19.9732,20.3408,20.1781,20.8557,19.2006,19.2622,20.0256,19.4252,20.7701,20.6116,19.1475,20.3068,19.0452,21.8038,19.0523,19.9448,19.7486,20.4154,23.3311,19.0538,19.3291,19.8946,20.3282,23.2943,17.894,19.3142,20.1596,19.6282,20.3559,19.624,19.822,19.5136,19.6521,21.6511,19.2279,20.0007,20.7266,20.4437,24.2394,18.8202,19.5883,20.6292,20.5655,21.6834,18.7904,20.1098,19.78,20.8184,21.6903
522,3:18:15 PM,19.6574,19.8137,19.7318,19.7227,20.657,20.4036,19.606,20.7778,21.3653,21.3651,20.0343,19.9166,19.7399,20.131,20.8995,20.075,20.6739,20.7483,20.6768,21.9577,20.0087,20.4034,20.6138,19.9912,21.9003,19.061,19.6867,19.3751,19.8792,20.7704,20.6266,19.9483,21.0934,20.7874,22.0887,19.9876,20.3874,20.4025,20.401,20.853,20.5158,20.5272,19.9479,21.2645,21.9718,20.474,21.0446,20.9683,20.902,21.6231,18.5273,18.9851,19.8604,20.0435,21.2073,19.3644,20.0823,20.2749,20.8866,21.0491,20.4717,20.4823,20.0897,20.4868,22.2985,20.0109,20.1996,19.3803,20.8672,21.9824,19.232,20.2079,20.4943,20.2515,20.9,19.399,19.3091,19.9409,19.6722,20.7042,20.5979,19.3158,20.6145,19.2933,21.751,18.9597,19.7915,19.864,20.4649,23.3212,19.0553,19.2855,19.6023,20.3079,23.3305,18.1015,19.4215,20.1905,19.8109,19.9117,19.6068,19.8393,19.6481,19.6374,21.8216,19.4627,20.1272,20.8204,20.468,24.4134,18.5753,19.4629,20.557,20.4811,21.5065,18.4653,19.9496,19.8465,20.6787,21.8588
523,3:18:35 PM,19.6956,19.7565,19.5006,19.6866,20.5816,20.125,19.5656,20.6717,21.3844,21.4345,19.9909,19.9301,19.7691,20.2042,20.7528,20.096,20.6258,20.805,20.6931,21.9429,19.8415,20.5515,20.6848,20.171,21.9438,18.9769,19.5533,19.3355,19.5575,20.6627,20.8637,19.869,21.1747,20.531,22.1275,19.8175,20.2663,20.3463,20.3082,20.6325,20.3429,20.584,19.889,21.2968,21.9682,20.6211,20.9914,20.9952,20.9263,21.6275,18.41,18.8171,19.6696,19.9541,21.2399,19.0519,20.0627,20.154,21.0167,21.1962,20.3943,20.4105,20.029,20.2665,22.635,20.0554,20.1779,19.3489,20.9028,22.0543,18.9667,19.9164,20.5237,20.3818,20.9085,19.3519,19.2563,20.0592,19.6084,20.7724,20.6604,19.1596,20.3136,19.3157,21.8798,18.8343,19.7964,19.9247,20.8533,23.8656,19.1199,19.3206,19.5591,20.2398,23.1842,18.1131,19.4656,20.0239,19.9273,19.956,19.5837,19.9299,19.6085,19.7417,21.8402,19.1316,20.1088,20.8294,20.3394,23.5721,18.5453,19.2296,20.4744,20.405,21.4413,18.6798,19.9845,19.7609,20.4728,21.7504
524,3:18:55 PM,19.7621,19.9384,19.7324,19.6606,20.5551,20.217,19.6249,20.8336,21.3662,21.3895,20.0832,19.8273,19.7096,20.1837,20.7941,20.1163,20.7249,20.7674,20.7856,21.7059,19.9477,20.4357,20.6804,20.0214,21.8072,18.952,19.6445,19.3298,19.8118,20.7011,20.5578,19.9659,21.1166,20.4909,22.0098,19.776,20.3408,20.4838,20.3731,20.2621,20.496,20.5722,20.0044,21.1701,22.0052,20.4246,21.1293,20.9618,20.8709,21.6485,18.4095,18.8283,19.7074,19.9203,21.2066,19.2614,20.0957,20.2796,20.9757,20.6986,20.1705,20.3639,20.0446,20.4117,22.1716,19.8905,20.0226,19.3486,20.8363,22.189,18.9665,20.1457,20.533,20.2888,21.1281,19.3454,19.1046,19.9792,19.3981,20.6749,20.6712,19.2122,20.7241,18.9654,21.6709,18.8481,19.8355,19.7268,20.3659,23.4969,19.078,19.3962,20.0362,20.2105,23.2765,18.0688,19.3021,20.257,19.7346,19.987,19.6543,19.8684,19.6549,19.6734,21.9226,19.3572,20.0325,20.6215,20.3827,23.8264,18.5899,19.3864,20.5074,20.3595,21.6584,18.7166,20.0343,19.887,20.7723,21.6769
525,3:19:15 PM,19.6858,19.8452,19.5838,19.6897,20.5154,20.2126,19.4937,20.5965,21.2093,21.3018,20.1416,19.9097,19.7544,20.1952,20.688,20.107,20.6066,20.7433,20.6823,21.9597,19.9587,20.325,20.6939,20.0483,21.8101,18.9169,19.6483,19.2666,19.5737,20.6734,20.4887,19.8253,21.1884,20.6448,21.9597,19.8294,20.3518,20.409,20.2344,20.4531,20.4478,20.6755,19.973,21.1726,21.8544,20.4277,21.0065,20.9692,20.9023,21.7418,18.4613,18.7311,19.7905,19.9663,21.2007,18.9811,20.0599,20.3075,20.8741,21.386,20.2892,20.3976,20.0272,20.3775,22.2776,19.8595,20.16,19.442,20.7976,22.0761,18.8592,19.9475,20.4506,20.2311,21.0986,19.3159,19.1668,19.9523,19.5979,20.7614,20.5734,19.3999,20.6857,19.1298,22.3363,18.9657,19.9121,19.5905,20.6227,24.0636,19.0992,19.4289,19.8369,20.3437,23.0945,18.0263,19.4116,20.3364,19.8124,20.6262,19.6363,19.8543,19.6619,19.7334,21.5962,19.3293,20.1689,20.5988,20.3283,23.9974,18.5403,19.4233,20.6065,20.5794,21.2876,18.597,20.0715,19.6527,20.75,21.6602
526,3:19:35 PM,19.5796,19.8624,19.6868,19.6847,20.5151,20.2005,19.393,20.6731,21.4223,21.3645,20.1702,19.9151,19.6112,20.1333,20.7351,20.1625,20.5395,20.8206,20.7505,21.9608,20.0577,20.409,20.6598,20.1028,21.9189,18.998,19.6526,19.1022,19.6615,20.629,20.7201,19.7883,21.0813,20.6599,22.0691,19.8107,20.315,20.3932,20.3987,20.6792,20.484,20.5015,19.9383,21.121,21.9888,20.5312,20.82,20.9734,20.8204,21.7887,18.4762,18.9064,19.7975,19.9475,21.1963,19.1033,20.1098,20.1129,20.9228,21.0966,20.3686,20.376,20.0006,20.3228,22.1233,19.8438,20.1695,19.4027,20.9283,21.9688,19.1832,20.1341,20.3664,20.3396,21.0123,19.3635,19.2294,19.898,19.5901,20.6801,20.5653,19.1999,20.387,19.2582,22.6057,18.8259,19.7134,19.5899,20.4067,23.7282,19.1816,19.3949,19.9211,20.2439,23.2567,18.003,19.4624,20.1291,19.6134,20.2337,19.643,19.8991,19.5991,19.6722,21.8848,19.3488,20.0524,20.7469,20.7117,24.2931,18.646,19.4358,20.457,20.6407,21.7004,18.524,20.1751,19.6839,20.6199,21.5216
527,3:19:55 PM,19.6946,19.8051,19.6445,19.6511,20.5419,20.3042,19.4379,20.5252,21.0978,21.3977,20.2006,19.9188,19.8857,20.3883,20.9272,20.1138,20.6444,20.9143,20.7559,22.0388,20.0174,20.6031,20.7553,20.2128,21.9915,19.0601,19.7044,19.27,19.5703,20.6797,20.82,19.8501,21.0504,20.5729,22.0891,19.8424,20.3971,20.575,20.7135,21.1028,20.5142,20.5659,20.0649,21.2671,22.0898,20.4284,20.8934,21.0205,20.9977,21.6825,18.4502,18.7838,19.671,20.0252,21.2072,19.0107,20.1286,20.1913,21.1075,21.3175,20.2055,20.4559,19.9299,20.3363,22.132,19.8218,20.158,19.251,20.8957,22.0592,19.1496,20.1848,20.4431,20.2067,21.1787,19.436,19.2128,19.9832,19.5333,20.7536,20.6169,19.1819,20.6114,19.1555,21.968,18.8239,19.6545,19.7352,20.3969,23.5757,18.9219,19.4091,19.7631,20.4734,23.2474,18.0644,19.4932,20.2246,19.9145,20.0718,19.618,19.824,19.6038,19.7558,21.8938,19.4618,20.0585,20.7354,20.2619,24.3084,18.6373,19.4587,20.5459,20.4361,21.4131,18.6795,20.0728,19.6391,20.5067,21.3335
528,3:20:15 PM,19.6505,19.6958,19.5233,19.5852,20.5901,20.1735,19.3691,20.6061,21.1123,21.1753,20.12,19.8806,19.9124,20.4613,21.1242,20.1347,20.5747,20.7936,20.6727,21.9239,19.8302,20.382,20.8302,20.1843,21.9094,18.9288,19.6033,19.3958,19.8329,20.6361,20.7987,19.9006,21.0509,20.4773,22.0219,19.8045,20.295,20.5959,20.6348,21.0893,20.5201,20.5435,19.9131,21.19,21.9741,20.4878,21.018,20.9705,20.8388,21.7324,18.4814,18.8296,19.6927,20.0035,21.3014,19.1969,20.1387,20.2855,20.9724,21.3539,20.2296,20.2796,19.9579,20.4957,22.3942,19.9462,20.1452,19.3682,20.8295,22.1336,19.0899,20.0301,20.5373,20.2585,20.9318,19.3122,19.2051,20.0087,19.5944,20.7229,20.6076,19.3095,20.5102,19.2288,22.0231,18.8942,19.7343,19.6287,20.3884,23.3038,19.0997,19.421,19.9421,20.3301,23.4435,17.8582,19.4714,20.1248,19.7359,20.0899,19.7687,19.8516,19.6047,19.7664,22.0999,19.465,20.0025,20.7307,20.3076,24.801,18.788,19.6318,20.5006,20.5711,21.9586,18.6022,20.0423,19.7263,20.5722,21.522
529,3:20:35 PM,19.7018,19.8502,19.684,19.7667,20.5694,20.2618,19.4823,20.6107,21.1854,21.1414,20.1833,19.9666,19.7699,20.256,20.8037,20.1464,20.706,20.7744,20.7002,21.8458,19.9084,20.3514,20.6993,20.1803,21.9506,18.9667,19.6475,19.282,19.7806,20.6865,20.3923,19.8777,20.9325,20.5173,22.0081,19.7296,20.2659,20.326,20.3641,20.5481,20.4363,20.6711,20.1715,21.1462,22.0378,20.4481,20.9092,20.9226,20.852,21.6525,18.5451,18.8509,19.7704,19.9654,21.1163,19.1795,20.2142,20.1557,21.0625,20.8824,20.2145,20.4476,19.9341,20.453,22.1461,19.8665,20.2233,19.4028,20.8643,22.3442,19.1341,19.9616,20.5014,20.2931,20.9941,19.4386,19.2604,20.0534,19.4951,20.7736,20.6657,19.3272,20.5709,19.1815,21.7863,19.0512,19.6556,19.7437,20.532,23.8875,19.0781,19.3876,19.7468,20.4448,23.2527,17.9802,19.6531,19.9474,19.786,20.479,19.6705,19.7862,19.6099,19.7255,21.5313,19.2526,20.0438,20.5561,20.423,23.7379,18.7648,19.4819,20.6314,20.4759,21.7872,18.56,19.9732,19.5471,20.5972,21.5104
530,3:20:55 PM,19.5668,19.7948,19.5432,19.9437,20.6841,20.3535,19.5043,20.6501,21.2672,21.1659,20.0933,19.8086,19.5547,20.2312,20.6455,20.1215,20.5246,20.7612,20.7067,21.9537,20.1468,20.3755,20.7394,19.9147,21.9877,18.8782,19.6047,19.3148,19.6799,20.7584,20.5549,19.8026,21.167,20.6949,22.0369,19.7005,20.2874,20.4179,20.2278,20.3381,20.4416,20.5651,19.9826,21.2021,21.9487,20.5339,20.953,20.9786,20.8578,21.7195,18.4061,18.896,19.7414,20.0193,21.3091,18.9949,20.0395,20.227,21.0291,20.8559,20.1548,20.3926,19.9236,20.3827,22.0804,19.8578,20.1191,19.3559,20.8255,22.1978,18.9309,19.8441,20.3752,20.2753,21.0016,19.3876,19.2069,20.0059,19.6898,20.8081,20.5388,19.3992,20.7756,19.4099,21.8525,18.9426,19.7175,19.5232,20.2705,23.5899,18.9459,19.2449,19.9558,20.5788,23.2786,18.1638,19.5254,20.0941,19.6209,20.3727,19.6385,19.8186,19.6853,19.7565,22.4149,19.3112,20.085,20.7386,20.3965,24.4167,18.5798,19.562,20.6572,20.6223,21.7447,18.6005,19.9525,19.6019,20.4808,21.4361
531,3:21:15 PM,19.5985,19.6321,19.4807,19.7312,20.6451,20.361,19.5729,20.6772,21.2039,21.2558,20.0724,19.8731,19.7409,20.2913,20.7084,20.0707,20.5051,20.8061,20.7215,21.8955,19.8995,20.3545,20.6573,19.9849,21.9661,18.8644,19.534,19.0445,19.6203,20.6349,20.7377,19.8428,21.1487,20.5707,22.141,19.7834,20.1764,20.3328,20.2192,20.6318,20.3872,20.5268,20.021,21.2785,21.8642,20.5175,20.8596,20.9769,20.7882,21.8148,18.3348,18.811,19.6392,20.0908,21.2203,19.2784,20.0842,20.3949,21.0932,20.9731,20.3048,20.4392,19.9695,20.3403,21.9753,19.8738,20.1057,19.1709,20.9379,22.2736,18.7495,20.0246,20.559,20.2771,20.9189,19.3422,19.2181,20.0219,19.6807,20.7308,20.5163,19.1814,20.2712,18.9789,21.7081,18.8086,19.7028,19.4273,20.1429,23.4257,19.1424,19.4332,19.8564,20.5265,23.3166,18.0251,19.1883,20.0063,19.756,20.4894,19.5141,19.8246,19.5961,19.6683,21.7874,19.3998,20.1506,20.6607,20.3028,23.5486,18.6545,19.2359,20.5727,20.7326,21.8509,18.6763,19.9104,19.4132,20.6204,21.4149
532,3:21:35 PM,19.5593,19.6682,19.6142,19.5906,20.4837,20.3061,19.5771,20.6394,21.1459,21.1803,20.0483,19.8858,19.6742,20.2757,20.7464,20.1328,20.6013,20.7665,20.7659,21.9016,19.9706,20.3529,20.7738,20.1717,21.9964,18.8993,19.669,19.3578,19.6907,20.6347,20.6757,19.8426,21.0,20.7146,22.0707,19.8031,20.3849,20.476,20.3249,20.8214,20.3749,20.5096,20.022,21.097,21.9715,20.4319,20.8977,21.0859,20.7696,21.5601,18.3452,18.7355,19.8065,19.994,21.2453,19.3533,20.1821,20.2542,21.0015,20.7904,20.337,20.3583,19.9348,20.3141,22.2485,19.868,20.1071,19.3895,20.9246,22.3275,19.2641,19.8743,20.4317,20.2323,21.0996,19.4166,19.1477,20.0137,19.56,20.6476,20.6325,19.4061,20.6681,19.1918,21.8198,19.0531,19.7078,19.6873,20.335,22.8856,19.2254,19.4478,20.1786,20.4488,23.4315,18.0258,19.6521,20.1207,19.6637,20.1682,19.6339,19.7684,19.6168,19.6768,22.3692,19.3952,20.1493,20.6195,21.4507,24.2363,18.5387,19.2734,20.6125,20.5408,21.6869,18.6882,20.0886,19.8917,20.7185,21.6188
533,3:21:55 PM,19.6287,19.6566,19.6452,19.7762,20.6166,20.2962,19.48,20.666,21.081,21.0843,20.0309,19.8492,19.7,20.387,20.8707,20.1298,20.6097,20.6912,20.7415,22.0574,19.9411,20.3106,20.7307,19.9309,21.847,18.8197,19.5816,19.2396,19.7432,20.636,20.5729,19.9945,21.0735,20.6771,21.9597,19.7951,20.2682,20.5036,20.5792,20.5452,20.4528,20.5285,20.109,21.205,22.0659,20.4691,20.9531,20.9635,20.8352,21.6391,18.5118,18.9895,19.7107,19.9263,21.3224,19.1205,20.1238,20.2204,20.9194,21.1805,20.2791,20.4198,19.9309,20.4514,22.2696,19.9198,19.9796,19.4385,20.9007,22.3746,19.0267,19.976,20.3961,20.2105,20.8828,19.3285,19.3004,20.0296,19.633,20.8206,20.5901,19.1935,20.4846,19.1835,21.6759,18.8518,19.6008,19.5853,20.4103,23.3574,19.2279,19.4108,19.7525,20.2193,23.3374,18.1234,19.3911,20.0708,19.8356,19.9213,19.7013,19.9018,19.6682,19.7469,21.7674,19.2683,20.2866,20.762,20.8747,24.5178,18.7146,19.5867,20.5897,20.5545,21.4216,18.6812,20.065,19.7595,20.6061,21.4038
534,3:22:15 PM,19.4302,19.6876,19.5437,19.7363,20.6708,20.3623,19.6104,20.6713,21.1131,21.2526,20.0757,19.9181,19.6374,20.074,20.7311,20.047,20.4877,20.8142,20.579,21.9626,19.973,20.4117,20.6247,19.9983,21.8172,18.7632,19.4224,19.0905,19.7,20.5852,20.7488,19.8259,20.994,20.6715,22.0887,19.7739,20.3485,20.4021,20.2819,20.4378,20.5596,20.604,19.9737,21.2371,21.9453,20.4327,20.9627,20.9108,20.8768,21.7564,18.4983,18.7359,19.716,20.0833,21.2628,19.1577,20.1283,20.2692,20.9474,20.9761,20.2804,20.3667,19.8964,20.3265,22.1109,19.8943,20.1864,19.3883,20.899,22.3294,18.7789,20.1632,20.4661,20.2087,21.0125,19.2782,19.1603,19.939,19.5908,20.7613,20.5638,19.2514,20.6879,19.113,21.5933,18.9582,19.755,19.6776,20.1622,23.2352,19.1096,19.3543,19.6761,20.5372,23.3354,18.0996,19.2972,19.8441,19.6681,20.2178,19.5205,19.8878,19.582,19.7179,21.5568,19.1705,19.9859,20.6158,20.7158,24.336,18.6938,19.4895,20.5222,20.5504,21.906,18.6204,19.9989,19.7853,20.9883,21.8462
535,3:22:35 PM,19.5075,19.723,19.4729,19.7415,20.6164,20.3456,19.7329,20.7404,21.1854,21.1687,20.0431,19.8068,19.8243,20.2864,20.7519,20.1911,20.7269,20.7699,20.6317,21.7615,20.0025,20.4731,20.699,20.1955,21.8543,19.032,19.5142,19.1754,19.7165,20.6566,20.5126,19.9963,21.1393,20.7769,21.9995,19.6941,20.3706,20.4287,20.2474,20.5336,20.3625,20.4921,20.0089,21.1459,21.9517,20.4968,20.9189,21.0004,20.7973,21.7699,18.3999,18.8226,19.6655,20.0201,21.2344,19.1486,20.0828,20.2641,20.9109,20.8356,20.3388,20.3601,19.9575,20.4347,22.2018,19.8726,20.0473,19.3329,20.8651,22.2983,18.9631,20.0853,20.3715,20.2867,20.94,19.4555,19.3966,19.9811,19.6286,20.7469,20.5426,19.266,20.4789,19.1712,21.6402,18.7867,19.6084,19.6178,20.1723,23.0296,19.0357,19.3357,19.8405,20.4944,23.2642,18.1891,19.4816,20.0616,19.9175,20.064,19.6094,19.9827,19.6172,19.7239,21.6511,19.4775,20.1417,20.6287,20.6475,24.284,18.5494,19.3791,20.6978,20.5622,21.8065,18.5444,19.9109,19.6261,20.6338,21.6361
536,3:22:55 PM,19.5283,19.6686,19.501,19.7653,20.6654,20.2329,19.5036,20.6922,21.1608,21.2947,19.9982,19.8689,19.5994,20.2422,20.5435,20.1433,20.5284,20.7665,20.5474,21.8283,20.0095,20.5127,20.7626,20.2413,21.8664,18.9227,19.614,19.162,19.7077,20.7892,20.8582,19.9708,21.1118,20.5722,22.0353,19.7091,20.3551,20.4351,20.4251,20.6814,20.3704,20.4327,20.1202,21.2233,21.9538,20.4149,20.9618,20.9104,20.904,21.6465,18.3567,18.7936,19.7091,20.0678,21.2766,18.881,20.1339,20.2903,20.9598,21.0052,20.427,20.4321,19.9689,20.2947,22.4776,19.8673,20.1751,19.3811,20.8373,22.3168,18.8277,20.0205,20.5015,20.1959,21.1294,19.3683,19.2773,19.9954,19.5287,20.7865,20.6066,19.2824,20.3104,19.046,22.1537,18.6923,19.5243,19.5055,20.2691,23.1661,19.0355,19.3106,19.7254,20.4221,23.2963,18.0236,19.3884,20.2403,20.0081,20.3056,19.6033,19.9365,19.6494,19.7626,21.9204,19.328,20.0288,20.8251,20.5032,23.7604,18.5459,19.3449,20.4755,20.4657,21.7301,18.4645,19.9978,19.5354,20.5626,21.4172
537,3:23:15 PM,19.4674,19.5221,19.4471,19.6751,20.6315,20.2792,19.5479,20.7742,21.2575,21.3405,20.2276,19.8259,19.6519,20.2409,20.7191,20.0925,20.5649,20.7725,20.7106,22.0371,20.0585,20.5189,20.7297,20.0558,21.8851,18.7324,19.5954,19.1642,19.6121,20.5398,20.7404,19.9086,21.1986,20.6172,22.0805,19.8479,20.3642,20.5639,20.3414,20.4843,20.4307,20.5545,19.9319,21.2604,21.9546,20.5378,20.8914,20.9442,20.8649,21.8353,18.3661,18.5829,19.6872,20.0219,21.2129,18.9235,20.0879,20.1815,20.9718,21.2309,20.3043,20.3888,19.8007,20.3828,22.1535,19.7597,20.1669,19.26,21.0139,22.2301,18.9743,20.0613,20.5189,20.4057,20.7404,19.304,19.1205,20.0175,19.51,20.611,20.5687,19.2227,20.2676,19.1825,22.4405,18.9747,19.7289,19.8008,20.4037,23.609,19.0412,19.4394,19.7728,20.2842,23.3278,18.2554,19.6013,20.2203,19.9517,20.3847,19.6811,19.8673,19.7544,19.6634,21.7983,19.1724,20.0837,20.6502,20.8767,24.4748,18.57,19.5652,20.4784,20.513,21.7569,18.6261,20.0364,19.5991,20.4234,21.4449
538,3:23:35 PM,19.5019,19.7373,19.6613,19.5784,20.6331,20.3588,19.5596,20.6739,21.2823,21.4112,20.1332,19.8461,19.7534,20.278,20.7667,20.1224,20.5777,20.7395,20.6791,21.79,19.9405,20.5245,20.6318,20.214,21.7837,18.8332,19.5744,19.2716,19.6487,20.6825,20.7216,19.9831,21.0832,20.6208,22.1448,19.8366,20.337,20.4544,20.3266,20.4785,20.4574,20.4689,20.0494,21.1776,22.0098,20.4531,20.9947,20.9327,20.9035,21.7161,18.3305,18.9372,19.7392,19.9733,21.2671,19.013,20.031,20.17,20.9548,20.7672,20.2004,20.4467,19.8721,20.3509,22.2598,19.8245,20.0359,19.367,20.9749,22.6059,18.8186,20.0232,20.3384,20.2432,21.1307,19.2658,19.2276,19.9929,19.5181,20.575,20.5742,19.2439,20.2819,19.115,22.1827,18.7656,19.7209,19.7216,20.2368,23.0716,19.0373,19.3863,20.0697,20.803,23.4717,18.1587,19.5683,20.0771,19.7265,20.6582,19.5253,19.7319,19.7266,19.7031,21.7184,19.3258,20.0236,20.6765,20.5522,24.3721,18.6106,19.4924,20.5325,20.5802,21.6496,18.645,20.0688,19.5451,20.543,21.3194
539,3:23:55 PM,19.5629,19.7491,19.5209,19.6877,20.5753,20.3955,19.5663,20.747,21.2368,21.4258,20.0432,19.8488,19.6277,20.1613,20.7761,20.1038,20.5059,20.8351,20.7256,21.9493,20.0246,20.6045,20.7286,20.3488,21.9665,18.8213,19.4176,19.2476,19.7896,20.6032,20.8515,19.9669,21.0547,20.6927,22.0231,19.726,20.2844,20.3618,20.2601,20.4616,20.4947,20.5175,20.1348,21.2518,21.9795,20.5504,20.9962,20.9649,20.9355,21.938,18.3136,18.859,19.6885,20.0314,21.177,19.2039,20.1317,20.1864,21.0676,20.9363,20.3517,20.3864,19.9202,20.3008,22.1874,19.8335,20.2101,19.3752,20.8513,22.1343,19.0658,19.9183,20.3701,20.2101,20.9372,19.2158,19.1549,19.9461,19.4807,20.7159,20.5559,19.196,20.5756,18.9518,22.1563,18.9059,19.6999,19.4287,20.1794,23.5549,19.2007,19.4458,19.8923,20.1874,23.4255,18.1989,19.6267,20.2712,19.7377,20.016,19.6624,19.8759,19.5832,19.7994,22.436,19.269,20.0067,20.5859,21.0817,24.5423,18.5645,19.6162,20.602,20.4835,21.6971,18.6003,20.0308,19.7025,20.5711,21.5199
540,3:24:15 PM,19.5291,19.5987,19.6068,19.6627,20.5716,20.3309,19.6151,20.7242,21.3861,21.445,20.0487,19.8179,19.7357,20.3543,20.7994,20.0618,20.4747,20.8476,20.6408,21.9218,20.0236,20.5139,20.7261,19.976,21.9045,19.0257,19.5823,19.2307,19.8299,20.6308,20.852,19.9315,21.1418,20.636,22.0545,19.7325,20.3179,20.4443,20.6522,21.0426,20.4634,20.5839,19.9436,21.2493,22.0947,20.5208,20.8987,20.9623,20.8495,21.8021,18.5228,19.0802,19.7738,19.9748,21.2217,19.1539,20.0762,20.1959,21.0054,21.0124,20.3012,20.3116,19.9925,20.417,22.1943,19.8347,20.0497,19.2573,20.8888,22.2284,18.9034,19.9092,20.6131,20.4767,21.1068,19.3551,19.2767,20.0861,19.5112,20.7552,20.5909,19.2377,20.5081,19.0486,22.488,18.928,19.5639,19.7236,20.2464,23.7144,18.9371,19.3326,19.8941,20.1513,23.2608,18.0184,19.2716,20.2027,19.7491,20.0469,19.6454,19.8699,19.6187,19.6182,21.7974,19.4185,20.0871,20.7904,20.5052,24.3194,18.6216,19.5549,20.5466,20.4283,21.7159,18.5504,19.9503,19.5059,20.7565,21.5573
541,3:24:35 PM,19.5732,19.6347,19.6646,19.6483,20.627,20.1436,19.5375,20.705,21.2594,21.498,19.9961,19.6952,19.6554,20.3354,20.8436,20.1017,20.6685,20.838,20.7565,21.9242,19.9541,20.392,20.8388,20.1242,21.923,18.9981,19.6092,19.1875,19.592,20.7268,20.778,19.8693,21.0561,20.5764,22.0371,19.7171,20.3664,20.4114,20.2982,20.6705,20.4063,20.6063,19.93,21.1454,21.9364,20.4903,20.9448,20.9386,20.8892,21.7508,18.394,18.8886,19.6949,20.0242,21.2778,19.0678,20.0927,20.2498,21.022,21.2323,20.3165,20.3305,19.9992,20.3695,22.2524,19.8328,20.0014,19.365,20.8115,22.0783,18.8197,19.8895,20.4431,20.2565,21.1148,19.2939,19.2811,20.0023,19.6531,20.6921,20.6435,19.1004,20.5412,19.1483,21.9794,18.8687,19.5724,19.4922,20.1757,23.2767,18.9756,19.4498,19.9325,20.3075,23.3649,18.2142,19.5258,20.252,19.6494,20.3942,19.6801,19.8151,19.6063,19.6264,21.544,19.4199,20.2365,20.7389,20.3018,24.0739,18.613,19.349,20.4845,20.5495,21.9591,18.6056,19.8382,19.7137,20.7716,21.5111
542,3:24:55 PM,19.5185,19.7912,19.6413,19.7062,20.6455,20.2983,19.621,20.7595,21.3409,21.4534,20.0216,19.8159,19.7425,20.2601,20.8471,20.08,20.5785,20.8994,20.7339,22.0106,20.0664,20.4374,20.6646,19.865,21.933,18.8656,19.5084,19.1327,19.5619,20.6525,20.6621,19.8721,20.9773,20.4497,22.1186,19.7238,20.3115,20.4187,20.5904,20.6413,20.3661,20.5267,19.9308,21.2083,22.1107,20.5744,20.9939,20.9675,20.8987,21.7472,18.3077,18.7792,19.6542,20.0123,21.2995,19.1517,20.0795,20.1382,20.9404,20.801,20.3342,20.4078,19.9383,20.343,22.185,19.7927,19.9741,19.4318,20.8844,22.1636,18.7499,19.8431,20.5048,20.3759,20.8483,19.433,19.2121,20.0239,19.4892,20.7708,20.6307,19.2205,20.4638,19.1818,21.991,18.7521,19.8637,19.5358,20.1188,23.7224,19.0844,19.4104,19.6492,20.1648,23.2484,18.03,19.292,20.1154,19.6707,20.2556,19.5918,19.7448,19.7155,19.7219,22.08,19.3624,20.0887,20.7787,20.3924,24.6777,18.7091,19.4201,20.4102,20.4211,21.5709,18.5119,19.8978,19.3974,20.6427,21.6091
543,3:25:15 PM,19.5635,19.7526,19.5822,19.6183,20.6167,20.2489,19.4704,20.7348,21.3151,21.4911,20.0317,19.8015,19.7854,20.2763,20.8192,20.006,20.5768,20.7647,20.6504,21.7846,19.9971,20.4837,20.6319,20.3188,21.7762,18.8132,19.477,19.1784,19.5398,20.6059,20.8175,19.8215,21.108,20.5768,22.0679,19.7045,20.3521,20.3369,20.3653,20.545,20.3529,20.6011,19.855,21.1037,22.0521,20.5986,20.9279,20.8655,20.8216,21.7766,18.3362,18.7849,19.6964,19.8886,21.3024,19.2815,20.1294,20.2569,20.9949,21.0194,20.1433,20.2999,19.9539,20.358,22.0564,19.8438,20.0039,19.3603,20.8963,22.1375,18.9554,20.0194,20.4783,20.3191,20.9301,19.2681,19.1343,19.9771,19.5115,20.7259,20.5946,19.1742,20.3227,19.0243,21.9056,18.759,19.5343,19.5646,20.0223,23.4725,19.0264,19.3694,20.0361,20.0879,23.1702,18.0486,19.406,19.9259,19.6713,20.3442,19.6583,19.8171,19.6321,19.6796,21.7438,19.3803,20.007,20.76,20.3989,24.4034,18.6495,19.577,20.5348,20.4655,21.2054,18.6593,19.9405,19.443,20.6269,21.556
544,3:25:35 PM,19.721,19.7468,19.6479,19.5696,20.5229,20.1202,19.5392,20.7781,21.2164,21.3471,19.923,19.8257,19.7582,20.2658,20.8419,20.1006,20.5095,20.8159,20.6116,21.7947,19.8798,20.2987,20.5686,20.0677,21.8359,18.9364,19.637,19.416,19.6988,20.5464,20.6013,19.9581,21.1459,20.5827,22.0746,19.8181,20.1804,20.3948,20.5401,20.8333,20.3514,20.6527,19.9144,21.0643,22.0397,20.5166,20.912,20.979,20.7774,21.784,18.4647,18.8584,19.7317,20.1053,21.2364,19.248,20.1893,20.2,21.0197,20.8745,20.199,20.391,19.9838,20.3565,22.0442,19.8793,20.1045,19.3646,20.9582,22.1485,18.7159,19.8845,20.4309,20.3391,21.2938,19.3039,19.2657,20.0333,19.5599,20.8003,20.5815,19.3108,20.6593,19.2373,21.702,18.9502,19.5368,19.8139,20.1159,23.4513,19.2641,19.3492,19.7575,20.2506,23.2261,18.0063,19.3146,20.2415,19.6352,20.1007,19.588,19.8477,19.7157,19.75,21.8551,19.3572,20.0674,20.8749,20.4571,23.6384,18.7365,19.7049,20.6531,20.4781,21.3384,18.662,19.9527,19.4902,20.7239,21.653
545,3:25:55 PM,19.5044,19.6864,19.7721,19.7032,20.5862,20.1608,19.4992,20.7252,21.4018,21.3054,19.9685,19.8322,19.674,20.2389,20.5949,20.0244,20.5022,20.7168,20.664,21.8885,19.9861,20.2203,20.5439,19.855,21.7494,18.8781,19.613,19.2692,19.6379,20.6853,20.789,19.8371,21.1258,20.7856,21.9868,19.8673,20.3118,20.4902,20.3489,20.2941,20.3225,20.5368,20.0802,21.1088,21.9474,20.4997,21.0082,20.925,20.8366,21.7737,18.4747,18.8512,19.6288,20.0578,21.2187,19.1799,20.0821,20.1611,20.9207,20.8699,20.3194,20.3338,19.9342,20.3756,22.0513,19.8219,20.0871,19.292,20.8249,22.1436,18.9152,20.0471,20.2671,20.3315,20.7843,19.3514,19.1642,19.9784,19.482,20.7406,20.5888,19.172,20.7725,18.9901,21.9548,19.0547,19.7206,19.6766,20.3121,23.5695,19.0562,19.3475,19.9685,20.3579,23.1533,17.9505,19.2491,20.126,19.6947,19.9724,19.4851,19.7926,19.5303,19.7265,22.5502,19.408,20.1127,20.6572,21.2692,24.6076,18.633,19.6114,20.5771,20.5418,21.4316,18.7947,20.0608,19.815,21.068,21.5707
546,3:26:15 PM,19.5995,19.8404,19.6869,19.6536,20.6008,20.3733,19.6582,20.6928,21.3159,21.3482,19.9852,19.7766,19.626,20.1224,20.6649,20.1186,20.5502,20.6234,20.7352,21.7421,19.8959,20.4102,20.6609,19.8864,21.7279,18.7777,19.6487,19.2462,19.8003,20.6319,20.7226,19.8568,21.0054,20.6279,22.0308,19.82,20.221,20.3988,20.2163,20.3024,20.4694,20.5225,19.9494,21.1122,22.114,20.4143,20.9827,20.9323,20.7852,21.6077,18.3785,18.8059,19.5433,19.9422,21.262,19.2317,20.0205,20.1769,21.0351,20.9325,20.2437,20.3352,19.9167,20.2457,21.9797,19.796,20.0817,19.3127,20.7952,22.2679,19.1976,20.1125,20.5138,20.2383,21.0567,19.2813,18.9744,20.0504,19.5888,20.7059,20.6469,19.0839,20.5202,19.0274,22.2264,18.8711,19.6065,19.6918,20.2927,23.3209,19.0804,19.4426,20.001,20.467,23.2655,18.1843,19.6677,19.9735,19.5905,20.177,19.6297,19.7607,19.6544,19.6752,21.5243,19.333,20.1521,20.7473,20.6561,24.2644,18.5091,19.6087,20.6834,20.5097,21.977,18.7117,20.0725,19.7828,21.041,21.6189
547,3:26:35 PM,19.6492,19.7309,19.3902,19.7204,20.5799,20.358,19.4886,20.6086,21.1883,21.3429,20.0498,19.8983,19.6949,20.1199,20.5932,20.0381,20.5386,20.7275,20.7306,21.778,19.8956,20.3298,20.6495,19.9,21.736,18.7533,19.6308,19.1915,19.7211,20.5936,20.6567,19.904,21.1284,20.574,21.8739,19.8557,20.301,20.382,20.1608,20.4642,20.4215,20.6689,20.0354,21.1004,21.9508,20.5416,20.8758,20.9821,20.7446,21.5988,18.4018,18.8065,19.5927,20.0293,21.2102,19.2846,20.1596,20.2316,20.9226,20.8098,20.1743,20.3693,20.0196,20.3161,21.9768,19.8474,20.0296,19.3011,20.8677,22.2573,19.093,19.9044,20.4832,20.2478,20.8611,19.1351,19.1278,19.8401,19.515,20.7158,20.5515,19.2421,20.7682,18.9422,21.75,19.0193,19.636,19.9141,20.1854,23.9536,18.9767,19.3679,19.9034,20.587,23.3559,18.1431,19.5671,20.0729,19.8033,20.5933,19.5801,19.7841,19.6301,19.7268,21.4966,19.1459,20.0343,20.6843,20.2409,23.8738,18.6984,19.5019,20.5606,20.5644,21.7309,18.6222,19.9841,19.6147,20.7232,21.5294
548,3:26:55 PM,19.541,19.6986,19.6295,19.6708,20.5912,20.2446,19.4694,20.6181,21.1155,21.3567,20.0415,19.8295,19.8291,20.2686,20.6709,20.0636,20.6586,20.8098,20.6738,21.7092,20.0157,20.428,20.597,20.1643,21.8589,18.866,19.4888,19.1694,19.7515,20.6263,20.7207,19.8737,20.963,20.6323,21.9659,19.6591,20.3356,20.3759,20.2716,20.2548,20.5079,20.4877,19.9945,21.1347,21.9737,20.5452,20.9189,20.9714,20.7746,21.6709,18.3541,18.7925,19.7052,19.971,21.1643,19.3372,20.1146,20.2677,21.0348,20.832,20.2479,20.3382,20.0495,20.2652,22.1267,19.8583,19.9926,19.3499,20.9375,22.3134,18.9192,19.906,20.4305,20.2998,20.8485,19.3498,19.2231,20.0158,19.5247,20.6755,20.5456,19.4737,20.6499,19.164,21.5705,18.8213,19.6997,19.7457,20.2059,23.4941,19.0312,19.3107,19.7935,20.4316,23.323,18.2809,19.4568,19.9371,19.6396,20.5911,19.6291,19.8021,19.429,19.7659,22.0632,19.2532,20.0251,20.6726,20.3342,24.5845,18.5806,19.459,20.636,20.4807,21.6201,18.751,20.0783,19.7202,20.4674,21.5543
549,3:27:15 PM,19.5525,19.6967,19.4341,19.5593,20.5486,20.3536,19.4623,20.6234,21.2144,21.25,20.1481,19.8658,19.7138,20.2734,20.6616,20.1403,20.6474,20.7643,20.6091,21.7414,19.992,20.3165,20.6503,20.0084,21.8371,18.781,19.4654,19.2728,19.5885,20.5819,20.7454,19.8856,20.9655,20.6926,21.8725,19.7975,20.4014,20.4132,20.4554,20.7563,20.3293,20.5199,19.8879,21.163,21.9649,20.5012,20.8818,20.9213,20.7953,21.576,18.3222,18.8828,19.7736,19.8734,21.3337,19.232,20.1047,20.2129,20.9527,20.9514,20.3243,20.3241,19.9619,20.4321,22.0426,19.8431,20.0858,19.3042,20.94,22.3528,19.0331,20.0192,20.3489,20.2118,21.0366,19.3333,19.2135,20.011,19.4868,20.7171,20.5891,19.2852,20.7073,19.1913,21.7433,18.9695,19.6509,19.5081,20.4555,23.6278,19.0678,19.3426,19.7876,20.2336,23.2134,18.1624,19.4796,20.0162,19.8992,20.8369,19.5612,19.8186,19.4763,19.8021,21.8338,19.29,20.1435,20.5706,20.6556,24.3888,18.6283,19.5841,20.5579,20.5326,21.5415,18.5206,19.8985,19.5496,20.7189,21.6905
550,3:27:35 PM,19.5929,19.7308,19.5698,19.6503,20.6407,20.25,19.5164,20.5813,21.2323,21.3925,19.9429,19.8024,19.768,20.2168,20.5994,20.0995,20.5896,20.7827,20.7225,21.8883,20.1249,20.4177,20.6475,20.3546,21.8988,18.7541,19.4981,19.414,19.8039,20.5629,20.5892,19.9325,20.9976,20.476,21.9809,19.7188,20.2817,20.5163,20.6161,20.6938,20.3498,20.5928,20.0582,21.2115,21.9381,20.5104,20.9651,20.9754,20.7446,21.6742,18.3943,18.7969,19.7213,19.9844,21.283,18.9869,20.1039,20.1646,21.023,21.1118,20.1066,20.3169,19.953,20.2678,22.0554,19.973,20.046,19.3412,20.9173,22.2131,19.0505,19.94,20.5065,20.1539,21.1612,19.3694,19.2574,20.027,19.5595,20.7253,20.5962,19.4037,20.6371,19.2648,21.768,18.8118,19.7521,19.5407,20.5018,23.3714,18.9697,19.3555,19.89,20.2492,23.4088,18.2426,19.6549,20.095,19.997,20.1139,19.6032,19.8495,19.6994,19.7371,22.0721,19.2801,20.1783,20.7829,20.5076,24.4047,18.4805,19.3451,20.5601,20.5503,21.4622,18.4252,20.0324,19.4219,20.6689,21.6565
551,3:27:55 PM,19.6055,19.7209,19.6496,19.608,20.5233,20.3451,19.297,20.6716,21.2031,21.3786,20.028,19.8757,19.8986,20.5269,20.9665,20.0858,20.671,20.8262,20.6562,21.8887,20.0572,20.5155,20.7437,20.0484,21.8199,18.8299,19.592,19.2741,19.813,20.6044,20.3797,19.8867,21.1205,20.6245,21.9867,19.8041,20.3053,20.5117,20.6438,20.8222,20.3605,20.542,20.084,21.1419,22.0762,20.6234,21.0489,21.0398,20.8919,21.6921,18.3147,18.6131,19.7115,19.9781,21.2526,19.097,20.0031,20.3103,20.9003,20.9003,20.3309,20.3539,19.9266,20.4537,22.2279,19.8317,20.0884,19.3742,20.8996,22.1893,18.9518,20.1073,20.4637,20.3137,20.9054,19.3165,19.2051,19.9287,19.4959,20.5533,20.5707,19.1395,20.2494,18.981,22.1549,18.7429,19.5984,19.6368,20.3056,23.5805,19.0327,19.3932,19.9098,20.3334,23.2868,18.2038,19.4491,20.0676,19.8291,19.9418,19.6094,19.8221,19.625,19.5697,22.2652,19.207,20.0611,20.6924,20.5107,24.3429,18.6992,19.3992,20.5074,20.4174,21.617,18.5056,19.887,19.393,20.666,21.5013
552,3:28:15 PM,19.5224,19.6779,19.7659,19.8049,20.6351,20.1482,19.6416,20.6563,21.055,21.0459,20.1919,19.782,19.6925,20.2551,20.7981,20.0938,20.6136,20.6981,20.6188,21.9667,20.1135,20.5208,20.7129,20.077,21.6844,18.8741,19.5595,19.2015,19.8581,20.6481,20.5133,19.8571,21.085,20.5551,21.9828,19.7491,20.3306,20.3518,20.4784,20.8293,20.3634,20.697,20.2167,21.1903,22.0178,20.5078,20.9714,20.9022,20.8615,21.7118,18.2843,18.7367,19.5743,19.9726,21.2511,18.8961,20.0866,20.1988,20.8448,21.1147,20.2424,20.3461,19.9339,20.4252,22.0493,20.0052,20.1896,19.4271,20.9791,22.2876,18.9448,20.1126,20.5687,20.3233,20.919,19.2695,19.2387,19.9468,19.4752,20.7275,20.6021,19.1858,20.6219,18.995,21.9156,18.9754,19.6451,19.9179,20.384,23.3156,18.9552,19.3233,19.5996,20.1255,23.2413,18.1724,19.4729,20.2109,19.7587,20.2824,19.6411,19.7503,19.5969,19.6132,21.936,19.2707,19.9951,20.571,20.6777,24.6084,18.6721,19.4226,20.5469,20.5758,21.3708,18.4628,20.035,19.8299,20.7713,21.519
553,3:28:35 PM,19.633,19.7521,19.5456,19.7489,20.6991,20.2739,19.4821,20.6617,21.1502,21.2258,20.1139,19.7765,19.8655,20.2127,20.7217,20.0719,20.6225,20.8477,20.5489,21.8283,19.9062,20.4105,20.6989,19.9509,21.6407,18.7467,19.5434,19.2834,19.5802,20.6888,20.6001,19.9099,21.0484,20.8771,21.9071,19.8489,20.2924,20.3574,20.5179,20.5529,20.5206,20.6049,19.9055,21.0873,21.8653,20.5373,21.0255,21.0322,20.9069,21.6813,18.3688,18.7915,19.7276,20.1185,21.2385,19.2313,20.1586,20.2131,20.9124,21.3048,20.3749,20.4055,20.0725,20.2905,22.0456,19.8843,20.1426,19.3369,20.7884,22.2301,19.2212,20.0944,20.6959,20.3042,20.8497,19.4648,19.1936,19.9413,19.4884,20.7475,20.5217,19.3465,20.7166,19.1976,21.9507,18.9024,19.6484,19.7616,20.5118,23.6782,19.0305,19.2922,19.977,20.4017,23.2057,18.134,19.5894,20.097,19.7981,20.6287,19.5801,19.8279,19.6633,19.7129,21.5362,19.2598,20.0944,20.8308,20.5906,24.2023,18.692,19.2963,20.5436,20.4835,21.4216,18.5837,20.0229,19.691,20.5513,21.6314
554,3:28:55 PM,19.5034,19.6207,19.6676,19.7413,20.6376,20.21,19.6201,20.6556,21.1596,21.1417,20.1024,19.8264,19.7426,20.2147,20.6966,20.133,20.5838,20.8051,20.684,21.903,20.1115,20.563,20.7875,20.1896,21.6682,18.7138,19.4716,19.0056,19.6031,20.6297,20.409,19.9384,21.0715,20.8655,21.919,19.6879,20.3579,20.4126,20.245,20.3461,20.4579,20.4549,20.0474,21.1759,21.9404,20.5108,20.9802,20.9142,20.7734,21.6777,18.2923,18.7777,19.6522,19.9545,21.1772,19.2214,20.1589,20.3092,20.979,20.9094,20.2764,20.4328,19.9505,20.2788,22.1321,19.8699,20.1382,19.2514,20.7676,22.1397,19.0337,19.9996,20.4462,20.3152,21.1017,19.2898,19.139,20.0164,19.533,20.7635,20.5883,19.2372,20.597,19.0015,22.165,18.7332,19.6549,19.8007,20.2388,23.3493,18.859,19.3501,19.7986,20.1871,23.2651,18.0364,19.7154,20.1407,19.794,20.2413,19.6519,19.8415,19.569,19.7582,21.6517,19.3929,20.2047,20.7905,20.4857,24.1061,18.5831,19.3199,20.5672,20.4481,21.4969,18.5298,19.96,19.5424,20.6652,21.4736
555,3:29:15 PM,19.6018,19.6758,19.5901,19.7015,20.6137,20.3161,19.7001,20.7982,21.1191,21.3,20.1331,19.8853,19.6082,20.0638,20.6476,20.134,20.5338,20.7163,20.6388,21.8527,19.9039,20.4271,20.6336,20.0624,21.7817,18.8696,19.5182,19.1524,19.7277,20.6193,20.7266,19.9082,21.1699,20.6799,22.0092,19.8251,20.3027,20.4111,20.3134,20.7405,20.415,20.6316,19.9942,21.1163,21.9205,20.4833,21.0161,21.0524,20.8694,21.6977,18.435,18.7595,19.7451,19.97,21.2542,19.1127,20.1057,20.3157,20.9759,20.9926,20.2707,20.4009,19.9942,20.3525,22.0147,19.8485,20.001,19.3462,20.9477,22.201,18.8676,19.9093,20.4577,20.128,20.8029,19.3645,19.2073,20.0449,19.4558,20.7474,20.6551,19.3442,20.6317,19.2434,22.0246,18.9728,19.832,19.6337,20.2554,23.434,18.9026,19.242,19.6284,20.1147,23.3688,18.0478,19.2567,20.0063,19.5894,20.0497,19.559,19.7815,19.6926,19.5762,21.84,19.4309,19.9694,20.7892,20.692,24.2097,18.6737,19.5128,20.6097,20.544,21.3338,18.6655,20.0866,19.7376,20.5478,21.658
556,3:29:35 PM,19.6023,19.9286,19.5943,19.5935,20.5709,20.3152,19.6393,20.7223,21.1895,21.236,19.9883,19.8214,19.7748,20.1032,20.6519,20.0549,20.5298,20.6885,20.6562,21.7811,19.8628,20.3201,20.7237,20.0707,21.7766,18.9422,19.6838,19.4159,19.6596,20.741,20.6899,19.9657,21.0827,20.6854,21.8919,19.8036,20.3133,20.5065,20.2033,20.2997,20.4384,20.5892,19.9955,21.1503,21.9683,20.4312,21.0097,20.9287,20.7803,21.7156,18.4585,18.8549,19.7243,20.0061,21.2643,19.0862,20.1519,20.2411,20.8884,21.0493,20.3123,20.4754,19.975,20.4474,22.1439,19.9183,20.279,19.3397,20.8402,22.4076,18.936,20.0199,20.3296,20.2464,20.9827,19.3607,19.3132,19.9106,19.6927,20.7329,20.5896,19.3158,20.7361,19.2082,22.1202,19.0134,19.6843,19.8809,20.7202,23.7596,19.0887,19.3388,19.5539,20.3941,23.1185,18.1056,19.5232,20.0567,19.9205,19.9245,19.5996,19.8296,19.7926,19.7537,21.497,19.2921,20.2584,20.7491,20.5069,23.5544,18.8207,19.6366,20.557,20.4837,21.2994,18.7392,20.0336,19.8487,20.6262,21.6244
557,3:29:55 PM,19.6602,19.7471,19.5592,19.6458,20.6464,20.3372,19.6228,20.6729,21.0984,21.3386,20.019,19.8863,19.6745,20.1369,20.6528,20.0133,20.592,20.8043,20.5306,21.725,20.0519,20.4127,20.6962,20.0955,21.7844,18.7961,19.5607,19.3452,19.6808,20.6562,20.7453,19.8709,21.1466,20.5726,21.952,19.7609,20.3495,20.4414,20.18,20.2989,20.4266,20.5478,19.9414,21.1164,21.9114,20.5535,20.9241,20.9192,20.7933,21.5046,18.3679,18.8182,19.5943,20.066,21.2027,19.1745,20.2149,20.2041,20.8823,20.9751,20.3588,20.5172,19.9659,20.2401,22.1123,19.7801,20.1047,19.4001,20.8974,22.2233,19.2301,19.9754,20.3256,20.1616,20.8341,19.3152,19.076,20.0016,19.5064,20.8347,20.5407,19.2679,20.3165,19.2356,21.9999,18.9521,19.8613,19.7434,20.2858,23.7145,19.1393,19.4231,19.7287,20.5042,23.2721,18.0206,19.5793,20.0209,19.7928,20.3093,19.6004,19.7155,19.6748,19.6849,21.6476,19.2008,20.057,20.7368,20.3683,23.9127,18.6995,19.4481,20.5982,20.533,21.2191,18.6697,19.9465,19.6384,20.5576,21.6792
558,3:30:15 PM,19.6429,19.7079,19.6444,19.6022,20.511,20.2428,19.512,20.6605,21.2146,21.3197,20.0737,19.8156,19.7327,20.3615,20.758,20.1528,20.5845,20.7489,20.6541,21.7082,20.1139,20.4498,20.683,19.8682,21.7792,18.9182,19.5807,19.1269,19.6499,20.5983,20.8086,19.824,21.0958,20.5369,22.0544,19.7906,20.3548,20.5031,20.1793,20.2318,20.3491,20.4995,20.0104,21.1701,22.0619,20.4527,20.912,21.0162,20.8062,21.6009,18.4552,18.9115,19.7836,19.8619,21.1561,19.3157,20.1511,20.3343,21.0373,21.2993,20.2218,20.3337,19.9008,20.2913,22.0258,19.9521,20.1672,19.3613,20.9577,22.5701,19.2484,20.1223,20.544,20.2013,20.7799,19.3751,19.145,19.9596,19.54,20.7341,20.536,19.2015,20.3057,19.0737,21.5828,18.9483,19.8568,19.7774,20.4691,24.1299,19.1919,19.3473,19.6404,20.1863,23.2853,18.0949,19.4892,20.0054,19.9343,20.1029,19.593,19.7808,19.6635,19.722,21.6769,19.3308,20.0629,20.7315,20.5338,24.77,18.7132,19.4299,20.4817,20.4243,21.4774,18.5748,19.9672,19.7108,20.7742,21.5186
559,3:30:35 PM,19.7108,19.8842,19.6988,19.7552,20.564,20.249,19.3909,20.6086,21.1631,21.2146,20.0048,19.9779,19.8485,20.4612,20.7257,20.1334,20.66,20.7491,20.524,21.7129,19.8605,20.4938,20.6963,19.7596,21.9739,18.9132,19.6545,19.3707,19.8063,20.5695,20.586,19.7331,21.0699,20.7304,21.907,19.8807,20.3268,20.5517,20.5601,20.7819,20.3978,20.4719,20.0531,21.112,21.9476,20.5752,20.9801,20.9928,20.8746,21.6024,18.5062,18.9724,19.6892,19.9536,21.1701,19.3543,20.1655,20.3481,20.9635,20.8785,20.2835,20.2906,19.8793,20.3676,22.0338,19.8927,20.1361,19.4207,20.9326,22.4181,19.3929,20.0396,20.5978,20.2523,20.8661,19.3717,19.1809,20.0971,19.5911,20.6331,20.5064,19.3135,20.2083,19.3443,21.6255,19.0224,19.6271,19.8529,20.2732,23.1531,19.1197,19.2539,19.9553,20.5265,23.2726,18.0379,19.7721,19.9946,19.8021,20.2672,19.6791,19.781,19.6018,19.6792,21.9363,19.4149,20.1205,20.8149,20.4892,24.2196,18.655,19.466,20.558,20.5482,21.9297,18.7568,20.055,19.5469,20.6247,21.6444
560,3:30:55 PM,19.5867,19.7337,19.6066,19.5667,20.5775,20.253,19.4149,20.5807,21.1559,21.1794,20.0908,20.0636,19.8364,20.4595,20.8495,20.2239,20.4836,20.7707,20.7,21.8991,20.0263,20.4255,20.57,19.9463,21.8283,19.0066,19.6534,19.2156,19.5241,20.5945,20.6614,19.8594,20.9967,20.5569,21.8841,19.8206,20.3267,20.3818,20.488,20.8322,20.4716,20.6474,20.0262,21.0842,21.9614,20.4833,20.9889,20.9228,20.7079,21.5406,18.4634,18.8528,19.7088,19.923,21.228,19.3143,20.1629,20.2025,20.8442,21.0144,20.2402,20.3359,19.9583,20.3679,21.9697,20.0155,20.125,19.4252,20.9236,22.3443,18.8716,19.903,20.4774,20.2375,20.7619,19.4471,19.2741,20.0385,19.5338,20.7185,20.6693,19.2935,20.4693,19.273,22.265,18.9974,19.8762,20.0684,20.827,23.5827,19.0734,19.2694,19.6058,20.6131,23.1178,18.2499,19.5311,20.1128,19.7466,20.6838,19.6158,19.7259,19.6265,19.7999,21.6965,19.2824,20.1351,20.6956,20.42,23.4422,18.6766,19.4312,20.5904,20.526,21.386,18.6625,20.0421,19.5795,20.835,22.143
561,3:31:15 PM,19.6904,19.9084,19.619,19.5693,20.6744,20.3293,19.5374,20.6755,21.2626,21.205,20.1882,19.8989,19.8793,20.2486,20.5794,20.1368,20.5428,20.7328,20.6717,21.708,19.9611,20.4949,20.6847,20.0336,21.965,19.0697,19.6704,19.28,19.803,20.6944,20.5344,19.8683,20.9322,20.6672,21.9731,19.8858,20.3268,20.4986,20.4846,20.674,20.6955,20.6608,20.0807,21.1209,21.9204,20.5156,21.007,21.0029,20.8434,21.6261,18.613,18.9916,19.8775,20.094,21.1567,19.4371,20.1047,20.2297,20.9624,20.9128,20.2311,20.3541,19.9111,20.462,22.0451,19.8465,20.1282,19.3626,20.8656,22.2195,19.0485,20.0483,20.5412,20.3288,20.9583,19.4857,19.2188,20.011,19.6247,20.7552,20.5377,19.4655,20.5918,19.3648,21.9288,19.052,19.7649,19.8264,20.3991,23.3529,19.1695,19.4515,19.7254,20.2885,23.1733,18.1784,19.6338,20.2542,19.9377,20.0765,19.6537,19.8391,19.6159,19.7244,21.6895,19.4851,20.1103,20.7962,20.4652,24.2146,18.7825,19.6129,20.669,20.7984,21.8061,18.7291,20.1278,19.423,20.7932,21.7444
562,3:31:35 PM,19.7835,19.8548,19.8421,19.8549,20.658,20.2096,19.605,20.6924,21.2402,21.3065,20.1749,19.9332,19.8821,20.2609,20.7479,20.1878,20.5336,20.8187,20.6412,21.7726,20.0313,20.435,20.6822,19.9848,21.76,18.9978,19.6907,19.5176,19.7545,20.6824,20.7508,19.8774,21.1584,20.6859,21.9528,19.9103,20.397,20.4547,20.2996,20.5448,20.4222,20.5739,19.9744,21.0956,21.9253,20.5599,21.0565,20.9564,20.8349,21.6655,18.4964,18.9302,19.8172,20.0377,21.2137,19.1266,20.0475,20.1355,20.9249,20.7878,20.3015,20.5116,19.9951,20.3762,22.0407,19.9816,20.1756,19.3815,20.817,22.2655,19.2561,20.1449,20.4083,20.229,21.2189,19.5302,19.3685,20.0332,19.6808,20.6235,20.4421,19.3763,20.6623,19.3638,21.8055,18.8831,19.6135,19.6265,20.2151,23.6796,19.2397,19.4462,20.0061,20.4581,23.239,18.2605,19.6234,20.0123,19.9527,21.0579,19.7324,19.9507,19.6533,19.677,21.5644,19.5069,20.1954,20.7778,20.4007,23.9498,18.829,19.4631,20.5526,20.5469,21.8161,18.719,20.0839,19.7464,20.7561,21.6942
563,3:31:55 PM,19.6674,19.7255,19.8294,19.819,20.5764,20.2588,19.6249,20.8058,21.3492,21.4033,20.2064,19.8493,19.6046,20.276,20.6272,20.1152,20.652,20.7473,20.6995,21.708,20.0613,20.5786,20.7752,20.0847,21.7805,18.9676,19.6365,19.34,19.8689,20.724,20.7215,19.8451,21.1022,20.5403,21.9222,19.7658,20.3939,20.4075,20.3014,20.5304,20.4701,20.6152,19.9799,21.1128,21.9492,20.5336,20.8545,20.9027,20.8294,21.7467,18.6098,18.8887,19.7415,20.0162,21.1947,19.1294,20.2196,20.2322,21.0591,21.359,20.3439,20.4057,19.9774,20.4504,22.0337,19.8822,20.1989,19.4603,20.9683,22.1558,19.1209,20.1557,20.4637,20.2308,20.937,19.464,19.3707,20.1161,19.5489,20.7649,20.5171,19.2764,20.6186,19.2924,21.9709,18.8712,19.6866,19.8562,20.6556,23.8349,19.1448,19.4943,19.934,20.6102,23.2833,18.3107,19.6513,20.0502,19.6642,20.2563,19.7193,19.8556,19.6239,19.686,21.6235,19.3572,20.1181,20.823,20.5398,24.1269,18.6775,19.4904,20.5898,20.4983,21.6554,18.831,20.2493,19.794,20.6493,21.7304
564,3:32:15 PM,19.6351,19.8891,19.742,19.8184,20.6217,20.2738,19.6114,20.7264,21.2754,21.3268,20.0971,19.9145,19.8289,20.258,20.7799,20.0772,20.6085,20.7979,20.6007,21.7799,19.9609,20.5171,20.7263,20.0957,21.8035,18.8694,19.7866,19.3889,19.8476,20.6816,20.7263,19.8519,21.1627,20.6283,21.8994,19.8421,20.3176,20.4324,20.3843,20.8675,20.455,20.7005,20.0251,21.1774,21.9434,20.4761,21.0131,21.0165,20.8885,21.6838,18.5265,18.893,19.8203,20.0405,21.2026,19.2752,20.0307,20.251,20.9658,21.1051,20.2869,20.4512,20.0237,20.3775,22.0022,19.8474,20.2158,19.3419,21.0161,22.0339,19.1596,20.0439,20.5088,20.4118,20.8679,19.2955,19.258,20.0565,19.6715,20.8075,20.5925,19.3066,20.3318,19.2369,21.8952,18.9735,19.759,19.9173,20.3478,23.4831,19.262,19.5052,19.9389,20.5634,23.2485,18.2458,19.7458,20.3418,19.9468,20.2438,19.7384,19.9246,19.718,19.7507,21.6865,19.4342,20.1134,20.8026,20.3919,24.2321,18.8455,19.6939,20.5399,20.6416,21.8812,18.914,20.0362,19.7557,20.8433,21.6494
565,3:32:35 PM,19.8685,19.9194,19.8385,19.7521,20.6158,20.2875,19.7188,20.7369,21.3526,21.2481,20.0583,19.7467,19.8356,20.1492,20.647,20.0978,20.5214,20.8758,20.6513,21.7581,20.0851,20.6026,20.7008,20.1255,21.8292,19.0017,19.7042,19.4933,19.7842,20.6551,20.589,19.9333,21.0396,20.7391,22.0305,19.9373,20.2704,20.4533,20.2755,20.7089,20.3883,20.6395,19.9846,21.1483,22.0904,20.5559,20.9476,20.9939,20.8701,21.6065,18.7398,19.0775,19.9032,20.1065,21.2125,19.5513,20.1664,20.2859,21.1376,20.9211,20.2415,20.4123,20.0114,20.4283,22.3126,19.9963,20.1831,19.4345,20.9362,22.0796,19.2496,20.1513,20.4687,20.429,21.1294,19.5605,19.3278,19.9788,19.5918,20.7482,20.576,19.4567,20.7831,19.3891,22.0133,19.3436,19.6976,19.9587,20.649,23.8977,19.1749,19.4655,19.9992,20.2982,23.2212,18.2487,19.6752,20.1812,19.9426,20.2024,19.7529,19.9191,19.6925,19.7557,22.1612,19.392,20.1853,20.7922,20.792,24.3647,18.784,19.784,20.6453,20.6485,21.6599,18.6036,20.1394,19.6486,20.7504,21.5709
566,3:32:55 PM,19.7047,19.8731,19.6584,19.7963,20.6111,20.432,19.6728,20.6136,21.1598,21.1552,20.0827,19.9269,19.8314,20.4216,20.6717,20.2133,20.6134,20.7469,20.7214,21.9901,20.0281,20.5961,20.7224,19.9839,21.7555,19.1637,19.7758,19.5667,19.9626,20.6644,20.7011,19.9972,21.0751,20.7887,22.0653,19.7912,20.3759,20.5102,20.5439,20.8146,20.4581,20.5683,20.0708,21.243,22.0635,20.5388,20.887,20.9644,20.8414,21.6341,18.5703,18.8814,19.85,20.0846,21.2551,19.4166,20.1301,20.3035,21.0248,20.8962,20.4433,20.4252,20.0105,20.4792,22.0299,20.0187,20.1306,19.4146,20.9075,22.26,19.0963,19.9672,20.4692,20.3748,21.0926,19.5381,19.2568,20.1441,19.6253,20.7532,20.6258,19.4084,20.7911,19.4118,21.6399,19.0589,19.8948,20.0151,20.7025,23.5239,19.1712,19.4802,19.8736,20.5054,23.2065,18.2396,19.5866,20.0514,19.9456,20.006,19.7434,19.9071,19.7208,19.7294,21.6596,19.2946,20.153,20.8704,20.4569,24.0613,18.751,19.5323,20.5477,20.6857,22.0116,18.9104,20.0106,19.4446,20.7335,21.5072
567,3:33:15 PM,19.6015,19.8028,19.5323,19.7393,20.6814,20.3447,19.7321,20.6594,21.1408,21.3957,20.0824,19.888,19.8483,20.3269,20.8954,20.2615,20.6684,20.7066,20.5393,21.9965,19.8594,20.4778,20.8113,20.2439,21.7847,18.9829,19.7312,19.3477,19.8397,20.5998,20.7429,19.9519,21.076,20.6807,21.9268,19.802,20.3343,20.4333,20.5721,20.8702,20.4653,20.536,20.0648,21.1556,21.9759,20.4425,21.042,21.095,20.8984,21.5547,18.6722,19.0613,19.8447,20.1071,21.2309,19.118,20.2424,20.2639,21.0002,21.546,20.235,20.3447,20.0479,20.5362,22.0563,19.9755,20.1676,19.4052,20.9666,22.2732,19.404,20.1462,20.6276,20.3753,20.8133,19.5035,19.3567,20.1277,19.7154,20.8684,20.6327,19.5166,20.8248,19.2726,21.8575,19.1944,19.7379,19.9665,20.8731,23.8241,19.3264,19.5299,19.8802,20.4184,23.2901,18.2576,19.5446,19.8864,19.9702,20.6575,19.7607,19.8773,19.7289,19.7034,21.7408,19.5341,20.0425,20.7749,21.0455,24.33,18.8547,19.688,20.6233,20.6723,21.9048,18.8039,20.1296,19.7342,20.8132,21.7049
568,3:33:35 PM,19.7288,19.9363,19.7362,19.6904,20.598,20.3306,19.5884,20.689,21.3041,21.3722,20.1636,19.8157,19.7127,20.3461,20.875,20.0817,20.5679,20.8572,20.6717,21.9772,19.9962,20.5588,20.6585,20.1292,21.764,19.0788,19.8212,19.5436,19.8519,20.742,20.5099,20.0281,21.0578,20.7251,22.1554,19.8346,20.3968,20.4572,20.727,21.1428,20.401,20.6356,20.0146,21.2322,22.0508,20.585,20.9512,20.9727,20.8128,21.6532,18.6406,19.045,19.9838,19.9775,21.1547,19.3561,20.2743,20.2206,21.1133,21.4819,20.2859,20.3188,20.0398,20.2996,22.4041,19.9278,20.0131,19.3646,20.8467,22.4031,19.2278,20.1092,20.4823,20.4027,20.9647,19.5336,19.3933,20.054,19.7115,20.7968,20.5972,19.4453,20.6515,19.3162,22.2082,19.1417,19.9746,19.7359,20.6169,23.9313,19.2612,19.4764,19.8907,20.4677,23.201,18.2945,19.6617,20.2679,20.0754,20.1875,19.6465,19.8615,19.6254,19.7539,21.8471,19.4772,20.1474,20.8802,20.6536,23.8358,18.8141,19.7838,20.629,20.6585,21.5068,18.8908,20.0826,19.9002,20.7873,21.6641
569,3:33:55 PM,19.6657,19.9407,19.8426,19.7255,20.7422,20.3305,19.6978,20.7177,21.3035,21.354,20.2545,19.9594,19.7387,20.2656,20.9356,20.127,20.7169,20.775,20.6578,22.0152,19.9053,20.6257,20.8802,20.1236,21.7451,18.8957,19.5754,19.2418,19.6332,20.6888,20.6853,19.9369,21.1124,20.6555,21.9469,19.8701,20.4236,20.4256,20.4314,20.9615,20.4109,20.6025,20.073,21.2403,22.0158,20.5219,20.9813,21.0151,20.82,21.6665,18.5296,19.0063,19.7796,20.0374,21.2445,19.319,20.0274,20.2515,21.0103,21.1832,20.3358,20.4917,19.9535,20.5763,22.2447,19.8439,20.164,19.4334,21.0348,22.2826,19.3115,20.0955,20.509,20.4136,21.0041,19.4826,19.3701,20.1133,19.7025,20.7833,20.5961,19.2789,20.2747,19.2714,21.8924,19.102,19.8374,19.8197,20.6802,23.8578,19.2599,19.5989,20.0121,20.4825,23.303,18.3185,19.6757,20.0302,19.9847,20.2536,19.6402,19.9228,19.6829,19.8119,21.8101,19.4619,20.0584,20.7208,20.5672,24.2292,18.7316,19.4655,20.5785,20.5982,21.5659,18.6335,20.1415,19.6412,20.7672,21.6487
570,3:34:15 PM,19.6632,19.8045,19.738,19.7214,20.7042,20.3456,19.7192,20.8198,21.2994,21.2745,20.188,19.8762,19.9215,20.4479,20.8659,20.0964,20.608,20.7536,20.6652,21.924,20.0765,20.4397,20.7414,20.2668,21.79,18.9372,19.6232,19.2338,19.6224,20.6008,20.7011,19.9893,21.2329,20.7501,22.1017,19.8612,20.3289,20.5363,20.5315,20.6343,20.428,20.5576,20.1603,21.249,22.0988,20.5688,21.0219,21.0752,20.8122,21.6568,18.491,18.9134,19.8525,20.167,21.1582,19.4214,20.2965,20.2881,20.9358,20.9156,20.4551,20.5147,20.0062,20.5268,22.2319,19.9892,20.2496,19.4749,20.975,22.4101,19.6504,20.2789,20.5918,20.4476,20.7961,19.3579,19.1822,20.0444,19.7913,20.746,20.6567,19.3891,20.4488,19.3182,21.6707,19.0393,19.9899,19.853,20.3719,23.4839,19.2344,19.6111,20.1083,20.3457,23.2613,18.3851,19.6605,20.1523,20.008,20.0528,19.6968,19.8014,19.6844,19.8224,22.0425,19.3529,20.2079,20.7986,20.6564,24.1586,18.811,19.7623,20.7165,20.7729,21.6159,18.9757,20.0366,19.8146,20.9422,21.5079
571,3:34:35 PM,19.7574,19.8866,19.6895,19.7949,20.7173,20.3093,19.4959,20.7225,21.2042,21.2589,20.2316,19.9853,19.8633,20.322,20.9641,20.053,20.629,20.8557,20.7479,21.8286,20.1442,20.5489,20.7234,20.1121,21.7492,19.062,19.8037,19.4094,19.8566,20.6929,20.6501,19.9412,21.1882,20.8293,21.946,20.014,20.4876,20.5223,20.5188,20.7668,20.5162,20.779,20.035,21.2768,22.1079,20.5823,20.933,21.0294,20.9861,21.6674,18.4816,18.9446,19.8625,20.0458,21.2005,19.4532,20.2279,20.3388,21.0215,20.9566,20.4219,20.4361,19.9892,20.6129,22.2628,19.9183,20.2475,19.4452,20.9378,22.3227,19.192,20.0919,20.497,20.3302,21.128,19.463,19.2916,20.0241,19.6888,20.6942,20.6488,19.4789,20.7135,19.1245,21.7523,19.0381,19.8082,19.9055,20.6082,23.5127,19.1532,19.4744,19.8299,20.2307,23.2704,18.1529,19.3779,20.1245,19.9266,20.5111,19.7099,19.9015,19.6293,19.775,21.9968,19.4404,20.1651,20.7231,20.498,24.3976,18.8263,19.6908,20.6864,20.718,21.9973,18.8241,20.1988,19.5247,20.7782,21.7041
572,3:34:55 PM,19.862,19.8818,19.8669,19.8104,20.6423,20.3258,19.6325,20.6848,21.2967,21.2394,20.1096,20.0745,19.6839,20.348,20.7195,20.2201,20.682,20.8376,20.6255,21.8857,20.0994,20.6586,20.7956,20.287,21.8202,19.0414,19.9344,19.3817,19.9342,20.7507,20.8875,19.9502,21.1177,20.7542,22.1351,19.9224,20.3691,20.6287,20.2522,20.491,20.4841,20.7842,20.1624,21.2785,21.9937,20.5683,21.1508,21.029,20.8974,21.64,18.625,19.0965,19.8842,20.0463,21.2217,19.3318,20.2354,20.3711,21.047,21.418,20.3597,20.5176,20.0493,20.4581,22.16,19.9984,20.3095,19.4484,20.9931,22.2363,19.317,20.2592,20.6511,20.4248,20.9747,19.4809,19.2734,20.0872,19.7263,20.7869,20.5145,19.5762,20.861,19.3822,22.1762,19.037,19.7697,19.7991,20.4966,23.7064,19.2924,19.5165,19.8808,20.3467,23.3809,18.3725,19.5532,20.1275,19.8739,19.9827,19.7394,19.8016,19.7468,19.7751,21.711,19.3038,20.3097,20.8088,20.5848,24.0378,18.7323,19.8294,20.6497,20.7314,21.6757,18.897,20.206,19.8538,20.7709,21.6588
573,3:35:15 PM,19.8587,19.9648,19.7436,19.86,20.7069,20.4522,19.5827,20.8536,21.3809,21.4318,20.0617,19.8889,19.9065,20.1944,20.9493,20.2102,20.6548,20.8059,20.673,21.7659,20.1515,20.7109,20.9407,20.1228,21.7157,19.0126,19.8597,19.4539,19.8376,20.6465,20.8856,19.9697,21.2554,20.6617,21.9023,19.9142,20.4558,20.5562,20.4799,21.2027,20.4507,20.7174,20.0068,21.3182,22.0991,20.5515,21.1624,21.0835,20.8646,21.6233,18.562,18.9141,19.7836,19.988,21.2663,19.2835,20.2892,20.3975,21.1542,21.1406,20.3301,20.3877,20.0194,20.5763,22.2271,20.0582,20.1473,19.4562,21.0097,22.1163,19.3249,20.3329,20.5628,20.3385,21.1042,19.5034,19.2465,20.1164,19.6259,20.772,20.5834,19.4173,21.0118,19.2824,22.0482,19.0837,19.8343,19.945,20.6,23.4093,19.2687,19.4987,19.7277,20.3394,23.1469,18.2837,19.6408,20.0254,19.9076,20.4975,19.5704,19.8766,19.6761,19.86,21.9916,19.5159,20.3233,20.895,20.6788,24.2561,18.7862,19.6277,20.7002,20.7351,21.7045,18.8726,20.1212,19.6505,20.769,21.4868
574,3:35:35 PM,19.8182,19.9991,19.7664,19.6601,20.6221,20.3168,19.66,20.6225,21.0415,21.3263,20.1597,19.8961,19.7752,20.2829,20.9395,20.1675,20.6901,20.8064,20.633,21.9351,20.2506,20.5522,20.7027,20.2951,21.8596,19.0736,19.7914,19.4695,19.8397,20.7129,20.5135,19.8574,21.189,20.8123,21.937,19.9041,20.4304,20.6528,20.6987,20.9376,20.382,20.6653,20.1653,21.1981,22.0274,20.5738,21.0701,21.0827,20.8746,21.7252,18.6028,19.0341,19.9648,20.1179,21.2902,19.2562,20.1805,20.4245,21.1307,20.7808,20.2929,20.4693,19.9693,20.432,22.1175,19.9046,20.2521,19.61,21.0148,22.2739,19.2421,20.2782,20.6796,20.3717,20.9646,19.5491,19.4091,20.1395,19.6673,20.7869,20.5435,19.4944,20.6753,19.1695,21.8981,19.0406,19.8626,19.9669,20.7117,23.7653,19.2452,19.5402,19.9046,20.4518,23.3903,18.3514,19.7106,20.2938,20.0525,20.0649,19.7367,19.9295,19.7921,19.8235,22.2206,19.382,20.1256,20.8213,20.7886,24.4924,18.7937,19.573,20.6835,20.5805,21.6224,18.8879,20.2057,19.3721,20.7917,21.6899
575,3:35:55 PM,19.7419,19.8826,19.6439,19.7101,20.6675,20.3803,19.5576,20.7663,21.1847,21.081,20.1995,20.0354,19.9148,20.4934,21.1153,20.1348,20.7336,21.0116,20.7854,21.9662,20.2244,20.6145,20.7988,20.3148,21.8627,19.0382,19.5931,19.3882,19.7777,20.7064,20.438,20.0017,21.108,20.7107,22.0887,19.9772,20.4672,20.6653,20.7928,21.0514,20.493,20.8291,20.2164,21.3301,22.1833,20.6214,21.0915,21.1163,20.9764,21.7708,18.6663,18.8444,19.7625,20.1744,21.3316,19.2699,20.2139,20.3267,20.9224,21.1128,20.3363,20.4337,20.0545,20.4919,22.3028,19.8993,20.1637,19.4105,20.9652,22.7723,19.2615,20.1695,20.6586,20.4098,21.3142,19.4357,19.2651,20.1622,19.5624,20.6932,20.6434,19.3895,20.5654,19.0409,22.0083,18.9922,19.9266,19.8693,20.5225,23.406,19.3247,19.5542,19.9102,20.6305,23.435,18.309,19.6202,20.1203,19.9768,20.5134,19.8053,19.8408,19.7612,19.8898,22.3099,19.3514,20.2059,20.817,20.91,24.3124,18.8198,19.6407,20.8404,20.898,21.5961,18.8215,20.2823,19.605,20.6592,21.7847
576,3:36:15 PM,19.6154,19.8148,19.7542,19.8743,20.7287,20.3912,19.5426,20.6813,21.1011,21.1793,20.2433,20.0405,19.847,20.4112,21.0361,20.3085,20.7047,20.939,20.7268,21.9753,20.1931,20.6534,20.874,20.3828,21.8582,19.0907,19.7257,19.3542,19.8891,20.645,20.7681,19.9966,21.1145,20.7658,22.0901,20.03,20.5644,20.6645,20.8673,21.1351,20.4827,20.7268,20.252,21.2116,22.1163,20.6106,21.1129,21.1698,20.9015,21.7974,18.6225,18.9576,19.8596,20.0311,21.2737,19.3647,20.2184,20.3377,21.1103,21.0639,20.4609,20.5125,20.0738,20.5284,22.2369,20.0177,20.2449,19.4088,21.0101,22.4544,19.2863,20.4551,20.6172,20.4055,20.9428,19.5671,19.3674,20.1315,19.6491,20.8342,20.6577,19.4348,20.6924,19.3455,22.167,19.0204,19.9583,19.977,20.5391,23.2184,19.3349,19.591,19.8875,20.5069,23.3442,18.2659,19.7292,20.0759,19.774,20.5793,19.8765,19.9097,19.7733,19.8168,23.2685,19.5241,20.201,20.7932,21.2994,24.1299,18.9368,19.7971,20.7486,20.7883,21.4999,18.8435,20.2214,19.8637,20.9556,21.8359
577,3:36:35 PM,19.7442,19.8185,19.6311,19.7449,20.7792,20.2646,19.8053,20.7607,21.229,21.2797,20.3839,19.9563,19.8053,20.3234,20.9635,20.2231,20.497,20.9766,20.7275,22.016,20.2954,20.6428,20.8735,20.3064,21.8821,19.0148,19.7427,19.3799,19.9249,20.7727,20.7412,20.1389,21.2149,20.9014,22.0109,20.0519,20.5061,20.5403,20.659,20.7181,20.5487,20.6405,20.0195,21.2506,22.1415,20.6688,21.0163,21.0525,21.006,21.6396,18.4547,18.9389,19.9465,20.1007,21.2648,19.1972,20.1704,20.4291,20.9195,21.1146,20.5076,20.4878,20.1117,20.4341,22.1311,20.0783,20.2491,19.4712,21.0796,22.1394,19.3339,20.2109,20.6957,20.5265,21.1552,19.6092,19.4004,20.1949,19.6459,20.8158,20.6572,19.5538,20.6637,19.3975,22.3169,19.0891,19.9734,19.9962,20.441,23.4716,19.2401,19.5645,20.1055,20.3536,23.3531,18.3447,19.652,20.1693,19.8735,20.4939,19.869,19.8867,19.749,19.7707,22.0896,19.4771,20.2384,20.9219,20.8191,24.5752,18.7894,19.4763,20.7897,20.6806,21.4953,18.8394,20.2343,19.859,20.8355,21.7952
578,3:36:55 PM,19.7445,19.7571,19.7701,19.8574,20.6628,20.427,19.8467,20.8256,21.349,21.345,20.2895,20.0289,19.9354,20.4343,21.0656,20.2521,20.6833,20.9561,20.7468,21.9326,20.169,20.6939,20.838,20.0327,21.7092,19.0152,19.7613,19.565,19.9503,20.8003,20.477,20.0123,21.2261,20.8859,22.0194,19.9805,20.5118,20.5144,20.3952,20.7508,20.6238,20.6479,20.0256,21.1491,22.1268,20.5745,21.1289,21.0842,20.889,21.6729,18.558,19.0175,19.8788,20.05,21.3191,19.2521,20.1779,20.33,21.1236,21.1525,20.4694,20.5044,20.1885,20.5448,22.3095,20.0633,20.1677,19.4213,20.9745,22.2121,19.0235,20.2458,20.6885,20.349,20.9709,19.5149,19.3321,20.2191,19.6915,20.7591,20.645,19.4543,20.4112,19.4359,21.8894,19.1595,19.8831,20.0909,20.8604,23.7772,19.4016,19.5607,20.0638,20.4161,23.27,18.2553,19.65,20.3263,19.8851,20.5711,19.7854,19.9911,19.7891,19.8582,22.1459,19.4689,20.1819,20.8391,20.7345,24.6694,18.9334,19.4998,20.6869,20.7427,21.6505,18.9543,20.3004,19.8792,20.9422,22.068
579,3:37:15 PM,19.6537,19.8657,19.7946,19.8796,20.7103,20.3076,19.8704,20.936,21.2826,21.3523,20.2893,20.0366,19.9336,20.1726,20.8959,20.1063,20.5837,20.8746,20.7954,22.0088,20.0291,20.4576,20.7253,19.8664,21.7566,19.0193,19.7379,19.4885,19.967,20.7703,20.7228,20.1384,21.257,20.7916,22.0457,19.8962,20.4817,20.5173,20.2574,20.5564,20.4611,20.6511,20.0296,21.207,22.0568,20.6349,21.1188,21.0261,20.9568,21.7158,18.725,19.0289,19.934,20.1427,21.2968,19.305,20.1573,20.3074,20.8282,21.0663,20.472,20.4839,20.0401,20.4568,22.3212,20.0312,20.33,19.5267,21.0426,22.3518,19.2961,20.2975,20.6167,20.4258,21.1921,19.5358,19.3902,20.1442,19.7173,20.8035,20.7541,19.3527,20.7165,19.4487,22.2668,19.1045,19.9319,19.8903,20.5326,23.6567,19.2049,19.6331,20.0866,20.2657,23.3825,18.2791,19.8324,20.4478,19.9609,20.1887,19.7825,20.0047,19.7419,19.6745,22.024,19.6021,20.2714,20.7215,20.866,24.5127,18.9333,19.7007,20.6044,20.6447,21.5723,18.8487,20.1071,19.7515,20.9627,21.7919
580,3:37:35 PM,19.8833,19.9895,19.673,19.7568,20.7399,20.4771,19.8457,20.8172,21.3413,21.3415,20.25,19.9198,19.8144,20.3824,20.7871,20.1468,20.6883,20.925,20.7998,21.9452,20.257,20.635,20.8182,20.2427,21.8172,18.9397,19.7989,19.4912,19.897,20.9185,20.8663,19.9989,21.3581,20.7785,21.9895,19.9539,20.4968,20.5438,20.3317,20.5882,20.5443,20.6187,20.1344,21.2388,22.0549,20.5437,21.0682,21.1258,20.8611,21.7168,18.6495,19.1007,19.9715,20.0885,21.3281,19.3963,20.236,20.4159,21.066,21.2322,20.4529,20.4903,20.1011,20.4621,22.1941,19.9649,20.1566,19.3969,21.0712,22.1887,19.2587,20.1876,20.3731,20.3123,20.9653,19.5586,19.3472,20.1374,19.8528,20.8505,20.7403,19.4311,20.8284,19.4607,22.1333,19.0928,19.8596,19.91,20.5729,23.7456,19.3097,19.5458,20.0976,20.364,23.2984,18.375,19.7498,20.3336,20.0472,20.3026,19.8134,19.9746,19.7786,19.9224,22.0742,19.6722,20.2826,20.7691,20.7297,24.5147,18.8265,19.9636,20.7673,20.7677,21.6866,18.827,20.1621,19.7699,20.7942,21.7355
581,3:37:55 PM,19.8222,19.8681,19.9308,19.8638,20.6795,20.3481,19.7914,20.9567,21.3857,21.4932,20.2357,20.0189,20.0174,20.4483,20.8696,20.2408,20.7496,20.953,20.9317,21.9287,20.1224,20.5103,20.8538,20.2683,21.8632,19.1795,19.812,19.6531,19.8463,20.7449,20.9649,20.1531,21.3411,20.8139,21.9336,19.9039,20.4374,20.5234,20.4463,20.4546,20.4883,20.7343,19.9503,21.165,22.0991,20.7384,21.1115,21.1054,20.9476,21.8277,18.5644,19.1216,19.8971,20.2647,21.2771,19.4485,20.2837,20.4332,21.0621,20.8401,20.3177,20.5433,20.0544,20.4837,22.2674,19.987,20.318,19.4264,21.0161,22.4031,19.3679,20.2642,20.5324,20.3808,21.0875,19.6154,19.4075,20.1301,19.813,20.7473,20.6976,19.411,20.6463,19.2549,21.9476,19.1833,19.8899,20.1026,20.4914,23.2604,19.4085,19.591,20.0325,20.6244,23.4037,18.4852,19.9972,20.1795,19.882,20.7546,19.8468,20.0792,19.8398,19.8699,22.2894,19.4155,20.2207,20.8976,20.7891,24.2344,18.9265,19.6345,20.6001,20.8617,21.7545,18.8604,20.2145,19.584,20.7552,21.6257
582,3:38:15 PM,19.8678,19.8752,19.7226,19.7314,20.7599,20.4497,19.7212,20.9096,21.38,21.4271,20.3101,20.0494,19.9163,20.4056,20.8495,20.2464,20.7242,20.9328,20.8296,21.977,20.2435,20.7142,20.7859,20.2332,22.0559,19.1384,19.9026,19.7331,19.881,20.7703,20.8097,20.0098,21.3647,20.8285,22.1839,19.9736,20.4889,20.6618,20.4087,20.7575,20.566,20.6791,20.0717,21.0465,22.2038,20.625,21.1467,21.0902,20.9121,21.7872,18.582,19.1393,19.8666,20.1065,21.2464,19.4135,20.2606,20.3551,21.1063,21.2561,20.5284,20.4582,20.1803,20.5486,22.4508,20.0038,20.3001,19.4897,21.0688,22.3899,19.3742,20.1726,20.6715,20.4742,20.9773,19.6262,19.4147,20.0603,19.7383,20.8487,20.707,19.6179,20.9848,19.4052,22.0465,19.2404,19.9724,20.1016,20.7506,23.3242,19.2861,19.6106,20.0516,20.5837,23.3846,18.3185,19.5891,20.1993,19.8037,20.3872,19.8967,19.9728,19.778,19.8559,22.1034,19.3703,20.2004,20.9665,20.6854,24.3016,18.8118,19.6343,20.7126,20.7388,21.748,18.7559,20.2298,19.782,20.711,21.7139
583,3:38:35 PM,19.9363,19.9857,19.8089,19.7361,20.6761,20.4222,19.6244,20.8422,21.2922,21.3985,20.1857,20.0288,19.8775,20.4277,20.9227,20.2766,20.7272,20.8944,20.7733,21.9226,20.1551,20.6914,20.8676,20.2175,21.9035,19.1436,19.9096,19.5957,19.8892,20.7524,20.7994,20.0548,21.4173,20.838,22.1773,19.9875,20.5827,20.5802,20.568,20.9339,20.5891,20.6584,20.2603,21.277,22.0136,20.7203,21.0734,21.0589,20.8443,21.6319,18.575,18.9963,20.0078,20.0474,21.4316,19.3056,20.222,20.4021,21.163,21.183,20.4409,20.5921,20.1658,20.4751,22.0671,20.01,20.3763,19.4595,21.0732,22.2521,19.2979,20.3071,20.6561,20.4124,20.836,19.7417,19.4431,20.1728,19.7034,20.8885,20.7679,19.6686,21.1439,19.5455,22.4282,19.2002,19.9248,20.0996,20.6171,23.5317,19.4025,19.7066,19.9579,20.4762,23.3816,18.4646,19.8088,20.1869,20.0421,20.2526,19.9063,19.9499,19.8719,19.8535,22.0558,19.6418,20.2795,21.0038,20.572,24.533,18.9548,19.7228,20.7591,20.6958,21.8279,18.8944,20.3095,19.9491,20.8547,21.8563
584,3:38:55 PM,20.0031,19.984,19.7187,19.83,20.6951,20.4138,19.5603,20.8962,21.3678,21.5281,20.3299,20.1145,19.9128,20.4764,20.8563,20.2823,20.7514,20.8965,20.7421,21.9392,20.1267,20.5395,20.805,20.1356,21.8635,19.0601,19.9054,19.3522,19.85,20.7211,20.9353,20.0002,21.3496,20.6924,22.153,20.0042,20.521,20.6081,20.6292,20.7829,20.552,20.8034,20.2151,21.2524,22.0469,20.6862,21.1765,21.0922,20.8345,21.7264,18.6249,18.9864,19.8914,20.1021,21.3195,19.3232,20.2708,20.4243,21.1094,21.2288,20.3427,20.5059,20.1468,20.5903,22.1937,19.8841,20.3327,19.5845,21.0736,22.4341,19.268,20.2491,20.6378,20.4388,20.9866,19.6866,19.3783,20.1257,19.6229,20.8338,20.766,19.3454,20.6566,19.3657,22.0488,19.2471,20.0647,19.9997,20.7136,23.5654,19.3338,19.628,20.0345,20.6532,23.2522,18.5091,19.9402,20.371,20.0972,20.2928,19.7407,19.9352,19.7973,19.8868,22.3042,19.5972,20.2302,20.821,21.0952,24.5808,18.9497,19.6521,20.7751,20.7027,21.6601,19.0632,20.3257,19.5632,20.9569,21.9179
585,3:39:15 PM,19.8928,20.0534,19.8544,19.8318,20.7029,20.3889,19.538,20.7099,21.2242,21.4726,20.3629,20.1446,19.9126,20.4714,21.0219,20.2103,20.6842,20.8678,20.7258,21.8715,20.1752,20.6298,20.814,20.2282,21.8019,18.9826,19.7987,19.4716,19.9507,20.7908,20.7047,20.0398,21.3322,20.8562,21.9873,20.0486,20.6664,20.8276,20.6671,21.1632,20.5199,20.7572,20.2786,21.2882,22.1241,20.7235,21.0723,21.1227,20.9034,21.6912,18.6922,18.9824,19.9145,20.2856,21.2855,19.2904,20.3842,20.4097,20.993,21.3196,20.4187,20.4059,20.1785,20.6902,22.2778,19.9855,20.3567,19.4984,21.1601,22.3414,19.3922,20.3336,20.7509,20.4902,21.1191,19.5174,19.3726,20.1427,19.8807,20.9575,20.7762,19.4525,20.843,19.3527,22.2936,19.0675,20.0073,19.9154,20.5143,23.6992,19.3825,19.6986,19.8866,20.5086,23.381,18.4958,19.7488,20.3842,20.1045,20.2345,19.7362,20.0031,19.9535,19.8943,22.1554,19.4149,20.1948,20.9181,20.6318,24.7526,18.846,19.6915,20.7833,20.7913,21.6615,18.8598,20.296,19.9686,20.869,22.1528
586,3:39:35 PM,19.7891,19.8919,19.9018,19.7785,20.7153,20.4318,19.7646,20.8513,21.2064,21.2475,20.2554,20.0806,19.8555,20.3922,21.0793,20.3098,20.7908,20.8364,20.7336,22.1839,20.2144,20.6358,20.8904,20.1755,21.7779,19.1142,19.6872,19.4715,19.7491,20.8133,20.9153,19.9634,21.1738,20.7315,22.0754,20.094,20.6019,20.6439,20.7675,21.2395,20.4514,20.8305,20.1721,21.2177,22.107,20.6397,21.0783,21.0642,20.9616,21.7172,18.7261,19.1116,19.9091,20.2239,21.4239,19.2681,20.2981,20.3433,21.0733,21.3279,20.4589,20.5075,20.24,20.5464,22.1537,20.1029,20.2393,19.5304,21.1434,22.4011,19.3849,20.4126,20.766,20.4895,20.9579,19.6459,19.4235,20.1699,19.756,20.8867,20.77,19.5184,20.6699,19.2093,22.1703,19.1014,19.8596,19.8911,20.6041,23.5217,19.4275,19.6842,20.2115,20.5709,23.587,18.4633,19.8526,20.3986,20.0741,20.571,19.9348,20.0221,19.8168,19.9888,22.0218,19.3849,20.2208,20.825,20.6974,24.6856,18.8713,19.5106,20.7894,20.7301,21.6063,18.8204,20.2585,19.8932,20.6679,21.77
587,3:39:55 PM,19.7262,19.8563,19.8017,19.9127,20.761,20.44,19.9497,20.8991,21.3418,21.5341,20.2493,19.9383,20.0628,20.5634,21.126,20.2894,20.8368,20.8746,20.8059,22.1698,20.2647,20.67,20.7521,20.3205,21.8501,18.9425,19.741,19.4825,19.9081,20.8215,20.4589,19.8993,21.2203,20.7971,22.1504,20.1127,20.4582,20.6699,20.436,20.9306,20.4481,20.7599,20.1468,21.247,22.1485,20.7658,21.2153,21.0812,20.7951,21.6523,18.507,19.0312,19.9577,20.284,21.3,19.2043,20.381,20.2732,21.0244,20.9996,20.5308,20.5747,20.0345,20.6132,22.0818,20.1064,20.325,19.4811,21.0858,22.2414,19.1902,20.3721,20.7396,20.4976,21.0071,19.5594,19.3777,20.0785,19.7891,20.9895,20.7237,19.5464,20.5389,19.1414,22.0325,19.1029,19.7557,19.9744,20.329,23.388,19.2846,19.6687,20.1972,20.6328,23.4509,18.471,19.9323,20.4262,20.0793,20.9739,19.8032,20.0955,19.8722,19.8811,22.1785,19.6177,20.2688,20.7238,21.1862,24.5667,18.7227,19.5898,20.685,20.6239,21.4456,18.8265,20.3294,19.9282,20.9603,21.7551
588,3:40:15 PM,19.6017,19.7028,19.7535,19.8436,20.7402,20.5244,19.6128,20.9634,21.4331,21.443,20.3057,19.8905,19.8721,20.4194,20.8434,20.2812,20.6671,20.955,20.8441,22.0136,20.3121,20.6239,20.8554,20.4316,21.84,18.9116,19.8155,19.5881,20.1727,20.7963,20.7312,20.1393,21.2794,20.735,22.0659,20.0289,20.5281,20.6816,20.6117,20.7794,20.5957,20.7828,20.225,21.3014,22.1791,20.7365,21.1418,21.1117,20.9609,21.7822,18.6203,19.1044,19.9122,20.2552,21.3352,19.225,20.296,20.4275,21.171,21.2123,20.6163,20.5239,20.0801,20.5814,22.3299,20.0838,20.341,19.595,21.1146,22.1396,19.3129,20.4228,20.6506,20.382,20.9875,19.557,19.3109,20.1569,19.8835,20.9427,20.687,19.4432,20.623,19.4322,22.3545,19.0732,19.7649,19.9822,20.4947,23.8874,19.1835,19.6102,20.1428,20.5157,23.2463,18.3837,19.8016,20.2291,20.1096,20.6188,19.7435,19.924,19.7451,19.7035,21.8902,19.3948,20.2308,20.9816,20.9422,24.5716,18.8043,19.6577,20.83,20.6572,21.406,18.9247,20.375,19.9202,20.7578,21.668
589,3:40:35 PM,19.7991,20.0609,19.8226,19.7354,20.7398,20.4233,19.7116,20.935,21.2533,21.3814,20.2949,19.9673,19.9226,20.5049,21.0568,20.3071,20.8782,21.0028,20.8005,21.9,20.1943,20.8676,21.0203,20.1606,21.8957,19.0368,19.8557,19.5352,20.0281,20.7182,20.8394,20.0012,21.2407,20.9396,22.1016,20.0222,20.5219,20.6526,20.7343,21.1357,20.6827,20.7134,20.1877,21.321,22.2151,20.7718,21.149,21.0557,20.9709,21.704,18.6142,19.1261,19.9837,20.2503,21.3414,19.327,20.2368,20.3747,21.1153,21.0299,20.616,20.5698,20.1527,20.6134,22.2356,20.034,20.2436,19.5641,21.0964,22.3705,19.5278,20.3387,20.6886,20.608,21.1065,19.6831,19.3881,20.1792,19.8473,20.9003,20.7473,19.4982,20.7497,19.317,21.9537,19.2984,19.8935,20.0131,20.5825,23.1673,19.4059,19.6742,20.0981,20.8014,23.4942,18.3334,20.14,20.5852,20.1534,20.3704,19.7239,19.9573,19.7906,19.809,22.0374,19.5449,20.3645,20.8741,20.5733,24.5169,19.046,19.792,20.8081,20.7363,21.688,18.9918,20.2921,20.0468,21.0194,21.7302
590,3:40:55 PM,19.7904,19.9546,19.9185,19.9867,20.7483,20.4404,19.8537,20.9387,21.4379,21.4596,20.2814,20.0734,19.8698,20.3129,20.8352,20.236,20.6096,20.9168,20.8135,21.9869,20.1929,20.5621,20.8349,20.5286,21.9473,19.1627,19.8965,19.7602,19.9798,20.8151,20.7474,20.1042,21.3332,20.9215,22.0136,20.1169,20.5669,20.6032,20.444,20.5241,20.5279,20.7126,20.1541,21.3352,22.0995,20.7421,21.2114,21.101,20.8878,21.7888,18.7154,19.1701,19.9446,20.1971,21.3718,19.4515,20.2669,20.4841,21.2328,21.6353,20.5325,20.4651,20.2968,20.5349,22.2793,20.0151,20.3478,19.5652,20.9592,22.2679,19.3449,20.2694,20.658,20.4842,20.9113,19.6491,19.4321,20.1119,19.8331,20.892,20.7623,19.725,20.961,19.5426,22.0483,19.1191,20.012,20.0297,20.7823,23.8571,19.4655,19.6958,20.2749,20.3229,23.3764,18.4033,19.6744,20.501,20.0352,20.1568,19.7678,20.0235,19.8177,19.7957,21.9851,19.553,20.2868,21.0859,20.6709,24.258,18.8701,19.6917,20.8893,20.7931,21.6513,18.9597,20.1997,19.7104,20.7541,22.0245
591,3:41:15 PM,19.8558,19.9923,19.8022,19.9385,20.8159,20.571,19.7207,20.9705,21.3669,21.5466,20.2987,20.0363,20.0039,20.4637,20.8228,20.2072,20.7342,20.9842,20.9334,22.0019,20.1893,20.6883,20.9157,20.1399,21.7321,19.3295,19.8946,19.5995,19.9478,20.877,20.817,20.0482,21.247,20.8237,21.9963,20.1362,20.565,20.6893,20.6863,20.6423,20.5479,20.7019,20.3588,21.3408,22.0531,20.7493,21.1104,21.1016,20.9283,21.7789,18.6458,18.989,20.0914,20.242,21.3343,19.4063,20.2988,20.477,21.1676,21.4995,20.5861,20.4771,20.1356,20.5958,22.4318,20.0341,20.2968,19.4962,21.0876,22.3432,19.2184,20.2194,20.7083,20.5077,21.1775,19.6796,19.5157,20.3142,19.7997,20.9891,20.849,19.575,21.1384,19.4631,22.1158,19.1745,19.9033,20.0277,20.788,23.7015,19.3826,19.6371,19.9102,20.4431,23.3076,18.2958,19.5237,20.298,20.1587,20.1863,19.9864,20.0405,19.7675,19.8888,21.8486,19.8007,20.3585,21.0076,20.7622,24.2633,18.908,19.617,20.7344,20.7798,21.5762,18.9555,20.2402,19.9158,20.966,21.7792
592,3:41:35 PM,19.7468,20.1108,19.9136,19.9404,20.8768,20.4543,19.7585,20.8749,21.3245,21.4804,20.3622,19.8914,19.8498,20.3658,20.9918,20.2285,20.7896,20.8744,20.7502,22.0687,20.2866,20.6536,20.8711,20.0024,21.917,19.2347,19.8661,19.6354,19.8841,20.8272,20.8077,20.0488,21.2162,20.9723,22.1472,20.1471,20.5722,20.5994,20.5266,21.048,20.4415,20.7269,20.2247,21.1728,22.0256,20.685,21.0844,21.2186,20.911,21.7098,18.7328,19.1574,20.026,20.3365,21.4342,19.479,20.2394,20.3038,21.0657,21.348,20.5357,20.5546,20.1151,20.5914,22.3487,20.1327,20.3023,19.5595,21.0608,22.4029,19.422,20.4575,20.7313,20.5521,21.0851,19.5907,19.4846,20.2504,19.7894,20.9269,20.7693,19.5694,20.6582,19.3955,22.3985,19.2285,19.8797,20.0966,20.4847,23.8418,19.4006,19.6473,20.2042,20.6038,23.4297,18.3915,19.9427,20.4081,20.2791,20.1082,19.834,20.0093,19.7502,19.895,21.7983,19.5674,20.3323,20.912,20.4882,24.1994,19.0237,19.8226,20.8685,20.6888,21.6625,19.1311,20.3593,19.956,20.9559,21.6371
593,3:41:55 PM,19.8977,20.0351,19.754,19.9419,20.8208,20.4398,19.5661,20.8296,21.455,21.4813,20.3669,20.1639,20.0355,20.5767,21.1503,20.3507,20.7925,20.9413,20.7152,22.1431,20.211,20.7188,20.8957,20.141,21.9462,19.1122,19.9098,19.7273,19.8595,20.8206,20.7473,20.058,21.1466,20.7505,22.0794,20.014,20.5156,20.6617,20.7704,21.2367,20.5104,20.7347,20.0468,21.1938,22.1585,20.7124,21.0358,21.0856,20.9065,21.7159,18.6454,19.1506,20.028,20.2059,21.3537,19.3662,20.1463,20.4287,21.1382,21.0504,20.3753,20.6069,20.1771,20.5765,22.5478,19.9973,20.1968,19.6397,21.1279,22.2634,19.5429,20.3203,20.5902,20.4841,21.0221,19.7258,19.4464,20.2876,19.7788,20.853,20.715,19.5309,20.8516,19.3407,21.9833,19.215,19.952,19.9304,20.4829,23.5368,19.3623,19.7147,20.1466,20.4224,23.4932,18.31,19.6114,20.2092,20.1539,20.7427,19.8558,20.041,19.8298,20.0144,22.0636,19.6126,20.2938,20.8652,20.6597,24.2336,18.9075,19.9211,20.9158,20.7566,21.7266,19.0756,20.3376,19.9996,20.9139,21.8662
594,3:42:15 PM,19.9898,20.1031,19.9159,19.8145,20.823,20.3367,19.6673,20.9169,21.4945,21.4668,20.1823,20.0353,19.9467,20.4469,21.1132,20.3635,20.8147,21.0415,20.7506,22.2233,20.1346,20.7998,20.8873,20.462,21.9744,19.1322,19.939,19.5174,19.9368,20.7679,20.919,19.9871,21.2203,20.7155,22.2973,20.0168,20.5833,20.7769,20.5719,20.7915,20.5282,20.8954,20.26,21.338,22.0947,20.6576,21.1229,21.1092,20.9545,21.6267,18.8113,19.1325,19.9925,20.2405,21.346,19.5825,20.2623,20.4116,21.2578,21.4318,20.4651,20.5552,20.2385,20.6993,22.3152,20.0839,20.2788,19.5563,21.123,22.2391,19.1676,20.2084,20.7326,20.4831,21.2204,19.6677,19.4867,20.2272,19.8417,20.9903,20.7758,19.7363,21.0373,19.5922,22.08,19.2196,20.076,19.8372,20.5996,23.734,19.2917,19.618,19.7144,20.4283,23.1219,18.3142,19.6429,20.1643,20.0442,20.2596,19.8782,20.0047,19.7416,19.845,22.2625,19.6074,20.2114,20.9891,20.7305,24.6008,19.0509,19.8467,20.8375,20.8244,21.7569,19.005,20.2714,19.8849,20.8941,21.8769
595,3:42:35 PM,19.9975,20.2141,19.7768,19.8693,20.6989,20.4442,19.8459,20.9765,21.4539,21.4708,20.1907,19.9982,19.9379,20.4834,20.8235,20.352,20.7275,20.9434,20.7037,22.0364,20.1783,20.7342,20.9782,20.3987,21.9455,19.1799,19.9028,19.5433,19.8406,20.8259,20.7093,20.2318,21.3109,20.9492,22.1337,20.064,20.557,20.5508,20.5472,20.6751,20.6638,20.7269,20.2543,21.2743,22.1439,20.7133,21.0962,21.1111,20.9899,21.6991,18.7419,19.1268,20.0595,20.247,21.4451,19.4911,20.3003,20.4092,21.2524,21.2453,20.4389,20.6256,20.1914,20.7687,22.182,20.0211,20.3412,19.488,21.1252,22.2176,19.384,20.4106,20.6439,20.4228,21.0073,19.5804,19.5586,20.248,19.8032,20.9259,20.7394,19.5557,21.0423,19.4378,21.8301,19.3192,19.9781,20.2242,20.5455,24.1303,19.3646,19.6684,20.1865,20.5182,23.3271,18.424,19.6476,20.3832,20.0621,20.2094,19.9297,20.0618,19.8768,19.9253,22.1819,19.7463,20.3049,20.9779,21.0438,24.0061,18.9675,19.7762,20.8088,20.7577,21.3918,19.0692,20.2335,19.7466,21.0326,22.0996
596,3:42:55 PM,19.8017,19.8644,19.7751,19.825,20.7677,20.4406,19.6561,20.8366,21.1737,21.5027,20.2612,20.0629,20.1021,20.5402,20.9097,20.3317,20.7889,21.0777,20.8104,21.9837,20.26,20.8762,21.024,20.3733,21.9503,19.0616,19.8925,19.4027,19.7171,20.7357,20.752,20.1557,21.2484,20.7476,22.0603,19.9628,20.5058,20.8159,20.671,20.7303,20.6006,20.7264,20.2513,21.3769,22.1927,20.762,21.104,21.1348,20.9173,21.7519,18.7012,19.1305,19.8757,20.23,21.3842,19.5401,20.4466,20.381,21.2533,21.2673,20.2405,20.5921,20.2266,20.6226,22.273,20.039,20.3676,19.7131,21.1063,22.3555,19.0777,20.1025,20.6836,20.4646,21.1611,19.6187,19.4835,20.3282,19.8501,21.0714,20.6715,19.501,20.7735,19.3401,22.0655,19.1506,19.9899,19.9862,20.5168,23.8127,19.4382,19.6207,20.128,20.5654,23.4614,18.2424,19.6801,20.3364,20.0611,20.4022,19.7538,19.9712,19.8691,19.8068,22.1408,19.5359,20.2747,21.0338,20.7309,24.544,19.022,19.7471,20.8783,20.7836,21.8934,19.0501,20.3838,19.9635,20.948,21.7626
597,3:43:15 PM,19.8166,20.0669,19.8356,19.8636,20.7003,20.452,19.7523,20.8546,21.4265,21.4161,20.3674,20.1974,20.0351,20.5758,21.1376,20.2428,20.7546,20.8868,20.7872,22.1427,20.3245,20.5896,20.9271,20.2394,21.9743,19.3483,19.9249,19.5024,19.9383,20.8652,20.8425,20.1648,21.2885,20.7431,22.1361,19.9831,20.535,20.6576,20.7884,21.1081,20.6671,20.7495,20.2805,21.4207,22.1911,20.7916,21.165,21.1121,20.9308,21.7755,18.7112,19.1914,19.9531,20.2271,21.396,19.4066,20.3219,20.4512,21.203,21.2929,20.38,20.5266,20.1985,20.6382,22.4471,20.0243,20.3146,19.5181,21.1668,22.4236,19.0959,20.2551,20.859,20.6376,21.1805,19.5058,19.408,20.3254,19.8848,20.9647,20.7136,19.5577,20.7555,19.4058,22.3181,19.1619,19.9693,19.8476,20.5443,23.3893,19.319,19.6683,20.0802,20.9569,23.3645,18.2505,19.7325,20.4876,20.2266,20.8427,19.9498,20.1193,19.7235,19.9162,22.1333,19.61,20.3184,20.9766,20.5642,24.5459,18.9877,19.8238,20.8794,20.8208,21.3806,18.9274,20.4318,20.0391,21.1644,21.8924
598,3:43:35 PM,19.7385,19.9996,19.7953,19.8977,20.6689,20.4752,19.7847,20.9821,21.309,21.41,20.2898,19.9119,19.8801,20.564,21.2004,20.2782,20.6605,20.9548,20.7706,22.1853,20.2672,20.6507,20.9453,20.5592,22.0303,19.1345,19.7624,19.4934,19.7596,20.8218,20.6287,20.2562,21.2447,20.9282,22.186,20.1727,20.6226,20.5908,20.7543,21.341,20.5814,20.7727,20.2208,21.3956,22.1253,20.7993,21.1678,21.2348,20.885,21.7726,18.7708,19.051,19.9313,20.2863,21.3517,19.3919,20.3039,20.4332,21.2152,21.0781,20.4634,20.6572,20.2366,20.586,22.5379,20.1064,20.2845,19.5649,21.1863,22.5167,19.4421,20.4916,20.6742,20.6218,21.1149,19.5359,19.5165,20.3447,19.9,20.9759,20.7144,19.4936,21.0766,19.3403,22.0142,19.1315,19.8291,20.0074,20.6484,23.1639,19.3086,19.6478,19.9399,20.5221,23.3663,18.4679,19.588,20.285,20.2492,21.0788,19.8557,20.0967,19.8491,19.8477,21.9253,19.701,20.3679,20.9725,20.6436,24.5976,18.9595,19.5707,20.8727,20.8286,21.5086,18.9003,20.3251,19.5748,21.0223,21.8173
599,3:43:55 PM,19.8276,20.0045,19.8673,19.8494,20.7189,20.4292,19.7971,20.8765,21.4915,21.6247,20.3783,20.1928,20.0589,20.55,20.9339,20.3777,20.7847,21.0184,20.8901,22.1603,20.3181,20.925,20.9752,20.4429,21.9665,19.1251,19.7969,19.6244,19.956,20.7882,20.8698,20.0335,21.3374,20.7801,22.1596,19.9811,20.5764,20.6282,20.6058,21.0749,20.614,20.6905,20.0724,21.3804,22.2062,20.8006,21.1456,21.0784,20.9403,21.7824,18.7937,19.074,19.9489,20.3262,21.4445,19.3884,20.3135,20.5147,21.2693,21.2245,20.5172,20.5584,20.1533,20.5859,22.3012,20.159,20.3956,19.5637,21.0383,22.8638,19.4337,20.3892,20.7178,20.4973,21.1097,19.5704,19.532,20.2483,19.7986,20.9253,20.7864,19.5003,20.5984,19.4347,22.6002,19.1415,19.9497,19.7806,20.4477,23.6138,19.4267,19.6593,20.1371,20.6003,23.5112,18.36,19.9915,20.4995,20.1878,20.2933,19.8202,20.0368,19.8809,19.92,22.1822,19.4846,20.2391,21.0114,21.0154,24.7884,18.8825,19.6211,20.7221,20.9386,21.3862,18.9484,20.2663,19.962,20.9067,21.7079
600,3:44:15 PM,19.899,19.9917,19.8492,19.8645,20.823,20.3592,19.6418,20.8466,21.4452,21.6555,20.3126,20.1036,20.1343,20.5987,21.1275,20.3759,20.7861,21.0494,20.8168,22.1318,20.3186,20.62,20.9682,20.4754,22.0081,19.1614,19.7766,19.6355,19.8561,20.7708,20.8194,19.9721,21.1691,20.692,22.2541,20.1713,20.565,20.7502,20.9401,21.4206,20.7071,20.6643,20.1087,21.2918,22.1225,20.7779,21.1598,21.2286,20.9189,21.8302,18.7137,19.1257,19.9968,20.3306,21.4162,19.4631,20.3522,20.512,21.2608,21.3535,20.4258,20.6386,20.2694,20.7053,22.4897,20.0164,20.434,19.5495,21.1563,22.519,19.7328,20.3995,20.6883,20.5545,21.1369,19.6004,19.5095,20.1921,19.9376,20.8773,20.7069,19.713,21.0027,19.4481,22.195,19.2146,19.9475,20.0554,20.5197,23.5433,19.3829,19.6617,20.1638,20.6851,23.4661,18.3201,19.8717,20.4944,19.9982,20.7553,19.8107,20.0742,19.9451,20.0006,22.6726,19.6619,20.3022,21.0792,21.4657,24.4945,19.0447,19.8987,20.7934,20.747,21.7222,19.0193,20.2739,19.9846,20.9195,22.0165
601,3:44:35 PM,19.9435,20.0381,19.9059,19.9242,20.8023,20.4033,19.7445,20.861,21.2991,21.5389,20.196,20.1611,20.032,20.5216,21.0564,20.3646,20.8525,21.0087,20.8778,22.0957,20.3315,20.6388,20.7997,20.5036,22.0256,19.1699,19.7831,19.6791,20.1031,20.8827,20.8505,20.0596,21.1026,20.8227,22.2031,20.0493,20.5811,20.7202,20.657,20.7842,20.6953,20.7701,20.2087,21.3626,22.0208,20.8039,21.2055,21.2107,20.9888,21.7989,18.7327,19.1258,20.0843,20.2275,21.4249,19.252,20.3165,20.407,21.3416,21.5037,20.4509,20.6185,20.2159,20.6699,22.243,20.1257,20.422,19.6553,21.0989,22.5833,19.4858,20.4384,20.7598,20.5977,21.175,19.7437,19.6058,20.2173,19.8198,20.9605,20.6871,19.5014,20.9793,19.395,22.2848,19.1384,19.9609,20.256,20.8625,23.5824,19.3418,19.7906,20.2553,20.6645,23.5964,18.3766,19.6867,20.4627,20.0265,20.4609,19.9166,20.1067,19.8965,19.8878,21.9482,19.4784,20.2617,21.0004,20.8878,24.7608,18.8783,19.8148,20.7925,20.7908,21.4667,18.977,20.3029,19.9921,20.9747,21.8993
602,3:44:55 PM,19.8186,20.0101,19.878,19.8585,20.8095,20.5001,19.7117,20.897,21.4258,21.4709,20.3418,20.0865,19.9187,20.5929,21.0987,20.3798,20.8999,21.0944,20.9683,22.0747,20.387,20.7522,20.9181,20.3629,22.1108,19.0346,19.758,19.4355,20.0068,20.7451,20.6483,19.9994,21.22,20.7589,22.2691,20.2311,20.5058,20.7431,20.8633,21.349,20.6867,20.7572,20.1933,21.2821,22.2641,20.8051,21.1271,21.1845,20.9764,21.7837,18.8098,19.103,20.0012,20.2031,21.4255,19.4834,20.3318,20.5604,21.1507,21.196,20.3379,20.5579,20.1444,20.654,22.5387,20.0853,20.336,19.5957,21.1376,22.2757,19.1921,20.1561,20.7686,20.5877,21.0099,19.6001,19.5426,20.2439,19.8866,21.0015,20.6435,19.5462,20.7823,19.6862,22.1975,19.2754,19.8185,19.6992,20.5899,23.8062,19.3603,19.514,19.8076,20.6158,23.3837,18.3083,19.7412,20.2983,20.1191,20.383,19.9874,20.0609,19.8252,20.0196,21.908,19.687,20.4012,20.9453,20.7462,24.4752,18.9028,19.4576,20.6461,20.8743,21.4471,18.9519,20.2835,19.8393,20.9348,21.8977
603,3:45:15 PM,19.8827,20.0152,19.9105,19.9112,20.7368,20.5051,19.8291,20.9494,21.3707,21.5018,20.2423,20.0599,19.946,20.5304,21.1602,20.3591,20.6903,21.101,20.837,22.1055,20.1134,20.7467,20.9747,20.2362,22.0585,19.1891,19.7851,19.5647,19.9646,20.9131,20.8861,20.123,21.1212,20.8421,22.205,20.0327,20.5026,20.6327,21.0234,20.9931,20.6331,20.7679,20.4294,21.335,22.1072,20.8143,21.322,21.2524,20.9471,21.7223,18.756,19.1216,19.998,20.2868,21.4543,19.6753,20.3101,20.4604,21.1961,21.3036,20.5233,20.5686,20.1336,20.6246,22.5921,20.1167,20.2442,19.597,21.1385,22.5026,19.192,20.2593,20.6301,20.4916,20.809,19.6724,19.4649,20.2788,19.8235,20.8013,20.6588,19.5626,20.5931,19.4668,22.2079,19.1328,19.9108,20.085,21.0423,23.9257,19.3901,19.6548,20.067,20.4681,23.3647,18.2958,19.6246,20.1906,20.1375,20.6658,19.7237,19.9846,19.7702,19.8626,23.0951,19.656,20.3418,20.8719,20.5068,24.6691,18.7684,19.7032,20.7745,20.7507,21.4845,18.9402,20.3207,19.8618,20.734,21.682
604,3:45:35 PM,20.0017,20.019,19.9117,19.8521,20.7544,20.4592,19.8049,20.9117,21.2034,21.4029,20.2897,20.0449,19.9692,20.513,21.1907,20.3798,20.8609,21.0287,20.9004,22.1488,20.2089,20.6434,20.9425,20.5424,22.0425,19.2712,19.8674,19.4651,19.8957,20.8789,20.7135,20.0979,21.1457,20.7056,22.127,20.0572,20.5206,20.6661,20.5001,20.8974,20.6687,20.9222,20.4385,21.331,22.2494,20.884,21.161,21.3228,20.9822,21.7646,18.7213,19.1114,20.136,20.2227,21.4282,19.6322,20.345,20.3242,21.133,21.1292,20.3854,20.5985,20.1369,20.7391,22.4005,20.0525,20.4242,19.5271,21.0247,22.7203,19.3394,20.2897,20.6651,20.4959,20.9002,19.5703,19.3943,20.3905,19.8408,21.0585,20.7113,19.6199,20.1444,19.2616,22.0565,19.1905,20.1049,19.8811,20.6902,23.5777,19.5188,19.6665,20.1856,20.4289,23.3701,18.3837,19.5939,20.2969,20.0227,20.3226,19.8782,20.0615,19.88,20.0152,22.1429,19.5339,20.1661,20.8937,20.8454,24.8081,19.1138,19.584,20.7295,20.7828,21.6115,18.9943,20.1197,20.0396,20.9457,21.803
605,3:45:55 PM,19.9923,20.0216,20.0266,19.8573,20.7753,20.4708,19.7303,20.7641,21.3085,21.4752,20.3059,20.0706,20.1265,20.7195,21.2649,20.3605,20.7881,21.0618,20.8815,21.9919,20.22,20.7572,20.8223,20.2613,22.051,19.1549,19.9662,19.5459,19.8426,20.9342,20.6883,20.0513,21.1431,20.8504,22.096,19.9885,20.6098,20.7513,20.8166,21.0981,20.6704,20.825,20.2262,21.3575,22.0604,20.7524,21.2523,21.1982,20.9958,21.7628,18.7172,19.2374,20.0506,20.1381,21.335,19.5124,20.2723,20.4893,21.3074,21.4509,20.5411,20.6011,20.2282,20.7336,22.4191,19.9325,20.2967,19.6041,21.0754,22.5105,19.2483,20.2849,20.7289,20.5457,21.3071,19.6164,19.5237,20.3183,19.7336,20.9259,20.8281,19.6696,20.9872,19.5799,21.9396,19.3167,19.9776,19.8824,20.5585,23.7071,19.3812,19.676,19.9287,20.336,23.4633,18.2293,19.6978,20.4633,19.9987,20.8597,19.9597,20.1023,19.8525,20.0557,22.6334,19.6637,20.2076,20.9227,20.825,24.6049,18.9502,19.8108,20.8085,20.8582,21.3899,19.0222,20.2784,20.1273,20.8588,21.6691
606,3:46:15 PM,19.9907,19.9669,19.8317,19.8324,20.7814,20.3964,19.5818,20.7867,21.2615,21.3919,20.2513,20.1313,20.011,20.5277,21.1049,20.4236,20.8718,21.1173,20.9181,21.9989,20.2934,20.5947,20.9684,20.2509,22.0049,19.2093,19.834,19.6413,20.108,20.7938,20.6692,19.9867,21.1322,20.7964,22.097,19.9731,20.6254,20.645,20.581,21.0583,20.672,20.7873,20.3163,21.3339,22.0446,20.8224,21.0916,21.1099,20.936,21.752,18.7747,19.1137,19.8603,20.2695,21.3547,19.6134,20.3037,20.323,21.1662,21.5231,20.4758,20.5774,20.0867,20.6025,22.6471,20.1969,20.3683,19.5555,21.0568,22.4151,19.1773,20.4518,20.6765,20.4412,21.1923,19.6308,19.4673,20.2597,19.9333,21.0518,20.7383,19.5803,20.9125,19.5743,21.9337,19.1692,19.8881,20.2271,20.3575,23.5436,19.412,19.6136,19.952,20.6138,23.3349,18.3415,19.8986,20.4408,20.2017,20.6993,19.907,20.1211,19.8832,19.9692,22.166,19.6612,20.3234,20.9498,20.7021,25.1036,18.9443,19.8966,20.8171,20.7887,21.7122,19.1068,20.2926,20.0737,20.9031,22.1025
607,3:46:35 PM,19.7994,19.8771,19.8941,19.8087,20.6709,20.3832,19.6404,20.7944,21.229,21.3356,20.2917,20.1231,20.0353,20.4816,21.164,20.3623,20.7884,20.964,20.7762,22.1006,20.3386,20.3931,20.8652,20.2924,21.9953,19.1059,19.9477,19.5888,19.9349,20.7973,20.786,20.0113,21.1092,20.7651,22.2031,20.0991,20.6227,20.6983,20.7034,20.8901,20.729,20.8354,20.1993,21.362,22.2213,20.8392,21.1616,21.232,21.0703,21.7613,18.7686,19.1558,20.1069,20.2553,21.4407,19.4916,20.2836,20.5109,21.2313,21.3105,20.4838,20.5224,20.1691,20.8546,22.4005,20.0878,20.3956,19.5551,21.1004,22.3437,19.5523,20.3322,20.746,20.5252,21.0104,19.6354,19.4757,20.3177,19.8497,20.9322,20.7011,19.6727,20.9772,19.5696,21.9407,19.1666,19.8908,19.8384,20.4497,23.4211,19.3593,19.6416,20.1551,20.5059,23.5496,18.3537,19.7046,20.46,20.118,20.4992,19.8465,20.1106,19.8824,20.0498,22.2047,19.3628,20.2871,20.9019,20.7381,24.361,18.8917,19.6413,20.8938,20.906,21.7895,18.8729,20.3906,19.832,20.8183,21.9902
608,3:46:55 PM,19.8051,20.0697,19.8553,19.7659,20.7327,20.5824,19.7269,20.8363,21.3451,21.4274,20.3348,20.1563,19.955,20.5714,21.0959,20.3126,20.8,20.9973,20.798,22.1155,20.311,20.7059,20.8357,20.1005,21.8361,19.3138,19.9635,19.5486,19.9704,20.8075,20.6992,20.0425,21.1892,20.8391,22.0995,19.9671,20.6193,20.7043,20.8125,21.157,20.7183,20.7676,20.1932,21.4033,22.2462,20.7462,21.0783,21.1508,21.0009,21.7314,18.7364,19.1908,20.0888,20.2565,21.3554,19.5451,20.2786,20.5336,21.2307,21.1006,20.5063,20.5649,20.1872,20.6978,22.4505,20.0946,20.37,19.6007,21.0942,22.4665,19.044,20.3821,20.7131,20.4384,21.3322,19.7401,19.5697,20.2624,19.7846,20.9197,20.8053,19.6172,20.8167,19.6282,22.3413,19.3824,19.991,19.979,20.9124,23.7791,19.3956,19.6287,19.8036,20.206,23.2407,18.2352,19.5085,20.3411,20.0928,20.4719,19.9512,20.0541,19.9386,20.0166,22.4486,19.6578,20.4241,20.9687,21.4138,24.5083,19.0171,19.7244,20.787,20.6723,21.68,18.9203,20.2692,19.9212,20.8948,21.7488
609,3:47:15 PM,19.8012,19.9534,19.7787,19.9221,20.774,20.5023,19.722,20.8505,21.375,21.3034,20.3679,19.9787,19.8853,20.5761,20.9979,20.3103,20.8434,20.9799,20.8645,22.1263,20.2581,20.6723,20.8696,20.5394,21.9888,19.1843,19.98,19.5731,19.8245,20.9229,20.878,20.1272,21.1484,20.8127,22.1415,19.9734,20.6082,20.6533,20.7252,21.4155,20.6184,20.7988,20.3073,21.3465,22.2225,20.8604,21.1272,21.2207,21.0016,21.8833,18.7057,19.2073,20.0923,20.2105,21.4342,19.5966,20.2699,20.497,21.1943,21.2218,20.6115,20.6524,20.3142,20.7639,22.4101,20.1396,20.3267,19.5643,21.1413,22.4464,19.2781,20.2428,20.6581,20.3948,21.08,19.6538,19.6079,20.2528,19.8049,21.1055,20.7904,19.5266,20.6131,19.4944,22.2998,19.122,19.8419,20.0034,20.6196,23.7343,19.2289,19.7151,20.0058,20.5152,23.42,18.294,19.6843,20.3384,20.2227,20.2861,19.9561,20.1413,19.9275,19.9596,22.1368,19.7048,20.2715,21.1317,20.8975,24.5637,19.0238,19.7065,20.7232,20.7529,21.8263,18.9676,20.2398,19.6777,20.7272,21.9584
610,3:47:35 PM,20.05,20.094,19.8687,19.9956,20.787,20.5079,19.769,20.9075,21.3869,21.4465,20.3625,20.1776,19.9039,20.573,21.2334,20.3446,20.7872,21.0524,20.8527,22.0987,20.1516,20.555,20.989,20.2013,21.996,19.2981,19.9346,19.562,19.8391,20.7981,20.9537,20.0165,21.3318,20.6947,22.2997,20.0198,20.5245,20.7497,20.8047,21.2979,20.7366,20.7306,20.1088,21.399,22.2377,20.8287,21.2051,21.1221,21.073,21.7718,18.8314,19.2163,20.0931,20.1547,21.4689,19.4946,20.362,20.4493,21.1661,21.3812,20.3848,20.4501,20.2668,20.621,22.4013,20.0587,20.3373,19.5991,21.1338,22.3246,19.0708,20.1933,20.6316,20.4691,20.8908,19.6203,19.6546,20.2326,19.9795,21.027,20.7995,19.62,20.8528,19.5599,22.2926,19.154,19.8985,20.0826,20.4312,23.4497,19.1412,19.661,20.2752,20.4127,23.4788,18.3136,19.6903,20.1682,19.9452,20.3346,19.9716,20.11,19.8875,20.0346,22.3588,19.7216,20.3016,20.9215,20.7669,24.3763,19.1083,19.8268,20.8044,20.8325,22.0316,18.8326,20.3718,19.8216,21.1883,22.0845
611,3:47:55 PM,20.0572,20.1291,19.9902,19.9504,20.6578,20.4348,19.6092,20.6532,21.1375,21.3507,20.2888,20.1278,20.2482,20.721,21.2365,20.3776,20.8536,21.125,20.8562,22.0847,20.1415,20.6403,20.828,19.9435,21.8519,19.2097,19.9278,19.3998,19.8139,20.8288,20.7652,19.9701,21.1738,20.7143,22.254,20.0562,20.5956,20.8634,20.8164,20.7806,20.7106,20.8076,20.3247,21.3389,22.1742,20.8092,21.1652,21.2287,21.0594,21.8593,18.6266,19.0302,19.9793,20.3717,21.3478,19.4965,20.3871,20.4854,21.1391,21.3605,20.4904,20.5455,20.2076,20.6206,22.414,19.9835,20.38,19.6225,21.0594,22.3825,19.3356,20.3893,20.6151,20.5196,21.0887,19.6811,19.4768,20.2063,19.9933,20.9499,20.863,19.5244,20.59,19.6201,22.0722,19.2679,19.9371,20.0382,20.5853,24.0419,19.3867,19.6207,19.6141,20.5036,23.5341,18.3848,19.6193,20.2479,19.8563,20.8765,19.9588,20.0752,19.9295,19.9355,21.9202,19.4442,20.3982,20.9631,20.7233,24.2042,18.946,19.6724,20.9037,20.7625,21.6865,19.0571,20.2726,19.8252,20.8908,21.7922
612,3:48:15 PM,19.8607,19.9859,19.8998,19.9588,20.7765,20.5171,19.7141,20.7972,21.1431,21.3248,20.2396,20.1499,19.9773,20.4689,21.0228,20.3617,20.6998,21.0431,20.888,21.998,20.2632,20.6443,20.8627,20.1477,21.9511,19.1167,19.8541,19.5863,19.9342,20.7852,20.7043,20.0614,21.0811,20.8333,22.016,19.9041,20.593,20.8087,20.7329,20.9254,20.8001,20.8003,20.2687,21.3692,22.2114,20.8363,21.2326,21.1608,21.0656,21.7902,18.7641,19.1295,20.0758,20.3058,21.39,19.4812,20.3632,20.4238,21.1893,21.5831,20.5271,20.5646,20.1698,20.7424,22.4245,20.0072,20.3105,19.5639,21.105,22.286,19.5951,20.3129,20.5716,20.4073,21.1049,19.7231,19.5111,20.319,19.9037,20.9938,20.7853,19.7985,20.9852,19.541,22.2076,19.2979,19.9193,19.8719,20.5675,23.8369,19.3435,19.725,20.0036,20.5303,23.5017,18.4142,19.7981,20.2309,20.1839,20.4349,19.8856,20.0523,19.8556,20.0639,22.2836,19.3741,20.4047,21.0053,20.8492,24.0386,18.9793,19.7431,20.7942,20.8653,21.468,18.9519,20.296,19.9145,21.0141,21.9094
613,3:48:35 PM,19.937,20.0861,19.8957,19.9925,20.7908,20.4443,19.758,20.8135,21.2552,21.3653,20.3212,20.1431,20.0765,20.4718,21.1516,20.2816,20.8836,20.9479,20.934,22.0287,20.113,20.6269,20.9242,20.2282,21.9411,19.1402,19.9457,19.5348,20.0457,20.9133,20.5615,19.9933,21.1322,20.8647,22.1878,20.0434,20.5013,20.6426,20.7345,20.847,20.7362,20.8123,20.3284,21.4083,22.1679,20.8039,21.2733,21.289,21.0532,21.7887,18.736,19.0384,20.0082,20.2631,21.4571,19.423,20.3854,20.4117,21.2034,21.1545,20.434,20.5604,20.1733,20.5789,22.4783,20.0215,20.369,19.6107,21.0123,22.3121,19.2994,20.3814,20.6654,20.6061,21.1734,19.6973,19.5396,20.3791,19.8678,21.0093,20.8398,19.5887,20.8779,19.6986,22.0708,19.3712,19.8625,19.8657,20.8035,23.846,19.4256,19.6533,19.8852,20.3639,23.4557,18.4131,19.609,20.2826,20.2168,20.4455,19.9108,20.0764,19.9376,19.9238,22.1019,19.8067,20.3599,20.9744,20.5484,23.5729,19.087,19.6794,20.7488,20.6273,21.8421,18.8866,20.2105,19.8629,20.8192,21.9022
614,3:48:55 PM,19.81,20.0581,19.9927,19.8604,20.8564,20.4482,19.7708,20.807,21.2374,21.2336,20.2827,20.0945,19.9557,20.4065,21.1003,20.2247,20.8849,21.0281,20.8852,22.1761,20.2606,20.7431,20.9353,20.4436,21.9746,19.1204,19.9864,19.6861,19.9429,20.9234,20.736,20.0276,21.1696,20.8359,22.2228,19.9716,20.4573,20.6318,20.6047,20.9327,20.5552,20.7944,20.3567,21.4088,22.2436,20.649,21.1289,21.1421,21.034,21.7699,18.6968,19.0821,20.0556,20.3672,21.4128,19.3416,20.3411,20.4711,21.2433,21.7986,20.6113,20.5943,20.1229,20.6031,22.5011,20.0331,20.2645,19.5383,21.2205,22.469,19.8606,20.4479,20.7183,20.5059,21.3228,19.6066,19.5436,20.3488,19.8815,21.0204,20.7661,19.6148,20.9262,19.3641,22.6663,19.2971,19.635,19.849,20.7379,23.5667,19.3948,19.7867,19.9788,20.3057,23.433,18.588,19.9052,20.3004,20.3003,20.2781,19.9594,20.1941,19.9636,19.9542,22.4485,19.4426,20.3299,20.9372,20.6455,24.3515,19.0481,19.785,20.8232,20.7686,21.4873,19.051,20.308,19.8126,21.0597,21.9142
615,3:49:15 PM,19.9335,19.946,19.6457,20.0184,20.8693,20.423,19.8993,20.9129,21.3928,21.2759,20.2993,20.1772,20.0332,20.377,21.0646,20.3547,20.8761,21.0171,20.8587,22.0515,20.3333,20.7599,20.9328,20.4211,21.9409,18.99,19.9025,19.4955,19.8872,20.9051,20.6262,20.1594,21.281,20.8708,22.093,20.0113,20.5791,20.7311,20.5882,20.7224,20.5082,20.7928,20.2107,21.3219,22.2102,20.7843,21.1806,21.3415,20.9992,21.7595,18.6761,19.0205,20.0526,20.211,21.4097,19.4092,20.2691,20.3195,21.1644,21.5103,20.6121,20.5256,20.1913,20.6781,22.2533,20.0593,20.2981,19.5508,21.1415,22.3925,19.6496,20.4977,20.7461,20.5773,21.0997,19.5976,19.4752,20.347,19.7947,21.1438,20.8192,19.4754,20.2795,19.3822,22.3133,19.1108,20.0546,20.143,20.4956,23.1877,19.3205,19.8122,20.3357,20.7714,23.5172,18.4029,19.7648,20.333,19.9204,20.1803,19.9312,20.1046,19.8879,19.8644,22.3667,19.7346,20.35,21.011,20.8767,24.5433,18.9407,19.7476,20.7908,20.7968,21.7615,19.022,20.3165,20.1828,21.0221,21.7774
616,3:49:35 PM,19.7864,19.9431,19.7507,19.8743,20.8439,20.4465,19.7807,20.8163,21.363,21.4074,20.1814,20.0476,19.9733,20.5801,21.0696,20.3046,20.7948,20.961,20.8699,21.9541,20.2858,20.7245,20.8902,20.2386,21.9662,19.0249,19.8798,19.539,19.929,20.688,20.77,20.1137,21.2852,20.7314,22.1738,20.0593,20.5977,20.7519,20.7834,20.8828,20.6088,20.872,20.172,21.3431,22.1798,20.7913,21.1157,21.1907,20.9761,21.7866,18.7008,19.1067,19.9881,20.3353,21.445,19.3596,20.384,20.5009,21.0525,21.0078,20.4234,20.6254,20.2549,20.6195,22.333,20.1298,20.3833,19.5333,21.1525,22.5732,19.4471,20.1714,20.7672,20.608,20.9248,19.6704,19.5889,20.3095,19.8481,20.9883,20.8683,19.5837,20.8679,19.3227,22.6997,19.2707,19.9794,20.0425,20.6208,23.7916,19.4529,19.7707,20.2409,20.8517,23.7292,18.3342,19.9441,20.3866,20.1119,20.6056,19.8927,20.1864,19.8501,19.8902,22.1895,19.5987,20.3707,20.9227,20.7072,24.4266,19.0722,20.0163,20.8171,20.7835,21.5357,18.9408,20.3161,20.0179,20.9668,21.9384
617,3:49:55 PM,19.794,19.9287,19.7465,19.9959,20.7378,20.4469,19.6322,20.8397,21.424,21.3949,20.2322,20.0456,19.9218,20.3828,20.8441,20.318,20.8645,21.0111,20.8614,22.1332,20.3589,20.7211,20.8603,20.2016,22.1173,19.1217,19.8111,19.3671,20.1711,20.8772,20.7887,20.1323,21.2529,20.7734,22.1567,19.9396,20.582,20.7268,20.4551,20.5775,20.6583,20.8472,20.3177,21.2921,22.1682,20.7519,21.2658,21.2254,21.0644,21.7372,18.6727,18.9709,19.9289,20.1437,21.4103,19.4472,20.3358,20.4533,21.099,21.2267,20.5208,20.6306,20.1836,20.5998,22.6327,20.2218,20.2174,19.5839,21.1357,22.2879,19.4474,20.2659,20.642,20.4177,21.144,19.4589,19.4611,20.2824,19.8795,20.9506,20.8219,19.3856,20.5046,19.2886,22.1193,19.1368,19.8969,19.8818,20.3886,23.9218,19.4326,19.7466,20.2155,20.4993,23.7589,18.4841,19.8427,20.1089,19.9792,20.318,19.8998,20.0607,19.8738,19.9117,22.228,19.7568,20.3384,20.91,20.71,24.6621,18.8037,19.8168,20.877,20.7533,21.7681,19.0456,20.3808,20.1046,20.9339,21.9594
618,3:50:15 PM,19.8655,19.9087,19.8377,19.835,20.6777,20.4671,19.8547,21.0327,21.3253,21.3786,20.2881,19.9782,20.0842,20.5832,20.9221,20.4263,20.834,21.0821,20.8143,21.9465,20.2644,20.6948,20.9088,20.3287,21.8843,19.0813,19.8995,19.5601,19.9622,20.7027,20.6985,20.0807,21.2139,20.7401,22.0805,20.1233,20.6098,20.8186,20.9408,21.0656,20.6832,20.7519,20.2459,21.2636,22.1818,20.6488,21.2121,21.2719,21.0488,21.8937,18.61,19.2186,20.0329,20.201,21.3189,19.4704,20.3227,20.5225,21.2358,21.4559,20.392,20.6176,20.2792,20.6641,22.3824,20.0118,20.3585,19.5554,21.1297,22.3406,19.3399,20.2262,20.694,20.3777,20.8941,19.4656,19.4751,20.2376,19.8279,21.0931,20.8411,19.5736,20.8527,19.3863,21.9392,19.1893,19.9937,20.1017,20.6863,23.8336,19.2868,19.6951,20.0373,20.9507,23.6167,18.5003,19.8136,20.4592,20.0946,20.2579,19.8652,20.0529,19.8503,19.9502,22.5489,19.647,20.2956,20.9692,21.11,24.305,19.0503,19.9223,20.9169,20.9481,21.9844,18.9527,20.3683,20.1982,20.8578,21.9139
619,3:50:35 PM,19.9157,20.1169,19.9642,19.9985,20.7629,20.5305,19.8766,20.8587,21.335,21.4461,20.2856,20.193,19.9899,20.5505,20.811,20.3645,20.8125,21.0185,20.8011,21.9893,20.322,20.5066,20.947,20.2262,21.9481,19.2554,19.9852,19.5243,19.943,20.8564,20.9602,20.2093,21.3043,20.9155,22.2312,20.0911,20.501,20.5951,20.6873,20.675,20.6118,20.8241,20.2102,21.2946,22.1404,20.7946,21.2314,21.1466,20.9779,21.8059,18.8386,19.3805,20.0839,20.379,21.4752,19.6017,20.3291,20.5077,21.0884,21.2237,20.6393,20.5924,20.1746,20.5224,22.3402,20.2251,20.2884,19.6424,20.9898,22.2739,19.2616,20.2112,20.7333,20.5167,21.2901,19.7505,19.5535,20.3154,19.8691,21.0356,20.9667,19.6115,20.9004,19.5694,22.1026,19.3255,20.0422,20.1099,20.9547,24.0627,19.3449,19.7595,19.9176,20.5525,23.7084,18.3485,19.7784,20.2993,20.0682,20.2855,19.8505,19.958,19.8463,19.913,22.7232,19.7251,20.4252,20.8833,21.1204,24.5049,18.9495,19.8084,20.782,20.8731,21.8155,18.8703,20.1859,20.1759,20.9557,21.763
620,3:50:55 PM,19.8374,20.0374,19.788,19.8848,20.8391,20.4856,19.9225,20.8382,21.3459,21.503,20.3326,20.0326,19.9091,20.5218,20.9811,20.2452,20.9384,20.993,20.8804,22.0315,20.215,20.6388,20.8654,20.0978,21.8498,19.1509,19.8893,19.5271,19.9444,20.8289,20.9752,20.1569,21.3839,20.7278,22.2725,19.8919,20.6109,20.7081,20.5942,20.6544,20.5394,20.7936,20.2779,21.3717,22.2123,20.7157,21.1803,21.1656,20.9064,21.9163,18.6998,19.231,20.139,20.2739,21.2968,19.3581,20.3109,20.5336,21.0824,21.2428,20.5236,20.5462,20.1766,20.4994,22.2542,20.1531,20.3318,19.6616,21.1104,22.4464,19.3634,20.2284,20.7084,20.4082,20.9489,19.6844,19.6423,20.1868,19.9753,21.0462,20.7895,19.7116,20.8652,19.6554,21.9251,19.2926,19.8852,20.0641,20.7533,24.0571,19.326,19.7457,20.2935,20.5947,23.7351,18.3091,19.8957,20.406,20.107,20.4004,19.8671,20.0178,19.9706,19.9139,22.1734,19.6696,20.4664,21.124,21.1367,24.6461,19.0413,19.7036,20.7834,20.7222,21.4245,18.8971,20.2509,20.0201,20.8735,22.0213
621,3:51:15 PM,19.9088,20.1527,19.8122,19.9124,20.8558,20.4729,19.7496,20.9623,21.3695,21.5027,20.2985,20.2278,20.0363,20.568,20.9171,20.2807,20.8415,21.0629,20.8834,22.0767,20.1804,20.5897,20.9206,20.2941,22.0487,19.1244,19.8537,19.573,19.8465,20.8864,20.8811,20.1045,21.3865,20.6052,22.3227,20.0522,20.5477,20.7307,20.6442,20.7148,20.6482,20.7522,20.2207,21.3074,22.1183,20.8805,21.1483,21.1659,21.11,21.828,18.8185,19.0755,19.9343,20.3135,21.3183,19.3397,20.3603,20.4516,21.198,21.2667,20.4159,20.548,20.1581,20.7198,22.204,20.0451,20.2696,19.5737,21.1334,22.4858,19.3164,20.1887,20.5269,20.4002,21.0475,19.6266,19.4038,20.2368,19.7747,20.9718,20.7388,19.5127,20.8431,19.2837,22.2051,19.2304,19.8902,19.8682,20.5876,23.8113,19.5689,19.7419,20.0894,20.6703,23.5791,18.3923,19.771,20.2192,19.9537,20.2768,19.8837,20.1403,19.8615,20.0873,22.0159,19.8292,20.239,20.9859,20.6061,24.4128,18.8658,19.6613,20.8716,20.733,21.7329,18.8636,20.378,19.7809,21.1933,22.1452
622,3:51:35 PM,19.9567,20.1491,19.8994,19.8851,20.7877,20.5412,19.7804,20.7197,21.3061,21.5329,20.357,20.1957,20.0308,20.5936,20.8998,20.3546,20.8948,21.0813,20.9413,22.1038,20.2103,20.7147,21.0102,19.9762,21.9563,19.0924,19.9357,19.5719,19.8602,20.8135,20.8961,20.096,21.1719,20.8122,22.2515,20.0053,20.622,20.7053,20.672,20.7892,20.6904,20.6568,20.3356,21.3917,22.1698,20.8085,21.1239,21.2023,20.9676,21.7148,18.744,19.0979,19.9861,20.2356,21.4019,19.2111,20.3718,20.4994,21.1888,21.3003,20.5217,20.5719,20.1582,20.6718,22.3141,20.0884,20.3437,19.6083,21.1573,22.4143,19.1719,20.4225,20.747,20.4234,20.9735,19.7242,19.5123,20.2452,19.9936,21.0816,20.8206,19.4568,20.7145,19.4138,21.8944,19.3302,19.9266,19.8332,20.5635,24.1347,19.4273,19.7056,20.0576,20.539,23.7253,18.3077,19.7908,20.4206,20.0653,19.9951,19.9224,20.1144,20.0258,19.8845,21.7598,19.7338,20.2893,20.8994,20.7317,24.9745,19.0093,19.6643,20.846,20.78,21.4325,19.0571,20.3222,20.082,20.8993,21.8646
623,3:51:55 PM,19.9818,20.1481,19.9226,19.8496,20.7509,20.4697,19.5761,20.7929,21.3182,21.2129,20.3032,20.0604,20.0799,20.6839,21.2153,20.3047,20.9009,20.9676,20.8093,22.0287,20.3524,20.5852,20.9537,20.4496,21.9318,19.0963,19.7959,19.5376,20.0661,20.8355,20.6623,20.1185,21.1294,20.7527,22.1708,20.0798,20.6215,20.7995,20.8084,20.9383,20.6736,20.7769,20.3018,21.3955,22.1821,20.8139,21.0975,21.1989,21.0015,21.8019,18.6382,19.2096,20.0109,20.2952,21.4094,19.3815,20.4138,20.3818,21.0009,21.0075,20.5615,20.5658,20.2688,20.724,22.2349,20.1255,20.3109,19.5797,21.1775,22.3115,19.7022,20.3264,20.6596,20.5046,21.1642,19.716,19.4427,20.3468,19.7582,20.9324,20.7499,19.6013,20.6327,19.385,21.8391,19.2776,19.9894,19.9008,20.4326,23.8983,19.3384,19.6819,20.1533,20.7284,23.5789,18.3492,19.855,20.3071,19.9842,20.3264,19.9485,19.951,19.8325,19.8442,21.8542,19.4461,20.3097,20.92,20.5038,24.5966,18.9916,19.8045,20.8833,20.7106,21.8055,18.7676,20.2157,19.8772,20.9776,21.7713
624,3:52:15 PM,19.9199,19.9044,19.8707,20.0006,20.8041,20.4948,19.6253,20.9148,21.3194,21.1463,20.3246,20.1061,19.9635,20.7145,21.18,20.4006,20.8913,21.0736,20.8913,22.08,20.3038,20.596,20.9172,20.2698,22.0411,18.9766,19.7254,19.3791,19.9055,20.7378,20.5826,20.0609,21.1648,20.7344,22.1161,20.0622,20.5837,20.696,20.7192,20.9528,20.6032,20.8541,20.3475,21.3006,22.1901,20.7705,21.1119,21.1894,21.0783,21.9006,18.7785,19.0727,19.9418,20.2234,21.4034,19.2582,20.3093,20.3255,21.0994,21.3094,20.4749,20.5617,20.1355,20.703,22.1115,19.9315,20.3218,19.6815,21.1019,22.178,19.2212,20.4477,20.7621,20.6133,20.9681,19.6567,19.4339,20.1924,19.7157,21.0523,20.7102,19.6663,20.7625,19.3932,21.7778,18.9731,19.7798,19.9087,20.5696,24.173,19.2333,19.6436,20.0754,20.7912,23.4906,18.3102,19.6879,20.5463,20.2697,20.2276,19.831,20.0779,19.8716,19.915,21.9418,19.5929,20.3998,20.8362,20.6587,24.9516,18.863,19.6365,20.8853,20.6274,21.4023,18.9577,20.3788,19.9459,20.9671,21.9218
625,3:52:35 PM,19.8897,19.9734,19.8773,19.9428,20.8471,20.399,19.6183,20.7103,21.3674,21.3857,20.2786,20.006,20.0517,20.5271,21.2301,20.3731,20.8774,21.0195,20.9892,22.0203,20.1474,20.4401,20.8389,20.3042,22.01,19.1464,19.7811,19.7278,20.0025,20.914,20.5694,20.0431,21.1448,20.6968,22.1549,19.9575,20.6173,20.6915,20.9382,21.1206,20.6856,20.8234,20.3115,21.3225,22.1188,20.8049,21.2013,21.2082,20.9661,21.9626,18.6495,18.9712,20.0727,20.2674,21.382,19.2564,20.3412,20.4729,21.0733,21.192,20.5327,20.5974,20.1371,20.7067,22.2596,20.1109,20.3332,19.686,21.2002,22.5298,19.1001,20.261,20.814,20.4491,21.1844,19.6478,19.5695,20.3285,19.6577,20.9999,20.7674,19.4167,20.8674,19.5466,21.9784,19.249,19.9587,19.9281,20.4952,23.2477,19.3628,19.6075,20.0126,20.4483,23.5048,18.3014,19.9025,20.3514,19.8889,20.395,19.9877,20.1236,19.9894,19.9163,22.1702,19.6952,20.3653,20.9099,21.1454,24.6949,18.9833,19.7131,20.7099,20.8141,21.7168,18.8254,20.2746,19.8007,20.7776,21.7185
626,3:52:55 PM,19.7939,20.0373,19.6919,19.8468,20.8551,20.4417,19.8581,20.7319,21.3258,21.4029,20.2074,20.0428,20.0899,20.6011,21.1899,20.347,20.8576,21.0578,20.8837,22.0908,20.2184,20.8016,20.9583,20.4612,22.0391,18.9511,19.7956,19.4394,19.8999,20.8534,20.733,20.0243,21.2379,20.7348,22.2535,19.9869,20.5438,20.5969,20.7553,21.2831,20.5978,20.7741,20.2221,21.432,22.1731,20.7616,21.1129,21.1635,21.0674,21.8688,18.7155,18.9548,20.0456,20.3888,21.3762,19.3289,20.3376,20.4606,21.0579,21.2521,20.4798,20.5312,20.1359,20.633,22.1684,20.1425,20.4125,19.57,21.0399,22.3428,19.3937,20.166,20.709,20.4724,20.9613,19.4329,19.3359,20.2863,19.9908,20.9395,20.8866,19.4714,20.6567,19.2798,21.937,19.0736,20.0151,19.8086,20.3267,23.7482,19.3703,19.6383,20.0332,20.4668,23.4648,18.4082,19.7776,20.4931,20.1967,20.2226,19.8535,20.0436,19.9261,19.8586,22.5468,19.6522,20.3286,20.9169,20.8386,24.8678,18.9518,19.7011,20.7534,20.9013,21.8069,19.0238,20.3377,20.0104,21.0452,22.2564
627,3:53:15 PM,19.8486,20.0445,19.8806,19.9565,20.9177,20.3861,19.8107,20.8042,21.3713,21.3741,20.239,20.0241,19.9195,20.6185,21.1293,20.3176,20.8551,21.0233,20.9291,22.0583,20.0895,20.716,20.8983,20.3934,21.964,19.1866,19.8935,19.5516,20.0501,20.7979,20.8377,20.1186,21.1922,20.6911,22.2561,19.9252,20.5016,20.7226,20.7436,20.9884,20.6492,20.8697,20.2024,21.3942,22.3356,20.8226,21.1719,21.1968,21.1038,21.8565,18.6744,18.9754,19.9685,20.1944,21.3901,19.4674,20.2563,20.3122,21.0833,21.3819,20.3812,20.5332,20.2256,20.7047,22.3073,19.9672,20.2313,19.5059,21.0962,22.467,19.3143,20.2788,20.5913,20.32,21.3027,19.6188,19.3074,20.2824,19.7806,20.9552,20.7949,19.5023,20.4336,19.4455,21.8785,19.1415,19.9262,19.8947,20.4629,23.5316,19.4407,19.7618,20.2074,20.6261,23.6152,18.3427,19.7817,20.4225,20.0677,20.5432,19.8688,20.0297,19.8549,19.9532,22.3059,19.4374,20.4344,20.9352,20.7484,24.4608,19.0301,19.7252,20.8562,20.8567,21.8872,18.8748,20.3546,19.6558,21.2056,21.8929
628,3:53:35 PM,19.9135,19.9928,19.9508,19.9113,20.7748,20.3227,19.6951,20.7153,21.2452,21.5013,20.2479,20.0707,20.0987,20.6289,21.1245,20.4314,20.8719,21.0471,20.8982,22.147,20.2719,20.7399,21.0031,20.2418,22.0849,19.1432,19.8912,19.4625,19.8365,20.7448,20.8642,20.0174,21.1173,20.613,22.1958,20.0498,20.6299,20.7509,20.7759,21.1353,20.6674,20.7518,20.2284,21.3197,22.1487,20.7036,21.1386,21.0843,21.1478,21.8922,18.7679,19.1926,20.083,20.3499,21.3996,19.5356,20.3576,20.4704,21.1872,21.3972,20.4593,20.5609,20.2251,20.8039,22.2858,19.9565,20.2237,19.583,21.062,22.2813,19.155,20.3453,20.7603,20.2851,21.1566,19.6239,19.5407,20.2163,19.8458,20.975,20.7644,19.7015,20.9029,19.4745,22.0366,19.3518,20.0603,20.1263,20.5945,23.5459,19.3704,19.6619,20.3132,20.4785,23.6144,18.3678,19.7956,20.3893,20.0993,20.1263,19.9095,19.9362,19.8267,20.0282,22.4706,19.6184,20.3761,20.9739,20.8351,24.3994,18.7667,19.6638,20.6902,20.8241,21.8895,18.8131,20.2744,19.8422,20.7345,21.7368
629,3:53:55 PM,19.8051,20.0447,19.8211,19.9739,20.9027,20.3402,19.794,20.7833,21.3198,21.4924,20.3172,20.2024,20.1232,20.7533,21.3054,20.5168,20.969,21.0574,20.8537,22.0409,20.2803,20.8306,20.9057,20.2821,22.1488,19.0012,19.8038,19.5677,20.0372,20.923,20.7428,20.1162,21.2465,20.641,22.1212,20.0664,20.5598,20.5933,20.8761,21.1502,20.5752,20.7543,20.2496,21.2992,22.2615,20.8348,21.1693,21.2467,20.9782,21.8834,18.6581,19.1034,19.9597,20.2335,21.4481,19.3904,20.3661,20.4992,21.2722,21.0969,20.4535,20.5792,20.1816,20.7313,22.2353,20.0662,20.4234,19.4925,21.1704,22.6571,19.334,20.3811,20.6716,20.4056,21.3202,19.5643,19.3976,20.1797,19.7968,21.0182,20.6673,19.63,20.7041,19.3482,21.9144,19.0916,19.9019,20.0585,20.6217,23.5976,19.3639,19.6589,20.1675,20.613,23.603,18.2801,19.7371,20.3816,19.77,20.4083,19.7992,20.0609,19.6839,19.9004,22.0526,19.6556,20.3387,21.0021,20.5222,24.2084,18.9833,19.6488,20.7024,20.8591,21.776,18.974,20.3085,20.0427,21.0171,21.7726
630,3:54:15 PM,19.8495,20.0659,19.8655,19.9063,20.7831,20.3476,19.6623,20.6712,21.1048,21.2393,20.3632,20.0894,20.1375,20.6728,21.3819,20.3758,20.8165,21.0836,21.0136,22.1453,20.4017,20.7477,20.9602,20.351,22.1087,19.1738,19.847,19.5077,19.8282,20.9227,20.7932,20.0438,21.087,20.7151,22.3125,20.061,20.6215,20.7325,20.8672,20.9326,20.6391,20.8474,20.3823,21.2586,22.202,20.82,21.2145,21.2819,21.015,21.7986,18.7261,19.1314,19.9916,20.1233,21.399,19.5474,20.2777,20.4498,21.2634,21.4108,20.3722,20.4419,20.1311,20.6899,22.2776,20.1294,20.2924,19.4827,21.1045,22.3638,19.4392,20.2701,20.7398,20.5342,21.3821,19.6902,19.4685,20.2893,19.7833,21.0663,20.6972,19.5584,20.9272,19.367,22.1505,19.2059,19.9272,19.9007,20.6522,23.5396,19.3164,19.6515,19.8325,20.3677,23.5849,18.2758,19.6792,20.2599,19.8619,20.15,20.0099,20.0182,19.7809,19.9656,22.1491,19.6619,20.3253,20.9675,20.8211,24.6533,18.8328,19.8341,20.8255,20.5831,21.5159,18.8749,20.327,19.769,20.787,21.6648
631,3:54:35 PM,19.6183,19.917,19.8309,19.9805,20.8985,20.2641,19.6757,20.8018,21.2565,21.2187,20.3263,20.0767,19.9759,20.6271,21.1951,20.3989,20.8982,21.0773,20.9476,22.0258,20.3585,20.7359,20.9524,20.4496,22.1047,19.0244,19.8065,19.2982,20.0256,20.9098,20.5674,20.0989,21.1652,20.7763,22.3524,20.1127,20.6648,20.7336,20.7737,20.8222,20.6047,20.8543,20.3338,21.4757,22.2154,20.8188,21.1965,21.2089,21.0055,21.8677,18.6228,18.9919,19.9551,20.3251,21.409,19.457,20.3138,20.4265,21.0604,21.0509,20.4294,20.6113,20.1652,20.6722,22.3415,20.1748,20.2574,19.4528,21.0051,22.4339,19.4416,20.3398,20.7219,20.4512,21.1879,19.5991,19.3822,20.2897,19.8559,20.9863,20.8189,19.3816,20.5441,19.2227,22.2007,19.136,19.7251,20.0084,20.5638,23.793,19.3551,19.5995,19.9939,20.6773,23.7149,18.4043,20.03,20.5287,20.1084,20.3579,19.8544,20.0694,19.8592,19.8202,21.9235,19.5278,20.2539,21.09,20.4806,24.7931,18.9945,19.8277,20.8435,20.7801,21.5165,18.9574,20.2588,20.0782,20.8539,21.8887
632,3:54:55 PM,19.8049,19.9532,19.7791,19.8135,20.7572,20.4283,19.6359,20.9118,21.301,21.3477,20.3203,19.9119,20.0613,20.5372,21.0438,20.3738,20.8872,21.0078,20.9674,22.0512,20.2887,20.5035,20.8895,20.2909,21.9568,19.0971,19.7046,19.3341,19.753,20.8542,20.8131,19.9964,21.1997,20.9129,22.1942,19.9482,20.5756,20.7286,20.7357,20.8221,20.8032,20.7641,20.3063,21.4289,22.2193,20.793,21.2636,21.1212,21.0303,21.8908,18.6094,19.0002,19.9419,20.2276,21.4081,19.3584,20.3984,20.3825,21.1092,21.1526,20.4924,20.5716,20.1966,20.6045,22.1924,20.1678,20.3988,19.5645,21.0444,22.4769,19.195,20.171,20.735,20.3792,21.2552,19.6875,19.5446,20.2809,19.7215,20.9504,20.7067,19.5022,20.8498,19.3204,21.9704,19.1766,19.9877,19.8908,20.4409,23.6868,19.2514,19.5815,19.9826,20.6256,23.6075,18.432,19.7639,20.2925,20.0256,20.417,19.9197,20.0656,19.8519,19.9713,21.8714,19.5866,20.3575,21.021,20.7273,24.1205,18.9639,19.8311,20.8356,20.7523,21.5599,19.0597,20.3622,19.7087,20.8194,21.6007
633,3:55:15 PM,19.7451,19.9489,19.9198,19.9276,20.8511,20.3877,19.8383,20.926,21.2646,21.3749,20.257,20.0174,19.878,20.412,21.1642,20.3616,20.8981,21.0172,20.8588,22.0458,20.304,20.7873,21.077,20.2896,22.0617,19.0539,19.8424,19.5052,20.02,20.7462,20.8205,20.1236,21.182,20.8053,22.3285,19.9181,20.6074,20.6764,20.5028,20.5689,20.637,20.7962,20.3647,21.5391,22.1594,20.7826,21.1272,21.2492,21.0953,21.8759,18.7628,19.1211,20.167,20.2463,21.4546,19.2151,20.3658,20.5427,21.3206,21.3632,20.5787,20.6074,20.1512,20.641,22.8427,20.0109,20.2818,19.4815,21.0898,22.5623,19.2598,20.4087,20.6879,20.4281,21.2034,19.6633,19.4795,20.2779,19.8238,20.9314,20.8361,19.5134,21.0008,19.5707,22.2359,19.1996,20.0767,19.8903,20.5157,23.5092,19.3689,19.6912,19.9188,20.4841,23.6786,18.4637,19.8085,20.4846,20.0076,20.8736,19.8761,20.0887,19.8105,19.877,22.0832,19.4276,20.4528,20.9562,20.4286,24.5434,18.8215,19.6852,20.8233,20.7873,21.3638,18.7752,20.1733,19.917,20.9201,21.7571
634,3:55:35 PM,19.8368,19.9507,19.79,19.821,20.7878,20.5513,19.7968,20.812,21.3488,21.3908,20.2141,20.0223,19.9213,20.6009,21.1547,20.3168,20.9407,20.9726,20.9229,22.1548,20.2939,20.8108,20.9563,20.2976,22.0797,19.1089,19.8087,19.5969,19.8199,20.9065,20.7804,20.1393,21.2559,20.8604,22.2666,19.9579,20.4966,20.5751,20.6577,20.9295,20.648,20.8306,20.2218,21.4239,22.2561,20.8419,21.2839,21.1663,20.9415,21.8551,18.6479,19.1378,19.9796,20.2326,21.3483,19.5488,20.3517,20.545,21.1969,21.1485,20.4318,20.524,20.1753,20.6094,22.0993,19.8578,20.2332,19.6394,21.1914,22.3541,19.5551,20.283,20.6823,20.51,21.0208,19.7068,19.5242,20.2168,19.7144,20.9844,20.7677,19.4281,20.8168,19.4792,22.197,19.1814,19.8214,19.9022,20.3264,23.7676,19.1051,19.6203,20.1441,20.5431,23.658,18.36,19.7674,20.362,20.1362,20.3907,19.8207,20.0763,19.8448,19.9115,22.0966,19.697,20.3729,21.0566,20.5699,23.8903,18.8795,19.5701,20.7633,20.7533,21.5621,18.895,20.1804,19.7736,20.8251,21.7263
635,3:55:55 PM,19.7743,20.1719,19.8307,19.8941,20.7208,20.4547,19.8595,20.763,21.2046,21.3488,20.2387,20.0171,19.8578,20.5841,21.164,20.29,20.8396,21.1386,20.9713,22.0066,20.1843,20.7059,20.9115,20.2219,22.0722,19.0607,19.8738,19.4347,19.8401,20.8745,20.7822,20.0768,21.221,20.914,22.1717,19.989,20.4353,20.7318,20.6636,21.1946,20.7021,20.7155,20.2399,21.4393,22.221,20.8574,21.2451,21.2165,21.0619,21.8146,18.7319,19.2162,20.0872,20.2629,21.3406,19.5883,20.4023,20.5567,21.2889,21.2979,20.5369,20.5658,20.1803,20.5206,22.3461,20.0853,20.3594,19.4985,21.1558,22.2547,19.2324,20.2598,20.6108,20.5586,21.2189,19.6133,19.5282,20.2109,19.8588,20.8938,20.7629,19.5483,20.9158,19.5702,22.0925,19.2946,20.0792,20.0357,20.4727,23.9117,19.404,19.6716,20.1037,20.4178,23.6375,18.3218,19.7401,20.2749,20.3007,20.2684,19.9932,20.0462,19.8503,20.0216,21.8329,19.6594,20.3648,20.8985,20.6818,24.5924,18.9301,19.7823,20.8008,20.6999,21.825,19.0199,20.2737,19.5326,20.8793,21.8254
636,3:56:15 PM,19.7592,20.0454,19.9248,19.9251,20.8195,20.4415,19.8842,20.8464,21.4082,21.3121,20.1053,20.0655,19.8707,20.542,21.0808,20.3196,20.7337,20.9741,20.9652,22.0859,20.2282,20.6363,20.9969,20.1368,22.1275,19.108,19.8688,19.5768,20.0593,20.829,20.7577,20.1953,21.1892,20.9219,22.117,20.0599,20.5952,20.6092,20.5665,21.003,20.6885,20.9033,20.3172,21.4765,22.1875,20.7956,21.1267,21.2144,21.0076,21.8813,18.6946,19.0929,19.934,20.2889,21.3486,19.2623,20.3923,20.4903,21.2768,21.5164,20.5321,20.5171,20.2202,20.5491,22.3303,20.0601,20.4218,19.487,21.1191,22.3097,19.6478,20.2961,20.649,20.4336,21.1827,19.6064,19.5818,20.2911,19.7009,20.9757,20.7548,19.5492,21.0634,19.5356,22.4408,19.2853,19.8294,19.8502,20.5788,23.5013,19.2268,19.6298,19.9932,20.5336,23.5596,18.4845,19.9246,20.3833,20.131,20.1429,19.9682,20.1036,19.8685,19.9979,23.1239,19.83,20.3865,20.9491,20.6685,24.6948,18.9376,19.6236,20.6868,20.7289,21.8417,18.9507,20.3204,19.9275,20.8673,22.0119
637,3:56:35 PM,19.9039,19.8628,19.742,19.9299,20.8722,20.5268,19.8279,20.8,21.2067,21.4065,20.2009,20.0446,19.9204,20.4285,21.0077,20.3796,20.8367,21.0263,20.9392,21.9997,20.3044,20.7663,20.9456,20.3062,22.1414,19.0469,19.7694,19.6071,19.9203,20.8691,20.8434,20.1533,21.2796,20.9252,22.1779,19.8942,20.5984,20.6586,20.5211,20.7528,20.6052,20.7285,20.2197,21.4299,22.1906,20.7251,21.081,21.2255,21.085,21.8651,18.7068,19.1624,20.0272,20.2132,21.3994,19.1293,20.3359,20.5191,21.2358,21.4239,20.5615,20.602,20.2021,20.6575,22.2591,20.0491,20.191,19.4643,21.1261,22.4821,19.6005,20.3067,20.6113,20.4939,21.1637,19.6683,19.5321,20.2354,19.8021,20.882,20.7546,19.429,20.4663,19.2865,22.1345,19.1351,19.8019,19.8838,20.4247,23.4741,19.2524,19.6259,20.0893,20.8554,23.6255,18.3623,20.0115,20.4999,20.0505,20.9656,20.0293,20.0154,19.9213,19.9848,21.9071,19.7761,20.3507,20.996,20.4391,24.712,18.9854,19.5784,20.7245,20.7742,21.8186,18.8156,20.314,19.8568,20.8539,21.556
638,3:56:55 PM,19.7869,19.9506,19.6056,19.8696,20.7643,20.4505,19.5522,20.6572,21.1989,21.3461,20.2945,20.141,20.0043,20.4628,20.999,20.3561,20.8248,21.0784,20.8682,21.9686,20.333,20.6837,20.9419,20.2733,22.0653,19.0632,19.874,19.3632,19.8376,20.8808,20.8581,20.0884,21.2839,20.7981,22.0968,19.9949,20.5697,20.7079,20.5269,20.6907,20.5551,20.7716,20.3039,21.4025,22.1692,20.9562,21.0568,21.2438,21.0928,21.8905,18.5763,19.0459,19.9368,20.2419,21.3792,19.1904,20.2862,20.405,21.142,20.9308,20.5453,20.6153,20.2472,20.5807,22.2859,20.1289,20.3391,19.5359,21.0624,22.4809,19.3155,20.282,20.8649,20.6302,20.9321,19.5811,19.4257,20.2117,19.8974,21.0158,20.6777,19.5169,20.5856,19.3594,21.8785,19.1201,19.8481,19.9033,20.4162,23.232,19.323,19.6483,19.9629,20.5627,23.5877,18.3074,19.6862,20.3758,20.031,20.9507,19.8242,20.1171,19.7914,19.956,22.1646,19.7553,20.3283,20.9952,20.6708,24.9509,19.0069,19.6516,20.7533,20.7616,21.6431,18.9068,20.2877,19.8507,20.9762,21.8868
639,3:57:15 PM,19.7547,19.9718,19.8814,19.937,20.6806,20.5057,19.5669,20.7497,21.2117,21.3623,20.2978,20.0294,20.0689,20.555,21.1235,20.2247,20.8019,20.9751,20.9082,21.9732,20.3116,20.7303,20.836,20.4064,22.0197,19.1397,19.9467,19.7438,19.9251,20.8389,20.7279,20.1165,21.23,20.8722,22.0891,20.0908,20.5786,20.703,20.8331,21.0163,20.6053,20.859,20.2595,21.388,22.163,20.8686,21.1466,21.2152,21.0286,21.8304,18.667,19.0107,19.9955,20.1909,21.4248,19.5424,20.2942,20.3765,21.0538,21.1794,20.4819,20.5393,20.1106,20.6669,22.627,20.1255,20.2996,19.5512,21.0675,22.2872,19.4001,20.1792,20.7847,20.5534,21.0512,19.4611,19.419,20.2013,19.9175,20.9132,20.7939,19.6881,20.7063,19.5149,22.2581,19.3228,19.9168,20.1885,20.8764,23.7151,19.5202,19.603,20.0904,20.668,23.6315,18.459,19.7258,20.4599,19.9905,20.3247,19.7758,20.0119,19.8972,19.9072,22.0918,19.5524,20.3747,20.8673,20.5879,24.9985,18.9785,19.8604,20.6431,20.7182,21.5963,19.0632,20.3374,20.018,20.8455,21.6666
640,3:57:35 PM,19.7762,20.0313,19.9366,20.0188,20.8332,20.4917,19.826,20.8631,21.3518,21.4012,20.2277,20.0872,19.985,20.3448,20.9577,20.3598,20.7376,21.0764,20.9702,22.1427,20.355,20.7291,20.9517,20.5282,22.0967,19.1646,19.9145,19.4968,19.9229,20.8613,20.7984,20.1407,21.2531,20.7956,22.1186,20.1564,20.6026,20.592,20.4211,20.6141,20.5513,20.7529,20.2215,21.4035,22.1332,20.8183,21.1286,21.2006,21.0388,21.9459,18.7572,19.1369,20.0149,20.1185,21.4247,19.2852,20.3792,20.3489,21.1809,21.1306,20.5643,20.6505,20.16,20.5552,22.2194,20.1844,20.4309,19.521,21.0707,22.5063,19.449,20.404,20.7639,20.5053,20.8737,19.6289,19.5675,20.3074,20.013,21.1582,20.7893,19.3733,20.5847,19.4444,22.0632,19.153,19.94,19.8095,20.3781,23.401,19.4106,19.677,20.2699,20.6918,23.5941,18.4013,19.7334,20.4044,20.1357,20.3926,19.7569,20.1372,19.9052,19.9739,22.2586,19.6512,20.2679,20.9439,20.6788,24.7216,18.9943,20.0029,20.8036,20.7938,21.3025,18.9675,20.4266,19.9309,20.9123,21.7935
641,3:57:55 PM,19.8848,20.1028,20.0122,20.1055,20.8447,20.4608,19.8477,20.9502,21.4103,21.4976,20.2405,19.9952,20.1018,20.5145,21.0922,20.3734,20.8212,21.0723,20.8396,21.9408,20.2321,20.7782,20.9524,20.2597,22.0782,19.1196,19.9912,19.6769,19.9962,20.8923,20.852,20.0811,21.2703,20.6395,22.0674,20.043,20.5975,20.6871,20.7514,20.6778,20.5648,20.7949,20.3305,21.3272,22.1358,20.8293,21.1022,21.2552,21.0965,21.8401,18.7778,19.1964,19.9305,20.268,21.4035,19.4591,20.3303,20.519,21.2801,21.4005,20.5674,20.6703,20.3059,20.6486,22.1434,20.072,20.406,19.6195,21.1169,22.4387,19.3389,20.3889,20.7898,20.4214,21.0745,19.6552,19.485,20.2918,19.8576,21.0868,20.7399,19.5246,20.4812,19.4483,22.0028,19.2041,20.0392,20.1975,20.5816,23.8741,19.3334,19.6696,20.0301,20.4593,23.5285,18.2463,19.5684,20.4152,20.0244,20.3983,19.8114,20.0217,19.9225,19.877,22.4936,19.5864,20.2965,20.911,20.4657,24.7313,18.9489,19.8112,20.7857,20.7714,21.4955,18.9658,20.2485,19.9805,20.9116,21.7457
642,3:58:15 PM,19.9509,19.9864,19.8582,19.9375,20.8425,20.3619,19.7328,20.8893,21.4828,21.4401,20.2785,20.1503,20.0048,20.3507,21.0074,20.4389,20.785,20.9104,20.8733,21.8854,20.24,20.6952,20.8925,20.1565,21.9938,19.1821,19.9284,19.5236,19.9614,20.8859,20.808,20.0877,21.3371,20.7337,21.9516,20.1139,20.5754,20.6065,20.6585,20.6133,20.5069,20.7326,20.2886,21.3755,22.127,20.8544,21.0813,21.211,20.9952,21.9154,18.6593,19.0947,19.9915,20.2991,21.3314,19.5509,20.3339,20.4372,21.1492,21.3398,20.5493,20.6022,20.1578,20.6511,22.3091,20.0421,20.3592,19.5538,21.0761,22.5315,19.2639,20.4754,20.6732,20.393,21.0897,19.7555,19.4305,20.3452,19.866,20.9382,20.7724,19.6379,20.6874,19.5356,21.8482,19.3061,20.0795,19.9546,20.5566,23.7393,19.4138,19.6801,19.9126,20.143,23.6892,18.4462,19.7279,20.2364,19.8554,20.3651,19.8759,20.0924,19.8147,19.9147,22.5994,19.6614,20.2626,20.8509,20.9006,24.589,19.0076,19.763,20.7254,20.7974,21.4635,18.9971,20.179,19.8608,20.9186,21.8058
643,3:58:35 PM,19.8763,19.9047,19.7478,19.9947,20.8502,20.4212,19.8688,20.9782,21.4621,21.4798,20.2987,20.1611,19.9902,20.5243,20.896,20.3817,20.695,21.0074,20.9615,22.0697,20.3476,20.7625,20.9695,20.2449,21.9641,19.2983,19.8686,19.4111,19.8531,20.8104,20.7411,20.1759,21.2785,20.8382,21.9603,20.0836,20.5827,20.7777,20.5177,20.5486,20.5952,20.733,20.2162,21.406,22.1346,20.8185,21.2181,21.1701,20.8426,21.7769,18.7023,19.1319,20.0413,20.3127,21.3753,19.492,20.4137,20.4841,21.235,20.9547,20.5715,20.6465,20.192,20.6555,22.1426,20.0453,20.3823,19.5572,21.0863,22.6018,19.4834,20.4017,20.7699,20.4202,20.9359,19.6924,19.523,20.1765,19.9527,21.0388,20.8146,19.6267,20.6141,19.6126,21.8145,19.0791,20.0685,19.9286,20.3009,23.6277,19.4033,19.5956,19.8742,20.5281,23.6435,18.4645,19.9381,20.428,19.7752,20.6642,19.8287,20.0809,19.8198,19.9701,22.0179,19.6169,20.3396,20.9539,20.8135,24.6619,18.9021,19.9882,20.7749,20.7438,21.7148,18.965,20.3233,19.9348,20.9113,21.9564
644,3:58:55 PM,19.8812,20.1363,19.8825,19.8915,20.7799,20.3692,19.7423,20.8345,21.2687,21.4477,20.3806,20.0981,19.9752,20.5042,21.0129,20.2843,20.8856,20.9713,20.9447,22.0369,20.2828,20.6691,20.7491,19.8595,22.0335,19.1734,19.95,19.4186,19.9369,20.8056,20.8399,20.1159,21.2853,20.7857,22.1114,20.0635,20.5012,20.6804,20.6572,20.8812,20.6364,20.8386,20.2954,21.434,22.2124,20.7389,21.0666,21.2187,21.025,21.8845,18.7567,19.3908,19.9852,20.1282,21.2311,19.4271,20.3479,20.471,21.2492,21.0192,20.5397,20.5469,20.215,20.6503,22.123,20.2008,20.342,19.6339,21.175,22.5639,19.2484,20.4437,20.765,20.4812,21.1086,19.7223,19.5158,20.3348,20.0174,21.0076,20.8416,19.7337,20.8433,19.3986,21.8582,19.266,20.0053,20.1137,20.4819,23.7278,19.179,19.6693,20.1637,20.5764,23.7409,18.3628,19.9234,20.3871,19.8482,20.4827,19.9379,19.9878,19.8661,20.0647,22.3312,19.61,20.2853,20.83,20.6374,24.7702,19.0895,19.8756,20.7282,20.8458,21.6954,19.0315,20.2959,20.0464,21.1052,22.0161
645,3:59:15 PM,19.9214,20.0209,19.9761,19.9129,20.8869,20.4801,19.7225,20.8916,21.4085,21.5338,20.4027,20.2476,20.029,20.5516,20.8724,20.2771,20.9692,21.0749,20.8273,22.0871,20.2748,20.7916,20.9087,20.3052,21.9962,19.0926,19.9442,19.4951,19.8584,20.7269,20.96,20.0383,21.3783,20.8746,22.1481,20.0179,20.5682,20.731,20.7216,20.9385,20.6733,20.7962,20.2107,21.3698,22.0855,20.8642,21.1392,21.1397,21.0704,21.7321,18.6611,19.1521,20.0226,20.129,21.3615,19.3476,20.3283,20.4735,21.0627,21.2935,20.504,20.5894,20.1833,20.5588,22.2345,20.031,20.2416,19.5793,21.1107,22.5228,19.3786,20.4495,20.6963,20.4195,20.7408,19.6021,19.6319,20.3495,19.8998,20.882,20.8268,19.5838,20.7326,19.3119,21.7926,19.1553,19.9961,19.7544,20.4007,24.0545,19.4057,19.6383,20.1924,20.7905,23.7027,18.4219,19.8733,20.2162,20.1048,20.309,19.9552,20.1229,19.8951,19.9871,23.2,19.4964,20.2609,20.8965,20.6671,24.7127,18.8305,19.8175,20.8373,20.6835,21.4806,19.0179,20.2972,19.9009,20.9415,21.8819
646,3:59:35 PM,19.8878,19.9946,19.8049,19.9317,20.8035,20.4539,19.6547,20.7882,21.3449,21.3713,20.3457,20.2777,20.1102,20.6265,21.1411,20.3809,20.9281,21.0223,20.9577,22.1809,20.2827,20.4807,20.8997,20.2415,22.0414,19.329,19.9468,19.5514,20.0604,20.8966,20.7427,20.0568,21.2812,20.8053,22.1656,20.1549,20.6198,20.862,20.5795,21.0804,20.6882,20.8443,20.2035,21.4104,22.073,20.7909,21.1752,21.1619,21.0122,21.7713,18.7597,19.2024,19.9869,20.2162,21.3794,19.3863,20.3692,20.3737,21.2785,21.2656,20.538,20.4799,20.1804,20.6015,22.252,20.1488,20.3786,19.658,21.2071,22.5076,19.2408,20.294,20.7572,20.3535,21.0616,19.6567,19.5486,20.3416,19.7578,21.0019,20.7658,19.6933,21.0066,19.4746,21.7309,19.2574,20.0463,19.9884,20.5457,23.8153,19.2984,19.7476,19.9159,20.6706,23.7428,18.3659,19.6954,20.2521,19.7801,20.4204,19.8936,20.0426,19.9202,19.8811,22.3733,19.619,20.3557,20.9624,20.5863,24.7101,18.9508,19.6348,20.7365,20.6772,21.6145,18.9333,20.3518,20.1901,21.0333,21.7479
647,3:59:55 PM,19.7572,20.0133,19.8137,19.9312,20.7655,20.4358,19.4823,20.7106,21.3463,21.3238,20.3666,20.2483,20.1288,20.7936,21.1501,20.3649,20.799,20.8929,20.9284,22.0737,20.1361,20.5794,20.8552,20.1984,21.7583,19.1296,19.8869,19.6352,19.9847,20.8896,20.8081,20.2059,21.19,20.653,22.0958,20.2012,20.5488,20.8325,20.642,20.9966,20.7227,20.8879,20.2982,21.3939,22.1379,20.6609,21.2078,21.1151,21.046,21.8028,18.7475,19.2031,20.08,20.25,21.2857,19.3517,20.284,20.5513,21.1429,21.3761,20.36,20.5265,20.2393,20.7744,22.2119,20.101,20.3693,19.5403,21.1945,22.4136,19.3322,20.304,20.69,20.4214,20.7928,19.6758,19.5282,20.2948,19.799,20.9881,20.723,19.5778,20.5982,19.4988,21.8735,19.1748,19.995,19.9789,20.6402,23.8579,19.5349,19.7095,19.9567,20.6072,23.5101,18.4565,19.9051,20.4119,20.042,20.8381,19.9166,20.1015,19.9338,20.0247,22.2109,19.4693,20.2383,20.895,20.5514,23.7527,19.0199,19.9482,20.7769,20.8302,22.2347,18.9911,20.3922,20.0943,20.8595,21.8812
648,4:00:15 PM,19.8467,20.0815,19.912,19.8403,20.6673,20.3988,19.7331,20.877,21.1902,21.4734,20.2687,20.2049,19.9753,20.4234,21.129,20.3931,20.8205,21.0068,20.9428,22.1039,20.2205,20.6852,20.8103,20.1825,21.829,19.1485,19.9199,19.7491,20.0543,20.8495,20.6828,19.9976,21.1897,20.9309,22.0278,20.0791,20.5947,20.6426,20.579,21.1336,20.6844,20.8516,20.1486,21.4699,22.1869,20.7829,21.1923,21.1773,21.0684,21.6781,18.7946,19.1763,19.934,20.3458,21.5074,19.4519,20.2743,20.4112,21.0056,21.5581,20.4771,20.6174,20.0892,20.6172,22.2128,20.126,20.3149,19.5476,21.1466,22.3803,19.5145,20.4101,20.6723,20.4848,20.7983,19.8172,19.5156,20.2847,19.8946,20.9394,20.6572,19.7697,20.9486,19.5767,22.0548,19.2431,19.8749,19.7742,20.4124,23.8537,19.5473,19.6818,20.0087,20.605,23.6033,18.4405,19.7454,20.4976,19.9785,20.5333,19.8536,20.0848,19.884,19.9608,22.0608,19.6487,20.4563,21.0318,20.4464,24.3802,19.0398,19.7679,20.8448,20.7618,21.566,18.8905,20.3228,19.8117,20.8083,21.7375
649,4:00:35 PM,19.8587,20.1068,19.8997,19.8815,20.763,20.4553,19.5763,20.6171,21.3032,21.4483,20.3523,20.0918,20.1451,20.6791,21.1536,20.3247,20.7663,20.967,20.8965,21.9903,20.2848,20.7713,20.9032,20.319,21.9469,19.1749,19.8826,19.6619,20.0687,20.8124,20.6723,19.857,21.1438,20.7509,22.0567,19.9666,20.7231,20.8527,20.7387,21.207,20.6807,20.7405,20.0198,21.366,22.1374,20.8017,21.185,21.1869,21.0193,21.8276,18.8262,19.1575,20.0306,20.2096,21.3568,19.4657,20.3538,20.5109,21.1725,20.9742,20.4607,20.5577,20.2417,20.658,22.3822,20.1125,20.1413,19.6985,21.1787,22.2863,19.4542,20.3899,20.919,20.5528,20.9434,19.7469,19.4837,20.2939,19.8609,21.0408,20.7684,19.6452,20.839,19.4534,22.106,19.1797,20.0034,19.7284,20.465,23.7307,19.3877,19.6387,20.2257,20.7791,23.5482,18.5143,19.96,20.495,20.2141,20.4943,19.9173,20.0607,19.9246,20.0024,22.1056,19.7723,20.3413,21.004,21.0191,24.5774,18.9405,19.6411,20.8515,20.9919,21.8391,19.1061,20.374,19.7282,20.8772,21.6604
650,4:00:55 PM,19.8246,19.9656,19.7978,19.8205,20.7811,20.4798,19.7461,20.7492,21.3061,21.1923,20.3516,20.252,20.2212,20.5596,21.3184,20.4262,20.8475,21.0403,20.9482,22.2327,20.4179,20.8852,20.9788,20.5118,22.0471,19.2352,19.8614,19.5893,20.0115,20.8435,20.6686,20.1811,21.1721,20.9573,22.0052,20.034,20.7396,20.8184,20.7404,21.2447,20.6668,20.8575,20.2049,21.3875,22.0419,20.7985,21.2678,21.173,21.0624,21.8412,18.6115,19.2253,20.0217,20.3332,21.2983,19.5729,20.3064,20.4083,21.0212,20.909,20.4274,20.5651,20.23,20.6839,22.2365,20.1018,20.2355,19.6954,21.1047,22.7371,19.402,20.3423,20.6602,20.4535,21.0974,19.5901,19.5983,20.2487,19.9103,20.9652,20.6928,19.6056,20.7974,19.2128,21.987,19.3004,19.984,20.0922,20.5406,23.9895,19.3262,19.7151,20.1015,21.0041,23.672,18.37,19.9878,20.5543,20.0751,20.2913,19.8352,20.0636,19.9109,19.9182,21.8345,19.4353,20.137,20.861,20.6001,25.2442,18.9129,19.8535,20.891,20.9782,21.5074,18.9098,20.2281,19.8542,20.9255,21.9985
651,4:01:15 PM,19.9797,20.0354,19.6887,19.9242,20.8601,20.4827,19.6564,20.745,21.3048,21.3125,20.2895,20.1207,20.3409,20.7152,21.1237,20.2721,20.8289,20.9585,20.9383,22.1288,20.3106,20.7173,21.0412,20.2703,22.0164,19.2585,19.8067,19.6913,19.9222,20.9071,20.6442,19.9382,21.0884,20.8811,22.0212,20.0295,20.6179,20.7939,20.818,20.9883,20.8294,20.8987,20.2888,21.4272,22.1595,20.7786,21.1907,21.2571,20.9984,21.9148,18.8292,19.0711,19.9761,20.2221,21.3627,19.7563,20.4526,20.3685,21.1189,21.0993,20.5605,20.5705,20.1231,20.7075,22.3846,20.1568,20.2923,19.529,21.2773,22.5477,19.1276,20.3074,20.8363,20.5256,21.1795,19.62,19.4428,20.2434,19.73,20.9747,20.7359,19.5635,20.7941,19.4307,22.0085,19.2606,20.0997,19.9772,20.7647,23.414,19.3934,19.7278,20.2159,20.5021,23.6915,18.2453,19.6107,20.1443,19.9247,20.3518,19.8593,20.1679,19.8683,19.8647,21.8829,19.5087,20.1529,20.8462,20.7692,25.1251,18.9923,19.8401,20.9288,20.8267,21.4649,18.9827,20.2368,19.6167,20.9522,21.789
652,4:01:35 PM,19.9587,20.0995,19.9562,19.8954,20.8239,20.4622,19.7575,20.7091,21.0291,21.2011,20.4137,20.1113,20.046,20.5195,21.1695,20.4169,20.7963,21.0349,20.8861,22.1908,20.2128,20.6073,20.9384,20.0897,21.9103,19.2196,19.8611,19.5669,20.0377,20.887,20.8121,20.0745,21.1927,21.0285,22.0623,20.0456,20.6641,20.8414,20.9095,21.1531,20.7155,20.8804,20.3783,21.4545,22.1653,20.8966,21.3503,21.2799,21.0107,21.8633,18.8208,19.1672,19.9713,20.2832,21.4772,19.7359,20.3573,20.4665,21.219,21.2599,20.5129,20.6217,20.0847,20.7025,22.3008,20.0942,20.3321,19.634,21.1516,22.2399,19.3881,20.262,20.7875,20.5675,20.883,19.7393,19.4538,20.3001,19.7737,21.0139,20.7824,19.555,20.5259,19.5454,21.8895,19.3578,19.9973,20.1218,20.7333,24.2479,19.4366,19.7483,20.198,20.6391,23.7998,18.409,19.9033,20.2274,19.8913,20.3133,19.8176,20.0231,19.8875,19.8626,22.2455,19.5535,20.1874,20.8317,21.3593,24.6972,19.142,19.9977,21.0198,20.7531,21.7618,18.9349,20.2519,19.827,20.97,21.8057
653,4:01:55 PM,19.9533,20.0773,20.0667,19.8438,20.7607,20.3935,19.7698,20.8336,21.1618,21.3046,20.3099,20.1696,20.0476,20.516,21.0848,20.3933,20.9603,21.1517,20.9272,22.1309,20.1997,20.5715,20.9684,20.166,21.9531,19.2143,20.0189,19.5711,20.0757,20.9117,20.7639,20.0886,21.1984,20.9526,22.1161,20.0496,20.5614,20.5973,20.6282,20.7143,20.7023,20.8391,20.2462,21.4312,22.0989,20.7767,21.1651,21.275,20.9757,21.7848,18.8503,19.25,20.0192,20.3212,21.5112,19.6043,20.3234,20.5865,21.2156,21.318,20.5713,20.5298,20.1575,20.7053,22.2895,20.0285,20.3557,19.6566,21.1888,22.4397,19.3301,20.0898,20.7637,20.514,21.2123,19.8247,19.6825,20.2832,19.845,20.9334,20.8409,19.6656,20.8083,19.5717,21.905,19.2939,20.1731,20.28,20.5673,23.8707,19.3932,19.6448,19.9537,20.42,23.6097,18.3395,19.5649,20.2239,19.8367,20.1089,20.0591,20.1412,19.893,19.884,22.1623,19.694,20.4954,21.0114,20.6086,24.5298,19.1117,20.0914,20.9723,20.7591,21.6986,19.0058,20.1912,19.9661,21.1149,22.1825
654,4:02:15 PM,20.0221,20.1172,19.9729,19.899,20.8254,20.3977,19.8228,20.8153,21.2767,21.2301,20.3719,20.1581,19.9998,20.4632,21.0523,20.295,20.7649,20.9325,20.8986,22.0555,20.1554,20.5168,20.9569,20.2985,22.071,19.219,19.8878,19.5087,19.8877,20.9283,20.7489,20.0981,21.218,20.8431,22.1362,19.974,20.69,20.6347,20.9025,21.131,20.7594,20.8687,20.3876,21.4733,22.1027,20.806,21.2304,21.1961,20.9985,21.8046,18.811,19.149,20.0105,20.2261,21.4194,19.3757,20.3628,20.5174,21.2606,21.3484,20.4142,20.4925,20.1696,20.7197,22.3233,20.0546,20.3107,19.6525,21.1991,22.3936,19.3032,20.3915,20.8072,20.5145,20.7876,19.7181,19.5996,20.3687,19.8601,21.0887,20.7459,19.5946,20.9156,19.5341,21.8026,19.1893,19.9937,20.1325,20.8905,24.3717,19.4175,19.6674,20.2063,20.4789,23.6803,18.2674,19.8295,20.3364,20.0204,20.2219,20.0091,20.118,19.9537,19.9732,22.6692,19.7068,20.334,21.1525,20.8772,24.6605,19.1295,19.7051,20.8702,20.7845,21.5841,19.0293,20.3213,20.004,20.896,21.9875
655,4:02:35 PM,20.1474,20.1039,19.8998,19.8464,20.822,20.3798,19.7015,20.6112,21.0839,21.1591,20.3267,20.1357,20.0569,20.5807,21.1729,20.4262,20.8581,20.9878,20.9777,22.0043,20.1331,20.5275,20.9161,20.2159,21.8865,19.2096,19.9444,19.5045,20.0299,20.8617,20.7978,20.1379,21.1245,20.7159,22.1025,19.9136,20.5122,20.8252,20.7351,20.9469,20.6984,20.7295,20.0863,21.4248,22.1566,20.7653,21.0747,21.1839,21.054,21.695,18.7111,18.9937,20.0006,20.2002,21.4319,19.5066,20.4272,20.4277,21.2089,21.3493,20.3687,20.5496,20.2032,20.7066,22.2643,20.0868,20.324,19.5801,21.0707,22.2898,19.1739,20.3456,20.7232,20.5828,21.0577,19.7528,19.5326,20.2849,19.9152,21.0648,20.7639,19.5807,20.9334,19.6047,21.8709,19.2959,20.1486,20.0269,20.7982,23.7833,19.4446,19.6808,20.0332,20.2153,23.7788,18.2531,19.5014,19.8848,19.8131,20.1817,19.8911,20.1674,19.9434,19.8656,22.4664,19.503,20.3731,20.9735,21.818,24.5586,19.0127,19.8452,21.0358,20.8865,21.7441,18.9407,20.2809,19.7551,21.1343,21.9395
656,4:02:55 PM,20.0643,20.1064,19.8674,19.9335,20.843,20.4651,19.673,20.7065,21.1912,21.1854,20.3368,20.194,20.1099,20.5324,21.1829,20.4072,20.8824,20.9875,20.8787,21.9653,20.0903,20.728,20.7856,20.2444,21.8775,19.2429,19.9508,19.5678,19.9886,20.9429,20.6871,19.9641,21.0298,20.714,22.0875,20.0789,20.6713,20.8454,20.7358,21.138,20.7354,20.8872,20.3326,21.3875,22.0632,20.7609,21.14,21.2508,20.9082,21.7348,18.8355,19.1892,20.1667,20.3555,21.5058,19.5736,20.3408,20.4266,21.2463,21.589,20.4726,20.562,20.2363,20.6868,22.358,20.111,20.3074,19.5121,21.1276,22.3121,19.338,20.4149,20.6727,20.396,21.1552,19.9096,19.6273,20.233,20.0062,20.9529,20.7698,19.6689,20.7159,19.6105,22.0257,19.292,20.1133,20.0584,20.8443,23.9854,19.4351,19.6508,20.0866,20.1791,23.3983,18.4524,19.826,20.2795,19.7991,20.0774,19.9101,20.183,19.9434,19.9154,22.1874,19.8668,20.2783,21.0134,20.8794,24.0326,19.1833,19.9555,21.0055,20.7934,21.3465,19.0297,20.2899,19.7013,21.024,22.1269
657,4:03:15 PM,19.9389,20.1117,19.8909,19.8521,20.8242,20.433,19.7171,20.6888,21.0626,21.1491,20.3813,20.24,20.0755,20.439,21.222,20.4089,20.9088,20.9315,20.814,21.8985,20.2902,20.8078,20.8474,20.2403,21.9196,19.3216,19.969,19.8884,20.0492,20.9138,20.7179,20.103,21.0823,20.8529,22.0404,20.1002,20.5983,20.7736,20.716,20.6998,20.6694,20.7479,20.2033,21.3165,22.0746,20.6937,21.1465,21.2028,20.9775,21.707,18.9006,19.1948,19.9154,20.2223,21.4332,19.3119,20.4973,20.4968,21.1768,21.5045,20.4226,20.5552,20.2058,20.5962,22.2854,20.0719,20.4114,19.5749,21.1638,22.3162,19.3113,20.5267,20.7545,20.4457,21.0751,19.8038,19.4994,20.2454,19.9337,21.1384,20.8162,19.7088,20.9757,19.5702,22.3086,19.208,20.0571,19.9509,20.9729,24.1933,19.4152,19.661,19.8866,20.6755,23.5401,18.4613,19.8397,20.4309,19.9004,20.73,19.994,20.0973,19.9249,19.8856,22.2539,19.6479,20.2643,21.1254,20.677,24.6654,19.0776,19.8146,20.8608,20.8394,21.611,19.1787,20.3347,20.0728,20.9572,21.6913
658,4:03:35 PM,19.9191,20.0553,19.9255,19.9065,20.7886,20.4842,19.5438,20.5663,21.1773,21.13,20.3866,20.198,20.0553,20.5179,21.1858,20.347,20.8544,20.9039,20.8631,21.9909,20.2645,20.614,20.9343,20.241,21.9108,19.209,19.936,19.5918,19.9734,20.8763,20.5686,20.0992,21.1401,20.8413,22.2412,20.1482,20.6165,20.7579,20.8338,21.1584,20.7473,20.8336,20.3242,21.396,22.0537,20.8015,21.1183,21.1963,20.9905,21.822,18.7411,19.0674,20.0094,20.3526,21.4328,19.3986,20.2992,20.4807,21.1153,21.1701,20.3811,20.4482,20.2527,20.675,22.3695,20.1441,20.2596,19.6018,21.1036,22.37,19.3471,20.3383,20.7236,20.5975,20.9226,19.724,19.5335,20.2753,19.8489,20.8754,20.7912,19.6016,20.5851,19.3919,22.1292,19.1272,19.9078,19.9775,20.5187,23.748,19.4001,19.7648,20.3211,20.6033,23.4095,18.4954,19.8476,20.3729,19.8831,20.4148,20.0061,20.1841,19.8359,19.9122,22.8254,19.4308,20.3609,21.0337,21.4523,24.8461,19.0066,19.9828,20.8919,20.883,21.5954,18.9218,20.2979,20.3338,21.1101,21.9777
659,4:03:55 PM,19.8686,20.0397,19.8813,19.9667,20.7904,20.4557,19.7454,20.719,21.2332,21.2863,20.3508,20.0399,19.944,20.5694,21.3622,20.4455,20.8184,20.8494,20.8703,22.0968,20.2372,20.8019,20.9131,20.4154,21.9982,19.1109,19.8025,19.6021,20.0795,20.9188,20.531,20.0256,21.0873,20.8212,22.1672,19.9729,20.6257,20.8021,20.9,21.0641,20.6588,20.7631,20.4165,21.2709,22.1706,20.7463,21.1431,21.041,21.0377,21.8069,18.6776,19.0048,19.9911,20.258,21.4397,19.5485,20.4061,20.3928,21.0837,21.0956,20.4848,20.5338,20.2316,20.6998,22.6857,20.032,20.3097,19.6001,21.1267,22.3693,19.4518,20.4176,20.806,20.4848,20.8964,19.6236,19.5052,20.3674,19.8546,20.9993,20.9051,19.6256,20.7368,19.4149,21.9533,19.0916,19.904,19.8759,20.5478,23.6144,19.3458,19.6803,20.0974,20.6602,23.593,18.5455,19.8024,20.305,19.9677,20.1941,19.9503,20.0866,19.8498,19.9654,22.4153,19.5075,20.3248,21.0813,20.7712,24.8288,19.1677,19.8364,20.9314,20.8668,21.9106,18.8531,20.3617,20.1092,21.096,21.8492
660,4:04:15 PM,19.8572,19.9763,19.9097,19.9426,20.8352,20.5042,19.7345,20.6869,21.1393,21.2065,20.4225,20.0373,20.0706,20.5221,21.217,20.3243,20.8523,21.083,20.945,22.0675,20.2431,20.8384,20.9257,20.362,21.924,19.195,19.9015,19.5757,19.8982,20.9421,20.469,20.1968,21.1886,20.8302,22.1436,20.1228,20.5521,20.8432,20.842,21.1246,20.6689,20.8028,20.1772,21.4003,22.1941,20.7574,21.1982,21.2317,21.0652,21.8542,18.7279,19.2518,20.0383,20.2514,21.3182,19.4519,20.3325,20.4971,21.0947,21.1467,20.5313,20.5301,20.2778,20.6763,22.2359,19.9733,20.2758,19.571,21.0196,22.2516,19.4433,20.5002,20.8481,20.495,21.0019,19.6012,19.4578,20.2457,19.6638,20.956,20.6493,19.5906,20.9793,19.392,21.736,19.4155,19.9176,20.1111,20.6913,23.6189,19.2822,19.7154,20.2309,20.6669,23.5186,18.4009,20.0946,20.428,19.9697,20.7069,19.9709,20.1672,19.8596,20.0273,22.9495,19.6641,20.1861,20.9254,21.7239,24.757,18.9211,19.9504,20.9345,20.9644,21.924,19.1152,20.242,19.9946,21.1574,21.6498
661,4:04:35 PM,19.7714,19.9609,19.8987,20.0016,20.9009,20.557,19.7269,20.7408,21.1844,21.3743,20.4712,20.1727,19.958,20.425,20.9836,20.4101,20.8138,20.9384,20.7801,22.05,20.323,20.8339,20.8523,20.1852,22.0032,19.1368,19.8566,19.4934,20.0342,20.9005,20.7241,20.2121,21.2604,20.98,22.1553,19.9737,20.5573,20.812,20.4236,20.5606,20.5783,20.8054,20.2828,21.3541,22.114,20.7683,21.0587,21.2091,20.9349,21.9052,18.7193,19.1021,19.9345,20.3334,21.4512,19.3253,20.3073,20.5695,21.0802,21.0522,20.5171,20.5269,20.3047,20.5587,22.4612,20.0888,20.3299,19.5771,21.1384,22.3198,19.5069,20.4104,20.828,20.3825,20.946,19.633,19.4933,20.3113,19.9654,21.0411,20.8575,19.5439,20.3637,19.5305,21.9264,19.0718,19.8753,20.0994,20.5412,24.2403,19.548,19.7445,20.215,20.8578,23.7629,18.4365,19.697,20.3058,20.2347,20.2293,19.9391,20.1086,19.9178,20.0362,22.5498,19.6197,20.3145,20.9955,21.0278,24.7875,19.0491,19.8289,20.9221,20.8653,21.6799,19.0192,20.4082,20.0556,21.0252,21.793
662,4:04:55 PM,19.8664,20.0141,19.8317,20.0378,20.7595,20.4324,19.7262,20.7996,21.2957,21.433,20.286,20.0996,19.873,20.5014,21.0552,20.4237,20.7764,20.9903,20.9534,22.027,20.3783,20.7578,20.9024,20.3882,22.0669,19.2814,19.8527,19.8554,19.8427,20.804,20.8518,20.1467,21.3085,21.0088,21.9681,19.9936,20.4756,20.6422,20.5774,20.7565,20.6705,20.7958,20.2271,21.3726,22.2347,20.5894,21.2573,21.1739,20.9184,21.6833,18.666,19.1111,20.0786,20.2353,21.3357,19.4859,20.3838,20.5253,21.1029,21.1404,20.5269,20.741,20.2944,20.6369,22.353,20.1528,20.4701,19.5913,21.265,22.3898,19.2575,20.3156,20.7459,20.5631,20.7698,19.5568,19.4838,20.2008,19.7998,21.0004,20.8505,19.4837,20.8712,19.3957,21.8725,19.2274,19.868,19.8846,20.4396,23.7354,19.4673,19.766,20.3629,20.6647,23.7111,18.3731,19.7952,20.5809,20.2107,20.7088,19.8014,20.0484,19.8,20.109,22.504,19.6806,20.3186,20.9234,20.9226,25.0158,19.0727,19.9777,20.8543,20.7987,21.8194,19.0356,20.4766,19.8128,21.2373,21.9509
663,4:05:15 PM,19.8988,20.0039,19.966,20.0634,20.8116,20.5779,19.6459,20.7899,21.1003,21.3024,20.2623,20.1162,19.9702,20.4609,21.1266,20.3746,20.8169,21.0391,20.8566,22.0445,20.3396,20.7322,20.9632,20.4431,21.9768,19.0865,19.91,19.5642,19.9535,20.7761,20.8562,20.2176,21.2711,20.9126,22.2021,20.0908,20.6523,20.7477,20.8826,20.9303,20.6047,20.9934,20.3599,21.4742,22.2147,20.8677,21.2365,21.2398,20.9574,21.846,18.6898,19.1254,20.1613,20.4131,21.3305,19.5699,20.3546,20.5362,21.0818,21.375,20.5217,20.6476,20.2447,20.7094,22.2929,20.0533,20.339,19.4746,21.1749,22.3384,19.3075,20.4001,20.6517,20.3956,21.5288,19.6935,19.5093,20.3096,19.8424,21.0113,20.7651,19.5351,21.081,19.446,21.9927,19.2439,19.9628,20.0581,20.6867,23.4999,19.4374,19.6705,19.9935,20.5364,23.7279,18.3894,19.7219,20.5239,20.2062,20.2126,19.8136,20.0697,19.8983,19.9159,23.5769,19.5834,20.2344,20.9769,21.0496,24.4759,19.0149,19.711,20.9294,20.9339,21.5622,19.2296,20.3739,19.8247,20.9239,21.7276
664,4:05:35 PM,19.8231,20.1875,19.8588,19.9026,20.7554,20.4607,19.7676,20.8298,21.2969,21.3517,20.252,20.0332,19.9632,20.5518,21.1087,20.5291,20.7462,21.0886,20.909,22.0512,20.3033,20.6796,20.9072,20.2026,22.1206,19.0874,19.7819,19.5019,19.9819,20.8654,20.8274,20.0704,21.29,21.0415,22.0778,20.0831,20.644,20.7719,20.4279,20.7156,20.6331,20.8617,20.2589,21.2537,22.1982,20.8258,21.2126,21.2215,20.9893,21.7747,18.7527,19.1785,19.9944,20.3228,21.396,19.4699,20.4516,20.5545,21.0444,21.0728,20.5755,20.5159,20.3128,20.5734,22.1741,20.0991,20.3768,19.6487,21.0588,22.3377,19.4503,20.3063,20.7762,20.4765,21.1986,19.7396,19.5625,20.3141,19.9755,21.0638,20.7677,19.6722,20.9356,19.4278,22.3399,19.2429,19.9997,20.0805,20.6363,23.3739,19.493,19.7934,20.281,20.7203,23.8674,18.3868,20.0513,20.4498,20.0717,20.722,19.9386,20.0837,19.8645,20.049,22.7479,19.6335,20.397,21.0754,20.8274,24.1807,19.0347,20.081,20.8597,20.8863,21.7828,19.0705,20.2405,19.9176,20.8712,21.7668
665,4:05:55 PM,19.8061,20.0271,19.7977,19.9066,20.8196,20.567,19.8561,20.8117,21.2571,21.4702,20.3399,20.0035,19.8961,20.4052,21.0506,20.4406,20.8261,21.0014,20.8874,22.1168,20.3898,20.6988,20.9284,20.2696,21.9963,19.1811,19.8529,19.4269,20.153,20.7904,20.8609,20.1541,21.2789,20.8029,22.1284,20.0182,20.5043,20.7259,20.5689,20.531,20.6955,20.8526,20.3706,21.3862,22.2616,20.7576,21.2991,21.1701,20.9882,21.8753,18.7109,19.0204,19.9991,20.1882,21.4297,19.3851,20.2143,20.5335,21.2173,21.1141,20.5022,20.5216,20.2441,20.6122,22.2804,20.0889,20.363,19.5661,21.1527,22.6047,19.4097,20.5307,20.7436,20.457,21.0154,19.6677,19.5677,20.3534,19.74,20.9321,20.8762,19.704,20.8369,19.3643,22.1986,19.2302,20.092,20.0545,20.5063,23.734,19.3373,19.865,20.3605,20.7116,23.9449,18.4778,20.0606,20.3907,20.0467,20.7464,19.9829,20.061,19.875,19.8666,22.2343,19.3527,20.3194,21.0586,21.103,24.8105,18.9921,19.7227,20.9165,20.9103,21.6436,19.0905,20.3949,19.9015,21.0205,21.9794
666,4:06:15 PM,19.9455,20.0281,19.9013,19.8898,20.8395,20.4334,19.8334,20.9578,21.4136,21.3273,20.3407,20.1981,20.0601,20.613,21.0099,20.4617,20.8467,20.9894,20.8894,22.1154,20.2769,20.6858,20.974,20.3279,22.0845,19.0247,19.8011,19.7771,19.9145,20.807,20.7474,20.2042,21.3397,20.8239,22.029,20.1124,20.7489,20.7515,20.8097,20.9453,20.6942,20.817,20.308,21.3574,22.2812,20.7181,21.252,21.2082,21.0436,21.8738,18.7252,19.0852,20.0171,20.3905,21.4121,19.4468,20.3609,20.4763,21.2082,20.7645,20.4409,20.5087,20.2037,20.6298,22.182,20.1686,20.2742,19.5978,21.2255,22.554,19.3392,20.4197,20.6954,20.4466,21.2433,19.7217,19.4142,20.2978,19.8925,20.9959,20.7494,19.6291,20.9796,19.4211,21.9117,19.3925,19.995,20.0717,20.4373,23.6151,19.3986,19.7377,20.1888,20.8295,23.9706,18.316,19.8819,20.5338,20.0613,20.4962,19.9504,20.1584,19.8531,19.9101,22.2349,19.6505,20.3531,21.0898,20.9286,24.3031,19.2819,20.0576,20.811,20.8862,21.7481,18.9995,20.3368,20.0047,20.9815,21.9174
667,4:06:35 PM,19.8933,20.0748,20.0568,20.0139,20.7594,20.5416,19.8746,20.8118,21.2801,21.3763,20.388,20.207,19.9796,20.3328,21.0176,20.3148,20.8305,21.0751,20.8734,22.0497,20.3339,20.6875,20.955,20.1504,22.0347,19.2394,19.894,19.6492,20.18,20.8544,20.7546,20.1634,21.2706,20.9607,22.2336,20.0832,20.611,20.6561,20.9395,21.3449,20.568,20.7866,20.3005,21.3242,22.1309,20.9075,21.2217,21.1726,21.0102,21.8105,18.7473,19.2735,20.098,20.3927,21.4091,19.5161,20.3524,20.6148,21.2285,21.1667,20.6091,20.5268,20.3228,20.6544,22.2539,20.2267,20.4863,19.6297,21.157,22.2733,19.3843,20.3224,20.6811,20.447,20.9806,19.7429,19.5388,20.3503,19.9504,20.8833,20.7233,19.72,21.0086,19.5851,22.2603,19.3456,20.1438,20.2626,20.6434,23.8535,19.4915,19.7118,20.1334,20.7151,23.9525,18.453,19.8409,20.4293,20.3686,20.2171,19.8734,20.0826,19.8609,19.9695,22.5002,19.6658,20.2653,21.034,20.8828,24.5558,19.06,19.9812,20.906,21.0374,21.7245,18.9121,20.3325,20.0528,20.946,21.8371
668,4:06:55 PM,20.0267,20.0519,20.067,19.9491,20.7227,20.5683,20.1032,20.9454,21.2564,21.4801,20.3956,20.0852,20.0699,20.5835,21.0656,20.5046,20.7998,21.0038,20.962,21.9757,20.3254,20.7845,20.9859,20.2299,21.9546,19.2606,19.9857,19.6943,19.8991,20.8151,20.8072,20.049,21.326,20.9206,22.1546,20.1443,20.6244,20.7318,20.8296,21.2293,20.7717,20.8143,20.2664,21.4037,22.1205,20.7832,21.0882,21.2832,21.008,22.0126,18.7932,19.2176,20.087,20.3287,21.4363,19.382,20.3764,20.5433,21.1493,20.9361,20.7362,20.7423,20.246,20.7062,22.2601,20.0743,20.325,19.6073,21.1932,22.7579,19.4096,20.3174,20.8731,20.5745,21.0805,19.6044,19.5897,20.4165,19.8803,21.0015,20.7854,19.6703,20.7289,19.5427,22.0136,19.3532,20.065,19.951,20.6424,23.5991,19.5104,19.7405,19.9331,20.4895,23.8467,18.4695,19.7483,20.397,20.0103,20.3806,19.8938,20.066,19.8153,19.9686,22.5745,19.7676,20.3752,20.967,21.131,24.7153,19.0472,20.0522,20.9238,20.9518,21.8889,19.1316,20.456,20.0122,21.008,21.9588
669,4:07:15 PM,19.7896,20.0168,20.0034,20.0318,20.8036,20.5246,19.9991,20.8967,21.3921,21.5526,20.3173,20.1791,19.949,20.4429,20.9004,20.3347,20.8399,21.0121,20.9343,22.1315,20.4139,20.7523,20.9722,20.5206,21.9917,19.2222,20.0101,19.698,20.0622,20.9179,20.7639,20.1579,21.3059,20.9666,22.1411,20.1851,20.5846,20.8832,20.7414,20.8582,20.7223,20.8261,20.3007,21.4664,22.173,20.8339,21.2624,21.2846,20.9918,21.7825,18.8433,19.1893,20.1256,20.2873,21.46,19.5621,20.4168,20.5306,21.1971,21.0664,20.6237,20.6125,20.2113,20.6922,22.2241,20.103,20.4246,19.5847,21.1575,22.3758,19.2984,20.2958,20.8298,20.5835,21.3085,19.7798,19.565,20.3275,19.9724,20.9994,20.8113,19.6421,20.7143,19.5235,22.0779,19.2934,20.019,20.0862,20.6082,23.5636,19.4428,19.7197,20.0578,20.4777,23.7432,18.3157,19.7848,20.3957,19.9556,21.2119,19.8662,20.1794,19.9586,19.9931,22.3356,19.7433,20.3418,21.064,21.2026,24.7151,19.2478,19.9412,20.7991,20.7911,22.2491,19.1098,20.2941,19.8753,21.1012,21.728
670,4:07:35 PM,20.0704,20.1033,20.0198,19.9022,20.8992,20.5077,19.8332,20.8804,21.2825,21.4478,20.2869,20.2036,20.1895,20.6781,20.876,20.4349,20.8815,21.1354,20.9457,22.0464,20.3042,20.7784,21.0146,20.4221,22.1184,19.4122,20.0027,19.899,20.0967,20.9514,21.0254,20.1865,21.344,20.7878,22.3523,20.0438,20.713,20.8769,20.4443,21.1722,20.6671,20.7824,20.219,21.359,22.1294,20.8043,21.1444,21.1836,21.0598,21.7893,19.0042,19.4454,20.159,20.4261,21.4173,19.5311,20.3151,20.6652,21.1634,21.2456,20.5745,20.6473,20.2429,20.7026,22.2726,20.1325,20.4252,19.6656,21.1271,22.3692,19.3862,20.4463,20.8197,20.484,21.0689,19.8484,19.5722,20.406,19.9608,21.1836,20.8393,19.6069,20.6346,19.7404,21.8905,19.3769,20.0845,20.0763,20.5965,23.6066,19.3141,19.6617,20.2196,20.5402,23.7075,18.4258,19.837,20.4059,20.2474,20.4119,19.9881,20.2192,19.7723,20.0338,22.1779,19.9129,20.4119,20.9001,21.1657,24.7321,19.0571,19.8682,20.8448,20.849,21.7084,18.9888,20.3374,19.8733,21.0495,21.8903
671,4:07:55 PM,20.081,20.1888,19.9222,20.0021,20.8719,20.5008,19.7727,20.8473,21.3586,21.459,20.4293,20.1806,20.1027,20.5538,21.0138,20.3518,20.8632,21.0538,20.8772,21.9065,20.2836,20.801,20.9157,20.1296,22.0445,19.1162,19.9641,19.5102,19.9501,20.912,21.0278,20.0717,21.3987,20.7982,22.2099,20.1407,20.6705,20.7449,20.6523,20.7191,20.63,20.8776,20.3548,21.3878,22.1454,20.8478,21.2454,21.2613,21.0152,21.8508,18.7666,19.0388,20.107,20.3255,21.3763,19.5491,20.3945,20.5433,21.2521,21.3048,20.4646,20.5888,20.2865,20.6585,22.1649,20.1946,20.5011,19.5636,21.2321,22.493,19.3981,20.41,20.8172,20.5477,21.1142,19.6898,19.6288,20.2976,19.9165,21.0512,20.868,19.6299,20.8904,19.5433,21.6041,19.3766,19.9046,20.028,20.6206,23.7626,19.5027,19.7637,19.9532,20.7227,23.715,18.4853,19.7668,20.3206,20.0012,20.2566,19.9324,20.1046,19.9302,20.0571,22.2369,19.6128,20.3453,21.0543,20.8735,24.7273,19.0436,19.7804,20.8854,20.9838,22.1762,19.1398,20.4471,20.0687,21.0803,21.9578
672,4:08:15 PM,19.917,20.1719,20.1007,19.9796,20.857,20.431,19.6876,20.8501,21.4775,21.3905,20.3702,20.2008,20.1625,20.5356,20.995,20.346,20.8377,20.9285,20.9218,22.1017,20.2207,20.6867,20.932,20.3252,22.0649,19.2858,20.0351,19.7705,20.0358,20.9144,20.9264,20.0268,21.4134,20.748,22.3806,20.1167,20.7439,20.9059,20.7554,21.3118,20.6578,20.8227,20.3147,21.2667,22.044,20.7806,21.1522,21.2216,20.9988,21.7414,18.9069,19.2081,20.1015,20.3006,21.417,19.6089,20.4562,20.5617,21.2293,20.8642,20.477,20.518,20.2378,20.6436,22.6519,20.0538,20.4292,19.6987,21.199,22.3721,19.423,20.4693,20.8319,20.4386,21.0052,19.7497,19.5746,20.2982,19.8139,21.0483,20.8544,19.716,20.9054,19.6515,21.7561,19.3229,19.8933,20.1,20.6054,23.6668,19.4105,19.7683,20.3764,20.545,23.6932,18.4738,19.8406,20.4135,20.1202,20.0295,19.9889,20.1429,20.0107,19.9233,22.1114,19.6424,20.3877,21.1387,20.8614,24.7575,19.1349,19.8253,20.8527,20.8089,21.8717,19.0664,20.316,20.0786,21.1036,21.9127
673,4:08:35 PM,19.9779,20.2753,19.9391,19.9223,20.796,20.4824,19.7266,20.7746,21.1481,21.4693,20.3885,20.1486,20.1202,20.5116,20.9807,20.4023,20.8308,20.8315,20.8275,22.0427,20.354,20.6265,20.8679,20.2231,22.0931,19.1157,19.9893,19.7974,20.2246,20.9051,20.836,20.0151,21.2297,20.9201,22.3666,20.1806,20.7374,20.8241,20.4535,20.8898,20.7831,20.8017,20.36,21.3456,22.0794,20.7459,21.2183,21.1703,20.9469,21.8554,18.8063,19.2013,20.2015,20.3748,21.5169,19.5327,20.4531,20.641,21.3347,21.4164,20.5286,20.6795,20.3012,20.7056,22.3703,20.0951,20.4291,19.6837,21.2448,22.6392,19.7985,20.3126,20.7398,20.5793,21.2659,19.8121,19.6159,20.3334,19.9531,21.0128,20.7225,19.6956,20.936,19.6079,21.7132,19.234,20.0859,20.077,20.6221,24.0231,19.5327,19.8194,20.3402,20.5438,23.7651,18.5084,19.8066,20.2425,20.2051,20.5472,20.123,20.223,19.9582,20.0787,22.8634,19.5455,20.4213,21.0329,21.4441,24.8152,19.0946,19.9841,20.9403,20.9581,21.8015,19.0654,20.4506,20.1145,21.2774,22.1451
674,4:08:55 PM,19.9879,20.1116,20.0259,19.9421,20.7234,20.5805,19.6634,20.7869,21.1419,21.3751,20.2702,20.2294,20.1137,20.5592,21.2912,20.399,20.832,20.9898,20.9474,22.0564,20.2781,20.8212,20.946,20.5453,21.9697,19.3744,19.9406,19.614,20.1435,20.7895,20.8681,20.0371,21.2006,20.9186,22.2203,20.072,20.7286,20.7498,20.7502,21.079,20.8052,20.7548,20.432,21.3106,22.1423,20.7574,21.1667,21.2417,20.966,21.839,18.9122,19.27,20.1742,20.2734,21.4278,19.6191,20.3819,20.5607,21.1099,21.051,20.5504,20.6417,20.2582,20.7548,22.4271,20.0526,20.4559,19.6049,21.1669,22.3423,19.2715,20.4467,20.7845,20.62,21.1489,19.7571,19.6371,20.2952,20.0365,21.0269,20.7862,19.8123,20.9855,19.6581,21.8402,19.2537,20.0627,19.8974,20.5851,23.8155,19.2605,19.7082,19.9993,20.4117,23.6185,18.3899,19.6738,20.2649,20.1515,20.3617,20.0178,20.1616,19.9808,20.0233,22.338,19.7063,20.4425,21.0727,20.812,24.8715,19.0345,19.9618,20.9625,20.9313,21.5494,19.0753,20.3166,19.854,21.0075,21.9514
675,4:09:15 PM,19.8944,20.0507,19.9401,19.9372,20.8661,20.5726,19.7878,20.8101,21.2894,21.4122,20.4144,20.2169,20.1502,20.7826,21.1612,20.3106,20.8575,21.1118,20.8789,22.065,20.3622,20.9335,21.0479,20.2897,21.9887,19.1389,19.8749,19.5194,20.1833,20.9528,20.8251,20.0464,21.1358,20.6837,22.2945,20.152,20.671,20.7772,20.8047,20.8854,20.6309,20.8539,20.1675,21.3328,22.2586,20.8115,21.1444,21.2633,21.124,21.9321,18.756,19.2122,20.1245,20.2377,21.3916,19.305,20.3501,20.5379,21.1772,21.4806,20.6552,20.6415,20.2727,20.6969,22.5841,20.2281,20.3923,19.6359,21.1945,22.3395,19.3207,20.5124,20.8204,20.5424,21.1833,19.6112,19.6641,20.3071,19.8327,21.027,20.8392,19.6432,20.9965,19.5914,21.9499,19.2413,19.9195,20.1274,21.1639,23.9351,19.5336,19.8293,19.9747,20.6783,23.7326,18.5365,19.8142,20.4285,19.9612,20.5818,20.0308,20.2364,19.9815,20.0108,22.0386,19.6436,20.4571,21.0494,20.8643,24.5875,19.0435,19.8883,20.9007,20.8008,21.5447,18.9872,20.2615,19.9099,21.163,22.0482
676,4:09:35 PM,19.8625,20.1232,19.8787,19.8572,20.7844,20.4589,19.7534,20.5999,21.185,21.3687,20.4327,20.1192,20.1425,20.6276,21.2061,20.4334,20.8913,20.9547,20.8901,22.0712,20.376,20.634,20.8765,20.2468,21.9419,19.1364,19.9157,19.5056,19.9295,20.7762,20.8568,19.9221,21.1232,20.7934,22.2694,20.0581,20.6409,20.8184,20.8761,20.9951,20.7149,20.92,20.2819,21.3627,22.0176,20.7213,21.2179,21.2492,20.9721,21.8521,18.8255,19.1056,19.9858,20.2987,21.4668,19.3397,20.4129,20.5376,21.1952,21.2003,20.4901,20.7303,20.3713,20.8347,22.5251,20.1172,20.4814,19.5892,21.1666,22.403,19.3687,20.371,20.7327,20.5245,21.2267,19.8688,19.5822,20.3083,19.9354,21.033,20.8352,19.716,20.9393,19.4808,21.8279,19.2356,19.9537,20.0572,21.0109,23.8356,19.4633,19.7429,19.9703,20.4862,23.6288,18.5282,19.8453,20.4568,20.2723,20.4409,19.8983,20.1503,19.9465,19.9298,22.8402,19.642,20.3878,21.0043,20.8475,24.4495,18.9434,19.7905,20.9097,20.9292,21.5518,19.0148,20.364,19.9068,21.001,22.2805
677,4:09:55 PM,19.7682,20.137,19.9723,20.0356,20.9031,20.4188,19.6885,20.7576,21.1597,21.3403,20.3849,20.2324,20.0585,20.729,21.2516,20.4255,20.9735,21.0562,20.9001,22.1655,20.3053,20.7547,21.0149,20.3663,21.998,19.1775,19.8967,19.6873,20.025,20.9231,20.8036,20.063,21.2351,20.888,22.3152,20.0768,20.6335,20.7791,20.7181,20.977,20.7111,20.8736,20.3435,21.4626,22.1019,20.7882,21.2298,21.358,21.1802,21.7624,18.7984,19.0773,20.098,20.3596,21.461,19.2934,20.498,20.4918,21.2098,20.9472,20.4982,20.6474,20.1959,20.7321,22.4381,20.1692,20.4577,19.6324,21.3005,22.4824,19.7429,20.396,20.8219,20.5266,21.0918,19.7458,19.5093,20.3464,19.8783,20.9251,20.7863,19.6046,20.9047,19.4252,22.6345,19.1081,19.9896,19.9353,20.635,23.9898,19.5131,19.775,20.4768,20.6601,23.698,18.6581,20.0627,20.4054,20.0569,20.9514,19.9809,20.1423,19.9111,19.9887,21.9182,19.6089,20.3756,21.0084,21.0138,24.7496,19.1342,19.864,20.8813,20.9235,21.502,19.0341,20.4669,19.8442,20.9098,21.7922
678,4:10:15 PM,19.8745,20.0498,19.7793,19.9487,20.8273,20.5311,19.7272,20.8017,21.2385,21.2628,20.2766,20.0027,20.1949,20.669,21.3483,20.3196,20.8256,21.1238,20.8801,22.1506,20.3198,20.6913,21.0183,20.482,22.1521,19.0828,19.7286,19.4759,20.0549,20.7733,20.7475,20.076,21.1313,20.8597,22.2818,20.0223,20.7193,20.807,21.0234,21.1985,20.6199,20.8598,20.3248,21.4404,22.1857,20.7965,21.253,21.2454,21.0863,21.7766,18.7197,19.0741,20.013,20.2037,21.4897,19.4164,20.2868,20.5399,21.2244,21.4425,20.5753,20.6021,20.1739,20.7272,22.3021,20.125,20.4129,19.6232,21.1196,22.6433,19.6347,20.4682,20.6585,20.6251,21.0177,19.5627,19.5465,20.3675,19.9373,20.9979,20.7486,19.5539,20.5581,19.3695,22.2319,19.159,20.0362,19.8741,20.613,23.8849,19.4922,19.7751,20.495,20.8115,23.6096,18.562,19.8385,20.4595,20.0688,20.3271,19.8455,20.1107,19.9193,19.9675,22.1612,19.4523,20.4522,20.929,20.6745,24.8045,18.8637,19.9712,20.8063,20.8837,21.3709,19.0716,20.3081,20.1481,21.0342,21.9584
679,4:10:35 PM,19.8544,20.1378,20.0104,20.0539,20.8434,20.4109,19.7003,20.8333,21.2423,21.3638,20.3949,20.0149,19.9158,20.5272,21.1882,20.4863,20.8564,21.131,20.951,22.0036,20.1669,20.7806,20.948,20.3296,22.1267,19.1824,19.9256,19.7105,19.9471,20.9105,20.6167,20.1174,21.195,20.8167,22.2064,20.0442,20.6534,20.6918,20.5745,20.8702,20.7687,20.8376,20.3194,21.4254,22.0592,20.7045,21.4134,21.2438,21.1542,21.8259,18.8532,19.1634,20.0674,20.3138,21.3352,19.6014,20.4659,20.5168,21.0008,21.0573,20.6471,20.72,20.1489,20.6797,22.6469,20.1085,20.4312,19.6204,21.1524,22.8179,19.2942,20.35,20.9774,20.6734,21.4131,19.676,19.432,20.2241,19.8254,21.1383,20.7489,19.5604,20.8576,19.5558,21.9406,19.2029,19.9479,19.9512,20.7712,23.2685,19.4597,19.8268,19.918,20.5581,23.5718,18.4995,19.669,20.5133,20.1362,20.8857,19.8987,20.0335,19.8277,19.8695,21.9979,19.5673,20.242,21.0277,20.7226,24.2563,19.0045,19.8286,20.9729,20.7697,21.5977,19.1215,20.3567,19.7876,21.0276,21.966
680,4:10:55 PM,19.946,20.0292,20.0275,20.0859,20.8523,20.3156,19.9076,20.8,21.4117,21.3613,20.2667,20.0703,19.9122,20.5099,21.0057,20.2909,20.7176,20.9577,20.8754,22.0749,20.173,20.6174,21.0402,20.371,22.0025,19.1643,19.8901,19.5542,20.0778,20.9885,20.6627,20.2106,21.304,20.9645,22.2075,20.062,20.6826,20.6559,20.6137,20.5895,20.584,20.7919,20.1742,21.3775,22.0864,20.7956,21.3297,21.2989,21.1124,21.8485,18.6264,19.211,20.0314,20.3326,21.4421,19.5562,20.4526,20.4773,21.2524,21.4921,20.6265,20.6801,20.2384,20.7487,22.3904,20.1832,20.4295,19.6953,21.1293,22.5534,19.3133,20.5318,20.6735,20.5652,21.2033,19.6912,19.4353,20.3116,19.9396,21.0024,20.8337,19.6787,20.7736,19.3924,21.9086,19.3681,19.94,20.232,20.7376,23.7089,19.4777,19.7357,20.1626,20.6816,23.6929,18.5229,20.0489,20.5229,20.2276,20.381,19.845,20.0225,19.8057,19.9105,22.4522,19.4861,20.3883,21.0273,20.8092,24.7593,19.0824,20.0708,20.832,20.9246,21.7354,19.179,20.3691,19.995,21.0343,21.8513
681,4:11:15 PM,19.8361,20.0654,19.8117,19.8558,20.83,20.449,19.779,20.9266,21.3897,21.4405,20.3738,20.1058,19.9902,20.4926,20.9987,20.3259,20.7624,20.9901,20.9354,21.9135,20.343,20.7501,20.9739,20.3718,22.0151,19.1115,19.9695,19.6286,19.8648,20.8689,20.8146,20.1569,21.4244,21.1263,22.268,20.1448,20.6824,20.7906,20.8192,20.6244,20.6887,20.8065,20.2534,21.3837,22.1605,20.7887,21.2561,21.2404,21.0078,21.861,18.8036,19.1659,20.1207,20.2291,21.4423,19.3229,20.3348,20.4613,21.1106,21.3636,20.6076,20.6482,20.2366,20.7096,22.4986,20.01,20.4112,19.5103,21.2399,22.5147,19.3161,20.3109,20.6732,20.4951,20.9418,19.6717,19.6443,20.3324,19.9173,20.9214,20.8861,19.6307,20.7405,19.5464,22.0029,19.302,20.0403,19.9672,20.6241,23.4128,19.548,19.8141,20.3821,20.5947,23.6676,18.5319,19.8997,20.5114,20.0926,20.3984,19.8042,20.084,19.8652,19.9404,22.0404,19.5913,20.3472,20.9988,21.5362,24.7344,18.992,20.0059,20.8921,20.9518,21.9926,19.0964,20.5338,20.0992,21.1003,21.685
682,4:11:35 PM,19.9112,20.14,19.8878,19.9618,20.8615,20.4096,19.667,20.9405,21.4487,21.4716,20.3827,20.1542,19.9517,20.401,21.1001,20.3934,20.9017,20.8516,20.8598,22.0599,20.2412,20.7915,20.9292,20.251,22.1095,19.0946,19.9636,19.5984,19.9658,20.8857,20.9092,20.1223,21.3959,20.9346,22.3343,20.1055,20.5291,20.7321,20.5897,20.7229,20.5319,20.7319,20.2683,21.3346,22.1483,20.8264,21.0761,21.2127,20.9738,21.8439,18.8234,19.2588,20.0704,20.2914,21.3689,19.4722,20.3764,20.558,21.2654,21.3835,20.593,20.6618,20.2846,20.622,22.3545,20.0766,20.321,19.6116,21.2686,22.5601,19.6043,20.3309,20.7703,20.5812,21.0492,19.7144,19.5978,20.3962,19.8905,21.0012,20.8321,19.6892,20.8747,19.5757,22.5575,19.303,20.1355,20.1059,20.5786,23.6228,19.3325,19.7599,20.2528,20.6626,23.8884,18.4595,20.0376,20.4957,20.2924,20.4861,19.9836,20.1939,19.8728,19.9701,22.4049,19.5976,20.3895,21.0001,20.7298,24.7322,18.995,19.6945,20.723,20.9078,21.9235,19.1163,20.373,20.1958,20.8648,21.7165
683,4:11:55 PM,19.8922,20.0054,19.9043,19.8831,20.9142,20.5655,19.8957,20.8921,21.396,21.5137,20.2448,20.1035,19.9564,20.4142,20.9381,20.3117,20.751,21.1501,20.9281,21.9989,20.2855,20.706,20.8339,20.3475,22.1611,19.172,19.8735,19.7363,20.033,20.9274,20.8125,20.1106,21.3544,20.8128,22.1825,20.061,20.683,20.7694,20.534,20.5856,20.5534,20.715,20.2812,21.4222,22.0799,20.8536,21.3006,21.1805,20.9813,21.802,18.8363,19.2932,20.0815,20.2888,21.4063,19.5123,20.4417,20.508,21.1519,21.0023,20.6479,20.5016,20.3049,20.5647,22.3247,20.0234,20.487,19.6253,21.17,22.4781,19.4541,20.4824,20.6372,20.5139,21.2557,19.7045,19.494,20.3188,19.8391,21.0733,20.7779,19.6321,21.0074,19.4877,22.2887,19.4309,20.0899,20.1362,20.8343,23.805,19.3681,19.8168,20.1804,20.7913,23.8958,18.3872,19.8555,20.5347,20.3554,20.3944,19.9292,20.0666,19.7567,20.0159,21.9811,19.5638,20.4877,21.1245,20.6486,24.3445,19.219,19.9161,20.8201,20.8263,21.6901,19.1032,20.4491,20.1044,20.9581,21.8066
684,4:12:15 PM,19.9391,20.0564,19.9213,19.9767,20.8374,20.4695,19.8349,20.7561,21.3293,21.4773,20.3484,20.2451,19.9855,20.4886,20.8234,20.4129,20.8467,20.9899,20.8431,21.9766,20.2175,20.7623,21.0776,20.3367,21.9955,19.131,19.9166,19.5736,19.8684,20.8189,21.025,20.1136,21.4015,20.884,22.2342,19.9866,20.6743,20.6485,20.5703,20.877,20.6735,20.7096,20.3373,21.5092,22.1365,20.8579,21.3826,21.0706,21.1125,21.7926,18.774,19.0314,20.066,20.1625,21.3022,19.5627,20.2966,20.6746,21.1829,21.4633,20.5116,20.5517,20.349,20.7257,22.312,20.1202,20.3347,19.7483,21.2704,22.426,19.2878,20.5421,20.7399,20.5336,20.9908,19.5691,19.3952,20.3792,19.8169,21.0181,20.8371,19.4964,20.9499,19.4027,22.2794,19.2162,19.9112,20.1434,20.6687,23.697,19.495,19.8812,20.1883,20.6275,23.7976,18.5764,19.7774,20.5007,20.2652,20.3189,19.8664,20.0869,19.919,19.8292,22.0913,19.645,20.3203,21.062,20.7304,24.6454,18.9575,19.809,20.8584,20.763,21.6814,19.1636,20.457,20.1542,21.1411,21.7736
685,4:12:35 PM,19.9084,20.0991,19.9676,19.8526,20.7896,20.3712,19.7314,20.9565,21.3825,21.6012,20.3772,20.1658,20.0054,20.4712,20.8337,20.4326,20.9349,21.0004,20.9312,22.1152,20.2092,20.6352,20.9041,20.2259,21.8704,19.222,19.9437,19.4415,20.0193,20.8952,20.963,20.1456,21.2489,20.9673,22.3171,20.0069,20.6083,20.7154,20.7476,20.9525,20.6072,20.8403,20.3027,21.4271,22.1192,20.7912,21.2122,21.2485,21.0472,21.8702,18.8053,19.3069,20.0609,20.396,21.4891,19.5003,20.4174,20.4906,21.2492,21.1894,20.4614,20.7157,20.3183,20.643,22.3168,20.1076,20.3276,19.5813,21.2404,22.5773,19.2459,20.3821,20.8475,20.5471,21.2894,19.7644,19.6167,20.267,19.8252,21.0849,20.7983,19.6167,20.8236,19.6772,22.304,19.4089,20.082,20.1811,20.9164,23.6119,19.4816,19.817,19.8606,20.5168,23.8689,18.472,19.8174,20.3274,20.335,20.2788,19.8986,20.0349,20.0265,19.9596,22.332,19.7431,20.3968,20.9683,21.4178,24.7193,19.0928,19.9352,20.8705,20.9066,21.7491,18.9686,20.4147,20.0281,21.1384,21.9059
686,4:12:55 PM,19.9929,20.1844,20.039,19.9985,20.9387,20.5203,19.831,20.9895,21.4687,21.5657,20.3289,20.161,19.9538,20.4143,20.9301,20.3951,20.8671,21.0409,20.9084,22.1536,20.2783,20.663,20.9747,20.2935,21.9606,19.23,19.9243,19.7382,20.1132,20.9044,20.9841,20.2546,21.4486,20.8368,22.3422,20.044,20.623,20.5604,20.4439,21.0143,20.6279,20.7749,20.4139,21.4675,22.1604,20.746,21.1937,21.1614,21.085,21.842,18.8617,19.1152,20.0684,20.2862,21.4988,19.5217,20.4729,20.63,21.3037,21.4827,20.4734,20.6534,20.3999,20.6847,22.3868,20.2515,20.3432,19.6889,21.235,22.3971,19.2769,20.1958,20.7775,20.5506,21.2252,19.8932,19.7018,20.3131,19.8659,21.152,20.8311,19.6864,20.9907,19.5572,22.4458,19.3388,19.9255,20.1343,20.8124,23.8392,19.5752,19.8892,19.9317,20.5341,23.8054,18.4605,19.7603,20.4378,20.337,20.2867,19.9813,20.232,19.9611,20.0532,22.2865,19.8609,20.4778,21.1361,20.9208,24.6682,19.1099,19.7575,20.7904,20.8547,21.6648,19.0706,20.4146,19.8428,21.1495,21.8851
687,4:13:15 PM,19.9339,20.0946,19.9435,19.9165,20.839,20.4831,19.6889,20.7418,21.4082,21.5738,20.3544,20.1743,20.1537,20.6103,20.8773,20.465,20.7841,21.0876,20.9053,22.1169,20.4089,20.7881,20.8345,20.2876,21.985,19.2406,19.9867,19.5213,19.791,20.9344,20.8434,19.9491,21.3599,20.7464,22.2793,20.0345,20.6115,20.6317,20.4698,21.0724,20.6549,20.7759,20.1422,21.3898,22.2005,20.8475,21.1941,21.1926,21.0353,21.7703,18.7555,19.2563,20.1236,20.3272,21.4444,19.4054,20.4049,20.5565,21.2575,21.1628,20.4419,20.5986,20.2395,20.7322,22.4,20.0669,20.3395,19.586,21.1479,22.4406,19.3703,20.2828,20.8895,20.5315,20.8297,19.5928,19.5378,20.341,19.8906,21.0751,20.8526,19.4857,20.5996,19.6056,22.286,19.2174,20.0873,19.9835,20.7094,23.6474,19.7025,19.8575,19.8845,20.5497,23.7472,18.6144,19.7521,20.2108,20.1778,20.3913,19.9587,20.1105,19.92,20.0221,21.9171,19.5232,20.2776,20.8993,20.5381,24.7269,19.0672,19.8506,20.8868,20.8677,21.9198,19.1448,20.4922,19.9419,21.0447,21.9217
688,4:13:35 PM,19.8599,20.0279,19.8684,19.8671,20.8192,20.3245,19.641,20.6482,21.2927,21.5567,20.342,20.2402,20.2515,20.5304,20.8577,20.4015,20.8821,21.1498,20.9356,22.2239,20.3162,20.7368,21.023,20.4778,21.9806,19.3107,19.8519,19.3685,20.0479,20.8879,20.881,19.9445,21.2306,20.7467,22.3222,20.1521,20.7187,20.7876,20.7513,21.066,20.6673,20.8523,20.2882,21.3,22.0769,20.8167,21.1128,21.2648,21.0333,21.8488,18.6542,19.098,20.0882,20.2673,21.3866,19.398,20.452,20.5352,21.2092,21.5449,20.4876,20.5973,20.2191,20.7234,22.224,20.226,20.3994,19.624,21.2359,22.5277,19.4875,20.4284,20.8378,20.5451,21.0387,19.5923,19.6075,20.3613,20.1136,21.0023,20.7965,19.6392,21.0192,19.4146,22.4246,19.2279,19.9751,19.9865,20.741,24.0202,19.3261,19.7334,19.7745,20.5064,23.627,18.5883,19.9322,20.6348,20.4027,20.5589,19.8756,20.2373,19.8835,20.0676,22.1575,19.5279,20.3232,20.9906,21.2028,24.8871,19.0898,19.6985,20.8447,20.8957,21.6755,18.8879,20.3421,19.7434,21.3095,21.8575
689,4:13:55 PM,19.8111,20.021,19.7491,19.9399,20.7645,20.397,19.6005,20.7008,21.3419,21.3233,20.3965,20.2222,20.0057,20.6011,21.205,20.4349,20.9157,21.0599,20.8689,22.1881,20.3428,20.7474,21.0666,20.433,22.0237,19.0813,19.7939,19.5151,19.9145,20.8633,20.694,20.1294,21.1348,20.9668,22.3318,20.0691,20.6345,20.8981,20.6311,20.9269,20.6704,20.8896,20.4003,21.3871,22.1709,20.9634,21.2634,21.2408,21.0138,21.8474,18.731,19.0975,20.1537,20.2719,21.5069,19.3972,20.4042,20.4184,21.1691,21.1222,20.5536,20.6344,20.2748,20.7426,22.2799,20.2269,20.3547,19.657,21.3117,22.6027,19.8844,20.5708,20.8353,20.5447,21.2288,19.5858,19.5138,20.312,19.7663,21.0803,20.7819,19.5953,20.724,19.3167,22.5338,19.1777,19.7639,19.8745,20.5613,22.9893,19.4592,19.8328,20.3016,20.9191,23.6858,18.8407,20.1759,20.623,20.4257,20.9792,19.8967,20.0875,19.9636,19.8805,21.9987,19.5854,20.3415,20.9699,20.7293,25.1481,18.9314,19.7986,20.7507,20.9228,22.082,19.0627,20.4231,20.0831,20.8851,21.8531
690,4:14:15 PM,19.7182,19.9095,19.8488,19.934,20.8396,20.6215,19.8906,20.8373,21.2929,21.431,20.2336,20.1986,20.141,20.5781,21.0922,20.4505,20.8546,21.1224,20.9348,22.2268,20.341,20.761,20.9324,20.5567,22.0618,18.9378,19.8365,19.2562,19.8801,20.8606,20.7823,20.01,21.1386,20.8156,22.0966,20.2296,20.6241,20.8065,20.5871,21.0696,20.7073,20.8656,20.36,21.3947,22.1808,20.8543,21.3379,21.3795,21.0919,21.9199,18.6169,18.9661,20.0386,20.3674,21.4575,19.1883,20.3014,20.4726,21.0231,20.9003,20.6157,20.5938,20.2962,20.7418,22.2723,20.2281,20.4917,19.5726,21.2694,22.5399,19.5966,20.6117,20.8098,20.5337,21.0844,19.4567,19.2883,20.3181,19.8413,21.0776,20.8863,19.5277,20.5751,19.2895,22.2624,19.0678,19.8891,19.7498,20.5489,23.2877,19.493,19.8738,20.3782,21.4677,23.9235,18.7664,20.1583,20.6017,20.2999,20.7006,19.8603,20.1356,19.8468,20.1505,23.0639,19.4978,20.3241,20.983,21.2609,24.9105,18.9668,19.6644,20.8243,21.0592,21.9519,19.0392,20.4347,19.9743,20.9836,21.9333
691,4:14:35 PM,19.6249,19.907,19.9672,19.9792,20.8181,20.423,19.6283,20.8887,21.3668,21.4484,20.2074,20.0149,19.9123,20.4548,21.0014,20.4402,20.838,21.1238,20.901,21.9386,20.4623,20.9729,20.9662,20.5142,22.0124,18.9919,19.8506,19.4525,19.8414,20.8404,20.6929,20.1694,21.2598,20.8322,22.1625,19.9678,20.5514,20.6447,20.5999,20.7159,20.6584,20.8039,20.4104,21.4222,22.1482,20.8813,21.2188,21.1747,21.0359,21.9007,18.6718,19.0127,20.0756,20.318,21.2846,19.1956,20.3609,20.4829,21.2314,21.1894,20.621,20.5939,20.2556,20.5687,22.2399,20.2469,20.3953,19.578,21.2388,22.7088,19.4959,20.6511,20.7245,20.5668,20.8852,19.5104,19.4976,20.2918,19.8833,21.0251,20.6962,19.5534,20.9919,19.2609,22.2385,19.1325,19.8926,19.922,20.4419,23.3814,19.5636,19.9536,20.6027,21.3447,23.991,18.6759,20.2883,20.4198,20.2391,21.1239,19.7954,19.9338,19.8508,20.043,22.0997,19.6318,20.2523,20.9817,20.6309,24.86,19.0824,19.6651,20.7642,20.9307,21.5688,18.8626,20.4493,20.0119,20.9268,21.8528
692,4:14:55 PM,19.8316,19.8953,19.8633,19.9468,20.7478,20.4237,19.7263,20.9129,21.47,21.4772,20.2872,20.0524,20.1094,20.6807,21.041,20.4645,20.9254,21.0868,20.9659,22.0708,20.475,20.8025,21.0611,20.5095,22.0394,19.2082,19.9518,19.7297,19.9668,20.8796,21.0509,20.1029,21.4209,20.9107,22.2037,20.0471,20.5845,20.7242,20.6317,20.7739,20.662,20.831,20.2566,21.3932,22.1008,20.9117,21.2331,21.3673,21.0669,21.9469,18.8169,19.0959,20.0173,20.376,21.5102,19.4098,20.3847,20.5454,21.2639,21.4202,20.6432,20.5795,20.2726,20.6343,22.5696,20.2127,20.4342,19.5293,21.2409,22.2548,19.5982,20.5204,20.7889,20.5459,20.8882,19.6343,19.4697,20.3353,19.8243,21.1576,20.7944,19.442,20.8778,19.4651,22.7085,19.2644,19.9229,19.9307,20.7025,23.2425,19.6799,19.9242,20.4028,20.7167,23.9331,18.7009,20.0592,20.5662,20.2405,20.5484,19.8337,19.9411,19.9111,19.9443,21.9925,19.6666,20.3808,20.8751,21.1877,24.8982,19.0648,19.7443,20.9181,20.914,21.6782,19.149,20.4609,20.1335,20.96,21.9631
693,4:15:15 PM,19.7973,20.1416,19.914,19.9019,20.9903,20.4361,19.718,20.9942,21.573,21.6532,20.4211,20.1155,20.1022,20.5849,21.0388,20.4227,20.9033,21.1994,20.9024,21.9664,20.4596,20.8077,21.0537,20.4663,22.0771,19.1695,19.8836,19.6049,19.757,20.8995,21.0539,20.0635,21.4642,20.8453,22.1852,20.153,20.5854,20.7921,20.7622,20.6035,20.6178,20.8984,20.3303,21.449,22.0584,20.9,21.2422,21.3357,21.1209,21.7464,18.6765,19.208,20.0565,20.3596,21.5371,19.3014,20.3338,20.5702,21.2279,21.3991,20.5958,20.6067,20.2449,20.6738,22.1646,20.1743,20.4494,19.6577,21.3453,22.3248,19.9538,20.5525,20.7743,20.5189,20.905,19.7649,19.5039,20.2909,19.8661,21.1337,20.8271,19.7048,20.9698,19.4621,22.3441,19.307,19.9903,20.2219,20.5504,23.5598,19.5715,19.907,20.3722,21.0035,23.8623,18.6399,20.2054,20.5148,20.1897,20.7179,19.8363,20.0387,19.9185,20.023,21.8583,19.7537,20.4418,20.9495,21.5014,23.9644,18.924,19.7952,20.8987,21.0146,21.9608,19.0406,20.5633,19.8306,20.9488,21.7809
694,4:15:35 PM,19.8669,19.9261,19.997,20.0532,20.9125,20.3603,19.7778,20.9016,21.465,21.5329,20.3868,20.1414,20.0278,20.4304,20.8875,20.514,20.9871,21.1095,20.8875,21.73,20.4933,20.9032,21.0821,20.2221,21.9084,19.3402,20.005,19.5629,20.06,20.8383,20.634,20.1799,21.4185,20.9446,22.0505,20.2142,20.7542,20.7062,20.5296,20.5889,20.5667,20.8934,20.4464,21.3565,22.1742,20.9586,21.2981,21.3286,21.0721,21.8375,18.7105,19.2545,20.1021,20.2538,21.5194,19.3601,20.3081,20.5779,21.3436,21.1491,20.6951,20.6221,20.3021,20.6787,22.2053,20.2873,20.4705,19.6057,21.2477,22.406,19.3107,20.4492,20.8506,20.5969,21.1526,19.7427,19.6845,20.3129,19.9655,21.0674,20.9592,19.6551,20.7464,19.6175,22.4422,19.208,20.1009,20.1911,20.6949,23.003,19.4608,19.8312,20.328,20.9855,23.9634,18.6178,20.1311,20.5364,20.1708,20.9407,19.9075,20.0892,19.8989,19.9242,21.9582,19.8373,20.4538,21.1031,20.7939,23.6597,19.0275,19.8584,20.8736,20.9199,21.6638,19.2039,20.4857,19.9838,21.0425,21.7327
695,4:15:55 PM,19.9453,20.005,19.8566,20.038,20.8622,20.4941,19.9401,21.0362,21.5396,21.6003,20.5194,20.1199,19.9071,20.4426,20.9528,20.4476,20.9749,21.0964,20.9089,21.893,20.4402,20.9444,20.9919,20.1605,21.8811,19.162,20.018,19.7532,19.9321,20.9631,20.8987,20.2625,21.431,20.9752,22.1885,20.1173,20.5771,20.7082,20.6617,20.915,20.558,20.9543,20.3196,21.5451,22.14,20.9,21.2513,21.3513,20.9841,21.6781,18.7814,19.1565,19.9968,20.2142,21.3766,19.4633,20.3024,20.5825,21.2903,21.3054,20.6543,20.6464,20.2812,20.7323,22.2576,20.167,20.4257,19.6091,21.1331,22.3431,19.7967,20.52,20.832,20.5358,20.8083,19.61,19.5584,20.3478,19.9661,21.0789,20.8791,19.6022,20.6188,19.3866,22.157,19.2731,20.1669,19.9983,20.6104,23.3501,19.5396,19.8361,20.2199,20.8934,23.8041,18.5857,20.108,20.3292,20.201,20.3419,19.8822,20.1259,19.9619,20.0438,22.4358,19.6135,20.4729,21.0778,21.0643,24.3403,19.0519,19.6904,20.8858,20.8554,21.5286,18.9458,20.3315,19.6655,21.0079,21.9447
696,4:16:15 PM,19.8283,20.0109,19.9488,19.8241,20.7928,20.5272,19.8744,21.0401,21.5539,21.6389,20.3822,20.1051,19.991,20.4746,20.971,20.3821,20.7819,21.1716,21.0,21.78,20.499,20.7572,21.033,20.2315,21.9611,19.1827,19.9989,19.4399,19.9115,20.8408,20.9299,20.1391,21.4927,20.8598,22.1503,20.1554,20.5362,20.6214,20.554,20.5799,20.6037,20.8554,20.3902,21.3058,22.0446,20.8642,21.2261,21.2143,21.0569,21.8627,18.8599,19.1937,20.1663,20.3003,21.3614,19.4464,20.4711,20.5016,21.3728,21.2215,20.5871,20.6726,20.302,20.7451,22.0704,20.1364,20.3433,19.6276,21.221,22.5372,19.3578,20.4662,20.8143,20.5547,20.8397,19.6567,19.5365,20.3233,19.8675,21.0543,20.8421,19.6831,20.8448,19.56,21.9413,19.3011,19.8711,20.1163,20.6017,23.8838,19.4176,19.6675,19.8909,20.5187,23.9725,18.6118,19.8461,20.1989,20.2579,20.8435,19.8151,20.1414,19.8592,19.9861,21.5175,19.5338,20.246,21.026,20.831,24.3084,19.0147,19.7705,20.8672,20.8975,21.7114,19.0888,20.3286,19.7668,21.1371,22.0499
697,4:16:35 PM,19.8525,20.1376,19.9656,19.9242,20.854,20.528,19.8903,20.9605,21.4497,21.6837,20.3965,20.064,20.0207,20.4736,20.9135,20.4728,20.8761,21.039,20.9105,21.732,20.466,20.8603,21.0227,20.2139,21.9762,19.2354,19.8846,19.6126,19.9317,20.859,20.9756,20.2576,21.5424,20.9265,22.1938,20.1785,20.5854,20.7676,20.6889,20.6299,20.6785,20.9009,20.4008,21.4396,22.0495,20.8584,21.2447,21.1413,21.1,21.7408,18.8103,19.3721,20.0215,20.3695,21.4593,19.6115,20.4289,20.5995,21.2637,21.2698,20.6019,20.5937,20.2424,20.613,22.2947,20.0858,20.4369,19.6264,21.1868,22.456,19.2773,20.4905,20.7219,20.5278,20.9576,19.7791,19.4827,20.3747,20.0477,21.0187,20.8363,19.7144,20.6595,19.5411,22.1163,19.4311,20.0895,20.1742,20.7524,23.5494,19.4428,19.7733,20.0185,20.5987,23.9319,18.4792,19.8407,20.5118,20.2322,20.3421,19.8875,20.0717,19.9258,20.1402,22.5446,19.6766,20.4448,21.1283,21.4783,24.7506,19.1069,20.0174,20.995,21.0557,21.6898,19.0725,20.4917,20.1211,21.0023,21.82
698,4:16:55 PM,19.8825,20.1314,19.9036,19.8674,20.8476,20.4922,19.8576,20.9402,21.4862,21.6684,20.3685,20.1814,19.9397,20.3936,20.8355,20.381,20.7714,21.1216,20.9873,21.9599,20.5024,20.8587,20.9474,20.2997,22.0847,19.268,19.9441,19.5826,20.0066,20.8986,20.9817,20.2662,21.5184,20.7874,22.2337,20.084,20.571,20.6126,20.6623,20.5873,20.5945,20.8261,20.3994,21.3435,22.0956,20.8508,21.3303,21.2741,20.945,21.7926,18.74,19.1046,20.0629,20.2577,21.4951,19.4751,20.3001,20.4663,21.2058,21.0877,20.6876,20.6433,20.2828,20.6534,21.9801,20.1783,20.4321,19.6443,21.2119,22.5648,19.2317,20.5502,20.8018,20.6108,21.1199,19.6607,19.5264,20.4403,19.9455,20.9815,20.9615,19.6125,20.6077,19.5509,21.9688,19.2301,20.2207,20.0558,20.4917,23.4433,19.4536,19.7155,20.1171,20.8711,23.7818,18.4636,19.9843,20.3804,20.0392,20.7865,19.9752,20.0994,19.8397,19.9456,21.911,19.6727,20.3685,21.1027,20.6247,24.1836,19.0891,19.8388,21.0272,21.0006,21.694,19.0554,20.505,20.1258,21.0965,21.8827
699,4:17:15 PM,20.0366,20.1327,19.8847,19.8113,20.8421,20.4884,20.018,20.852,21.5538,21.622,20.4093,20.2327,20.0596,20.5883,21.0429,20.4999,21.0408,21.2097,20.9723,22.0404,20.3154,20.7403,20.9616,20.309,22.0561,19.165,19.9452,19.5895,19.9653,20.8411,21.0102,20.0519,21.5441,20.7394,22.1162,20.0818,20.6521,20.7553,20.4702,20.8644,20.6581,20.885,20.2565,21.4372,22.1059,20.8766,21.2449,21.16,21.0229,21.7992,18.7582,19.2642,20.0288,20.2236,21.4441,19.4139,20.476,20.5324,21.2796,21.2438,20.5239,20.6489,20.2854,20.7023,22.1288,20.165,20.5487,19.7038,21.2532,22.4796,19.3009,20.4274,20.7044,20.5586,20.9499,19.6736,19.4685,20.2382,19.7966,21.0786,20.8405,19.538,20.9553,19.5565,22.1561,19.2051,20.1145,20.1106,20.673,23.9134,19.49,19.8271,19.9587,20.5905,23.7052,18.4498,19.7347,20.4678,20.2569,20.5921,19.983,20.0785,19.8183,20.1379,22.3955,19.6399,20.4297,21.1852,21.4388,24.7765,19.057,19.9245,20.924,20.7989,21.5336,19.0739,20.3519,19.7788,20.9266,21.942
700,4:17:35 PM,19.9746,20.085,19.9994,19.9266,20.8311,20.5065,19.9264,20.8909,21.4219,21.6508,20.3626,20.1092,19.9506,20.4548,21.0066,20.4642,20.8698,21.0526,20.9316,22.0121,20.3619,20.6869,20.9642,20.3024,21.9299,19.1576,19.8776,19.6085,20.0322,20.923,20.8689,20.2197,21.4286,20.9423,22.1903,20.1147,20.6719,20.6435,20.626,20.7705,20.729,20.8732,20.2434,21.4492,22.1159,20.8878,21.3045,21.2174,21.1028,21.845,18.7539,19.2216,20.031,20.3631,21.4155,19.5789,20.3845,20.5321,21.3325,21.3289,20.641,20.5312,20.3089,20.7884,22.4455,20.181,20.467,19.8115,21.1929,22.3684,19.2194,20.5206,20.7291,20.5578,20.9661,19.7711,19.5573,20.2817,19.9191,21.0829,20.8833,19.7758,21.1589,19.4515,21.9273,19.536,20.0955,20.0597,20.7057,24.0436,19.6059,19.8301,20.0875,20.5622,23.6273,18.387,19.6932,20.2712,20.0092,21.0532,20.0594,20.1486,19.9866,20.0715,22.4109,19.7701,20.3986,21.0034,21.0497,24.5889,19.0547,19.813,20.8841,20.9139,21.7368,19.136,20.5503,20.0978,21.1443,21.9621
701,4:17:55 PM,20.0003,20.2147,19.9263,20.0175,20.8403,20.4177,19.8213,20.9178,21.5994,21.6759,20.4336,20.1198,20.0554,20.4911,20.8303,20.3406,20.9278,20.9462,21.025,22.0438,20.4593,20.5488,21.0671,20.4521,22.0509,19.2141,19.9729,19.5892,20.0755,20.8054,20.9031,20.2259,21.4563,20.9264,22.1579,20.1163,20.6503,20.8147,20.6489,21.1306,20.7909,20.9206,20.3551,21.4271,22.1408,20.8224,21.2778,21.2089,20.9898,21.6845,18.8118,19.2434,20.13,20.2939,21.5412,19.4087,20.4702,20.6053,21.2817,21.0843,20.476,20.6784,20.3162,20.8492,22.2249,19.9802,20.4265,19.6416,21.2235,22.515,19.5319,20.393,20.7986,20.6147,20.8272,19.7913,19.6135,20.3088,19.9856,21.0279,20.8523,19.5973,20.9004,19.5684,21.8032,19.2453,20.2159,19.9875,20.6159,23.7901,19.4611,19.7961,20.2202,20.6359,23.676,18.5474,20.0073,20.4491,19.927,20.2831,19.9622,20.0909,20.0016,20.1222,23.1617,19.575,20.4292,21.0191,21.2259,24.8587,19.0224,19.6623,20.6342,20.8683,21.8689,19.12,20.5187,20.0525,21.2393,22.1782
702,4:18:15 PM,19.9606,20.1746,19.8806,20.0095,20.8674,20.4551,19.6729,20.9755,21.5713,21.6141,20.3835,20.143,20.1168,20.7948,20.8823,20.382,20.8877,20.9605,20.9387,22.0013,20.3788,20.7024,20.9724,20.4143,22.0755,19.1997,19.8862,19.3588,19.9682,20.8696,21.0294,20.1637,21.3833,20.9627,22.1749,20.1552,20.6671,20.7939,20.5878,20.9171,20.797,20.8375,20.275,21.2523,22.2088,20.7835,21.2623,21.1891,20.9738,21.7569,18.6869,19.1801,19.9689,20.3578,21.4915,19.3351,20.441,20.4883,21.0873,21.2722,20.5103,20.6536,20.3075,20.734,22.1888,19.9764,20.4396,19.6526,21.2526,22.5986,19.5563,20.4184,20.8919,20.5248,20.9929,19.624,19.3557,20.2747,19.9325,21.1022,20.8659,19.4792,20.7805,19.3403,21.7593,19.2553,20.0885,19.9888,20.5178,23.917,19.4286,19.7646,20.096,20.5668,23.7308,18.5595,19.7181,20.4203,19.9737,20.4368,20.0157,20.0519,19.9213,20.0929,22.4206,19.5784,20.4706,21.0886,20.7999,24.556,19.0833,19.8619,20.8254,20.8635,21.5329,19.0723,20.4417,20.0054,21.2594,22.0727
703,4:18:35 PM,19.9203,20.1218,19.9241,19.9265,20.8027,20.3693,19.654,20.8864,21.4136,21.5014,20.3537,20.1895,20.198,20.5737,21.0019,20.3372,20.8588,21.1982,20.9056,22.0431,20.1561,20.6587,21.0094,20.4495,22.0212,19.1657,19.8157,19.6349,20.0789,20.7242,20.7968,20.0992,21.3051,20.9616,22.0099,20.006,20.6856,20.7617,20.6696,20.7528,20.6725,20.8619,20.3504,21.3981,22.207,20.7785,21.2197,21.297,20.9863,21.8847,18.7231,19.1093,19.9751,20.3648,21.4952,19.4632,20.3595,20.5048,21.2235,21.2517,20.4216,20.6001,20.2269,20.7648,22.3089,19.9927,20.4419,19.7328,21.2117,22.4615,19.12,20.3505,20.758,20.5396,21.2371,19.6365,19.5048,20.3766,19.8029,21.01,20.9085,19.8301,20.9339,19.5463,21.7782,19.3735,20.1086,20.2862,20.7741,23.7909,19.5557,19.7655,20.1776,20.7627,23.6559,18.6316,19.8806,20.332,19.9189,20.4411,19.8968,20.1266,19.8926,19.9635,21.9245,19.5699,20.3579,20.9528,20.7496,24.5722,19.1816,19.9227,20.8037,21.0889,21.8253,19.1911,20.3939,19.9736,21.1012,22.1104
704,4:18:55 PM,19.8121,19.9668,19.9092,20.0006,20.7322,20.3255,19.7284,20.8457,21.5318,21.3345,20.3192,20.1018,19.9801,20.4402,21.0541,20.3975,20.8367,21.0251,20.9754,22.1727,20.4257,20.7468,20.9753,20.3702,21.9792,19.1087,19.8436,19.6514,20.0075,20.8877,20.7389,20.1436,21.2023,20.8351,22.1255,20.1109,20.6333,20.9256,20.9951,21.2225,20.7158,20.767,20.3445,21.3997,22.209,20.8393,21.2911,21.2346,20.8684,21.8114,18.7661,19.1451,20.1394,20.3714,21.4861,19.4487,20.3524,20.5451,21.1222,21.0842,20.6704,20.5348,20.3065,20.6602,22.1306,20.1562,20.4367,19.6417,21.2086,22.492,19.5042,20.4822,20.807,20.5963,20.9273,19.7632,19.578,20.2049,19.9773,21.1175,20.864,19.5316,20.9133,19.4243,21.9895,19.395,20.0083,19.9417,20.5509,23.6498,19.4627,19.8613,20.2614,20.8807,23.6486,18.6485,20.0225,20.4926,20.1195,20.5855,19.9621,20.0357,20.024,20.0146,22.4702,19.4474,20.4186,21.0142,20.9885,24.3149,19.0395,19.8381,20.9064,20.9086,21.8786,18.9505,20.4445,19.862,21.0311,22.0719
705,4:19:15 PM,19.8114,19.9747,19.9382,20.0756,20.8708,20.4451,19.7974,20.9585,21.4848,21.5243,20.3575,20.1637,20.0216,20.4841,21.0582,20.4462,20.9876,21.1181,20.9136,22.0975,20.2947,20.7718,20.9483,20.5234,21.8994,19.1477,19.8663,19.4114,20.0352,20.8689,21.0128,20.0878,21.2659,20.7405,22.1406,20.0442,20.5791,20.7732,20.7204,20.8125,20.8016,20.878,20.3239,21.3769,22.218,20.8533,21.2641,21.2649,20.9737,21.7917,18.72,19.2304,19.967,20.3294,21.4725,19.5426,20.3695,20.6006,21.1695,21.389,20.5542,20.6759,20.2919,20.655,22.1104,20.1406,20.4289,19.6361,21.1966,22.79,19.3019,20.3268,20.7346,20.4459,20.8269,19.6637,19.482,20.3592,19.8817,20.9896,20.8116,19.6582,20.7986,19.5129,21.9864,19.3148,20.1386,20.0618,20.7803,23.4808,19.4588,19.8511,20.0058,20.7256,23.6758,18.5942,19.9196,20.5053,20.326,20.8747,19.8714,20.1361,19.7913,20.0876,22.4883,19.7452,20.3424,21.0468,21.0738,24.6372,18.9742,19.8307,20.9596,20.9545,21.7833,19.103,20.4041,19.9132,21.0558,22.0119
706,4:19:35 PM,20.0094,19.9841,19.8372,19.9835,20.9254,20.4628,19.8563,20.9969,21.5734,21.5379,20.4356,20.1907,20.1437,20.6284,21.0026,20.3915,20.9212,21.0422,20.843,22.087,20.392,20.8371,20.8636,20.3799,21.9048,19.3369,19.9988,19.815,19.9281,20.8719,20.9727,20.242,21.359,20.9067,22.0031,20.0475,20.6707,20.7435,20.7133,20.9071,20.6441,20.8647,20.2445,21.3695,22.1664,20.9499,21.1956,21.2478,21.0284,21.9173,18.8306,19.238,20.0993,20.2696,21.4769,19.5111,20.4171,20.4999,21.1448,21.3373,20.5223,20.6745,20.2381,20.651,22.7957,20.2388,20.3935,19.6451,21.0965,22.4317,19.2609,20.5638,20.75,20.4951,21.2225,19.5221,19.4514,20.2245,19.7886,21.0062,20.9169,19.5504,20.8463,19.5108,22.1184,19.2458,20.1336,20.042,21.0095,23.4709,19.3778,19.7412,20.292,20.9014,23.6729,18.5284,19.9629,20.5086,20.2309,20.2859,19.9471,19.9989,19.7835,20.0847,22.4503,19.6828,20.2101,20.9825,21.5977,24.8074,19.0486,19.7374,20.822,20.8689,21.8315,18.9518,20.4393,20.0596,20.9584,21.8912
707,4:19:55 PM,19.9445,20.1131,19.7474,19.9178,20.9962,20.4563,19.6881,20.8195,21.2199,21.4204,20.4043,20.1901,20.0701,20.7204,20.953,20.3808,21.0188,21.1628,20.992,22.1894,20.2697,20.8097,21.0449,20.3866,22.1008,19.2419,19.8813,19.5655,20.0711,20.8508,20.9956,20.2064,21.5123,20.9081,22.4009,20.0518,20.674,20.8848,20.8127,21.1478,20.8346,20.8567,20.3702,21.495,22.2816,20.8407,21.2712,21.2529,21.0265,21.7383,18.7437,19.1387,20.0617,20.3656,21.4358,19.702,20.3213,20.542,21.1927,21.1018,20.6551,20.656,20.3144,20.7836,22.3208,20.1624,20.3681,19.6501,21.2074,22.6372,19.3521,20.4113,20.6946,20.539,20.991,19.7413,19.4742,20.3277,19.9561,21.1092,20.8958,19.5257,20.8957,19.5585,21.9869,19.3643,20.0669,20.0091,20.7863,23.5522,19.4237,19.768,20.1118,20.5887,23.7065,18.503,19.9466,20.491,20.0752,20.5889,19.8978,20.1036,19.9701,19.9909,22.3778,19.7614,20.4448,21.0017,20.9969,24.7702,19.1026,19.8372,20.8222,20.9635,21.834,19.0866,20.3463,20.0437,20.9178,21.8304
708,4:20:15 PM,20.0537,20.1861,19.9468,19.9392,20.774,20.4604,19.7807,20.769,21.4803,21.3956,20.3693,20.1563,19.9496,20.5175,21.0268,20.5008,20.9121,21.0537,20.9726,22.0994,20.1493,20.8003,21.0903,20.3049,21.9532,19.2778,20.0004,19.799,20.1361,20.8639,20.8037,20.1651,21.3004,20.9043,22.1336,20.0609,20.6523,20.6602,20.6581,20.9918,20.6425,20.7808,20.354,21.2725,22.0739,20.7796,21.2243,21.2031,21.0623,21.8882,18.8697,19.2345,20.1148,20.2801,21.4263,19.5751,20.3748,20.5186,20.9972,20.983,20.6651,20.6751,20.3547,20.7779,22.2502,20.1526,20.2641,19.6808,21.2216,22.4805,19.1894,20.5264,20.8894,20.4599,20.9437,19.8537,19.7066,20.3615,20.0991,20.9899,20.8694,19.6694,20.9048,19.7027,22.1553,19.2409,20.1145,20.2152,20.8547,23.5951,19.4488,19.7822,19.9858,20.5327,23.6699,18.4928,19.5716,20.0263,20.0894,20.2413,19.892,20.0638,19.9559,19.9901,22.1524,19.7468,20.4752,21.0275,20.9406,24.9814,19.2042,19.9087,20.9016,20.8976,21.6658,19.004,20.3716,20.1098,21.0515,21.8416
709,4:20:35 PM,19.8997,20.1614,19.9589,19.9889,20.8687,20.5553,19.8189,20.9483,21.4834,21.4671,20.3693,20.1354,20.1068,20.3892,20.7986,20.3017,20.9124,21.0027,20.9681,22.0116,20.2789,20.6389,20.8435,20.2151,21.857,19.1829,20.0069,19.5764,19.995,20.8537,20.6642,20.2266,21.3519,20.8555,22.198,20.0295,20.5892,20.5655,20.6503,20.9444,20.6911,20.8979,20.2449,21.3462,22.0673,20.8044,21.1841,21.1841,21.089,21.6828,18.8037,19.2365,20.1566,20.3674,21.4011,19.609,20.3759,20.4153,21.2155,21.2456,20.5963,20.7133,20.3009,20.5928,22.5,20.0956,20.4594,19.71,21.0815,22.4026,19.3396,20.2852,20.8496,20.4831,21.0768,19.8052,19.7182,20.3679,19.9031,21.1468,20.8386,19.52,20.939,19.6107,22.0195,19.1566,20.0171,20.0449,21.1183,23.9479,19.3681,19.7221,19.9228,20.5485,23.5814,18.4477,19.8328,20.4562,20.2273,20.4385,20.0739,20.1135,19.8977,19.9958,22.2854,19.7324,20.4411,21.2445,20.784,24.8977,18.9708,19.9082,20.9814,20.8006,21.7526,18.7869,20.399,19.9819,21.2929,21.7629
710,4:20:55 PM,20.0622,20.0522,19.9132,19.9889,20.726,20.5587,19.92,20.9081,21.4566,21.4033,20.374,20.1542,19.9366,20.3586,20.8257,20.4296,20.8431,21.0216,20.9163,22.0657,20.1602,20.5499,20.865,20.2372,21.9314,19.2427,19.9064,19.586,20.0664,20.9222,21.0046,20.1832,21.3768,20.902,22.0705,20.0384,20.6755,20.7187,20.4586,20.8121,20.6358,20.8552,20.4306,21.3043,22.094,20.8016,21.294,21.2344,20.9482,21.7408,18.8813,19.3173,19.9955,20.2891,21.4576,19.5442,20.3404,20.4809,21.2244,21.348,20.6484,20.6751,20.3239,20.6052,22.5182,20.1273,20.3526,19.6678,21.1861,22.3535,19.1624,20.5132,20.7182,20.4782,21.01,19.7919,19.6869,20.3277,19.8506,21.0351,20.7966,19.8341,20.983,19.568,21.9394,19.1754,19.8678,19.9626,20.9376,23.9304,19.4632,19.6749,20.1132,20.5298,23.5668,18.5044,19.9215,20.35,20.02,20.4535,20.004,20.1285,19.9552,20.0644,21.9347,19.7222,20.3555,21.1392,20.908,24.4504,19.1038,19.8757,20.8947,20.8476,22.0432,18.9036,20.4907,20.1092,20.9808,21.8363
711,4:21:15 PM,20.0295,20.0433,19.8433,19.899,20.7973,20.4239,19.9215,21.0224,21.5092,21.5556,20.4051,20.177,19.9345,20.4251,20.7012,20.3594,20.8459,21.0206,20.8525,22.1207,20.1195,20.8045,20.9672,20.2845,21.9121,19.3277,20.0188,19.5005,19.9392,20.8597,20.9314,20.0717,21.4183,20.8345,22.2034,20.0889,20.6225,20.5668,20.4124,20.7613,20.6368,20.9001,20.2079,21.3904,22.2106,20.7945,21.1001,21.1832,20.9932,21.8086,18.8258,19.2696,20.1154,20.3025,21.4951,19.4405,20.4849,20.5162,21.2001,21.4214,20.5416,20.6295,20.1929,20.5022,22.3901,20.1118,20.3639,19.6616,21.1878,22.2862,19.4506,20.2209,20.693,20.3771,20.8978,19.8829,19.5825,20.3279,19.9772,21.0412,20.7277,19.6417,20.8756,19.6355,22.4552,19.1819,20.146,19.9324,20.8271,23.8709,19.5242,19.6361,19.9053,20.6087,23.5621,18.4608,19.8588,20.4607,20.2833,20.2413,19.9731,20.2305,20.003,20.0303,22.2419,19.7054,20.428,21.0128,20.6123,24.7025,19.0984,19.865,20.9435,20.8368,21.7057,19.4253,20.5684,20.172,20.8978,21.9711
712,4:21:35 PM,20.051,20.185,19.9396,19.9609,20.7601,20.4506,19.6746,20.7851,21.2208,21.3881,20.345,20.2208,20.1898,20.4912,21.0056,20.3856,20.8488,21.0911,20.9511,22.0193,20.3046,20.6083,20.8816,20.1227,21.9904,19.2426,19.9151,19.4348,19.9016,20.8932,20.7369,20.0706,21.3016,20.9178,22.1052,20.1436,20.6075,20.8138,20.7785,20.9634,20.7493,20.7978,20.3219,21.4578,22.1537,20.9107,21.1272,21.3155,21.0351,21.7743,18.7492,19.2586,20.04,20.2847,21.4372,19.3939,20.3763,20.6384,21.3435,20.9972,20.5273,20.6183,20.2563,20.7832,22.2921,20.0868,20.4395,19.7276,21.1612,22.4712,19.5413,20.4889,20.9274,20.3951,20.9102,19.7815,19.7298,20.2638,19.9387,21.058,20.7992,19.8174,20.897,19.5345,22.4618,19.227,20.1616,19.9399,20.9112,23.9855,19.5116,19.7696,20.1863,20.7705,23.589,18.5597,19.879,20.4865,20.2669,20.64,19.9784,20.3196,19.9324,19.9855,21.966,19.7786,20.5017,21.0998,20.6718,24.8797,18.9587,19.8347,20.8351,20.7586,21.695,19.0857,20.3936,20.1007,20.9875,21.8979
713,4:21:55 PM,19.9264,19.9267,19.7925,19.9072,20.8875,20.4332,19.6694,20.7237,21.3117,21.461,20.3082,20.2678,20.0343,20.5852,20.9883,20.3707,20.89,21.04,20.9518,22.1332,20.2933,20.717,21.0363,20.3268,21.8499,19.2319,19.839,19.7677,19.9888,20.883,20.8501,20.0465,21.2448,20.7953,22.2806,20.0295,20.5536,20.8061,20.9538,21.2063,20.7203,20.8948,20.3299,21.3661,22.1945,20.781,21.1775,21.1498,20.9525,21.7577,18.7106,19.0839,20.0339,20.3728,21.5548,19.375,20.2329,20.4952,21.134,21.342,20.5763,20.5674,20.1533,20.7392,22.52,20.2023,20.3547,19.7578,21.248,22.4708,19.5073,20.4218,20.7709,20.4561,20.8925,19.6804,19.5261,20.4911,19.8273,21.0265,20.8306,19.5213,20.8884,19.3382,22.6384,19.1185,20.0022,19.8449,20.5528,23.9802,19.3773,19.6038,19.9508,20.7978,23.4952,18.5606,20.0969,20.463,20.0644,20.7956,19.9125,20.0918,19.979,20.0168,22.2649,19.4846,20.3373,20.9871,20.6507,24.9113,18.7469,19.5768,20.9529,20.8315,21.8297,18.9407,20.4136,19.9734,21.093,21.7724
714,4:22:15 PM,19.9462,20.072,19.8415,19.8495,20.7971,20.5468,19.7792,20.7672,21.2929,21.2424,20.3187,20.1769,20.0479,20.7609,21.1582,20.4998,20.8492,21.0994,20.998,22.2102,20.1774,20.6526,20.8989,20.4713,21.9889,19.2592,19.9938,19.494,19.9142,20.8473,20.8857,20.1834,21.1684,20.7584,22.3139,20.1262,20.6946,20.7115,20.7491,20.9132,20.6156,20.8853,20.3111,21.5088,22.2367,20.8577,21.204,21.3582,21.0043,21.9249,18.7133,19.0622,20.0378,20.2617,21.4962,19.394,20.3477,20.542,21.2061,21.6091,20.577,20.5691,20.3446,20.77,22.3641,20.1477,20.3526,19.6328,21.2465,22.6915,19.4382,20.3363,20.6856,20.4675,21.2222,19.6732,19.4786,20.3924,19.9854,21.147,20.7212,19.747,21.021,19.5302,22.8033,19.1518,19.961,19.9631,20.5965,23.7177,19.3978,19.7153,20.2235,20.8298,23.5853,18.5511,20.1776,20.488,19.9929,20.71,20.0131,20.0725,19.8947,19.7904,21.8575,19.6278,20.2925,21.124,20.5451,24.2225,19.0487,19.8733,20.7313,20.8179,21.4054,18.9005,20.3762,19.7591,20.9385,21.7927
715,4:22:35 PM,19.8231,19.9622,19.9025,19.9773,20.7447,20.425,19.7033,20.874,21.359,21.3847,20.2223,20.0263,19.9674,20.5601,21.2004,20.3355,20.8738,21.0128,20.9109,22.21,20.3122,20.8796,20.9202,20.4185,21.9709,19.0982,19.9296,19.4405,20.2216,20.9225,20.7211,20.1287,21.1875,20.8959,22.2846,20.0691,20.6578,20.8091,20.8544,21.1322,20.6753,20.915,20.443,21.4706,22.2717,20.8282,21.2018,21.2654,21.1396,21.8435,18.6716,19.1457,20.1499,20.3433,21.5002,19.5792,20.4234,20.5795,21.2194,21.1816,20.5909,20.691,20.1518,20.752,22.337,20.138,20.4372,19.6598,21.3113,22.686,19.4177,20.4997,20.8355,20.622,21.068,19.6937,19.4603,20.3649,20.0739,21.0395,20.7937,19.5754,20.9251,19.5071,22.2202,19.2441,19.9385,20.0563,20.8236,24.137,19.44,19.7908,20.2069,20.5673,23.5001,18.6266,19.7859,20.3499,20.2072,20.4304,20.0159,20.1292,19.8964,19.8427,21.9544,19.7398,20.3325,20.9569,20.7236,24.6529,18.8653,19.5816,20.861,20.8349,21.4903,18.9775,20.3996,19.8807,21.0804,21.8544
716,4:22:55 PM,20.0146,20.1187,20.0215,20.057,20.8454,20.5047,19.9269,20.8354,21.3929,21.1509,20.332,20.0728,19.7912,20.4652,20.9794,20.4109,20.8773,21.0452,20.8842,22.156,20.2104,20.7924,20.9216,20.4904,22.0195,19.1784,19.8959,19.8632,20.2257,20.939,20.8859,20.1168,21.3013,20.8365,22.0912,20.1092,20.6351,20.6509,20.5668,20.9566,20.6739,20.8714,20.2256,21.4404,22.2061,20.7902,21.3308,21.2485,21.0162,21.886,18.8974,19.2611,20.1055,20.4024,21.5005,19.4668,20.4542,20.6521,21.2374,21.3432,20.7219,20.5482,20.2638,20.8013,22.499,20.1498,20.3598,19.6829,21.2034,22.5303,19.6223,20.4168,20.8887,20.6005,20.9819,19.7622,19.5099,20.403,19.7839,21.0627,20.7722,19.6382,20.8142,19.4645,22.2106,19.327,20.0695,19.9192,21.0318,24.0269,19.381,19.7573,20.1242,20.6774,23.5802,18.352,19.8461,20.4507,20.164,20.2635,19.9082,20.1126,19.909,20.0977,22.5061,19.8512,20.4317,20.9904,20.8302,24.5151,19.0935,19.6208,20.7753,20.8724,21.5405,18.9887,20.4177,20.1261,20.9446,21.899
717,4:23:15 PM,19.932,19.9799,19.9772,20.034,20.7711,20.4137,19.7552,20.8525,21.093,21.2718,20.3246,20.0962,20.0253,20.5897,21.3151,20.3809,20.8803,21.0086,20.8765,22.1397,20.1879,20.7779,20.8998,20.2122,21.9297,19.1707,19.8598,19.7799,20.1233,21.0228,20.8408,20.2291,21.2566,20.9962,22.2456,20.1314,20.5023,20.706,21.0105,21.1022,20.6361,20.8007,20.2514,21.3696,22.2683,20.8787,21.1346,21.2119,21.0503,21.7315,18.7618,19.1815,20.0502,20.2731,21.5158,19.39,20.4126,20.5753,21.2097,21.2098,20.4983,20.6392,20.3451,20.7486,22.4137,20.0482,20.4994,19.6719,21.2725,22.3157,19.2533,20.3739,20.7508,20.5073,20.9227,19.6423,19.4524,20.3151,19.8062,21.0531,20.8383,19.6757,20.457,19.5272,22.1395,19.2684,20.0325,19.78,20.7697,24.016,19.4527,19.7326,20.0566,20.5625,23.5026,18.3757,19.4996,20.4063,19.8459,20.3952,19.9634,20.1373,19.9489,20.1411,22.4295,19.7675,20.5455,21.1278,20.7389,24.9423,19.0039,19.8337,20.8655,20.943,21.8038,19.0811,20.4624,19.9887,21.0331,21.9337
718,4:23:35 PM,19.859,20.0559,20.0517,20.0784,20.9121,20.5358,19.8552,20.9249,21.2585,21.1947,20.2385,20.1539,19.9939,20.408,21.0815,20.2598,20.8978,21.0654,20.9173,22.2044,20.2114,20.7036,20.8757,20.1296,21.9728,19.391,20.0265,19.5747,19.9651,20.9854,20.8836,20.0081,21.2034,20.7554,22.3047,20.0119,20.6136,20.646,20.6915,21.2717,20.7423,20.9036,20.2855,21.4348,22.1807,20.6567,21.1398,21.2182,21.0193,21.8455,18.8112,19.2153,20.0467,20.3058,21.4474,19.4873,20.4185,20.5103,21.2499,21.2262,20.5746,20.5406,20.2985,20.6806,22.3404,20.1314,20.4198,19.5922,21.1739,22.3873,19.1373,20.2753,20.7076,20.5021,21.2295,19.7184,19.5138,20.3252,19.899,21.0714,20.7825,19.6273,20.516,19.4861,21.9606,19.1504,19.9574,20.0155,20.6093,23.3459,19.4567,19.751,19.9022,20.3939,23.673,18.3277,19.5564,20.1423,20.1681,20.1756,19.9136,20.0481,19.9093,20.0225,22.0901,19.7425,20.3196,21.011,20.7483,25.1551,19.0705,19.8715,20.9135,20.9488,21.4363,19.1325,20.2774,19.9841,21.1422,21.9517
719,4:23:55 PM,19.8314,20.1078,20.0222,20.0247,20.7543,20.5099,19.8556,20.9249,21.2124,21.2317,20.3493,20.0946,19.9192,20.6164,21.0693,20.2924,20.848,21.0632,20.815,22.1331,20.0737,20.6499,20.9382,19.8503,21.9019,19.2747,19.8747,19.5294,20.0543,20.9324,20.7008,20.1311,21.1846,20.8918,22.0445,20.0816,20.5648,20.6225,20.5804,20.7814,20.7147,20.78,20.3894,21.4811,22.2879,20.8619,21.2626,21.2234,21.1155,21.7094,18.7947,19.2094,20.0095,20.2837,21.4842,19.5284,20.4133,20.3818,21.1819,20.875,20.6171,20.5662,20.2247,20.5969,22.2662,20.0785,20.3529,19.7346,21.1561,22.3746,19.1491,20.2208,20.7365,20.6743,21.0417,19.6465,19.5804,20.3354,19.8511,21.0774,20.769,19.549,20.5764,19.4628,21.8434,19.2983,20.0778,20.0014,20.6228,23.7117,19.4611,19.7925,20.0293,20.717,23.6964,18.4052,19.7661,20.291,19.814,20.6276,19.7955,20.1718,19.9621,20.0067,22.1428,19.6958,20.403,20.9529,20.7015,24.8166,19.0269,19.9074,20.9219,20.7298,21.3474,19.2148,20.4021,20.0039,21.2549,21.9112
720,4:24:15 PM,19.877,19.9585,19.9191,19.9398,20.8666,20.4974,19.738,20.8139,21.3441,21.2808,20.3401,20.1402,19.9504,20.3911,21.0565,20.3424,20.8613,20.9263,20.9615,22.0383,20.1186,20.5653,20.7537,20.3996,21.9663,19.2479,19.9496,19.5893,20.0355,20.9174,20.85,20.0611,21.1958,20.8151,22.1862,19.9883,20.5278,20.6733,20.5074,20.6726,20.6823,20.9751,20.2917,21.4438,22.2728,20.8358,21.2092,21.2344,20.9592,21.8861,18.705,19.1018,20.0284,20.3065,21.481,19.3858,20.4892,20.5021,21.2168,21.0816,20.496,20.6743,20.2763,20.5677,22.3795,20.1684,20.3829,19.6836,21.1807,22.2001,19.1965,20.2609,20.7248,20.5616,21.2399,19.572,19.5851,20.2443,19.7291,21.0414,20.8129,19.5199,20.7791,19.3303,21.8449,19.2214,20.0177,19.8809,20.4804,24.1746,19.465,19.7034,20.24,20.5934,23.4195,18.3573,19.714,20.433,20.0848,20.5011,19.8113,20.1274,19.8925,19.8237,22.2898,19.4974,20.3309,20.9658,20.6478,24.8104,19.0444,19.8035,20.9791,20.8564,21.8618,19.1098,20.4721,20.0569,21.0503,21.9471
721,4:24:35 PM,20.0003,19.9217,19.8562,19.9607,20.7604,20.4195,19.8496,20.8671,21.4145,21.4163,20.261,20.1893,20.097,20.5894,21.1274,20.2894,20.944,20.9494,20.9738,22.1065,20.1413,20.7616,21.0244,20.3275,22.0139,19.1759,19.8941,19.5379,19.8835,20.8998,20.9421,20.1589,21.2817,20.8591,22.3209,20.0038,20.6721,20.7539,20.6662,21.2198,20.7206,20.8552,20.1888,21.4365,22.1489,20.737,21.1656,21.2576,21.0107,21.8633,18.9642,19.158,20.0531,20.3807,21.4505,19.676,20.4355,20.6134,21.2337,21.1873,20.3357,20.6519,20.1818,20.8038,22.3272,20.1215,20.2616,19.7243,21.151,22.2259,19.4005,20.3001,20.8324,20.5935,21.357,19.6345,19.492,20.3407,19.8178,20.9895,20.7609,19.6499,20.8548,19.5112,21.7686,19.3835,20.0528,19.9397,20.6884,23.9654,19.2152,19.7849,20.2315,20.442,23.5901,18.279,19.7597,20.4279,19.8597,20.3462,19.8396,20.1569,19.8929,19.9973,22.6006,19.5374,20.2329,20.8531,20.7987,24.6859,19.2655,19.8105,20.8039,20.8456,21.9621,18.9566,20.2601,19.8402,20.9053,21.7065
722,4:24:55 PM,19.9534,20.1596,20.0081,20.0051,20.7999,20.4761,19.819,20.8351,21.3021,21.4416,20.2839,20.0615,19.9788,20.4816,21.0865,20.2637,20.8473,21.0304,20.933,22.0409,20.1918,20.5549,20.9038,20.144,21.8574,19.1662,19.9549,19.6346,19.9813,20.9031,20.9349,20.0387,21.308,20.7503,22.1207,19.9621,20.5862,20.6657,20.7698,21.0922,20.7643,20.8079,20.1632,21.3884,22.1899,20.8004,21.1404,21.2482,20.9138,21.7902,18.9559,19.2412,20.134,20.3511,21.4804,19.5916,20.395,20.552,21.2621,20.9952,20.4753,20.5608,20.2139,20.7713,22.3566,20.0711,20.27,19.5748,21.1675,22.4569,19.4269,20.5298,20.7819,20.6187,21.2003,19.7933,19.5649,20.4103,19.8803,21.0355,20.8489,19.5978,20.8943,19.5625,21.8803,19.2474,19.9341,19.853,20.5145,23.7895,19.4952,19.7446,20.271,20.6374,23.4242,18.3918,19.8186,20.1804,19.8697,20.9196,20.0055,20.1185,19.9224,19.9535,22.4172,19.7772,20.439,20.96,20.8789,24.7435,18.9354,19.7298,20.8472,20.831,21.5307,18.9065,20.4331,19.5396,21.0553,21.8897
723,4:25:15 PM,19.9034,20.1663,19.9439,19.9368,20.9096,20.427,19.8917,20.8074,21.4155,21.4488,20.363,20.2477,20.0223,20.6353,20.9534,20.2945,20.851,21.1141,20.9372,22.1153,20.2055,20.7555,20.8938,20.3827,22.1653,19.1936,19.9009,19.4267,19.8209,20.9148,20.8983,19.9803,21.309,20.7289,22.2597,20.0208,20.6396,20.7711,20.8345,20.7085,20.7046,20.8707,20.2007,21.3779,22.1171,20.8577,21.1727,21.2873,20.9557,21.9173,18.8229,18.9965,20.0834,20.3968,21.4122,19.391,20.4851,20.4909,21.1113,21.1117,20.4185,20.478,20.1869,20.5782,22.3212,20.1361,20.3593,19.6483,21.2334,22.3445,19.1598,20.1913,20.4582,20.6534,21.1047,19.7538,19.4487,20.4009,19.9068,20.9413,20.7976,19.5104,20.7027,19.4305,21.7156,19.1939,20.0402,19.9289,20.6014,24.199,19.5081,19.6617,19.8525,20.5035,23.2893,18.4126,19.5114,20.3384,20.0993,20.3444,19.9168,20.1483,19.9208,20.0328,22.0597,19.7235,20.508,21.0706,20.5619,23.7623,18.9145,19.7786,20.8302,20.6293,22.1395,18.9532,20.3107,19.876,21.069,21.8629
724,4:25:35 PM,20.043,20.1958,19.8642,19.9496,20.8124,20.4274,19.5866,20.6898,21.317,21.4196,20.4194,20.3072,20.1953,20.5353,20.9387,20.3984,20.8205,21.146,20.9852,22.0765,20.2511,20.6413,20.8253,20.1593,21.931,19.2612,19.9151,19.6595,19.9701,20.7917,20.9652,20.0274,21.2821,20.8092,22.1788,20.1457,20.6409,20.6666,20.6852,20.8713,20.5656,20.753,20.1931,21.3414,22.211,20.6915,21.1498,21.2235,20.938,21.7503,18.7718,19.2835,20.0816,20.3271,21.4215,19.4309,20.3975,20.4798,21.1078,21.2387,20.4941,20.5182,20.2155,20.6953,22.4742,20.0092,20.3897,19.4831,21.1715,22.3797,19.3587,20.4033,20.797,20.5817,21.1568,19.5368,19.5371,20.3826,19.9318,20.905,20.7355,19.6211,20.8969,19.4978,21.8011,19.2546,19.9569,20.0133,20.6069,23.8257,19.3633,19.6132,20.091,20.7251,23.4077,18.5175,19.7973,20.2898,20.0693,20.4981,19.8547,20.1598,19.8853,20.0725,22.2911,19.6427,20.4038,20.8877,20.8486,24.2052,19.1165,19.9634,20.8663,20.8087,21.9336,18.8701,20.4411,20.043,20.9778,21.9157
725,4:25:55 PM,19.9897,20.0993,19.8273,19.9438,20.7038,20.3801,19.6521,20.6758,21.1351,21.4907,20.4298,20.2174,20.0477,20.4553,21.0691,20.3355,20.8643,20.8688,20.9502,22.1178,20.2145,20.5432,20.9238,20.1059,21.9568,19.2904,19.9069,19.7008,19.9682,20.9363,20.7077,20.0329,21.2084,20.7219,22.1103,20.2038,20.6074,20.7865,20.7987,20.9942,20.7664,20.9014,20.3228,21.4744,22.2246,20.7047,21.1987,21.1241,21.0106,21.7413,18.8659,19.2634,20.0757,20.1849,21.421,19.4967,20.2895,20.4101,21.1924,21.111,20.5098,20.4113,20.2845,20.7435,22.3225,20.0847,20.4829,19.6476,21.1636,22.4079,19.2617,20.269,20.7742,20.5085,21.0177,19.7446,19.5207,20.4161,19.8985,20.8575,20.7387,19.5311,20.7192,19.5592,22.4111,19.309,20.093,20.1841,20.7689,23.9367,19.488,19.7719,19.8723,20.5351,23.3659,18.5308,19.7286,19.8597,20.104,20.3661,19.9917,20.1464,19.9069,20.0677,22.1041,19.8333,20.4204,20.9859,20.7287,23.8656,18.886,19.8879,20.7846,20.7993,21.7706,18.9699,20.4596,19.9223,21.0373,21.9117
726,4:26:15 PM,19.883,20.0675,19.9194,19.8493,20.8079,20.4032,19.6221,20.6271,21.1298,21.2181,20.4611,20.3003,19.943,20.5627,21.2306,20.4048,20.7926,21.1096,20.8933,22.101,20.1413,20.6408,20.9894,20.048,21.8266,19.228,19.9094,19.7187,19.9706,20.8924,20.7138,20.0422,21.2205,20.852,22.1963,20.077,20.614,20.9749,21.0489,21.2827,20.5822,20.7923,20.173,21.4305,22.0554,20.8481,21.1757,21.1099,20.9577,21.8654,18.713,19.2034,20.1382,20.2902,21.407,19.386,20.2847,20.4603,21.3213,21.3758,20.5061,20.5645,20.2908,20.7558,22.4869,20.2357,20.4116,19.648,21.1598,22.1554,19.4285,20.3717,20.8394,20.5268,21.007,19.5914,19.5546,20.2116,19.9324,21.0644,20.7985,19.6851,20.8357,19.4519,21.8024,19.1801,19.9979,20.1314,20.5045,23.8058,19.596,19.7577,20.2089,20.5507,23.2591,18.5608,19.9486,20.5683,20.2649,20.4331,20.0578,20.1757,19.9979,19.9946,21.8621,19.7267,20.2949,20.9667,20.8995,24.3054,19.0126,19.7462,20.8798,20.7397,22.0437,19.0137,20.4588,19.9702,20.9224,21.8708
727,4:26:35 PM,19.8705,20.1324,19.9534,19.956,20.8443,20.4549,19.7482,20.6795,21.0657,21.2299,20.4633,20.1571,20.1574,20.4436,21.326,20.2707,20.857,21.0099,20.864,22.0527,20.298,20.7495,21.04,20.2367,21.7607,19.0842,19.8484,19.5964,20.1518,20.7942,20.6518,20.0185,21.2929,20.7907,22.0746,20.078,20.6275,20.7951,20.9255,21.1678,20.6052,20.7606,20.2734,21.4704,22.1443,20.8015,21.1884,21.223,21.0121,21.7498,18.8544,19.1887,20.0995,20.3385,21.4333,19.4274,20.4077,20.5002,21.2709,21.3871,20.5616,20.5223,20.2642,20.5861,22.4455,20.2509,20.3862,19.559,21.141,22.4537,19.4387,20.3961,20.7115,20.3877,21.2665,19.6541,19.6112,20.2754,19.9095,21.0459,20.7318,19.6119,20.7254,19.373,22.2354,19.0357,20.0953,19.9211,20.6668,23.8219,19.4595,19.7163,19.9347,20.6481,23.19,18.5228,19.6934,20.2813,20.2574,20.4337,19.9245,20.2185,19.8962,20.1687,22.3834,19.6151,20.4076,21.0395,20.8542,24.707,18.8641,19.7568,20.8695,20.7816,21.7788,19.1395,20.4047,19.9181,20.8811,21.7013
728,4:26:55 PM,19.8869,19.9833,19.9063,19.926,20.9163,20.4785,19.7983,20.7714,21.1942,21.2465,20.3572,20.1436,19.8684,20.3819,21.2055,20.2882,20.7816,21.0283,20.8419,22.2206,20.2619,20.8049,20.9328,20.1188,22.0403,19.0749,19.9882,19.403,19.8792,20.8754,20.6251,20.1018,21.2106,20.7791,22.2749,20.171,20.5708,20.7419,20.6255,21.1822,20.593,20.8195,20.4344,21.3483,22.1645,20.8131,21.2186,21.2282,21.0546,21.8445,18.6599,19.2235,20.0531,20.2465,21.4561,19.2687,20.2827,20.4538,21.1917,21.31,20.6018,20.6232,20.1909,20.677,22.439,20.1793,20.427,19.7129,21.1947,22.5858,19.5048,20.2897,20.7755,20.5841,20.9146,19.6617,19.4544,20.2727,20.0413,21.0041,20.8254,19.513,20.7586,19.5373,22.1576,19.1763,20.0228,19.7887,20.4004,23.4934,19.492,19.7655,20.2,20.5748,23.2914,18.4611,19.8004,20.4375,20.2584,20.3052,20.0151,20.0456,20.0107,20.0289,22.1708,19.5425,20.3732,21.0515,20.8288,24.8877,19.0117,19.886,21.0064,20.8204,21.5372,19.0859,20.5172,19.7994,20.906,21.8989
729,4:27:15 PM,19.7063,20.0066,19.8066,19.9937,20.7789,20.5882,19.6922,20.7912,21.2266,21.286,20.244,20.0865,19.9844,20.3572,21.2538,20.4358,20.8219,20.965,20.9134,22.1864,20.32,20.7891,20.9591,20.2467,21.9632,19.0725,19.7226,19.6666,19.883,20.8055,20.6979,20.0256,21.3041,20.9098,22.3059,20.0421,20.6087,20.7174,20.6086,20.8816,20.5896,20.6889,20.2545,21.3219,22.2163,20.8145,21.2532,21.3253,20.9443,21.9386,18.7662,19.178,20.1127,20.3095,21.4554,19.3499,20.3304,20.5748,21.0759,21.0208,20.5795,20.5941,20.1405,20.5621,22.4955,20.1262,20.476,19.5917,21.0869,22.2576,19.5804,20.5359,20.7864,20.4895,21.0062,19.6885,19.4572,20.4368,19.9286,20.943,20.7294,19.5646,20.9525,19.424,22.5101,19.2623,19.9396,19.8488,20.4384,23.3203,19.4074,19.6453,20.2414,20.9012,23.4396,18.426,19.884,20.3548,20.0285,20.3619,19.9437,19.9924,19.8586,20.1469,23.1821,19.6315,20.4365,20.9714,21.6011,24.8204,18.9735,19.8582,20.871,20.8211,21.9693,18.949,20.3118,19.9491,20.9219,21.8875
730,4:27:35 PM,19.7862,20.0725,19.8248,19.8834,20.9157,20.515,19.7552,20.8322,21.4292,21.2912,20.4022,20.1812,19.9811,20.4872,21.1049,20.3038,20.8693,21.0399,20.886,22.0528,20.2197,20.8873,21.0384,20.3037,22.0329,19.1418,19.8871,19.5064,19.8029,20.8493,20.9082,19.8666,21.3936,20.7041,22.1493,20.0888,20.553,20.6234,20.652,20.6902,20.7875,20.9323,20.3605,21.485,22.1394,20.8548,21.2976,21.23,20.9998,21.9109,18.754,19.1499,19.9897,20.2791,21.43,19.4027,20.2916,20.4376,21.1905,21.2363,20.5354,20.5352,20.1828,20.5399,22.4601,20.0408,20.4483,19.5902,21.0473,22.6014,19.2999,20.392,20.7074,20.6271,21.3011,19.6703,19.4878,20.3185,19.8615,21.1815,20.7867,19.554,20.6475,19.4672,22.4354,19.1624,20.0824,19.77,20.4641,23.2445,19.4917,19.8,20.1256,20.8536,23.5481,18.4608,19.8233,20.2414,20.0474,20.6165,19.8709,20.1592,20.0499,20.0951,22.1647,19.5091,20.3325,21.0313,20.6943,24.6985,19.0421,19.7906,20.7823,20.6416,21.5421,19.0097,20.4376,19.9268,21.0364,21.91
731,4:27:55 PM,19.8973,20.033,19.7047,19.9292,20.7149,20.4904,19.8407,20.9479,21.4912,21.4091,20.3864,20.1118,19.9608,20.5458,21.0524,20.2692,20.7896,21.0685,20.9769,22.0452,20.3045,20.7793,20.9818,20.3697,22.1197,19.1412,19.8416,19.5218,19.8868,20.8498,20.8905,20.09,21.3413,20.8131,22.2197,20.0922,20.6614,20.7756,20.7026,20.9774,20.7296,20.7769,20.335,21.402,22.1695,20.872,21.2543,21.2757,21.1457,21.8796,18.6876,18.9922,20.0169,20.2133,21.4151,19.2722,20.3871,20.4919,21.2226,21.1307,20.433,20.6089,20.3036,20.7288,22.4205,20.0534,20.3828,19.681,21.1991,22.8713,19.3644,20.3383,20.75,20.5156,21.1569,19.734,19.4971,20.2173,19.8632,21.0559,20.7787,19.5709,20.4024,19.3611,22.1069,19.3784,19.938,19.8742,20.575,23.754,19.3706,19.6919,19.8463,20.7872,23.4635,18.4177,19.916,20.4977,19.9398,20.8593,19.9815,20.1383,20.019,20.0901,22.21,19.7125,20.3196,21.0946,20.8633,24.7924,18.9844,20.0004,20.8755,20.8028,21.6704,18.9905,20.3957,19.7598,21.0472,21.938
732,4:28:15 PM,19.8263,20.0074,19.8706,19.9434,20.8441,20.4778,19.8281,20.9096,21.3976,21.4596,20.3361,20.0574,20.018,20.688,21.2215,20.2732,20.9724,20.9604,20.9993,22.1203,20.3047,20.7522,20.9836,20.3284,22.1101,19.1119,19.8011,19.6288,19.9967,20.8756,20.885,20.0132,21.3324,20.9381,22.309,20.0837,20.621,20.8073,20.9225,21.1594,20.7598,20.7135,20.3931,21.5342,22.2643,20.8585,21.2347,21.2724,21.0872,21.8849,18.6492,19.1207,20.0597,20.2619,21.4859,19.3119,20.3761,20.4352,21.0927,21.0341,20.4945,20.6849,20.3199,20.6755,22.4613,20.0362,20.4278,19.6385,21.2202,22.6445,19.5609,20.4748,20.7741,20.5402,21.0871,19.6866,19.5012,20.2696,19.894,21.0615,20.9114,19.5237,20.6831,19.4422,22.1403,19.3206,20.003,19.8182,20.6207,23.7681,19.4958,19.7243,20.1899,20.5716,23.5378,18.6106,19.8393,20.4682,20.1429,20.326,19.942,20.187,19.8429,20.0071,22.5247,19.4313,20.3722,21.0859,20.9255,24.2514,19.015,19.8224,20.9479,20.8394,21.4986,19.1194,20.3925,19.7951,21.0157,21.8053
733,4:28:35 PM,19.8768,20.0704,19.9752,20.1,20.855,20.5362,19.9303,20.897,21.326,21.2917,20.2923,20.0437,19.9733,20.6011,21.1175,20.4406,20.9244,21.2021,20.9157,22.019,20.1895,20.7523,20.9141,20.3744,22.0499,19.0981,19.8647,19.6024,19.9146,20.9305,20.7691,20.2463,21.3584,21.0062,22.2462,20.0163,20.7031,20.7982,20.9089,21.0674,20.7436,20.874,20.3716,21.4039,22.2782,20.7225,21.2101,21.2562,20.9617,21.9515,18.7614,19.1441,19.9962,20.2374,21.45,19.4522,20.2852,20.5754,21.2753,21.3692,20.5304,20.5883,20.1717,20.8321,22.542,20.099,20.386,19.5075,21.1075,22.4301,19.4097,20.4587,20.8483,20.5657,21.1288,19.6626,19.587,20.2965,19.8333,20.9959,20.7492,19.5903,20.8338,19.4411,22.0035,19.2368,19.9385,19.9365,20.6201,23.3695,19.49,19.7441,20.2994,20.7143,23.6604,18.4801,19.7397,20.1974,19.9935,20.6121,19.9655,20.0841,19.8416,19.9824,21.7211,19.5525,20.3706,20.9456,20.7272,24.1358,19.0131,19.8503,20.9231,21.042,21.7775,18.9288,20.3169,19.8207,21.1081,21.7545
734,4:28:55 PM,19.8271,20.0395,19.9812,20.0212,20.9253,20.5945,20.0496,20.8548,21.3533,21.2662,20.3623,20.0772,20.0968,20.5456,21.0012,20.3764,20.8749,21.0761,20.9116,22.0034,20.3381,20.8847,20.9697,20.3253,22.0075,19.2389,20.0887,19.8141,20.0794,20.9719,20.6493,20.241,21.2883,20.8848,22.2296,20.0191,20.7244,20.7058,20.6545,20.8992,20.6371,20.8993,20.503,21.3677,22.3347,20.8407,21.1208,21.25,20.9524,21.8272,18.8153,19.2297,20.0308,20.346,21.4852,19.5229,20.4292,20.5619,21.2729,21.2276,20.4339,20.6551,20.3145,20.656,22.7301,20.1253,20.3972,19.6446,21.0942,22.5182,19.2721,20.3595,20.7139,20.4843,21.2632,19.6922,19.4894,20.2457,20.0277,21.1561,20.8131,19.7518,20.939,19.4494,22.0201,19.3258,20.0583,20.0489,20.5416,23.5884,19.4896,19.761,20.1679,20.6502,23.6412,18.4511,19.9918,20.3371,20.1169,20.7811,19.9866,20.214,19.8424,19.9984,22.0726,19.5797,20.473,21.126,20.7481,24.2824,18.986,19.9789,20.9861,20.9337,21.8705,19.2022,20.392,19.9674,21.0638,21.8862
735,4:29:15 PM,19.957,19.99,19.9986,20.029,20.8919,20.4816,19.7984,20.8287,21.4495,21.309,20.2454,20.1453,20.0161,20.4456,20.946,20.359,20.8681,20.9747,20.9075,22.0929,20.3364,20.7541,20.8967,20.2463,22.0033,19.1579,19.8835,19.5535,20.0535,20.889,20.7994,20.2077,21.4478,20.9092,22.1875,19.9106,20.6318,20.6754,20.5379,20.3881,20.6492,20.7733,20.3373,21.3583,22.358,20.8739,21.1691,21.1578,21.0624,21.948,18.789,19.1803,20.1028,20.3264,21.4016,19.4598,20.4799,20.5138,21.1686,21.2728,20.5383,20.538,20.205,20.5656,22.6813,20.1631,20.3958,19.6033,21.2504,22.5385,19.2922,20.3267,20.681,20.5394,21.04,19.734,19.582,20.4024,19.9256,20.9564,20.8419,19.6356,20.8656,19.4285,21.9975,19.3066,20.0923,20.2177,21.1483,23.5499,19.4819,19.73,19.9209,20.6301,23.5473,18.3794,19.6739,20.4623,20.0767,20.4898,19.984,20.2597,19.9255,20.0053,22.4538,19.9465,20.3955,21.0784,20.9498,24.5095,19.0072,19.9963,20.9283,20.9604,21.573,19.0747,20.2033,19.9612,20.9862,22.0547
736,4:29:35 PM,19.9548,20.0191,19.8898,20.0384,20.8121,20.569,19.8401,20.9805,21.4812,21.496,20.325,20.1598,20.0133,20.3896,21.0351,20.3817,20.8571,21.0464,20.965,22.1276,20.044,20.7236,20.8141,20.1287,21.875,19.2105,20.0041,19.5645,19.8906,20.8997,20.9703,20.096,21.4064,21.0031,22.1398,20.122,20.6742,20.7023,20.4534,20.9211,20.7288,20.7977,20.3466,21.3487,22.0723,20.7481,21.2189,21.1605,21.0214,21.9691,18.7363,19.2427,19.9206,20.2883,21.4389,19.669,20.3259,20.6327,21.2428,21.6414,20.4968,20.6369,20.2178,20.6004,22.4478,20.075,20.3231,19.6785,21.1715,22.4054,19.4623,20.3803,20.9548,20.5894,21.0757,19.6354,19.5522,20.3706,19.9167,21.0803,20.8825,19.6192,20.8609,19.5038,21.8684,19.2961,20.1454,20.2482,21.0237,23.8537,19.4969,19.7603,20.144,20.6077,23.5444,18.5048,19.8821,20.2715,20.0218,20.4164,20.0363,20.2057,19.9452,20.1119,23.22,19.6473,20.327,21.1387,20.7781,24.5054,19.022,19.765,20.8924,20.8234,21.6385,19.0253,20.429,19.6845,21.0379,21.8502
737,4:29:55 PM,20.1058,20.1691,20.0068,19.9229,20.8359,20.4125,19.7267,20.9236,21.5126,21.5946,20.247,20.1932,20.1463,20.4157,20.8809,20.4356,20.878,20.9227,20.9966,22.0156,20.2135,20.4846,20.9264,20.187,21.9495,19.2109,19.914,19.7217,19.9711,20.9053,20.9469,20.0345,21.39,20.8197,22.1676,20.0053,20.587,20.6547,20.5409,20.8322,20.7262,20.8505,20.3284,21.3376,22.2211,20.6171,21.1544,21.1855,20.9129,21.9033,18.867,19.3458,20.1508,20.349,21.4871,19.6852,20.349,20.4288,21.2343,21.0314,20.5317,20.5731,20.1596,20.7469,22.8477,20.046,20.3577,19.6264,21.2016,22.6741,19.5193,20.3656,20.6594,20.489,21.0513,19.7958,19.5175,20.3322,19.8506,20.991,20.8826,19.7957,20.8215,19.5387,21.8752,19.3048,20.0833,20.1819,21.1261,23.71,19.4322,19.5572,19.8582,20.6461,23.3179,18.544,19.8501,20.3993,20.1165,20.2912,19.9708,20.1857,19.9303,20.0545,22.6231,19.8522,20.3913,21.1231,20.851,24.5286,19.1531,19.8118,20.9394,20.8215,21.6992,19.2347,20.3819,19.8832,21.0314,21.9339
738,4:30:15 PM,20.1204,20.1632,20.0583,19.8703,20.8431,20.5059,19.8428,20.8463,21.3789,21.6099,20.3194,20.1707,19.9223,20.5872,20.9639,20.3845,20.8381,21.0246,20.8215,22.0449,20.3322,20.7132,20.7113,20.3268,22.0064,19.207,20.0455,19.5735,20.018,20.9403,20.7773,20.0523,21.4362,20.9601,22.3592,20.0599,20.691,20.71,20.6234,21.267,20.724,20.7968,20.1897,21.409,22.2241,20.7348,21.1763,21.09,21.0889,21.8332,18.8618,19.2822,20.1254,20.3189,21.3163,19.5275,20.4324,20.4653,21.1341,20.9722,20.3641,20.5988,20.3482,20.7133,22.4492,20.1271,20.4017,19.6451,21.1588,22.5862,19.2414,20.2682,20.8245,20.5377,21.2756,19.7598,19.6641,20.2741,19.8826,20.904,20.8168,19.4584,20.9643,19.6208,21.7779,19.3105,20.1438,19.955,20.8454,23.6102,19.3125,19.7395,19.9243,20.4534,23.3629,18.4713,19.8034,20.2969,20.1917,20.4866,20.0284,20.1895,19.9212,19.9991,22.4363,19.7627,20.356,21.0106,20.9967,24.7245,19.061,20.1682,20.9627,20.7309,21.7291,19.1475,20.4582,20.0769,21.0344,21.9989
739,4:30:35 PM,20.0665,20.0765,19.9934,19.8673,20.8396,20.4763,19.6418,20.669,21.1442,21.4383,20.2644,20.1822,20.1904,20.5846,21.3077,20.4908,20.8658,21.0758,20.9078,22.1442,20.1868,20.5336,20.9506,20.4233,21.9715,19.3832,20.053,19.66,19.9167,20.9242,20.8069,20.0419,21.1942,20.7583,22.2705,19.9854,20.6648,20.8419,20.6543,20.8626,20.6911,20.76,20.2956,21.4425,22.1367,20.7518,21.2265,21.2338,21.1511,21.7494,18.8204,19.1708,20.0442,20.2354,21.4589,19.6021,20.4458,20.4695,21.2635,21.2742,20.5248,20.5784,20.2046,20.7603,22.3973,20.0803,20.3413,19.6612,21.2232,22.4057,19.3137,20.1526,20.766,20.4298,20.9898,19.7168,19.6555,20.2601,19.9881,21.054,20.7756,19.6356,21.0385,19.5556,21.8684,19.3945,20.0438,20.0777,20.7622,23.52,19.4877,19.6544,20.1631,20.6336,23.5687,18.5026,19.7619,20.2515,20.1183,20.413,20.0163,20.138,19.9346,19.9683,22.6064,19.685,20.3726,21.0843,20.7542,24.5192,19.1109,20.0829,20.8673,20.8552,21.8086,19.0215,20.3119,19.8945,20.8234,21.9777
740,4:30:55 PM,19.9355,20.1383,19.8694,19.9515,20.8108,20.3573,19.7957,20.7895,21.2484,21.2787,20.3399,20.1038,19.9998,20.6238,21.0487,20.3916,20.8557,21.0121,20.8764,22.055,20.3089,20.8378,20.876,20.3897,21.9298,19.1743,19.8429,19.4968,19.9264,20.9921,20.6634,19.9115,21.1523,20.8269,22.1214,20.0509,20.5715,20.839,20.8194,20.8693,20.7397,20.7631,20.3393,21.469,22.2252,20.6547,21.2641,21.1991,21.0144,21.7334,18.8199,18.9986,20.1419,20.2269,21.5102,19.5506,20.5212,20.3875,21.2072,20.9267,20.5189,20.5547,20.1118,20.6203,22.3624,20.1612,20.3531,19.6191,21.1133,22.4035,19.5588,20.409,20.7523,20.4134,21.0428,19.6995,19.4963,20.3069,19.7748,21.0414,20.7055,19.6333,20.8148,19.5266,22.2067,19.3425,19.9886,19.9181,20.5849,23.8385,19.4161,19.763,20.0788,20.8636,23.5477,18.4531,20.0844,20.4379,20.2927,20.3212,19.9412,20.1116,19.9067,19.8375,22.1897,19.4958,20.4362,21.1028,21.0424,24.8114,18.9015,19.7946,21.0277,21.0549,22.1405,18.8929,20.2789,19.761,20.8401,22.1288
741,4:31:15 PM,19.682,19.9128,19.8877,19.9041,20.8337,20.5171,19.8006,20.7689,21.3163,21.2861,20.3484,20.1567,19.9156,20.4707,20.9834,20.4409,20.9657,20.9325,20.7998,22.0825,20.2073,20.7687,20.894,20.3343,22.0691,19.2824,19.9848,19.7933,20.241,20.8559,20.4897,20.1305,21.2646,20.9331,22.1621,20.0474,20.4205,20.6903,20.7872,21.0486,20.6953,20.9216,20.4674,21.4643,22.2282,20.7758,21.2091,21.2662,21.1159,21.8374,18.7841,19.2061,20.1982,20.3908,21.4245,19.3618,20.4354,20.5174,21.1113,21.074,20.4878,20.5111,20.212,20.6501,22.4797,20.1946,20.4432,19.6714,21.2094,22.5931,19.4384,20.3406,20.7341,20.5075,21.1291,19.6674,19.5151,20.3634,20.0036,21.17,20.8134,19.6339,20.4633,19.339,21.9965,19.1404,19.941,19.7974,20.4111,23.5642,19.395,19.6908,20.2533,20.889,23.5755,18.4525,20.1079,20.3883,20.219,21.0144,19.9347,20.1689,19.9073,19.8768,22.0637,19.6817,20.4067,21.202,20.8698,24.4632,18.9971,19.5344,20.5919,20.9052,22.0775,19.0845,20.4335,20.0121,21.1753,21.9161
742,4:31:35 PM,19.764,19.983,19.8919,19.9351,20.9087,20.4938,19.699,20.7444,21.3185,21.3373,20.365,20.0872,20.0446,20.5018,21.0174,20.4177,20.844,21.1322,20.8844,22.0449,20.3019,20.8493,20.9687,20.3465,21.9478,19.2133,19.8873,19.4526,20.0276,20.8344,20.8999,20.0829,21.2675,21.0766,22.2078,20.0984,20.5943,20.6624,20.9859,21.2932,20.7446,20.8826,20.2652,21.4295,22.2164,20.8243,21.222,21.2437,21.1139,21.8298,18.6625,19.1239,20.0488,20.241,21.4321,19.5744,20.4933,20.5695,21.2424,21.1763,20.4322,20.6923,20.3714,20.6072,22.3296,20.1036,20.2925,19.639,21.1962,22.4131,19.343,20.3413,20.7591,20.5738,20.8131,19.6908,19.3684,20.2658,19.945,21.1068,20.8636,19.6026,20.92,19.5287,21.8512,19.2917,19.9672,20.1766,20.5675,23.8369,19.4382,19.7357,20.1453,20.6713,23.4922,18.4371,19.7802,20.5352,20.0789,20.9659,19.9301,20.2271,19.9518,19.8414,22.4338,19.503,20.3466,20.9133,20.6164,24.5391,19.0029,20.0465,20.8995,20.9182,22.041,19.0749,20.3183,19.7355,21.0039,21.8756
743,4:31:55 PM,19.9019,20.0178,19.826,20.0276,20.8508,20.4746,19.8078,20.93,21.433,21.3608,20.3148,20.129,19.885,20.5133,21.0444,20.4011,20.8827,21.1073,20.9139,21.9901,20.2442,20.5101,20.9107,20.3719,21.966,19.2837,19.9583,19.4806,20.0946,20.8862,20.7962,20.0804,21.3182,20.9727,22.2246,20.0859,20.6247,20.6724,20.6452,21.1714,20.6079,20.8636,20.4289,21.4702,22.1297,20.8379,21.1632,21.2016,21.1046,21.8873,18.9128,19.2785,20.1006,20.293,21.3867,19.573,20.3918,20.4915,21.3138,21.2084,20.4959,20.5194,20.2781,20.6475,22.298,20.135,20.3252,19.6225,21.0397,22.467,19.5098,20.3592,20.8011,20.5819,21.1362,19.8037,19.6164,20.3387,20.002,21.0276,20.8852,19.7017,20.9031,19.5887,22.0058,19.3837,20.0664,20.0796,20.672,23.3761,19.4982,19.6066,20.0319,20.5725,23.5483,18.3617,19.6911,20.5096,20.1863,20.4615,19.9987,20.1009,19.9281,20.057,22.2157,19.7516,20.4119,20.9615,20.9454,24.3184,19.1081,19.9516,20.8778,21.1846,22.4894,19.0833,20.4602,20.1465,20.8558,22.1227
744,4:32:15 PM,20.0432,19.9632,19.905,20.0255,20.8789,20.5715,19.8905,20.9955,21.3636,21.4204,20.2483,20.0595,19.958,20.3742,21.0187,20.3311,20.9337,21.0488,20.8891,22.0977,20.2251,20.7211,20.8838,20.255,21.9416,19.1341,19.951,19.6961,19.9522,20.8507,20.708,20.1128,21.2846,20.9021,22.0831,20.0573,20.6365,20.7411,20.7216,20.9257,20.7736,20.7435,20.2553,21.436,22.0971,20.7605,21.1825,21.3187,21.0092,21.9422,18.9072,19.2566,20.0679,20.2483,21.4317,19.5015,20.4213,20.5765,21.2212,21.5357,20.3958,20.5915,20.2175,20.6629,22.4212,20.1401,20.3258,19.627,21.1643,22.2726,19.2466,20.2572,20.8258,20.601,21.1369,19.7854,19.5237,20.3463,19.9821,21.1539,20.8036,19.6765,21.0221,19.7894,21.85,19.3442,20.1318,20.1615,21.1,23.8986,19.5428,19.7832,19.9556,20.4177,23.5261,18.4742,19.7079,20.2518,20.0723,20.1986,19.9471,20.1099,19.8769,19.9419,22.3681,19.7928,20.3919,21.0372,20.6227,24.5115,18.9666,19.5973,21.0022,20.8924,21.7462,18.956,20.3533,20.165,20.9632,21.8701
745,4:32:35 PM,20.1662,20.2195,19.9662,19.9315,20.9313,20.4221,19.8556,20.8717,21.3811,21.5023,20.4388,20.2286,19.9046,20.5206,20.9131,20.3921,20.8717,21.1526,20.8144,22.019,20.1442,20.7866,20.8759,20.2008,21.7807,19.2644,20.0134,19.5473,20.0329,20.9611,20.948,20.0622,21.3332,20.8107,22.1355,20.0277,20.6164,20.7392,20.8306,21.3199,20.6544,20.8637,20.4719,21.4746,22.1369,20.8004,21.1086,21.2678,21.1639,21.7895,18.8429,19.2605,20.2603,20.3747,21.5654,19.5448,20.3913,20.5385,21.2592,21.4113,20.4653,20.6461,20.2395,20.7662,22.408,20.0768,20.4346,19.6634,21.1435,22.5743,19.3292,20.1936,20.7683,20.5035,21.2884,19.8118,19.692,20.3739,19.96,21.0538,20.8297,19.7147,21.2015,19.5023,22.0966,19.4822,20.0339,20.072,20.8594,23.9739,19.441,19.6607,19.8896,20.6925,23.5487,18.4036,19.7961,20.2151,20.3103,20.4771,20.0399,20.158,19.8791,19.9529,22.7682,19.6465,20.469,21.1687,20.8311,24.619,19.1385,19.7878,21.0065,20.9971,21.9661,19.2323,20.5263,19.8603,20.8594,21.7157
746,4:32:55 PM,19.948,20.2378,19.9192,19.9243,20.7281,20.3606,19.6159,20.7378,21.308,21.4511,20.3851,20.1803,20.2006,20.6274,21.0681,20.4039,20.9052,21.036,21.0458,22.0839,20.234,20.6299,20.8213,20.3926,21.9713,19.208,19.8621,19.6537,20.0023,20.9134,20.9153,20.0836,21.1626,20.8091,22.1674,19.978,20.6798,20.8968,21.0437,20.9056,20.5948,20.9244,20.3686,21.5392,22.1343,20.7563,21.2349,21.2842,21.0673,21.7729,18.756,19.1647,20.0052,20.3632,21.3325,19.5807,20.4011,20.4644,21.1212,21.1049,20.418,20.6239,20.1271,20.6689,22.3584,20.0634,20.4106,19.5701,21.2227,22.5643,19.5017,20.2852,20.8615,20.5168,21.4318,19.7238,19.6313,20.4272,19.8823,21.1861,20.8988,19.7069,20.9808,19.3559,22.0494,19.4521,19.9136,20.2391,20.6449,23.559,19.4856,19.6884,19.9629,20.6377,23.4475,18.3365,19.9315,20.4819,20.3812,20.7871,19.8687,20.1519,19.9181,20.1055,22.0096,19.6901,20.3652,21.1787,20.5293,24.4001,19.0752,19.7228,20.7426,20.8782,21.9121,19.0589,20.3306,19.8687,20.7908,21.6844
747,4:33:15 PM,19.9037,20.1083,19.8788,19.9628,20.7038,20.4624,19.7386,20.6825,21.2429,21.4403,20.3163,20.1847,19.9549,20.3352,20.9235,20.328,20.8264,20.9873,20.939,22.0643,20.3894,20.7526,21.016,20.1787,22.0402,19.1188,19.8837,19.4948,19.9062,20.9386,21.0489,20.0552,21.1252,20.8324,22.2039,20.0006,20.607,20.768,20.6864,20.6997,20.7102,20.9291,20.1248,21.2802,22.1949,20.8778,21.1238,21.254,21.1031,21.9991,18.7838,18.9664,20.0408,20.3321,21.3984,19.5098,20.3893,20.4554,21.2137,20.8582,20.4962,20.6082,20.2794,20.7361,22.6926,20.1035,20.4566,19.7056,21.1836,22.4874,19.6568,20.3668,20.8095,20.5713,20.9226,19.6173,19.458,20.254,19.8387,20.9599,20.7952,19.7077,20.9274,19.2881,22.4406,19.2501,20.1095,19.97,20.8469,24.2152,19.3777,19.6937,20.3163,20.7173,23.5504,18.4599,19.7557,20.3764,20.0301,20.2031,19.968,20.1138,19.8812,19.9319,21.8378,19.4669,20.295,20.9878,20.7549,24.7354,18.9429,19.8385,20.9065,20.9788,21.7296,19.1668,20.3791,20.0693,20.9431,21.8002
748,4:33:35 PM,19.8064,20.0074,19.8383,19.8238,20.8497,20.4693,19.5693,20.6901,21.2545,21.3466,20.4315,20.2382,20.1902,20.5897,21.0997,20.417,20.8834,21.0825,20.8623,22.0992,20.4065,20.8367,20.9386,20.4213,21.9087,19.2221,19.9795,19.4216,19.8073,20.8738,20.9086,20.0153,21.2882,20.8628,22.2102,20.2158,20.6158,20.8263,20.9107,20.9485,20.7802,20.796,20.1909,21.3736,22.1592,20.8422,21.1905,21.2219,21.0587,21.9045,18.7132,19.1196,20.1133,20.3605,21.4785,19.5278,20.3755,20.4191,21.2581,21.0717,20.532,20.6048,20.2012,20.673,22.2808,20.0497,20.4766,19.6977,21.1142,22.6499,19.4347,20.3772,20.8801,20.6065,21.066,19.6535,19.4648,20.3759,19.8362,21.0823,20.7139,19.7196,20.8534,19.3884,22.3985,19.19,19.9831,19.907,20.5349,23.9991,19.4351,19.8174,20.1953,20.853,23.585,18.3946,19.8091,20.4172,20.1161,20.3823,19.8454,20.0438,19.7943,20.0215,22.1518,19.4578,20.3012,20.9459,20.3891,24.1963,18.9822,19.75,20.7721,20.7634,21.777,18.9442,20.3692,19.9515,20.8312,21.8728
749,4:33:55 PM,19.8165,20.0592,19.9925,19.8556,20.7984,20.4648,19.6679,20.7082,21.2099,21.2897,20.4066,20.1775,20.0675,20.5468,21.034,20.5149,20.9783,21.0157,20.8388,22.0408,20.3723,20.8017,20.9159,20.4815,21.984,19.1725,19.9347,19.6106,20.0437,20.9458,20.6856,20.0196,21.1802,20.8503,22.1488,20.1931,20.7089,20.8559,20.529,20.7966,20.8844,20.8604,20.1889,21.3092,22.078,20.8198,21.2772,21.1654,21.0146,21.8777,18.6988,19.2284,20.1111,20.3497,21.4707,19.4768,20.2606,20.5359,21.172,21.3188,20.4687,20.6813,20.2843,20.6986,22.3496,20.1805,20.509,19.61,21.2396,22.6338,19.2815,20.3871,20.8588,20.6095,21.2225,19.5045,19.4271,20.3119,19.9262,21.1262,20.8759,19.4828,20.9257,19.4971,22.2608,19.2451,20.0457,19.9712,20.219,23.3865,19.3834,19.65,20.0964,21.1178,23.665,18.4934,19.9522,20.466,20.0564,20.5312,19.9508,20.1108,19.8871,20.029,22.3119,19.6168,20.325,21.0578,21.0472,24.6702,19.0696,19.7899,20.7809,20.8866,21.8077,19.0191,20.4543,20.0609,21.0949,21.9449
750,4:34:15 PM,19.6214,19.9515,19.8821,19.8735,20.8542,20.5491,19.8699,20.7917,21.3229,21.3387,20.3676,20.1241,19.9204,20.4511,21.0269,20.515,20.8816,21.1762,20.9256,22.0576,20.2666,20.7544,21.0077,20.1052,21.9302,18.9976,19.8038,19.467,19.8172,20.8947,20.686,20.1346,21.1661,20.7923,22.0994,20.1461,20.4973,20.8087,20.6626,20.8716,20.7295,20.9089,20.3892,21.4263,22.197,20.8278,21.3022,21.3222,21.0567,21.926,18.6361,19.1537,20.1054,20.2464,21.3681,19.2495,20.3548,20.5614,21.3022,21.1338,20.4151,20.6477,20.2565,20.5861,22.3505,20.201,20.3678,19.6395,21.0603,22.4805,19.8706,20.533,20.8488,20.5884,21.0459,19.5489,19.4461,20.3293,19.9343,21.1326,20.7445,19.3855,20.4297,19.2278,22.105,19.1306,19.9301,19.8047,20.3219,23.9345,19.4876,19.6358,20.3403,20.7288,23.6886,18.5834,20.1418,20.5409,20.1454,21.0948,19.921,20.0683,19.9449,19.9074,21.9658,19.5223,20.3028,20.9433,20.8173,25.1945,18.9272,19.8076,20.8693,20.7875,21.4149,19.032,20.4043,19.8101,21.0148,21.7385
751,4:34:35 PM,19.7318,19.9606,19.9188,19.9831,20.8453,20.418,19.7747,20.9054,21.3892,21.3427,20.4262,20.1096,19.9704,20.4117,20.9649,20.4723,20.8427,21.0106,20.9222,21.9214,20.406,20.8555,20.9327,20.2531,21.9939,19.1293,19.8311,19.7001,20.0366,20.9085,20.5994,20.1079,21.2373,20.848,22.0603,19.9886,20.588,20.6132,20.6062,20.7162,20.6378,20.8171,20.2787,21.3907,22.1497,20.7739,21.264,21.2918,20.9917,21.8847,18.7648,19.1755,20.0984,20.2658,21.3795,19.2928,20.42,20.437,21.0921,21.087,20.5148,20.5306,20.2278,20.6241,22.3439,20.2464,20.4447,19.5578,21.2524,22.7012,19.3669,20.3861,20.7582,20.4542,20.8176,19.673,19.5542,20.3267,19.8704,21.0635,20.7923,19.5352,20.7946,19.4656,22.2703,19.2601,19.8678,20.0086,20.6962,23.5371,19.433,19.7716,20.1398,20.4195,23.721,18.4167,20.0231,20.5162,20.3248,20.4061,19.9005,20.0759,19.862,19.9329,22.2316,19.6113,20.3864,21.0066,21.1722,24.6498,19.0643,19.7691,20.8212,20.7691,21.4468,18.9073,20.3589,19.9252,21.0673,22.1812
752,4:34:55 PM,19.7274,19.9376,19.7841,19.9355,20.8392,20.3185,19.7594,20.9325,21.427,21.5151,20.351,19.9355,19.8977,20.4517,20.9363,20.5056,20.8876,21.0379,20.8039,21.7987,20.5571,20.9191,20.9739,20.3051,21.964,19.0484,19.9329,19.7278,19.8481,20.9564,20.7002,20.0762,21.4334,20.8551,22.1006,20.0734,20.5772,20.7297,20.7131,20.8616,20.6517,20.8507,20.3151,21.4942,22.0557,20.9566,21.2686,21.2264,20.951,22.0027,18.7863,19.1077,20.0435,20.2337,21.3855,19.5304,20.3729,20.5185,21.2566,21.3583,20.5679,20.4933,20.3128,20.6119,22.2423,20.1324,20.3779,19.6875,21.2492,22.5548,19.3495,20.4122,20.7586,20.6483,21.0976,19.6153,19.4835,20.3192,19.8736,21.1646,20.8379,19.5666,20.8355,19.6161,22.5388,19.1321,19.9948,20.2142,20.7765,23.7861,19.4474,19.7399,20.0688,20.5607,23.692,18.5389,19.9291,20.4343,20.1079,21.1797,19.9247,20.1377,19.8984,19.8691,22.2352,19.6029,20.3927,20.9929,21.4663,24.8739,19.0072,19.6951,20.8784,20.8201,21.8359,18.9804,20.3567,19.6663,21.0693,21.7995
753,4:35:15 PM,19.7756,19.9707,19.7337,19.8893,20.9463,20.3962,19.8574,21.0403,21.4999,21.5304,20.2771,20.0913,19.9202,20.4801,20.9227,20.4104,20.8546,21.1402,20.8401,22.012,20.4635,20.793,20.9163,20.3459,22.1159,19.1213,19.8219,19.5158,19.9045,20.854,20.9499,20.1377,21.2614,20.8302,22.2159,20.089,20.6773,20.6919,20.4059,20.5349,20.764,20.8264,20.2688,21.3785,22.1492,20.8165,21.2392,21.269,21.0283,21.884,18.7236,19.1307,20.0747,20.244,21.3699,19.3511,20.293,20.5713,21.1917,21.0069,20.4865,20.649,20.2588,20.6706,22.4947,20.1717,20.413,19.7335,21.1579,22.547,19.4434,20.4561,20.7341,20.3883,21.071,19.6941,19.5721,20.2347,19.9397,20.9611,20.7794,19.555,20.7893,19.4308,22.1117,19.149,20.0023,20.0878,20.6263,24.112,19.4072,19.7524,20.1397,20.8233,23.7574,18.4797,19.8623,20.6012,20.3018,20.4186,20.0435,20.1777,19.9873,19.9407,22.2324,19.5762,20.3719,21.0033,20.7851,24.7925,18.9818,19.8259,20.8182,20.7487,21.4706,19.0197,20.3421,20.0057,21.0116,21.9537
754,4:35:35 PM,19.9139,20.0093,19.7674,19.9364,20.8943,20.4202,19.7554,20.8313,21.222,21.5324,20.3425,20.1054,20.1667,20.4893,20.9142,20.4722,20.856,21.0546,20.9513,21.9885,20.4088,20.6324,20.9358,20.3089,22.0156,19.0877,19.8437,19.5195,20.0014,20.9153,20.8996,20.1525,21.2767,20.8734,22.1763,20.1252,20.5639,20.5778,20.5351,20.6092,20.8057,20.7626,20.2763,21.3795,22.1305,20.7448,21.1834,21.301,21.0024,21.9125,18.8169,19.099,20.0571,20.2996,21.3916,19.4785,20.3592,20.5908,21.213,21.4444,20.6101,20.7134,20.3174,20.6588,22.2602,20.1733,20.4851,19.6002,21.2242,22.5143,19.6612,20.5739,20.8516,20.5334,21.2836,19.6317,19.4444,20.3567,19.7874,21.0823,20.8566,19.5484,20.8203,19.2727,22.1368,19.1246,19.994,20.2014,20.5554,23.8158,19.3666,19.7997,20.0455,21.0263,23.6906,18.5037,20.0072,20.4232,20.0949,20.7357,19.8587,20.0381,19.893,19.8947,21.8085,19.6214,20.3506,20.913,20.6357,24.2879,19.1258,19.7099,20.8478,20.8315,21.9879,18.9638,20.2924,19.9331,21.0341,21.8415
755,4:35:55 PM,19.7343,19.8055,19.6822,19.7578,20.8859,20.4382,19.6293,20.829,21.4744,21.6159,20.2644,20.1155,19.9834,20.3895,20.9886,20.4511,20.8635,21.0161,20.9974,22.1107,20.2662,20.8519,20.8684,20.1488,22.0232,19.1132,19.8289,19.583,19.9466,20.9349,20.7944,20.1704,21.2697,20.791,22.2329,20.1305,20.6268,20.621,20.5788,20.8016,20.6707,20.8039,20.2615,21.3458,22.2086,20.7911,21.2283,21.2125,21.0844,21.8596,18.693,19.034,19.9985,20.2622,21.3356,19.3148,20.3254,20.4219,21.0151,21.1485,20.5892,20.5757,20.2164,20.5879,22.2943,20.313,20.4695,19.6061,21.1759,22.5257,19.2934,20.4952,20.683,20.5299,21.1808,19.7063,19.5677,20.2945,19.9716,20.9573,20.9469,19.7657,21.0242,19.5752,22.5651,19.2365,19.927,20.0526,20.5046,23.6012,19.428,19.7503,20.2012,20.6378,23.7453,18.4416,19.664,20.6031,20.3201,20.4223,19.8429,20.1874,19.8229,19.8557,22.0814,19.6018,20.3415,21.0818,20.7567,24.7097,18.9342,19.639,20.7466,20.7919,21.776,18.9245,20.2829,19.9196,21.1587,21.9018
756,4:36:15 PM,19.9844,20.051,19.7766,19.9521,20.7937,20.2632,19.649,20.8997,21.5206,21.6525,20.2867,20.0982,19.9036,20.3812,20.9096,20.3233,20.795,21.1553,20.9517,22.097,20.32,20.8111,20.9741,20.5125,22.0569,19.2894,19.8993,19.4251,19.9301,20.8872,20.9289,20.0479,21.3742,20.825,22.2211,20.0971,20.6734,20.677,20.6617,20.6517,20.7146,20.9082,20.4792,21.383,22.1136,20.7892,21.3541,21.1747,21.0901,21.8854,18.8039,19.213,20.0293,20.2793,21.3816,19.2941,20.428,20.607,21.2387,21.6081,20.4359,20.5391,20.2704,20.7393,22.3212,20.1539,20.3839,19.6753,21.0336,22.5647,19.4031,20.3976,20.6839,20.6667,21.2737,19.7126,19.4996,20.3956,19.8003,20.9658,20.7649,19.7457,21.0535,19.6492,22.2934,19.411,20.0243,20.0122,20.6157,23.4174,19.5161,19.7716,20.1861,20.592,23.6852,18.5455,19.9472,20.645,20.1061,20.5547,19.9093,20.0388,19.8494,19.9608,22.4184,19.5376,20.4144,20.9921,20.6724,24.5458,18.9684,19.68,20.9138,20.858,21.807,18.899,20.28,20.015,20.8524,21.8921
757,4:36:35 PM,19.9645,20.0297,19.7822,20.0244,20.8259,20.5331,19.9647,21.006,21.3963,21.5423,20.2878,20.1362,20.067,20.4423,21.1507,20.3817,20.902,21.0253,20.9734,22.1374,20.4411,20.8648,20.9491,20.4404,22.0073,19.1511,19.9622,19.6304,19.9219,20.8176,20.8908,20.1497,21.2982,20.8406,22.3719,20.0036,20.5678,20.7887,20.9207,21.1068,20.6648,20.7393,20.197,21.2885,22.1388,20.8379,21.1334,21.2362,21.0691,21.7933,18.8113,19.0937,19.9433,20.2436,21.3488,19.5821,20.4242,20.4791,21.1251,21.1753,20.4659,20.6032,20.2638,20.7364,22.3068,20.0137,20.262,19.6175,21.1422,22.3205,19.2662,20.3525,20.7551,20.567,21.3504,19.646,19.513,20.4019,19.7916,21.073,20.8157,19.6898,20.9232,19.489,22.2401,19.4058,20.0298,20.2547,20.6656,23.5076,19.3803,19.8032,20.0788,20.6708,23.6861,18.4625,19.8472,20.4355,20.1099,20.9676,19.946,20.07,19.8433,19.8864,22.5155,19.671,20.3879,20.9708,21.2931,24.4888,18.9682,19.6455,20.9507,20.9161,21.9388,19.1366,20.3021,19.7722,21.0295,21.9583
758,4:36:55 PM,19.9558,19.9764,19.8379,19.9727,20.7482,20.4956,19.773,20.8916,21.1991,21.4739,20.2948,20.1403,19.9539,20.5371,21.1097,20.5108,20.9255,21.0725,20.9096,22.0701,20.3844,20.9131,20.981,20.2282,22.0281,19.1508,19.9805,19.6722,19.9574,20.8792,20.7993,20.1182,21.2431,20.8671,22.2071,20.0666,20.6129,20.7066,20.76,21.0507,20.7016,20.81,20.3113,21.3434,22.2436,20.8035,21.172,21.2502,21.1538,22.0149,18.7961,19.1823,20.2567,20.2676,21.406,19.6184,20.4126,20.5529,21.2399,21.4478,20.5812,20.6536,20.3613,20.7691,22.5143,20.1841,20.4072,19.6957,21.1286,22.3372,19.3827,20.3295,20.77,20.5915,21.0116,19.7604,19.7262,20.3297,19.8553,21.0344,20.8616,19.5836,20.7151,19.5973,22.1144,19.3077,19.9813,20.2951,20.7378,23.8897,19.3848,19.7102,20.1704,20.825,23.732,18.4988,19.8462,20.4774,20.0459,20.7027,19.9896,20.1167,19.9391,19.9671,22.0823,19.6924,20.3874,21.0176,20.6725,24.2374,18.9695,19.8947,20.8888,20.9319,21.4967,18.9598,20.339,19.9481,20.8578,22.0834
759,4:37:15 PM,19.8913,20.0994,19.7763,20.0507,20.8714,20.5324,19.768,20.8173,21.3376,21.4848,20.3428,20.1148,20.1145,20.6327,21.1053,20.3781,20.8387,21.1011,20.8742,22.233,20.3935,20.6439,20.9451,20.2315,22.0133,19.1857,19.9724,19.7501,19.9604,20.9744,20.4905,20.0269,21.3207,20.9652,22.1614,20.0968,20.6156,20.7324,20.7762,21.0223,20.8139,20.937,20.3325,21.3195,22.159,20.8123,21.2513,21.2167,21.0627,21.969,18.8201,19.2279,20.0251,20.2702,21.4,19.5202,20.3093,20.4106,21.1369,21.4664,20.5083,20.6546,20.253,20.7874,22.3411,20.0105,20.4077,19.5838,21.1006,22.5609,19.2159,20.4033,20.8133,20.6253,21.283,19.7458,19.5913,20.3604,19.9782,21.0394,20.8473,19.6874,20.874,19.5515,22.0806,19.4577,20.0766,20.1566,20.8582,23.9005,19.4622,19.7782,19.9358,20.4165,23.7386,18.407,19.6587,20.3005,20.0964,20.1662,19.93,20.1549,19.9038,19.9633,22.1975,19.6223,20.4708,20.9874,20.8186,24.5767,19.0393,19.7632,20.9553,20.9296,21.5833,18.8213,20.3205,19.7075,20.9898,21.8249
760,4:37:35 PM,20.0791,20.1028,19.9615,19.8862,20.9522,20.5387,19.8505,20.7065,21.0729,21.3361,20.3353,20.0977,20.0514,20.49,21.142,20.3144,20.8493,21.1229,20.9747,22.1631,20.3843,20.7725,21.0044,20.3154,22.0308,19.3876,20.0934,19.7847,20.2072,21.0298,20.7835,20.0213,21.1453,20.9011,22.2495,20.0027,20.677,20.96,20.937,21.3566,20.719,20.9372,20.2719,21.4596,22.1914,20.7334,21.2358,21.2237,20.9712,21.9043,18.7497,19.2662,20.1572,20.3776,21.4154,19.4407,20.4669,20.54,21.2592,21.368,20.4979,20.7184,20.2238,20.8852,22.3998,20.0628,20.4124,19.6695,21.1466,22.5858,19.3244,20.3731,20.7124,20.6411,21.1877,19.6517,19.5815,20.3669,19.8403,21.0087,20.8085,19.526,20.9422,19.5351,22.28,19.3476,20.0735,19.9981,20.7461,24.0204,19.4467,19.7365,20.1768,20.5365,23.7062,18.3834,19.8488,20.3763,20.0955,20.2465,20.0194,20.0408,19.9371,19.9833,22.3314,19.6627,20.3463,21.1722,20.5984,24.7763,19.0889,19.7346,20.8435,20.8183,21.6673,19.0084,20.2679,19.8327,20.8742,21.9834
761,4:37:55 PM,19.9245,20.0119,19.8555,19.8974,20.8772,20.4454,19.4842,20.6955,21.2466,21.5,20.4024,20.1024,20.1612,20.7029,21.1471,20.4389,20.8547,21.0766,21.0033,22.0694,20.2752,20.4968,20.9636,20.2115,22.0356,19.1185,19.9477,19.6053,20.0589,20.8909,21.0003,20.0251,21.2295,20.8299,22.291,20.0948,20.7004,20.73,20.7829,21.216,20.6251,20.8043,20.3135,21.3726,22.2732,20.863,21.2348,21.1619,21.0172,21.9332,18.7243,19.1469,20.1587,20.2038,21.3525,19.4681,20.4195,20.6804,21.2194,21.3668,20.5143,20.6172,20.2218,20.746,22.2798,20.0222,20.306,19.6023,21.1514,22.4351,19.1985,20.3156,20.6646,20.5435,21.0133,19.5908,19.5421,20.4,19.8222,21.025,20.8174,19.6047,20.7431,19.5299,22.0218,19.2605,19.9809,19.9974,20.6595,23.6963,19.3056,19.6186,20.0487,20.7208,23.4231,18.4173,19.9389,20.4964,19.903,20.8735,19.8329,20.2229,19.9401,19.9301,22.1608,19.7165,20.34,21.0797,21.462,24.6372,19.0737,19.8194,20.9253,20.9353,21.6186,18.9741,20.2366,20.0826,20.9387,21.9361
762,4:38:15 PM,19.8902,20.0578,19.8856,19.8671,20.847,20.4276,19.7586,20.6063,20.9747,21.4045,20.2648,19.9865,20.1106,20.735,21.353,20.4479,20.9337,21.0491,20.9805,22.0724,20.3183,20.7175,20.902,20.1932,21.9973,19.2063,19.791,19.7474,20.0663,20.9303,20.7738,20.0543,21.2259,20.8232,22.242,19.966,20.6218,20.8477,21.0526,21.1255,20.6413,20.7955,20.1644,21.5063,22.2239,20.7196,21.218,21.1691,21.0952,22.0045,18.7137,19.2128,20.003,20.2834,21.4891,19.5213,20.3032,20.56,21.2178,21.287,20.3615,20.5547,20.3119,20.7622,22.2098,20.3062,20.4312,19.6467,21.2052,22.3538,19.2709,20.3245,20.7058,20.6103,21.2124,19.7251,19.5516,20.4223,19.8088,20.9161,20.8068,19.538,20.744,19.5256,22.5682,19.207,20.0392,20.0718,20.6996,23.9109,19.3583,19.7562,20.2828,20.5793,23.4953,18.3671,19.6801,20.4065,19.9587,20.3542,19.8696,20.0488,19.8747,20.0649,22.0932,19.747,20.4448,20.8666,20.9685,24.3613,19.1185,19.8151,20.9095,20.9989,21.7387,18.8243,20.3761,19.8026,20.9327,21.9965
763,4:38:35 PM,19.9979,20.0304,19.9945,19.9824,20.888,20.4551,19.7788,20.8137,21.1266,21.4679,20.3209,20.1523,20.0024,20.6617,21.0064,20.4143,20.8306,21.0075,20.8593,22.1125,20.0142,20.6138,20.9289,20.1799,21.9276,19.1806,19.8534,19.7459,20.1186,20.8918,20.5205,20.0247,21.1479,20.964,22.3044,20.1986,20.5954,20.752,20.8227,20.5581,20.8019,20.8706,20.2883,21.3391,22.277,20.7666,21.145,21.157,20.9265,21.9697,18.8081,19.1827,20.1089,20.1964,21.4182,19.6793,20.2749,20.5449,21.1717,21.3903,20.5205,20.5568,20.1846,20.7105,22.3185,20.1844,20.2921,19.605,21.1075,22.051,19.1396,20.2294,20.7457,20.5564,20.9004,19.8163,19.5524,20.2548,19.8703,21.0973,20.8296,19.6272,21.0263,19.5761,22.0845,19.2136,20.0342,19.9454,20.671,24.083,19.4015,19.7893,20.516,20.5895,23.4332,18.3897,19.8307,20.5698,20.1754,20.3474,19.9228,20.2042,19.8595,20.0114,22.2515,19.7816,20.3621,21.0175,21.051,24.6587,19.1425,19.9458,20.874,20.7494,21.8062,19.0458,20.4659,20.0654,21.0168,21.9166
764,4:38:55 PM,19.8348,19.8463,19.8502,19.9091,20.8358,20.4823,19.9393,20.8861,21.3616,21.2809,20.3102,20.0367,19.9145,20.4208,20.9673,20.364,20.8508,20.943,20.9282,22.0164,20.233,20.6756,20.8975,20.1582,21.9303,19.2413,19.7874,19.5799,20.1976,20.978,20.7042,20.1111,21.2393,20.9919,22.2552,19.922,20.6952,20.6275,20.4645,20.6886,20.6651,20.7728,20.1894,21.3686,22.3283,20.7749,21.1765,21.2533,21.0417,21.7684,18.7376,19.0428,20.0441,20.2877,21.4527,19.4266,20.2749,20.4443,21.1419,21.232,20.5358,20.6184,20.2044,20.6231,22.2505,20.1814,20.3698,19.5978,21.124,22.3741,19.3495,20.4384,20.8683,20.4303,21.1295,19.7782,19.4982,20.3053,19.8225,21.0138,20.8391,19.625,20.8459,19.5836,22.0033,19.0901,19.8615,20.0586,20.3959,23.3764,19.2872,19.6807,19.9533,20.6761,23.5091,18.4315,19.9739,20.3488,20.0664,21.1143,19.9254,20.0957,19.8245,19.975,22.2668,19.7515,20.4209,21.1866,21.2582,24.4339,18.915,19.931,20.9155,21.0875,22.0684,18.9069,20.2209,19.9034,21.0902,22.0284
765,4:39:15 PM,19.9416,20.0811,19.8548,19.9531,20.9061,20.517,19.8361,20.917,21.2977,21.4183,20.2733,20.0699,19.9016,20.362,21.0104,20.3661,20.8687,20.9805,20.9558,22.1544,20.3583,20.8043,21.0168,20.2266,21.8743,19.1925,19.9845,19.6205,19.9682,20.8986,20.8843,20.1106,21.2751,20.8209,22.1915,20.0809,20.5461,20.6995,20.6219,20.8962,20.6612,20.9659,20.2176,21.4422,22.1677,20.7431,21.2892,21.1412,21.0684,21.7441,18.72,19.255,20.1851,20.2664,21.429,19.642,20.336,20.4618,21.0682,21.4292,20.5775,20.6815,20.2274,20.6583,22.5996,20.1786,20.4119,19.6281,21.2493,22.3563,19.3034,20.3541,20.6417,20.5645,21.1151,19.622,19.4987,20.2739,19.8812,20.908,20.7425,19.773,20.8745,19.4342,22.1183,19.304,20.0001,19.9474,20.7927,23.5162,19.3001,19.6977,20.067,20.488,23.5478,18.5535,19.9356,20.3736,19.9749,20.686,19.9866,20.1423,19.9788,19.9684,22.2224,19.8806,20.3759,21.0684,20.6804,24.5239,19.058,19.5534,20.9291,20.8802,21.5425,18.9894,20.4022,20.0676,21.1116,21.8605
766,4:39:35 PM,19.7931,20.0323,19.9148,20.0074,20.9199,20.5087,19.885,20.8782,21.4676,21.4668,20.3408,20.0738,19.9975,20.5524,20.9209,20.3955,20.8736,21.0492,20.877,22.1545,20.3749,20.7244,20.9488,20.1748,21.9882,19.1883,20.0103,19.5841,19.9879,21.0219,21.0044,20.0952,21.3009,20.857,22.3043,19.9721,20.554,20.6478,20.7177,20.8878,20.6684,20.8004,20.2892,21.4184,22.271,20.8416,21.2895,21.2721,21.2009,21.9337,18.8584,19.3596,20.0543,20.3091,21.4411,19.5902,20.4178,20.5229,21.1079,21.3519,20.5441,20.6017,20.1635,20.6985,22.2299,20.1016,20.3994,19.5943,21.1723,22.571,19.2687,20.3542,20.6611,20.4423,21.1673,19.8166,19.6681,20.3091,19.9023,20.8973,20.8868,19.5758,21.0902,19.3796,22.1327,19.2185,19.9637,20.1221,20.8607,23.439,19.3508,19.7379,20.1253,20.3765,23.6528,18.4911,19.9237,20.2731,20.0053,20.6203,19.9954,20.0157,19.9605,20.0004,22.3652,19.6039,20.3502,21.0491,21.4841,24.6876,19.0702,20.1345,21.0629,20.9029,21.6937,19.0611,20.271,20.0106,21.0702,21.8852
767,4:39:55 PM,19.9505,20.1354,19.9885,19.984,20.7885,20.4752,19.8652,20.9118,21.4034,21.5605,20.2747,20.1826,19.9755,20.4266,20.9859,20.4557,20.7548,20.991,20.9311,22.0459,20.4194,20.6288,20.9449,20.2792,21.9231,19.2593,19.9564,19.625,20.1241,20.844,20.8982,20.2778,21.3297,20.9345,22.3033,20.1604,20.5167,20.7001,20.7597,21.1695,20.606,20.7978,20.3511,21.3738,22.2069,20.8615,21.1655,21.1958,21.0758,21.7547,18.8464,19.2712,20.0387,20.3201,21.4439,19.7339,20.4348,20.6173,21.0848,21.1575,20.5234,20.6855,20.2039,20.6767,22.5709,20.2091,20.4716,19.7514,21.125,22.5247,19.1416,20.3542,20.8851,20.6208,21.1689,19.7896,19.6517,20.3186,19.8833,21.1048,20.8711,19.6048,20.9443,19.5325,22.042,19.3187,20.0125,20.2232,21.06,23.6904,19.4524,19.6438,20.1054,20.538,23.5115,18.352,19.7866,20.3928,20.0804,20.4773,19.9252,20.145,19.9147,19.9846,22.1259,19.6041,20.5091,21.1271,20.9665,24.4609,19.1463,20.0247,20.9184,20.8863,22.0981,19.0812,20.3393,20.013,21.194,22.0841
768,4:40:15 PM,20.0996,20.1986,20.0609,19.9882,20.8711,20.4614,19.7576,20.9553,21.301,21.4476,20.3055,20.197,19.9895,20.4518,21.0122,20.3944,20.8318,21.038,20.966,22.0848,20.2533,20.671,21.0275,20.1509,21.8539,19.2869,20.0458,19.7847,20.1971,20.9944,20.9525,20.0615,21.2145,20.7605,22.3004,20.0145,20.6159,20.7391,20.6434,20.7107,20.6896,20.8984,20.3016,21.3195,22.2019,20.7512,21.2745,21.1706,21.0077,21.8665,18.7728,19.156,20.0518,20.3076,21.4395,19.6622,20.3709,20.5242,21.2194,21.2511,20.618,20.5468,20.18,20.8071,22.2026,20.221,20.4118,19.5556,21.1791,22.5844,19.1142,20.3662,20.7166,20.5382,21.288,19.6936,19.6683,20.3746,20.0836,21.0054,20.8717,19.6301,20.6458,19.6597,21.9584,19.2437,20.0769,20.1473,20.7458,23.4177,19.3454,19.6993,20.1579,20.5383,23.5611,18.4034,20.1335,20.4309,20.0591,20.4621,20.0439,20.1299,19.9444,19.9869,22.257,19.64,20.5122,21.0835,21.1869,24.6876,19.1294,19.7455,20.946,20.8372,21.905,19.0968,20.4762,20.0894,21.0405,22.1221
769,4:40:35 PM,19.9474,20.0446,19.9079,19.8696,20.8971,20.3469,19.6541,20.7937,21.4099,21.6156,20.4335,20.2363,20.1653,20.5106,21.0891,20.5153,20.9158,21.0073,20.9543,21.9794,20.3078,20.7299,20.8708,20.1827,21.9589,19.2701,19.9089,19.7488,20.0368,20.8467,20.9794,20.1154,21.4449,20.8121,22.2903,20.1097,20.5931,20.7594,20.7877,21.34,20.7023,20.9045,20.3765,21.4704,22.0239,20.7163,21.2188,21.2963,21.0407,21.8369,18.7646,19.2207,20.0366,20.2558,21.3955,19.7026,20.3688,20.5416,21.2178,21.5211,20.4353,20.6178,20.2288,20.7214,22.2559,20.0935,20.409,19.6706,21.1961,22.4284,19.2613,20.2141,20.8889,20.3649,21.0536,19.8105,19.594,20.3199,19.904,20.9405,20.9021,19.5373,21.2265,19.5456,22.1066,19.2018,20.064,20.2226,20.7436,23.9848,19.484,19.7465,19.9549,20.4648,23.5272,18.4127,19.5683,20.0144,20.0593,20.3116,19.9961,20.2114,19.9831,20.0128,22.1604,19.8007,20.4816,20.9595,20.7117,24.1496,19.1273,20.0959,21.0289,20.8569,22.0134,19.1128,20.3193,20.0662,21.0855,21.87
770,4:40:55 PM,20.1291,20.066,19.9681,19.8379,20.7985,20.4664,19.6417,20.8185,21.2655,21.4261,20.4115,20.2463,20.0626,20.4342,20.9815,20.3536,20.8392,20.9639,20.9875,22.1313,20.3442,20.6328,20.9994,20.121,22.0643,19.1847,20.0528,19.8069,19.8453,20.8012,20.9997,20.0207,21.3736,20.9064,22.267,20.1208,20.7725,20.8572,20.4411,20.8388,20.5887,20.9454,20.1876,21.3783,22.1184,20.7042,21.26,21.2807,20.9123,21.8933,18.8829,19.2603,20.0641,20.3035,21.4034,19.6336,20.5278,20.6584,21.2126,21.0665,20.5229,20.5652,20.3713,20.6582,22.2575,20.1743,20.449,19.6676,21.1587,22.2909,19.2923,20.4605,20.8198,20.4554,21.0467,19.8527,19.6173,20.3455,19.9907,21.0651,20.9496,19.5689,21.0676,19.5694,22.2432,19.2403,20.0054,20.0373,20.554,23.9255,19.3208,19.6408,19.9022,20.5047,23.2357,18.3606,19.6764,20.0904,19.9479,20.4814,20.0398,20.0979,19.912,19.9181,21.8121,19.8995,20.5153,21.0997,20.8309,24.1957,19.0953,19.8501,20.898,20.8706,21.8904,19.067,20.3616,19.9288,21.1462,21.7942
771,4:41:15 PM,19.9631,20.0994,19.9928,19.9834,20.8723,20.3094,19.6026,20.6591,21.1116,21.3142,20.4145,20.2673,20.1908,20.5986,21.248,20.3929,20.8928,21.1026,20.8896,22.027,20.1677,20.7449,21.0123,20.1548,21.9126,19.2066,20.0257,19.5742,20.0076,20.8185,20.8507,20.0853,21.1677,20.8669,22.1252,19.9994,20.5881,20.7005,20.8534,21.084,20.7158,20.8494,20.2728,21.3529,22.1186,20.7151,21.1669,21.222,20.9403,21.8172,18.8576,19.2648,20.1671,20.2096,21.4088,19.6165,20.4122,20.5966,21.2674,21.3476,20.587,20.5961,20.2203,20.6784,22.3362,20.0652,20.4405,19.654,21.1862,22.4099,19.1298,20.3813,20.7593,20.4635,21.179,19.7688,19.6421,20.3883,19.9277,21.0807,20.8959,19.551,20.7925,19.5902,22.1039,19.3683,19.8667,20.289,20.9262,23.6998,19.3712,19.7906,20.1601,20.7851,23.3727,18.447,19.7693,20.3113,20.0871,20.2105,20.0417,20.2313,19.898,19.9468,21.8605,19.7058,20.36,21.0837,20.7824,24.1641,19.2351,19.7677,20.8842,20.9361,22.0231,19.1425,20.3572,20.0528,20.8829,22.0143
772,4:41:35 PM,19.9128,20.0055,19.783,19.9314,20.9647,20.4239,19.6753,20.8508,21.2582,21.2463,20.3107,20.1521,19.9766,20.5087,20.9908,20.3354,20.8194,21.0917,20.8472,22.0192,20.3527,20.7376,20.8842,19.94,21.8003,19.2025,20.0032,19.5597,20.044,20.9225,20.614,19.9259,21.0674,20.7577,22.1887,20.1421,20.5781,20.7058,20.6448,20.8061,20.6012,20.9431,20.2921,21.3296,22.0952,20.7212,21.1783,21.1694,21.0367,21.6185,18.841,19.2639,20.0676,20.2622,21.3792,19.4448,20.3904,20.4746,21.1387,21.0917,20.4615,20.5944,20.131,20.7534,22.3451,20.1916,20.3262,19.5129,21.0882,22.3269,19.3637,20.306,20.6566,20.3956,21.0865,19.6988,19.5632,20.3748,19.8546,21.0452,20.9238,19.504,20.6198,19.567,22.0349,19.3354,19.94,20.0023,20.7549,24.0801,19.4014,19.7243,20.2172,20.7436,23.305,18.4971,19.8249,20.3293,20.1531,20.1161,20.115,20.0886,19.9936,20.0213,22.1349,19.8262,20.4486,21.1707,20.6736,24.8162,19.0264,20.0121,20.9612,20.901,21.782,19.1893,20.411,19.9154,21.0259,21.8478
773,4:41:55 PM,19.9064,19.881,19.9667,19.9833,20.8245,20.441,19.7769,20.7903,21.2905,21.3427,20.3741,20.2117,20.1336,20.6284,21.1605,20.3017,20.7177,20.9324,20.8938,21.9878,20.1869,20.4622,20.9497,20.2477,21.9079,19.239,19.89,19.5159,20.0595,20.9043,20.7192,19.9797,21.214,20.7429,22.221,20.1865,20.6504,20.6628,20.7321,20.9679,20.6779,20.8563,20.3459,21.3137,22.2273,20.7454,21.2025,21.2979,21.0122,21.8289,18.7462,19.2046,20.0068,20.1407,21.391,19.3731,20.3542,20.5043,21.0011,20.9304,20.5308,20.6735,20.2141,20.6866,22.2234,20.0586,20.2941,19.5158,21.1215,22.5055,19.5732,20.265,20.6242,20.4009,21.2982,19.8188,19.6452,20.3176,19.6483,21.045,20.8975,19.6814,20.7401,19.728,22.1865,19.2589,19.9668,20.0697,20.7438,23.3311,19.2431,19.7002,20.262,20.5493,23.3734,18.3924,19.7928,20.5152,20.0513,20.3919,19.9541,20.1834,19.9813,19.9285,22.3113,19.761,20.413,21.1995,21.2221,24.9899,19.1646,19.7171,20.9173,20.8951,21.9558,19.0058,20.2474,20.1338,21.1479,21.8557
774,4:42:15 PM,19.9196,20.0223,19.889,19.8963,20.8532,20.4652,19.8709,20.9573,21.3777,21.458,20.2893,20.0269,19.9312,20.4971,21.0831,20.3408,20.8383,21.1022,21.0002,22.1111,20.2964,20.8533,21.0181,20.329,21.9775,19.1539,19.8266,19.5294,19.9449,20.8796,20.6605,20.1276,21.2627,20.7603,22.1555,19.995,20.5523,20.7017,20.8738,21.1636,20.6392,20.8107,20.2244,21.3827,22.1911,20.7696,21.2724,21.213,21.0178,21.7691,18.8152,19.1652,20.0555,20.257,21.3294,19.5915,20.4813,20.5167,21.1904,21.4298,20.5862,20.5917,20.2703,20.564,22.3205,20.1983,20.4339,19.5865,21.2378,22.3134,19.5337,20.453,20.8443,20.4698,20.9016,19.6984,19.4755,20.3525,19.851,20.8454,20.8455,19.6048,20.8774,19.5501,22.006,19.2253,20.0061,19.9681,20.6454,23.9046,19.432,19.6791,20.214,20.1978,23.4428,18.4557,19.5627,20.4147,20.1319,20.4746,19.9451,20.0821,19.8962,19.9175,22.2305,19.6079,20.5186,21.1061,20.753,24.7893,19.1087,19.8372,21.0404,20.9031,22.0604,18.9571,20.2973,20.125,21.191,21.9739
775,4:42:35 PM,20.0165,20.1223,19.8515,19.8395,20.8012,20.4592,19.8333,20.9685,21.4776,21.4979,20.3842,20.0617,19.9112,20.4513,21.0342,20.3702,20.8305,21.0166,20.8869,21.9016,20.2995,20.7827,20.9476,19.9925,21.9735,19.2367,19.8984,19.409,19.9102,20.9088,20.9007,20.1409,21.2285,20.8258,22.2007,20.0662,20.4889,20.7284,20.6121,20.9504,20.7693,20.7637,20.177,21.4256,22.1257,20.7934,21.198,21.217,20.9906,21.7263,18.7542,19.2961,20.0997,20.2176,21.4541,19.4245,20.3848,20.4732,21.1503,21.1923,20.4653,20.6203,20.2908,20.7834,22.4121,20.1431,20.393,19.6606,20.9756,22.4184,19.4359,20.3074,20.7236,20.3547,21.071,19.8272,19.5041,20.3588,19.8903,20.9476,20.9944,19.5921,20.5017,19.4998,21.9208,19.1454,20.0351,20.0213,20.7625,23.8164,19.3928,19.6901,20.2134,20.7044,23.4622,18.4394,20.035,20.3154,19.8933,20.5286,19.9697,20.265,19.97,19.9959,22.3393,19.66,20.503,20.9741,20.7924,24.8732,18.977,19.5678,20.8441,20.8294,21.7138,18.9509,20.3292,20.0624,21.0461,21.8255
776,4:42:55 PM,19.8833,19.996,19.8874,19.8712,20.8539,20.6798,19.9177,20.8894,21.476,21.6014,20.2387,20.0277,19.9809,20.4801,21.0852,20.4012,20.8343,21.1584,20.9329,21.9908,20.3386,20.5902,20.8552,20.3544,21.9931,19.244,19.9425,19.6174,20.0187,20.9363,20.6979,20.0638,21.2713,20.7972,22.1745,20.0738,20.5915,20.72,20.8383,21.1282,20.6392,20.788,20.1247,21.3193,22.2075,20.7138,21.2108,21.2616,20.9812,21.799,18.8248,19.1806,20.0547,20.3985,21.3475,19.4946,20.3045,20.5902,21.201,21.4643,20.5004,20.6658,20.1499,20.6864,22.3619,20.0783,20.3668,19.5749,21.1164,22.7588,19.3256,20.4208,20.7403,20.4883,20.9895,19.675,19.5254,20.4355,19.8795,20.9484,20.871,19.6904,20.9391,19.4989,21.8799,19.3606,20.2488,20.0434,20.7883,23.6673,19.4135,19.6567,20.0416,20.7781,23.4643,18.3415,19.7486,20.2297,19.952,20.304,19.9445,20.2107,19.8812,19.8382,22.3293,19.8018,20.4129,21.1141,20.7909,24.8887,19.0478,19.9403,21.0287,20.8465,21.6844,18.8321,20.2025,20.1272,20.9012,21.816
777,4:43:15 PM,19.9122,19.9934,19.9519,19.9843,20.813,20.505,19.8972,21.0312,21.3131,21.6475,20.2844,20.1096,19.9868,20.257,21.0501,20.4626,20.7587,20.8932,20.954,22.0006,20.2491,20.7004,20.9466,20.0933,21.8347,19.2068,20.0165,19.6499,19.9089,20.9036,20.7002,20.1411,21.2888,20.7163,22.2884,20.0849,20.5889,20.6754,20.4611,20.8421,20.7179,20.9277,20.3225,21.4145,22.1086,20.796,21.2485,21.1171,20.9178,21.7733,18.7395,19.1266,20.0954,20.3071,21.4798,19.5838,20.3282,20.4658,21.0918,21.203,20.5549,20.6499,20.218,20.8677,22.3235,20.0747,20.4319,19.5987,21.0977,22.5032,19.2241,20.2622,20.7448,20.5481,21.3271,19.7126,19.5335,20.3426,19.9064,21.0767,20.8907,19.6421,21.1668,19.5467,21.8404,19.2607,20.0395,20.0946,20.8659,23.7193,19.3955,19.7026,20.1487,20.6352,23.3793,18.3548,19.8636,20.184,19.9189,20.365,20.0018,20.2202,19.9302,20.0583,22.336,19.633,20.3317,21.0023,21.2864,24.873,19.024,19.9501,21.013,20.9204,21.8656,18.9088,20.2112,19.8786,20.9692,21.9736
778,4:43:35 PM,19.9807,20.093,19.8417,19.8086,20.8101,20.4155,19.6845,21.0291,21.463,21.6144,20.3581,20.1687,19.8803,20.3745,21.0173,20.3991,20.8092,20.9581,20.9014,22.0321,20.2846,20.7864,20.92,20.3659,21.834,19.2798,19.8794,19.5117,19.9434,20.8753,20.9943,20.1385,21.2627,20.8331,22.2836,19.9932,20.6029,20.6357,20.5382,20.6041,20.6439,20.8076,20.0784,21.2469,22.1619,20.726,21.2296,21.1726,20.9664,21.8165,18.756,19.286,19.9974,20.2426,21.4017,19.5321,20.3132,20.6023,21.2454,21.1784,20.6131,20.6352,20.2372,20.7514,22.2628,20.0622,20.2885,19.6298,21.1831,22.4102,19.2616,20.1365,20.8207,20.4536,20.976,19.7649,19.6588,20.3035,19.9765,21.0824,21.003,19.7065,20.7675,19.737,21.9371,19.2026,20.0995,20.1876,20.7546,22.9843,19.3261,19.5442,19.9467,20.5661,23.5129,18.4199,19.8127,20.4768,20.2426,20.903,20.087,20.1688,19.8479,19.9075,22.3416,19.5655,20.5392,21.1971,21.1247,24.1265,18.9863,19.7543,20.9884,21.02,21.593,18.8857,20.217,19.8961,20.8921,21.7969
779,4:43:55 PM,20.0196,20.2254,19.9277,19.8821,20.7456,20.5045,19.7392,20.8898,21.5924,21.5921,20.3965,20.2579,20.0642,20.3909,21.0229,20.4106,20.8574,21.0469,20.8847,22.0242,20.2578,20.645,20.8517,20.4013,21.9357,19.1761,19.9327,19.838,19.999,20.9855,20.7911,20.049,21.2783,20.7759,22.0386,20.0845,20.6129,20.8072,20.7137,21.095,20.7393,20.7921,20.3133,21.2975,22.0644,20.827,21.1846,21.2005,21.0032,21.6948,18.7645,19.2499,20.0732,20.2427,21.4217,19.5565,20.3741,20.5116,21.131,20.8923,20.5007,20.6181,20.2628,20.6243,22.2149,20.1019,20.3239,19.5839,21.184,22.4444,19.4845,20.2993,20.7113,20.5677,21.2529,19.9206,19.5481,20.3675,19.9418,21.0629,20.8385,19.5222,20.9871,19.5058,21.8512,19.3459,20.0035,20.1904,20.7657,23.535,19.2895,19.6261,19.8414,20.5753,23.4977,18.5211,19.7673,20.5285,20.0009,20.3125,20.0629,20.121,19.9693,20.0034,22.3812,19.749,20.3593,21.075,21.5405,24.2706,18.9754,19.7328,20.9079,21.016,21.9864,19.1091,20.4974,20.0087,20.9882,21.9735
780,4:44:15 PM,20.0136,20.17,19.9484,19.9807,20.7852,20.4445,19.6824,20.801,21.4596,21.5989,20.3924,20.0628,20.1009,20.2557,21.18,20.3459,20.9264,21.0097,20.8315,22.082,20.2518,20.6816,20.8693,20.4382,21.9682,19.0442,19.7927,19.4669,20.0468,20.9127,20.8377,20.1537,21.3899,20.7802,22.3308,20.0525,20.617,20.7973,20.6232,20.9452,20.6408,20.8222,20.2015,21.3573,22.0174,20.7378,21.1981,21.2294,20.9071,21.674,18.8084,19.2129,20.0416,20.1552,21.3784,19.4112,20.2965,20.4636,21.2212,21.475,20.4619,20.5762,20.1845,20.6807,22.4534,20.2202,20.2656,19.6495,21.2167,22.4382,19.2058,20.219,20.7178,20.5253,21.0378,19.654,19.5633,20.3017,19.8828,21.0899,20.8967,19.6566,20.9031,19.5995,22.1198,19.3661,20.0506,20.1416,21.0497,23.9516,19.4503,19.7043,20.1571,20.7995,23.4902,18.4332,19.7477,20.211,20.0082,20.9576,19.9682,20.1942,19.9336,20.0288,21.9132,19.7503,20.3765,21.0814,21.0311,24.9153,18.9688,20.0514,20.9917,20.8952,21.504,19.1019,20.2325,19.9058,21.0636,22.0404
781,4:44:35 PM,19.9318,20.0463,19.8723,19.7852,20.8451,20.3721,19.7834,20.7377,21.5088,21.4587,20.3256,20.1422,20.0731,20.4234,21.3144,20.4501,20.8978,21.0499,20.8061,22.1938,20.3027,20.6084,20.7517,19.9817,22.0641,19.1575,19.9449,19.4822,19.9605,20.9457,20.7499,20.0564,21.224,20.8641,22.1888,20.0932,20.6971,20.6827,20.7844,21.262,20.6759,20.8672,20.2342,21.383,22.2157,20.8117,21.2269,21.1728,20.9837,21.7444,18.8411,19.1774,20.0465,20.1881,21.3291,19.4018,20.3047,20.5186,21.2703,21.2467,20.5671,20.5077,20.1125,20.7259,22.3214,20.1627,20.3503,19.6008,21.1137,22.4159,19.4945,20.3274,20.6908,20.4786,21.1115,19.7131,19.5498,20.3086,20.0241,20.9637,20.9792,19.6358,21.1256,19.4613,22.0062,19.23,19.9543,19.932,20.6297,24.0884,19.507,19.6043,20.0003,20.5293,23.3583,18.4053,19.9313,20.3492,20.1358,20.2591,19.855,20.1487,19.978,20.1238,21.8794,19.5025,20.3579,21.0377,20.726,24.39,18.9298,19.8085,20.9125,20.7527,21.4921,18.9993,20.3819,19.8902,20.9978,21.9326
782,4:44:55 PM,19.7624,19.9874,19.7343,19.8657,20.765,20.3567,19.7742,20.8671,21.4459,21.3973,20.3784,20.2256,20.0065,20.5178,21.0581,20.4645,20.785,20.9896,20.7975,22.0387,20.3658,20.6363,20.9597,20.3632,21.9426,19.1527,19.8007,19.4015,19.8862,20.9247,20.605,20.0677,21.1094,20.8351,22.264,20.0755,20.6,20.7117,20.7591,21.104,20.7934,20.8322,20.2413,21.4622,22.2593,20.8443,21.2359,21.2399,21.0714,21.5958,18.8443,19.2138,20.1263,20.3168,21.3663,19.4554,20.4265,20.5696,21.183,21.4843,20.4863,20.5836,20.2053,20.7549,22.3763,20.1736,20.3936,19.6339,21.0678,22.2619,19.3585,20.371,20.7591,20.5393,21.2333,19.5963,19.548,20.3382,19.797,21.0261,20.7767,19.564,20.814,19.5008,22.2497,19.188,20.0276,20.08,20.6931,23.7504,19.4399,19.7714,19.929,20.2798,23.4096,18.4476,19.6383,20.2195,19.951,20.3926,19.9308,20.1207,19.8258,19.9575,22.3648,19.5241,20.3917,21.0651,20.848,24.6558,19.0083,19.8389,20.9635,20.8966,21.8859,18.9441,20.3165,19.8876,20.9726,21.9781
783,4:45:15 PM,19.9562,20.0976,19.9155,19.9092,20.7888,20.4435,19.6505,20.8379,21.4053,21.4165,20.2621,20.154,19.9864,20.5482,21.3577,20.3844,20.8856,21.101,20.8884,22.1075,20.0447,20.6072,20.9068,20.2451,22.0346,19.3182,19.9142,19.5668,19.8385,20.8687,20.7991,20.0796,21.1998,20.8092,22.3572,20.0125,20.5986,20.83,20.8088,21.3576,20.6944,20.9139,20.3583,21.3646,22.2306,20.8094,21.213,21.2577,20.986,21.8462,18.7852,19.1903,20.1189,20.2239,21.5715,19.3392,20.4229,20.5589,21.1423,21.3441,20.5477,20.4984,20.0997,20.7735,22.3767,20.1115,20.3393,19.6973,21.0276,22.3478,19.3984,20.3813,20.7662,20.566,21.2439,19.6352,19.4545,20.26,19.787,20.9104,20.8842,19.4812,20.476,19.5597,21.9746,19.3198,20.0986,20.103,20.7101,23.7028,19.3138,19.6569,20.0582,20.4916,23.462,18.2727,19.7264,20.5516,19.8914,20.3139,19.9747,20.1405,19.8453,20.0058,22.3076,19.7411,20.4069,21.1425,21.0321,25.0332,19.0969,19.8669,20.9846,20.8792,21.6781,19.0298,20.3295,19.8121,20.9702,21.8015
784,4:45:35 PM,19.9005,20.058,19.9528,19.9546,20.7714,20.3736,19.6682,20.9775,21.447,21.5813,20.3926,20.1131,19.9854,20.3978,21.0657,20.2788,20.7766,21.0418,20.9712,22.1103,20.2393,20.6559,20.9675,20.5324,22.0055,19.1662,19.9007,19.7678,19.9265,20.9745,20.869,20.0757,21.2179,20.7179,22.272,20.0901,20.4828,20.6385,20.6443,20.9071,20.6512,20.9813,20.3418,21.4273,22.23,20.7947,21.1334,21.3213,21.0104,21.8726,18.8139,19.1373,20.1038,20.3192,21.4346,19.3945,20.4673,20.4529,21.1761,20.9809,20.4084,20.57,20.1835,20.7688,22.2915,20.1136,20.2896,19.5828,21.0943,22.284,19.2648,20.312,20.8012,20.4964,21.1707,19.7277,19.5832,20.2886,19.9582,21.0764,20.8395,19.5397,20.4458,19.5588,21.9392,19.3228,20.0739,20.1036,20.6678,23.8255,19.4292,19.6188,20.2365,20.4279,23.327,18.3528,19.6115,20.1993,19.6375,20.0573,19.9799,20.1906,19.9979,19.963,22.1585,19.6185,20.4166,21.1328,20.8116,24.8307,19.0182,19.9454,20.92,20.957,21.5346,19.0734,20.2472,19.7926,21.153,22.0157
785,4:45:55 PM,19.9954,20.0646,19.8631,20.0549,20.8085,20.5422,19.862,20.9407,21.4594,21.5412,20.3472,20.0516,20.1262,20.5185,21.1092,20.3455,20.7797,21.0939,20.8877,21.9839,20.1967,20.5059,20.833,19.9746,21.862,19.1369,19.9888,19.5401,20.0206,20.8507,20.8109,20.1286,21.2638,20.8331,22.1162,20.0468,20.5873,20.6387,20.8353,21.0166,20.7865,20.9727,20.2227,21.3389,22.1765,20.7943,21.1913,21.2774,21.0023,21.8486,18.7719,19.1355,20.0091,20.2798,21.4873,19.6401,20.3061,20.5095,21.2336,21.3639,20.4571,20.6043,20.2871,20.7771,22.461,20.0456,20.2455,19.5564,21.189,22.3361,19.1374,20.3619,20.7666,20.4467,21.0062,19.6505,19.4236,20.2944,19.8293,20.8938,20.7734,19.5924,20.824,19.2822,21.935,19.1603,20.0572,20.2064,20.8458,24.1222,19.2852,19.7215,20.0006,20.1955,23.5775,18.3337,19.4307,20.1331,19.7458,20.0428,19.9611,20.177,20.0619,20.0643,22.2317,19.6199,20.3853,20.9209,20.8682,24.6873,18.99,19.5574,20.8114,20.7251,21.4076,18.9617,20.293,20.2128,20.8719,21.9586
786,4:46:15 PM,20.011,20.0018,19.8619,19.8289,20.7745,20.5331,19.6793,20.6027,21.2392,21.4912,20.2464,20.1162,19.9484,20.2909,20.9234,20.3576,20.8093,21.0063,20.8489,21.9017,20.2384,20.7193,20.9685,20.2267,21.9165,19.1334,19.8856,19.4488,19.9177,20.8986,20.4538,20.0483,21.1629,20.9591,22.0946,20.0963,20.6448,20.5901,20.7175,20.9598,20.7458,20.8315,20.3344,21.3943,22.0281,20.7636,21.14,21.1845,20.9818,21.7914,18.7926,19.1758,20.1706,20.3193,21.3449,19.3604,20.2728,20.4942,21.0401,21.2207,20.4843,20.6135,20.1524,20.6468,22.2519,20.0944,20.2167,19.5281,21.0456,22.3916,19.3381,20.279,20.7381,20.4041,21.2452,19.6343,19.3777,20.2637,19.7514,20.9633,20.8275,19.6124,20.8061,19.4101,21.7426,19.3184,19.8616,20.086,20.6855,24.0408,19.4758,19.7762,19.9665,20.4785,23.535,18.3751,19.6918,20.4392,19.996,20.0972,20.0374,20.0694,19.8878,20.1144,22.3432,19.7584,20.2956,20.9562,20.6297,24.5912,18.9633,19.8254,20.9932,20.934,21.4253,19.0333,20.4263,20.1001,21.1732,22.1016
787,4:46:35 PM,19.9844,20.1042,19.7582,19.9094,20.6799,20.5378,19.7429,20.8163,21.3204,21.1742,20.316,20.2051,19.9468,20.3791,21.0924,20.3598,20.8232,20.9742,20.7896,22.0032,20.1667,20.7902,20.8413,20.3364,21.8315,19.2525,19.9396,19.6725,20.0079,20.8942,20.4269,20.0038,21.1579,20.7971,22.1453,20.0685,20.6138,20.7918,20.6486,20.7245,20.6504,20.8823,20.1502,21.4318,22.09,20.7113,21.2392,21.1903,20.9642,21.7411,18.6848,19.1649,20.0021,20.2373,21.425,19.4246,20.3393,20.4396,21.0815,21.0903,20.5655,20.6492,20.2423,20.6607,22.1836,20.0893,20.3657,19.5399,21.1041,22.3729,19.4108,20.159,20.7603,20.3971,21.266,19.6298,19.4775,20.249,19.9013,20.9468,20.7989,19.4719,20.8242,19.4831,22.0447,19.1498,20.0069,20.0064,20.5265,23.5755,19.2848,19.6993,20.2041,20.4858,23.6276,18.4284,19.7989,20.4497,20.0256,20.4087,19.8659,20.1154,19.9768,19.896,22.0628,19.752,20.3332,21.0261,20.5263,24.1415,18.8565,19.5998,20.8817,20.8136,21.5869,18.8498,20.299,19.9361,20.9674,21.8295
788,4:46:55 PM,19.7479,19.9098,19.7751,19.8383,20.7528,20.4359,19.6897,20.6628,21.3177,21.2799,20.2658,20.1458,19.9884,20.3717,21.0489,20.3586,20.8415,20.9125,20.8726,22.0857,20.1686,20.6809,20.7885,20.0883,21.8192,18.886,19.7974,19.4622,19.9304,20.8273,20.7026,20.141,21.1862,20.904,22.1891,20.1052,20.6626,20.809,20.8364,21.2221,20.7028,20.8527,20.271,21.3661,22.0384,20.8384,21.32,21.2585,20.9946,21.8,18.7713,18.975,20.001,20.2997,21.4145,19.0249,20.4489,20.4141,21.1551,21.1276,20.7269,20.6814,20.1897,20.6199,21.9797,20.0959,20.4813,19.5795,21.1032,22.3733,19.3066,20.2858,20.6552,20.4948,21.1391,19.4153,19.4333,20.3133,19.884,21.136,20.8737,19.4557,20.6012,19.2969,21.8705,19.1354,20.008,19.9134,20.3771,23.5777,19.4274,19.7068,20.2383,20.8842,23.6167,18.5146,20.0608,20.3388,19.917,20.2692,19.8735,20.0256,19.9653,19.885,22.1561,19.3293,20.2403,20.995,20.6695,24.8129,18.996,19.6828,20.7721,20.8857,21.3313,19.0212,20.179,19.8784,21.2051,22.1099
789,4:47:15 PM,19.7356,20.0371,19.7922,19.9112,20.7015,20.5241,19.6382,20.8191,21.3357,21.3362,20.3593,20.1096,19.9876,20.2846,20.7471,20.3457,20.7462,20.959,20.9143,22.0525,20.1575,20.6724,20.9975,20.0781,21.8268,19.0511,19.8395,19.531,20.089,20.7501,20.4255,19.9501,21.1483,21.0189,22.0376,20.0173,20.5467,20.5773,20.5132,20.7769,20.7024,20.8396,20.2226,21.3745,22.1436,20.885,21.2776,21.234,21.0095,21.8867,18.5589,18.9945,19.9667,20.1792,21.5289,19.2301,20.2731,20.3679,20.8623,20.9221,20.4555,20.5974,20.1614,20.6196,22.0693,20.1547,20.3116,19.5825,21.0501,22.2613,19.3498,20.3801,20.8014,20.4709,21.2639,19.5303,19.3776,20.3317,19.602,20.8982,20.7531,19.4537,20.789,19.286,21.8455,19.1397,20.0487,20.0717,20.4922,23.9011,19.3459,19.6167,20.008,20.6168,23.8016,18.4848,19.8775,20.3897,20.1728,20.4292,19.9154,20.0981,19.9096,19.8512,22.0405,19.4993,20.2049,20.937,20.7889,24.6529,19.017,19.7107,20.78,20.6979,21.7803,19.0895,20.2644,20.1091,20.9803,21.7821
790,4:47:35 PM,19.6116,19.8706,19.6781,19.8046,20.7128,20.4874,19.7386,20.8659,21.3948,21.3871,20.2988,20.0368,19.8886,20.3479,20.6531,20.2748,20.6535,21.0486,20.8967,21.9872,20.2881,20.711,20.9686,20.1473,21.9822,18.9363,19.7773,19.3179,19.8121,20.8888,20.5757,20.0862,21.1581,20.8601,21.9671,20.0892,20.4465,20.6698,20.4244,20.7812,20.5364,20.7252,20.1051,21.3256,21.958,20.8247,21.1813,21.149,21.0119,21.8545,18.5488,19.0398,20.0301,20.1445,21.3517,19.2102,20.3679,20.519,21.1669,21.4947,20.5502,20.4945,20.1434,20.5237,22.121,20.0871,20.2799,19.5468,21.138,22.4458,19.3563,20.2023,20.6489,20.371,21.078,19.4887,19.3994,20.273,19.814,20.9432,20.766,19.4481,20.7768,19.2771,21.9917,19.1568,19.9215,20.015,20.5974,23.7103,19.4997,19.6421,20.0837,20.7175,23.7166,18.6,20.0278,20.5213,20.1335,20.3051,19.7833,19.9678,19.808,19.906,21.6265,19.4001,20.3708,20.944,20.5702,24.8279,18.9926,19.774,20.8289,20.7495,21.8537,19.0249,20.394,19.9221,20.863,21.9468
791,4:47:55 PM,19.7786,19.8816,19.7659,19.8047,20.7823,20.366,19.9428,20.9907,21.5018,21.542,20.3079,19.9702,19.964,20.4154,20.8976,20.3089,20.7998,21.0479,20.8569,21.941,20.3202,20.7697,20.9787,20.1952,21.7906,19.2052,19.8729,19.4068,19.9592,20.8352,20.8337,20.1423,21.2995,20.7575,22.1838,20.1054,20.5976,20.6389,20.3175,20.6074,20.6627,20.7463,20.2159,21.4413,22.1752,20.8332,21.1741,21.3433,21.014,21.7726,18.6418,19.1258,19.999,20.2108,21.3434,19.5266,20.3423,20.5471,21.0267,21.1817,20.5212,20.6023,20.2663,20.5418,22.311,20.0458,20.2891,19.579,21.1651,22.6595,19.3143,20.2892,20.6859,20.5671,21.2005,19.5967,19.4648,20.3103,19.7275,21.0236,20.7047,19.3414,20.5076,19.349,21.9604,19.1516,19.812,20.0479,20.4896,23.7657,19.4211,19.6694,20.1053,20.4567,23.7217,18.2956,19.5651,20.4068,20.0221,20.3344,19.8577,20.1087,19.8951,19.9163,21.5431,19.4772,20.265,20.977,20.5302,24.0572,18.9736,19.7184,20.8476,20.7621,21.4605,19.075,20.4571,20.0264,20.919,21.9339
792,4:48:15 PM,19.8195,19.9203,19.7715,19.8214,20.7375,20.3728,19.7184,20.9563,21.3787,21.5442,20.3075,20.0409,19.8272,20.3503,20.873,20.3824,20.8077,20.9541,20.7102,22.0958,20.3336,20.7834,20.878,20.1424,21.8112,19.1797,19.7137,19.4728,19.7574,20.755,20.8526,20.0833,21.3395,20.849,22.163,20.016,20.5158,20.6629,20.4022,20.6423,20.6625,20.7582,20.1968,21.3098,22.0625,20.6506,21.181,21.1332,21.0146,21.7712,18.5829,19.1112,19.9641,20.2409,21.3896,19.2902,20.3135,20.4374,21.2616,21.4196,20.491,20.527,20.1688,20.504,22.278,20.0187,20.2554,19.5674,21.1651,22.4896,19.3555,20.3921,20.5035,20.557,20.9186,19.5549,19.3281,20.243,19.8841,20.977,20.7426,19.5885,20.7849,19.1825,21.7574,19.1909,19.9115,20.083,20.5751,23.8038,19.3731,19.7931,20.0781,20.4895,23.7651,18.3515,19.603,20.2501,20.2887,20.4779,19.7969,20.0819,19.8571,19.9117,21.7982,19.6,20.2958,21.0576,20.9146,24.6579,18.9481,19.6477,20.7723,20.8446,21.8337,18.9021,20.2998,20.0327,20.9622,21.9793
793,4:48:35 PM,19.8123,19.941,19.8174,19.7067,20.6528,20.5155,19.8837,20.904,21.1986,21.3193,20.2313,20.0317,19.8522,20.2729,20.6645,20.422,20.8504,20.762,20.7635,21.9059,20.2726,20.728,20.9068,20.2809,21.8708,19.185,19.8925,19.5556,19.9085,20.8631,20.7239,20.1154,21.203,20.7949,22.1377,19.9965,20.5518,20.6862,20.5372,20.6197,20.6157,20.8699,20.2728,21.258,22.0491,20.7991,21.2521,21.3,20.9069,21.8422,18.6118,19.101,19.9778,20.2768,21.3372,19.2298,20.3743,20.3992,21.1317,21.0816,20.5146,20.6173,20.1171,20.5774,22.2635,20.0905,20.2571,19.6616,21.1836,22.4178,19.6352,20.4215,20.6524,20.4597,21.1802,19.7345,19.4746,20.2764,19.9436,21.0117,20.6785,19.635,20.9282,19.3552,22.0478,19.2078,19.8633,20.0184,20.6424,23.4192,19.3398,19.6898,19.9821,20.3978,23.6361,18.5776,19.9144,20.5325,20.1166,20.4286,19.7981,20.0434,19.8946,19.9559,21.8816,19.553,20.4001,20.9189,21.3752,24.7197,18.8972,19.8784,20.6839,20.756,21.6483,18.9119,20.4916,19.9728,21.1044,21.8622
794,4:48:55 PM,19.6364,20.0671,19.8252,19.9357,20.7876,20.5107,19.759,20.8464,21.3138,21.2774,20.3304,20.1748,19.892,20.309,20.8433,20.3802,20.6858,20.9339,20.9125,22.0946,20.2654,20.6742,20.9135,20.2563,21.9282,19.1701,19.7941,19.66,19.8663,20.8423,20.6513,20.0625,21.2996,20.8153,22.2064,20.0235,20.4825,20.6405,20.4341,20.9197,20.5624,20.6878,20.3742,21.3027,22.0574,20.7552,21.1742,21.2306,21.0558,21.8087,18.6774,19.1247,20.0533,20.3469,21.4417,19.2606,20.2628,20.4557,21.0453,21.4828,20.6508,20.6229,20.1859,20.4595,22.3936,20.107,20.2745,19.5581,21.0862,22.5058,19.1957,20.3171,20.6704,20.5034,20.7599,19.5943,19.381,20.2394,19.7033,21.085,20.63,19.5063,20.6598,19.3709,21.9906,19.1725,19.8885,20.0521,20.725,23.7953,19.4099,19.6283,20.0448,20.5152,23.8583,18.4677,19.6891,20.372,20.2927,20.3905,19.8991,20.0877,19.7849,19.9659,21.7664,19.5509,20.301,20.996,20.6577,24.6264,19.024,19.5611,20.7749,20.7243,21.5269,18.9965,20.3558,19.9489,20.9201,21.9863
795,4:49:15 PM,19.6917,19.8826,19.7312,19.9356,20.7824,20.4895,19.7774,20.8802,21.316,21.6136,20.2741,19.9708,19.9227,20.3726,20.8387,20.3598,20.8002,20.9792,20.8901,22.111,20.2611,20.7379,20.9133,20.3188,21.9461,19.1733,19.8596,19.4883,19.7992,20.9172,20.6085,20.2123,21.3041,20.8498,22.1672,20.1362,20.5205,20.5782,20.5438,20.8209,20.5688,20.6402,20.1782,21.3368,22.0227,20.8017,21.2198,21.1896,20.9303,21.8493,18.7291,19.0758,19.9529,20.2661,21.4154,19.4408,20.2019,20.3782,21.1552,21.2227,20.67,20.652,20.1986,20.5669,22.5975,20.0725,20.4562,19.561,21.041,22.5019,19.4414,20.3248,20.7054,20.5938,21.0679,19.7075,19.4913,20.2829,19.7083,21.0676,20.7701,19.4831,20.7685,19.4452,21.9214,19.1804,19.9391,19.8323,20.5895,23.3359,19.3219,19.6915,20.1757,20.47,23.7432,18.3962,19.7265,20.3543,20.311,20.324,19.8981,20.058,19.8696,19.9086,21.8137,19.6625,20.2339,20.9008,20.6628,24.562,18.9262,19.6056,20.8383,20.7769,21.5275,18.8214,20.4963,19.7755,20.9135,21.6813
796,4:49:35 PM,19.9158,19.9192,19.9129,19.9829,20.7299,20.4695,19.8012,20.906,21.406,21.7251,20.3762,20.078,19.975,20.2562,20.822,20.4034,20.7306,20.9244,20.7496,22.0496,20.3651,20.6604,20.9776,20.2862,21.9518,19.1291,19.8064,19.5183,19.9538,20.8946,20.9249,20.0526,21.3174,20.7443,22.1568,20.0039,20.5467,20.6206,20.443,20.5498,20.6694,20.7839,20.3717,21.3277,22.0397,20.7288,21.2543,21.1037,21.048,21.8143,18.6463,18.9326,19.9699,20.2294,21.3841,19.3912,20.3139,20.404,21.1223,21.2242,20.5713,20.6292,20.2046,20.5701,22.4327,19.9478,20.3265,19.5619,21.0873,22.6287,19.1634,20.3717,20.6321,20.6372,21.1406,19.6026,19.4714,20.2848,19.8178,20.9612,20.727,19.5414,20.4586,19.537,21.9332,19.179,19.8037,19.9366,20.5507,22.8988,19.2962,19.7162,20.1426,20.476,23.7113,18.2824,19.8079,20.319,20.1241,20.5061,19.9066,20.1025,19.8678,19.9284,21.9465,19.6551,20.3141,20.9191,20.8384,24.4646,18.9697,19.5499,20.7176,20.8478,21.8066,19.0798,20.4022,20.0907,20.7808,21.8231
797,4:49:55 PM,19.8866,20.1475,19.841,19.965,20.6835,20.4183,19.8496,20.9243,21.432,21.5709,20.2088,19.9663,19.9814,20.3151,20.934,20.2832,20.7616,21.0115,20.7962,22.029,20.1968,20.5736,20.9516,20.3027,21.8966,19.0941,19.8317,19.674,19.8706,20.8927,20.7095,20.1253,21.3415,20.8477,22.2953,20.0816,20.5394,20.7428,20.7262,21.2379,20.6101,20.6921,20.2755,21.3751,22.0156,20.7341,21.197,21.273,21.0096,21.7308,18.6943,19.1858,20.0492,20.1767,21.4403,19.5109,20.2802,20.5012,21.2393,21.2549,20.5099,20.706,20.1846,20.4856,22.2623,20.0958,20.2956,19.4938,21.1175,22.4875,19.6653,20.3867,20.5131,20.4487,20.9287,19.7536,19.6059,20.2145,19.7697,21.0279,20.7449,19.7236,20.9689,19.5834,21.9525,19.1756,19.9702,19.9999,20.5075,23.431,19.4479,19.6987,20.3077,20.7757,23.6188,18.35,19.943,20.3231,20.2846,20.3014,19.8936,20.1377,19.9144,20.0005,22.1514,19.7203,20.4273,20.9963,20.9017,24.8222,18.9724,19.8934,20.7493,20.8154,21.9972,19.1419,20.3281,20.0276,21.0435,21.8483
798,4:50:15 PM,19.9179,20.1004,19.7725,19.8765,20.7371,20.4953,19.7207,20.9319,21.5168,21.4886,20.2527,20.0805,19.8647,20.2879,20.9444,20.2943,20.767,20.975,20.8351,22.0574,20.1546,20.5713,21.0846,20.3915,21.8999,19.2914,19.9998,19.5355,19.8547,20.7978,20.7757,20.074,21.2803,20.9032,22.2484,19.8997,20.6478,20.6272,20.8132,21.0623,20.5702,20.8098,20.1904,21.4565,22.0406,20.8112,21.2338,21.1332,20.8675,21.7068,18.766,19.1688,20.0097,20.3975,21.4392,19.699,20.4058,20.5188,21.0854,21.3696,20.6596,20.6006,20.2592,20.5708,22.3294,20.1288,20.3745,19.5791,21.098,22.3025,19.0993,20.4118,20.7341,20.5621,20.9785,19.713,19.6846,20.3083,19.8631,21.0485,20.6953,19.4868,20.8534,19.529,21.8913,19.1793,19.8357,19.8854,20.4287,23.4109,19.3376,19.638,20.0941,20.5834,23.7076,18.1875,19.6218,20.366,20.0516,20.4983,19.9053,20.2227,19.8599,19.9893,22.2272,19.7333,20.4514,21.0206,20.659,24.6821,18.9726,19.767,20.7281,20.8419,21.7589,18.9785,20.403,19.8849,20.9728,21.8668
799,4:50:35 PM,19.8967,19.9758,19.8526,19.8505,20.7522,20.4798,19.7092,20.8278,21.3849,21.4866,20.3672,20.129,20.0273,20.6251,20.9307,20.29,20.8251,21.0449,20.8015,22.0376,20.2426,20.6724,21.0329,20.4509,21.9588,19.308,19.903,19.6076,19.8779,20.8984,20.8619,19.8945,21.2779,20.8006,22.1154,20.0573,20.6045,20.7128,20.7132,20.6444,20.7272,20.7793,20.1553,21.4775,22.2064,20.7503,21.2937,21.2203,21.0009,21.8502,18.8801,19.3177,20.0947,20.3129,21.4825,19.6574,20.266,20.4454,21.2069,21.2973,20.5721,20.5401,20.1339,20.5946,22.3185,20.0224,20.3876,19.5513,21.1382,22.3446,19.2236,20.4251,20.6693,20.5328,21.2965,19.8378,19.5012,20.2724,19.8678,20.9695,20.8148,19.611,20.8283,19.7141,21.8333,19.2854,19.9484,20.0293,20.7706,23.5268,19.2681,19.6397,20.1709,20.6866,23.5849,18.4186,19.5353,20.0853,20.0667,20.4423,19.9286,20.2142,19.8918,20.1643,22.4114,19.7563,20.4311,21.0341,20.9727,24.5992,18.9736,19.6103,20.5875,20.6301,21.7924,18.9607,20.254,20.0127,20.9093,21.9071
800,4:50:55 PM,19.925,20.1492,19.8909,19.8689,20.748,20.4081,19.8851,20.963,21.1706,21.3611,20.2744,19.9974,19.9436,20.3131,20.9584,20.2813,20.7364,20.9704,20.7185,22.0355,20.1724,20.6078,20.9994,20.2388,22.0793,19.2098,19.9916,19.6416,19.9006,20.9229,20.7946,19.9937,21.166,20.9337,22.2894,19.917,20.5669,20.675,20.8102,21.2525,20.6096,20.7854,20.2843,21.4032,22.0797,20.7942,21.198,21.3233,21.038,21.6404,18.7882,19.1463,20.0598,20.2438,21.5095,19.5452,20.3624,20.4815,21.1791,21.106,20.606,20.6439,20.2012,20.6526,22.3468,19.9581,20.4047,19.584,21.0938,22.4005,19.3714,20.3277,20.691,20.4141,21.3503,19.6953,19.4893,20.3085,19.947,20.9646,20.7902,19.6149,20.8323,19.5822,21.9549,19.3337,20.0624,19.9569,21.1576,23.9639,19.3587,19.6976,20.0997,20.7322,23.604,18.3204,19.6679,20.4184,19.9929,20.3059,19.9098,20.1525,19.9586,19.949,22.5155,19.6645,20.2183,21.0291,20.644,23.7391,18.9769,19.6424,20.7467,20.7579,21.7262,18.9782,20.2372,20.0222,20.903,21.8653
801,4:51:15 PM,19.9904,20.0546,19.8628,19.9011,20.763,20.4655,19.8177,20.927,21.2686,21.5885,20.3474,20.1144,20.0948,20.6546,21.1108,20.3127,20.7143,20.9044,20.8474,22.1008,20.2172,20.7972,20.9596,20.3825,21.9786,19.1909,19.9948,19.459,19.93,20.84,20.946,20.0458,21.28,20.9097,22.1871,19.9813,20.558,20.6261,20.8284,21.0947,20.7195,20.7714,20.1904,21.3507,22.1767,20.7064,21.2067,21.1819,21.0821,21.6984,18.7009,19.0547,20.0349,20.3304,21.4207,19.5696,20.371,20.4965,21.1881,21.3044,20.3986,20.5348,20.2579,20.5732,22.2984,20.0389,20.2413,19.6028,21.0328,22.4632,19.1615,20.3833,20.6309,20.5226,20.8021,19.6293,19.4139,20.2726,19.9536,21.0727,20.7863,19.5315,20.8129,19.4851,21.9411,19.3121,20.0546,20.0268,20.64,23.8201,19.3633,19.6678,19.9073,20.3445,23.4511,18.3792,19.7073,20.3049,20.1499,20.2191,19.9365,20.0924,19.8719,20.1427,22.1718,19.8124,20.3273,20.9726,20.7787,24.4892,18.9553,19.5106,20.866,20.7652,21.7079,18.9609,20.2851,19.9243,20.9579,22.1847
802,4:51:35 PM,19.8456,20.0673,19.8005,19.9922,20.6694,20.3816,19.8297,20.8639,21.3829,21.4628,20.3648,20.0624,20.2221,20.5631,21.1461,20.3678,20.6612,21.0001,20.8031,21.9873,20.2333,20.7466,20.9327,20.1903,21.8733,19.2951,20.0903,19.6352,19.976,20.8309,20.7805,20.137,21.2244,20.8482,22.078,19.9796,20.4808,20.6485,20.7378,21.1811,20.6433,20.8179,20.2892,21.3766,22.2361,20.7277,21.2072,21.2718,20.9544,21.683,18.6931,19.1369,20.0942,20.262,21.385,19.4176,20.3548,20.4552,21.187,21.3239,20.4373,20.6022,20.2811,20.693,22.3338,20.0041,20.2107,19.5845,21.1518,22.5363,19.2625,20.4625,20.7427,20.4938,21.1608,19.7524,19.6143,20.3131,19.9373,21.0121,20.8415,19.5843,20.5446,19.5757,21.9352,19.2578,20.0288,20.0645,20.6343,23.774,19.4101,19.6541,19.9417,20.3761,23.4188,18.4119,19.7717,20.3941,20.0475,20.5253,19.8941,20.0971,19.8349,20.0421,21.9346,19.7521,20.3876,21.0003,20.9392,25.0582,18.9788,19.6265,20.7631,20.7366,21.7849,19.1281,20.4821,20.0255,20.9647,22.2266
803,4:51:55 PM,19.8214,19.8741,19.9928,19.9725,20.7635,20.4157,19.8412,20.9297,21.3838,21.4501,20.2311,20.0157,19.9481,20.2895,20.9738,20.2779,20.7462,21.1115,20.8013,21.9198,20.2543,20.6971,20.8811,20.1093,21.843,19.1412,19.8663,19.6737,20.1332,20.912,20.6241,19.9968,21.1566,20.7911,22.1317,19.9955,20.4744,20.7413,20.8633,20.9914,20.5561,20.7778,20.1497,21.4312,22.1493,20.7971,21.1793,21.2027,20.9987,21.8205,18.6862,19.0687,20.0169,20.2577,21.3565,19.4574,20.3427,20.5162,21.1862,21.1047,20.3439,20.6077,20.2069,20.7825,22.3731,20.068,20.2738,19.5779,21.0522,22.3645,19.239,20.3672,20.7407,20.5728,21.0774,19.5969,19.4947,20.3129,19.8167,21.0779,20.7445,19.743,20.7114,19.4276,21.9215,19.2229,19.9139,19.9916,20.8627,23.5932,19.4719,19.636,19.9881,20.5247,23.3265,18.3089,19.7941,20.4762,20.0776,20.5504,19.9486,20.1343,19.8694,20.0136,22.1412,19.6134,20.2962,20.936,20.7041,24.3886,19.0384,19.8455,20.7606,20.6652,22.1569,18.9221,20.2574,19.8296,21.171,21.9947
804,4:52:15 PM,19.8199,20.0489,19.8911,19.9418,20.7602,20.4636,19.8359,20.8373,21.3123,21.496,20.2238,20.0587,19.8736,20.4234,21.0325,20.2729,20.7614,21.049,20.8303,22.0781,20.3204,20.835,20.9695,20.1767,21.9093,19.1476,19.8171,19.4964,19.8827,20.8961,20.7786,20.1105,21.1317,20.8597,22.193,20.0092,20.499,20.6308,20.7769,21.0416,20.6437,20.7989,20.4501,21.3731,22.1368,20.6991,21.1823,21.2901,21.0299,21.8229,18.6949,19.1138,20.0543,20.2684,21.4273,19.4282,20.3129,20.467,20.9918,21.3855,20.3635,20.5729,20.1914,20.6716,22.3818,19.9884,20.3478,19.5379,21.1548,22.4977,19.1202,20.2257,20.7131,20.4863,21.0561,19.7518,19.4613,20.2261,19.6804,20.909,20.8289,19.6933,20.8928,19.614,21.8841,19.3611,20.008,19.9452,20.7933,23.8865,19.1258,19.6305,20.1228,20.2869,23.3634,18.3109,19.7877,20.3591,20.1232,20.8495,19.9604,20.1668,19.8539,19.9625,22.1425,19.605,20.4207,20.8586,20.567,23.7018,19.0665,19.8434,20.7635,20.7561,21.8369,18.7966,20.1991,19.9954,21.0201,21.9628
805,4:52:35 PM,19.8156,19.941,19.8274,19.9162,20.79,20.4886,19.856,20.9518,21.4411,21.6379,20.2586,20.0671,19.8083,20.302,20.8396,20.359,20.7283,20.9674,20.779,22.0894,20.4033,20.7388,21.0423,20.177,21.9193,19.2705,19.9811,19.5173,20.0907,20.9437,20.8611,20.1157,21.2722,20.7103,22.1539,19.9425,20.5501,20.5695,20.4863,20.8324,20.7259,20.7927,20.2362,21.3375,22.0166,20.7598,21.274,21.2314,21.0418,21.867,18.7607,19.0153,20.0334,20.2444,21.3848,19.2862,20.3905,20.4828,21.1927,21.2083,20.5668,20.5013,20.1916,20.6878,22.3362,20.1019,20.2897,19.6403,21.0511,22.634,19.3023,20.2714,20.7303,20.4962,21.1031,19.7911,19.4483,20.2657,19.7489,20.9915,20.7505,19.4293,20.6409,19.4688,22.1663,19.1808,20.0348,19.8638,20.3912,23.6067,19.3405,19.6032,20.2888,20.645,23.5973,18.365,19.7286,20.4327,19.9939,20.5462,19.9949,20.1552,19.9249,20.0364,22.2606,19.7698,20.2983,21.1414,20.6687,24.8791,18.9918,19.9548,20.7929,20.8258,21.703,18.8249,20.3108,20.0714,21.168,22.0574
806,4:52:55 PM,19.8323,20.0785,19.8006,19.7806,20.7225,20.4454,19.8076,20.9356,21.3832,21.6874,20.2978,20.0413,19.808,20.3364,21.0427,20.2649,20.8349,21.0568,20.8334,22.0662,20.2168,20.8464,21.0015,20.2271,21.8881,19.1871,19.7868,19.6102,19.8194,20.8751,20.7405,20.1433,21.2302,20.7877,22.1785,20.0117,20.5358,20.674,20.8256,21.2764,20.5963,20.7946,20.3125,21.3058,22.1808,20.7766,21.1741,21.2348,21.0556,21.8603,18.7281,18.9696,20.0766,20.2239,21.4078,19.2109,20.3203,20.4224,21.1586,21.2405,20.3802,20.5195,20.2856,20.6195,22.5455,19.9974,20.3383,19.4774,21.0571,22.4981,19.2017,20.1783,20.7865,20.4343,21.1295,19.6137,19.5074,20.2526,19.8256,20.9949,20.8112,19.5034,21.0489,19.5812,21.8995,19.1085,20.0576,19.9794,20.7974,23.6679,19.4201,19.7232,20.1413,20.4886,23.482,18.3356,19.7445,20.2453,20.2711,20.5102,19.792,20.0981,19.9203,19.9696,22.0858,19.5772,20.3824,20.9841,20.9419,24.8215,18.8541,19.8658,20.782,20.781,21.618,19.0021,20.3323,20.0289,21.0285,22.0032
807,4:53:15 PM,19.8144,20.0284,19.8101,19.9649,20.8612,20.3697,19.7837,20.8696,21.3813,21.6885,20.2991,20.078,20.0183,20.4103,20.9137,20.296,20.7494,21.0302,20.8245,21.9991,20.1493,20.7735,20.9267,20.2358,21.984,19.2564,19.8538,19.449,19.7987,20.9366,20.8865,19.9114,21.2677,20.8225,22.0492,20.0812,20.5861,20.6336,20.5498,20.7627,20.6583,20.7718,20.2004,21.2666,22.1039,20.7696,21.1651,21.2402,20.9843,21.799,18.7711,19.2652,19.9837,20.199,21.4577,19.4096,20.3594,20.5072,21.0831,21.0772,20.4538,20.6639,20.2216,20.6228,22.4043,20.0424,20.3328,19.5365,21.0711,22.429,19.0406,20.4482,20.8276,20.4223,21.0405,19.7274,19.605,20.3779,19.9014,20.9631,20.7551,19.6202,20.9036,19.5682,22.0119,19.195,20.0321,19.9246,20.5825,23.4608,19.3244,19.6771,20.0336,20.6199,23.5021,18.2409,19.4821,20.1003,19.8248,20.8827,19.9281,20.0729,19.9387,20.0015,22.2875,19.5623,20.3194,21.0192,20.6663,24.6028,18.9388,19.7212,20.9121,20.8224,21.5714,18.817,20.4756,20.154,21.0918,22.1811
808,4:53:35 PM,19.873,19.9739,20.0141,19.9953,20.6959,20.3607,20.0117,21.0132,21.5788,21.5432,20.3835,20.0422,19.8817,20.5037,20.8463,20.3478,20.8812,20.8705,20.8606,21.9716,20.111,20.5451,20.8706,20.2542,22.016,19.104,19.8393,19.4306,20.0622,20.9745,20.7163,20.0913,21.2517,20.7822,22.1422,19.9624,20.5617,20.5868,20.682,20.7841,20.5147,20.8114,20.2924,21.2926,22.1277,20.8482,21.2165,21.2323,21.0384,21.8414,18.7566,19.1048,20.0334,20.2228,21.3917,19.5419,20.3096,20.4495,21.0908,21.2957,20.5325,20.659,20.2151,20.5897,22.389,19.9805,20.3068,19.5166,21.027,22.1797,19.1966,20.2504,20.8312,20.5621,21.2402,19.6823,19.4288,20.3753,19.7653,20.884,20.7122,19.5051,20.7174,19.446,21.8778,19.1721,20.0497,20.0126,20.825,24.0494,19.1896,19.5956,19.7881,20.5094,23.5646,18.2921,19.5806,20.3074,20.0516,20.4095,19.931,20.1098,19.8338,20.0665,22.299,19.5874,20.3592,21.0546,20.6211,24.7937,19.0287,19.8838,20.9532,20.8704,21.9579,18.8801,20.2639,20.0092,20.887,21.8916
809,4:53:55 PM,19.9994,20.066,19.8736,20.0156,20.8513,20.4103,19.749,20.8144,21.3887,21.4983,20.2301,20.0309,19.8505,20.2853,21.0797,20.2287,20.882,20.9493,20.7781,22.1616,20.1389,20.6066,20.9954,20.2367,21.9335,19.1586,19.8296,19.3967,19.763,20.8674,20.8538,19.9701,21.2928,20.7836,22.1548,20.015,20.5742,20.7091,20.7918,21.1776,20.5376,20.6626,20.2403,21.3729,22.1059,20.7225,21.1248,21.1781,21.0523,21.9108,18.7924,19.1791,20.029,20.3687,21.4197,19.3694,20.2745,20.5075,21.1456,21.0404,20.4648,20.6061,20.2912,20.5625,22.3972,20.0715,20.3589,19.5258,21.0382,22.3981,19.2426,20.4034,20.8004,20.5105,21.1233,19.669,19.5407,20.2888,19.841,21.0429,20.7615,19.575,20.8441,19.2011,21.8051,19.0507,19.9883,20.076,20.6716,23.866,19.2961,19.5811,20.1438,20.4352,23.4418,18.2669,19.7487,20.326,20.0369,20.3662,19.869,20.1387,19.8989,19.984,22.2026,19.7892,20.424,21.173,21.0553,24.613,19.0459,19.7433,20.7528,20.7407,21.6109,18.9557,20.4607,19.8238,20.9935,22.1563
810,4:54:15 PM,19.7802,19.9427,19.7884,19.8461,20.7801,20.5047,19.7515,20.8775,21.5109,21.3583,20.3025,19.9631,19.8286,20.5266,21.0099,20.3605,20.7127,21.0065,20.8758,22.1472,20.3113,20.5831,20.9218,20.204,21.9574,19.1595,19.7897,19.7146,20.0791,20.8773,20.7048,20.092,21.2056,20.8331,22.2232,19.9617,20.4833,20.6476,20.8946,20.9046,20.5526,20.7307,20.2412,21.3989,22.2326,20.8071,21.1722,21.2979,20.9776,21.8743,18.6062,19.065,20.029,20.3681,21.488,19.4323,20.3075,20.401,21.1004,21.1668,20.4767,20.549,20.185,20.5908,22.4349,20.0076,20.2785,19.4872,21.1215,22.4815,19.3682,20.3015,20.6797,20.4255,21.3006,19.5995,19.6148,20.3366,19.689,21.0617,20.761,19.5091,20.836,19.3445,21.9514,19.114,19.9146,19.949,20.7959,24.1404,19.3899,19.6881,20.0901,20.5771,23.4865,18.3535,19.9666,20.3997,20.16,20.5824,19.8293,20.1584,19.7911,19.9647,22.4368,19.5272,20.2554,21.0444,20.6608,25.0111,18.8103,19.6619,20.7512,20.6579,21.83,19.0569,20.2141,19.8433,20.8766,21.788
811,4:54:35 PM,19.8762,20.0388,19.7912,19.8675,20.8268,20.4735,19.7404,20.9751,21.5647,21.5805,20.3045,20.1221,19.8916,20.3776,20.9704,20.357,20.8035,21.0121,20.7136,22.0079,20.2409,20.7524,20.8488,20.4478,21.9764,19.2443,19.9517,19.5473,19.8597,20.819,20.9855,19.9823,21.2901,20.6353,22.1944,19.9195,20.5374,20.6422,20.7954,20.9715,20.5146,20.8142,20.246,21.4114,22.0858,20.6552,21.1362,21.1196,20.9416,21.7757,18.8644,19.1614,20.1522,20.3341,21.4537,19.7209,20.2934,20.4792,21.1753,21.2904,20.446,20.5226,20.086,20.7357,22.4941,20.0386,20.3399,19.6454,21.0523,22.4182,19.1728,20.2971,20.5527,20.3486,21.2891,19.6786,19.4691,20.2584,19.9116,21.0114,20.8199,19.5701,20.8261,19.3834,21.9805,19.1728,19.8148,19.919,20.5417,23.6403,19.3763,19.6301,20.0738,20.5099,23.5777,18.2951,19.6889,20.4134,20.1002,20.2956,19.946,20.118,19.8457,19.908,21.9743,19.7745,20.4048,21.0075,20.5038,23.556,19.0647,19.7214,20.8406,21.0407,22.0353,18.9703,20.3251,19.9719,21.0074,21.9583
812,4:54:55 PM,19.8579,20.0753,19.8356,19.9641,20.8085,20.4155,19.7039,20.9937,21.3914,21.4428,20.3179,20.0607,19.9644,20.3462,20.9435,20.4164,20.6824,20.9106,20.8287,21.9976,20.2339,20.6628,20.9575,20.3492,21.9973,19.1746,19.8204,19.6365,19.9982,20.944,20.7352,20.1805,21.363,20.901,22.1918,20.0356,20.5584,20.6969,20.75,20.9137,20.6575,20.7087,20.1576,21.4143,22.0266,20.7622,21.1515,21.174,20.8854,21.8329,18.7482,19.3129,20.0859,20.366,21.4711,19.4889,20.3183,20.5337,21.1962,21.1405,20.4499,20.5196,20.1588,20.6334,22.4081,20.1041,20.2733,19.5991,21.1348,22.3911,19.3237,20.2513,20.7946,20.4387,20.8729,19.7632,19.5733,20.3018,19.8655,20.9934,20.7602,19.7545,21.0332,19.6352,21.9735,19.4582,20.0839,20.1405,20.7428,23.7155,19.5471,19.6304,20.1185,20.3725,23.3717,18.3384,19.5111,20.3945,19.8825,20.0565,19.9162,20.1587,19.7458,19.948,22.2245,19.7143,20.2997,20.9249,20.9373,24.3371,19.0078,19.9641,20.7529,20.7823,21.5288,19.2066,20.2107,19.9839,20.9797,21.8581
813,4:55:15 PM,20.0468,20.0314,19.9038,19.947,20.8502,20.4356,19.9079,21.0013,21.5579,21.601,20.3156,20.1035,19.8961,20.3264,20.8001,20.2742,20.5719,20.8221,20.8627,22.112,20.154,20.4871,20.8708,20.3006,22.072,19.1865,19.9699,19.5868,20.0907,20.958,20.9213,20.1033,21.3237,20.9172,22.2414,20.0088,20.5535,20.6904,20.4267,20.7058,20.5925,20.928,19.988,21.2678,22.0741,20.6654,21.2363,21.1493,21.0279,21.73,18.8921,19.3386,20.0549,20.3421,21.4228,19.4433,20.3614,20.4604,21.1663,21.1187,20.4123,20.5833,20.18,20.567,22.4258,20.0087,20.3255,19.5292,21.124,22.1753,19.3196,20.4665,20.7691,20.5142,20.9355,19.9429,19.703,20.3273,19.801,20.9685,20.8336,19.7436,21.0557,19.7337,22.0747,19.4665,19.9984,20.069,20.9865,24.0554,19.3722,19.6298,19.7603,20.2765,23.246,18.5119,19.7339,20.3088,19.9008,20.0958,19.9901,20.183,19.8489,19.8606,22.1328,19.7806,20.4045,21.0539,20.6639,24.5305,19.0815,19.7302,20.8575,20.8043,21.8741,18.9471,20.3704,20.07,21.1051,21.9125
814,4:55:35 PM,20.0345,20.1561,19.89,19.8253,20.7786,20.413,19.8601,20.9417,21.5451,21.6052,20.1908,20.0179,19.8647,20.3758,20.8141,20.2913,20.6538,20.9571,20.7874,21.9509,20.1182,20.8225,20.8734,20.2598,21.9039,19.1865,19.8586,19.6001,19.9102,20.8769,20.8123,19.9347,21.3647,20.7304,22.1341,19.985,20.5902,20.5149,20.489,20.8291,20.4143,20.7816,20.1774,21.368,22.2998,20.8125,21.2009,21.1425,21.0261,21.7952,18.7199,19.128,20.0592,20.2336,21.3266,19.4115,20.2582,20.4874,21.126,21.3135,20.4136,20.6043,20.1098,20.6009,22.3349,20.0014,20.2934,19.5515,21.1,22.2031,18.9863,20.2665,20.6256,20.4543,21.1124,19.822,19.5332,20.4087,19.8148,20.9971,20.7775,19.5529,20.4387,19.5791,21.9736,19.3598,20.0729,20.2971,21.025,23.9363,19.4017,19.6257,19.9598,20.4297,23.3238,18.3001,19.8069,20.348,19.9756,20.1255,19.9201,20.1536,19.8868,20.0753,22.3206,19.9953,20.4303,21.1329,20.883,24.5357,19.0604,19.8193,20.7412,20.7326,21.9798,19.1418,20.4121,20.1768,21.0399,21.7341
815,4:55:55 PM,20.0884,20.1688,19.8725,19.7555,20.6607,20.3404,19.7506,20.8523,21.4658,21.4994,20.2507,20.0816,20.0324,20.3806,21.0537,20.293,20.7695,20.9152,20.862,22.0796,20.0956,20.5286,20.8417,20.233,22.0053,19.2684,19.8305,19.6102,19.9039,20.7905,20.9025,20.1163,21.3933,20.7976,22.2611,20.0506,20.5504,20.5596,20.5084,20.943,20.4954,20.6632,20.1385,21.354,22.0817,20.7679,21.1253,21.1255,20.9919,21.7372,18.7777,19.1138,19.9796,20.2163,21.4112,19.6035,20.3565,20.5729,21.2234,21.3694,20.4511,20.4716,20.179,20.6257,22.3835,19.9876,20.3551,19.5345,21.0309,22.3177,18.9584,20.2231,20.6425,20.5397,21.0767,19.7612,19.668,20.3283,19.8514,21.0708,20.7752,19.7631,20.8233,19.6268,22.1417,19.1226,19.9621,20.3022,20.7439,23.7672,19.3441,19.6609,20.1271,20.5187,23.3754,18.387,19.7351,20.2955,20.1233,20.5768,19.9423,20.1247,19.9894,20.0328,22.2245,19.7608,20.383,21.0856,20.8001,24.6343,19.1094,19.7054,20.8113,20.8128,21.784,19.0581,20.2241,19.7707,20.9605,21.827
816,4:56:15 PM,19.9891,20.1157,19.7643,19.8849,20.817,20.2914,19.6844,20.8031,21.4316,21.6124,20.2953,20.1525,19.9837,20.6249,21.105,20.3496,20.8998,20.9249,20.9104,22.1799,20.2385,20.7124,20.9011,20.4417,21.9411,19.3511,20.0582,19.6662,20.2361,20.9355,20.8619,20.0271,21.3866,20.7274,22.1343,19.912,20.4965,20.7221,20.429,20.9165,20.5955,20.619,20.1842,21.3464,22.1298,20.7055,21.0591,21.1752,20.986,21.8621,18.875,19.3914,20.1426,20.3559,21.3668,19.7126,20.3205,20.5676,21.2918,21.3327,20.4181,20.6107,20.1936,20.8146,22.549,20.0211,20.3358,19.5779,21.1469,22.6255,19.6414,20.37,20.6737,20.572,21.018,19.8239,19.7358,20.2896,19.869,20.9278,20.8109,19.6629,21.0149,19.655,22.4096,19.3234,20.1005,20.0922,20.5507,23.5157,19.6629,19.8528,20.1946,20.1665,23.1097,18.636,20.0891,20.3564,20.1562,20.5453,19.9206,20.2355,19.9772,19.8941,22.1582,19.7744,20.4203,21.0862,21.0237,24.8018,19.3094,19.9082,20.8923,20.904,22.0758,19.1554,20.435,19.9683,21.099,22.134
817,4:56:35 PM,20.2555,20.2797,20.0547,19.9838,20.8925,20.3997,19.7791,20.7305,21.282,21.6738,20.4007,20.146,20.1752,20.6699,21.6306,20.2647,20.8222,20.9298,20.6806,22.1609,20.2767,20.6643,20.8572,20.4203,22.1431,19.4577,20.2275,20.0031,20.1751,20.9063,20.9905,20.1133,21.1886,20.6591,22.3548,20.0325,20.5991,20.8057,20.7593,21.1637,20.6011,20.802,20.3337,21.3737,22.1278,20.6926,21.1095,21.1997,20.9234,21.8854,19.1554,19.4993,20.3317,20.4529,21.5068,19.9155,20.3985,20.5539,21.3701,21.4526,20.4473,20.6605,20.3083,20.8664,22.1438,20.1041,20.2993,19.5445,21.1354,22.7428,20.0556,20.4057,20.795,20.5148,21.2088,20.0719,19.7543,20.3131,20.0091,21.0974,20.749,19.9812,20.9113,19.92,22.6555,19.7715,20.2171,20.3916,20.6547,23.5478,19.8831,19.8649,20.6172,20.6665,23.2171,18.9456,20.2577,20.5731,20.4289,21.3854,20.0369,20.2277,20.0805,20.0551,22.634,19.948,20.4353,21.0885,20.9559,24.853,19.3714,20.0827,20.9186,20.922,22.2638,19.4396,20.5635,20.08,21.2903,22.4531
818,4:56:55 PM,20.3973,20.3554,20.2208,20.0391,21.2201,20.5156,19.8878,20.9094,21.6618,21.934,20.5175,20.2225,20.3215,21.2697,21.9617,20.359,20.8395,21.1281,20.9641,22.2516,20.4286,20.7128,21.143,21.5985,22.4835,19.5793,20.309,20.1412,20.4074,20.9844,21.374,20.2001,21.3634,20.9095,22.7297,20.1238,20.6654,20.9965,21.1703,21.9876,20.652,20.836,20.545,21.5824,22.343,20.8104,21.2647,21.285,21.0878,22.0806,19.1669,19.9449,20.3742,20.7775,21.5524,20.0034,20.4115,20.7129,21.3481,21.6884,20.5638,20.6802,20.2859,20.8585,22.925,20.0836,20.4184,19.6349,21.0625,22.7559,20.0762,20.4773,20.9648,20.547,21.5645,20.1841,19.9595,20.4575,20.3612,21.1642,20.9658,20.0769,20.9961,20.1501,23.0694,19.927,20.3415,20.4654,21.3368,24.013,20.0548,19.99,20.729,20.8472,23.6836,18.9619,20.5897,20.7485,20.6516,21.7873,20.1352,20.3302,20.0524,20.1764,23.31,19.9373,20.5569,21.2442,21.2676,24.8778,19.4526,20.2997,20.963,21.1218,22.6109,19.7512,20.5869,20.2449,21.4445,22.851
819,4:57:15 PM,20.4704,20.4659,20.2839,20.4174,21.2519,20.5541,20.0163,21.2286,21.8033,22.0189,20.5821,20.3033,20.4877,21.3551,22.4592,20.3275,20.8676,21.2168,20.9678,22.4285,20.4938,20.7526,20.9741,21.3054,22.8413,19.7253,20.4009,20.2222,20.7234,21.1891,21.3309,20.2411,21.5834,21.0689,22.7898,20.1836,20.8326,21.1243,21.6427,22.2144,20.7122,21.067,20.7302,21.7699,22.5292,20.7437,21.2631,21.3761,21.2274,22.433,19.3434,20.0292,20.5024,21.1211,21.6002,20.2456,20.4656,20.6431,21.7005,22.1443,20.6358,20.7705,20.4188,21.3443,22.9524,20.2722,20.5453,19.7061,21.4183,23.0769,20.1533,20.4895,21.1687,20.8573,21.7543,20.4019,20.1852,20.5191,20.7621,21.2917,20.9976,20.1217,21.2003,20.2381,23.4899,19.9783,20.3596,20.5535,21.5767,24.2423,20.1547,20.0688,20.8324,21.4283,23.8829,19.0459,20.667,20.8228,21.1736,22.4184,20.1627,20.3546,20.2692,20.5707,23.7205,20.2112,20.6001,21.4537,21.5926,25.1344,19.5243,20.3419,21.1226,21.3061,22.9451,19.8799,20.5795,20.3826,21.5358,23.0729
