Row,Time,Temperature1(Voltage),Temperature2(Voltage),Temperature3(Voltage),Temperature4(Voltage),Temperature5(Voltage),Temperature6(Voltage),Temperature7(Voltage),Temperature8(Voltage),Temperature9(Voltage),Temperature10(Voltage),Temperature11(Voltage),Temperature12(Voltage),Temperature13(Voltage),Temperature14(Voltage),Temperature15(Voltage),Temperature16(Voltage),Temperature17(Voltage),Temperature18(Voltage),Temperature19(Voltage),Temperature20(Voltage),Temperature21(Voltage),Temperature22(Voltage),Temperature23(Voltage),Temperature24(Voltage),Temperature25(Voltage),Temperature26(Voltage),Temperature27(Voltage),Temperature28(Voltage),Temperature29(Voltage),Temperature30(Voltage),Temperature31(Voltage),Temperature32(Voltage),Temperature33(Voltage),Temperature34(Voltage),Temperature35(Voltage),Temperature36(Voltage),Temperature37(Voltage),Temperature38(Voltage),Temperature39(Voltage),Temperature40(Voltage),Temperature41(Voltage),Temperature42(Voltage),Temperature43(Voltage),Temperature44(Voltage),Temperature45(Voltage),Temperature46(Voltage),Temperature47(Voltage),Temperature48(Voltage),Temperature49(Voltage),Temperature50(Voltage),Temperature51(Voltage),Temperature52(Voltage),Temperature53(Voltage),Temperature54(Voltage),Temperature55(Voltage),Temperature56(Voltage),Temperature57(Voltage),Temperature58(Voltage),Temperature59(Voltage),Temperature60(Voltage),Temperature61(Voltage),Temperature62(Voltage),Temperature63(Voltage),Temperature64(Voltage),Temperature65(Voltage),Temperature66(Voltage),Temperature67(Voltage),Temperature68(Voltage),Temperature69(Voltage),Temperature70(Voltage),Temperature71(Voltage),Temperature72(Voltage),Temperature73(Voltage),Temperature74(Voltage),Temperature75(Voltage),Temperature76(Voltage),Temperature77(Voltage),Temperature78(Voltage),Temperature79(Voltage),Temperature80(Voltage),Temperature81(Voltage),Temperature82(Voltage),Temperature83(Voltage),Temperature84(Voltage),Temperature85(Voltage),Temperature86(Voltage),Temperature87(Voltage),Temperature88(Voltage),Temperature89(Voltage),Temperature90(Voltage),Temperature91(Voltage),Temperature92(Voltage),Temperature93(Voltage),Temperature94(Voltage),Temperature95(Voltage),Temperature96(Voltage),Temperature97(Voltage),Temperature98(Voltage),Temperature99(Voltage),Temperature100(Voltage),Temperature101(Voltage),Temperature102(Voltage),Temperature103(Voltage),Temperature104(Voltage),Temperature105(Voltage),Temperature106(Voltage),Temperature107(Voltage),Temperature108(Voltage),Temperature109(Voltage),Temperature110(Voltage),Temperature111(Voltage),Temperature112(Voltage),Temperature113(Voltage),Temperature114(Voltage),Temperature115(Voltage),Temperature116(Voltage),Temperature117(Voltage),Temperature118(Voltage),Temperature119(Voltage),Temperature120(Voltage)
1,12:24:35 PM,26.7992,26.879,26.9119,27.0913,26.9007,26.9156,27.2326,26.8599,26.7868,26.6797,26.9876,27.0258,27.0222,26.9983,26.8301,26.9898,26.91,26.9426,26.9638,26.6834,27.2706,26.954,26.7719,26.9233,26.3891,27.3221,27.2902,27.0975,27.071,26.7667,27.1153,27.2011,26.8788,27.1955,26.6846,27.2953,26.9797,27.1125,26.9631,27.018,26.8875,27.0481,27.4858,27.1333,26.7611,27.1161,27.104,27.0413,26.7702,26.5557,27.5167,27.2235,27.0192,27.3815,26.9467,27.4434,27.0271,27.0924,26.9727,26.8265,26.8187,26.7639,26.8547,27.1269,26.4814,27.2151,26.7525,26.6952,26.6241,26.3411,27.5873,27.1753,27.0385,27.122,26.9546,26.8944,26.8469,26.6028,27.3589,27.0747,26.9089,27.0264,26.641,27.0986,26.3204,27.3577,27.0376,27.4868,27.2391,26.1508,26.8304,26.8172,26.7354,26.9884,25.9696,27.8364,27.1717,26.7832,27.0344,26.8991,27.0073,26.9708,27.2888,27.1229,26.4474,27.0868,27.0393,26.6951,27.1674,25.76,27.9627,27.1628,26.9344,26.7544,26.4089,27.3395,27.031,27.2357,27.0078,26.6035
2,12:24:55 PM,26.7967,26.8638,26.8136,27.0887,26.8652,26.9092,27.2156,26.8401,26.766,26.7283,26.9496,27.0282,27.0644,26.9979,26.8597,27.0199,26.9547,26.915,26.9535,26.7074,27.2942,26.9806,26.7747,26.8763,26.3884,27.2785,27.2982,27.1963,27.0316,26.6793,27.1142,27.2007,26.8851,27.2436,26.6668,27.3578,26.9673,27.1308,26.9365,27.0804,26.9374,27.0359,27.5077,27.1059,26.7878,27.0871,27.0663,27.0733,26.7307,26.5021,27.5026,27.159,26.9735,27.4504,26.9218,27.4888,26.9725,27.1731,27.0416,26.8351,26.8019,26.8139,26.8729,27.1703,26.51,27.2234,26.7619,26.7052,26.6183,26.3947,27.6315,27.1555,27.0475,27.1608,26.9004,26.9509,26.8226,26.6323,27.3374,26.9945,26.8935,27.0314,26.5675,26.9606,26.2991,27.3384,27.0517,27.4153,27.2151,26.2444,26.8513,26.8296,26.7014,27.0096,25.9252,27.8395,27.1929,26.8195,27.0248,26.8799,27.0157,26.9575,27.2869,27.1472,26.4139,27.1791,26.9872,26.6801,27.2621,25.7951,27.9656,27.1392,26.9403,26.7843,26.4056,27.3667,27.013,27.2636,26.9942,26.6649
3,12:25:15 PM,26.8544,26.8724,26.9382,27.0892,26.8596,26.9157,27.2737,26.8499,26.7686,26.7392,27.0005,27.1007,27.0704,26.9869,26.8382,27.058,26.8755,26.8866,26.9437,26.6787,27.3581,26.9559,26.803,26.9685,26.4196,27.2897,27.3319,27.1489,26.9985,26.7173,27.0663,27.2549,26.9371,27.1862,26.6901,27.3347,26.9646,27.1986,27.026,26.9504,26.8646,27.0151,27.4908,27.1427,26.8063,27.1294,27.1587,27.0482,26.8304,26.5671,27.5332,27.1972,26.9488,27.4041,26.8888,27.4345,27.0049,27.1225,27.0656,26.8399,26.8374,26.7934,26.8744,27.147,26.5578,27.197,26.8391,26.6931,26.6628,26.3294,27.631,27.1382,27.0224,27.1738,26.9414,26.9172,26.8924,26.6411,27.3447,26.9487,26.9232,27.0952,26.5935,27.0188,26.281,27.3578,27.1285,27.5097,27.2481,26.2479,26.8548,26.861,26.7146,26.9758,25.9648,27.8607,27.2135,26.8332,26.986,26.9574,26.997,26.9268,27.2658,27.1362,26.4569,27.2164,27.0045,26.7337,27.2498,25.8126,27.9771,27.1647,26.9598,26.8241,26.415,27.3479,26.9991,27.2761,27.0193,26.6832
4,12:25:35 PM,26.8316,26.8598,26.8683,27.1129,26.8691,26.9081,27.2568,26.8874,26.7848,26.6577,27.0141,27.0587,27.0914,27.02,26.8339,27.011,26.9227,26.9441,26.9792,26.6618,27.2863,27.0682,26.7669,26.9179,26.4173,27.3478,27.3196,27.1386,27.0154,26.7564,27.12,27.2331,26.9468,27.1881,26.6765,27.3246,27.0468,27.1488,26.9558,27.019,26.8823,27.041,27.4723,27.0852,26.8071,27.0999,27.136,27.0271,26.7612,26.5431,27.5306,27.1972,26.9727,27.4198,26.9036,27.4596,26.9599,27.1728,27.0678,26.8371,26.8091,26.7605,26.8515,27.2052,26.4886,27.2602,26.7807,26.6466,26.5867,26.3801,27.6437,27.1301,27.011,27.1735,26.9183,26.9453,26.9624,26.5872,27.3571,27.0165,26.841,27.0839,26.5945,27.014,26.3279,27.3607,27.1125,27.4928,27.2565,26.2504,26.8558,26.8239,26.7449,26.9784,25.9764,27.8435,27.2296,26.8564,27.0209,26.9052,27.0093,26.974,27.3012,27.085,26.4165,27.1826,26.9944,26.6894,27.3033,25.7762,28.0123,27.2028,26.9739,26.889,26.4412,27.3125,26.9647,27.3128,27.0482,26.6619
5,12:25:55 PM,26.8621,26.8711,26.9413,27.1459,26.8625,26.9513,27.3175,26.8896,26.8306,26.6937,26.9944,27.0262,27.0195,27.0329,26.831,27.0126,26.9324,26.896,26.9669,26.7207,27.3081,26.9909,26.7621,26.954,26.41,27.3122,27.3153,27.221,26.9994,26.7495,27.1093,27.2534,26.9151,27.2252,26.6945,27.3206,26.9595,27.1198,26.9557,27.0356,26.9027,27.0169,27.4728,27.2059,26.8375,27.0978,27.1243,27.0559,26.7709,26.6203,27.5221,27.1893,27.0605,27.5084,26.9022,27.4971,27.0237,27.1217,27.0852,26.8576,26.8175,26.8438,26.8095,27.2377,26.478,27.2237,26.8055,26.7088,26.653,26.3491,27.6026,27.1853,27.0272,27.1224,26.9109,26.973,26.8676,26.6447,27.3518,27.0043,26.8865,27.1486,26.6225,27.01,26.3173,27.4238,27.0574,27.5199,27.2925,26.2404,26.8488,26.9033,26.7503,27.0343,25.9634,27.8355,27.1925,26.8679,26.9925,26.9448,27.0219,26.9764,27.2876,27.0966,26.457,27.1437,27.0385,26.7267,27.2331,25.8195,28.028,27.188,26.9641,26.7784,26.4991,27.3668,26.9607,27.2678,27.0069,26.6825
6,12:26:15 PM,26.8257,26.8635,26.8911,27.1094,26.8671,26.8884,27.2623,26.9397,26.8071,26.7632,27.0044,27.0702,27.1,27.0719,26.9074,27.0804,26.9296,26.9532,26.951,26.7085,27.2963,26.9881,26.7649,26.9242,26.4074,27.3125,27.3312,27.1821,27.0516,26.7235,27.1516,27.204,26.9333,27.2452,26.7366,27.3582,27.0187,27.1864,26.996,27.0271,26.9109,27.036,27.4801,27.1797,26.8111,27.0889,27.0713,27.1073,26.8497,26.5766,27.5073,27.2351,26.9573,27.4273,26.9128,27.4789,27.0036,27.1861,27.0552,26.8201,26.8541,26.8326,26.8127,27.1469,26.5632,27.2718,26.8308,26.7406,26.6668,26.359,27.6681,27.1838,27.0865,27.1215,26.9418,26.9446,26.869,26.6355,27.366,26.9672,26.8341,27.0697,26.6136,27.0404,26.3093,27.3871,27.117,27.5327,27.2661,26.2985,26.8221,26.8848,26.7888,26.963,26.0499,27.8408,27.2444,26.8721,27.0723,26.9202,26.9955,26.9461,27.2591,27.1675,26.4374,27.1437,26.9763,26.7513,27.2521,25.8117,28.0067,27.1882,26.9842,26.8689,26.4561,27.3174,26.9444,27.2734,27.0129,26.6976
7,12:26:35 PM,26.8261,26.9109,26.9059,27.1,26.9287,26.9533,27.228,26.9603,26.8204,26.8135,27.0364,27.0817,27.0653,27.0178,26.8682,27.027,26.9427,26.91,26.9554,26.7327,27.38,26.9801,26.7493,26.9398,26.4298,27.2912,27.33,27.1662,27.0373,26.7592,27.0994,27.3068,26.9654,27.2753,26.7061,27.3067,27.106,27.1651,26.9773,27.0522,26.9576,27.0402,27.4475,27.1833,26.8262,27.1617,27.0889,27.0272,26.7646,26.5604,27.4784,27.1943,26.939,27.4795,26.9273,27.4724,26.963,27.2033,27.075,26.8595,26.8208,26.8199,26.8776,27.1911,26.4954,27.2802,26.7989,26.7117,26.712,26.4168,27.6475,27.1543,27.0145,27.0862,26.9138,26.882,26.8609,26.716,27.3077,27.0476,26.8541,27.0914,26.6055,27.0403,26.3527,27.3612,27.1283,27.578,27.2541,26.2078,26.9024,26.8971,26.6798,27.022,25.9461,27.826,27.2093,26.8194,27.047,26.8927,26.9767,27.0303,27.2722,27.1129,26.5566,27.206,27.0229,26.7708,27.1971,25.8415,28.0101,27.1761,26.9723,26.9286,26.4861,27.3438,27.029,27.2968,27.0628,26.736
8,12:26:55 PM,26.8442,26.881,26.918,27.1513,26.9381,26.9535,27.2295,26.9133,26.8346,26.7572,27.0458,27.1315,27.156,27.0224,26.966,27.0947,26.9429,26.8758,26.9742,26.7635,27.3199,27.0014,26.8065,26.9837,26.5055,27.3075,27.3783,27.1531,27.034,26.7463,27.1775,27.2837,26.9909,27.2116,26.7913,27.3416,27.0321,27.1766,27.0653,27.0534,26.9612,27.0375,27.4877,27.1791,26.7982,27.1455,27.0952,27.0922,26.7848,26.5563,27.5262,27.221,26.9721,27.5307,26.9441,27.539,26.9794,27.1636,27.0502,26.8567,26.852,26.8371,26.8844,27.2212,26.5457,27.2444,26.9099,26.7232,26.6329,26.3596,27.6524,27.1787,27.0772,27.162,26.949,26.9594,26.8808,26.6586,27.4196,27.0379,26.8551,27.0564,26.6485,27.1089,26.3614,27.4056,27.1202,27.5269,27.2736,26.3137,26.9376,26.8923,26.7738,27.0338,25.9636,27.8427,27.2521,26.8445,26.9973,26.9067,26.9679,27.0379,27.2828,27.0843,26.4709,27.1833,26.9697,26.7589,27.2955,25.8684,28.0669,27.2065,27.0336,26.9032,26.4734,27.3798,26.9894,27.3339,27.0542,26.6904
9,12:27:15 PM,26.9549,26.8812,26.9239,27.1367,26.8769,26.8916,27.2763,26.9178,26.793,26.805,26.99,27.0988,27.1789,27.0809,26.8838,27.044,26.9805,26.9155,27.0153,26.7119,27.3329,27.0086,26.8066,26.9545,26.4573,27.293,27.335,27.1437,27.0788,26.6786,27.1,27.2713,26.95,27.2673,26.8076,27.3922,27.0635,27.215,27.0586,27.0834,26.9373,27.0034,27.4952,27.1746,26.7859,27.1647,27.0878,27.1134,26.7637,26.5671,27.5304,27.2,26.9934,27.5449,26.9517,27.4536,27.0043,27.1745,27.0719,26.8785,26.8813,26.8616,26.857,27.2505,26.6036,27.231,26.867,26.7514,26.7308,26.3758,27.6208,27.1688,27.0984,27.1506,26.9501,26.8897,26.9176,26.6644,27.3264,27.0209,26.8757,27.1457,26.5806,27.0876,26.3682,27.4041,27.0778,27.523,27.3073,26.2667,26.9117,26.9217,26.8161,27.0098,25.9782,27.8094,27.2259,26.9326,27.0063,26.9487,26.9651,27.0205,27.2809,27.1111,26.479,27.1527,27.0608,26.8006,27.284,25.8539,27.9887,27.2646,27.0347,26.8977,26.511,27.4243,26.9964,27.303,27.0729,26.7133
10,12:27:35 PM,26.8336,26.9234,26.944,27.1424,26.9256,26.8983,27.2968,26.9733,26.8867,26.7597,27.0753,27.1208,27.1369,27.0623,26.9329,27.0336,26.9891,26.931,26.9959,26.7013,27.3254,27.0381,26.8176,27.0098,26.4971,27.349,27.3335,27.1376,27.092,26.7307,27.1106,27.2173,26.9605,27.3009,26.8036,27.4024,27.0709,27.1905,27.0097,27.0958,26.9546,27.0261,27.5393,27.2191,26.8255,27.2084,27.1167,27.0718,26.8428,26.5797,27.5523,27.2201,26.9707,27.574,26.9138,27.4319,27.0339,27.1974,27.1266,26.91,26.8186,26.7964,26.978,27.2452,26.5225,27.2901,26.8192,26.7341,26.7004,26.3798,27.6459,27.2207,27.1061,27.1453,26.9258,27.0243,26.8987,26.7547,27.3502,27.0298,26.9201,27.1116,26.6417,27.0885,26.3802,27.466,27.1902,27.6338,27.3364,26.314,26.9163,26.8984,26.8273,26.9784,25.9528,27.8417,27.2696,26.8895,27.0492,26.9546,27.0002,27.0632,27.3084,27.1334,26.4839,27.1992,26.9326,26.7433,27.2864,25.8394,28.0921,27.2278,27.0643,26.8721,26.5262,27.4447,27.0275,27.3557,27.0681,26.7203
11,12:27:55 PM,26.849,26.9281,26.9435,27.1491,26.9129,26.9547,27.2797,26.9237,26.8871,26.7327,27.0957,27.1197,27.1418,27.0958,26.9051,27.0368,26.9519,26.9554,26.9868,26.8284,27.3721,27.0107,26.8236,27.0002,26.5095,27.3631,27.3511,27.2105,27.0697,26.7195,27.1275,27.2093,27.0038,27.2614,26.8257,27.3526,27.0663,27.1997,27.0648,27.0675,27.0533,27.0869,27.5,27.2374,26.8904,27.1573,27.1517,27.089,26.7847,26.5876,27.507,27.2289,26.938,27.528,26.9704,27.4568,27.0137,27.2423,27.0908,26.8539,26.906,26.8709,26.926,27.2208,26.5065,27.2684,26.8083,26.7973,26.6397,26.4383,27.6465,27.2319,27.0866,27.1185,26.9859,26.9493,26.9966,26.6373,27.4237,27.0379,26.9468,27.0996,26.6873,27.1009,26.379,27.4102,27.1029,27.5819,27.3495,26.2963,26.945,26.9207,26.8011,27.0545,25.9915,27.8654,27.2703,26.899,27.021,26.909,27.0097,27.0479,27.3179,27.1426,26.5355,27.233,26.9762,26.7876,27.3168,25.856,28.0744,27.3141,27.076,26.8816,26.5231,27.4135,27.031,27.3806,27.0951,26.7327
12,12:28:15 PM,26.8539,26.9163,26.9455,27.1507,26.921,26.9552,27.2688,27.0038,26.8465,26.8186,27.166,27.1287,27.1883,27.0732,26.9654,27.0975,26.9546,27.0239,27.0321,26.7758,27.3539,27.0256,26.8521,27.0239,26.4154,27.3636,27.3504,27.1904,27.0023,26.6907,27.1384,27.2834,26.9944,27.3307,26.8174,27.3624,27.0727,27.171,27.0564,27.054,26.9335,27.0224,27.5076,27.2273,26.8574,27.162,27.1491,27.1454,26.7987,26.4913,27.5216,27.1748,26.9107,27.5482,26.9474,27.4934,27.0057,27.2425,27.0971,26.8814,26.8551,26.8718,26.9371,27.2124,26.5102,27.3072,26.8599,26.782,26.6695,26.4183,27.6609,27.2145,27.1367,27.1261,26.9326,26.957,26.9308,26.6655,27.4265,27.0118,26.9305,27.0869,26.6863,27.1062,26.3864,27.4025,27.1936,27.5879,27.3266,26.3683,26.8699,26.8632,26.8048,27.025,26.0223,27.9349,27.278,26.9056,26.9658,26.9339,27.0328,27.0333,27.318,27.1154,26.4914,27.2271,26.9978,26.8562,27.3357,25.9283,28.055,27.2839,26.9808,26.942,26.5447,27.4594,27.0042,27.3695,27.1595,26.7833
13,12:28:35 PM,26.8834,26.8959,26.9802,27.1504,26.8847,26.9929,27.3158,26.9414,26.8772,26.823,27.1145,27.1076,27.166,27.0871,26.9484,27.0755,26.9491,26.9487,27.0548,26.8664,27.3339,27.0547,26.8145,26.9629,26.4684,27.3418,27.3744,27.1727,27.0824,26.7161,27.0961,27.2575,26.9816,27.2644,26.8559,27.3884,27.1015,27.2021,27.1162,27.0462,26.9808,27.0723,27.5612,27.264,26.818,27.1652,27.1465,27.1893,26.8214,26.579,27.499,27.2038,26.9517,27.5303,26.9626,27.4979,27.0389,27.2117,27.166,26.9185,26.897,26.8985,26.9118,27.1814,26.5757,27.3096,26.8797,26.757,26.7089,26.4297,27.6732,27.2589,27.1175,27.1009,26.919,27.0413,26.9731,26.6762,27.3974,26.9987,26.9046,27.0917,26.7052,27.1393,26.4389,27.5086,27.217,27.6073,27.3128,26.3703,26.9313,26.9571,26.8237,27.0588,26.0342,27.8872,27.2948,26.8802,26.9964,26.9566,26.9642,27.0678,27.272,27.1505,26.5479,27.2537,27.0293,26.859,27.3661,25.9335,28.1033,27.2544,27.0927,26.9401,26.5768,27.4417,26.9768,27.3547,27.1095,26.7371
14,12:28:55 PM,26.901,26.9643,26.9303,27.1321,26.9498,26.9403,27.2215,26.9882,26.8646,26.8069,27.1019,27.1782,27.1347,27.137,26.9942,27.1019,26.9863,26.9758,27.0305,26.7832,27.3125,27.0545,26.806,26.9467,26.4053,27.3695,27.3916,27.1414,27.0366,26.7865,27.1354,27.2867,26.9972,27.3413,26.8324,27.4081,27.142,27.1757,27.1015,27.1225,26.9842,27.0587,27.5823,27.2317,26.8996,27.2196,27.1622,27.18,26.7881,26.6136,27.579,27.1881,26.9905,27.5622,27.0269,27.46,26.9608,27.1994,27.173,26.8771,26.9091,26.8748,26.9106,27.2305,26.6455,27.2873,26.8774,26.779,26.7064,26.4447,27.6913,27.1956,27.0851,27.1383,26.9506,26.9613,26.9808,26.6868,27.3798,27.0259,26.9345,27.0966,26.6536,27.1415,26.423,27.3822,27.187,27.6082,27.3448,26.3483,26.949,26.9533,26.7842,27.0768,26.0663,27.9115,27.2728,26.9325,27.0208,26.9764,27.0077,27.0453,27.387,27.1674,26.5089,27.2276,27.0121,26.8248,27.3655,25.9095,28.0783,27.2665,27.0956,27.0015,26.5528,27.3589,26.9733,27.3696,27.061,26.7035
15,12:29:15 PM,26.8456,26.9553,26.9601,27.1792,26.9688,26.9244,27.2509,26.9469,26.8504,26.8698,27.0987,27.2315,27.1546,27.1367,26.9895,27.1406,27.0346,27.0138,26.9878,26.7852,27.3636,27.0528,26.8482,26.9603,26.4726,27.4545,27.3915,27.1614,27.0626,26.726,27.1654,27.2466,27.0428,27.3426,26.8404,27.4286,27.0985,27.2111,27.0843,27.1082,26.9738,27.0922,27.509,27.2621,26.9,27.1748,27.1703,27.1436,26.8241,26.5756,27.5904,27.2054,26.9606,27.5545,27.0003,27.5147,27.028,27.2427,27.1728,26.8878,26.9284,26.8853,26.8993,27.2453,26.5912,27.284,26.8836,26.7573,26.7079,26.4588,27.724,27.2823,27.1592,27.0418,26.9075,26.9926,26.9422,26.7135,27.4167,26.9791,26.8369,27.1026,26.7532,27.1753,26.4112,27.4126,27.1817,27.6232,27.3318,26.3497,26.937,26.9459,26.8503,27.1046,26.0391,27.9017,27.2747,26.9361,27.0293,26.9672,26.9996,27.0553,27.307,27.1384,26.5348,27.2544,26.9871,26.8394,27.3814,25.8607,28.1466,27.2856,27.1087,26.9476,26.573,27.4556,27.1027,27.4179,27.1255,26.7158
16,12:29:35 PM,26.9274,26.9395,26.9967,27.131,26.9431,26.953,27.2376,26.9487,26.8533,26.8353,27.147,27.1801,27.1429,27.1276,26.9555,27.0697,27.0406,27.0104,27.0671,26.8101,27.4197,27.0676,26.8397,26.9479,26.4434,27.374,27.4133,27.1779,27.0416,26.7442,27.1445,27.2593,27.0164,27.328,26.8579,27.3646,27.0967,27.2142,27.1313,27.0958,27.0195,27.0931,27.499,27.2702,26.8686,27.2084,27.1594,27.1591,26.7853,26.5637,27.5533,27.2297,27.0268,27.6502,27.0112,27.4796,26.9594,27.2238,27.0955,26.9426,26.902,26.9413,26.9186,27.3201,26.6031,27.2647,26.887,26.794,26.7002,26.5138,27.7446,27.2473,27.1481,27.0966,26.9031,26.9976,26.9123,26.7047,27.4295,26.9478,26.9047,27.1366,26.6799,27.1221,26.3994,27.4726,27.1759,27.6827,27.3519,26.3411,26.9585,27.002,26.8813,27.0297,26.0273,27.8618,27.3117,26.9519,27.046,26.9393,27.0063,27.0139,27.3205,27.1624,26.5701,27.2524,27.0138,26.8322,27.4361,25.9038,28.1503,27.2949,27.0708,27.0139,26.5323,27.4066,27.0982,27.3747,27.1196,26.7329
17,12:29:55 PM,26.8767,26.9526,26.9412,27.1459,26.9152,26.9483,27.2524,26.9679,26.9013,26.8657,27.148,27.1638,27.2632,27.1557,26.9177,27.1659,26.9859,27.0144,27.0232,26.8196,27.4188,27.0461,26.8058,26.9424,26.4861,27.3753,27.4305,27.1983,27.0386,26.7442,27.1704,27.2495,27.0595,27.3208,26.8737,27.4147,27.1702,27.178,27.1113,27.0793,27.0493,27.1113,27.5705,27.2743,26.8857,27.2177,27.1746,27.1685,26.7753,26.5651,27.5653,27.2483,26.9719,27.6429,27.0182,27.4235,27.0101,27.2219,27.1553,26.9272,26.8822,26.9064,26.932,27.2678,26.6467,27.2409,26.9295,26.8101,26.705,26.5049,27.6834,27.2261,27.1788,27.1419,26.9267,26.9662,26.9731,26.6633,27.4083,27.0744,26.8914,27.0992,26.7116,27.189,26.4057,27.5011,27.2896,27.6486,27.3846,26.369,26.9437,26.9762,26.8374,27.0935,26.0748,27.9263,27.3077,26.9434,26.9627,26.9517,27.0631,27.0715,27.3076,27.1707,26.4585,27.2243,26.9986,26.8596,27.3862,25.9376,28.1936,27.3466,27.0501,26.9795,26.54,27.4819,27.0193,27.386,27.2257,26.7557
18,12:30:15 PM,26.9329,26.9798,26.9699,27.1808,26.9618,26.9146,27.2891,27.0222,26.874,26.8702,27.1849,27.1658,27.2144,27.1253,26.9688,27.1147,27.034,27.0727,27.0731,26.8834,27.4072,27.0897,26.8764,26.9334,26.4616,27.3865,27.4268,27.1855,27.0576,26.7455,27.1505,27.2588,27.0517,27.3159,26.8503,27.3692,27.1256,27.216,27.1277,27.1222,27.0497,27.0957,27.5028,27.2569,26.9417,27.2279,27.1847,27.1765,26.7775,26.5717,27.5057,27.2556,26.9333,27.5929,26.9679,27.4558,26.978,27.3272,27.1897,26.9393,26.931,26.8951,26.9456,27.2392,26.5821,27.2931,26.8579,26.7719,26.7314,26.4412,27.7783,27.2558,27.1532,27.0784,26.9806,27.0289,26.9325,26.6831,27.4506,26.9895,26.9176,27.1018,26.7947,27.1808,26.4484,27.4567,27.2554,27.6784,27.3721,26.3423,26.9923,27.0538,26.8773,27.0745,26.0911,27.9383,27.2761,26.9844,26.9773,26.9323,27.0286,27.0578,27.3974,27.1775,26.5422,27.2265,26.9776,26.8688,27.4415,25.859,28.1407,27.2962,27.107,27.0133,26.5675,27.4603,27.0359,27.3637,27.1493,26.7143
19,12:30:35 PM,26.9238,26.9649,26.9958,27.1038,26.9628,26.9472,27.2496,26.9822,26.9445,26.8703,27.135,27.2273,27.1721,27.1381,27.0517,27.1046,27.0432,27.0176,27.0763,26.7611,27.4097,27.0939,26.846,26.9871,26.4808,27.3719,27.3219,27.1254,27.0706,26.6704,27.1345,27.2375,27.0262,27.3908,26.8908,27.4613,27.107,27.2773,27.078,27.0959,27.0131,27.1062,27.5398,27.268,26.9756,27.2078,27.2115,27.1732,26.7808,26.5684,27.5504,27.2763,26.9828,27.6226,26.9683,27.459,27.0411,27.3171,27.1573,26.936,26.8951,26.9123,26.9662,27.2737,26.6001,27.3597,26.9412,26.7819,26.7469,26.4516,27.6871,27.2783,27.2213,27.1103,26.9434,26.9526,26.9617,26.7282,27.369,27.0234,26.8771,27.1293,26.7572,27.1253,26.4783,27.5042,27.2574,27.649,27.4096,26.3732,26.9795,27.0174,26.865,27.1496,26.0592,27.8808,27.3141,26.9319,26.9892,27.0031,27.0509,27.0777,27.379,27.1284,26.5076,27.2527,26.9803,26.8763,27.4306,25.9021,28.1962,27.3581,27.1112,26.9856,26.5757,27.4428,27.102,27.3535,27.0776,26.7552
20,12:30:55 PM,26.9463,26.94,27.0409,27.1736,26.9609,26.931,27.2851,27.0728,26.9489,26.8865,27.1341,27.1819,27.2034,27.1291,27.0571,27.1143,27.0254,27.0032,27.0809,26.9092,27.4154,27.0594,26.8684,26.9421,26.5074,27.4153,27.3687,27.2021,27.0594,26.7635,27.1499,27.265,27.0414,27.3469,26.9166,27.454,27.1508,27.2358,27.123,27.0631,27.0132,27.1151,27.6255,27.2641,26.9013,27.2521,27.2238,27.2145,26.7775,26.5642,27.5752,27.2012,26.9538,27.6576,27.0115,27.5573,26.9912,27.3274,27.1624,26.9372,26.9206,26.928,26.9588,27.2925,26.6227,27.3251,26.9056,26.8191,26.7633,26.4745,27.7378,27.2779,27.1395,27.1329,26.9594,26.9809,26.9924,26.7104,27.3738,27.005,26.8374,27.0708,26.7259,27.1957,26.4885,27.4652,27.2467,27.6743,27.4112,26.4364,26.9838,26.9673,26.8892,27.117,26.0743,27.9221,27.3695,26.9455,26.9244,26.9621,27.027,27.0918,27.3455,27.205,26.5576,27.2813,26.9873,26.8943,27.4468,25.9205,28.1541,27.3631,27.1497,27.0777,26.5992,27.5194,27.1028,27.4423,27.1686,26.777
21,12:31:15 PM,26.8775,26.9355,26.9917,27.1346,26.9733,26.986,27.2465,26.9988,26.9494,26.8521,27.1527,27.2456,27.1828,27.1102,27.0433,27.197,27.0303,27.0438,27.0922,26.912,27.4671,27.1027,26.841,26.9883,26.5393,27.3124,27.3682,27.2176,27.0759,26.6981,27.144,27.2514,27.0744,27.3875,26.9368,27.4078,27.1496,27.2181,27.1316,27.1154,27.0147,27.1253,27.5702,27.3164,26.9992,27.1947,27.2054,27.1765,26.7437,26.5184,27.6023,27.2426,26.9955,27.5751,27.0425,27.537,27.0089,27.2693,27.1667,27.0111,26.9331,26.9757,26.9571,27.2386,26.6258,27.389,26.9139,26.7973,26.7315,26.4794,27.7624,27.2674,27.1726,27.1655,27.0181,27.0158,26.9654,26.716,27.3818,26.9508,26.8605,27.1498,26.7345,27.1789,26.4987,27.4809,27.2577,27.6941,27.3838,26.4097,26.9912,27.0283,26.8614,27.0512,26.0923,27.8993,27.2904,26.9784,26.9891,26.9715,27.0049,27.1122,27.3492,27.1548,26.5296,27.1591,27.0209,26.8904,27.435,25.9699,28.198,27.4035,27.1629,27.049,26.6295,27.5084,27.1644,27.3859,27.1988,26.7566
22,12:31:35 PM,26.9569,26.9426,27.0109,27.1594,26.9415,26.9662,27.2525,27.026,26.9326,26.9227,27.1689,27.1891,27.2051,27.1487,27.0301,27.0752,27.0295,27.0048,27.0762,26.8367,27.4544,27.0764,26.868,26.8734,26.435,27.3881,27.357,27.2264,27.0768,26.6716,27.0936,27.2382,27.1102,27.3384,26.928,27.4768,27.1706,27.2645,27.1503,27.1119,27.0153,27.1609,27.5469,27.2568,26.9545,27.2537,27.2497,27.183,26.7611,26.5562,27.5667,27.2369,26.963,27.6272,27.0433,27.4599,26.9528,27.3371,27.2173,27.0076,26.873,26.9178,26.9753,27.2689,26.5909,27.3311,26.9026,26.8195,26.7409,26.4845,27.7759,27.2392,27.1465,27.0864,26.9632,27.0174,26.9913,26.6561,27.4058,27.0112,26.9086,27.078,26.7217,27.1845,26.447,27.5085,27.2659,27.7192,27.3346,26.4303,26.9987,26.9882,26.882,27.1185,26.1212,27.9365,27.3825,26.9983,26.9981,26.9424,27.1029,27.0723,27.3768,27.2218,26.5132,27.2473,27.0844,26.925,27.4162,26.0045,28.2261,27.4072,27.1873,27.0,26.6073,27.5317,27.1027,27.4302,27.2121,26.8087
23,12:31:55 PM,26.9315,26.9957,26.9839,27.1602,26.9583,26.9452,27.2911,27.0352,26.9266,26.9033,27.1474,27.2313,27.2376,27.1434,26.9756,27.1495,27.0578,27.0819,27.1525,26.8384,27.4034,27.1489,26.9194,26.9582,26.5113,27.3962,27.4408,27.1799,27.0425,26.7593,27.2016,27.2659,27.0743,27.3625,26.9547,27.4849,27.1619,27.264,27.1784,27.128,27.0499,27.1544,27.5838,27.2904,26.8924,27.2371,27.2627,27.2537,26.7748,26.5764,27.5949,27.4667,27.0578,27.5803,26.9915,27.4806,27.0798,27.364,27.2676,27.0251,26.9659,27.0287,27.0875,27.3891,26.6877,27.3395,26.9629,26.8573,26.7765,26.5218,27.7226,27.2503,27.1326,27.0829,26.9761,27.03,26.9875,26.7386,27.4231,26.9802,26.8903,27.0608,26.7487,27.2111,26.4855,27.4416,27.2619,27.6678,27.3774,26.4187,27.0353,26.9984,26.8476,27.103,26.0891,27.9776,27.3585,26.9361,26.9589,26.9419,27.0305,27.1123,27.3653,27.1763,26.519,27.2131,26.9959,26.9062,27.4294,26.0345,28.215,27.4076,27.1035,27.0633,26.6446,27.4773,27.0762,27.4407,27.208,26.8384
24,12:32:15 PM,26.9322,26.9719,26.9709,27.1882,26.98,26.9823,27.2254,27.0683,26.94,26.9194,27.1782,27.182,27.179,27.1706,27.0342,27.1679,27.0797,27.0725,27.0876,26.9004,27.4487,27.1023,26.9423,27.0308,26.5117,27.3618,27.435,27.1684,27.0893,26.736,27.1727,27.2864,27.1308,27.3554,26.9774,27.4668,27.1665,27.2624,27.1241,27.1458,27.0989,27.1565,27.5977,27.3701,26.9556,27.2161,27.197,27.1977,26.7805,26.5932,27.6017,27.4597,27.1422,27.5315,27.0454,27.4258,27.0219,27.4029,27.2785,27.0472,26.9663,26.9698,27.0285,27.3557,26.6923,27.3813,26.9822,26.8238,26.746,26.4496,27.7317,27.2781,27.1888,27.1357,26.9347,27.0081,26.9738,26.7053,27.3813,26.9765,26.9232,27.1111,26.7682,27.2077,26.4838,27.537,27.2808,27.6543,27.4418,26.4631,26.9717,27.0363,26.9167,27.1225,26.0805,27.9336,27.3855,27.0198,26.9988,26.9845,27.053,27.0329,27.3382,27.2971,26.5521,27.2693,27.0171,26.9526,27.435,25.985,28.1617,27.3614,27.2177,27.0724,26.5996,27.5135,27.117,27.482,27.2422,26.8637
25,12:32:35 PM,26.9348,27.0114,27.0201,27.1788,26.9615,26.9834,27.2851,27.0612,26.9683,26.8516,27.1671,27.1862,27.2467,27.1876,27.0712,27.1635,27.1229,27.0624,27.1607,26.8641,27.4216,27.125,26.9132,27.0259,26.5028,27.4061,27.4642,27.2034,27.1125,26.7379,27.1772,27.2068,27.1949,27.3619,26.9459,27.4461,27.2109,27.2674,27.2275,27.1798,27.0301,27.1475,27.6279,27.3004,26.956,27.2325,27.2661,27.1702,26.7876,26.54,27.5552,27.4763,27.1713,27.4918,27.0162,27.5519,27.0296,27.3784,27.3372,27.1241,26.9202,26.9354,27.0513,27.3676,26.717,27.3712,27.0304,26.8185,26.7392,26.5009,27.7921,27.3064,27.2015,27.0814,26.9101,27.0274,26.9946,26.7417,27.4578,27.0499,26.9144,27.1196,26.7889,27.168,26.4849,27.553,27.2422,27.7258,27.4318,26.4228,26.9991,27.0179,26.8682,27.1791,26.1448,27.9851,27.3046,27.0189,27.0272,26.9998,27.0067,27.0952,27.389,27.2242,26.5651,27.2055,26.9991,26.9492,27.439,26.0725,28.2436,27.4379,27.1261,27.0716,26.6454,27.5022,27.1548,27.4548,27.2404,26.7806
26,12:32:55 PM,26.9432,26.9748,26.9803,27.2239,26.9662,26.9315,27.269,27.0767,26.9539,26.9194,27.2205,27.2334,27.2264,27.2276,27.0088,27.1072,27.0315,27.0498,27.0743,26.7848,27.4297,27.146,26.8849,26.9764,26.4758,27.3893,27.3868,27.1785,27.098,26.8313,27.1511,27.2285,27.1219,27.3489,26.9763,27.5029,27.2185,27.3061,27.2393,27.1584,27.0748,27.1109,27.6218,27.3799,26.8977,27.2494,27.2508,27.2845,26.7362,26.6035,27.6,27.4119,27.3082,27.4759,27.0481,27.5123,26.9563,27.3298,27.3493,27.1096,26.933,26.8853,27.0402,27.3584,26.6658,27.3717,26.9251,26.833,26.7754,26.4877,27.7479,27.3458,27.1472,27.1589,26.8602,27.0279,26.974,26.701,27.4818,27.0183,26.9687,27.0961,26.7809,27.2408,26.5288,27.4925,27.2981,27.6868,27.4949,26.4588,27.06,26.9673,26.851,27.1445,26.1365,28.0062,27.3796,26.983,27.0286,26.8845,27.0456,27.0738,27.3719,27.2392,26.5709,27.1867,26.9666,26.9019,27.4864,26.0133,28.2247,27.3663,27.1819,27.1064,26.6378,27.517,27.1004,27.4437,27.1651,26.8591
27,12:33:15 PM,26.9351,27.004,27.021,27.1483,26.9592,26.9648,27.2972,27.0151,26.9742,26.9293,27.1338,27.2324,27.2423,27.1019,26.9932,27.202,27.0871,27.0386,27.1479,26.8658,27.4689,27.1663,26.8999,27.0511,26.5181,27.4136,27.4495,27.178,27.1051,26.7305,27.1683,27.2985,27.1518,27.4135,26.9361,27.4637,27.1212,27.2561,27.2399,27.257,27.0707,27.21,27.6456,27.3398,26.9591,27.2601,27.2886,27.2756,26.8055,26.5142,27.535,27.343,27.2472,27.4503,27.025,27.4768,26.9903,27.3527,27.3323,27.0593,26.9464,26.9716,27.093,27.4328,26.725,27.3745,26.8734,26.8387,26.8209,26.5235,27.7984,27.2759,27.218,27.1611,26.9578,27.006,26.952,26.721,27.4112,26.9991,26.9536,27.0953,26.7712,27.1915,26.5503,27.5329,27.2642,27.6595,27.4348,26.4316,27.004,27.0341,26.9261,27.1271,26.1293,27.9281,27.4279,26.9547,27.0892,26.9486,27.1418,27.0983,27.3839,27.2195,26.5562,27.238,26.9696,26.9318,27.4636,26.1229,28.205,27.429,27.157,27.0446,26.6185,27.5597,27.1374,27.432,27.2094,26.8617
28,12:33:35 PM,26.946,26.9935,26.9186,27.2048,26.9687,26.9357,27.2624,27.0423,26.9673,26.9675,27.146,27.2395,27.2789,27.2654,27.0904,27.1605,27.0745,27.0831,27.124,26.8642,27.434,27.1571,26.8915,27.0639,26.4885,27.3807,27.4215,27.185,27.1617,26.7554,27.2118,27.2554,27.1164,27.4174,26.9775,27.4994,27.1524,27.293,27.2198,27.2187,27.0379,27.1675,27.6545,27.3591,26.9486,27.3194,27.2653,27.2304,26.7739,26.5816,27.5786,27.388,27.2474,27.5295,27.007,27.4689,26.9936,27.4307,27.3659,27.1305,26.9624,26.9859,27.0366,27.346,26.7218,27.3715,26.9812,26.8561,26.799,26.526,27.7728,27.2907,27.2397,27.1957,26.8996,26.9967,26.9638,26.7197,27.4089,27.0796,26.9312,27.1095,26.8223,27.2266,26.5088,27.4537,27.2436,27.6911,27.4689,26.4253,27.0458,27.0097,26.9661,27.1663,26.095,28.0209,27.3849,26.9784,27.0666,26.9445,27.036,27.0762,27.3591,27.2301,26.5744,27.1593,27.015,26.9228,27.5535,26.1222,28.2155,27.4223,27.1886,27.0282,26.6716,27.5115,27.1464,27.4312,27.2327,26.8549
29,12:33:55 PM,26.9819,27.0066,26.9679,27.2045,26.9554,26.9315,27.226,27.0423,26.9825,26.9248,27.2327,27.2028,27.3003,27.1717,27.0374,27.1674,27.1072,27.0137,27.0383,26.9067,27.4539,27.1398,26.8987,27.0279,26.4653,27.3991,27.4316,27.2001,27.1253,26.7089,27.2712,27.2637,27.1508,27.3984,27.0483,27.5067,27.2134,27.2569,27.2298,27.2429,27.0677,27.1543,27.5918,27.3762,27.0255,27.2744,27.25,27.2758,26.793,26.5475,27.6271,27.4239,27.4014,27.5119,27.0313,27.4658,27.0482,27.4134,27.35,27.2388,26.9787,26.9659,27.0625,27.39,26.6704,27.3555,26.9388,26.9096,26.8659,26.5194,27.7641,27.3338,27.2153,27.1617,26.896,27.0609,26.9746,26.751,27.419,27.0836,26.9865,27.0845,26.8062,27.2686,26.5546,27.5473,27.3633,27.7156,27.3834,26.4732,27.032,27.0077,26.8759,27.1664,26.1963,27.9243,27.3513,27.0083,27.0896,26.9354,27.1061,27.0833,27.4355,27.1828,26.5445,27.2338,26.9888,26.9898,27.5298,26.0779,28.2232,27.3568,27.2178,27.0781,26.6949,27.4782,27.0788,27.4685,27.259,26.8267
30,12:34:15 PM,26.9264,26.9989,26.9998,27.2722,26.9539,26.9417,27.2552,27.0367,26.9484,26.9339,27.1963,27.2612,27.3065,27.3047,27.0669,27.1081,27.0683,27.1142,27.1294,26.8676,27.4609,27.1269,26.8847,27.022,26.4938,27.423,27.4489,27.2478,27.1107,26.7778,27.2544,27.2347,27.1506,27.3703,27.0064,27.4517,27.1889,27.2652,27.2452,27.235,27.1062,27.2028,27.6531,27.3388,26.9988,27.1893,27.3098,27.299,26.7713,26.5879,27.5654,27.453,27.448,27.5845,27.0465,27.4832,26.9748,27.4156,27.3882,27.2332,26.9606,27.0252,27.0508,27.3711,26.7064,27.3516,26.91,26.9115,26.8112,26.4838,27.7781,27.2976,27.2334,27.0983,26.9009,27.0665,27.0152,26.7895,27.451,27.0749,26.9585,27.0768,26.827,27.2758,26.5513,27.547,27.3163,27.7375,27.4259,26.4611,27.0749,27.0564,26.9265,27.2341,26.1616,27.9851,27.3459,27.0582,27.0582,27.039,27.0811,27.113,27.3828,27.2266,26.5498,27.2286,27.0192,26.9601,27.4711,26.1085,28.2307,27.4077,27.2017,27.1016,26.648,27.4982,27.1547,27.4276,27.2479,26.8693
31,12:34:35 PM,26.9627,27.0208,27.0528,27.2751,26.9886,26.9068,27.2613,27.0686,27.0045,26.9432,27.1834,27.2077,27.2325,27.2709,27.0962,27.1373,27.0418,27.0521,27.1328,26.8296,27.4227,27.1368,26.9133,27.069,26.5105,27.3859,27.4115,27.2434,27.1241,26.7509,27.2309,27.2238,27.1651,27.3736,27.0339,27.4829,27.2092,27.2662,27.2737,27.2976,27.119,27.1774,27.6603,27.3362,27.0031,27.2644,27.257,27.2671,26.8602,26.6361,27.5441,27.5115,27.5565,27.5555,27.0223,27.4775,26.9698,27.4115,27.3947,27.3047,26.9789,26.9711,26.9975,27.3897,26.7062,27.3571,26.9638,26.8852,26.8099,26.5588,27.7591,27.2907,27.2546,27.1368,26.9448,27.0964,27.0986,26.7503,27.4448,27.0917,26.9291,27.0826,26.8011,27.2475,26.5973,27.5147,27.2712,27.7239,27.4259,26.4632,27.1076,26.9981,26.9384,27.2211,26.2056,27.9585,27.4446,27.0509,27.0885,27.0146,27.056,27.1121,27.3987,27.1747,26.6181,27.2321,26.9762,26.9459,27.4572,26.0823,28.2554,27.4348,27.1994,27.0997,26.6349,27.5363,27.1428,27.4585,27.2293,26.7699
32,12:34:55 PM,26.9904,26.9765,27.0094,27.2439,26.9404,26.9502,27.2651,27.0839,26.9881,26.9642,27.1404,27.2419,27.264,27.2941,27.0324,27.2162,27.0429,27.1214,27.1569,26.9229,27.4719,27.1195,26.9718,27.0492,26.545,27.3989,27.3802,27.2067,27.0824,26.8198,27.2659,27.2552,27.1331,27.4059,26.989,27.4459,27.1913,27.275,27.2741,27.2814,27.1289,27.2522,27.625,27.3821,27.0231,27.2982,27.2104,27.2818,26.8447,26.5266,27.5906,27.4561,27.5719,27.5584,27.0159,27.5249,26.9701,27.3828,27.3349,27.31,26.9595,27.0427,27.0646,27.3744,26.7042,27.3546,27.0007,26.8759,26.8438,26.5499,27.7547,27.3347,27.2421,27.1575,26.9423,27.0661,26.993,26.7401,27.4315,27.0878,26.9081,27.1443,26.8388,27.3047,26.5711,27.5504,27.3409,27.7909,27.4938,26.4922,27.048,26.9835,26.9268,27.2606,26.1646,27.9458,27.3788,27.0089,27.0809,27.0609,27.0212,27.1128,27.3466,27.1579,26.6146,27.2288,27.0372,26.9634,27.4936,26.1399,28.2781,27.4501,27.1926,27.0554,26.6852,27.5313,27.1858,27.3933,27.2702,26.8747
33,12:35:15 PM,26.9574,27.0448,27.0219,27.1837,27.0019,26.9427,27.2924,27.0562,27.0461,26.9408,27.24,27.2558,27.303,27.2863,27.1028,27.1942,27.053,27.0875,27.1845,26.9352,27.4603,27.1292,26.9101,27.0637,26.485,27.3414,27.3701,27.2012,27.0853,26.8019,27.1784,27.2253,27.1692,27.4108,27.0086,27.4466,27.2093,27.2747,27.2513,27.2572,27.1314,27.1884,27.595,27.3425,27.0917,27.2939,27.2949,27.2828,26.8729,26.5622,27.5753,27.4753,27.6659,27.6094,27.0515,27.4342,27.0239,27.3717,27.416,27.438,26.9751,26.9778,27.0671,27.3546,26.6905,27.3548,26.9366,26.8692,26.8438,26.5379,27.8484,27.3369,27.2942,27.1762,26.9684,27.1163,26.9815,26.8068,27.4248,27.0754,26.9129,27.1415,26.8561,27.2649,26.6264,27.6349,27.3302,27.7662,27.4951,26.4898,27.0468,27.0654,26.8939,27.2584,26.198,27.9599,27.3953,27.0146,27.0753,27.0476,27.1212,27.0733,27.4564,27.1846,26.567,27.2075,26.9462,26.9723,27.5426,26.132,28.2621,27.4512,27.236,27.1019,26.7478,27.5428,27.1625,27.48,27.2821,26.8909
34,12:35:35 PM,26.9591,26.9555,27.0325,27.1845,27.0658,26.9455,27.2846,27.0559,27.0529,26.9492,27.1939,27.2251,27.3187,27.3751,27.1606,27.2096,27.0667,27.0405,27.2116,26.9962,27.4788,27.1718,26.9528,27.134,26.5629,27.4094,27.3706,27.1813,27.1029,26.7599,27.2456,27.2599,27.2058,27.4168,27.032,27.4334,27.2839,27.3056,27.2157,27.3095,27.0957,27.199,27.7002,27.3882,27.0599,27.241,27.2854,27.276,26.8657,26.6083,27.5859,27.4321,27.7334,27.521,27.0794,27.5249,26.9617,27.4188,27.4124,27.4274,26.9812,26.951,27.0719,27.3723,26.7301,27.3761,26.9654,26.8553,26.8067,26.5667,27.7355,27.3467,27.2506,27.2049,26.9606,27.0626,26.9707,26.7034,27.4268,27.0852,26.9209,27.1081,26.8685,27.2653,26.583,27.5528,27.2855,27.7619,27.4575,26.4452,27.0638,27.1251,26.8902,27.3514,26.1801,28.0184,27.3584,27.0751,27.0576,27.018,27.0327,27.1276,27.4383,27.2326,26.62,27.2409,26.9979,27.0322,27.5102,26.1432,28.3082,27.5179,27.1762,27.1478,26.7532,27.5223,27.1684,27.4411,27.2844,26.8853
35,12:35:55 PM,26.9568,26.954,26.908,27.2224,26.973,26.9734,27.2636,27.0353,27.0099,26.9768,27.2011,27.2789,27.2739,27.3065,27.1313,27.1973,27.0441,27.0729,27.2387,26.9218,27.4303,27.1699,26.9035,27.0568,26.5195,27.3929,27.4036,27.2724,27.1129,26.7643,27.1835,27.2247,27.1701,27.4166,27.0019,27.4886,27.2862,27.3176,27.2163,27.3446,27.1176,27.1821,27.6399,27.4209,27.0483,27.1931,27.214,27.3064,26.8518,26.5394,27.5881,27.3853,27.6848,27.5409,27.0903,27.4684,26.9795,27.3929,27.472,27.3981,27.0038,27.001,27.1018,27.3938,26.7547,27.3554,26.9993,26.8991,26.8706,26.6253,27.7802,27.3823,27.283,27.2079,27.0248,27.0719,26.9695,26.7116,27.407,27.1206,26.92,27.0859,26.8511,27.2285,26.5178,27.5683,27.3454,27.7815,27.5208,26.5243,27.0104,27.015,26.9737,27.3704,26.2201,27.989,27.3719,27.0672,27.0771,27.0252,27.103,27.1241,27.3538,27.195,26.5836,27.2281,27.0518,26.9911,27.5099,26.1104,28.2796,27.4515,27.2603,27.0898,26.7137,27.6142,27.1779,27.4443,27.3118,26.9415
36,12:36:15 PM,26.962,26.9907,26.9929,27.1709,27.0293,26.9506,27.31,27.0437,27.037,26.9496,27.1781,27.2337,27.2564,27.2887,27.0989,27.2012,27.0847,27.0775,27.1722,26.9727,27.4796,27.1041,26.9159,27.1388,26.5366,27.4302,27.3926,27.2051,27.1288,26.8428,27.2524,27.2319,27.1845,27.4473,27.0244,27.4342,27.2202,27.3272,27.2511,27.1922,27.1189,27.1617,27.6655,27.3783,27.0371,27.2755,27.2552,27.2881,26.8179,26.5698,27.5779,27.4146,27.7222,27.6186,27.0891,27.5144,27.0409,27.4201,27.4415,27.4372,27.0104,27.0587,27.0538,27.3857,26.8319,27.4557,26.9612,26.9083,26.8502,26.5893,27.8018,27.3614,27.2627,27.1849,26.9794,27.0929,27.0345,26.6994,27.4308,27.0529,26.8931,27.1065,26.8274,27.2653,26.5955,27.5679,27.2682,27.7892,27.5186,26.5283,27.0639,27.061,26.9025,27.264,26.1767,28.0094,27.4281,27.0671,26.9767,27.0286,27.1195,27.1013,27.3526,27.1605,26.5457,27.266,26.992,27.0455,27.5682,26.1469,28.2563,27.4768,27.2773,27.1483,26.7049,27.5459,27.1709,27.4598,27.2089,26.8782
37,12:36:35 PM,27.0405,26.9988,27.0124,27.2045,27.0013,26.924,27.2915,27.0267,27.0619,26.974,27.2191,27.2771,27.3098,27.3376,27.0996,27.2173,27.0809,27.0537,27.22,26.9871,27.4898,27.0794,26.9498,27.0811,26.5676,27.417,27.4624,27.2495,27.1058,26.8438,27.2347,27.2572,27.1915,27.3902,27.0856,27.5159,27.1762,27.2802,27.2545,27.3187,27.062,27.1842,27.6375,27.4348,27.0852,27.2917,27.3028,27.3187,26.8285,26.6538,27.6019,27.3458,27.6995,27.6134,27.0458,27.4704,26.9667,27.452,27.4429,27.504,26.9585,27.0047,27.1266,27.4151,26.7337,27.3675,26.9696,26.8592,26.856,26.6151,27.8179,27.4083,27.2595,27.1496,26.9903,27.0308,27.0478,26.7087,27.4558,27.0963,26.9412,27.1687,26.8396,27.2367,26.6609,27.5495,27.3116,27.7836,27.5493,26.5014,27.0514,27.1144,26.9345,27.2755,26.2639,28.0332,27.4361,27.0674,27.0498,27.0537,27.1294,27.1302,27.4067,27.1843,26.6269,27.2268,26.9928,26.989,27.5166,26.1706,28.2413,27.474,27.248,27.118,26.7414,27.5498,27.1665,27.4927,27.296,26.9276
38,12:36:55 PM,26.9583,26.9746,27.0473,27.2621,27.066,26.9795,27.3042,27.039,27.0589,26.9862,27.1846,27.2539,27.2914,27.357,27.0778,27.1542,27.1248,27.0588,27.2321,27.0002,27.501,27.0987,26.9562,27.174,26.5706,27.398,27.3998,27.2617,27.1094,26.8729,27.228,27.3047,27.1683,27.4583,26.9957,27.4948,27.1987,27.3339,27.2502,27.3149,27.0949,27.2005,27.677,27.4804,27.0869,27.2782,27.2822,27.3083,26.8314,26.6061,27.5827,27.351,27.7569,27.5542,27.0757,27.4888,26.9792,27.4143,27.3873,27.5785,26.9853,27.0053,27.1089,27.3418,26.6954,27.3174,27.0306,26.8679,26.8274,26.6116,27.7762,27.3639,27.2835,27.1709,27.0063,27.0062,27.0112,26.7244,27.4552,27.0787,26.9488,27.0904,26.8346,27.3021,26.6101,27.5529,27.3617,27.724,27.5394,26.5791,27.0984,27.0566,26.9663,27.344,26.2099,28.0,27.3664,27.0574,27.0353,27.0216,27.143,27.1605,27.4308,27.2322,26.6034,27.2087,27.0485,27.1067,27.5483,26.2686,28.3586,27.4993,27.2556,27.1939,26.7811,27.5588,27.1579,27.4779,27.3167,26.9218
39,12:37:15 PM,26.9635,27.0329,26.9824,27.2455,27.0638,26.9386,27.2171,27.0914,27.0391,27.0091,27.2096,27.2858,27.2347,27.292,27.1351,27.2276,27.0768,27.0933,27.1999,27.0151,27.4756,27.1838,26.9397,27.1272,26.5587,27.4165,27.4369,27.1814,27.1498,26.8789,27.2293,27.2895,27.1216,27.4487,26.9899,27.5532,27.193,27.3133,27.3083,27.3168,27.1034,27.2174,27.6385,27.3933,27.152,27.305,27.3335,27.268,26.8578,26.6245,27.5792,27.3803,27.7557,27.5957,27.1536,27.4616,26.9829,27.38,27.4531,27.61,26.9924,27.0313,27.065,27.4517,26.7317,27.4513,26.9272,26.8882,26.9055,26.6299,27.7593,27.3869,27.281,27.1216,27.0251,27.0858,27.0288,26.7659,27.4869,27.1285,26.9568,27.1122,26.8774,27.2593,26.6,27.6047,27.3616,27.7595,27.4789,26.57,27.0684,27.0454,26.9051,27.3014,26.2378,28.0169,27.4511,27.0162,27.081,27.0576,27.0823,27.1407,27.4479,27.226,26.6639,27.2554,27.0388,27.0307,27.5594,26.206,28.3477,27.4504,27.251,27.1447,26.7999,27.543,27.209,27.463,27.2428,26.9486
40,12:37:35 PM,26.9727,26.9721,27.0329,27.2808,27.0554,26.9591,27.2806,27.0873,27.0909,26.965,27.1913,27.2166,27.3137,27.3298,27.1695,27.1726,27.107,27.0805,27.2568,27.0294,27.4741,27.2107,26.927,27.1104,26.5634,27.3885,27.4239,27.2329,27.1724,26.9019,27.2636,27.257,27.163,27.4202,27.0968,27.4766,27.2521,27.3343,27.2637,27.3916,27.077,27.2252,27.6561,27.4497,27.1822,27.2879,27.3111,27.2629,26.8228,26.5872,27.5559,27.3599,27.7813,27.6379,27.1043,27.4656,27.037,27.3985,27.4169,27.5464,26.9724,27.0083,27.0374,27.4145,26.7483,27.4166,26.9802,26.8848,26.9162,26.5701,27.7898,27.4283,27.2621,27.1779,26.9552,27.0612,27.0045,26.7278,27.4613,27.1365,26.9573,27.0913,26.893,27.3349,26.5989,27.5724,27.2931,27.8242,27.5089,26.6662,27.0662,27.0489,26.9719,27.2649,26.1965,28.0157,27.4382,27.0633,27.0122,27.0656,27.1148,27.1981,27.3883,27.2238,26.6419,27.2399,27.0579,26.9763,27.5443,26.2282,28.3172,27.5045,27.249,27.1696,26.7569,27.6182,27.1854,27.5012,27.2154,27.0094
41,12:37:55 PM,26.9591,26.9778,26.9915,27.2826,26.9861,26.8875,27.3422,27.0862,27.0406,27.0135,27.2171,27.3355,27.3358,27.3823,27.1235,27.1435,27.0895,27.1851,27.275,27.0183,27.4984,27.1674,26.9723,27.0969,26.5426,27.4191,27.4066,27.2069,27.1544,26.8781,27.1707,27.2329,27.1147,27.4188,27.0053,27.5145,27.2362,27.2997,27.1972,27.3564,27.1376,27.2439,27.6614,27.4349,27.1432,27.3431,27.3063,27.3069,26.9305,26.6413,27.6273,27.3976,27.7947,27.5774,27.1153,27.5272,26.9578,27.3862,27.4652,27.606,27.0226,27.0411,27.0712,27.4447,26.7477,27.464,27.0022,26.8251,26.9058,26.6537,27.8021,27.3958,27.2187,27.1078,27.0325,27.0416,27.0489,26.7061,27.4152,27.1533,26.9446,27.1213,26.8781,27.216,26.6438,27.663,27.3754,27.8667,27.5479,26.5639,27.1223,27.0871,27.0006,27.28,26.2452,28.0216,27.4715,27.042,27.0786,27.0413,27.0814,27.1064,27.4019,27.2814,26.6511,27.2513,27.0195,26.9877,27.5643,26.3171,28.3523,27.5039,27.2464,27.1995,26.7586,27.5642,27.1895,27.5374,27.3374,26.9213
42,12:38:15 PM,26.9434,27.0444,26.9734,27.2628,27.0293,26.9292,27.264,27.0674,27.039,26.9973,27.2191,27.2878,27.2677,27.3016,27.1765,27.1819,27.0949,27.085,27.3222,26.9878,27.5642,27.1863,26.9317,27.0816,26.5664,27.3985,27.435,27.2185,27.1562,26.886,27.2891,27.2503,27.2151,27.448,27.1112,27.493,27.2479,27.366,27.3663,27.3926,27.1544,27.1323,27.6949,27.427,27.1449,27.349,27.3174,27.2824,26.8885,26.5974,27.594,27.514,27.8789,27.5734,27.1494,27.543,27.0417,27.4445,27.5115,27.6216,26.961,27.035,27.1091,27.4313,26.7819,27.3828,27.0273,26.9509,26.8709,26.6401,27.7782,27.3877,27.2631,27.1327,27.0311,27.0533,26.9968,26.8087,27.4863,27.1622,27.0157,27.1271,26.8978,27.2849,26.6297,27.5966,27.3642,27.8077,27.5267,26.5881,27.0681,27.0969,26.9938,27.2583,26.2241,27.9999,27.446,27.1135,26.9989,27.108,27.1204,27.2118,27.3946,27.2765,26.6751,27.2394,26.9987,27.0282,27.5566,26.3151,28.2517,27.5062,27.3105,27.1154,26.8607,27.6337,27.2284,27.518,27.3069,26.9476
43,12:38:35 PM,26.9929,27.0348,26.9797,27.2707,27.019,26.8888,27.3154,27.0809,27.0981,26.9918,27.1724,27.2446,27.2891,27.3863,27.1452,27.1666,27.1644,27.138,27.2867,27.016,27.5003,27.1893,26.9367,27.1564,26.6023,27.4441,27.4637,27.1727,27.1807,26.8654,27.2442,27.2432,27.1937,27.438,27.0661,27.505,27.2233,27.3406,27.3142,27.4028,27.1331,27.2278,27.7435,27.5249,27.1608,27.3518,27.3063,27.2892,26.8484,26.6273,27.5642,27.5197,27.865,27.5975,27.1247,27.42,26.9901,27.4535,27.5769,27.5921,27.029,27.0261,27.1266,27.4372,26.7999,27.4038,27.0115,26.9885,26.8835,26.6308,27.8168,27.3666,27.3173,27.1544,27.0143,27.0711,27.0549,26.7696,27.4649,27.1698,26.9721,27.1521,26.8796,27.3006,26.7035,27.6337,27.3601,27.7994,27.5829,26.635,27.0973,27.0768,26.9708,27.2764,26.2843,27.9982,27.4532,27.0785,27.0347,27.0518,27.1225,27.1501,27.393,27.2726,26.6677,27.2986,27.0059,27.0357,27.6039,26.3065,28.3405,27.5285,27.2824,27.1675,26.817,27.569,27.1734,27.5012,27.3549,26.9523
44,12:38:55 PM,26.975,27.0071,26.9995,27.2549,27.0395,26.9545,27.291,27.1275,27.1139,27.0207,27.2474,27.2625,27.3226,27.3688,27.1972,27.125,27.0609,27.0827,27.2704,27.0064,27.473,27.1839,26.9268,27.1323,26.5915,27.4433,27.5113,27.2308,27.1155,26.8834,27.2799,27.2933,27.187,27.4475,27.1032,27.5084,27.2801,27.3849,27.3535,27.4374,27.1283,27.302,27.7181,27.4377,27.1341,27.2731,27.337,27.3882,26.879,26.6616,27.6249,27.5825,27.8887,27.5346,27.1029,27.4819,26.9905,27.4873,27.4893,27.5013,27.0118,26.9803,27.1203,27.4345,26.8105,27.4449,26.9982,26.8983,26.8317,26.7268,27.8518,27.3911,27.2993,27.2132,27.0028,27.0812,27.0193,26.7251,27.4909,27.1499,26.9379,27.1002,26.8984,27.2971,26.6792,27.6024,27.3835,27.7765,27.6017,26.5994,27.1533,27.0985,26.9848,27.3245,26.2662,27.9528,27.4567,27.1041,27.0774,27.0826,27.1172,27.1505,27.4265,27.2975,26.6872,27.2132,27.0365,27.0322,27.5373,26.2959,28.3011,27.4364,27.2594,27.2268,26.8152,27.5977,27.1544,27.5716,27.2901,26.9841
45,12:39:15 PM,27.018,27.0157,27.041,27.2229,27.0432,26.9024,27.3039,27.1297,27.1171,26.983,27.2589,27.2299,27.3438,27.3208,27.1912,27.1947,27.1266,27.0536,27.2584,26.9996,27.4571,27.1774,26.9789,27.1001,26.5961,27.427,27.4491,27.2361,27.1439,26.8352,27.2393,27.2441,27.1497,27.4385,27.1097,27.5475,27.2337,27.3084,27.2993,27.4217,27.0942,27.2128,27.6975,27.457,27.1827,27.3356,27.3127,27.2764,26.8262,26.6553,27.6264,27.4609,27.8297,27.5319,27.107,27.5305,26.959,27.459,27.4674,27.4278,27.0395,27.0537,27.1244,27.4122,26.811,27.4123,26.9984,26.9088,26.9279,26.6904,27.8593,27.3928,27.3189,27.1493,27.0272,27.1169,26.9651,26.7743,27.5185,27.1687,27.0003,27.0982,26.8727,27.3395,26.7019,27.5926,27.3917,27.8234,27.6209,26.6081,27.1126,27.09,26.9723,27.341,26.2345,28.0144,27.4557,27.1265,27.0801,27.1194,27.1726,27.142,27.4427,27.1996,26.631,27.2407,26.999,27.0949,27.6554,26.3437,28.3384,27.4944,27.2838,27.1991,26.7877,27.621,27.2242,27.5678,27.3059,26.9531
46,12:39:35 PM,26.9481,27.0266,27.0219,27.2656,27.0475,26.9767,27.3531,27.1223,27.121,27.0141,27.2988,27.2762,27.3548,27.3116,27.2081,27.1826,27.1505,27.1029,27.3345,27.0104,27.4818,27.1424,26.9402,27.153,26.5734,27.4614,27.4533,27.2091,27.156,26.8596,27.2802,27.227,27.1711,27.4593,27.0935,27.5237,27.2414,27.2438,27.3323,27.4067,27.1094,27.2704,27.738,27.4502,27.0917,27.3188,27.3009,27.3169,26.8388,26.6824,27.6508,27.337,27.7589,27.5564,27.1664,27.5382,27.0291,27.5379,27.5003,27.424,27.0309,27.0294,27.0811,27.4778,26.8149,27.3783,27.0193,26.9264,26.8953,26.6421,27.8429,27.3849,27.3425,27.1161,26.9729,27.0948,27.024,26.7445,27.5168,27.1503,26.9355,27.0704,26.8843,27.313,26.7165,27.6091,27.4196,27.8387,27.6551,26.6252,27.1308,27.1226,26.9903,27.3374,26.3385,28.0275,27.4443,27.1565,27.0835,27.1422,27.1448,27.1358,27.3943,27.2659,26.6493,27.2096,27.0324,27.1221,27.593,26.2431,28.3844,27.501,27.3022,27.2246,26.8235,27.6001,27.1968,27.5679,27.3122,26.9318
47,12:39:55 PM,26.9872,27.0104,27.0318,27.2823,27.0434,26.9757,27.2846,27.1124,27.1003,27.0657,27.2725,27.3523,27.3166,27.4061,27.2117,27.2578,27.0669,27.132,27.2902,27.01,27.5107,27.1545,26.9526,27.0879,26.581,27.3811,27.4595,27.2836,27.1856,26.8741,27.2509,27.2284,27.1389,27.4454,27.0562,27.539,27.2267,27.3635,27.2889,27.4073,27.0908,27.1686,27.713,27.5185,27.092,27.286,27.3428,27.2876,26.8783,26.6872,27.5641,27.3657,27.7503,27.582,27.1302,27.4719,27.0405,27.4801,27.4458,27.4062,27.0175,27.0538,27.0774,27.4661,26.817,27.4487,26.9604,26.9129,26.9064,26.6745,27.8558,27.3753,27.2507,27.1551,27.1002,27.0321,27.037,26.7435,27.5065,27.1354,26.9598,27.1577,26.8822,27.3519,26.6774,27.6135,27.4464,27.8266,27.603,26.6209,27.0819,27.1123,26.9228,27.369,26.2468,28.0589,27.4275,27.0936,27.1375,27.1449,27.167,27.1693,27.4461,27.3051,26.6485,27.3121,27.0362,27.1109,27.5809,26.2511,28.2794,27.4742,27.3314,27.2174,26.8687,27.5623,27.2252,27.5677,27.3555,26.9957
48,12:40:15 PM,27.0154,27.0226,26.9628,27.2998,27.0887,26.9477,27.23,27.1124,27.1845,27.0268,27.2134,27.2901,27.2859,27.3467,27.1784,27.1926,27.1606,27.1011,27.293,27.0819,27.5008,27.1659,26.9172,27.1387,26.5821,27.4063,27.4254,27.2574,27.2123,26.8613,27.2617,27.2953,27.2039,27.4156,27.111,27.5017,27.2868,27.3714,27.3169,27.3363,27.0983,27.219,27.7292,27.5292,27.1094,27.306,27.3747,27.3101,26.8406,26.6825,27.6087,27.3618,27.8003,27.647,27.1101,27.4228,27.0396,27.4614,27.4413,27.4871,26.9839,27.0683,27.1111,27.4336,26.8449,27.3605,27.0466,26.943,26.9082,26.7055,27.8232,27.3761,27.3066,27.1606,27.1041,27.1169,27.0264,26.7599,27.472,27.2094,26.9674,27.124,26.8329,27.2927,26.7718,27.6322,27.3427,27.8396,27.5935,26.6951,27.0595,27.146,27.0043,27.3491,26.2178,27.9768,27.4581,27.1324,27.101,27.0748,27.2006,27.163,27.4661,27.3555,26.6876,27.2363,27.0073,27.0618,27.6065,26.2642,28.3162,27.5096,27.2769,27.1741,26.8777,27.591,27.2071,27.5467,27.3593,26.9206
49,12:40:35 PM,26.9699,27.0501,27.0641,27.2483,27.0871,26.941,27.258,27.1154,27.0753,27.0209,27.1959,27.2922,27.2979,27.4105,27.1767,27.1751,27.1415,27.1336,27.339,27.0707,27.5117,27.1663,26.9528,27.1052,26.5679,27.4316,27.4578,27.2181,27.174,26.9177,27.2752,27.2608,27.1993,27.4275,27.0835,27.5714,27.2931,27.3711,27.286,27.3864,27.1247,27.1932,27.6973,27.5183,27.1937,27.2677,27.2821,27.3389,26.8796,26.6472,27.5948,27.3422,27.8759,27.6993,27.0812,27.5134,26.9803,27.406,27.4431,27.4275,27.0686,27.0486,27.1165,27.4633,26.8678,27.4254,27.003,26.95,26.8924,26.7048,27.764,27.3635,27.3175,27.1239,27.0171,27.0492,26.9775,26.7206,27.4955,27.183,27.0221,27.108,26.8802,27.3379,26.6641,27.6495,27.3752,27.814,27.5824,26.6274,27.1641,27.0732,26.9665,27.3912,26.2934,27.9373,27.4849,27.0705,27.1379,27.0692,27.1013,27.1351,27.4419,27.2898,26.6633,27.2933,27.0185,27.0483,27.6063,26.3018,28.3621,27.5024,27.2276,27.1768,26.7784,27.5667,27.2605,27.5921,27.3491,26.984
50,12:40:55 PM,27.0187,27.0799,26.9897,27.2797,27.0559,26.96,27.268,27.1555,27.1056,27.0444,27.2424,27.3439,27.3445,27.3911,27.1475,27.1986,27.1425,27.1106,27.3402,27.0505,27.5323,27.1932,26.9944,27.0993,26.5988,27.4285,27.4693,27.2355,27.1772,26.8499,27.3144,27.2445,27.1935,27.4598,27.1244,27.5795,27.2576,27.3458,27.3002,27.3838,27.1165,27.2562,27.6896,27.5501,27.169,27.3206,27.2702,27.3132,26.837,26.6405,27.5639,27.4184,27.8474,27.6916,27.0607,27.5026,27.0519,27.4025,27.5488,27.4389,27.057,27.0007,27.1503,27.5477,26.9002,27.4599,26.9907,26.9039,26.9105,26.6657,27.8309,27.361,27.3044,27.1504,27.0245,27.114,26.9836,26.7421,27.5462,27.1411,26.8921,27.0879,26.8912,27.3524,26.7038,27.6053,27.4564,27.8278,27.5626,26.6579,27.1087,27.1084,27.0015,27.2892,26.2545,28.0523,27.4107,27.1297,27.0339,27.0862,27.1444,27.1645,27.4123,27.3194,26.7057,27.1768,27.0211,27.0614,27.5844,26.3387,28.307,27.5092,27.292,27.1813,26.8497,27.599,27.1913,27.5517,27.3207,26.9727
51,12:41:15 PM,26.9941,26.9753,26.9866,27.273,27.0983,26.988,27.2615,27.0826,27.0959,27.0276,27.2684,27.2837,27.2821,27.3943,27.1675,27.2524,27.1329,27.0839,27.378,27.0653,27.4598,27.1851,26.9374,27.0587,26.5772,27.4028,27.4619,27.1909,27.1298,26.8856,27.2942,27.2487,27.1805,27.4296,27.1196,27.5153,27.2651,27.3784,27.3328,27.447,27.1564,27.2615,27.6821,27.488,27.1088,27.3116,27.3001,27.3659,26.7818,26.6527,27.6547,27.4597,27.8681,27.6143,27.1255,27.5077,26.9525,27.4383,27.5389,27.5278,27.0008,27.0736,27.145,27.4558,26.8787,27.3994,27.0501,26.9367,26.9365,26.7167,27.8551,27.4072,27.3402,27.1976,27.0446,27.0698,27.0159,26.7901,27.5157,27.2019,26.9955,27.2144,26.8981,27.3134,26.7422,27.6722,27.4044,27.7949,27.552,26.6924,27.1451,27.0906,27.0447,27.3665,26.2741,28.0014,27.4241,27.0761,27.1213,27.0712,27.1885,27.2106,27.4023,27.3222,26.711,27.2915,26.9746,27.0243,27.6753,26.3551,28.3518,27.5492,27.2959,27.247,26.8868,27.6117,27.224,27.5777,27.3076,26.9945
52,12:41:35 PM,27.0541,27.0282,26.9845,27.307,27.0743,26.9796,27.2835,27.1189,27.1452,27.1201,27.2422,27.2485,27.3518,27.394,27.2315,27.2082,27.1187,27.1473,27.337,27.0653,27.5304,27.1242,26.9374,27.1342,26.6406,27.4153,27.475,27.2204,27.2114,26.9022,27.2691,27.241,27.1975,27.4434,27.057,27.4804,27.2723,27.3143,27.3773,27.4383,27.2073,27.177,27.6599,27.4375,27.159,27.3387,27.306,27.3668,26.8771,26.6176,27.5801,27.4451,27.8679,27.6197,27.1804,27.4668,26.9558,27.4965,27.6716,27.6207,27.0051,27.087,27.1162,27.4267,26.9263,27.4045,27.0608,26.9256,26.9814,26.7038,27.9355,27.4075,27.37,27.1848,27.0508,27.0645,27.0464,26.799,27.4873,27.1432,26.9973,27.1793,26.8845,27.3328,26.7072,27.6036,27.4087,27.7611,27.6277,26.6293,27.1283,27.1149,27.0043,27.3395,26.3414,28.0725,27.4076,27.1132,27.0711,27.1415,27.1411,27.1997,27.4543,27.2556,26.7394,27.2871,26.982,27.0744,27.6777,26.3637,28.3387,27.5193,27.2613,27.2197,26.8449,27.6055,27.1875,27.6202,27.3334,27.0135
53,12:41:55 PM,27.0057,26.9861,27.003,27.2803,27.0567,26.8952,27.3248,27.0779,27.1066,27.0795,27.265,27.2576,27.3237,27.3928,27.1964,27.1524,27.1212,27.1455,27.289,27.0813,27.4764,27.1906,27.0257,27.1764,26.6396,27.4391,27.4247,27.1883,27.1578,26.9036,27.2981,27.2837,27.1678,27.4437,27.073,27.5478,27.2401,27.3828,27.3546,27.404,27.0755,27.3033,27.6518,27.4532,27.1849,27.3382,27.33,27.3474,26.8319,26.6984,27.6216,27.4221,27.8756,27.6328,27.1362,27.537,27.0419,27.5196,27.6083,27.6035,27.0569,27.1,27.0728,27.4964,26.9027,27.4233,27.0656,26.9441,26.9475,26.7368,27.8557,27.4173,27.3182,27.2288,27.0773,27.0955,27.0204,26.7775,27.4771,27.2064,27.008,27.1509,26.9513,27.3642,26.7093,27.6277,27.3865,27.8316,27.589,26.6341,27.126,27.082,27.0063,27.3705,26.3565,28.0357,27.5157,27.1672,27.0535,27.1166,27.0713,27.2254,27.3617,27.334,26.6664,27.2658,27.0453,27.072,27.6281,26.4039,28.3282,27.5235,27.2795,27.2489,26.8831,27.5748,27.2083,27.5962,27.3531,26.9958
54,12:42:15 PM,27.0305,27.0345,27.0597,27.2551,27.0601,26.9406,27.2196,27.1474,27.1245,27.0828,27.2597,27.27,27.3194,27.4113,27.1513,27.2298,27.0448,27.1622,27.2968,27.0895,27.5041,27.1227,26.9531,27.1191,26.6538,27.4379,27.4347,27.2299,27.1883,26.9248,27.2406,27.2381,27.1944,27.5382,27.1382,27.5369,27.2999,27.3284,27.3731,27.4646,27.1107,27.2513,27.6783,27.4838,27.1765,27.2691,27.334,27.3478,26.8601,26.6792,27.6226,27.5035,27.9137,27.6448,27.1226,27.5176,27.0345,27.5236,27.5965,27.5569,27.0279,27.0628,27.1291,27.5157,26.883,27.4542,27.03,26.9687,26.9155,26.7267,27.7569,27.4242,27.3169,27.2203,27.0654,27.0638,26.988,26.7619,27.5261,27.2147,27.0063,27.1744,26.9568,27.3108,26.7003,27.6291,27.4307,27.8385,27.623,26.6362,27.1294,27.1131,27.0263,27.3874,26.3336,28.0953,27.4221,27.137,27.0846,27.1296,27.1279,27.2098,27.4212,27.305,26.6707,27.2372,27.0108,27.0863,27.6485,26.3207,28.33,27.5273,27.3426,27.2109,26.8774,27.5754,27.1255,27.5984,27.3061,27.0687
55,12:42:35 PM,26.9864,26.9986,27.0068,27.3458,27.0776,26.9432,27.2801,27.1083,27.0889,27.073,27.2783,27.2427,27.3407,27.3612,27.2511,27.2379,27.0696,27.1295,27.2874,27.0548,27.4942,27.1811,26.9398,27.1395,26.6451,27.4455,27.4549,27.3032,27.1787,26.9251,27.2897,27.2861,27.1556,27.4691,27.1321,27.5581,27.2416,27.362,27.3389,27.4237,27.1467,27.2534,27.679,27.4708,27.2366,27.3503,27.3047,27.3602,26.8862,26.6318,27.5998,27.5642,28.0347,27.5868,27.2117,27.5248,26.9466,27.4889,27.5277,27.5653,27.0129,27.0732,27.0932,27.545,26.8375,27.4625,26.9766,26.9004,26.9254,26.6846,27.8223,27.3603,27.3775,27.202,27.0145,27.0614,26.968,26.8107,27.5299,27.2594,27.0083,27.1688,26.9284,27.346,26.7242,27.5971,27.4136,27.8028,27.6067,26.6678,27.1755,27.1075,26.9909,27.3349,26.3477,28.0015,27.4541,27.0904,27.0864,27.1378,27.149,27.125,27.4513,27.3081,26.725,27.1949,27.0059,27.0725,27.6348,26.3572,28.3654,27.5095,27.3224,27.2342,26.8458,27.603,27.1919,27.5938,27.3139,26.9806
56,12:42:55 PM,27.0175,26.9798,26.9852,27.278,27.0897,26.9912,27.2897,27.1657,27.1253,27.0591,27.2364,27.3245,27.3684,27.3739,27.1653,27.1786,27.1012,27.131,27.2864,27.0589,27.5381,27.1663,26.9587,27.1019,26.5694,27.4534,27.4601,27.2627,27.239,26.8301,27.3184,27.2631,27.1877,27.4707,27.1708,27.5778,27.2472,27.349,27.3781,27.509,27.1273,27.2101,27.7108,27.4868,27.1596,27.3317,27.3369,27.3433,26.8863,26.6713,27.6452,27.5967,27.9858,27.6305,27.1347,27.514,26.9857,27.5713,27.5644,27.6044,27.0345,27.0682,27.1459,27.535,26.9594,27.3816,26.9844,26.9514,26.9796,26.7002,27.8119,27.4166,27.3464,27.1271,27.0548,27.1026,26.998,26.7424,27.5019,27.1881,26.949,27.1443,26.8884,27.3273,26.7316,27.6415,27.4198,27.8547,27.6816,26.7388,27.1156,27.0805,27.0858,27.3753,26.3336,28.0149,27.4778,27.1356,27.0884,27.0766,27.1114,27.173,27.4408,27.3087,26.7026,27.2677,27.0482,27.0723,27.6605,26.2649,28.3429,27.5555,27.3348,27.2192,26.8766,27.5493,27.2847,27.5177,27.3213,27.0291
57,12:43:15 PM,26.952,26.996,26.9884,27.2725,27.0488,27.003,27.2409,27.1289,27.1091,27.0482,27.3119,27.3027,27.3344,27.4002,27.1978,27.2198,27.1888,27.1221,27.3777,27.1048,27.4715,27.1608,26.9849,27.155,26.6013,27.4268,27.4066,27.2386,27.1638,26.9344,27.3824,27.2334,27.2044,27.4684,27.0824,27.5692,27.2182,27.3403,27.3855,27.41,27.1347,27.2343,27.7475,27.4884,27.1284,27.356,27.2761,27.3975,26.8078,26.6423,27.6001,27.5371,27.8794,27.622,27.1874,27.5011,26.9762,27.5174,27.5911,27.5269,27.0426,27.1078,27.1393,27.6056,26.905,27.3862,27.092,26.9059,26.9404,26.7366,27.8634,27.4033,27.3124,27.2648,26.9966,27.0609,27.0413,26.8266,27.5432,27.2228,26.9601,27.1712,27.0038,27.3171,26.7557,27.6216,27.434,27.7987,27.622,26.7647,27.1286,27.1331,26.9688,27.3163,26.3466,28.0354,27.5083,27.1448,27.0776,27.1931,27.1458,27.2099,27.5204,27.2852,26.6907,27.3018,27.0088,27.0787,27.6506,26.3651,28.2888,27.5343,27.342,27.2367,26.8696,27.6521,27.2227,27.5913,27.3974,27.0626
58,12:43:35 PM,27.013,27.087,27.0568,27.2691,27.107,26.954,27.2655,27.1516,27.0938,27.0985,27.3093,27.3352,27.3064,27.4831,27.2059,27.1653,27.1138,27.1517,27.321,27.0407,27.4648,27.127,27.0117,27.1653,26.6365,27.4009,27.4469,27.2113,27.1819,26.9139,27.3104,27.2649,27.2144,27.4763,27.0848,27.5438,27.2438,27.3388,27.4077,27.4844,27.1841,27.2075,27.7132,27.574,27.1971,27.3438,27.3348,27.33,26.8914,26.6965,27.5653,27.3704,27.903,27.5666,27.2443,27.5152,27.0459,27.5346,27.5939,27.5915,27.0971,27.0513,27.212,27.5342,26.8784,27.411,27.0173,26.9947,26.9665,26.7571,27.8889,27.3578,27.3273,27.2675,27.0631,27.0586,27.0796,26.7543,27.5203,27.2189,27.0402,27.1531,26.9809,27.3394,26.726,27.5967,27.3866,27.8252,27.6813,26.7275,27.0985,27.0893,26.9581,27.4007,26.314,27.998,27.5069,27.1193,27.1136,27.1331,27.1518,27.1102,27.439,27.2522,26.7416,27.2966,26.9916,27.0654,27.6841,26.2892,28.3005,27.4999,27.3096,27.2622,26.8774,27.6609,27.2318,27.603,27.3321,27.0256
59,12:43:55 PM,26.9874,27.0365,27.0159,27.3665,27.0368,26.9783,27.2751,27.1318,27.1586,27.0896,27.2367,27.313,27.3119,27.4173,27.199,27.2186,27.0785,27.147,27.3501,27.1199,27.5397,27.2082,26.9514,27.156,26.6658,27.4768,27.4485,27.1893,27.1948,26.9219,27.3115,27.3112,27.1684,27.497,27.1491,27.6082,27.2672,27.3239,27.4238,27.4245,27.154,27.2151,27.7169,27.5572,27.2054,27.3775,27.3004,27.3306,26.8681,26.6719,27.6233,27.4042,27.9137,27.5433,27.1612,27.5201,26.9545,27.5115,27.5188,27.5071,27.064,27.0678,27.1855,27.4759,26.9371,27.4475,27.0555,26.9294,26.9496,26.7997,27.8478,27.4421,27.339,27.2498,27.059,27.0622,27.0625,26.7117,27.4874,27.2456,26.9856,27.1973,26.9478,27.3112,26.681,27.6037,27.4198,27.8582,27.5623,26.6067,27.1212,27.0661,27.0323,27.3791,26.3564,28.0594,27.4601,27.1204,27.1191,27.1071,27.1034,27.1607,27.5122,27.3367,26.7271,27.2631,26.9956,27.1499,27.6197,26.3504,28.387,27.4837,27.2852,27.2458,26.9309,27.5718,27.2204,27.5652,27.3468,27.0187
60,12:44:15 PM,26.9915,26.9933,26.9338,27.329,27.0943,26.9261,27.2396,27.1373,27.1997,27.107,27.3008,27.2546,27.3269,27.4637,27.1573,27.2166,27.0944,27.1817,27.3819,27.0743,27.5065,27.1838,27.0016,27.1466,26.6926,27.4437,27.5118,27.2069,27.1558,26.9742,27.3387,27.2521,27.2466,27.5042,27.1592,27.4996,27.3384,27.279,27.3723,27.5075,27.1666,27.3181,27.6742,27.5533,27.2265,27.3806,27.3213,27.3303,26.9188,26.6944,27.6335,27.4078,27.9477,27.6466,27.1182,27.4816,27.0234,27.4971,27.5807,27.5011,27.0949,27.0326,27.1292,27.5396,26.8954,27.4488,27.0017,26.9136,26.913,26.8145,27.8151,27.4209,27.3846,27.261,27.0243,27.0884,27.043,26.7797,27.5464,27.2356,27.0155,27.1048,26.9218,27.3616,26.7332,27.6151,27.402,27.8623,27.6339,26.6811,27.1467,27.0709,27.0281,27.3996,26.3234,28.0769,27.4801,27.071,27.2069,27.1049,27.0881,27.1587,27.3928,27.3114,26.7308,27.2634,26.9514,27.1253,27.6554,26.3845,28.3101,27.4475,27.341,27.2577,26.923,27.6777,27.2059,27.5692,27.3538,27.0384
61,12:44:35 PM,27.0238,27.047,26.9388,27.3368,27.0807,26.9592,27.2648,27.0997,27.168,27.1065,27.2362,27.2544,27.3578,27.4325,27.1955,27.2449,27.0767,27.1375,27.337,27.0828,27.4718,27.152,26.9502,27.1169,26.6933,27.419,27.4172,27.1573,27.1985,26.9447,27.3457,27.2605,27.2388,27.445,27.1843,27.6326,27.2742,27.3733,27.3948,27.4563,27.1282,27.2998,27.6937,27.5207,27.2012,27.3429,27.2964,27.4163,26.8849,26.6923,27.6214,27.3413,27.8969,27.6837,27.1452,27.5289,26.9945,27.534,27.5796,27.5128,27.0438,27.1004,27.1303,27.5306,26.8358,27.422,27.0455,26.9541,26.9641,26.7385,27.9064,27.3915,27.3556,27.2459,27.0475,27.0506,27.0189,26.7856,27.5231,27.2367,27.0267,27.1334,26.9405,27.3758,26.7405,27.6608,27.3643,27.949,27.6552,26.6381,27.1535,27.0541,26.9478,27.3567,26.2914,28.0062,27.445,27.1747,27.1818,27.1478,27.1298,27.1528,27.4967,27.366,26.7294,27.2937,27.0279,27.1413,27.6454,26.3162,28.3506,27.4757,27.3742,27.2498,26.9297,27.5862,27.248,27.5535,27.3504,27.0603
62,12:44:55 PM,26.9803,27.043,27.004,27.3194,27.1168,26.8981,27.2628,27.1561,27.2061,27.0619,27.2647,27.3097,27.3494,27.414,27.183,27.2045,27.0663,27.1549,27.3804,27.1187,27.536,27.1834,27.0096,27.1189,26.6393,27.4333,27.4288,27.2495,27.2206,26.9318,27.2818,27.1929,27.1728,27.4324,27.184,27.6028,27.2786,27.2883,27.3532,27.4389,27.151,27.2154,27.7011,27.5427,27.2357,27.309,27.3167,27.3108,26.8769,26.7151,27.6228,27.39,27.9395,27.6701,27.1158,27.4873,27.0327,27.5106,27.621,27.5535,27.044,27.0482,27.1779,27.5537,26.8877,27.4392,27.0211,26.9077,26.9928,26.705,27.8611,27.399,27.319,27.2238,27.0179,27.0986,26.9986,26.835,27.5375,27.2251,27.0301,27.1936,26.9471,27.2945,26.7749,27.5852,27.4035,27.8986,27.6475,26.6278,27.1215,27.0212,27.0058,27.437,26.3995,28.0642,27.4311,27.1386,27.1763,27.1118,27.0999,27.2317,27.4995,27.3483,26.6767,27.2643,27.0444,27.195,27.6283,26.312,28.3696,27.5284,27.3534,27.2702,26.9,27.5712,27.1945,27.5788,27.3529,27.0654
63,12:45:15 PM,27.0084,27.0717,27.0367,27.2974,27.0892,26.9426,27.2707,27.1127,27.2131,27.0815,27.2611,27.2794,27.3923,27.4174,27.2473,27.2648,27.0862,27.1322,27.3624,27.0739,27.5369,27.2077,26.9431,27.1128,26.6699,27.4539,27.4154,27.2733,27.141,26.9414,27.2835,27.2963,27.25,27.4438,27.0987,27.5126,27.2722,27.384,27.4013,27.424,27.1351,27.2633,27.6474,27.5128,27.1737,27.3471,27.3358,27.3382,26.8958,26.685,27.6566,27.3959,27.9587,27.686,27.1726,27.4578,27.0113,27.4813,27.5797,27.5191,27.0412,27.0915,27.1216,27.5334,26.9281,27.3898,26.9964,26.9487,26.9846,26.8043,27.8345,27.4106,27.3298,27.206,27.0917,27.0773,27.0946,26.7857,27.4999,27.2484,27.0583,27.2076,26.9376,27.3265,26.7535,27.6587,27.4604,27.8961,27.6069,26.6855,27.1403,27.1471,27.0559,27.4101,26.3448,28.0458,27.4803,27.1281,27.1592,27.1054,27.1337,27.1829,27.4604,27.3081,26.6867,27.2848,27.1096,27.153,27.6621,26.3693,28.3849,27.5692,27.3885,27.2747,26.9134,27.5988,27.1815,27.6228,27.3714,27.0366
64,12:45:35 PM,27.0288,27.0172,26.9875,27.3175,27.1359,26.947,27.2459,27.1706,27.1938,27.0768,27.2976,27.2748,27.3892,27.3964,27.2518,27.2883,27.1458,27.13,27.4278,27.1456,27.5059,27.1689,27.0049,27.1723,26.6967,27.426,27.4776,27.1944,27.1949,26.9427,27.3568,27.3444,27.248,27.4839,27.1516,27.5993,27.3346,27.3422,27.4093,27.4248,27.1392,27.2249,27.7294,27.5574,27.2568,27.3629,27.4026,27.3452,26.8994,26.6461,27.6644,27.4717,27.9403,27.6049,27.0959,27.5224,27.0647,27.4544,27.6877,27.5716,26.9958,27.0642,27.1444,27.5401,26.8998,27.4169,27.013,26.9555,26.9665,26.7962,27.8569,27.3701,27.3969,27.2694,27.055,27.09,27.0259,26.81,27.5451,27.2355,26.996,27.1374,26.9866,27.2818,26.7405,27.6376,27.4564,27.8724,27.5803,26.6765,27.1413,27.0839,27.0166,27.4322,26.3861,27.9857,27.418,27.1361,27.1666,27.0888,27.0917,27.2038,27.5369,27.3344,26.7278,27.2167,27.0516,27.0365,27.7248,26.3175,28.369,27.5142,27.3611,27.3062,26.9004,27.6367,27.244,27.5733,27.3969,27.0162
65,12:45:55 PM,27.0051,27.0721,27.0057,27.3439,27.0776,26.9301,27.2998,27.1983,27.2372,27.0805,27.2833,27.2316,27.2923,27.4488,27.274,27.2235,27.1891,27.168,27.3596,27.1475,27.5285,27.1899,27.0007,27.2618,26.6184,27.4814,27.461,27.2603,27.1589,26.9614,27.2946,27.2936,27.2249,27.4946,27.1535,27.6199,27.2715,27.4038,27.4274,27.4558,27.1943,27.2423,27.7596,27.5057,27.2664,27.3457,27.3309,27.3594,26.9193,26.6422,27.6293,27.4043,27.9437,27.6567,27.2129,27.5065,26.9785,27.4896,27.588,27.5954,27.0594,27.0517,27.1271,27.5707,26.89,27.4806,27.0678,26.927,26.9254,26.7791,27.8889,27.3833,27.325,27.2176,27.0782,27.078,27.0611,26.7725,27.5769,27.253,27.022,27.1652,26.9663,27.3483,26.7461,27.6182,27.4694,27.9027,27.6567,26.7251,27.1628,27.1734,26.9985,27.3984,26.2986,28.0584,27.4745,27.1488,27.186,27.0946,27.1725,27.1424,27.5145,27.343,26.7121,27.2875,27.1143,27.1078,27.6995,26.3829,28.3664,27.5659,27.3623,27.268,26.9194,27.6255,27.2337,27.503,27.454,27.0606
66,12:46:15 PM,27.0426,27.0397,27.0551,27.3934,27.1215,26.9276,27.2676,27.1719,27.1611,27.1202,27.3485,27.2515,27.3765,27.4446,27.2465,27.1991,27.1298,27.1561,27.3615,27.1195,27.4835,27.1434,27.0134,27.2813,26.6753,27.402,27.4463,27.2902,27.2349,26.911,27.3518,27.2545,27.2477,27.4603,27.1333,27.6058,27.2995,27.4004,27.3615,27.492,27.1631,27.2544,27.7888,27.5622,27.1698,27.377,27.3723,27.3876,26.9207,26.7278,27.6399,27.381,27.9171,27.5591,27.1473,27.4845,26.9505,27.4952,27.6147,27.5345,27.0402,27.0372,27.1394,27.5929,26.918,27.4714,27.1089,26.9954,26.9446,26.795,27.9174,27.405,27.3588,27.2724,27.0491,27.1318,26.9721,26.7548,27.5194,27.2449,27.0091,27.2097,26.9178,27.3082,26.7559,27.6104,27.4671,27.9077,27.7037,26.7426,27.0535,27.1512,27.0367,27.3799,26.3462,28.0369,27.4698,27.1447,27.1566,27.1397,27.1281,27.1499,27.4901,27.2989,26.7403,27.2627,27.0681,27.115,27.712,26.3598,28.317,27.5732,27.3125,27.3253,26.9651,27.5963,27.2357,27.6359,27.4062,27.0453
67,12:46:35 PM,27.0321,27.1016,27.0176,27.3328,27.1364,26.9867,27.3415,27.1837,27.1703,27.1132,27.2889,27.2993,27.3799,27.4489,27.2625,27.2821,27.1693,27.1526,27.4248,27.095,27.459,27.2233,26.9327,27.2405,26.6589,27.414,27.4243,27.2967,27.22,26.9895,27.3363,27.2801,27.1861,27.4597,27.1647,27.5264,27.3168,27.357,27.4164,27.4949,27.0987,27.2401,27.7786,27.571,27.1966,27.3967,27.3388,27.3256,26.9498,26.7274,27.6281,27.4627,27.9526,27.6133,27.223,27.4763,27.0084,27.4734,27.6741,27.595,27.0513,27.0854,27.1879,27.5427,26.9362,27.4438,27.0512,27.0118,26.9501,26.7048,27.8528,27.4253,27.3574,27.246,27.0614,27.0747,27.1025,26.7746,27.566,27.2672,27.0602,27.1588,26.9183,27.3519,26.7836,27.719,27.4532,27.8905,27.6798,26.6698,27.0865,27.1197,26.9925,27.4147,26.3766,28.0153,27.5114,27.1416,27.1742,27.1756,27.1993,27.2038,27.4831,27.3284,26.794,27.3126,27.1088,27.1047,27.7428,26.3804,28.347,27.6246,27.3563,27.2941,26.9235,27.6499,27.1858,27.6384,27.4378,27.0727
68,12:46:55 PM,26.9592,27.0143,27.074,27.3262,27.1376,26.9814,27.3245,27.1607,27.1875,27.0696,27.2156,27.3023,27.362,27.4495,27.3013,27.2445,27.1192,27.127,27.3502,27.1867,27.4736,27.2279,26.9618,27.2352,26.6872,27.403,27.4439,27.2686,27.2124,26.9644,27.3471,27.3596,27.2719,27.4934,27.1765,27.5691,27.2928,27.3759,27.4441,27.4885,27.1449,27.3078,27.7982,27.5823,27.2532,27.3675,27.3489,27.3321,26.9284,26.6723,27.6093,27.5358,27.9219,27.6107,27.1908,27.4609,27.0085,27.5484,27.6818,27.5868,27.015,27.0881,27.1489,27.5871,26.8965,27.4344,27.0298,26.9991,26.9687,26.7588,27.8361,27.3864,27.3182,27.2486,27.0944,27.154,26.9794,26.8215,27.5506,27.2669,27.097,27.1626,26.9838,27.3795,26.7631,27.7062,27.4582,27.8742,27.6106,26.755,27.1055,27.0969,27.0215,27.4292,26.3769,28.0646,27.4611,27.1446,27.1431,27.162,27.156,27.2041,27.473,27.3704,26.7231,27.3767,27.0498,27.2081,27.6806,26.4216,28.4225,27.547,27.3378,27.3334,26.9219,27.6157,27.2544,27.5989,27.3929,27.1282
69,12:47:15 PM,27.0791,27.0673,27.0803,27.3655,27.1085,26.915,27.2434,27.1587,27.1851,27.0878,27.2945,27.3335,27.3572,27.4418,27.2225,27.2426,27.1098,27.1313,27.3602,27.1079,27.553,27.2021,26.9735,27.2152,26.6207,27.4422,27.4607,27.3342,27.2171,27.0027,27.3023,27.3003,27.2703,27.4607,27.1878,27.5591,27.2779,27.339,27.3847,27.5191,27.1307,27.2601,27.7621,27.5804,27.1949,27.3452,27.3365,27.3662,26.9386,26.7342,27.6565,27.5793,27.9837,27.5417,27.1996,27.5067,27.0553,27.5561,27.7734,27.552,27.0122,27.0733,27.1831,27.5638,26.9923,27.4816,27.0855,26.9639,26.9889,26.7961,27.8832,27.3611,27.3845,27.1972,27.0999,27.0875,26.9675,26.7715,27.5441,27.2858,27.0499,27.1488,26.9598,27.38,26.7757,27.6932,27.421,27.8662,27.6973,26.7464,27.225,27.0908,27.0597,27.4659,26.3166,28.0074,27.495,27.1921,27.1499,27.1445,27.2058,27.2268,27.4712,27.3076,26.7624,27.3445,27.0757,27.1342,27.7244,26.4023,28.3391,27.6069,27.4387,27.2591,26.9371,27.6731,27.3051,27.5888,27.4687,27.0278
70,12:47:35 PM,27.0099,27.037,26.9523,27.345,27.0884,26.9295,27.2502,27.1779,27.2564,27.1253,27.2234,27.3143,27.3712,27.4563,27.2241,27.2129,27.0955,27.2044,27.4074,27.0416,27.5428,27.2373,27.0101,27.2636,26.6693,27.4094,27.4545,27.2999,27.1896,26.9144,27.3314,27.2735,27.1903,27.52,27.1379,27.5781,27.3227,27.3362,27.4246,27.4791,27.1483,27.2166,27.7735,27.5909,27.2078,27.3567,27.3903,27.3504,26.9894,26.7068,27.5982,27.6795,27.9138,27.5803,27.1772,27.4951,27.0444,27.5779,27.8259,27.5806,27.0726,27.1059,27.163,27.5975,27.0248,27.4607,27.0171,27.0055,26.9757,26.8229,27.8465,27.3939,27.434,27.2791,27.082,27.1318,27.0327,26.765,27.5993,27.283,27.0541,27.1886,26.9485,27.3936,26.7687,27.6765,27.4258,27.8331,27.6957,26.7088,27.1634,27.0999,27.0814,27.5231,26.3648,28.0312,27.5019,27.2167,27.1333,27.1433,27.1578,27.1663,27.548,27.3496,26.7621,27.3904,27.0373,27.1852,27.6921,26.3914,28.3862,27.6364,27.3664,27.3,27.0127,27.6563,27.233,27.6324,27.412,27.0642
71,12:47:55 PM,27.0332,27.0128,27.0252,27.3816,27.1486,26.9276,27.2862,27.1722,27.2461,27.0751,27.2837,27.2991,27.3637,27.4982,27.2615,27.2246,27.0662,27.1835,27.4194,27.0899,27.5512,27.1529,26.9634,27.2464,26.6666,27.409,27.4552,27.2498,27.1887,27.0156,27.3042,27.3108,27.2466,27.5233,27.1431,27.5501,27.2525,27.3752,27.4545,27.4087,27.1813,27.2185,27.7842,27.602,27.2072,27.3088,27.3467,27.3658,26.9512,26.7194,27.678,27.7002,27.8749,27.564,27.152,27.572,27.0385,27.6359,27.8079,27.5444,27.0205,27.0372,27.1522,27.5458,26.9334,27.4524,27.0737,26.9826,27.0066,26.7321,27.8568,27.4604,27.3547,27.2148,27.1403,27.1279,27.0337,26.8364,27.5723,27.2784,27.0139,27.2599,26.9698,27.4444,26.7956,27.6841,27.501,27.9173,27.7125,26.7408,27.2083,27.1651,27.0584,27.4369,26.3274,28.0798,27.492,27.1706,27.1842,27.1711,27.1344,27.204,27.4831,27.3226,26.7153,27.3261,27.1073,27.1558,27.7695,26.4257,28.353,27.6266,27.421,27.2777,26.9443,27.663,27.2097,27.628,27.4019,27.149
72,12:48:15 PM,27.0168,27.0197,27.0472,27.3548,27.1133,26.9927,27.2954,27.1977,27.2203,27.0719,27.2965,27.2925,27.3455,27.4867,27.2406,27.1969,27.1516,27.1504,27.478,27.1148,27.5424,27.2169,27.01,27.1704,26.7013,27.3798,27.395,27.3172,27.2695,26.9708,27.3368,27.2635,27.2052,27.5244,27.1489,27.5118,27.2562,27.353,27.396,27.4673,27.1658,27.3346,27.8604,27.5735,27.1993,27.371,27.3716,27.3493,27.0022,26.7507,27.5819,27.5869,27.9344,27.5299,27.1699,27.5206,27.0474,27.6139,27.7572,27.5236,27.0467,27.0097,27.1645,27.6287,26.9312,27.4263,27.0435,27.0316,27.0121,26.7915,27.8833,27.4285,27.4394,27.2591,27.0495,27.0894,27.0481,26.7953,27.6399,27.3166,27.0267,27.1856,26.9952,27.3938,26.7697,27.713,27.4333,27.9707,27.6873,26.701,27.1472,27.1239,27.0951,27.5173,26.3388,28.0648,27.5156,27.2274,27.1929,27.139,27.1105,27.1771,27.5695,27.3398,26.753,27.2872,27.0355,27.1937,27.7895,26.3807,28.3677,27.637,27.3895,27.3399,27.004,27.6631,27.2685,27.6871,27.472,27.1282
73,12:48:35 PM,26.999,26.9668,27.0488,27.307,27.0617,26.9734,27.2971,27.1996,27.2158,27.1199,27.2651,27.2948,27.4079,27.4635,27.2896,27.2006,27.1485,27.1896,27.4073,27.074,27.549,27.2088,26.9589,27.2816,26.6408,27.4758,27.4635,27.3276,27.2009,26.9769,27.3276,27.2768,27.2613,27.4893,27.1418,27.6107,27.2924,27.3129,27.4225,27.375,27.2026,27.2756,27.8588,27.5745,27.2124,27.3363,27.3511,27.3558,26.9666,26.6837,27.6328,27.5335,27.8755,27.514,27.1293,27.5801,27.0682,27.5761,27.7615,27.4515,27.0591,27.0867,27.2244,27.6065,26.9412,27.4941,27.0472,27.0001,27.0437,26.8122,27.8528,27.4503,27.4498,27.2155,27.0788,27.0857,27.0023,26.8342,27.5484,27.2796,27.032,27.213,26.9438,27.4023,26.7703,27.7143,27.4691,27.9035,27.6346,26.7628,27.2181,27.2109,27.0852,27.4696,26.4082,28.0696,27.5705,27.2315,27.1418,27.1894,27.1417,27.1915,27.529,27.385,26.7666,27.3205,27.0943,27.1909,27.7296,26.3792,28.4511,27.6109,27.3825,27.2931,26.918,27.6656,27.2675,27.6694,27.4205,27.0685
74,12:48:55 PM,27.0191,26.9912,27.0736,27.2992,27.1698,26.9434,27.261,27.2165,27.2197,27.1339,27.2644,27.3045,27.438,27.4803,27.2792,27.2137,27.1797,27.2599,27.3886,27.0987,27.5508,27.2572,27.0164,27.2155,26.6908,27.402,27.4704,27.3347,27.216,26.9465,27.4391,27.3103,27.268,27.4816,27.1918,27.5672,27.3216,27.3757,27.4609,27.4173,27.1435,27.2639,27.8358,27.5986,27.2132,27.3679,27.3391,27.34,26.995,26.7678,27.619,27.4942,27.9572,27.5024,27.1984,27.6073,27.0283,27.5175,27.7361,27.4409,27.091,27.055,27.1941,27.6148,26.9763,27.4955,27.0812,26.9949,27.046,26.747,27.8377,27.4389,27.452,27.2411,27.0786,27.1246,27.0349,26.8654,27.5436,27.2478,27.0452,27.2123,26.9776,27.3911,26.7661,27.6845,27.4306,27.9598,27.6997,26.708,27.2157,27.1279,27.1305,27.4722,26.3769,28.042,27.4889,27.2436,27.2372,27.113,27.1958,27.1943,27.5639,27.385,26.8185,27.2959,27.0625,27.226,27.7487,26.458,28.4367,27.5887,27.3935,27.3411,26.9673,27.7038,27.3605,27.7294,27.4674,27.0781
75,12:49:15 PM,27.0257,27.0253,27.036,27.3716,27.1146,26.965,27.3509,27.1707,27.2493,27.1861,27.3482,27.3303,27.3541,27.4812,27.2525,27.232,27.0913,27.1546,27.4536,27.0434,27.4833,27.1828,27.0351,27.1457,26.6256,27.4612,27.4484,27.3295,27.243,27.0413,27.4291,27.2606,27.3064,27.5137,27.1718,27.6317,27.2827,27.3502,27.4345,27.4528,27.1548,27.2952,27.8436,27.6236,27.2261,27.3187,27.3792,27.3912,26.9309,26.7122,27.6286,27.5067,27.9463,27.5792,27.173,27.5597,27.0423,27.5738,27.6586,27.4753,27.0361,27.1381,27.2067,27.5992,26.9944,27.438,27.0873,26.9959,27.0437,26.8081,27.8688,27.4048,27.4548,27.2987,27.0702,27.1622,26.996,26.7772,27.6127,27.2312,27.0551,27.263,26.9971,27.3939,26.8432,27.7264,27.4787,27.9345,27.7347,26.7434,27.1424,27.15,27.1449,27.4644,26.3548,28.0434,27.5093,27.2878,27.187,27.1039,27.1316,27.1779,27.5553,27.3733,26.7898,27.2838,27.0479,27.1873,27.8182,26.454,28.4199,27.5935,27.4064,27.3783,26.973,27.6632,27.3019,27.6995,27.4806,27.1119
76,12:49:35 PM,27.0385,27.1414,27.0379,27.3855,27.1312,26.9757,27.3462,27.1947,27.1852,27.1064,27.2954,27.3747,27.4072,27.5097,27.1907,27.2773,27.1543,27.2143,27.3938,27.0865,27.4874,27.2024,27.049,27.162,26.6522,27.4713,27.4266,27.3603,27.2417,27.0132,27.3349,27.2511,27.2999,27.5002,27.1506,27.5837,27.3301,27.3972,27.4719,27.5102,27.2012,27.2999,27.8314,27.6273,27.2422,27.3486,27.3764,27.3445,26.9499,26.7017,27.5886,27.5815,27.9626,27.5757,27.1106,27.5958,27.0102,27.569,27.7715,27.5028,27.0359,27.0583,27.1787,27.6414,26.9711,27.4102,27.0527,27.0538,26.9704,26.8272,27.8497,27.4475,27.3999,27.2331,27.0557,27.1623,27.0999,26.8291,27.628,27.281,27.0429,27.2198,26.9876,27.3645,26.762,27.683,27.4319,27.9508,27.7089,26.7497,27.1304,27.1381,27.1356,27.4599,26.3548,28.0721,27.5324,27.2189,27.1465,27.1799,27.141,27.2504,27.4794,27.3791,26.8021,27.3234,27.1355,27.1633,27.7857,26.4576,28.4291,27.615,27.4279,27.2865,26.9639,27.7638,27.2373,27.7089,27.4403,27.0776
77,12:49:55 PM,27.0602,27.0845,27.0511,27.3722,27.1526,26.9418,27.2905,27.2163,27.1485,27.0793,27.3056,27.3124,27.3948,27.4203,27.2427,27.1931,27.1097,27.1723,27.424,27.0577,27.48,27.2834,27.0201,27.2343,26.6871,27.4343,27.4546,27.3328,27.2399,26.9921,27.3729,27.2957,27.2814,27.4779,27.2194,27.606,27.3272,27.4594,27.4231,27.4765,27.2053,27.3036,27.8145,27.6188,27.2111,27.3782,27.4125,27.4031,27.0051,26.7014,27.6536,27.55,27.9632,27.5555,27.1584,27.5673,27.0542,27.6438,27.7205,27.5206,27.0141,27.1274,27.1917,27.6506,26.9505,27.4238,27.0767,27.0278,26.9674,26.7441,27.8615,27.4564,27.4616,27.2286,27.0105,27.1085,27.0433,26.7955,27.5866,27.2301,27.0879,27.1879,27.032,27.399,26.7714,27.6909,27.4843,27.9505,27.7434,26.7236,27.1724,27.1191,27.0918,27.5059,26.3513,28.0355,27.499,27.2328,27.221,27.1308,27.1747,27.213,27.5519,27.4192,26.7752,27.3833,27.0532,27.1753,27.834,26.3358,28.3778,27.6445,27.476,27.3841,26.9553,27.758,27.3009,27.6989,27.451,27.1055
78,12:50:15 PM,27.0217,27.0278,27.0771,27.3582,27.1109,26.9615,27.3132,27.2135,27.2345,27.1514,27.342,27.3704,27.4103,27.4475,27.2329,27.2296,27.1287,27.1994,27.3952,27.113,27.4961,27.1995,27.0404,27.2075,26.6701,27.4065,27.4476,27.3275,27.2278,26.9991,27.3482,27.305,27.2693,27.4648,27.1383,27.5835,27.262,27.4128,27.444,27.4115,27.1809,27.3423,27.7992,27.6006,27.2247,27.3663,27.356,27.4268,26.9494,26.7019,27.6391,27.4851,27.986,27.5892,27.1443,27.5421,27.0846,27.6446,27.7276,27.6159,27.0227,27.0805,27.235,27.5543,26.9307,27.4394,27.0926,27.0376,26.9635,26.827,27.9287,27.4123,27.4514,27.2905,27.0391,27.1035,27.1094,26.797,27.616,27.3107,27.1169,27.1846,27.0218,27.3634,26.7679,27.7249,27.4793,27.9492,27.7567,26.7265,27.1772,27.1872,27.0989,27.4811,26.3966,28.052,27.5095,27.201,27.2861,27.136,27.2023,27.2584,27.5334,27.433,26.8354,27.3782,27.1354,27.2376,27.9186,26.3677,28.3734,27.6632,27.4443,27.3269,27.0416,27.7068,27.2507,27.854,27.4739,27.1558
79,12:50:35 PM,26.9881,27.0478,27.1394,27.3795,27.1485,26.9927,27.2852,27.1807,27.2436,27.0905,27.2961,27.3505,27.3898,27.4564,27.2546,27.2304,27.1133,27.1863,27.4725,27.1667,27.5382,27.2433,27.1231,27.235,26.6889,27.4587,27.5083,27.3698,27.3058,26.97,27.3175,27.3049,27.2693,27.4689,27.1911,27.5477,27.3735,27.3847,27.4852,27.4799,27.208,27.2163,27.8635,27.6368,27.1903,27.3551,27.4007,27.425,26.9466,26.669,27.679,27.5364,27.9013,27.5799,27.2032,27.6317,27.0815,27.7357,27.8196,27.5686,27.069,27.1321,27.2341,27.6078,26.9857,27.4565,27.1317,27.0819,27.0004,26.8125,27.8881,27.5136,27.4746,27.2787,27.0794,27.0779,27.1036,26.828,27.6131,27.2645,27.0846,27.1973,27.0646,27.3558,26.7559,27.6892,27.4447,27.9644,27.7976,26.7275,27.1717,27.1746,27.1863,27.4982,26.3733,28.0772,27.551,27.252,27.2742,27.069,27.1997,27.2976,27.602,27.4311,26.7948,27.4161,27.119,27.1787,27.8578,26.3676,28.388,27.6015,27.4658,27.3474,27.0215,27.6455,27.3136,27.7574,27.4835,27.1392
80,12:50:55 PM,27.0665,27.1097,27.0322,27.3781,27.1111,27.0006,27.3719,27.2365,27.2783,27.1107,27.2965,27.4241,27.449,27.444,27.2825,27.2668,27.1827,27.2737,27.4364,27.1554,27.5113,27.2152,27.1,27.2157,26.6908,27.4211,27.4837,27.3474,27.2877,26.9972,27.3595,27.3559,27.3236,27.4895,27.1376,27.6241,27.347,27.3801,27.4817,27.4405,27.1667,27.318,27.9156,27.6556,27.252,27.4059,27.3853,27.4464,27.0067,26.7483,27.6415,27.6074,27.8352,27.5314,27.1567,27.5422,27.1353,27.7384,27.8867,27.5445,27.0754,27.1161,27.2641,27.6346,26.9914,27.4594,27.0945,27.0379,26.9995,26.8624,27.9093,27.4962,27.4922,27.2988,27.1093,27.1032,27.0876,26.8462,27.5969,27.3108,27.0742,27.2142,27.0194,27.3931,26.8049,27.7202,27.4692,27.9016,27.7696,26.706,27.1804,27.1921,27.0823,27.5709,26.4186,28.1022,27.5344,27.2566,27.2704,27.1707,27.1566,27.2006,27.5952,27.367,26.8219,27.3394,27.1413,27.2382,27.8202,26.3846,28.3837,27.6304,27.462,27.3909,26.9942,27.6767,27.2976,27.8911,27.5019,27.1309
81,12:51:15 PM,26.9849,27.1259,27.1089,27.4112,27.128,26.9717,27.3215,27.2405,27.269,27.1256,27.3438,27.4295,27.4644,27.4423,27.2518,27.2458,27.2096,27.2769,27.4212,27.132,27.5125,27.2144,27.0702,27.2357,26.7097,27.3722,27.506,27.3601,27.271,26.9964,27.3232,27.3562,27.4347,27.4512,27.1401,27.5692,27.361,27.4845,27.411,27.4902,27.2177,27.342,27.9407,27.6315,27.2923,27.4322,27.4027,27.4713,27.0517,26.7113,27.6086,27.615,27.7994,27.5035,27.1601,27.5745,27.1081,27.8493,27.7592,27.5042,27.1129,27.181,27.2376,27.6117,26.9389,27.4174,27.0867,27.0338,27.047,26.7854,27.8388,27.4611,27.5067,27.3317,27.0265,27.1461,27.0886,26.873,27.6334,27.2968,27.1233,27.1777,27.0373,27.3919,26.8047,27.6937,27.4189,27.9104,27.8416,26.7449,27.1777,27.1599,27.1432,27.5057,26.4327,28.1418,27.5602,27.2911,27.2856,27.1125,27.1704,27.2314,27.5964,27.4175,26.8065,27.3598,27.1751,27.1898,27.8284,26.4762,28.3847,27.6492,27.5077,27.4262,26.9858,27.7701,27.2696,27.7741,27.5213,27.0682
82,12:51:35 PM,27.0811,27.0813,27.1502,27.3824,27.113,27.0108,27.4237,27.24,27.266,27.095,27.4037,27.3641,27.5145,27.3815,27.2359,27.2014,27.2562,27.2024,27.46,27.1546,27.5428,27.2876,27.101,27.2307,26.7073,27.4222,27.5049,27.3929,27.2977,26.9856,27.4065,27.3666,27.4205,27.5432,27.1891,27.5686,27.4341,27.4665,27.4836,27.47,27.2273,27.431,27.9178,27.644,27.2309,27.3567,27.4442,27.4686,26.996,26.7697,27.6203,27.6477,27.8211,27.5672,27.1567,27.542,27.1143,27.7568,27.7995,27.5431,27.0766,27.1023,27.2549,27.599,26.9796,27.5108,27.0761,27.12,27.0666,26.7979,27.9318,27.4894,27.4859,27.2608,27.1152,27.1869,27.0969,26.8529,27.6887,27.3234,27.1048,27.1851,27.0211,27.3959,26.8041,27.7016,27.4877,27.9393,27.82,26.7818,27.1842,27.2182,27.2009,27.5844,26.3821,28.0669,27.5241,27.3285,27.2526,27.1288,27.2247,27.2327,27.5893,27.4007,26.801,27.3539,27.1182,27.272,27.8042,26.4,28.4497,27.6651,27.4536,27.4092,26.9321,27.6926,27.2655,27.8059,27.5221,27.1069
83,12:51:55 PM,27.0955,27.1105,27.0883,27.4422,27.1234,26.9967,27.4404,27.29,27.2959,27.1124,27.3384,27.387,27.4505,27.4414,27.2555,27.2535,27.2608,27.2147,27.4333,27.1366,27.5922,27.215,27.0386,27.2723,26.6615,27.4113,27.4892,27.4128,27.2586,27.0422,27.3571,27.3285,27.4008,27.4641,27.1911,27.5707,27.3456,27.4557,27.4953,27.4568,27.179,27.4308,27.9006,27.6463,27.2583,27.4163,27.4114,27.465,27.0161,26.7295,27.6402,27.6248,27.9117,27.492,27.1199,27.5424,27.0959,27.7226,27.832,27.552,27.0698,27.1434,27.2533,27.721,26.9607,27.4323,27.1419,27.1424,27.0588,26.825,27.9039,27.5262,27.4957,27.3282,27.0963,27.1337,27.1061,26.8422,27.689,27.3089,27.1011,27.1463,27.1312,27.3912,26.8456,27.7509,27.5037,27.9518,27.8786,26.7857,27.1987,27.1697,27.1779,27.5658,26.4285,28.0842,27.523,27.3357,27.248,27.1117,27.1548,27.1997,27.6082,27.4256,26.7641,27.3791,27.0488,27.2208,27.8926,26.4473,28.4347,27.6724,27.4943,27.4301,27.003,27.7073,27.3526,27.7806,27.4998,27.1325
84,12:52:15 PM,27.059,27.1274,27.172,27.3977,27.1571,27.0328,27.4831,27.3511,27.2542,27.1475,27.3477,27.4083,27.5572,27.5197,27.247,27.2637,27.3369,27.2735,27.4136,27.1258,27.5688,27.2805,27.0667,27.2689,26.686,27.4866,27.4983,27.4095,27.3133,26.9479,27.4032,27.366,27.4277,27.4918,27.1927,27.6261,27.3573,27.4472,27.504,27.4847,27.1629,27.3947,27.906,27.6394,27.1921,27.4061,27.4737,27.4111,27.05,26.6771,27.6198,27.7186,27.8494,27.5428,27.1376,27.589,27.0623,27.7093,27.7788,27.5281,27.12,27.1449,27.249,27.6513,26.9768,27.5074,27.0883,27.0989,27.0446,26.8332,27.948,27.5032,27.4229,27.3174,27.1049,27.1762,27.1157,26.8382,27.6465,27.2716,27.1297,27.2451,27.1178,27.393,26.8163,27.71,27.5353,28.0335,27.8267,26.7804,27.1638,27.2287,27.2475,27.5097,26.3452,28.0326,27.5664,27.3229,27.2917,27.0879,27.1624,27.2708,27.5944,27.4406,26.7787,27.3587,27.1224,27.2373,27.8647,26.4101,28.4131,27.6263,27.4417,27.3718,26.9841,27.6663,27.2924,27.8288,27.5149,27.1446
85,12:52:35 PM,27.1057,27.1179,27.1716,27.4325,27.1006,27.0179,27.4671,27.2922,27.2098,27.0635,27.3344,27.3755,27.4522,27.5315,27.2588,27.2619,27.2638,27.3035,27.4418,27.085,27.5489,27.3628,27.1963,27.2874,26.5782,27.4808,27.5429,27.4679,27.287,27.0012,27.3945,27.3942,27.4386,27.5168,27.1966,27.5637,27.3849,27.5107,27.4867,27.4876,27.1679,27.3503,27.956,27.6668,27.2125,27.4138,27.4434,27.5016,27.0023,26.7833,27.6099,27.7529,27.8645,27.5333,27.1967,27.5663,27.1085,27.7548,27.7811,27.5344,27.0949,27.1619,27.2829,27.6602,27.0098,27.5169,27.1935,27.143,27.1348,26.797,27.9192,27.4933,27.5146,27.341,27.0779,27.1879,27.1632,26.8745,27.6836,27.2048,27.1331,27.236,27.1358,27.4579,26.8298,27.7765,27.4753,27.9778,27.8494,26.7366,27.2578,27.1884,27.193,27.5819,26.4212,28.1322,27.5418,27.3147,27.2566,27.1875,27.2185,27.3049,27.5555,27.4688,26.8337,27.3341,27.0637,27.2726,27.872,26.3508,28.4173,27.6783,27.4922,27.4254,26.9691,27.7262,27.3083,27.882,27.5403,27.1357
86,12:52:55 PM,27.1113,27.1637,27.1538,27.3982,27.1287,27.0073,27.401,27.3026,27.2557,27.0815,27.3418,27.3671,27.4848,27.4726,27.2818,27.2433,27.2388,27.3877,27.4694,27.1579,27.5233,27.3792,27.1678,27.2133,26.6801,27.4416,27.5139,27.4481,27.3258,27.0423,27.4399,27.3585,27.3679,27.5298,27.2647,27.6047,27.3609,27.4114,27.4457,27.5146,27.2125,27.4373,27.922,27.6344,27.2232,27.4368,27.4533,27.4913,26.9616,26.7066,27.6578,27.6919,27.8301,27.5218,27.2001,27.6209,27.1488,27.7173,27.8573,27.5304,27.076,27.1823,27.3264,27.6904,26.9531,27.4928,27.1191,27.1356,27.0965,26.8081,27.9478,27.6228,27.5014,27.3194,27.1056,27.1641,27.1487,26.8125,27.6671,27.2645,27.1375,27.2008,27.0847,27.4579,26.8184,27.7127,27.5273,28.029,27.8565,26.7718,27.1845,27.2033,27.2696,27.5252,26.4161,28.1018,27.6026,27.3445,27.2772,27.1324,27.2029,27.2829,27.5591,27.4327,26.8055,27.384,27.1455,27.2947,27.8496,26.3747,28.424,27.7174,27.5355,27.3296,27.0086,27.7126,27.3447,27.8627,27.5803,27.0967
87,12:53:15 PM,27.0481,27.1669,27.1598,27.3857,27.159,26.9957,27.3688,27.3145,27.2712,27.1401,27.3308,27.3419,27.5921,27.4947,27.2476,27.2638,27.2179,27.2862,27.5092,27.1205,27.6023,27.4343,27.1604,27.2386,26.6291,27.4038,27.5138,27.4754,27.3381,26.9421,27.4068,27.3884,27.4362,27.5226,27.219,27.5265,27.3478,27.4572,27.5109,27.4553,27.208,27.4197,27.9531,27.6365,27.2317,27.3799,27.4714,27.4675,26.9948,26.6893,27.643,27.6748,27.8886,27.5113,27.1446,27.5864,27.1739,27.8015,27.8281,27.5383,27.096,27.1797,27.2996,27.6922,27.018,27.485,27.1746,27.1043,27.1434,26.8294,27.9212,27.5506,27.5589,27.3227,27.0496,27.1653,27.1529,26.9075,27.6421,27.2562,27.1911,27.2771,27.1819,27.4334,26.8589,27.7198,27.5231,28.0362,27.8648,26.7418,27.164,27.2331,27.3077,27.5178,26.4078,28.0812,27.6253,27.3728,27.2747,27.074,27.1642,27.2703,27.6013,27.4125,26.8159,27.3073,27.231,27.2567,27.8213,26.4078,28.4205,27.7421,27.4888,27.4107,27.0254,27.7194,27.332,27.8909,27.4865,27.1196
88,12:53:35 PM,27.0645,27.0977,27.2038,27.4624,27.1413,26.997,27.4112,27.3614,27.329,27.1562,27.3508,27.4467,27.4823,27.5425,27.2719,27.2768,27.2502,27.2887,27.4698,27.1659,27.5984,27.372,27.1265,27.1782,26.7429,27.4017,27.538,27.4855,27.3184,27.0442,27.3975,27.352,27.3808,27.5467,27.1861,27.5926,27.3867,27.51,27.6116,27.5215,27.1874,27.541,27.9054,27.6358,27.2735,27.4377,27.5249,27.4688,27.0587,26.7299,27.6447,27.6085,27.7093,27.4548,27.1782,27.6463,27.2208,27.8071,27.7466,27.4895,27.1681,27.2092,27.3015,27.7002,27.0163,27.4883,27.1109,27.024,27.1034,26.8028,28.0134,27.5609,27.5807,27.3167,27.1466,27.2085,27.1993,26.8874,27.6596,27.225,27.1585,27.2881,27.095,27.4286,26.8134,27.7738,27.5269,28.0432,27.866,26.7282,27.2267,27.2757,27.2825,27.5336,26.4204,28.1388,27.6377,27.3415,27.2677,27.1315,27.1994,27.2792,27.6387,27.4534,26.8033,27.3898,27.1621,27.1683,27.7669,26.4468,28.4323,27.754,27.5478,27.3854,26.9607,27.6895,27.3729,27.8292,27.5463,27.1056
89,12:53:55 PM,27.0853,27.1409,27.2272,27.3855,27.1869,27.0186,27.4992,27.3251,27.2935,27.1887,27.3231,27.4586,27.512,27.5109,27.2356,27.2441,27.2681,27.3311,27.5048,27.1307,27.5601,27.4038,27.1639,27.2284,26.7345,27.5084,27.5564,27.4865,27.3452,27.0261,27.3704,27.3978,27.4539,27.5426,27.2197,27.631,27.4185,27.5061,27.5056,27.5123,27.1975,27.4718,27.9733,27.6845,27.2658,27.4442,27.4841,27.476,26.9815,26.7247,27.6205,27.6312,27.6679,27.4949,27.1548,27.6025,27.1566,27.7467,27.7216,27.4531,27.1197,27.1923,27.3551,27.7114,27.0246,27.472,27.2057,27.1332,27.1287,26.8244,27.968,27.5205,27.5779,27.3265,27.043,27.1503,27.1807,26.8986,27.6963,27.2491,27.1807,27.2996,27.1371,27.4423,26.8004,27.7024,27.5782,28.0241,27.8573,26.7436,27.2746,27.2978,27.2332,27.5362,26.3843,28.1585,27.6892,27.3258,27.3367,27.1491,27.229,27.2808,27.6035,27.4974,26.8845,27.3846,27.1571,27.2072,27.8611,26.3881,28.4231,27.6827,27.5221,27.4498,27.003,27.7678,27.3535,27.8528,27.5324,27.1255
90,12:54:15 PM,27.1138,27.0933,27.2473,27.4374,27.1654,26.9819,27.4912,27.367,27.3389,27.1401,27.3916,27.4408,27.5084,27.5308,27.1728,27.2404,27.2577,27.3286,27.4414,27.1179,27.6425,27.3937,27.2002,27.233,26.6973,27.4518,27.6031,27.4893,27.2936,26.9601,27.3653,27.393,27.4439,27.549,27.2343,27.6298,27.4133,27.536,27.5395,27.5656,27.2198,27.43,27.9673,27.6604,27.2466,27.4062,27.5367,27.5307,26.9914,26.7913,27.6263,27.5376,27.6616,27.5159,27.124,27.6101,27.1335,27.7054,27.7612,27.4383,27.1003,27.2314,27.3495,27.6732,27.0156,27.5428,27.2103,27.1451,27.1085,26.8117,27.9782,27.5241,27.5176,27.3744,27.0272,27.1108,27.189,26.9163,27.6229,27.2856,27.1476,27.2745,27.151,27.4743,26.8829,27.733,27.6044,28.0055,27.845,26.6666,27.249,27.2099,27.201,27.5524,26.4012,28.1027,27.7135,27.3263,27.3036,27.1466,27.204,27.2791,27.6088,27.4681,26.8479,27.3864,27.1608,27.1841,27.8451,26.4219,28.4856,27.8094,27.5633,27.3866,27.0228,27.7619,27.3402,27.8703,27.5971,27.1427
91,12:54:35 PM,27.0642,27.0958,27.2232,27.4633,27.1306,27.0566,27.5019,27.3569,27.2926,27.1259,27.3236,27.4203,27.5575,27.5301,27.2953,27.2862,27.2816,27.3773,27.4499,27.085,27.5892,27.4465,27.1591,27.2082,26.6861,27.485,27.5823,27.431,27.3584,26.9641,27.3856,27.4316,27.4427,27.5715,27.2641,27.6295,27.4142,27.6097,27.5312,27.5105,27.1908,27.3852,27.9722,27.667,27.2067,27.4169,27.5391,27.4889,27.0451,26.7545,27.6544,27.6403,27.6582,27.5811,27.1863,27.5856,27.1653,27.7893,27.736,27.4135,27.169,27.1565,27.3409,27.6612,27.0218,27.5297,27.1783,27.1535,27.1148,26.8315,27.9597,27.5266,27.6158,27.3128,27.0969,27.183,27.1071,26.8852,27.6764,27.291,27.1955,27.3084,27.136,27.4578,26.8398,27.7864,27.537,27.9833,27.8398,26.7445,27.2828,27.2316,27.2358,27.5259,26.4143,28.0841,27.658,27.4098,27.2453,27.1885,27.2226,27.3584,27.6819,27.4733,26.8423,27.3662,27.2242,27.245,27.9426,26.3586,28.4364,27.6963,27.5914,27.3925,27.0143,27.7574,27.3594,27.8407,27.6087,27.1834
92,12:54:55 PM,27.1117,27.167,27.1903,27.3998,27.0674,27.0356,27.4783,27.331,27.2758,27.1562,27.3026,27.3698,27.5821,27.5134,27.2788,27.3045,27.3022,27.4167,27.5027,27.0737,27.5687,27.3567,27.158,27.1748,26.7072,27.4854,27.59,27.472,27.2379,26.9682,27.372,27.436,27.4669,27.6072,27.2119,27.679,27.4147,27.5842,27.558,27.5875,27.2174,27.4853,27.9076,27.7116,27.2621,27.4191,27.5191,27.5071,26.9962,26.7252,27.6522,27.5165,27.5919,27.638,27.2097,27.5652,27.1785,27.7045,27.7138,27.4416,27.0531,27.2419,27.2766,27.7146,26.9781,27.4631,27.1741,27.0888,27.1075,26.8196,27.9415,27.5812,27.571,27.3457,27.1049,27.1456,27.1582,26.8956,27.7246,27.2965,27.2235,27.2373,27.2107,27.4362,26.8955,27.7191,27.5547,27.9874,27.8646,26.7787,27.2775,27.272,27.2369,27.489,26.3851,28.1537,27.6446,27.3707,27.3403,27.1078,27.2077,27.3229,27.6074,27.5133,26.9271,27.3176,27.1471,27.2546,27.9085,26.4463,28.416,27.7502,27.5782,27.476,27.0131,27.6551,27.3267,27.8982,27.5243,27.1784
93,12:55:15 PM,27.147,27.1626,27.1735,27.4552,27.104,27.0367,27.3863,27.3467,27.288,27.1921,27.3417,27.4437,27.5367,27.5492,27.2785,27.2915,27.2714,27.3905,27.4993,27.0925,27.6012,27.422,27.1909,27.2402,26.6898,27.4906,27.578,27.4503,27.3005,27.0198,27.3858,27.3926,27.378,27.6046,27.2139,27.6751,27.4033,27.6001,27.5645,27.515,27.1821,27.4077,27.9985,27.6739,27.2511,27.4808,27.4733,27.5198,26.9924,26.7469,27.6109,27.4654,27.5538,27.658,27.1548,27.5897,27.1656,27.772,27.7232,27.4914,27.1189,27.2232,27.338,27.6879,27.016,27.4904,27.2036,27.2099,27.1037,26.7716,27.9536,27.5681,27.5464,27.3192,27.1641,27.1856,27.1668,26.8978,27.7134,27.3144,27.2313,27.306,27.1692,27.4,26.873,27.8143,27.5227,28.0352,27.911,26.7608,27.2144,27.2252,27.2358,27.544,26.4449,28.0974,27.6246,27.3768,27.3642,27.139,27.188,27.297,27.6322,27.6018,26.8883,27.3694,27.1271,27.2683,27.9055,26.4229,28.4819,27.7072,27.57,27.4217,27.0683,27.7048,27.3203,27.9173,27.5695,27.1745
94,12:55:35 PM,27.0684,27.1713,27.1573,27.4669,27.0941,27.0525,27.4595,27.3478,27.3009,27.1439,27.4175,27.4531,27.5434,27.4969,27.2536,27.343,27.2781,27.3692,27.4673,27.1314,27.6375,27.3484,27.2135,27.2129,26.6568,27.5209,27.5782,27.4465,27.2535,26.977,27.3672,27.4193,27.3487,27.6104,27.1799,27.6493,27.445,27.5755,27.5707,27.5048,27.2416,27.4391,27.9704,27.7152,27.2323,27.4543,27.4778,27.5503,27.0344,26.7462,27.6683,27.5306,27.5698,27.7118,27.164,27.5954,27.2082,27.6918,27.704,27.4699,27.0974,27.266,27.3244,27.6892,27.0137,27.5018,27.1809,27.1577,27.0816,26.8404,27.9317,27.5438,27.5832,27.3634,27.0634,27.132,27.2244,26.9136,27.7647,27.3043,27.2392,27.2659,27.1771,27.4325,26.8682,27.7469,27.5746,28.0055,27.9094,26.7413,27.2842,27.2578,27.3105,27.5056,26.4082,28.1235,27.6597,27.3536,27.3948,27.1954,27.1926,27.2427,27.6415,27.5295,26.8578,27.39,27.1068,27.3036,27.8879,26.4178,28.4341,27.7293,27.4757,27.4529,27.0991,27.7294,27.3589,27.8873,27.5881,27.1708
95,12:55:55 PM,27.1358,27.1647,27.1558,27.4671,27.118,27.0466,27.4885,27.3459,27.2624,27.1039,27.373,27.4496,27.5496,27.5067,27.2375,27.2684,27.3088,27.3545,27.5125,27.1192,27.5892,27.408,27.2079,27.2698,26.679,27.4783,27.5954,27.4655,27.3634,26.9497,27.3649,27.4115,27.3843,27.5935,27.2164,27.6174,27.4054,27.5386,27.5133,27.5359,27.1962,27.4004,27.9877,27.6941,27.242,27.4158,27.5477,27.5277,26.9746,26.7146,27.7124,27.4254,27.5046,27.7282,27.1767,27.6414,27.2066,27.7134,27.6718,27.4579,27.1093,27.1897,27.3566,27.68,27.0494,27.5404,27.2157,27.1815,27.1009,26.8117,27.9923,27.5487,27.6501,27.331,27.0781,27.2292,27.2004,26.9238,27.677,27.3197,27.2112,27.3194,27.2058,27.4622,26.9568,27.7772,27.4945,28.0336,27.8731,26.8196,27.259,27.2203,27.2864,27.5552,26.4021,28.1401,27.6415,27.4266,27.3648,27.1545,27.2102,27.316,27.6229,27.5647,26.8501,27.4012,27.2157,27.2813,27.9575,26.4354,28.4228,27.7279,27.54,27.4744,27.102,27.7559,27.3598,27.8018,27.5361,27.1522
96,12:56:15 PM,27.0584,27.1394,27.1826,27.5377,27.0763,27.0553,27.4414,27.3153,27.3599,27.2063,27.3839,27.4474,27.5572,27.5172,27.2845,27.3113,27.3358,27.3788,27.456,27.1552,27.5708,27.413,27.2168,27.2147,26.6791,27.4251,27.5826,27.4563,27.3592,27.0278,27.3951,27.4983,27.4144,27.581,27.2044,27.615,27.41,27.5681,27.5273,27.5299,27.2441,27.383,27.9574,27.6879,27.2568,27.4449,27.5407,27.515,27.0458,26.7653,27.6784,27.4686,27.499,27.6675,27.1699,27.5744,27.2318,27.7339,27.7312,27.491,27.1543,27.1771,27.2279,27.7176,27.0417,27.5055,27.2078,27.1317,27.1315,26.8439,27.9562,27.6056,27.5413,27.4299,27.084,27.1692,27.2381,26.9729,27.6888,27.2931,27.1519,27.3148,27.1354,27.3974,26.85,27.7389,27.5669,28.0532,27.8985,26.7546,27.2219,27.2728,27.2921,27.5371,26.4303,28.093,27.6281,27.4374,27.3767,27.1302,27.1775,27.3181,27.6057,27.5917,26.85,27.325,27.1644,27.3421,27.93,26.4212,28.4598,27.7471,27.5657,27.5004,27.0278,27.7039,27.3288,27.8137,27.5421,27.2218
97,12:56:35 PM,27.135,27.1853,27.2323,27.492,27.137,27.023,27.477,27.3542,27.3204,27.1485,27.4056,27.505,27.5759,27.5485,27.288,27.3152,27.3397,27.4422,27.4882,27.1589,27.5708,27.4498,27.2632,27.2238,26.7387,27.4929,27.5578,27.5018,27.3521,26.9583,27.4297,27.4621,27.4111,27.5616,27.2376,27.6828,27.4375,27.5792,27.6087,27.5391,27.2398,27.4318,28.03,27.7461,27.2359,27.4492,27.4754,27.6135,27.0098,26.724,27.6473,27.4229,27.4814,27.7834,27.1469,27.528,27.1974,27.7314,27.7056,27.4881,27.1475,27.2248,27.3094,27.6278,27.043,27.5034,27.1399,27.1446,27.1444,26.913,27.9666,27.57,27.5583,27.3704,27.0927,27.093,27.1933,26.8842,27.7254,27.3102,27.1487,27.3184,27.2077,27.4398,26.9061,27.7075,27.5515,28.0654,27.8901,26.6752,27.2385,27.2665,27.2725,27.5501,26.3374,28.125,27.6312,27.4168,27.3657,27.1403,27.2253,27.2864,27.6271,27.5813,26.8202,27.3629,27.1991,27.3104,27.9537,26.4415,28.4732,27.716,27.5052,27.5026,27.0538,27.7931,27.3968,27.8207,27.5287,27.2363
98,12:56:55 PM,27.0872,27.1985,27.1773,27.4675,27.1844,27.0807,27.4863,27.3227,27.3016,27.1605,27.4054,27.474,27.597,27.563,27.3055,27.291,27.3466,27.3503,27.5057,27.1832,27.6175,27.3818,27.2298,27.2827,26.7324,27.4314,27.5984,27.4448,27.3154,26.9814,27.4,27.4625,27.4013,27.579,27.1499,27.6659,27.3868,27.6099,27.5701,27.5185,27.237,27.4114,28.0032,27.7302,27.2434,27.43,27.4967,27.5638,27.0884,26.6962,27.6525,27.4097,27.52,27.8091,27.2186,27.5591,27.1697,27.7376,27.6965,27.5634,27.1102,27.208,27.293,27.6959,27.0585,27.5835,27.1826,27.1579,27.1069,26.8249,27.9492,27.6089,27.5023,27.3844,27.0677,27.1855,27.1587,26.9246,27.6499,27.2901,27.1859,27.3407,27.2113,27.4113,26.869,27.7329,27.5434,27.9955,27.884,26.742,27.2341,27.2092,27.2911,27.5381,26.4231,28.1277,27.6679,27.3782,27.4067,27.1372,27.2149,27.3536,27.6975,27.5322,26.7764,27.4047,27.1647,27.3287,27.8932,26.467,28.5147,27.7107,27.5875,27.4889,27.0494,27.7928,27.3253,27.8181,27.5843,27.1755
99,12:57:15 PM,27.0732,27.1402,27.195,27.3563,27.1552,27.0855,27.4848,27.3643,27.2925,27.149,27.3748,27.4572,27.5545,27.5219,27.3252,27.3523,27.3033,27.3503,27.4834,27.1871,27.6085,27.3423,27.1796,27.2343,26.7339,27.4825,27.6217,27.5348,27.3473,27.0559,27.3873,27.4127,27.4572,27.5809,27.1932,27.5838,27.384,27.6329,27.5508,27.5671,27.2699,27.4429,27.9699,27.7495,27.2842,27.461,27.4531,27.5896,27.0676,26.7474,27.641,27.5156,27.5023,27.8076,27.1915,27.5791,27.2125,27.7802,27.7086,27.5079,27.1132,27.2527,27.3493,27.6495,27.0863,27.5269,27.1906,27.1738,27.1068,26.849,27.9709,27.573,27.5488,27.4019,27.0929,27.1677,27.1665,26.9008,27.6913,27.3116,27.2272,27.3375,27.1716,27.4039,26.8636,27.7021,27.6084,28.0336,27.8582,26.7327,27.183,27.256,27.2368,27.5488,26.4196,28.1917,27.659,27.4619,27.3796,27.1577,27.2242,27.3405,27.6618,27.4997,26.875,27.3759,27.1896,27.3036,27.9438,26.4237,28.4731,27.6722,27.5149,27.5233,27.0998,27.7421,27.3555,27.8418,27.6129,27.1992
100,12:57:35 PM,27.1266,27.1697,27.2047,27.41,27.1064,27.0448,27.4358,27.3702,27.3519,27.1515,27.3755,27.4887,27.6047,27.5805,27.2819,27.308,27.3022,27.3451,27.5237,27.1352,27.608,27.341,27.1793,27.2176,26.699,27.4606,27.6476,27.4767,27.3256,26.9554,27.3881,27.4932,27.4101,27.5651,27.2579,27.6299,27.4368,27.5875,27.6318,27.5698,27.2436,27.3679,27.9933,27.6965,27.2913,27.4205,27.4686,27.5365,27.0736,26.7828,27.6394,27.489,27.4775,27.8833,27.282,27.5592,27.2071,27.7428,27.6977,27.4883,27.1736,27.2196,27.3196,27.7195,27.0077,27.5215,27.1897,27.1837,27.1614,26.8467,27.9545,27.5847,27.5577,27.4004,27.1143,27.1551,27.1879,26.9514,27.6995,27.3051,27.263,27.3041,27.1763,27.4127,26.9524,27.7066,27.523,28.0389,27.9007,26.748,27.1808,27.3059,27.3363,27.5508,26.4149,28.127,27.6374,27.3983,27.4045,27.1547,27.1922,27.3489,27.6656,27.5468,26.8203,27.3535,27.1733,27.2682,27.9687,26.4088,28.5059,27.724,27.5188,27.4925,27.0708,27.7847,27.3894,27.8622,27.5992,27.1864
101,12:57:55 PM,27.0594,27.1385,27.2192,27.4814,27.1744,27.0963,27.4705,27.3383,27.3418,27.1316,27.3785,27.4703,27.6018,27.5543,27.2905,27.2975,27.2473,27.3545,27.5189,27.184,27.6222,27.3149,27.2125,27.3414,26.7326,27.5137,27.6172,27.4701,27.3051,26.9731,27.4372,27.4689,27.3554,27.5611,27.3053,27.6772,27.4131,27.5733,27.6014,27.5245,27.2405,27.4018,28.0509,27.7662,27.2817,27.4007,27.5062,27.5607,27.0702,26.8236,27.7151,27.4368,27.4556,28.0055,27.2463,27.5863,27.1557,27.7274,27.6982,27.4852,27.1547,27.176,27.3554,27.6825,27.0298,27.5355,27.1718,27.1212,27.1357,26.8545,28.0405,27.5716,27.5645,27.4151,27.0912,27.1768,27.2124,26.8722,27.7294,27.3554,27.1555,27.2886,27.1983,27.4421,26.9388,27.6609,27.5661,28.088,27.8295,26.7896,27.2408,27.2532,27.2301,27.5541,26.4385,28.0936,27.6323,27.4364,27.3518,27.146,27.2133,27.3601,27.6654,27.5225,26.8384,27.3559,27.1257,27.3492,27.9494,26.4232,28.5144,27.6976,27.5512,27.4808,27.0466,27.7255,27.3692,27.8749,27.6053,27.2197
102,12:58:15 PM,27.0977,27.1563,27.2675,27.4069,27.119,27.0004,27.3903,27.3743,27.3133,27.1712,27.3987,27.4641,27.5869,27.5298,27.2757,27.3082,27.2994,27.3765,27.4482,27.1617,27.66,27.3163,27.2379,27.2642,26.7037,27.4305,27.6033,27.5166,27.3297,26.9531,27.3387,27.4765,27.3901,27.5453,27.316,27.615,27.3882,27.606,27.5681,27.5708,27.2203,27.4239,27.9739,27.7184,27.3055,27.4012,27.4294,27.5802,27.0978,26.7655,27.6279,27.3564,27.391,28.0715,27.2395,27.583,27.1385,27.7529,27.6583,27.4981,27.1486,27.2104,27.336,27.6672,26.9606,27.559,27.1893,27.2097,27.1478,26.8371,27.9503,27.5647,27.531,27.385,27.0999,27.1,27.1854,26.9673,27.7347,27.337,27.1963,27.2867,27.2135,27.4029,26.8949,27.7274,27.5276,28.0918,27.8833,26.7986,27.2292,27.2471,27.2777,27.636,26.4117,28.1113,27.6607,27.4277,27.4012,27.1899,27.174,27.363,27.7184,27.525,26.8662,27.3559,27.1347,27.3215,27.9684,26.3591,28.4615,27.7156,27.4691,27.508,27.0889,27.7317,27.322,27.8215,27.5867,27.2103
103,12:58:35 PM,27.0279,27.1329,27.1413,27.3733,27.206,27.0019,27.3808,27.36,27.3479,27.192,27.2985,27.4907,27.529,27.5489,27.2433,27.2856,27.2722,27.374,27.4696,27.1288,27.6283,27.3657,27.1977,27.3599,26.708,27.5038,27.5594,27.494,27.367,26.985,27.3916,27.4804,27.4744,27.4802,27.2384,27.6746,27.4557,27.5753,27.5287,27.5406,27.2749,27.3621,28.0001,27.7236,27.2913,27.4768,27.4816,27.5537,27.0178,26.7648,27.675,27.3981,27.458,28.0247,27.3041,27.5821,27.1259,27.7562,27.7178,27.5188,27.1949,27.1823,27.416,27.6442,27.0702,27.5269,27.2261,27.188,27.1336,26.8401,27.9685,27.5534,27.5712,27.4054,27.1124,27.1548,27.1841,26.9542,27.6703,27.3327,27.2285,27.3219,27.2546,27.4087,26.9192,27.7037,27.564,28.0453,27.846,26.7782,27.2014,27.1994,27.2901,27.6479,26.4592,28.1478,27.6586,27.4275,27.3078,27.203,27.2103,27.319,27.6054,27.5446,26.8253,27.353,27.1286,27.2673,27.9587,26.4347,28.5323,27.6807,27.4944,27.4425,27.0093,27.7581,27.3707,27.7507,27.5425,27.1937
104,12:58:55 PM,27.0857,27.1303,27.2035,27.4795,27.1909,27.0259,27.412,27.335,27.3408,27.2233,27.3932,27.511,27.5454,27.5246,27.3293,27.2875,27.272,27.3688,27.4501,27.1884,27.5758,27.2761,27.2301,27.3575,26.6757,27.452,27.5979,27.4792,27.2833,26.9634,27.4243,27.3722,27.4603,27.4908,27.2471,27.5971,27.3634,27.5321,27.5742,27.53,27.21,27.3701,27.9101,27.7414,27.3125,27.4481,27.5305,27.5678,27.0368,26.8021,27.6632,27.3556,27.4172,28.0107,27.2857,27.5127,27.1726,27.7342,27.6726,27.5528,27.1139,27.2347,27.2992,27.6304,27.0163,27.4782,27.1789,27.1379,27.1578,26.8361,27.9135,27.5583,27.5341,27.3352,27.1233,27.1664,27.1686,26.9247,27.6822,27.3311,27.1444,27.3073,27.2016,27.4216,26.9435,27.69,27.5104,28.0157,27.8173,26.8066,27.2374,27.249,27.2895,27.6417,26.446,28.1126,27.6107,27.3754,27.3463,27.2306,27.2055,27.3316,27.6703,27.5531,26.8643,27.361,27.1162,27.309,27.9231,26.4173,28.5638,27.7145,27.5616,27.4407,27.0348,27.7482,27.3838,27.839,27.6307,27.1206
105,12:59:15 PM,27.1023,27.139,27.242,27.4636,27.2563,27.0322,27.4542,27.3132,27.3476,27.1509,27.3167,27.486,27.5522,27.5818,27.2839,27.3022,27.3248,27.3989,27.5354,27.197,27.6284,27.3115,27.2147,27.2991,26.7083,27.5059,27.5813,27.4928,27.3369,26.9809,27.4498,27.463,27.3936,27.5579,27.3052,27.6474,27.4039,27.5742,27.6231,27.552,27.1989,27.3879,27.9421,27.6979,27.2996,27.4777,27.4481,27.605,27.0759,26.7967,27.6669,27.4032,27.4316,28.107,27.308,27.5772,27.2002,27.7017,27.6672,27.4602,27.0884,27.2029,27.3139,27.6926,27.0807,27.5259,27.1947,27.1731,27.2101,26.8143,28.0229,27.631,27.4832,27.3991,27.071,27.1574,27.1253,26.9526,27.7267,27.331,27.2142,27.2721,27.1776,27.4316,26.9541,27.7236,27.5373,27.9977,27.8477,26.8165,27.2719,27.2539,27.297,27.6347,26.404,28.0725,27.6338,27.4051,27.3549,27.2057,27.2399,27.3203,27.6882,27.5939,26.8783,27.4006,27.1872,27.3684,27.9166,26.4883,28.4934,27.7865,27.5036,27.4801,27.0737,27.7265,27.3248,27.8542,27.5977,27.1559
106,12:59:35 PM,27.0982,27.1141,27.1789,27.4463,27.1832,27.0283,27.4323,27.4012,27.3804,27.2091,27.3754,27.461,27.5903,27.515,27.3231,27.327,27.3089,27.3547,27.4468,27.2355,27.6324,27.3127,27.1793,27.3375,26.7428,27.5139,27.6349,27.5161,27.3733,26.9922,27.4154,27.349,27.497,27.5406,27.2472,27.6848,27.4381,27.4986,27.5597,27.5469,27.239,27.4014,27.9449,27.6623,27.2866,27.4528,27.4937,27.5975,27.0045,26.7919,27.6783,27.3763,27.3779,28.07,27.3077,27.5888,27.1745,27.7086,27.6981,27.5177,27.1217,27.2074,27.2857,27.6942,26.9848,27.5609,27.2072,27.1541,27.1637,26.866,27.9786,27.6305,27.58,27.4103,27.0855,27.1881,27.1497,26.896,27.6958,27.3542,27.2022,27.2779,27.1962,27.4422,26.9218,27.7516,27.5348,28.0469,27.8668,26.7568,27.2454,27.1758,27.2573,27.6025,26.4423,28.1339,27.6577,27.4293,27.4233,27.1992,27.2091,27.3469,27.6787,27.5163,26.8695,27.4057,27.1878,27.3222,27.954,26.4302,28.4899,27.7402,27.5374,27.523,27.026,27.7311,27.3837,27.9141,27.5691,27.1666
107,12:59:55 PM,27.093,27.1267,27.2379,27.4525,27.217,27.0128,27.4093,27.3556,27.3481,27.2248,27.3601,27.4178,27.57,27.5579,27.3259,27.3252,27.274,27.4101,27.5089,27.2527,27.6323,27.3484,27.2327,27.2794,26.6767,27.4632,27.6261,27.5372,27.341,27.0469,27.4806,27.4084,27.4774,27.5824,27.277,27.6109,27.4196,27.5376,27.5833,27.5628,27.208,27.4126,27.9306,27.7448,27.2812,27.4386,27.5133,27.5799,27.0751,26.746,27.6977,27.3305,27.3399,28.1446,27.3111,27.5442,27.1553,27.6959,27.6736,27.4723,27.0864,27.1451,27.3313,27.6626,27.1104,27.5301,27.2495,27.1556,27.1716,26.8712,27.9337,27.5695,27.5536,27.4398,27.0819,27.1445,27.1827,27.0147,27.735,27.3363,27.2445,27.28,27.2085,27.4387,26.8341,27.6533,27.6113,28.0184,27.8861,26.7808,27.2141,27.2261,27.2842,27.6524,26.5232,28.1191,27.625,27.4306,27.3961,27.2364,27.151,27.315,27.6437,27.5558,26.842,27.3554,27.1485,27.3003,27.9276,26.4699,28.5089,27.7169,27.5551,27.5453,27.1155,27.7363,27.3678,27.8299,27.5863,27.2052
108,1:00:15 PM,27.1152,27.1557,27.2459,27.4452,27.1786,27.0737,27.4515,27.3094,27.3617,27.2384,27.337,27.4267,27.5809,27.5905,27.3387,27.3518,27.2487,27.4171,27.4389,27.1971,27.551,27.3179,27.2092,27.3083,26.7965,27.4985,27.6092,27.5461,27.2936,27.0301,27.4446,27.4308,27.4511,27.5459,27.3252,27.6956,27.415,27.5689,27.584,27.5511,27.2402,27.4371,27.9656,27.7476,27.3284,27.4377,27.5454,27.5621,27.0288,26.7913,27.6444,27.3531,27.3361,28.1139,27.3665,27.5633,27.2015,27.7085,27.6806,27.4677,27.1258,27.1997,27.3384,27.6619,26.9861,27.5135,27.1866,27.2309,27.1705,26.9043,27.9238,27.6052,27.5533,27.4371,27.1288,27.1446,27.1615,26.9279,27.7142,27.4383,27.2439,27.2864,27.1934,27.3826,26.9531,27.6983,27.5485,28.0388,27.8449,26.8324,27.1984,27.2488,27.2972,27.6539,26.4135,28.1712,27.6259,27.4177,27.3642,27.244,27.2107,27.3486,27.6384,27.5406,26.8239,27.3537,27.1475,27.2987,27.9543,26.456,28.4746,27.7062,27.5627,27.4614,27.0711,27.7809,27.3449,27.8499,27.5603,27.1726
109,1:00:35 PM,27.061,27.1547,27.2487,27.4252,27.2213,27.0525,27.428,27.3244,27.37,27.2135,27.3196,27.4039,27.5752,27.5682,27.3103,27.3388,27.2931,27.4031,27.52,27.2305,27.5861,27.3216,27.225,27.289,26.7384,27.4952,27.5948,27.5291,27.3402,27.0104,27.392,27.4515,27.4402,27.5077,27.3253,27.6385,27.3594,27.5848,27.6271,27.5266,27.2627,27.4002,27.9363,27.7589,27.3136,27.5176,27.4545,27.6315,27.0758,26.8058,27.6971,27.4112,27.3865,28.1733,27.3735,27.5817,27.1477,27.7249,27.649,27.4864,27.1049,27.2135,27.3012,27.7263,27.0352,27.5723,27.2277,27.1728,27.1459,26.905,27.9555,27.623,27.5349,27.4222,27.1569,27.14,27.1643,26.9125,27.7535,27.3782,27.2244,27.2797,27.1625,27.4179,26.9403,27.7015,27.5755,28.0747,27.8555,26.8557,27.273,27.241,27.2913,27.651,26.5205,28.1254,27.6207,27.3592,27.4508,27.2561,27.2092,27.3675,27.7562,27.5184,26.82,27.3276,27.0907,27.3445,27.9325,26.403,28.5026,27.7228,27.54,27.4982,27.0966,27.7664,27.4099,27.8209,27.6368,27.1706
110,1:00:55 PM,27.0616,27.1593,27.2491,27.4454,27.2529,27.0098,27.4869,27.3484,27.3896,27.174,27.2948,27.4542,27.577,27.5839,27.3353,27.2875,27.3165,27.3226,27.507,27.2287,27.5917,27.3384,27.1989,27.2699,26.7276,27.4656,27.5951,27.5398,27.3193,27.0389,27.4794,27.4442,27.3843,27.5455,27.3271,27.6557,27.4024,27.57,27.5884,27.538,27.2301,27.3926,27.9482,27.7775,27.3489,27.435,27.4695,27.5901,27.0583,26.7931,27.6607,27.3783,27.4302,28.1615,27.3575,27.5195,27.2013,27.7411,27.7118,27.47,27.1441,27.2035,27.3852,27.7351,27.0295,27.5464,27.2415,27.1216,27.22,26.9098,27.9016,27.6306,27.5568,27.4304,27.1609,27.1457,27.2119,26.943,27.7145,27.3776,27.2223,27.2563,27.2317,27.4428,26.9023,27.7277,27.5153,28.0328,27.9143,26.7998,27.2285,27.2992,27.2421,27.5666,26.4658,28.0702,27.5536,27.355,27.3749,27.2259,27.2136,27.335,27.6356,27.4771,26.8649,27.372,27.1604,27.3412,27.905,26.4462,28.4961,27.7584,27.51,27.4999,27.0862,27.7743,27.3547,27.7811,27.628,27.1778
111,1:01:15 PM,27.1097,27.1726,27.2607,27.4523,27.2156,27.0458,27.4002,27.3982,27.3357,27.2641,27.3663,27.4464,27.5833,27.5469,27.3014,27.2735,27.1982,27.3462,27.5281,27.2593,27.6478,27.2749,27.2243,27.2776,26.8003,27.4918,27.5623,27.5141,27.3351,27.0281,27.4417,27.4203,27.4784,27.58,27.3644,27.6042,27.4243,27.5913,27.607,27.5088,27.2399,27.3845,27.9441,27.7622,27.2526,27.4093,27.4715,27.5956,27.0849,26.7862,27.6791,27.3454,27.3877,28.2078,27.3595,27.5862,27.16,27.7548,27.7512,27.4609,27.0953,27.1419,27.3594,27.706,27.0576,27.485,27.2323,27.1491,27.1708,26.9403,27.9067,27.6053,27.5938,27.4077,27.1766,27.1445,27.1646,27.012,27.6874,27.3514,27.2643,27.2904,27.163,27.437,26.8843,27.7541,27.5425,28.0419,27.902,26.7332,27.2707,27.2642,27.2739,27.62,26.4868,28.1534,27.5768,27.405,27.4107,27.1382,27.1677,27.3556,27.6917,27.5712,26.9106,27.3415,27.1104,27.2953,27.9283,26.5002,28.5174,27.6913,27.5398,27.5479,27.0711,27.7364,27.3782,27.8558,27.6418,27.1922
112,1:01:35 PM,27.1331,27.1425,27.2054,27.4466,27.2483,27.0486,27.3517,27.38,27.3895,27.2288,27.3581,27.4677,27.5593,27.5317,27.3216,27.3325,27.2559,27.3918,27.5408,27.263,27.5961,27.3348,27.1776,27.3483,26.726,27.5155,27.568,27.501,27.3497,27.0447,27.4955,27.4398,27.4052,27.5721,27.3606,27.6635,27.406,27.5573,27.6164,27.5078,27.1953,27.3747,27.9188,27.7557,27.3568,27.4636,27.4291,27.5952,27.0861,26.742,27.6836,27.3282,27.3868,28.2154,27.356,27.5744,27.1542,27.7478,27.6922,27.4439,27.1111,27.2322,27.4165,27.7035,27.0406,27.4627,27.1937,27.1845,27.2177,26.9015,27.9595,27.6044,27.5954,27.427,27.1689,27.1142,27.1487,26.9594,27.7284,27.3769,27.2409,27.2979,27.2006,27.4157,26.9187,27.7788,27.515,28.0291,27.8858,26.7658,27.2152,27.2658,27.3281,27.5315,26.4273,28.169,27.6308,27.3967,27.3992,27.2226,27.1673,27.3657,27.672,27.5738,26.8482,27.3243,27.1463,27.2976,27.9776,26.4399,28.5577,27.7305,27.568,27.4893,27.1658,27.6922,27.3387,27.8403,27.6543,27.2272
113,1:01:55 PM,27.0926,27.1315,27.2323,27.5036,27.2031,27.0359,27.4198,27.3582,27.3608,27.2147,27.3801,27.4195,27.5707,27.6069,27.2804,27.3072,27.2525,27.3885,27.4666,27.2672,27.6235,27.3559,27.1869,27.282,26.7879,27.4981,27.5328,27.5516,27.3144,27.0883,27.4814,27.4128,27.4712,27.5753,27.2852,27.6931,27.3764,27.5838,27.611,27.562,27.248,27.4221,27.9561,27.7169,27.3491,27.4517,27.4814,27.6037,27.048,26.8227,27.7285,27.3652,27.3759,28.1898,27.3937,27.6024,27.2105,27.7345,27.6965,27.4631,27.0728,27.2122,27.3311,27.7626,27.0621,27.5172,27.2109,27.1509,27.1946,26.9007,27.9808,27.6048,27.5726,27.4472,27.1522,27.1805,27.175,26.993,27.7659,27.3589,27.1932,27.2491,27.1988,27.4094,26.9026,27.7772,27.5012,28.058,27.9258,26.7901,27.2324,27.2331,27.2887,27.5774,26.4659,28.1403,27.578,27.4295,27.4009,27.2287,27.154,27.3853,27.698,27.5299,26.8685,27.3768,27.1387,27.3406,27.9765,26.4541,28.5358,27.677,27.4979,27.4589,27.1189,27.7275,27.3102,27.8581,27.6955,27.1678
114,1:02:15 PM,27.0486,27.1471,27.2874,27.463,27.2213,27.048,27.3805,27.3752,27.3654,27.1933,27.3299,27.4615,27.5895,27.5521,27.3402,27.3136,27.2776,27.4171,27.4644,27.3162,27.6075,27.2923,27.2467,27.2421,26.7633,27.473,27.6328,27.5306,27.3899,27.0565,27.5241,27.3813,27.4719,27.5844,27.384,27.6223,27.4387,27.6142,27.5868,27.6086,27.2853,27.4345,27.943,27.7778,27.3634,27.4231,27.504,27.5942,26.9802,26.7569,27.7034,27.4021,27.4288,28.1614,27.3756,27.5614,27.1873,27.7062,27.6945,27.5256,27.0791,27.2336,27.3495,27.7268,27.0357,27.5001,27.164,27.1676,27.2264,26.9028,27.8805,27.5496,27.5657,27.4554,27.1686,27.1572,27.1785,26.9282,27.71,27.379,27.253,27.3468,27.1835,27.4503,26.9603,27.7663,27.5269,28.0628,27.8668,26.7467,27.1726,27.2762,27.2258,27.6213,26.4473,28.0873,27.6539,27.4364,27.3687,27.2775,27.1905,27.2978,27.6778,27.5777,26.8622,27.3645,27.0719,27.3258,27.9872,26.4161,28.4799,27.6835,27.5973,27.5297,27.0517,27.7099,27.3837,27.7497,27.5965,27.1619
115,1:02:35 PM,27.1318,27.1668,27.2199,27.5248,27.2374,27.0181,27.3806,27.4006,27.4177,27.2584,27.3713,27.4494,27.5853,27.5964,27.3523,27.3445,27.307,27.3793,27.5816,27.3148,27.6445,27.3181,27.2201,27.3459,26.7943,27.4523,27.5607,27.4982,27.344,27.1075,27.4652,27.3777,27.4886,27.5502,27.3687,27.6389,27.4114,27.5281,27.5865,27.5704,27.2245,27.3622,27.9021,27.7359,27.3374,27.4456,27.4868,27.5648,27.0768,26.7872,27.6929,27.3798,27.4178,28.2216,27.4147,27.6679,27.21,27.756,27.7126,27.493,27.1102,27.1999,27.3172,27.8144,27.0602,27.5093,27.1701,27.2143,27.2408,26.8972,27.9666,27.6007,27.565,27.4092,27.1822,27.1529,27.182,26.9997,27.6977,27.373,27.2185,27.3462,27.2106,27.3789,26.88,27.7882,27.5417,28.0956,27.863,26.7777,27.2474,27.255,27.2825,27.6051,26.4183,28.0893,27.6331,27.4399,27.4238,27.2717,27.2596,27.3419,27.6906,27.6126,26.875,27.4068,27.1225,27.2647,27.9587,26.4312,28.5076,27.6907,27.5258,27.5107,27.0736,27.7156,27.3824,27.7757,27.6254,27.178
116,1:02:55 PM,27.1364,27.1339,27.2328,27.4667,27.2065,27.0397,27.4411,27.373,27.3648,27.2268,27.4039,27.44,27.5755,27.5618,27.3564,27.2914,27.2696,27.4348,27.5419,27.3453,27.6266,27.2506,27.1967,27.2839,26.8063,27.5164,27.5968,27.5228,27.4318,27.0213,27.4937,27.4298,27.4202,27.5779,27.3931,27.6194,27.4747,27.5734,27.6183,27.5314,27.2376,27.363,27.9291,27.736,27.3427,27.4127,27.4587,27.6478,27.0307,26.83,27.6691,27.3667,27.3467,28.2107,27.3849,27.5705,27.1451,27.7529,27.7559,27.5435,27.116,27.1884,27.3177,27.7518,27.0944,27.5095,27.1936,27.151,27.1805,26.8555,27.9932,27.6028,27.6192,27.4176,27.2343,27.2028,27.1638,26.9479,27.7356,27.4262,27.1954,27.258,27.2006,27.3964,26.9308,27.74,27.4937,28.0582,27.8752,26.7921,27.2415,27.2386,27.289,27.569,26.4851,28.0291,27.5964,27.4089,27.3986,27.2882,27.216,27.3189,27.6876,27.5796,26.8725,27.3743,27.075,27.3244,27.9588,26.4964,28.4734,27.6764,27.5438,27.5034,27.1175,27.7902,27.3556,27.8321,27.6442,27.2643
117,1:03:15 PM,27.1239,27.1106,27.2477,27.4651,27.2076,27.0763,27.3725,27.3593,27.4333,27.2894,27.3709,27.4585,27.5492,27.5646,27.4534,27.2737,27.307,27.426,27.4711,27.3702,27.5966,27.2674,27.2214,27.3588,26.8133,27.4699,27.5825,27.5187,27.4082,27.0777,27.5165,27.339,27.4653,27.58,27.3316,27.587,27.362,27.5984,27.615,27.5418,27.2383,27.4065,27.9302,27.7372,27.3936,27.4727,27.4727,27.5886,27.0604,26.8486,27.7098,27.3596,27.3564,28.2721,27.4499,27.5616,27.1907,27.715,27.6507,27.4949,27.1483,27.2332,27.326,27.7323,27.144,27.5346,27.1586,27.2093,27.2396,26.9262,27.9878,27.6136,27.633,27.4581,27.2012,27.2019,27.1858,26.9185,27.7383,27.3813,27.2427,27.2573,27.1882,27.4164,26.9063,27.775,27.5465,28.0086,27.9007,26.7718,27.2569,27.1921,27.2758,27.576,26.4963,28.1236,27.5969,27.3451,27.3655,27.2668,27.1484,27.3476,27.6808,27.576,26.8706,27.3682,27.1462,27.3276,27.9828,26.4869,28.4837,27.674,27.631,27.5235,27.0328,27.7615,27.3361,27.784,27.6631,27.1765
118,1:03:35 PM,27.0887,27.1388,27.2864,27.5122,27.2287,26.9755,27.3957,27.3442,27.4355,27.3082,27.335,27.4468,27.5629,27.5624,27.4255,27.3361,27.2656,27.363,27.5906,27.3413,27.6187,27.3018,27.2285,27.321,26.8489,27.4776,27.5594,27.5098,27.3914,27.029,27.5031,27.4275,27.46,27.5702,27.4424,27.5763,27.4161,27.6159,27.5885,27.6002,27.2015,27.3743,27.9641,27.7329,27.4018,27.4838,27.4655,27.6048,26.9989,26.8614,27.6642,27.3696,27.3904,28.244,27.4355,27.5798,27.1171,27.7439,27.7046,27.5118,27.1273,27.1888,27.3174,27.7393,27.07,27.4934,27.1655,27.1642,27.2258,26.9606,27.9606,27.5234,27.5741,27.4447,27.1639,27.1268,27.1123,26.9086,27.7209,27.3511,27.2525,27.2682,27.2161,27.4217,26.876,27.7686,27.4461,28.0741,27.8234,26.8056,27.2236,27.2485,27.2875,27.6054,26.4855,28.1503,27.6395,27.4017,27.4344,27.2179,27.1975,27.2553,27.7071,27.5734,26.8799,27.4019,27.1026,27.3621,27.9414,26.4307,28.5367,27.7495,27.5751,27.5282,27.0908,27.6867,27.3705,27.868,27.6695,27.2022
119,1:03:55 PM,27.0618,27.1881,27.2602,27.4629,27.2662,27.0602,27.3491,27.4025,27.3835,27.3014,27.3161,27.4923,27.6189,27.5891,27.4017,27.339,27.2714,27.3284,27.526,27.3441,27.6582,27.3359,27.2141,27.3673,26.7977,27.4886,27.5968,27.4889,27.3833,27.0557,27.5222,27.3864,27.4793,27.6076,27.4887,27.6879,27.4153,27.5752,27.6192,27.6502,27.2076,27.41,27.9614,27.7251,27.3889,27.4811,27.4948,27.607,27.0693,26.7834,27.6789,27.3031,27.3612,28.2521,27.4044,27.5212,27.1372,27.7371,27.7145,27.4507,27.1099,27.1551,27.299,27.7626,27.0437,27.5145,27.2047,27.1757,27.1742,26.9244,27.9591,27.5251,27.62,27.432,27.1715,27.1707,27.1325,26.9405,27.7413,27.3734,27.2546,27.311,27.1308,27.4755,26.9492,27.7673,27.5141,28.0153,27.8646,26.8533,27.1977,27.2087,27.2498,27.6237,26.5096,28.0931,27.6176,27.3159,27.3434,27.278,27.2225,27.3219,27.7369,27.5794,26.8524,27.3523,27.0802,27.3043,27.9235,26.4251,28.5144,27.6643,27.5575,27.5027,27.0469,27.6941,27.3416,27.7964,27.6881,27.2076
120,1:04:15 PM,27.13,27.1011,27.2362,27.482,27.2286,27.0556,27.4005,27.3667,27.3778,27.3127,27.3133,27.4754,27.598,27.6029,27.3843,27.3144,27.2178,27.4068,27.5493,27.3265,27.6028,27.2174,27.1944,27.3563,26.8137,27.5043,27.5745,27.4986,27.4479,27.0609,27.4976,27.4168,27.4672,27.5494,27.4583,27.6375,27.4185,27.5798,27.6057,27.6369,27.2829,27.3871,27.8892,27.6644,27.3731,27.4808,27.4738,27.513,27.0433,26.8089,27.7229,27.344,27.3758,28.3338,27.4383,27.6046,27.1612,27.7489,27.6923,27.4132,27.1154,27.2096,27.3564,27.7461,27.0787,27.5193,27.1559,27.1462,27.1558,26.8918,27.9766,27.5891,27.6016,27.4703,27.2469,27.1711,27.1507,26.913,27.7862,27.3527,27.2445,27.2485,27.1968,27.4121,26.9266,27.7762,27.4776,28.0647,27.8773,26.8517,27.2213,27.1844,27.2275,27.6812,26.5073,28.1142,27.6154,27.4048,27.3655,27.3114,27.1216,27.2834,27.6995,27.5117,26.9002,27.3585,27.1084,27.3308,27.9291,26.4204,28.5373,27.6684,27.5146,27.5347,27.0465,27.7238,27.345,27.8971,27.6826,27.1669
121,1:04:35 PM,27.2007,27.1117,27.2734,27.5364,27.2679,27.0601,27.3337,27.4171,27.3939,27.2649,27.3903,27.4623,27.5805,27.6627,27.3822,27.311,27.2472,27.4412,27.5825,27.2794,27.6132,27.3164,27.2466,27.288,26.7801,27.5233,27.5689,27.503,27.4407,27.0881,27.444,27.4002,27.4914,27.5372,27.5128,27.6139,27.4077,27.5953,27.5979,27.5527,27.2119,27.3613,27.9768,27.7153,27.4348,27.4582,27.4554,27.5832,27.0674,26.8851,27.6844,27.3404,27.3631,28.2664,27.4983,27.5726,27.1404,27.7332,27.7097,27.4914,27.0398,27.2047,27.3006,27.7544,27.0378,27.517,27.1272,27.1958,27.2374,26.9379,27.9576,27.5944,27.5434,27.4106,27.2381,27.1439,27.1181,27.0054,27.7596,27.3513,27.2734,27.2697,27.1902,27.4217,26.9176,27.8151,27.577,28.1082,27.8937,26.8111,27.2001,27.1964,27.2502,27.559,26.5017,28.076,27.5703,27.376,27.358,27.2818,27.1911,27.349,27.7109,27.5191,26.9219,27.3235,27.134,27.274,27.9203,26.4644,28.4937,27.7231,27.5655,27.4918,27.0944,27.7684,27.3266,27.8247,27.6304,27.2138
122,1:04:55 PM,27.0519,27.1326,27.2564,27.4952,27.2426,27.0821,27.4105,27.3736,27.3629,27.3028,27.3377,27.3974,27.6542,27.6027,27.4404,27.2875,27.2856,27.3546,27.4885,27.3463,27.6055,27.306,27.1955,27.2393,26.8533,27.4712,27.5876,27.5292,27.4212,27.1224,27.5002,27.405,27.4921,27.5976,27.4108,27.6624,27.431,27.614,27.5877,27.6036,27.2045,27.3733,27.8977,27.7563,27.3983,27.4262,27.5052,27.5708,27.0686,26.8573,27.6769,27.3434,27.3837,28.2562,27.4768,27.5152,27.1632,27.6994,27.664,27.5183,27.128,27.2445,27.3496,27.7852,27.0808,27.5386,27.1457,27.1693,27.2411,26.9465,27.9375,27.5936,27.5948,27.427,27.2206,27.1698,27.2006,27.0297,27.7732,27.3784,27.2785,27.2919,27.2042,27.4644,26.9225,27.7723,27.5179,28.1312,27.9016,26.8276,27.2742,27.2483,27.2679,27.6079,26.4966,28.1082,27.5791,27.3664,27.3815,27.2679,27.1435,27.3004,27.6872,27.5358,26.8382,27.3196,27.172,27.2842,27.9504,26.4435,28.512,27.7514,27.6143,27.5217,27.0911,27.663,27.3724,27.85,27.6598,27.2001
123,1:05:15 PM,27.1317,27.1311,27.2214,27.5032,27.3218,27.0612,27.4175,27.4082,27.3462,27.2454,27.3194,27.4759,27.5676,27.5735,27.3853,27.2955,27.2557,27.412,27.5505,27.3637,27.5781,27.2442,27.2129,27.2296,26.8135,27.4944,27.5894,27.5818,27.3948,27.0565,27.5019,27.368,27.4194,27.6191,27.4784,27.6366,27.3824,27.5764,27.6571,27.5797,27.2191,27.3991,27.9624,27.7159,27.4468,27.4706,27.4798,27.583,27.0199,26.8436,27.7297,27.3508,27.3414,28.294,27.5102,27.5117,27.1375,27.7288,27.6598,27.4668,27.1038,27.1852,27.3845,27.7331,27.0889,27.4733,27.2038,27.1407,27.2383,26.9785,27.9244,27.5503,27.6247,27.4261,27.1786,27.176,27.2274,26.9741,27.7424,27.3345,27.2579,27.2366,27.1989,27.4668,26.9629,27.7472,27.4793,28.111,27.9121,26.8981,27.2595,27.2186,27.2715,27.6249,26.5254,28.1477,27.5974,27.4189,27.4022,27.3356,27.1402,27.2781,27.7345,27.5422,26.8736,27.3278,27.1155,27.2937,27.9104,26.4747,28.5212,27.6821,27.5654,27.5052,27.0036,27.682,27.3626,27.7795,27.6499,27.1991
124,1:05:35 PM,27.0828,27.1401,27.2706,27.5454,27.2781,26.9801,27.3352,27.4386,27.4088,27.2653,27.355,27.4279,27.5837,27.6093,27.4366,27.311,27.2552,27.4113,27.5622,27.3228,27.6648,27.3034,27.2199,27.2945,26.89,27.4746,27.6032,27.5838,27.4605,27.0763,27.4506,27.3449,27.471,27.5889,27.442,27.6724,27.402,27.5953,27.6288,27.5837,27.268,27.3919,27.9827,27.7227,27.3845,27.4344,27.4965,27.56,27.0811,26.8223,27.6411,27.2845,27.3299,28.3097,27.5166,27.5426,27.1796,27.6397,27.7368,27.5431,27.1242,27.2189,27.3101,27.751,27.0803,27.4835,27.1895,27.1773,27.2318,26.9028,27.9427,27.5886,27.6125,27.446,27.2626,27.1497,27.1017,26.9325,27.7558,27.3018,27.2946,27.2888,27.1737,27.4029,26.9331,27.7222,27.5926,28.0356,27.9454,26.8071,27.1936,27.2276,27.26,27.6341,26.5617,28.11,27.6293,27.4104,27.3834,27.3133,27.1867,27.3416,27.6443,27.5795,26.9065,27.2965,27.1476,27.3182,27.9743,26.4104,28.4918,27.7069,27.5274,27.5063,27.0928,27.721,27.3444,27.799,27.6514,27.2013
125,1:05:55 PM,27.1104,27.1316,27.2481,27.4988,27.3058,27.0818,27.4038,27.4458,27.313,27.2932,27.3955,27.4481,27.6078,27.6316,27.387,27.2507,27.2287,27.3919,27.5508,27.3634,27.6108,27.2563,27.2324,27.3465,26.8142,27.4671,27.5825,27.5613,27.4341,27.1278,27.5577,27.3348,27.4261,27.5467,27.5205,27.5888,27.4184,27.6274,27.5885,27.6013,27.2314,27.4182,27.8978,27.7122,27.4581,27.4255,27.4641,27.5427,27.0969,26.8359,27.6811,27.3274,27.3381,28.3246,27.4409,27.6296,27.1243,27.7146,27.6926,27.4945,27.0758,27.1898,27.2858,27.7375,27.0791,27.4979,27.1972,27.1543,27.2046,26.9543,27.88,27.544,27.6334,27.4179,27.2133,27.2624,27.0972,26.9704,27.7311,27.3688,27.2491,27.2844,27.1989,27.4379,26.9181,27.7722,27.5474,28.0837,27.859,26.8899,27.1918,27.2512,27.3429,27.6613,26.5257,28.1113,27.6186,27.3662,27.3766,27.3241,27.232,27.3424,27.7151,27.6121,26.9074,27.3438,27.1181,27.3395,27.9376,26.4656,28.5598,27.7368,27.5731,27.5511,27.0717,27.6786,27.3893,27.7954,27.6951,27.2498
126,1:06:15 PM,27.1428,27.1506,27.2674,27.4911,27.319,27.0391,27.3752,27.4296,27.4258,27.3245,27.419,27.4485,27.5905,27.5736,27.4242,27.3449,27.2456,27.4301,27.571,27.358,27.6128,27.28,27.2642,27.3306,26.8556,27.4962,27.5053,27.5408,27.4257,27.1355,27.4727,27.4028,27.4162,27.5451,27.4443,27.6869,27.3817,27.6043,27.602,27.6113,27.2349,27.4309,27.9451,27.7208,27.4047,27.4753,27.4266,27.6032,27.0878,26.8324,27.688,27.2961,27.3209,28.2909,27.4972,27.5076,27.1707,27.7351,27.6773,27.4217,27.1025,27.2203,27.4085,27.8266,27.0756,27.4463,27.1697,27.1418,27.2361,26.9241,27.8971,27.626,27.586,27.4493,27.2624,27.1902,27.1186,27.007,27.7971,27.3631,27.3203,27.2531,27.1825,27.4156,26.9186,27.7668,27.5277,28.0249,27.8898,26.8464,27.2153,27.216,27.223,27.6879,26.5339,28.0663,27.6037,27.3961,27.3309,27.38,27.2111,27.368,27.697,27.5574,26.8921,27.3122,27.0918,27.3714,27.9646,26.4554,28.4931,27.694,27.5813,27.521,27.0918,27.7455,27.3753,27.7518,27.7105,27.2192
127,1:06:35 PM,27.1328,27.1084,27.3192,27.522,27.2959,27.0214,27.3635,27.358,27.3961,27.365,27.3589,27.4618,27.6248,27.6185,27.39,27.3125,27.2989,27.4172,27.5029,27.3587,27.6077,27.3275,27.2472,27.2748,26.8611,27.482,27.5307,27.5588,27.3787,27.1221,27.5446,27.408,27.4696,27.5809,27.4385,27.6367,27.338,27.5664,27.6725,27.5795,27.1954,27.3838,27.9665,27.6952,27.4263,27.4578,27.5067,27.583,27.0287,26.8471,27.6993,27.3464,27.3941,28.2481,27.4988,27.5672,27.1319,27.735,27.6801,27.4322,27.1478,27.1992,27.3689,27.7731,27.1279,27.5268,27.2044,27.2114,27.2143,26.995,27.9102,27.559,27.6152,27.4034,27.2403,27.1872,27.1355,26.9701,27.7406,27.3851,27.2516,27.3605,27.1796,27.44,26.9155,27.7931,27.4838,28.0552,27.8993,26.818,27.1918,27.242,27.2994,27.613,26.5765,28.0848,27.6213,27.3658,27.3463,27.3275,27.199,27.3577,27.7685,27.6286,26.9108,27.3234,27.1194,27.3394,27.9229,26.4741,28.5437,27.7794,27.6009,27.5794,27.0641,27.74,27.3859,27.7732,27.6489,27.1744
128,1:06:55 PM,27.1251,27.0851,27.2835,27.4806,27.2427,27.0622,27.4169,27.3822,27.383,27.3587,27.3425,27.4449,27.5893,27.6281,27.4324,27.2956,27.2589,27.4264,27.6191,27.3584,27.6407,27.2841,27.1982,27.2343,26.8819,27.5186,27.57,27.5314,27.3381,27.0952,27.5124,27.4334,27.485,27.5397,27.3857,27.6357,27.3971,27.6357,27.6617,27.5178,27.2343,27.3277,28.0185,27.7505,27.4832,27.4518,27.5176,27.5885,27.017,26.9025,27.6668,27.395,27.4965,28.2675,27.4599,27.5571,27.1763,27.7151,27.7071,27.4779,27.1437,27.1939,27.3548,27.7761,27.1453,27.4972,27.2038,27.176,27.1991,26.9635,27.9041,27.5616,27.5797,27.4859,27.2815,27.1798,27.1248,26.9479,27.7782,27.406,27.2816,27.3018,27.2227,27.4745,26.9335,27.7309,27.6086,28.0985,27.8413,26.8634,27.1894,27.1867,27.2704,27.595,26.5881,28.0758,27.609,27.3944,27.3342,27.362,27.1566,27.322,27.6727,27.5835,26.8728,27.3003,27.0895,27.3235,27.9851,26.4587,28.4677,27.6874,27.546,27.5411,27.1233,27.7042,27.3446,27.8361,27.6437,27.2003
129,1:07:15 PM,27.1471,27.1371,27.2188,27.4797,27.3219,27.0833,27.3635,27.4065,27.3639,27.3251,27.353,27.4466,27.629,27.6258,27.3754,27.2679,27.2631,27.3773,27.5721,27.3812,27.5464,27.2626,27.2609,27.2778,26.8522,27.5029,27.5723,27.51,27.404,27.1664,27.5386,27.4178,27.4463,27.535,27.4682,27.6217,27.4103,27.6124,27.6667,27.5775,27.2503,27.4064,27.9956,27.7259,27.429,27.4634,27.448,27.6215,27.0517,26.9236,27.6744,27.3973,27.5264,28.2392,27.5452,27.6154,27.1515,27.7049,27.7163,27.6015,27.108,27.238,27.3419,27.7856,27.1348,27.4969,27.1626,27.1738,27.2662,26.8876,27.9901,27.5857,27.5976,27.4145,27.2753,27.1406,27.1475,26.9633,27.7767,27.3611,27.2609,27.3091,27.2082,27.4787,26.9479,27.7617,27.5588,28.117,27.8899,26.9045,27.1871,27.1996,27.2746,27.6277,26.5797,28.1101,27.625,27.401,27.3349,27.3842,27.1957,27.3272,27.6996,27.5458,26.9135,27.3347,27.1637,27.2935,27.9697,26.497,28.4964,27.6828,27.5773,27.5199,27.1242,27.7296,27.3635,27.8214,27.6468,27.1825
130,1:07:35 PM,27.0727,27.1052,27.2257,27.4852,27.3365,27.103,27.4236,27.3632,27.3739,27.3263,27.3512,27.4254,27.5733,27.5869,27.479,27.2987,27.2932,27.366,27.5254,27.3224,27.5823,27.404,27.171,27.2916,26.8274,27.5009,27.5834,27.5203,27.44,27.1171,27.404,27.4189,27.4501,27.6181,27.4432,27.6499,27.3903,27.5436,27.6444,27.5832,27.2418,27.4311,27.9058,27.7251,27.4517,27.4719,27.5206,27.6438,27.0804,26.8841,27.7228,27.3472,27.5527,28.284,27.4934,27.578,27.1239,27.7832,27.7638,27.5983,27.1344,27.1716,27.3593,27.7507,27.1215,27.4481,27.155,27.1914,27.2654,26.941,27.9126,27.5508,27.5879,27.3761,27.2813,27.135,27.1323,27.0286,27.8299,27.4533,27.3183,27.3068,27.1875,27.5018,26.9287,27.741,27.5396,28.1018,27.9132,26.8934,27.2433,27.2329,27.2829,27.6027,26.6173,28.1523,27.5664,27.3755,27.3188,27.3702,27.2399,27.2791,27.6779,27.5675,26.8906,27.3581,27.1298,27.3368,27.9074,26.5328,28.4852,27.7222,27.5605,27.5105,27.1349,27.7175,27.3923,27.8582,27.7199,27.2167
131,1:07:55 PM,27.0943,27.2011,27.2552,27.4969,27.2995,27.0562,27.3628,27.3481,27.4674,27.3327,27.3507,27.3828,27.6056,27.5677,27.4242,27.2944,27.2208,27.3647,27.563,27.3828,27.6409,27.3154,27.2167,27.3319,26.8735,27.4452,27.5426,27.5211,27.4459,27.1189,27.4723,27.3729,27.5092,27.5235,27.4096,27.6645,27.4469,27.6109,27.6284,27.576,27.2445,27.3091,27.9718,27.7438,27.4152,27.4458,27.4777,27.5977,27.0959,26.9085,27.6749,27.3983,27.5909,28.2593,27.5238,27.5985,27.1288,27.7575,27.7233,27.6701,27.1076,27.2233,27.3378,27.7562,27.092,27.5016,27.2029,27.1976,27.268,26.9321,27.916,27.5581,27.5939,27.3448,27.2657,27.2272,27.1346,26.9407,27.8038,27.424,27.3206,27.293,27.1639,27.4525,27.0074,27.7312,27.5881,28.0711,27.8945,26.8823,27.2367,27.2315,27.2805,27.6602,26.5958,28.1283,27.6235,27.473,27.3292,27.3597,27.2066,27.3282,27.717,27.5502,26.9307,27.3553,27.1154,27.3319,27.9766,26.4939,28.4751,27.7007,27.5381,27.5257,27.0799,27.7134,27.3926,27.7841,27.6393,27.221
132,1:08:15 PM,27.174,27.1122,27.2664,27.444,27.2874,27.0815,27.3779,27.4019,27.3833,27.3447,27.2928,27.4431,27.5786,27.5985,27.4474,27.3061,27.2371,27.4499,27.4903,27.3711,27.5693,27.318,27.2489,27.3299,26.8492,27.4949,27.5436,27.5401,27.4122,27.1446,27.4603,27.3834,27.5027,27.5444,27.4541,27.599,27.3882,27.5733,27.5867,27.6101,27.225,27.3655,27.9321,27.7218,27.4808,27.4351,27.4882,27.5893,27.0427,26.9003,27.7094,27.3453,27.6661,28.3058,27.5355,27.5816,27.1525,27.7059,27.7373,27.6134,27.1217,27.2108,27.3671,27.8122,27.043,27.5536,27.1421,27.2423,27.2797,26.9885,27.9401,27.597,27.5881,27.4237,27.2524,27.1652,27.1764,27.0452,27.8026,27.3523,27.2632,27.2541,27.1845,27.4764,26.9358,27.7132,27.5219,28.0703,27.8781,26.8586,27.2142,27.2883,27.2522,27.6687,26.6124,28.1212,27.6561,27.378,27.351,27.3122,27.1244,27.3341,27.6938,27.5764,26.9337,27.3636,27.1354,27.3251,27.9826,26.4618,28.5224,27.7191,27.5272,27.5481,27.1032,27.6733,27.3067,27.7502,27.6799,27.2157
133,1:08:35 PM,27.1133,27.1168,27.2092,27.4488,27.3373,27.0262,27.3841,27.3649,27.3834,27.3474,27.3329,27.4232,27.6368,27.5586,27.4559,27.3089,27.2544,27.4361,27.5549,27.3632,27.6062,27.3066,27.2132,27.335,26.8706,27.5041,27.5466,27.5388,27.4322,27.1316,27.483,27.3711,27.5208,27.539,27.4581,27.6495,27.4044,27.5934,27.6264,27.5974,27.2184,27.3555,27.9619,27.7131,27.5122,27.4542,27.5558,27.6147,27.0953,26.9186,27.726,27.4813,27.686,28.208,27.4803,27.588,27.1656,27.7555,27.7351,27.6346,27.0735,27.1594,27.358,27.7816,27.0279,27.508,27.1774,27.2356,27.2294,26.9661,27.9449,27.5762,27.6188,27.4055,27.3243,27.1319,27.1283,27.006,27.7914,27.4125,27.2941,27.31,27.2245,27.4741,27.0001,27.7728,27.5713,28.0906,27.8914,26.8565,27.2613,27.2253,27.2805,27.6286,26.5585,28.0864,27.6619,27.4313,27.3752,27.3029,27.2201,27.3391,27.7312,27.5549,26.9017,27.3118,27.1539,27.3182,27.9707,26.4718,28.5459,27.7132,27.5953,27.5272,27.1521,27.6677,27.3171,27.8015,27.6853,27.2509
134,1:08:55 PM,27.109,27.1663,27.2862,27.4677,27.336,27.0063,27.3941,27.4266,27.3829,27.3437,27.3188,27.4519,27.6157,27.6128,27.4175,27.3017,27.2665,27.3919,27.5625,27.3416,27.6112,27.3541,27.265,27.3233,26.8014,27.5045,27.5959,27.5059,27.3649,27.1359,27.4951,27.3878,27.4539,27.5491,27.4335,27.6656,27.3791,27.6005,27.6123,27.5909,27.2053,27.4058,27.9587,27.6986,27.459,27.4759,27.4702,27.617,27.0571,26.8738,27.6807,27.3761,27.6995,28.1669,27.5316,27.5406,27.1842,27.7616,27.7189,27.7145,27.0883,27.1737,27.3413,27.751,27.1115,27.5663,27.1981,27.2057,27.2358,26.9683,27.9283,27.6016,27.6143,27.4574,27.2529,27.1572,27.1247,27.0068,27.7807,27.371,27.3113,27.3307,27.2116,27.4208,26.9682,27.815,27.5731,28.1243,27.9259,26.8952,27.2413,27.2645,27.2144,27.6585,26.5667,28.0951,27.6866,27.3834,27.3571,27.3364,27.1704,27.3192,27.7306,27.5804,26.9202,27.3517,27.1192,27.344,28.0174,26.4542,28.5011,27.7126,27.6465,27.5925,27.0917,27.6713,27.347,27.8413,27.6832,27.2298
135,1:09:15 PM,27.0882,27.2058,27.2425,27.496,27.3365,26.999,27.3834,27.3839,27.3804,27.3539,27.4026,27.4266,27.6012,27.5826,27.4387,27.234,27.2647,27.4328,27.5142,27.3822,27.5812,27.3494,27.2225,27.36,26.8339,27.5083,27.5743,27.5045,27.4249,27.1867,27.5012,27.3523,27.572,27.5153,27.3911,27.6377,27.4224,27.5749,27.6289,27.6647,27.2195,27.4539,27.9435,27.7424,27.4799,27.5083,27.4965,27.6003,27.0737,26.861,27.7125,27.3986,27.7179,28.1292,27.5456,27.5973,27.1201,27.7776,27.7886,27.7605,27.1343,27.1928,27.3878,27.736,27.1059,27.5285,27.1736,27.199,27.2311,27.0217,27.9399,27.5705,27.6709,27.4652,27.2814,27.2116,27.1667,26.9708,27.7837,27.4439,27.2369,27.299,27.1775,27.4539,26.9092,27.778,27.5694,28.0614,27.8793,26.866,27.2738,27.2251,27.2013,27.5878,26.5947,28.1049,27.634,27.3998,27.3568,27.3523,27.2212,27.3012,27.7085,27.5573,26.9352,27.3403,27.1651,27.3506,27.9546,26.5288,28.5235,27.7103,27.5962,27.5122,27.1366,27.667,27.378,27.8347,27.6391,27.2257
136,1:09:35 PM,27.0423,27.1567,27.2634,27.5202,27.3114,27.068,27.3884,27.3881,27.3984,27.3429,27.3258,27.4056,27.573,27.6369,27.3811,27.3207,27.2513,27.4063,27.6143,27.3248,27.6412,27.3653,27.208,27.3566,26.8336,27.5083,27.5564,27.4916,27.3698,27.204,27.4401,27.4625,27.4966,27.5944,27.396,27.6549,27.3454,27.5752,27.5699,27.6444,27.2521,27.4076,27.9373,27.7448,27.4343,27.4923,27.4835,27.64,27.1419,26.8885,27.701,27.4692,27.7085,28.0142,27.5326,27.6029,27.203,27.7583,27.7868,27.7037,27.1304,27.203,27.3578,27.8015,27.1506,27.5336,27.1853,27.2154,27.2234,27.0104,27.9356,27.6108,27.6111,27.4229,27.2394,27.1514,27.1131,27.008,27.7873,27.4511,27.2741,27.3072,27.1621,27.3355,26.9654,27.7571,27.5608,28.0803,27.9139,26.9492,27.1756,27.2125,27.284,27.6343,26.5433,28.0695,27.6354,27.4143,27.4133,27.3328,27.1963,27.309,27.6879,27.5905,26.9197,27.4306,27.1189,27.3557,27.9139,26.5443,28.4625,27.7482,27.5554,27.5393,27.1859,27.6923,27.3517,27.8429,27.6633,27.243
137,1:09:55 PM,27.1355,27.1531,27.2669,27.5162,27.3201,27.027,27.3948,27.4557,27.4018,27.338,27.3258,27.4656,27.6023,27.6445,27.462,27.3444,27.3209,27.4183,27.563,27.3003,27.6415,27.3451,27.2499,27.3882,26.9267,27.4923,27.5837,27.4893,27.3986,27.1787,27.5051,27.434,27.5244,27.5474,27.3841,27.656,27.4325,27.617,27.6204,27.6459,27.2372,27.4108,27.9775,27.6842,27.4363,27.4296,27.5041,27.5779,27.1029,26.9048,27.74,27.5141,27.8897,28.1273,27.4737,27.5665,27.1159,27.7906,27.8315,27.7383,27.1405,27.1543,27.29,27.7405,27.1509,27.5632,27.1914,27.2197,27.2625,27.0171,27.9527,27.6342,27.6316,27.3989,27.2286,27.1519,27.1242,26.9913,27.8502,27.3783,27.203,27.3279,27.2017,27.3951,26.9431,27.7451,27.5997,28.0997,27.9043,26.8601,27.222,27.224,27.2233,27.6536,26.6529,28.0945,27.6312,27.3936,27.3249,27.3548,27.1747,27.299,27.7211,27.6198,26.895,27.4131,27.1826,27.3451,27.8967,26.509,28.4759,27.7136,27.5756,27.5232,27.1458,27.6615,27.3672,27.778,27.6799,27.1986
138,1:10:15 PM,27.176,27.1503,27.3269,27.522,27.3074,27.066,27.4183,27.3782,27.4095,27.3838,27.3998,27.4375,27.6046,27.6812,27.4819,27.2804,27.2488,27.4498,27.553,27.3413,27.6357,27.372,27.2291,27.3375,26.8781,27.4666,27.5472,27.4685,27.4002,27.1295,27.506,27.3512,27.4672,27.5665,27.386,27.6453,27.4358,27.5991,27.5456,27.6092,27.2668,27.3792,28.0196,27.7916,27.4241,27.4847,27.484,27.5736,27.1116,26.9051,27.7048,27.5701,27.8793,28.0471,27.4355,27.5361,27.0971,27.7425,27.8714,27.8145,27.1265,27.2042,27.3838,27.7674,27.1301,27.5349,27.1377,27.1891,27.2521,26.9663,27.9159,27.5974,27.6204,27.4301,27.319,27.2176,27.1523,26.9836,27.794,27.4709,27.3101,27.2846,27.1756,27.4596,26.9541,27.7385,27.5638,28.0796,27.8728,26.9535,27.1832,27.2706,27.2631,27.66,26.584,28.1779,27.6542,27.4403,27.3997,27.3424,27.2589,27.3005,27.7221,27.5549,26.9592,27.3967,27.2009,27.3207,27.9194,26.5216,28.5657,27.8012,27.5437,27.5052,27.1696,27.7066,27.3538,27.7813,27.6574,27.2358
139,1:10:35 PM,27.1131,27.2066,27.277,27.4433,27.3,27.0054,27.4092,27.4301,27.3863,27.3548,27.3856,27.4649,27.5829,27.6559,27.4675,27.284,27.2807,27.4243,27.6017,27.398,27.6275,27.3628,27.2761,27.3328,26.8245,27.435,27.5723,27.5018,27.3814,27.2013,27.4643,27.3817,27.4494,27.6182,27.4255,27.6819,27.39,27.5904,27.59,27.5724,27.2724,27.3929,27.9562,27.7137,27.4032,27.4172,27.4216,27.6065,27.084,26.8999,27.7056,27.654,27.9598,27.9916,27.4531,27.6383,27.174,27.7248,27.8197,27.7671,27.1165,27.2592,27.3685,27.7408,27.0793,27.5133,27.1285,27.187,27.2417,27.0054,27.9811,27.572,27.6338,27.4224,27.3009,27.1972,27.1493,27.011,27.744,27.4041,27.2952,27.3022,27.2139,27.4089,26.9241,27.7364,27.6341,28.0552,27.8378,26.8382,27.2572,27.3043,27.2246,27.6861,26.6153,28.0868,27.645,27.4452,27.3077,27.3507,27.2327,27.3258,27.7036,27.6381,26.8801,27.4,27.1906,27.379,27.959,26.5095,28.5864,27.7386,27.5376,27.5056,27.1696,27.778,27.3592,27.7794,27.7145,27.2455
140,1:10:55 PM,27.1377,27.1348,27.2142,27.5789,27.3338,27.0991,27.4095,27.3926,27.4137,27.3918,27.3347,27.485,27.5687,27.5865,27.4626,27.3087,27.2304,27.3596,27.6032,27.366,27.6422,27.3429,27.2646,27.3343,26.8735,27.5066,27.5598,27.482,27.4246,27.1609,27.5322,27.3745,27.5178,27.5994,27.4817,27.5477,27.4172,27.5687,27.5212,27.5684,27.3105,27.3727,27.9556,27.7152,27.4725,27.4622,27.5082,27.6337,27.105,26.8631,27.6657,27.6281,27.9374,27.979,27.4924,27.5693,27.1691,27.7779,27.8211,27.7454,27.0947,27.2268,27.3282,27.7618,27.0906,27.4696,27.1416,27.182,27.2008,27.0392,27.9884,27.5921,27.6262,27.4616,27.318,27.1283,27.1217,26.9374,27.8014,27.3812,27.2933,27.2925,27.233,27.4742,26.9804,27.7766,27.5745,28.0971,27.9338,26.8857,27.2261,27.2643,27.2527,27.6838,26.6095,28.1563,27.679,27.4117,27.3666,27.3267,27.2491,27.3318,27.7392,27.5565,26.9311,27.434,27.1797,27.3664,27.9881,26.4615,28.5216,27.7866,27.5245,27.5263,27.1154,27.7332,27.394,27.7759,27.6277,27.2879
141,1:11:15 PM,27.1147,27.1632,27.2938,27.4504,27.2418,27.047,27.3999,27.4253,27.4015,27.336,27.2604,27.4619,27.6576,27.6331,27.4401,27.3196,27.2532,27.4244,27.5818,27.3374,27.6496,27.3336,27.2142,27.3267,26.827,27.5132,27.5939,27.4917,27.3682,27.1884,27.5143,27.4261,27.4726,27.5873,27.4059,27.6803,27.4108,27.6115,27.5465,27.609,27.2045,27.3904,27.9244,27.7514,27.4431,27.4653,27.5344,27.5923,27.0867,26.9164,27.7494,27.5768,27.9087,27.99,27.4207,27.6029,27.2008,27.7683,27.8505,27.7624,27.1675,27.1716,27.3241,27.7611,27.1379,27.5238,27.1669,27.2032,27.2044,26.9966,27.9777,27.5883,27.6246,27.5318,27.2812,27.2102,27.1842,26.9836,27.8072,27.4379,27.2537,27.291,27.2235,27.4817,26.9788,27.8018,27.5574,28.1196,27.8888,26.9289,27.2253,27.2139,27.2476,27.6106,26.6182,28.1368,27.7182,27.3842,27.3192,27.3737,27.2898,27.3384,27.7295,27.6028,26.9074,27.4252,27.2705,27.4264,27.984,26.4338,28.5787,27.8261,27.5929,27.5546,27.1157,27.7697,27.3878,27.7904,27.7573,27.2989
142,1:11:35 PM,27.1438,27.1172,27.2134,27.4761,27.3269,27.0167,27.4315,27.4322,27.4449,27.3548,27.3956,27.4065,27.6111,27.624,27.4152,27.3247,27.2762,27.3429,27.597,27.2979,27.6029,27.3785,27.2183,27.3328,26.8733,27.5137,27.5664,27.4655,27.4546,27.1839,27.4726,27.4093,27.4871,27.649,27.4123,27.6842,27.4513,27.5302,27.5475,27.6345,27.2157,27.4365,28.0068,27.7535,27.4648,27.439,27.4904,27.5908,27.0612,26.9324,27.7283,27.5159,27.8797,27.8889,27.391,27.5809,27.237,27.8437,27.8715,27.7338,27.1416,27.1822,27.3874,27.7009,27.1335,27.4882,27.1568,27.2163,27.2559,26.994,27.9631,27.6539,27.6033,27.42,27.2909,27.1866,27.1574,26.9611,27.771,27.429,27.2787,27.3483,27.1955,27.5001,26.9027,27.7608,27.5505,28.0732,27.9469,26.8623,27.2834,27.2472,27.2821,27.643,26.5828,28.162,27.6797,27.3927,27.3646,27.3419,27.2716,27.3804,27.7167,27.5927,26.9097,27.4406,27.2307,27.3659,28.0251,26.5045,28.5682,27.7827,27.5645,27.6017,27.1092,27.8066,27.4267,27.8066,27.6411,27.2074
143,1:11:55 PM,27.1188,27.1823,27.2467,27.4682,27.2723,27.0531,27.4155,27.3966,27.4325,27.3664,27.3233,27.5013,27.6024,27.5836,27.4476,27.2825,27.2722,27.4279,27.5845,27.2817,27.5946,27.4043,27.2478,27.3251,26.8455,27.5364,27.6277,27.4376,27.4355,27.1914,27.4875,27.4783,27.4505,27.6335,27.317,27.6523,27.4582,27.5651,27.5631,27.6633,27.2275,27.4701,28.0403,27.7521,27.4335,27.4336,27.5257,27.6613,27.1464,26.9015,27.707,27.5524,27.8653,27.8185,27.4097,27.5979,27.1718,27.7866,27.8345,27.6721,27.1433,27.2373,27.362,27.8082,27.127,27.5642,27.2865,27.198,27.3015,26.9447,28.0091,27.6303,27.6292,27.503,27.3214,27.2072,27.1873,27.0144,27.8253,27.4311,27.2358,27.3748,27.2328,27.5015,26.9738,27.783,27.5957,28.0909,27.9215,26.868,27.2511,27.2522,27.2498,27.5971,26.5257,28.203,27.6852,27.4135,27.3853,27.338,27.2182,27.3753,27.7316,27.5817,26.9124,27.4292,27.2111,27.3801,27.9904,26.5505,28.5053,27.7436,27.6116,27.5133,27.0809,27.783,27.3893,27.8523,27.6927,27.245
144,1:12:15 PM,27.158,27.1865,27.2608,27.559,27.3061,27.0783,27.4595,27.3987,27.4077,27.3263,27.3985,27.4356,27.5588,27.6048,27.4292,27.3203,27.3225,27.4501,27.6189,27.3514,27.5876,27.4072,27.2894,27.3285,26.8472,27.5374,27.6277,27.461,27.4288,27.1809,27.5263,27.4009,27.5318,27.6271,27.3596,27.6524,27.4314,27.5974,27.6114,27.6201,27.2611,27.4211,28.0304,27.7337,27.4642,27.5292,27.4941,27.6088,27.0945,26.8802,27.6736,27.5924,27.7677,27.7225,27.3814,27.6478,27.2064,27.7677,27.8763,27.6098,27.218,27.2168,27.3714,27.7895,27.1437,27.5115,27.1568,27.1494,27.2746,26.9442,27.9823,27.6548,27.5788,27.5032,27.2945,27.2524,27.2131,27.0559,27.849,27.4057,27.2839,27.3716,27.2667,27.4872,26.9183,27.7762,27.6067,28.0924,27.8345,26.8159,27.2859,27.2842,27.2617,27.5888,26.5555,28.1865,27.7185,27.4203,27.3739,27.3077,27.2933,27.3633,27.6994,27.6152,26.9738,27.4665,27.2241,27.4218,27.9523,26.5321,28.5653,27.7705,27.57,27.6056,27.0743,27.7482,27.3836,27.8012,27.6824,27.2678
145,1:12:35 PM,27.1127,27.1572,27.2696,27.5459,27.2808,27.1201,27.5004,27.3446,27.4092,27.3654,27.3902,27.5164,27.5934,27.5672,27.3814,27.3261,27.3183,27.3623,27.594,27.286,27.6647,27.4449,27.2266,27.2868,26.8361,27.5569,27.5725,27.4736,27.4496,27.1595,27.4867,27.4021,27.4838,27.6449,27.3544,27.7195,27.4684,27.5558,27.5612,27.6375,27.2758,27.4825,28.0383,27.7251,27.4904,27.4247,27.5089,27.6314,27.1167,26.9032,27.6673,27.5401,27.7457,27.6089,27.3721,27.6545,27.2711,27.7232,27.8392,27.632,27.1448,27.288,27.354,27.7556,27.1182,27.5295,27.228,27.217,27.2291,27.0749,27.9651,27.6541,27.6198,27.463,27.2822,27.2661,27.2223,26.9948,27.7681,27.4498,27.27,27.3267,27.1772,27.5178,26.9688,27.7598,27.6161,28.0981,27.8979,26.8599,27.2733,27.245,27.1915,27.6625,26.5524,28.1756,27.6798,27.3495,27.3932,27.2854,27.2826,27.274,27.6945,27.6245,26.8793,27.4132,27.2381,27.39,27.9942,26.4681,28.5318,27.7275,27.5842,27.5686,27.2012,27.7976,27.3368,27.822,27.7077,27.2629
146,1:12:55 PM,27.0993,27.2001,27.2781,27.497,27.2636,27.0927,27.4705,27.3635,27.4695,27.2976,27.4173,27.4987,27.5623,27.5392,27.3804,27.3489,27.3675,27.3789,27.5732,27.2307,27.6092,27.4103,27.2603,27.3175,26.8509,27.49,27.6178,27.4734,27.3643,27.2069,27.4522,27.4535,27.529,27.5849,27.2842,27.6843,27.4457,27.6536,27.6303,27.6157,27.2809,27.4741,27.9865,27.7556,27.4088,27.4898,27.5367,27.6865,27.0658,26.8858,27.7359,27.5062,27.6954,27.5527,27.4284,27.6704,27.2255,27.7863,27.8211,27.5925,27.1525,27.2529,27.3274,27.7664,27.1483,27.5003,27.2287,27.2293,27.2586,27.0099,27.9848,27.6364,27.6556,27.5035,27.1985,27.2167,27.1887,26.9794,27.8529,27.3774,27.2964,27.2872,27.247,27.4918,26.9527,27.802,27.5895,28.0788,27.9168,26.8911,27.2221,27.3092,27.2594,27.6188,26.5943,28.2041,27.6826,27.4155,27.3882,27.2892,27.2881,27.3755,27.7592,27.5645,26.922,27.4814,27.2766,27.4178,27.9742,26.4747,28.5643,27.7452,27.59,27.5444,27.1452,27.7341,27.312,27.8681,27.6564,27.2498
147,1:13:15 PM,27.0965,27.1209,27.2255,27.522,27.2931,27.0161,27.4699,27.4209,27.3641,27.2297,27.3721,27.4581,27.6454,27.614,27.3852,27.352,27.3562,27.3504,27.5777,27.2822,27.6033,27.4117,27.2543,27.3623,26.8578,27.559,27.6332,27.4862,27.4453,27.1222,27.4543,27.4529,27.5004,27.5795,27.3617,27.6349,27.4431,27.5578,27.6124,27.6245,27.3002,27.4672,27.9805,27.7357,27.4032,27.4768,27.5753,27.6221,27.1657,26.8845,27.7759,27.531,27.6812,27.5529,27.3032,27.6193,27.1765,27.7604,27.8579,27.5789,27.1715,27.2774,27.375,27.8016,27.1168,27.5634,27.2034,27.214,27.1746,27.0041,27.9487,27.6449,27.6495,27.4324,27.249,27.167,27.1993,26.9816,27.8473,27.3405,27.3257,27.2855,27.1968,27.495,26.9297,27.7744,27.5754,28.0877,27.8622,26.8553,27.2941,27.2884,27.317,27.639,26.5265,28.1673,27.6516,27.4077,27.348,27.2998,27.2926,27.353,27.7272,27.5624,26.8413,27.4218,27.2423,27.3915,27.983,26.435,28.5024,27.7608,27.6377,27.5103,27.1024,27.7336,27.4629,27.8259,27.6277,27.2941
148,1:13:35 PM,27.0806,27.2048,27.2952,27.4989,27.3102,27.086,27.4984,27.4229,27.4305,27.2955,27.3895,27.5357,27.5377,27.5376,27.3596,27.3412,27.2714,27.3917,27.5899,27.2258,27.7078,27.3668,27.264,27.2984,26.8533,27.5307,27.6586,27.5221,27.4021,27.1481,27.4655,27.4392,27.4785,27.6129,27.3626,27.6267,27.4167,27.6239,27.6124,27.5917,27.2724,27.4946,27.9226,27.7883,27.4213,27.4661,27.5511,27.6326,27.0931,26.8937,27.7424,27.4916,27.6056,27.5334,27.305,27.6517,27.2342,27.7489,27.8333,27.526,27.1262,27.2407,27.3893,27.8196,27.1227,27.5825,27.1914,27.1921,27.1962,26.9988,28.0068,27.6608,27.6065,27.4269,27.2468,27.2438,27.2358,26.928,27.7723,27.3481,27.2279,27.3733,27.1692,27.4544,26.9256,27.7787,27.5599,28.122,27.8511,26.8405,27.2486,27.3025,27.1713,27.6228,26.5893,28.1524,27.6653,27.4654,27.3829,27.1995,27.3134,27.3212,27.7289,27.584,26.8823,27.4797,27.2874,27.3466,27.9591,26.5151,28.6123,27.7825,27.5525,27.6063,27.0917,27.7393,27.3935,27.8248,27.6357,27.2627
149,1:13:55 PM,27.0947,27.1973,27.2543,27.529,27.3238,27.1017,27.4261,27.4153,27.4205,27.2913,27.4141,27.4862,27.5749,27.5853,27.3768,27.346,27.2982,27.4202,27.6145,27.2823,27.6297,27.3801,27.2464,27.3335,26.8547,27.5436,27.5802,27.5135,27.4533,27.1458,27.5059,27.4878,27.5343,27.6197,27.3024,27.6376,27.4752,27.5839,27.5824,27.6112,27.3439,27.5214,27.9514,27.7243,27.3789,27.5245,27.5223,27.6035,27.0897,26.958,27.7761,27.5095,27.7157,27.5317,27.2919,27.674,27.1722,27.77,27.8457,27.5751,27.1386,27.2541,27.375,27.75,27.1019,27.57,27.1237,27.1298,27.2769,26.9772,27.9447,27.6759,27.6062,27.4292,27.2336,27.2568,27.1739,27.0244,27.797,27.3852,27.3037,27.3554,27.191,27.5064,26.9778,27.7727,27.577,28.0824,27.8121,26.8444,27.2377,27.2148,27.2007,27.6229,26.5515,28.2113,27.6996,27.4693,27.3302,27.2464,27.2521,27.3336,27.7019,27.5031,26.9235,27.4345,27.2047,27.3998,27.9515,26.4721,28.499,27.7652,27.5892,27.4807,27.127,27.7663,27.4535,27.8305,27.6088,27.2634
150,1:14:15 PM,27.0943,27.1407,27.2487,27.5315,27.2667,27.0758,27.4469,27.3814,27.428,27.2924,27.4652,27.4644,27.5841,27.5397,27.3939,27.431,27.2886,27.4268,27.526,27.2485,27.6671,27.3907,27.1941,27.2591,26.7428,27.5027,27.6601,27.4995,27.413,27.1439,27.4505,27.4641,27.4564,27.6487,27.2866,27.6746,27.4596,27.5392,27.4925,27.6013,27.2425,27.4695,27.989,27.7283,27.4376,27.5397,27.5451,27.6519,27.109,26.9487,27.7187,27.499,27.5956,27.4638,27.3087,27.6499,27.196,27.8195,27.7808,27.5327,27.1878,27.215,27.3443,27.7576,27.1239,27.542,27.1748,27.2405,27.2587,27.0017,28.097,27.6256,27.6054,27.4884,27.2109,27.2592,27.1925,26.9455,27.8254,27.3207,27.279,27.3057,27.2385,27.48,26.8656,27.7751,27.5505,28.0909,27.8645,26.8143,27.2554,27.2782,27.2869,27.5835,26.5141,28.224,27.7399,27.3842,27.3361,27.2487,27.2983,27.3633,27.7014,27.5652,26.951,27.426,27.252,27.3986,27.9481,26.4825,28.537,27.7566,27.5979,27.5006,27.1224,27.7308,27.4144,27.8358,27.6263,27.2561
151,1:14:35 PM,27.1435,27.1839,27.281,27.4989,27.2624,27.0796,27.4344,27.372,27.3924,27.3351,27.353,27.4895,27.5898,27.5754,27.3373,27.3008,27.3313,27.3823,27.5417,27.2691,27.6438,27.3892,27.2717,27.2954,26.8448,27.5911,27.652,27.5551,27.4106,27.1297,27.4895,27.4205,27.5129,27.6413,27.2492,27.6823,27.4694,27.635,27.5496,27.5611,27.2779,27.4342,27.9637,27.7549,27.4008,27.5135,27.5324,27.6047,27.1158,26.8818,27.7684,27.5425,27.6215,27.5211,27.3042,27.6638,27.1928,27.7926,27.7995,27.5783,27.169,27.2536,27.3539,27.7231,27.077,27.5682,27.1745,27.1767,27.2161,26.9421,28.0137,27.6345,27.6172,27.4649,27.1249,27.1989,27.2218,26.9849,27.8083,27.3791,27.2519,27.3844,27.2603,27.4877,26.9229,27.8524,27.6322,28.0811,27.8595,26.7499,27.2544,27.2772,27.2965,27.5628,26.5507,28.2244,27.6835,27.45,27.3424,27.2184,27.2225,27.3761,27.698,27.5728,26.8812,27.4444,27.2073,27.4166,27.9414,26.4439,28.5323,27.7861,27.5703,27.5836,27.1193,27.7949,27.3483,27.8083,27.6251,27.3016
152,1:14:55 PM,27.1027,27.1879,27.2454,27.529,27.2883,26.9887,27.458,27.3911,27.4328,27.3235,27.4565,27.5254,27.5607,27.6141,27.3869,27.3395,27.3018,27.4088,27.496,27.2314,27.6424,27.3868,27.3211,27.2641,26.7806,27.5768,27.6427,27.5461,27.4009,27.166,27.4831,27.4806,27.4792,27.6784,27.2464,27.6912,27.5122,27.5229,27.5717,27.5349,27.2413,27.5127,27.9412,27.7738,27.4109,27.5063,27.6093,27.6695,27.1298,26.8715,27.7421,27.5182,27.5465,27.4761,27.3012,27.6395,27.2498,27.7298,27.7746,27.5827,27.1987,27.2494,27.3171,27.7504,27.0347,27.54,27.2204,27.2136,27.2415,26.9678,27.9654,27.6546,27.5974,27.4009,27.1717,27.2213,27.2014,26.9969,27.8734,27.3763,27.2608,27.359,27.2249,27.5004,26.8578,27.787,27.6026,28.0916,27.8799,26.7594,27.2743,27.29,27.2327,27.545,26.5259,28.2419,27.7074,27.4112,27.3515,27.2317,27.2185,27.3241,27.6908,27.5382,26.8838,27.4234,27.2313,27.3965,27.9216,26.4257,28.543,27.6926,27.5546,27.5182,27.0715,27.8068,27.4237,27.834,27.6,27.1597
153,1:15:15 PM,27.1038,27.1734,27.1947,27.5012,27.1722,27.0833,27.4993,27.297,27.3711,27.2753,27.4205,27.4955,27.6003,27.5548,27.3457,27.3976,27.3272,27.3955,27.5495,27.228,27.6782,27.3894,27.2788,27.2787,26.8449,27.5168,27.6449,27.4712,27.3935,27.1278,27.4237,27.4565,27.4774,27.6483,27.2808,27.6507,27.467,27.5833,27.5632,27.5065,27.242,27.4802,27.9155,27.7492,27.3573,27.4668,27.5353,27.6276,27.0983,26.8958,27.735,27.5563,27.5741,27.4086,27.2764,27.6085,27.236,27.7331,27.793,27.4831,27.1329,27.2547,27.3802,27.6758,27.082,27.5331,27.2239,27.2034,27.2042,26.9782,27.9703,27.5829,27.6598,27.4197,27.1913,27.1496,27.1914,27.0092,27.7701,27.3874,27.2142,27.3577,27.2588,27.4438,26.9091,27.7548,27.6397,28.1119,27.8146,26.7792,27.2297,27.3203,27.2219,27.5481,26.5406,28.1524,27.6858,27.376,27.2639,27.188,27.2259,27.3454,27.7234,27.4949,26.8437,27.3609,27.2475,27.3497,27.9085,26.4289,28.5393,27.7572,27.5637,27.4729,27.1981,27.7437,27.4364,27.8661,27.5898,27.2508
154,1:15:35 PM,27.0953,27.1608,27.2432,27.5707,27.2806,27.1044,27.444,27.4328,27.4536,27.3134,27.4071,27.4616,27.5477,27.4677,27.3473,27.325,27.3601,27.385,27.5393,27.2025,27.6201,27.3877,27.2329,27.2532,26.7561,27.5682,27.6666,27.523,27.4095,27.1178,27.4537,27.4458,27.4617,27.5995,27.2521,27.7169,27.4188,27.5669,27.5682,27.536,27.3174,27.4203,27.8979,27.7078,27.3911,27.4881,27.5577,27.5955,27.0415,26.8651,27.6998,27.4889,27.5323,27.3581,27.2527,27.6419,27.2194,27.7294,27.7623,27.4876,27.1615,27.186,27.336,27.7507,27.0826,27.5387,27.1705,27.1767,27.2035,26.902,27.9839,27.6319,27.636,27.4041,27.186,27.1883,27.1708,26.9826,27.7953,27.3351,27.3004,27.3294,27.2386,27.474,26.9128,27.7307,27.6125,28.0901,27.7679,26.7945,27.2083,27.2567,27.2595,27.5125,26.4904,28.1751,27.6253,27.3834,27.2522,27.1844,27.2204,27.3575,27.6725,27.5506,26.8276,27.3588,27.2252,27.3957,27.9614,26.4332,28.518,27.7107,27.5555,27.5511,27.081,27.7578,27.4168,27.8269,27.6161,27.2221
155,1:15:55 PM,27.1681,27.1953,27.1883,27.5366,27.2293,27.0709,27.4632,27.3824,27.3887,27.2462,27.2933,27.4961,27.6096,27.5613,27.2826,27.3539,27.3521,27.3721,27.567,27.1983,27.627,27.342,27.2726,27.2884,26.833,27.5215,27.6067,27.4982,27.447,27.1427,27.4779,27.4659,27.4234,27.5866,27.2456,27.6592,27.4901,27.601,27.5675,27.494,27.3027,27.4293,27.8955,27.7021,27.3864,27.5631,27.5189,27.5756,27.1073,26.8658,27.7042,27.5107,27.5114,27.3781,27.2432,27.6088,27.2403,27.7596,27.7101,27.5172,27.1163,27.2557,27.397,27.7228,27.0305,27.5646,27.1886,27.1895,27.2102,26.9202,28.0097,27.5882,27.6131,27.3996,27.1988,27.2181,27.2256,27.0341,27.7466,27.3625,27.2231,27.3322,27.216,27.404,26.8789,27.7393,27.5885,28.0847,27.7986,26.7794,27.2518,27.2806,27.2739,27.5622,26.4623,28.2065,27.6403,27.4011,27.3119,27.1928,27.1606,27.3341,27.6549,27.524,26.8023,27.3879,27.2183,27.3892,27.9718,26.3898,28.5371,27.7761,27.5901,27.544,27.072,27.7616,27.3785,27.9064,27.6285,27.1991
156,1:16:15 PM,27.1016,27.17,27.2079,27.5014,27.2414,27.1122,27.4657,27.3667,27.3381,27.2603,27.3537,27.487,27.5349,27.5957,27.2088,27.298,27.2865,27.4133,27.4855,27.2193,27.6502,27.4217,27.2265,27.2501,26.7827,27.5328,27.6336,27.4712,27.4147,27.1151,27.4215,27.4168,27.4704,27.6248,27.2273,27.6333,27.5054,27.5637,27.5215,27.5618,27.3008,27.51,27.9008,27.7593,27.3186,27.4937,27.5295,27.6268,27.091,26.905,27.7443,27.5127,27.5853,27.2942,27.2215,27.6099,27.1604,27.7677,27.6658,27.4756,27.1682,27.2486,27.3895,27.727,27.0472,27.576,27.2395,27.1542,27.1946,26.8953,27.9919,27.615,27.6414,27.4408,27.2056,27.1654,27.1681,27.028,27.8351,27.3541,27.248,27.2958,27.1834,27.4189,26.8639,27.7084,27.6205,28.0248,27.7719,26.7154,27.2238,27.2793,27.2273,27.5726,26.4715,28.1549,27.7095,27.372,27.2799,27.1692,27.2388,27.3253,27.6583,27.5432,26.8787,27.4442,27.2279,27.3313,27.9536,26.3923,28.528,27.7655,27.5209,27.525,27.0448,27.7813,27.4024,27.8355,27.6396,27.2061
157,1:16:35 PM,27.1111,27.2109,27.182,27.456,27.2177,27.0925,27.4395,27.414,27.3546,27.2539,27.3964,27.4454,27.5724,27.5567,27.2738,27.2642,27.2807,27.3739,27.4853,27.2397,27.6007,27.406,27.1993,27.2106,26.7798,27.4818,27.6149,27.443,27.4071,27.0758,27.4501,27.4238,27.487,27.5718,27.2628,27.6543,27.4763,27.5905,27.5289,27.4798,27.3038,27.413,27.9578,27.7198,27.3817,27.5141,27.4904,27.5933,27.1221,26.8891,27.7672,27.4627,27.4957,27.3167,27.2067,27.6731,27.147,27.7666,27.7515,27.5153,27.1932,27.213,27.3364,27.7192,27.0171,27.5374,27.1685,27.2242,27.2031,26.9517,28.0082,27.6738,27.584,27.3942,27.1544,27.1847,27.1811,26.9537,27.7708,27.3337,27.2438,27.3205,27.2199,27.439,26.8796,27.7604,27.5782,28.0354,27.7906,26.7307,27.2777,27.247,27.1855,27.5116,26.4748,28.1367,27.6817,27.4641,27.2853,27.1857,27.2337,27.3599,27.6714,27.5334,26.8785,27.4041,27.2229,27.3475,27.8967,26.4278,28.5728,27.7474,27.6057,27.4998,27.0927,27.7045,27.419,27.7981,27.5412,27.1844
158,1:16:55 PM,27.0587,27.2144,27.1979,27.463,27.1887,27.0212,27.4428,27.411,27.3549,27.2447,27.3439,27.4905,27.5708,27.5182,27.3202,27.3306,27.3172,27.3812,27.5077,27.1506,27.6395,27.3844,27.2402,27.2207,26.791,27.5341,27.646,27.4555,27.4108,27.065,27.4325,27.4176,27.4359,27.6319,27.226,27.6219,27.4498,27.5797,27.5276,27.4933,27.2895,27.4224,27.9581,27.6716,27.3298,27.5273,27.5506,27.6311,27.0642,26.8542,27.7264,27.4687,27.4756,27.3466,27.2036,27.6043,27.2281,27.7417,27.723,27.4526,27.102,27.215,27.3116,27.7219,27.0127,27.5765,27.1871,27.1655,27.2054,26.928,28.0382,27.6472,27.5759,27.4596,27.0918,27.1608,27.2301,26.9709,27.8158,27.3244,27.2298,27.2827,27.1664,27.4868,26.862,27.7528,27.5729,28.0223,27.8366,26.7094,27.2031,27.3575,27.2409,27.5543,26.4691,28.143,27.713,27.3636,27.2845,27.1828,27.2747,27.332,27.6449,27.5341,26.7916,27.3814,27.2607,27.2945,27.8816,26.4525,28.5462,27.6766,27.572,27.4826,27.0823,27.798,27.4258,27.7979,27.5913,27.2026
159,1:17:15 PM,27.1294,27.2,27.228,27.4818,27.1754,27.0565,27.4244,27.3984,27.3846,27.1943,27.3893,27.4531,27.5158,27.5169,27.2452,27.287,27.3244,27.3845,27.5187,27.1657,27.6473,27.3908,27.1701,27.244,26.8119,27.5392,27.652,27.4702,27.4055,27.1277,27.5074,27.4333,27.4926,27.6999,27.2175,27.6415,27.3819,27.5481,27.489,27.5221,27.2528,27.4197,27.9646,27.7214,27.3381,27.5399,27.5349,27.5568,27.0247,26.8619,27.7589,27.4764,27.5682,27.2809,27.209,27.6054,27.1242,27.7063,27.7008,27.358,27.1176,27.2415,27.2946,27.7236,27.0027,27.5704,27.1867,27.1316,27.2023,26.9104,28.0217,27.6119,27.6446,27.4077,27.1754,27.2177,27.1473,26.9411,27.8333,27.274,27.2106,27.3277,27.2067,27.4973,26.8864,27.7916,27.6103,28.0598,27.7312,26.6803,27.3082,27.2571,27.217,27.5472,26.4781,28.166,27.704,27.409,27.2211,27.0787,27.2732,27.3828,27.7101,27.5151,26.8349,27.3846,27.2525,27.3471,27.8387,26.4256,28.5133,27.7602,27.5664,27.4933,27.077,27.8396,27.4276,27.7652,27.5673,27.2323
160,1:17:35 PM,27.1585,27.2008,27.1819,27.4819,27.1985,27.0369,27.488,27.3919,27.3744,27.2807,27.3616,27.4581,27.5473,27.5819,27.2687,27.391,27.2228,27.3754,27.4822,27.1977,27.5486,27.3788,27.2697,27.1327,26.7603,27.5322,27.624,27.4245,27.3679,27.0834,27.4038,27.4482,27.5108,27.5742,27.1796,27.6497,27.4756,27.4887,27.5418,27.4821,27.2683,27.4572,27.9234,27.7087,27.3502,27.4535,27.5383,27.6335,27.0459,26.7992,27.7515,27.4381,27.4537,27.3388,27.2313,27.5658,27.161,27.7118,27.7089,27.4272,27.1283,27.1847,27.3481,27.7175,27.0594,27.5619,27.1902,27.1687,27.1841,26.9572,27.9559,27.6435,27.5912,27.4243,27.0998,27.1963,27.1578,27.0196,27.8095,27.2896,27.1908,27.2439,27.214,27.4721,26.8446,27.7773,27.5764,28.1004,27.685,26.6802,27.2325,27.3352,27.2799,27.5462,26.4328,28.1546,27.6967,27.3723,27.2599,27.033,27.2252,27.3638,27.6491,27.4708,26.8696,27.4301,27.2382,27.3102,27.8689,26.4244,28.5452,27.7641,27.5656,27.5503,27.096,27.7947,27.3962,27.779,27.5105,27.1629
161,1:17:55 PM,27.1568,27.1227,27.2328,27.4081,27.2054,27.0491,27.4365,27.4216,27.3705,27.1951,27.3666,27.4125,27.5985,27.554,27.243,27.405,27.3015,27.3507,27.4948,27.118,27.6464,27.3524,27.2583,27.1959,26.7063,27.5167,27.6184,27.3922,27.3996,27.0876,27.4347,27.4312,27.4245,27.59,27.2175,27.6526,27.4443,27.6212,27.4766,27.5117,27.2889,27.4447,27.9178,27.7185,27.3539,27.4998,27.5049,27.6133,27.0792,26.8171,27.7157,27.4394,27.43,27.2452,27.1682,27.5947,27.1874,27.7743,27.704,27.4362,27.1246,27.2817,27.334,27.6432,27.003,27.5539,27.1983,27.1746,27.212,26.8445,28.0144,27.5859,27.6501,27.4168,27.1144,27.195,27.2258,26.9974,27.7962,27.2666,27.2059,27.2827,27.2294,27.5091,26.8809,27.7749,27.6594,28.026,27.7204,26.6803,27.245,27.295,27.1793,27.5169,26.496,28.1137,27.6536,27.375,27.286,27.0991,27.3091,27.3762,27.7064,27.5691,26.8499,27.4409,27.2203,27.3461,27.8654,26.4171,28.563,27.8211,27.5786,27.5348,27.0462,27.7756,27.4287,27.7625,27.603,27.1973
162,1:18:15 PM,27.116,27.1607,27.1749,27.4854,27.2411,27.0398,27.4642,27.3851,27.3612,27.2125,27.3443,27.4457,27.5588,27.5099,27.2268,27.3544,27.3055,27.284,27.5328,27.158,27.6841,27.3839,27.229,27.1942,26.7436,27.536,27.6133,27.4317,27.3765,27.0394,27.382,27.3899,27.4774,27.6177,27.2247,27.6685,27.4395,27.5148,27.4989,27.4734,27.2022,27.3897,27.8768,27.7637,27.3237,27.4666,27.501,27.6084,27.0049,26.8093,27.7925,27.4328,27.4311,27.2288,27.1278,27.6283,27.218,27.7473,27.7487,27.3893,27.1729,27.2514,27.3195,27.6207,26.9983,27.5644,27.1946,27.182,27.215,26.925,27.9853,27.7134,27.5567,27.4843,27.0921,27.2241,27.2015,26.9448,27.7886,27.2861,27.2267,27.3692,27.1436,27.5014,26.8507,27.8451,27.6888,28.0146,27.7109,26.7027,27.2444,27.2678,27.1607,27.4556,26.3675,28.1924,27.6883,27.335,27.2918,27.0994,27.2461,27.3017,27.6214,27.5048,26.8009,27.381,27.2218,27.3781,27.9383,26.3777,28.5796,27.7858,27.572,27.5401,27.1081,27.779,27.3991,27.7807,27.5495,27.2199
163,1:18:35 PM,27.1328,27.1273,27.2057,27.4254,27.1764,27.0757,27.4316,27.3259,27.4055,27.1986,27.3367,27.4835,27.5966,27.5514,27.2108,27.344,27.2727,27.3936,27.4949,27.1025,27.6387,27.372,27.2965,27.2369,26.7435,27.5726,27.622,27.4182,27.3969,27.0437,27.3929,27.4079,27.431,27.6104,27.2595,27.6296,27.4633,27.609,27.5176,27.4521,27.3023,27.437,27.9,27.6753,27.3774,27.5096,27.5396,27.6131,27.0714,26.735,27.7737,27.4586,27.444,27.2709,27.1535,27.6454,27.1757,27.7741,27.704,27.4246,27.0915,27.1973,27.4085,27.6739,27.0623,27.5033,27.1908,27.1648,27.158,26.9099,27.9975,27.6045,27.5655,27.3833,27.0804,27.2097,27.2128,26.9441,27.8102,27.3034,27.2035,27.3097,27.2021,27.5222,26.8623,27.8621,27.5919,28.0,27.72,26.6688,27.2673,27.3137,27.2053,27.4681,26.4674,28.1735,27.7254,27.3154,27.2785,27.123,27.3034,27.3345,27.706,27.483,26.8309,27.4443,27.1923,27.347,27.8816,26.4071,28.5923,27.7698,27.5507,27.5026,27.1584,27.8402,27.4703,27.754,27.5551,27.1753
164,1:18:55 PM,27.1317,27.1536,27.2173,27.4583,27.2071,27.0479,27.4176,27.3427,27.3406,27.1828,27.3667,27.4452,27.4894,27.4883,27.2298,27.2717,27.3023,27.3597,27.4843,27.1504,27.6153,27.351,27.2224,27.2282,26.7252,27.5363,27.6237,27.3992,27.3229,27.0566,27.3707,27.3891,27.4309,27.6245,27.2238,27.6532,27.5118,27.5065,27.4569,27.4198,27.2371,27.4126,27.8907,27.6752,27.2222,27.5574,27.4878,27.6122,26.9729,26.8395,27.7879,27.4871,27.4037,27.1499,27.1592,27.6663,27.2465,27.7611,27.7006,27.4068,27.1183,27.2011,27.3373,27.6911,27.0019,27.5724,27.1997,27.1691,27.1698,26.9261,28.0371,27.6496,27.5957,27.3869,27.0868,27.225,27.1684,26.9507,27.7761,27.2431,27.1843,27.3074,27.2175,27.4721,26.8679,27.8703,27.6654,28.0496,27.6701,26.6535,27.283,27.3079,27.1729,27.4763,26.4321,28.1575,27.7017,27.3731,27.1857,27.1212,27.2916,27.3225,27.5869,27.4395,26.8173,27.432,27.2368,27.3725,27.936,26.3719,28.5909,27.7766,27.5113,27.5343,27.1115,27.7858,27.3905,27.7723,27.5181,27.181
165,1:19:15 PM,27.1314,27.1858,27.1654,27.4671,27.196,26.9783,27.4024,27.3724,27.321,27.238,27.408,27.4539,27.5602,27.4641,27.2302,27.3197,27.2704,27.3726,27.5341,27.1166,27.6124,27.394,27.2284,27.1604,26.6861,27.54,27.5984,27.3908,27.3474,26.9914,27.3801,27.3892,27.416,27.6626,27.2018,27.7134,27.4334,27.5754,27.496,27.42,27.2449,27.4093,27.8747,27.6713,27.2602,27.51,27.5091,27.5717,27.0652,26.7685,27.7394,27.5079,27.3859,27.2312,27.1321,27.6249,27.1424,27.7474,27.6614,27.3633,27.1085,27.1946,27.3483,27.6299,27.0092,27.5543,27.2119,27.218,27.1407,26.8605,27.9417,27.6552,27.5192,27.428,27.096,27.2391,27.1611,26.9776,27.7078,27.2732,27.1969,27.3454,27.1627,27.4762,26.8777,27.8679,27.5376,28.001,27.6913,26.6604,27.3323,27.3253,27.2097,27.5243,26.463,28.2306,27.7383,27.4028,27.2568,27.1235,27.2711,27.3219,27.6658,27.5406,26.7782,27.4577,27.2293,27.3183,27.8498,26.3623,28.4966,27.7913,27.5044,27.5364,27.1459,27.8423,27.4048,27.747,27.5425,27.1081
166,1:19:35 PM,27.067,27.1791,27.1656,27.4334,27.189,27.0527,27.4128,27.3621,27.3817,27.127,27.3255,27.3941,27.5856,27.4823,27.2123,27.4124,27.3305,27.3196,27.458,27.0231,27.668,27.359,27.1815,27.1208,26.6819,27.5726,27.6721,27.4471,27.3496,27.0451,27.4239,27.3894,27.4672,27.5243,27.2013,27.6609,27.4215,27.5615,27.5046,27.4285,27.2543,27.4336,27.8735,27.696,27.2806,27.5246,27.5254,27.5764,27.0027,26.7838,27.7338,27.4278,27.3617,27.1789,27.1504,27.6064,27.1668,27.7164,27.6417,27.3757,27.1022,27.2325,27.265,27.6278,26.9769,27.5423,27.1765,27.1025,27.1698,26.8489,28.0129,27.6538,27.591,27.3774,27.0897,27.2289,27.1932,26.9866,27.7736,27.2267,27.212,27.339,27.1765,27.5386,26.9035,27.7806,27.6194,28.0124,27.7292,26.6336,27.2463,27.3092,27.1926,27.4583,26.4071,28.2116,27.7073,27.3608,27.1994,27.0639,27.3244,27.3716,27.649,27.5025,26.8096,27.4071,27.2346,27.3343,27.8919,26.3702,28.5251,27.7719,27.5301,27.4282,27.0702,27.825,27.4178,27.7376,27.541,27.1643
167,1:19:55 PM,27.1303,27.2464,27.173,27.4426,27.1596,27.0858,27.4971,27.3564,27.4155,27.1603,27.3665,27.3977,27.5175,27.4585,27.2012,27.3159,27.3235,27.2978,27.4965,27.1307,27.675,27.3818,27.2031,27.1512,26.6711,27.5246,27.5919,27.4305,27.3459,26.9969,27.3513,27.471,27.4006,27.6482,27.1931,27.6625,27.4031,27.5114,27.5611,27.4829,27.2774,27.3751,27.9274,27.6595,27.3499,27.514,27.5348,27.5382,27.05,26.7938,27.7096,27.4244,27.35,27.1081,27.1204,27.6581,27.1879,27.6976,27.6206,27.3405,27.1761,27.1948,27.4022,27.6182,26.9948,27.5318,27.2305,27.1727,27.19,26.8376,27.978,27.5932,27.6326,27.3672,27.0659,27.2404,27.1921,26.9379,27.7391,27.2542,27.1409,27.3372,27.1273,27.5017,26.9146,27.8365,27.6228,28.0967,27.7171,26.6981,27.3063,27.3374,27.1563,27.5287,26.4556,28.1702,27.7128,27.343,27.2401,27.0618,27.2637,27.364,27.6233,27.4852,26.7613,27.3893,27.2427,27.338,27.8569,26.4098,28.6294,27.7285,27.5162,27.4888,27.1314,27.7964,27.3858,27.658,27.4982,27.1211
168,1:20:15 PM,27.1198,27.1494,27.2102,27.4467,27.1577,27.0315,27.3878,27.3396,27.3246,27.1455,27.3379,27.4556,27.5407,27.4677,27.2279,27.311,27.3278,27.2727,27.4934,27.1364,27.663,27.3796,27.1818,27.1527,26.6946,27.6156,27.6107,27.4574,27.3713,27.0079,27.3588,27.453,27.4631,27.616,27.1612,27.7091,27.4749,27.519,27.5212,27.4741,27.3041,27.4023,27.8664,27.7007,27.2452,27.4672,27.5536,27.604,27.0421,26.7747,27.7085,27.4637,27.3717,27.1488,27.144,27.5885,27.1915,27.7007,27.6923,27.3793,27.1034,27.2038,27.3598,27.6801,27.0115,27.6111,27.2227,27.2073,27.1724,26.8497,27.9926,27.6628,27.5717,27.3307,27.0671,27.2076,27.1273,26.9952,27.7569,27.2337,27.1525,27.3558,27.1703,27.4626,26.8412,27.7942,27.6095,28.012,27.7413,26.6843,27.2707,27.2645,27.1857,27.4563,26.3558,28.1685,27.7116,27.3331,27.23,27.0517,27.2879,27.375,27.6827,27.4989,26.8273,27.3878,27.2408,27.344,27.9382,26.3586,28.5678,27.7629,27.5868,27.4424,27.1391,27.8397,27.3964,27.7485,27.5852,27.1537
169,1:20:35 PM,27.1496,27.1692,27.1492,27.4329,27.1672,27.0511,27.4879,27.317,27.3565,27.1508,27.418,27.4378,27.525,27.4695,27.2198,27.2971,27.2882,27.3324,27.4911,27.084,27.7211,27.4095,27.2612,27.2016,26.6712,27.5792,27.6704,27.4319,27.3313,27.004,27.4143,27.4243,27.4367,27.5954,27.1754,27.6695,27.4485,27.5426,27.4685,27.4541,27.1955,27.3916,27.9093,27.6697,27.3025,27.5193,27.4868,27.5616,27.0259,26.8386,27.7649,27.4782,27.3467,27.1345,27.1257,27.6098,27.1892,27.6799,27.5809,27.4078,27.1578,27.2202,27.3298,27.6559,26.9957,27.5393,27.2642,27.199,27.1994,26.8751,27.9948,27.6027,27.5667,27.4551,27.1015,27.1941,27.1102,26.9882,27.8168,27.2349,27.1599,27.3164,27.1707,27.4987,26.8479,27.8291,27.6349,28.0748,27.7241,26.6598,27.2764,27.3325,27.2092,27.4574,26.3544,28.1789,27.6609,27.325,27.1622,27.0791,27.2918,27.307,27.622,27.5268,26.8728,27.3789,27.1858,27.4159,27.9079,26.3529,28.5614,27.7576,27.6052,27.4852,27.1384,27.7659,27.4213,27.7753,27.4943,27.1206
170,1:20:55 PM,27.0918,27.1878,27.1152,27.4216,27.1597,27.027,27.4158,27.3138,27.3402,27.1777,27.3869,27.414,27.5227,27.5124,27.2376,27.2918,27.3113,27.3187,27.4434,27.1944,27.6962,27.3957,27.2058,27.1441,26.6766,27.5676,27.5938,27.3956,27.3701,26.9974,27.4147,27.4336,27.4022,27.6016,27.1308,27.6467,27.427,27.4735,27.4613,27.4363,27.2767,27.4204,27.9232,27.6756,27.2635,27.4885,27.5418,27.6367,27.0313,26.7817,27.6881,27.4424,27.3288,27.081,27.1376,27.6504,27.1515,27.6826,27.66,27.359,27.1598,27.2064,27.2965,27.6217,26.9942,27.5457,27.1796,27.2018,27.1483,26.9115,27.9505,27.6483,27.558,27.3957,26.9752,27.2579,27.1338,26.9805,27.8223,27.2124,27.162,27.3165,27.2213,27.4285,26.8199,27.8043,27.6047,28.0453,27.7057,26.6486,27.2872,27.3272,27.1949,27.4918,26.3298,28.2234,27.7208,27.3534,27.202,27.1241,27.2459,27.3029,27.6711,27.5453,26.7572,27.4177,27.2282,27.2766,27.8478,26.3495,28.5978,27.7431,27.5665,27.4887,27.0685,27.7996,27.3966,27.7309,27.5289,27.1262
171,1:21:15 PM,27.119,27.2031,27.1688,27.4647,27.102,27.1089,27.4412,27.3905,27.2711,27.1511,27.4101,27.4242,27.4617,27.4288,27.2189,27.3364,27.2506,27.3911,27.4387,27.0916,27.6929,27.3532,27.2181,27.1682,26.7018,27.4578,27.6572,27.4225,27.3445,26.9955,27.4032,27.4821,27.4123,27.5822,27.0905,27.6408,27.4211,27.5137,27.4186,27.4504,27.2383,27.475,27.8859,27.6212,27.2561,27.4995,27.5408,27.5598,26.9998,26.7548,27.7405,27.4392,27.3434,27.1569,27.1026,27.6413,27.2108,27.6809,27.6366,27.3564,27.1244,27.2123,27.2485,27.6494,26.9518,27.5695,27.1883,27.1575,27.1229,26.8203,27.9658,27.6289,27.5978,27.3712,27.0582,27.1962,27.1905,26.9583,27.7438,27.2637,27.1596,27.3626,27.1711,27.5117,26.8116,27.7632,27.6028,27.9834,27.7387,26.6481,27.2827,27.2903,27.2048,27.4775,26.4118,28.2061,27.6702,27.3454,27.1413,27.0946,27.2996,27.3421,27.6592,27.5093,26.8186,27.3634,27.2253,27.296,27.8943,26.3458,28.5611,27.7883,27.5825,27.4527,27.1099,27.7999,27.4522,27.7691,27.5298,27.1008
172,1:21:35 PM,27.0392,27.1643,27.1715,27.4561,27.1067,27.0859,27.4345,27.3555,27.3165,27.1772,27.4076,27.5095,27.5161,27.4612,27.1502,27.2782,27.2794,27.3803,27.4233,27.082,27.6793,27.3081,27.1902,27.1394,26.63,27.5295,27.5918,27.3867,27.3479,27.0004,27.3622,27.4681,27.3992,27.6237,27.1513,27.5865,27.4331,27.4494,27.4821,27.4257,27.2771,27.4053,27.8565,27.6306,27.3256,27.5454,27.5187,27.582,26.9888,26.7621,27.706,27.4193,27.3264,27.092,27.0895,27.5693,27.1701,27.6508,27.6336,27.3049,27.1272,27.1712,27.3149,27.6581,26.9406,27.5366,27.2193,27.1773,27.0759,26.8156,27.9988,27.6083,27.5862,27.3783,27.0043,27.2463,27.2115,26.9483,27.7718,27.1942,27.1283,27.3148,27.1531,27.4809,26.8845,27.7951,27.6465,28.0435,27.6872,26.6812,27.3344,27.3081,27.1922,27.4708,26.3369,28.162,27.7126,27.3601,27.1694,27.055,27.2849,27.4109,27.6938,27.5086,26.7879,27.4523,27.2108,27.3442,27.872,26.3375,28.557,27.7059,27.569,27.4657,27.0997,27.7978,27.4186,27.7737,27.5109,27.1309
173,1:21:55 PM,27.1107,27.1706,27.2172,27.4418,27.2031,27.0793,27.4201,27.3539,27.3137,27.1747,27.438,27.4501,27.5513,27.4996,27.2019,27.3156,27.2674,27.3324,27.5013,27.0858,27.649,27.3059,27.129,27.1274,26.7164,27.5471,27.6693,27.4015,27.3485,26.9982,27.3746,27.4867,27.5028,27.626,27.1583,27.6939,27.488,27.5449,27.4464,27.4044,27.2663,27.433,27.8848,27.6693,27.2805,27.4956,27.5656,27.5813,26.9732,26.7109,27.7436,27.4452,27.2926,27.0559,27.0872,27.6126,27.168,27.6665,27.6963,27.3008,27.1677,27.2551,27.2856,27.5955,26.9907,27.5211,27.2217,27.172,27.1931,26.8506,27.9929,27.6315,27.5493,27.3593,27.1028,27.2153,27.2357,26.9235,27.7887,27.2373,27.1856,27.3359,27.1338,27.4662,26.784,27.8138,27.6554,27.98,27.7886,26.6954,27.2699,27.3319,27.1556,27.4788,26.364,28.1813,27.6352,27.3382,27.1543,27.0339,27.2526,27.3491,27.608,27.4479,26.8387,27.4114,27.1999,27.4036,27.8454,26.3421,28.5459,27.7428,27.5413,27.489,27.0582,27.8553,27.4255,27.7373,27.5489,27.1382
174,1:22:15 PM,27.1178,27.1938,27.1385,27.4283,27.1722,27.0425,27.3835,27.3703,27.2811,27.1674,27.3788,27.4969,27.4885,27.4464,27.1915,27.3331,27.2334,27.2531,27.4314,27.1099,27.5674,27.3845,27.1542,27.1905,26.692,27.4709,27.5818,27.4298,27.3925,26.9683,27.3034,27.373,27.4265,27.6737,27.1006,27.6973,27.4244,27.5294,27.4867,27.4477,27.2956,27.4076,27.8323,27.6128,27.2575,27.5046,27.5451,27.5469,26.9606,26.8299,27.7626,27.4153,27.2896,27.1079,27.0801,27.609,27.1337,27.6141,27.5797,27.2785,27.1428,27.1797,27.2594,27.6436,26.9627,27.5849,27.2089,27.1048,27.126,26.8458,27.9986,27.6146,27.5084,27.3052,27.0628,27.2465,27.1882,26.9697,27.7713,27.2127,27.1817,27.3267,27.1332,27.5441,26.8295,27.8159,27.5983,28.0197,27.7042,26.6514,27.2657,27.3031,27.1987,27.4686,26.3392,28.2104,27.6968,27.3617,27.1708,27.022,27.28,27.3675,27.6715,27.5071,26.8474,27.4141,27.1213,27.3261,27.8547,26.3398,28.5772,27.6901,27.5505,27.4327,26.9842,27.7474,27.4393,27.7334,27.5506,27.145
175,1:22:35 PM,27.1258,27.2005,27.1664,27.3553,27.1299,27.0476,27.406,27.3905,27.3388,27.0909,27.464,27.42,27.5289,27.4433,27.1534,27.3205,27.2744,27.355,27.4316,27.0796,27.6553,27.3316,27.2066,27.1707,26.7033,27.5626,27.6749,27.4452,27.3793,26.9287,27.4027,27.4541,27.4273,27.6192,27.1659,27.6603,27.4384,27.5523,27.4526,27.3893,27.2934,27.3641,27.8815,27.628,27.2507,27.4588,27.5111,27.5967,27.0093,26.7616,27.7457,27.4777,27.2913,27.0374,27.0735,27.5765,27.15,27.6488,27.599,27.298,27.1527,27.1863,27.3031,27.5936,26.9425,27.5624,27.1912,27.1451,27.1302,26.871,28.0022,27.6034,27.5822,27.3325,27.0255,27.2207,27.1478,26.926,27.7818,27.2287,27.17,27.3105,27.1588,27.5394,26.8206,27.8657,27.5985,28.0555,27.7204,26.6954,27.2714,27.2827,27.2087,27.4585,26.3868,28.1394,27.6443,27.4336,27.2382,27.0466,27.2604,27.3006,27.611,27.455,26.7805,27.4214,27.1968,27.3358,27.8114,26.3377,28.6049,27.7235,27.6006,27.4363,27.0229,27.7383,27.4562,27.7247,27.5126,27.1292
176,1:22:55 PM,27.1263,27.1753,27.188,27.4236,27.1649,27.0861,27.3998,27.3291,27.3392,27.1101,27.3691,27.5218,27.5186,27.4712,27.2074,27.3779,27.3201,27.2914,27.406,27.0374,27.6831,27.3654,27.1944,27.0921,26.6571,27.497,27.6343,27.3972,27.2882,27.0026,27.3386,27.4795,27.3743,27.6653,27.1372,27.6737,27.4801,27.5213,27.4714,27.3999,27.2699,27.4215,27.8772,27.5845,27.2423,27.4606,27.4899,27.5939,26.9768,26.6984,27.763,27.4164,27.3256,27.0341,27.057,27.6311,27.1741,27.7103,27.5859,27.2905,27.1309,27.1957,27.2883,27.6285,26.9417,27.588,27.2317,27.1131,27.1266,26.8315,28.005,27.5661,27.5417,27.3495,27.0495,27.2104,27.1756,26.9878,27.7552,27.2328,27.1294,27.2837,27.1682,27.4902,26.8134,27.808,27.6358,28.0239,27.691,26.6844,27.2869,27.2564,27.1629,27.5016,26.3229,28.1849,27.6485,27.3072,27.2008,27.0155,27.263,27.3106,27.6156,27.4667,26.805,27.4041,27.2443,27.3001,27.8529,26.3772,28.5962,27.7016,27.5392,27.4869,27.0307,27.7346,27.4377,27.7341,27.4889,27.1431
177,1:23:15 PM,27.1513,27.1706,27.1989,27.3523,27.1633,27.0795,27.4446,27.3525,27.305,27.1883,27.3468,27.4197,27.4958,27.4965,27.2043,27.352,27.2778,27.2712,27.4204,27.1514,27.6176,27.3439,27.1908,27.1633,26.5771,27.5516,27.6017,27.4068,27.3838,26.9761,27.4128,27.4378,27.4302,27.6008,27.1506,27.667,27.4291,27.516,27.4461,27.3239,27.2239,27.3762,27.8816,27.6602,27.2422,27.4933,27.5764,27.6142,27.0301,26.7661,27.7427,27.4256,27.3093,27.0458,27.0692,27.6381,27.1684,27.6833,27.6371,27.2898,27.1842,27.2243,27.3386,27.611,26.9805,27.6113,27.2192,27.1209,27.1606,26.8892,28.0056,27.6607,27.5372,27.4003,27.0173,27.2492,27.186,26.9181,27.7035,27.1687,27.1314,27.2529,27.1439,27.4828,26.7997,27.7877,27.6051,28.0292,27.7004,26.6078,27.2857,27.2882,27.1467,27.4773,26.3819,28.1321,27.655,27.3765,27.1324,27.0145,27.2574,27.3033,27.6202,27.4877,26.7969,27.4148,27.2043,27.3302,27.8551,26.338,28.5443,27.7424,27.5433,27.4981,27.0826,27.8224,27.4672,27.7858,27.5083,27.14
178,1:23:35 PM,27.095,27.1409,27.1722,27.3983,27.0847,27.0739,27.4106,27.3313,27.3287,27.1343,27.3459,27.4523,27.5166,27.4881,27.1559,27.2421,27.2526,27.2535,27.4071,27.0664,27.627,27.3826,27.1997,27.1712,26.6397,27.5212,27.6793,27.4086,27.3093,26.9433,27.3523,27.4026,27.4336,27.5968,27.1665,27.6518,27.389,27.5126,27.4346,27.4277,27.2665,27.3696,27.8478,27.6519,27.2266,27.4796,27.5079,27.5496,27.0136,26.6935,27.7109,27.4632,27.3386,27.041,27.0325,27.5889,27.174,27.6539,27.5761,27.2964,27.1923,27.2224,27.3057,27.6582,26.9503,27.4922,27.2314,27.1831,27.081,26.7974,27.9483,27.6094,27.4827,27.3651,27.0134,27.3155,27.1495,26.93,27.7504,27.224,27.1454,27.2873,27.1382,27.5044,26.78,27.8081,27.5967,28.0314,27.6658,26.6082,27.258,27.2694,27.1741,27.5531,26.3536,28.1204,27.7197,27.3138,27.2471,26.9895,27.2304,27.335,27.6237,27.4633,26.7776,27.4241,27.238,27.3241,27.8379,26.3417,28.6068,27.6787,27.5385,27.4488,27.0088,27.7485,27.4162,27.7898,27.5363,27.0966
179,1:23:55 PM,27.0999,27.1546,27.1176,27.4227,27.1329,27.0764,27.4149,27.2899,27.2707,27.1493,27.3527,27.4587,27.5201,27.4211,27.1114,27.2724,27.2912,27.3046,27.3607,27.0994,27.5988,27.2957,27.2276,27.1436,26.6134,27.5239,27.6606,27.398,27.3195,26.9036,27.3312,27.424,27.3587,27.6436,27.1776,27.6924,27.4418,27.5305,27.4802,27.4989,27.2352,27.3464,27.8642,27.6546,27.2787,27.4563,27.5114,27.575,26.9678,26.7285,27.7939,27.4506,27.2856,26.9951,27.0317,27.5693,27.1408,27.7402,27.6312,27.3463,27.1033,27.2662,27.2599,27.5642,26.9202,27.5665,27.1798,27.1526,27.1204,26.7371,28.0478,27.6317,27.5499,27.3506,27.0116,27.2547,27.1506,26.9719,27.7178,27.1439,27.1192,27.2825,27.1059,27.4657,26.7582,27.8108,27.568,28.0607,27.7292,26.6054,27.2507,27.3191,27.2003,27.49,26.3614,28.1105,27.6493,27.3356,27.2399,27.0118,27.279,27.3239,27.5889,27.4815,26.7332,27.4287,27.1998,27.3511,27.8553,26.3375,28.5301,27.6684,27.5018,27.396,27.0505,27.7968,27.4339,27.7585,27.5184,27.1411
180,1:24:15 PM,27.1446,27.1596,27.1319,27.4084,27.078,27.0842,27.4015,27.3215,27.242,27.1174,27.354,27.4708,27.5285,27.4078,27.1431,27.3216,27.3045,27.3062,27.3972,27.1488,27.5806,27.2619,27.1823,27.0847,26.6358,27.497,27.6717,27.3904,27.3108,26.9315,27.34,27.4148,27.449,27.6033,27.0995,27.6745,27.3788,27.5431,27.4497,27.4195,27.2869,27.3923,27.8618,27.6146,27.2672,27.4967,27.5437,27.524,27.0603,26.6895,27.7588,27.3708,27.2772,26.9985,27.0769,27.5878,27.1238,27.7091,27.5762,27.2907,27.1163,27.1932,27.2541,27.6174,26.9664,27.5676,27.2124,27.1006,27.1335,26.7913,28.0117,27.6475,27.552,27.3662,27.0591,27.2019,27.1291,26.9119,27.7269,27.1366,27.1139,27.3371,27.1443,27.4836,26.7673,27.6926,27.6091,28.0495,27.6792,26.6076,27.2959,27.2491,27.1859,27.4278,26.3313,28.1476,27.6731,27.3696,27.1861,27.0258,27.2533,27.3064,27.5939,27.5172,26.7898,27.4321,27.1505,27.3053,27.8267,26.2922,28.5275,27.6937,27.4855,27.4175,27.0498,27.7956,27.4404,27.6754,27.5173,27.0709
181,1:24:35 PM,27.1193,27.1942,27.164,27.3961,27.136,27.0407,27.4085,27.3324,27.2668,27.1501,27.3476,27.4632,27.4669,27.4339,27.1402,27.317,27.2834,27.2761,27.4263,27.0552,27.5726,27.3186,27.2148,27.1355,26.6808,27.5052,27.6093,27.3761,27.3346,26.9263,27.324,27.4236,27.3893,27.6468,27.1024,27.723,27.4357,27.4849,27.4514,27.4386,27.3171,27.3985,27.849,27.6217,27.2098,27.4798,27.5228,27.528,27.0374,26.7773,27.6962,27.4659,27.2736,27.063,27.0094,27.5913,27.1682,27.6276,27.5778,27.2917,27.1983,27.2002,27.3277,27.6488,26.8962,27.5267,27.2178,27.1537,27.0801,26.8619,28.034,27.6512,27.5075,27.3134,27.0139,27.2277,27.2202,26.9269,27.693,27.1839,27.1574,27.3273,27.1789,27.4603,26.7674,27.8003,27.6112,27.9926,27.7069,26.6486,27.2737,27.2598,27.1592,27.4247,26.3506,28.1491,27.6754,27.3593,27.1468,27.0243,27.2895,27.2867,27.6054,27.4442,26.7846,27.4337,27.1546,27.3515,27.7955,26.3272,28.513,27.689,27.4662,27.4536,26.9992,27.7718,27.355,27.7425,27.4846,27.187
182,1:24:55 PM,27.1293,27.1622,27.1552,27.3594,27.1149,26.9692,27.4306,27.3196,27.2586,27.1065,27.3274,27.4949,27.5126,27.4459,27.1404,27.3758,27.2764,27.3034,27.4179,27.0711,27.6397,27.3395,27.1733,27.1358,26.6408,27.4506,27.6412,27.4374,27.3258,26.9433,27.317,27.4077,27.3631,27.5698,27.095,27.6977,27.4442,27.5043,27.4427,27.4248,27.2867,27.4094,27.8055,27.5868,27.171,27.4604,27.4368,27.4862,26.9662,26.6953,27.727,27.375,27.3155,27.022,27.0177,27.6172,27.1859,27.6637,27.564,27.2674,27.1676,27.1781,27.3026,27.6164,26.9188,27.4954,27.2664,27.1482,27.1069,26.7709,28.0317,27.6107,27.5633,27.2879,27.0435,27.1936,27.1215,26.9513,27.7673,27.1481,27.1049,27.3493,27.1078,27.5313,26.7917,27.7446,27.6582,28.0249,27.6617,26.6108,27.2238,27.2608,27.182,27.3745,26.3203,28.1194,27.6496,27.2967,27.1655,27.0397,27.2713,27.3413,27.6214,27.4456,26.7304,27.462,27.2189,27.2985,27.8727,26.3722,28.5285,27.6851,27.4842,27.4199,27.0667,27.7939,27.4084,27.7389,27.5098,27.1132
183,1:25:15 PM,27.1059,27.0939,27.1392,27.3787,27.078,27.0472,27.3798,27.3019,27.2708,27.0449,27.3294,27.4236,27.4529,27.4412,27.1843,27.2878,27.2685,27.3024,27.4388,27.0543,27.6382,27.2941,27.1395,27.1325,26.6243,27.5381,27.5642,27.4395,27.2986,26.9242,27.3227,27.3731,27.404,27.6297,27.0985,27.6916,27.4422,27.4714,27.425,27.4126,27.2282,27.4094,27.8535,27.5812,27.2403,27.5178,27.5116,27.5581,26.9245,26.7467,27.7086,27.4386,27.3059,26.952,27.0211,27.5896,27.162,27.6373,27.6154,27.2772,27.2023,27.1947,27.2981,27.6203,26.8818,27.5297,27.2097,27.152,27.0656,26.7921,27.9821,27.7105,27.5159,27.3345,27.024,27.2538,27.1952,26.929,27.7097,27.1693,27.1692,27.3069,27.1466,27.476,26.8094,27.7332,27.5885,27.9922,27.7053,26.5853,27.2682,27.2447,27.1468,27.4277,26.2984,28.1641,27.6835,27.3391,27.1666,27.0364,27.3234,27.2755,27.5686,27.4126,26.7414,27.3729,27.2033,27.2125,27.7957,26.3084,28.5119,27.7029,27.5102,27.4377,27.0132,27.8329,27.4485,27.7656,27.4239,27.0766
184,1:25:35 PM,27.0645,27.1678,27.1857,27.3419,27.0798,27.0466,27.3809,27.2875,27.3044,27.1041,27.3426,27.42,27.4903,27.4385,27.2339,27.3214,27.2829,27.3503,27.4011,27.0965,27.6101,27.3671,27.2323,27.1757,26.6148,27.554,27.6563,27.3471,27.3188,26.9402,27.3368,27.3686,27.4133,27.6008,27.0073,27.7295,27.464,27.5288,27.4444,27.3974,27.2843,27.4161,27.7931,27.5819,27.1559,27.5604,27.4936,27.6044,26.9822,26.7249,27.7266,27.4486,27.2834,26.9967,27.0514,27.5338,27.1713,27.64,27.5727,27.2477,27.1529,27.144,27.2559,27.5698,26.9134,27.5843,27.1991,27.1625,27.1017,26.8055,28.0033,27.6367,27.5227,27.2329,27.0051,27.2636,27.1953,26.9589,27.7771,27.1885,27.1523,27.2835,27.1301,27.4636,26.8008,27.7789,27.5596,27.9959,27.6585,26.6018,27.2829,27.242,27.1458,27.4436,26.2611,28.1591,27.6742,27.3519,27.159,26.953,27.3096,27.3098,27.6191,27.4389,26.7592,27.4223,27.2152,27.2543,27.7607,26.3457,28.5947,27.7336,27.5368,27.3925,27.0172,27.7798,27.4401,27.706,27.4845,27.0251
185,1:25:55 PM,27.0386,27.1344,27.1673,27.4229,27.0355,27.0375,27.3861,27.3646,27.2505,27.0747,27.3508,27.4615,27.4611,27.4008,27.1501,27.3633,27.3327,27.227,27.4216,27.0469,27.6756,27.3132,27.1731,27.1784,26.622,27.5173,27.6606,27.4272,27.2998,26.9443,27.2757,27.4129,27.3682,27.6005,27.0897,27.6091,27.4382,27.434,27.3766,27.3741,27.3133,27.3668,27.8758,27.5908,27.1689,27.5401,27.4944,27.5161,26.9951,26.6487,27.7718,27.445,27.3004,26.9975,27.0402,27.6292,27.1097,27.5975,27.5549,27.2961,27.1387,27.2229,27.2992,27.6345,26.9217,27.5284,27.1812,27.1672,27.0945,26.8212,27.9871,27.6349,27.5538,27.3397,26.9601,27.2467,27.1643,26.9208,27.656,27.1826,27.147,27.305,27.1432,27.4631,26.7948,27.7691,27.5647,27.9707,27.6742,26.5711,27.2575,27.2365,27.1777,27.41,26.3011,28.132,27.6453,27.3558,27.1906,26.9047,27.2375,27.3186,27.6136,27.4509,26.7142,27.419,27.1753,27.2053,27.8092,26.3424,28.5478,27.7202,27.4119,27.3795,26.9808,27.7682,27.3825,27.7073,27.4344,27.0775
186,1:26:15 PM,27.0583,27.1765,27.1636,27.4034,27.1614,26.9999,27.4357,27.3267,27.2642,27.1055,27.3757,27.4369,27.4762,27.4476,27.1256,27.3151,27.2919,27.2871,27.3619,27.0414,27.5643,27.336,27.1438,27.1287,26.6323,27.4919,27.6433,27.4142,27.3051,26.9346,27.2987,27.4034,27.46,27.6606,27.0299,27.6737,27.4143,27.4842,27.4301,27.3589,27.1877,27.3842,27.8036,27.6477,27.2088,27.4369,27.4877,27.5036,26.9677,26.6683,27.7588,27.4753,27.2405,26.9585,26.9394,27.5824,27.2083,27.6174,27.5495,27.2172,27.1539,27.202,27.3156,27.5873,26.8993,27.5101,27.2051,27.1042,27.0328,26.7711,28.0296,27.6475,27.5219,27.3428,26.9746,27.2301,27.1208,26.946,27.6985,27.2194,27.1214,27.3347,27.2153,27.5138,26.8083,27.7599,27.5675,27.9998,27.6675,26.6322,27.2694,27.2745,27.1333,27.4235,26.333,28.1466,27.6896,27.3004,27.1645,26.9824,27.2613,27.3217,27.5923,27.3808,26.7408,27.3887,27.17,27.3064,27.7747,26.3088,28.5761,27.6584,27.4667,27.4068,26.9787,27.7762,27.4085,27.7271,27.4779,27.0555
187,1:26:35 PM,27.0942,27.1528,27.1481,27.4079,27.0217,27.0284,27.4242,27.314,27.2492,27.0889,27.391,27.4164,27.5378,27.4698,27.1318,27.3104,27.3146,27.3223,27.4419,27.0655,27.6855,27.4284,27.2402,27.0956,26.5864,27.5125,27.6202,27.3819,27.2989,26.892,27.2952,27.4004,27.428,27.583,27.1347,27.6937,27.4519,27.4626,27.4347,27.3807,27.2437,27.3835,27.8403,27.6243,27.2001,27.4775,27.5156,27.5537,26.9366,26.7042,27.7478,27.4443,27.2702,26.9693,26.9681,27.5379,27.0989,27.6271,27.5524,27.1971,27.1432,27.2266,27.2703,27.5552,26.8819,27.5313,27.2205,27.0812,27.028,26.8106,28.0342,27.6192,27.5342,27.2921,26.933,27.2688,27.1804,26.9005,27.7357,27.1544,27.1263,27.2918,27.1565,27.5105,26.7281,27.7375,27.5577,27.9323,27.6397,26.5836,27.2631,27.315,27.0902,27.3124,26.326,28.1399,27.707,27.3108,27.0928,26.9862,27.2416,27.3543,27.5608,27.4,26.7436,27.4373,27.1523,27.3376,27.8395,26.3225,28.5477,27.6739,27.5583,27.385,26.9274,27.785,27.3703,27.7105,27.494,27.0536
188,1:26:55 PM,27.1476,27.1835,27.1179,27.3887,27.0587,27.0519,27.4119,27.2886,27.3018,27.0772,27.3544,27.4159,27.4469,27.41,27.1936,27.3441,27.2939,27.2834,27.4353,27.0586,27.6658,27.3137,27.2004,27.1388,26.5883,27.5493,27.5949,27.4571,27.2841,26.9241,27.263,27.4586,27.398,27.5825,27.0758,27.63,27.4362,27.5267,27.4011,27.3464,27.2363,27.4096,27.8861,27.581,27.1906,27.393,27.4851,27.4574,26.9306,26.6634,27.7265,27.461,27.2215,26.9631,26.984,27.5713,27.0752,27.6365,27.5367,27.1751,27.1746,27.2214,27.2473,27.5902,26.9626,27.5313,27.2026,27.0956,27.0765,26.713,27.9581,27.5823,27.5101,27.3046,26.9373,27.2961,27.2103,26.9127,27.7045,27.1811,27.1218,27.277,27.1486,27.4575,26.6955,27.7792,27.5617,27.9342,27.6636,26.5968,27.2995,27.3145,27.126,27.4094,26.2452,28.1582,27.6744,27.3308,27.1508,26.9814,27.2798,27.3267,27.5861,27.4577,26.6956,27.3863,27.1731,27.2749,27.7612,26.2597,28.5844,27.696,27.4799,27.3541,26.9848,27.7672,27.339,27.6633,27.4909,27.0641
189,1:27:15 PM,27.1323,27.2093,27.1847,27.4156,27.0901,27.0927,27.3627,27.3441,27.2195,27.0509,27.3629,27.4366,27.4864,27.3713,27.1258,27.3263,27.2388,27.3082,27.3818,27.0256,27.6047,27.3362,27.1997,27.1476,26.5635,27.5798,27.6623,27.3515,27.3225,26.9048,27.3418,27.3493,27.3651,27.6138,27.094,27.6708,27.377,27.4961,27.4589,27.4083,27.273,27.4265,27.8439,27.6091,27.174,27.4868,27.5003,27.538,26.9613,26.6621,27.7066,27.412,27.2133,27.0169,27.0119,27.5928,27.1825,27.6288,27.5859,27.1849,27.0867,27.1947,27.2852,27.5414,26.8626,27.5397,27.2242,27.0997,27.0662,26.7713,27.9766,27.6554,27.5169,27.2815,26.9505,27.1917,27.0971,26.8843,27.6822,27.1237,27.1502,27.286,27.1709,27.4901,26.787,27.8144,27.5662,28.025,27.5671,26.5835,27.2752,27.2241,27.099,27.3983,26.2631,28.237,27.6806,27.3431,27.1096,27.0187,27.2967,27.3032,27.547,27.4226,26.6865,27.4141,27.1956,27.2478,27.7771,26.3025,28.5303,27.7197,27.4647,27.3618,26.9788,27.7816,27.357,27.7104,27.4543,27.0232
190,1:27:35 PM,27.1519,27.0998,27.2105,27.3687,27.0548,27.1073,27.4084,27.3674,27.2659,27.1064,27.3414,27.4127,27.4832,27.4142,27.1433,27.3167,27.2947,27.2934,27.4001,27.0172,27.6388,27.3647,27.2143,27.1304,26.6139,27.5808,27.6126,27.3579,27.2473,26.9743,27.2865,27.3822,27.3503,27.6567,27.0469,27.7111,27.4705,27.502,27.4315,27.3753,27.2842,27.3716,27.8258,27.564,27.2369,27.5136,27.5029,27.5967,26.9771,26.6937,27.8317,27.4273,27.211,26.9814,27.0288,27.6113,27.1582,27.6354,27.5582,27.1782,27.1349,27.2219,27.2519,27.5842,26.8704,27.545,27.1824,27.1358,27.0752,26.7627,27.9983,27.6391,27.5363,27.3043,26.9285,27.2003,27.1582,26.93,27.7062,27.1592,27.071,27.334,27.0856,27.4431,26.778,27.7889,27.5726,27.9334,27.6563,26.6243,27.2962,27.2897,27.2175,27.3759,26.3225,28.1492,27.6762,27.3374,27.131,26.9917,27.2639,27.2818,27.5264,27.4374,26.7397,27.3826,27.1862,27.1885,27.7386,26.2864,28.5643,27.6439,27.4851,27.3625,26.9426,27.7501,27.3521,27.7092,27.4481,27.0638
191,1:27:55 PM,27.0607,27.1692,27.1222,27.368,27.063,27.0417,27.4131,27.3097,27.236,27.1205,27.4177,27.4446,27.5345,27.4139,27.1522,27.344,27.2586,27.276,27.3713,26.9912,27.6292,27.3978,27.1987,27.1502,26.5498,27.5092,27.5979,27.3761,27.2816,26.9497,27.3089,27.3817,27.3835,27.6205,27.0722,27.6685,27.353,27.4176,27.3812,27.3435,27.2812,27.4429,27.8189,27.6328,27.1674,27.5276,27.5279,27.594,26.9057,26.6423,27.7335,27.3992,27.231,26.9128,26.9591,27.6095,27.1173,27.6515,27.5749,27.1861,27.1039,27.2199,27.2751,27.5314,26.8403,27.5682,27.2054,27.1131,27.0736,26.7272,28.0455,27.6193,27.5722,27.2828,26.9189,27.2298,27.1699,26.9123,27.6891,27.1953,27.073,27.2656,27.1319,27.4585,26.8007,27.8306,27.5642,27.9796,27.6541,26.6037,27.2773,27.2622,27.0999,27.3707,26.251,28.2524,27.6855,27.3479,27.1713,27.0156,27.2696,27.3625,27.5523,27.4515,26.6736,27.3661,27.1556,27.2587,27.7624,26.2272,28.5655,27.7133,27.4659,27.3885,26.9083,27.7345,27.4227,27.6958,27.4436,27.0059
192,1:28:15 PM,27.1089,27.1702,27.174,27.3576,27.0822,27.0453,27.4306,27.3024,27.2684,27.065,27.4063,27.4695,27.4186,27.3759,27.103,27.2859,27.2515,27.2691,27.3857,27.0473,27.6478,27.3939,27.2059,27.0861,26.5823,27.5129,27.6236,27.4072,27.2783,26.9789,27.319,27.3884,27.4121,27.661,27.0466,27.6981,27.4617,27.4449,27.4038,27.3649,27.3168,27.3666,27.8585,27.6016,27.1768,27.5334,27.5094,27.5079,26.9682,26.6314,27.7172,27.4326,27.1958,26.9228,26.9599,27.6658,27.1805,27.6074,27.5321,27.1791,27.1658,27.2741,27.2895,27.5834,26.9186,27.5342,27.1711,27.1711,27.037,26.7453,27.9325,27.6524,27.5526,27.3068,26.9073,27.2184,27.1266,26.9123,27.6399,27.1519,27.1126,27.2809,27.1142,27.4836,26.7368,27.8105,27.5868,27.9479,27.6495,26.5111,27.3108,27.2607,27.1082,27.3259,26.2724,28.157,27.649,27.324,27.1007,26.9355,27.2732,27.3345,27.5791,27.4196,26.7036,27.3603,27.1357,27.2747,27.8164,26.2154,28.5291,27.6392,27.4771,27.3489,26.9452,27.766,27.325,27.6742,27.4591,27.0194
193,1:28:35 PM,27.1597,27.1669,27.125,27.3896,27.097,27.0884,27.4003,27.3303,27.2468,27.0349,27.3874,27.4166,27.4429,27.3895,27.1169,27.3196,27.2054,27.3194,27.3901,26.9978,27.6398,27.3726,27.2146,27.1022,26.6107,27.5767,27.6524,27.3761,27.3194,26.9079,27.2972,27.4434,27.3817,27.6158,27.0907,27.6641,27.3882,27.4474,27.3825,27.3351,27.2833,27.3654,27.8569,27.5574,27.1829,27.5295,27.5117,27.509,26.9364,26.5975,27.7542,27.3802,27.3071,26.8848,26.9658,27.6105,27.1666,27.5928,27.5275,27.2378,27.0911,27.1698,27.3097,27.5524,26.8484,27.5489,27.2145,27.1559,27.0274,26.7518,27.991,27.5928,27.489,27.2713,26.9187,27.1932,27.1129,26.9111,27.6892,27.1301,27.083,27.2833,27.0691,27.4471,26.7112,27.7542,27.5387,27.9639,27.6046,26.508,27.226,27.2417,27.1222,27.4234,26.3044,28.1479,27.6675,27.2509,27.1397,26.9503,27.2522,27.3276,27.5587,27.374,26.6983,27.3951,27.1564,27.2684,27.7866,26.2845,28.5252,27.6319,27.481,27.3475,26.9165,27.7813,27.4072,27.6775,27.4987,27.0281
194,1:28:55 PM,27.1196,27.1371,27.1144,27.3984,27.1074,27.0922,27.4417,27.3158,27.2256,27.048,27.3869,27.4029,27.4619,27.3787,27.146,27.313,27.3229,27.2534,27.3772,26.9995,27.6304,27.338,27.186,27.1546,26.5931,27.564,27.6331,27.3698,27.2414,26.9417,27.2764,27.4095,27.3867,27.6055,27.0122,27.6627,27.3916,27.4531,27.415,27.3106,27.288,27.3924,27.7891,27.5695,27.1481,27.5023,27.5251,27.5214,26.9476,26.666,27.7513,27.4663,27.224,26.8856,26.9744,27.5961,27.166,27.5771,27.5061,27.1675,27.1309,27.2091,27.2632,27.5882,26.8668,27.5369,27.2089,27.1326,27.0739,26.7287,27.9797,27.6823,27.5233,27.2718,26.9189,27.1523,27.1089,26.896,27.7027,27.0882,27.1624,27.2979,27.1366,27.4723,26.7531,27.8087,27.5831,27.9625,27.6264,26.5621,27.2568,27.2271,27.1592,27.3915,26.2604,28.1936,27.6799,27.2797,27.0981,26.9472,27.3005,27.3108,27.5397,27.4891,26.6969,27.3979,27.1647,27.2579,27.7762,26.2984,28.5181,27.7178,27.49,27.3747,26.9328,27.7856,27.3377,27.6636,27.4526,27.0212
195,1:29:15 PM,27.06,27.1313,27.1198,27.4198,27.0184,27.0482,27.4176,27.3054,27.2061,27.1228,27.369,27.4402,27.487,27.4366,27.1303,27.3472,27.2595,27.2772,27.4209,27.0689,27.6215,27.3623,27.1685,27.1016,26.5933,27.5201,27.6644,27.3729,27.3285,26.9146,27.286,27.4033,27.3848,27.6172,26.9797,27.7712,27.4468,27.4734,27.3552,27.3909,27.2514,27.4017,27.7979,27.5435,27.2101,27.4794,27.4935,27.4936,26.9478,26.5795,27.775,27.3658,27.2625,26.9338,26.94,27.5528,27.1364,27.6304,27.5192,27.2133,27.1622,27.2224,27.2931,27.6127,26.8084,27.5071,27.1743,27.0508,27.0977,26.7565,27.9883,27.6337,27.5111,27.2897,26.933,27.1901,27.1113,26.8823,27.6466,27.1057,27.1006,27.3293,27.098,27.4641,26.7298,27.8479,27.5456,27.9512,27.5754,26.5198,27.2435,27.2626,27.1844,27.4265,26.2582,28.1573,27.6985,27.2565,27.1147,26.9404,27.2348,27.3216,27.5311,27.3974,26.7036,27.3433,27.1448,27.3233,27.7187,26.2552,28.5054,27.6261,27.3945,27.354,26.9161,27.75,27.3688,27.7056,27.4234,27.0247
196,1:29:35 PM,27.1328,27.1457,27.1496,27.3479,26.9984,27.0453,27.4063,27.3424,27.2852,27.1112,27.3876,27.432,27.4769,27.4208,27.13,27.3675,27.2696,27.306,27.3567,27.0398,27.7006,27.3607,27.1464,27.1177,26.5667,27.5521,27.6166,27.3468,27.2703,26.9403,27.2863,27.359,27.4177,27.5895,27.0528,27.6266,27.4131,27.4829,27.3642,27.3297,27.2205,27.3877,27.818,27.5629,27.1111,27.4946,27.5131,27.5782,26.9512,26.6217,27.7624,27.3933,27.2596,26.8423,26.9707,27.6392,27.1184,27.6122,27.481,27.1604,27.1563,27.2281,27.2838,27.5289,26.8837,27.5191,27.1616,27.143,27.0202,26.6702,28.0308,27.6257,27.4811,27.2723,26.9197,27.23,27.1191,26.8696,27.629,27.1148,27.0494,27.2844,27.086,27.4802,26.7194,27.7607,27.5684,27.9456,27.6255,26.5352,27.2749,27.3283,27.08,27.3746,26.2688,28.1286,27.6763,27.2194,27.1171,27.0036,27.2569,27.2932,27.5477,27.3874,26.7091,27.3988,27.1898,27.1931,27.7663,26.2556,28.5039,27.6809,27.3727,27.3426,26.8729,27.7519,27.4263,27.7119,27.3965,27.0394
197,1:29:55 PM,27.1313,27.1007,27.1339,27.3039,27.0929,27.0782,27.3934,27.3104,27.2717,27.0848,27.4269,27.4201,27.4647,27.3607,27.0683,27.3095,27.2416,27.2982,27.3848,26.9826,27.5851,27.3723,27.1523,27.1098,26.5624,27.5223,27.6169,27.3233,27.2989,26.8903,27.2766,27.3798,27.3285,27.6684,27.094,27.6424,27.4025,27.4851,27.373,27.3017,27.2339,27.3988,27.8247,27.5107,27.1276,27.4217,27.473,27.5657,26.9267,26.6235,27.7345,27.3957,27.2048,26.8942,26.9629,27.577,27.1591,27.5859,27.4934,27.1675,27.2084,27.1979,27.298,27.5378,26.8816,27.5434,27.2035,27.125,27.0448,26.729,28.0188,27.6301,27.4936,27.2359,26.9564,27.1763,27.0934,26.8565,27.6893,27.1163,27.0255,27.2795,27.0168,27.4199,26.7223,27.7508,27.5877,27.959,27.6176,26.5389,27.2243,27.2846,27.1242,27.3005,26.2376,28.21,27.6769,27.2563,27.1505,26.9231,27.3154,27.3483,27.5259,27.3897,26.669,27.4494,27.1497,27.2262,27.7354,26.293,28.4878,27.6808,27.4514,27.3207,26.863,27.6997,27.3274,27.6442,27.4267,27.0716
198,1:30:15 PM,27.1063,27.1382,27.1454,27.2853,27.0634,27.0728,27.4083,27.3422,27.2232,27.0773,27.3812,27.4085,27.4311,27.3935,27.0836,27.3481,27.2577,27.2986,27.334,26.9606,27.6845,27.3227,27.1538,27.0696,26.5954,27.5557,27.6214,27.3421,27.3113,26.8515,27.3061,27.3606,27.3405,27.612,27.016,27.6558,27.3715,27.4579,27.3627,27.298,27.2415,27.3365,27.892,27.5553,27.1094,27.4579,27.51,27.5289,26.8791,26.6371,27.7436,27.4011,27.2496,26.9125,26.9886,27.6317,27.1944,27.6229,27.4863,27.1841,27.1406,27.2664,27.3232,27.5506,26.8095,27.5721,27.1985,27.118,27.0232,26.7596,28.019,27.6423,27.5268,27.239,26.9306,27.2002,27.1233,26.8687,27.7178,27.1101,27.0614,27.2894,27.0569,27.4842,26.7477,27.7359,27.6207,27.9343,27.6201,26.5117,27.2006,27.2322,27.1177,27.3585,26.2434,28.137,27.6134,27.2375,27.1053,26.948,27.2878,27.3293,27.5814,27.3479,26.6728,27.3307,27.183,27.3188,27.7655,26.257,28.5308,27.6624,27.4403,27.3425,26.8982,27.7252,27.38,27.6684,27.4348,27.0083
199,1:30:35 PM,27.1277,27.1516,27.1149,27.35,27.0795,27.1111,27.4188,27.3068,27.2148,27.1029,27.4542,27.4246,27.4427,27.4232,27.1277,27.3077,27.2535,27.296,27.4069,27.031,27.6025,27.3611,27.1657,27.1157,26.5445,27.532,27.5806,27.3951,27.2681,26.8939,27.229,27.3455,27.4042,27.5592,27.0499,27.6199,27.4224,27.4588,27.3948,27.2929,27.2411,27.3967,27.818,27.5365,27.119,27.4739,27.5716,27.5298,26.9715,26.6296,27.6975,27.4473,27.1585,26.919,26.9865,27.5863,27.126,27.5454,27.4827,27.2128,27.1749,27.1816,27.2893,27.5558,26.8271,27.5137,27.1884,27.1417,27.0666,26.6964,27.9355,27.5867,27.504,27.2824,26.8866,27.1895,27.0827,26.9415,27.6336,27.1417,27.0654,27.2509,27.1507,27.4727,26.6786,27.7883,27.5623,27.9446,27.6536,26.4989,27.2251,27.1903,27.0817,27.4065,26.2099,28.1504,27.632,27.2784,27.1018,26.9745,27.2683,27.3023,27.5196,27.3741,26.6372,27.3715,27.1514,27.2808,27.7601,26.2641,28.5155,27.6591,27.4455,27.2807,26.9264,27.7006,27.326,27.6364,27.4447,26.9788
200,1:30:55 PM,27.101,27.1349,27.0994,27.3565,27.0815,27.0669,27.3851,27.3595,27.2234,27.028,27.3414,27.4314,27.4916,27.4423,27.0488,27.3768,27.2701,27.2705,27.3735,27.0059,27.6375,27.3819,27.2152,27.09,26.5518,27.5094,27.5949,27.3211,27.2853,26.9241,27.2956,27.4375,27.3611,27.6003,27.025,27.6315,27.369,27.4593,27.3498,27.28,27.2604,27.3939,27.8605,27.565,27.0755,27.5122,27.4941,27.539,26.8497,26.6342,27.7144,27.3961,27.2144,26.9007,26.9529,27.5708,27.1626,27.5993,27.5563,27.203,27.1795,27.1983,27.2841,27.4777,26.8042,27.5931,27.1905,27.0638,27.0573,26.7279,28.031,27.6153,27.4967,27.2351,26.944,27.2156,27.1352,26.8877,27.6727,27.0866,27.0766,27.3122,27.0755,27.4585,26.6732,27.8111,27.53,27.9386,27.5722,26.5072,27.2005,27.1952,27.1118,27.3075,26.2005,28.1541,27.6714,27.2921,27.0513,26.9132,27.298,27.2398,27.5552,27.399,26.7005,27.3626,27.184,27.2801,27.7411,26.2634,28.5728,27.6759,27.4352,27.3117,26.8764,27.7459,27.3736,27.6837,27.4031,26.9684
201,1:31:15 PM,27.1888,27.1518,27.1019,27.3152,27.0354,27.0798,27.3635,27.3603,27.1909,27.087,27.3788,27.4565,27.4532,27.4049,27.0804,27.3505,27.2623,27.2542,27.3626,26.9904,27.5767,27.3825,27.1564,27.0857,26.5676,27.5334,27.6613,27.3642,27.2772,26.8644,27.2035,27.4577,27.3673,27.5994,27.0453,27.6058,27.3981,27.4627,27.3684,27.306,27.265,27.3876,27.8614,27.5269,27.1457,27.4508,27.4868,27.526,26.8812,26.6865,27.722,27.4568,27.1961,26.909,26.8767,27.5982,27.1298,27.5979,27.4983,27.1655,27.1707,27.1634,27.2062,27.5499,26.8906,27.5558,27.1863,27.1088,27.0314,26.6971,27.9916,27.6151,27.4582,27.2778,26.9455,27.1854,27.138,26.924,27.667,27.0913,27.0619,27.296,27.0196,27.4813,26.7206,27.8146,27.5126,27.9066,27.5989,26.5192,27.2095,27.231,27.0766,27.3813,26.2113,28.1856,27.6466,27.2065,27.0456,26.9326,27.2629,27.3261,27.5752,27.3791,26.6764,27.3679,27.1118,27.2894,27.7127,26.2736,28.5125,27.6348,27.3932,27.2931,26.8912,27.7422,27.3532,27.6865,27.424,27.0305
202,1:31:35 PM,27.1316,27.1437,27.1007,27.2852,27.0475,27.1004,27.4114,27.3429,27.2522,27.0487,27.362,27.4823,27.4601,27.3737,27.1174,27.3081,27.2683,27.2398,27.3617,26.9986,27.6883,27.39,27.1813,27.0643,26.5662,27.5186,27.6859,27.4353,27.2699,26.9265,27.2959,27.4103,27.4616,27.6559,27.0452,27.7031,27.4162,27.4694,27.318,27.2567,27.2723,27.3896,27.8005,27.5155,27.1086,27.408,27.5182,27.5261,26.8786,26.646,27.7472,27.4357,27.2086,26.7895,26.8939,27.6241,27.1379,27.5806,27.5092,27.1663,27.1796,27.1993,27.2547,27.5066,26.8823,27.5343,27.1764,27.0824,27.0073,26.7054,28.0012,27.6259,27.4424,27.2255,26.9873,27.1576,27.1104,26.8287,27.6964,27.0778,27.0596,27.2773,27.0017,27.4779,26.7476,27.8157,27.5594,27.9471,27.6243,26.5378,27.2316,27.2303,27.123,27.399,26.223,28.1997,27.6575,27.2637,27.0499,26.9828,27.2271,27.3272,27.5002,27.3926,26.6501,27.4264,27.0932,27.2468,27.7143,26.2216,28.5415,27.5959,27.4435,27.3904,26.8998,27.7174,27.3361,27.6661,27.3831,26.9848
203,1:31:55 PM,27.0511,27.187,27.1207,27.336,27.0272,27.0551,27.4447,27.3096,27.2994,27.0665,27.33,27.4416,27.4758,27.4247,27.0874,27.3104,27.2499,27.2731,27.3981,27.0053,27.6686,27.3711,27.2022,27.0834,26.555,27.5105,27.5929,27.4085,27.274,26.9047,27.2267,27.4022,27.4124,27.5944,27.0715,27.686,27.4527,27.4106,27.3766,27.2772,27.2484,27.3362,27.8463,27.5628,27.1078,27.4531,27.4549,27.5108,26.868,26.5611,27.7227,27.3732,27.2115,26.8507,26.9546,27.5898,27.144,27.6043,27.4651,27.17,27.1382,27.2051,27.2602,27.497,26.8567,27.5611,27.2411,27.0649,27.0218,26.6922,27.9605,27.6073,27.4598,27.2934,26.8765,27.2249,27.1146,26.8674,27.7069,27.1172,27.0711,27.3715,27.0534,27.3953,26.6931,27.7199,27.5725,27.9156,27.5908,26.5106,27.1637,27.2755,27.1196,27.33,26.1938,28.1236,27.5602,27.297,27.067,26.9248,27.194,27.3234,27.5224,27.3752,26.7005,27.3747,27.1793,27.2446,27.7737,26.2257,28.4962,27.6881,27.4276,27.3032,26.901,27.7278,27.3388,27.6469,27.4206,26.9371
204,1:32:15 PM,27.083,27.1355,27.1716,27.3317,27.092,27.0557,27.367,27.2644,27.1878,27.07,27.4644,27.4096,27.5242,27.4059,27.0862,27.3421,27.2846,27.3068,27.3658,26.9384,27.651,27.3918,27.1399,27.074,26.5625,27.4602,27.5174,27.3497,27.2608,26.8653,27.2727,27.4065,27.3531,27.5299,27.0088,27.6786,27.3507,27.4257,27.3457,27.2971,27.2411,27.3995,27.8303,27.5202,27.1668,27.5243,27.4589,27.5119,26.8767,26.6555,27.7336,27.2992,27.1613,26.859,26.9526,27.5547,27.1251,27.5893,27.4634,27.1435,27.1893,27.159,27.2179,27.5156,26.7883,27.5518,27.1752,27.0739,26.9822,26.6565,27.9944,27.6416,27.4994,27.1938,26.9332,27.1702,27.0473,26.8751,27.6782,27.1548,27.1108,27.2968,27.0154,27.399,26.7303,27.6751,27.5146,27.918,27.5172,26.4845,27.2252,27.2268,27.0996,27.2946,26.1878,28.1358,27.6567,27.3077,27.1144,26.9188,27.2258,27.2262,27.4982,27.3795,26.6412,27.3276,27.1476,27.1967,27.7498,26.196,28.47,27.5844,27.3754,27.3294,26.924,27.6395,27.3135,27.653,27.4069,27.0201
205,1:32:35 PM,27.0681,27.0473,26.9848,27.3252,26.9931,27.0053,27.4043,27.2947,27.2488,27.0442,27.3687,27.431,27.4422,27.4306,27.1024,27.3407,27.2612,27.2369,27.3895,26.9812,27.6566,27.3129,27.0918,26.9937,26.522,27.3928,27.471,27.1414,27.119,26.8212,27.2739,27.3585,27.3354,27.6637,26.988,27.6531,27.4393,27.4276,27.2976,27.2507,27.3188,27.3675,27.7829,27.502,27.1499,27.4893,27.4828,27.4629,26.9075,26.6263,27.5899,27.1535,27.0872,26.7788,26.9684,27.3759,27.1009,27.5865,27.4571,27.1057,27.1743,27.199,27.2521,27.5155,26.8209,27.5533,27.1469,27.0834,27.0217,26.7253,27.8074,27.6301,27.5046,27.239,26.8952,27.0291,26.9593,26.8578,27.5964,27.105,27.0683,27.1976,26.8306,27.1721,26.6811,27.5337,27.4043,27.8519,27.5349,26.4836,27.0409,27.1175,27.0147,27.3125,26.248,27.9651,27.4582,27.227,27.1065,26.8809,27.2481,27.2807,27.4505,27.3021,26.588,27.2584,27.0708,27.1646,27.6429,26.1514,28.3079,27.5474,27.3804,27.3469,26.778,27.5102,27.3228,27.5965,27.4175,27.002
206,1:32:55 PM,26.8364,26.9172,26.8964,27.1767,27.0149,27.0134,27.3299,27.2243,27.1917,27.0048,27.3706,27.4586,27.4174,27.3536,27.043,27.3089,27.1875,27.1885,27.3001,26.9267,27.688,27.2734,27.1057,26.8768,26.4811,27.2374,27.2601,26.9969,27.0004,26.8586,27.2626,27.3781,27.3671,27.5618,26.9111,27.5755,27.395,27.4249,27.2734,27.2299,27.1672,27.3257,27.7421,27.5299,27.1459,27.4647,27.4557,27.4524,26.8969,26.5959,27.3556,26.9143,27.0499,26.6745,26.8552,27.1946,26.9957,27.6022,27.4457,27.1154,27.2003,27.194,27.2419,27.4914,26.8106,27.5132,27.133,27.0739,27.033,26.6899,27.5605,27.5809,27.3833,27.2098,26.8152,26.7798,26.8339,26.8421,27.4488,27.045,27.0059,27.0646,26.7401,26.9843,26.6312,27.2854,27.1138,27.6563,27.4323,26.422,26.7487,27.0672,27.0088,27.2665,26.1474,27.7991,27.4285,27.2497,26.9859,26.8617,27.1552,27.1473,27.4043,27.2768,26.5483,27.1511,27.0653,27.069,27.6299,26.121,28.0113,27.2731,27.3252,27.2886,26.8511,27.1257,27.1671,27.5487,27.3847,27.1032
207,1:33:15 PM,26.6309,26.7426,26.6929,27.115,27.0395,26.9927,27.2475,27.1784,27.1308,26.9872,27.2515,27.352,27.3546,27.2795,26.9858,27.287,27.175,27.1237,27.2948,26.7861,27.6815,27.197,27.0792,26.7796,26.2708,26.9508,27.0567,26.6559,26.7452,26.8024,27.1593,27.3003,27.3655,27.5431,26.9173,27.5889,27.3121,27.3546,27.2275,27.1836,27.2141,27.2313,27.6111,27.4606,27.0965,27.3845,27.4117,27.4074,26.8908,26.4967,27.2207,26.5839,26.8068,26.5535,26.851,26.7914,26.7051,27.5365,27.438,27.019,27.1263,27.1533,27.1667,27.4136,26.8123,27.5181,27.0743,27.0496,27.0226,26.6767,27.1266,27.4129,27.3897,27.2442,26.7967,26.5928,26.5918,26.7368,27.2614,26.9457,26.9883,26.8775,26.5757,26.7597,26.5659,26.9338,26.8337,27.3989,27.3732,26.32,26.3473,26.8775,26.6964,27.2034,26.1639,27.4572,27.2268,27.0723,26.9158,26.7166,27.0426,27.0965,27.3307,27.1881,26.4512,26.9312,26.9632,26.9656,27.4923,25.9799,27.6353,27.1062,27.2571,27.2528,26.7521,26.7813,27.1004,27.4483,27.3645,27.0094
208,1:33:35 PM,26.3169,26.4574,26.3976,26.9584,26.9021,26.9368,27.1303,27.1338,27.0814,26.9499,27.1153,27.1369,27.2325,27.1314,26.8652,27.205,27.1001,27.0774,27.2499,26.6516,27.5383,27.0798,27.0213,26.6768,26.2388,26.6692,26.8142,26.3437,26.517,26.7025,27.0856,27.2595,27.3214,27.3547,26.7542,27.3775,27.2878,27.1557,27.1199,27.1134,27.1873,27.2542,27.5282,27.3768,26.9653,27.3956,27.3462,27.4052,26.7991,26.3942,26.9947,26.3747,26.6178,26.4359,26.8403,26.4743,26.6262,27.4926,27.4163,27.03,27.0581,27.0944,27.1082,27.3402,26.7962,27.4622,27.0601,26.9022,26.934,26.6021,26.8734,27.2124,27.2365,27.105,26.6598,26.3614,26.3999,26.6447,27.1249,26.8949,26.8709,26.7054,26.45,26.5668,26.5206,26.5712,26.5984,27.0958,27.1968,26.2209,26.012,26.7042,26.4581,27.0532,26.1328,27.1774,26.798,26.9257,26.7824,26.6497,26.8912,26.9811,27.1406,27.0829,26.3957,26.724,26.8475,26.7214,27.4954,25.9053,27.2325,26.8922,27.1725,27.13,26.7348,26.3458,26.917,27.1351,27.1563,26.9794
209,1:33:55 PM,25.9514,26.1526,26.053,26.7312,26.8881,26.8137,27.0417,27.1051,26.9435,26.9509,26.8816,27.0031,26.9642,27.0016,26.8139,27.1321,27.1051,27.0037,27.1929,26.6047,27.4022,27.0056,26.981,26.5714,26.0895,26.2286,26.3836,25.9815,26.255,26.6133,26.9585,27.0809,27.2121,27.1926,26.7075,27.1992,27.0828,27.1028,26.9932,26.9138,27.0713,27.098,27.4498,27.2791,26.8873,27.2014,27.3162,27.4035,26.7492,26.3736,26.6415,25.9317,26.4896,26.2033,26.7837,26.0901,26.4968,27.3794,27.3203,26.9202,26.8245,26.9281,26.9894,27.2944,26.7035,27.3754,26.8799,26.8876,26.8656,26.6092,26.4906,26.9787,27.0811,27.0686,26.6653,26.002,26.1292,26.4988,26.9194,26.8095,26.8753,26.4347,25.9563,26.1959,26.5192,26.2258,26.4265,26.9187,27.0386,26.171,25.7408,26.3985,26.1927,26.904,26.1765,26.8061,26.4966,26.6705,26.7257,26.4664,26.7616,26.8844,26.9878,26.9829,26.3972,26.4369,26.7243,26.4796,27.4682,25.9928,26.9273,26.6437,27.0627,27.0106,26.5235,26.0159,26.6768,26.7622,26.9865,26.7074
210,1:34:15 PM,25.6575,25.8432,25.7564,26.498,26.8265,26.6048,26.8971,27.0673,26.7925,26.8244,26.618,26.8071,26.7012,26.7072,26.5816,27.0329,26.9241,26.9529,27.0813,26.4968,27.2657,26.8968,26.8988,26.4222,26.0727,26.0026,26.2062,25.7832,26.1169,26.5603,26.7497,26.8646,27.0123,27.0128,26.6784,26.973,26.9976,26.8521,26.8152,26.781,26.8303,26.9141,27.2636,27.2569,26.8636,27.2263,27.1732,27.3853,26.6445,26.253,26.3953,25.6746,26.2801,26.0623,26.7168,25.7633,26.5318,27.1915,27.1246,26.7797,26.7038,26.8342,26.8927,27.0796,26.6211,27.1915,26.6599,26.6853,26.8343,26.5311,26.4163,26.7939,26.7808,27.041,26.5517,25.7777,25.9012,26.377,26.7562,26.8225,26.8246,26.3459,25.7274,25.8199,26.4056,25.9018,26.1381,26.7821,26.9488,26.1125,25.5056,26.2159,26.1175,26.7324,26.0631,26.6215,26.2674,26.4716,26.5048,26.2642,26.6326,26.7445,26.8911,26.8583,26.3427,26.2863,26.5464,26.2445,27.3556,26.0121,26.6056,26.2517,26.8146,26.91,26.3765,25.6399,26.3964,26.5412,26.8187,26.5997
211,1:34:35 PM,25.4212,25.6018,25.4945,26.442,26.744,26.324,26.6286,26.9197,26.8262,26.8113,26.3681,26.6816,26.4549,26.4336,26.5069,26.9167,26.7813,26.8719,27.0295,26.4039,27.023,26.7748,26.8516,26.212,26.0257,25.7698,25.9619,25.5099,25.9645,26.5408,26.5976,26.8121,26.843,26.8948,26.6659,26.7904,26.8614,26.6599,26.5068,26.485,26.7233,26.7989,27.1472,27.1645,26.8575,27.0457,27.1283,27.2437,26.5965,26.3045,26.0948,25.432,26.0518,25.9891,26.643,25.4358,26.3921,27.1086,26.96,26.647,26.4884,26.6955,26.6504,26.8149,26.5831,27.0153,26.3776,26.5476,26.7547,26.4299,26.0966,26.6127,26.4782,26.9423,26.4891,25.4737,25.6519,26.2665,26.7337,26.7799,26.7332,26.0434,25.461,25.3856,26.3978,25.7416,26.0032,26.6113,26.822,25.9387,25.2904,25.9414,25.8604,26.5122,25.9712,26.4574,26.2706,26.3562,26.2543,26.0289,26.4729,26.5617,26.7019,26.6802,26.2182,25.9274,26.4049,26.0564,27.1244,25.9544,26.433,25.9896,26.5978,26.6467,26.2077,25.4427,26.2491,26.4344,26.5293,26.4073
212,1:34:55 PM,25.137,25.3432,25.3419,26.2537,26.716,26.1344,26.4174,26.82,26.8579,26.686,26.0072,26.4163,26.1911,26.2097,26.4016,26.8294,26.6495,26.8814,27.0046,26.3685,26.7572,26.472,26.7695,26.0358,25.9742,25.5758,25.6505,25.2489,25.6528,26.4654,26.5195,26.6633,26.6616,26.5779,26.6861,26.5601,26.6941,26.3926,26.2582,26.3196,26.6167,26.5619,26.8941,27.054,26.7148,27.0672,26.9335,27.169,26.5115,26.1394,25.9152,25.1493,25.8735,25.7832,26.5252,25.1079,26.2164,26.9263,26.8987,26.5323,26.2996,26.4719,26.5527,26.6316,26.4312,26.7974,26.0967,26.3839,26.6268,26.3712,25.8024,26.4686,26.2636,26.858,26.4012,25.285,25.3908,26.1101,26.4922,26.5718,26.6279,25.8118,25.186,25.2902,26.3222,25.2305,25.7473,26.3079,26.3667,25.7192,24.9648,25.7569,25.8453,26.3284,25.9103,26.2173,26.1293,26.1454,25.9222,25.8094,26.2682,26.4576,26.3327,26.4951,26.0088,25.8089,26.2106,25.8879,27.0021,25.8898,26.143,25.5893,26.3992,26.4343,25.9807,25.0799,25.9976,26.2436,26.3932,26.2281
213,1:35:15 PM,24.8186,25.1509,25.0432,26.0629,26.5439,25.919,26.0866,26.7486,26.7581,26.5499,25.7685,26.1426,25.9893,25.9929,26.3306,26.6642,26.6709,26.7042,26.8981,26.2198,26.5321,26.1961,26.6453,25.8264,25.7974,25.3323,25.4215,25.064,25.4203,26.3705,26.4793,26.5918,26.486,26.3507,26.5622,26.4053,26.4616,26.1309,26.038,26.0912,26.4795,26.387,26.7716,26.9173,26.5787,26.9863,26.9063,27.0267,26.3849,26.079,25.5814,24.9324,25.5979,25.5961,26.4041,24.94,26.043,26.8191,26.8051,26.3363,26.1004,26.4307,26.36,26.3769,26.4344,26.5624,25.8942,26.25,26.4103,26.2027,25.4812,26.1426,26.1209,26.7404,26.2431,25.0063,25.1695,25.9177,26.3788,26.4646,26.4822,25.4357,24.802,25.0731,26.092,24.9387,25.4297,26.194,26.0974,25.5866,24.8082,25.518,25.6627,26.0556,25.8128,26.076,26.0068,26.0552,25.6658,25.5641,26.0638,26.1677,26.0834,26.2194,25.7559,25.4046,26.0186,25.6307,26.6261,25.7312,25.8733,25.2979,26.1915,26.2276,25.824,24.761,25.6545,26.1782,26.0641,26.0036
214,1:35:35 PM,24.6391,24.9232,24.8173,25.7157,26.5449,25.7727,26.0698,26.6028,26.6208,26.4558,25.569,26.0031,25.8559,25.6972,26.0952,26.5158,26.4814,26.5673,26.7608,25.9363,26.3207,25.9919,26.4143,25.5057,25.6234,25.1337,25.2487,24.7726,25.1378,26.2789,26.263,26.3981,26.3635,26.2266,26.4942,26.1611,26.3644,25.9372,25.6467,25.7955,26.2669,26.1432,26.5161,26.6978,26.3495,26.8645,26.7793,26.9273,26.3547,25.8973,25.4106,24.6166,25.4523,25.394,26.3431,24.762,25.7074,26.681,26.6527,26.212,26.0355,26.1804,26.21,26.1852,26.3269,26.4692,25.6128,26.018,26.321,26.1183,25.3984,26.0059,26.0512,26.5133,26.1484,24.6996,24.9835,25.8095,25.9442,26.3078,26.3796,25.152,24.6355,24.8579,25.9409,24.5711,25.2223,25.8669,25.8321,25.4078,24.5614,25.2921,25.3517,25.8266,25.7329,25.7815,25.7142,25.6563,25.3673,25.1829,25.7777,26.0008,26.0175,26.2384,25.7567,25.3328,25.8619,25.4689,26.5363,25.6544,25.5654,24.9523,25.9441,26.0056,25.6031,24.4884,25.6383,26.0402,25.9681,25.8595
215,1:35:55 PM,24.4005,24.6998,24.6468,25.562,26.3463,25.6726,25.9129,26.4699,26.408,26.4382,25.4038,25.7644,25.5336,25.5854,25.8708,26.338,26.2696,26.317,26.6201,25.7032,26.2682,25.7576,26.2903,25.1826,25.3729,24.8843,25.0058,24.5868,24.9476,26.107,26.1791,26.3218,26.0937,25.9831,26.387,25.9806,26.1953,25.6382,25.4845,25.4905,26.0676,25.9445,26.3573,26.5149,26.1469,26.7051,26.5981,26.7871,26.2564,25.6957,25.2392,24.442,25.2457,25.2559,26.2441,24.516,25.3644,26.5521,26.5585,26.0791,25.9459,25.8867,26.1651,25.8627,26.0978,26.2892,25.3994,25.853,26.1516,26.0183,25.1656,25.7079,25.6561,26.2336,25.956,24.5223,24.8013,25.6392,25.9399,26.1414,26.2689,25.029,24.6061,24.6003,25.8308,24.4443,24.9789,25.7823,25.731,25.3336,24.2129,25.0562,24.9296,25.5105,25.5236,25.4542,25.4779,25.5115,25.0806,24.9869,25.6109,25.8307,25.8961,26.0353,25.4784,24.9939,25.637,25.2835,26.2963,25.3755,25.3597,24.7596,25.7773,25.8434,25.3635,24.2621,25.4448,25.99,25.7147,25.6988
216,1:36:15 PM,24.2921,24.4702,24.5292,25.3602,26.2,25.5537,25.796,26.3307,26.2304,26.2719,25.2164,25.5857,25.2994,25.5335,25.6812,26.1844,25.9895,26.1818,26.4618,25.5991,26.2671,25.5556,26.1781,24.9059,25.1739,24.8146,24.9797,24.3971,24.7974,25.9569,25.9349,26.2407,25.9742,25.7726,26.3503,25.8418,25.9787,25.4646,25.1882,25.3455,25.8527,25.7257,26.1293,26.3157,26.0335,26.3481,26.3778,26.7061,26.0699,25.5282,25.1152,24.264,25.077,25.0641,26.0835,24.4835,25.2599,26.3811,26.3795,25.9099,25.8249,25.7182,25.9319,25.6683,25.8912,26.1831,25.1933,25.6843,25.9438,25.8057,24.8403,25.5425,25.3468,26.0436,25.7819,24.3272,24.6609,25.4733,25.6519,26.0382,26.0736,24.8846,24.6103,24.3603,25.7644,24.2868,24.7619,25.5635,25.437,25.1646,23.9002,24.7776,24.6027,25.3122,25.4306,25.2077,25.1673,25.3221,24.8711,24.7661,25.4323,25.563,25.5724,25.9185,25.3702,24.8286,25.4224,25.0684,26.0355,25.2187,25.0851,24.624,25.7077,25.6351,25.2279,23.9472,25.3416,25.6456,25.4982,25.4342
217,1:36:35 PM,24.0233,24.3025,24.353,25.1851,26.1037,25.4262,25.6958,26.2566,26.1393,26.265,25.1269,25.4255,25.1454,25.2662,25.4461,26.0014,25.79,25.9519,26.3407,25.4651,26.1652,25.3516,26.0943,24.7247,24.8759,24.4941,24.6958,24.2781,24.6849,25.7662,25.8882,25.9612,25.7823,25.5204,26.1978,25.5419,25.7935,25.3785,25.042,25.0889,25.7453,25.5656,25.9166,26.2629,26.0551,26.2719,26.0374,26.5501,26.0247,25.285,24.7815,23.9805,24.8221,24.8502,25.9302,24.3039,25.0415,26.2206,26.2706,25.7656,25.4109,25.705,25.6748,25.4526,25.7756,25.936,25.1226,25.5623,25.8357,25.7101,24.5836,25.336,25.2381,25.9351,25.5319,24.1116,24.4196,25.3436,25.5744,25.8817,25.851,24.7454,24.3262,23.9786,25.5969,23.9385,24.45,25.2467,25.1011,24.8825,23.7405,24.5093,24.4915,25.258,25.3117,25.0693,25.0001,25.2459,24.6941,24.5612,25.2794,25.473,25.3886,25.6825,25.1064,24.3875,25.2571,24.8143,25.8111,25.1847,24.8045,24.4361,25.478,25.4258,25.0335,23.7436,25.1894,25.3644,25.3527,25.3067
218,1:36:55 PM,23.8258,24.0668,24.0441,24.9461,25.9342,25.2073,25.4065,26.0118,25.9502,26.1612,24.889,25.2003,25.0743,25.079,25.2894,25.8502,25.5689,25.8044,26.2083,25.3631,25.891,25.3978,25.9488,24.7187,24.7275,24.3646,24.4038,24.0158,24.5313,25.6798,25.6472,25.6076,25.6023,25.2746,26.0316,25.3643,25.6527,25.2012,24.9093,24.9476,25.5946,25.3854,25.7913,26.1574,26.0011,26.1259,25.8343,26.4556,25.9303,25.2395,24.5488,23.8134,24.6176,24.627,25.7981,24.0689,24.9152,26.0198,26.0555,25.5462,25.103,25.6627,25.4279,25.3105,25.6438,25.7802,24.8753,25.412,25.6561,25.5269,24.3556,25.1512,25.0401,25.8621,25.3799,23.9147,24.1545,25.1443,25.3394,25.7698,25.7222,24.4484,23.9423,23.711,25.336,23.8275,24.1698,24.9409,24.9093,24.6954,23.6283,24.2975,24.2885,25.0716,25.1486,24.8811,24.8515,25.1807,24.4978,24.4422,25.0481,25.2976,25.2584,25.5249,25.0787,24.3094,25.0413,24.5079,25.7274,25.1499,24.5482,24.1584,25.3762,25.2923,24.8314,23.6023,24.9686,25.2347,25.185,25.1021
219,1:37:15 PM,23.7907,23.8937,23.8284,24.8201,25.7655,25.0166,25.0368,25.8448,25.8073,25.9442,24.7057,25.0007,24.8076,24.8645,25.0632,25.7138,25.4484,25.7899,26.0194,25.2216,25.8471,25.3131,25.8832,24.6133,24.6241,24.1304,24.2749,23.777,24.2766,25.45,25.469,25.2553,25.5417,25.1531,25.9234,25.2053,25.4909,24.983,24.8328,24.7818,25.2607,25.1514,25.5838,26.0487,25.92,26.0853,25.7124,26.2978,25.7564,25.0766,24.4,23.6566,24.4196,24.489,25.6511,23.8322,24.647,25.869,25.786,25.2631,25.0302,25.4523,25.2747,25.1127,25.4947,25.5545,24.6625,25.2191,25.5556,25.4317,24.1106,25.0268,24.9652,25.7761,25.4718,23.6891,23.9716,25.0375,25.0224,25.6432,25.5461,24.2217,23.7618,23.5507,25.0978,23.7508,24.0683,24.8327,24.7655,24.6424,23.3783,24.1449,24.0493,24.9369,25.0181,24.6598,24.6418,25.1149,24.3389,24.2352,24.8851,25.002,25.1366,25.2777,24.9054,24.2611,24.8353,24.3958,25.6015,25.1159,24.374,23.9824,25.0373,25.2075,24.77,23.5619,24.6576,25.0859,25.0339,24.9176
220,1:37:35 PM,23.509,23.685,23.6603,24.6794,25.6176,24.8107,24.8476,25.4685,25.716,25.7436,24.545,24.7216,24.7074,24.651,24.9971,25.6126,25.4136,25.6396,25.8474,25.0977,25.6761,25.1568,25.8136,24.3729,24.365,24.0543,24.1031,23.5251,23.9983,25.3476,25.241,25.2162,25.3275,25.0678,25.7489,25.095,25.3525,24.7641,24.5678,24.5723,25.1125,25.1159,25.3853,25.8439,25.8241,25.9399,25.6091,26.1238,25.5445,24.8576,24.2646,23.5349,24.2242,24.3132,25.5236,23.6149,24.3355,25.723,25.7366,25.1676,25.0206,25.2365,25.1739,24.9487,25.3142,25.4973,24.5421,25.0106,25.2821,25.2562,23.956,24.8868,24.7268,25.5261,25.3178,23.6673,23.8407,24.8477,24.7682,25.4464,25.4944,24.0369,23.4167,23.4401,25.0572,23.5374,23.9615,24.7658,24.7546,24.4279,23.2819,23.8973,23.8143,24.6272,24.8826,24.4358,24.3985,24.8484,24.2226,24.1152,24.6601,24.8904,25.0569,25.1574,24.7845,24.3112,24.7326,24.2568,25.3565,25.0616,24.3903,23.8366,24.9026,25.0841,24.6784,23.439,24.2772,24.9036,24.8652,24.7748
221,1:37:55 PM,23.5036,23.6414,23.5567,24.537,25.5112,24.72,24.7632,25.4596,25.6433,25.5965,24.4796,24.5535,24.4767,24.4179,24.7431,25.5109,25.2388,25.3415,25.8187,24.8742,25.3869,24.7507,25.5357,24.0488,24.1794,23.9754,24.0215,23.5455,23.8951,25.1229,25.1071,25.1541,25.2048,24.9075,25.5834,24.9627,25.1094,24.5932,24.3493,24.3833,24.952,24.9291,25.1858,25.5838,25.7928,25.7508,25.4387,25.9111,25.4178,24.691,24.1792,23.3588,24.0267,24.2489,25.4389,23.5544,24.0324,25.555,25.5523,24.9949,24.9645,25.1642,25.0946,24.8023,25.1695,25.4786,24.4555,24.9049,25.1453,25.1702,23.8381,24.7189,24.427,25.2176,25.1685,23.4576,23.7605,24.6907,24.5313,25.3343,25.3291,23.8683,23.3277,23.3618,24.8802,23.3501,23.7401,24.7518,24.5752,24.2703,23.08,23.6794,23.5812,24.5137,24.7893,24.1308,24.1029,24.5646,24.1255,23.8896,24.4962,24.666,24.902,25.0723,24.5844,24.3344,24.5385,24.1576,25.1657,24.8764,24.1567,23.5707,24.705,24.8766,24.5603,23.2889,24.1548,24.7792,24.7334,24.592
222,1:38:15 PM,23.2513,23.4758,23.4067,24.3834,25.3718,24.5811,24.7661,25.2724,25.5367,25.5752,24.3015,24.3709,24.3497,24.2821,24.5625,25.2537,25.054,25.2408,25.5826,24.9081,25.0293,24.3146,25.1103,23.7458,24.0279,23.6762,23.7835,23.3951,23.7365,25.0942,24.9694,24.9487,25.1331,24.6514,25.5328,24.7632,24.8945,24.4725,24.0916,24.1616,24.8498,24.7857,25.0702,25.7278,25.6303,25.5007,25.2034,25.7849,25.3381,24.5895,23.8752,23.1147,23.8816,24.0788,25.3177,23.4912,24.0405,25.3274,25.3329,24.7911,24.759,25.022,24.9303,24.5897,25.0342,25.3164,24.3262,24.7385,25.0142,25.0156,23.7181,24.4756,24.203,24.9702,24.9076,23.2869,23.6824,24.5043,24.365,25.2028,25.2046,23.6568,23.1358,23.0161,24.8183,23.1774,23.591,24.657,24.4975,24.3046,23.0517,23.5333,23.4292,24.3708,24.6724,24.0449,23.8707,24.2871,24.0129,23.684,24.3255,24.4718,24.6635,24.9933,24.6245,24.2337,24.4784,24.0519,25.02,24.7618,24.1568,23.4064,24.6472,24.7327,24.4011,23.0927,23.9863,24.6828,24.5738,24.4989
223,1:38:35 PM,23.1729,23.3816,23.2771,24.141,25.1943,24.4032,24.7285,25.2492,25.3776,25.5118,24.2668,24.2882,24.1277,24.137,24.4183,25.0566,24.926,25.1226,25.447,24.7813,24.5559,24.0217,24.7172,23.763,23.9861,23.4962,23.6889,23.3837,23.5476,24.8493,24.8374,24.7679,25.0047,24.552,25.4057,24.6415,24.7296,24.3284,23.908,24.007,24.7579,24.508,25.0346,25.6118,25.6104,25.3774,25.0767,25.7157,25.2575,24.4149,23.7616,22.9397,23.7735,23.9115,25.2826,23.2489,24.0814,25.0865,25.1531,24.7071,24.6578,24.928,24.7978,24.4708,24.8941,25.0311,24.232,24.6288,24.8839,24.8945,23.6142,24.216,24.0254,24.9526,24.7955,23.0468,23.4898,24.2831,24.3307,25.1662,24.9956,23.5166,23.067,22.8193,24.5888,23.1625,23.5336,24.5667,24.3949,24.4373,22.8812,23.3877,23.3485,24.3117,24.6633,23.813,23.6227,24.2128,23.7606,23.5505,24.194,24.4135,24.5454,24.7697,24.6832,24.149,24.3711,23.9373,24.8548,24.7644,23.9294,23.3121,24.4347,24.5384,24.228,23.033,23.8917,24.4991,24.5613,24.3806
224,1:38:55 PM,23.0579,23.2222,23.2104,23.9655,24.9799,24.3088,24.5119,25.2591,25.3358,25.4205,24.0812,24.1075,23.9583,24.0086,24.1911,24.8565,24.834,25.0459,25.3182,24.7543,24.3182,23.8644,24.6285,23.6316,23.9694,23.3691,23.5526,23.162,23.3965,24.7767,24.7586,24.5441,24.8507,24.434,25.2222,24.5007,24.5035,24.1418,23.938,23.9311,24.7044,24.4593,24.9069,25.5644,25.4874,25.3029,24.9294,25.554,25.1667,24.365,23.5798,22.8117,23.6107,23.7598,25.0299,23.0102,23.9773,24.9632,24.9536,24.62,24.4002,24.8363,24.6669,24.3188,24.8231,24.827,24.0325,24.453,24.6886,24.9264,23.3667,24.0357,23.9587,24.7918,24.8508,22.9485,23.1768,24.1274,24.266,24.988,24.9222,23.3829,22.976,22.5738,24.4557,23.067,23.588,24.6127,24.2841,24.4947,22.8065,23.1855,23.1452,24.0995,24.4827,23.6941,23.4572,24.0632,23.603,23.6714,23.9879,24.2154,24.4127,24.6088,24.5876,23.9622,24.1426,23.773,24.765,24.7661,23.8138,23.151,24.2506,24.3132,23.9364,22.9334,23.7467,24.4631,24.3752,24.2824
225,1:39:15 PM,22.9247,23.0777,23.0893,23.841,24.8844,24.0789,24.3821,25.1621,25.1142,25.2443,23.92,23.9993,23.8329,23.8129,24.1018,24.7177,24.6844,24.809,25.1716,24.5339,24.1352,23.7953,24.4186,23.4982,23.9113,23.2484,23.4372,22.9878,23.276,24.5929,24.6304,24.5981,24.8092,24.2958,25.0534,24.3321,24.473,24.0054,23.8599,23.7256,24.531,24.2173,24.6606,25.2789,25.3335,25.2082,24.8558,25.4018,25.0189,24.2719,23.4078,22.6948,23.4106,23.6282,24.8971,22.9312,23.8361,24.8614,24.8824,24.413,24.2937,24.7445,24.5464,24.1556,24.6592,24.6902,23.9155,24.2937,24.5292,24.7732,23.3549,23.8741,23.9954,24.7148,24.8349,22.7666,23.0204,24.0155,24.1975,24.8738,24.7009,23.2505,22.8873,22.4833,24.3285,23.0168,23.4803,24.3069,24.1748,24.3329,22.6363,23.0804,23.1825,24.0548,24.3649,23.6397,23.4085,24.0776,23.5276,23.7512,23.8493,24.0458,24.2364,24.4721,24.2967,23.707,24.0304,23.7123,24.473,24.8101,23.7497,23.075,24.1157,24.0858,23.7398,22.8003,23.7128,24.1882,24.2166,24.136
226,1:39:35 PM,22.8393,22.9895,22.9441,23.7211,24.7764,23.988,24.2158,25.029,25.0297,25.1658,23.8012,23.9455,23.7469,23.6266,23.9578,24.6648,24.4805,24.5365,25.0694,24.4342,24.0995,23.7476,24.3541,23.4285,23.8875,23.1793,23.3718,22.9145,23.2207,24.4796,24.4108,24.451,24.6409,24.2622,24.8644,24.2192,24.3724,23.8665,23.6443,23.5475,24.3517,24.1426,24.5337,25.1692,25.2343,24.9394,24.6823,25.2809,24.8342,24.1725,23.3129,22.6488,23.2981,23.6188,24.7914,22.9169,23.6955,24.7171,24.8325,24.2323,24.2316,24.5326,24.3915,24.043,24.534,24.5896,23.7669,24.104,24.3575,24.7201,23.285,23.8523,23.8387,24.4572,24.5925,22.6246,23.04,23.8658,23.9227,24.7333,24.5489,22.9949,22.7484,22.4522,24.2564,22.8684,23.2464,24.1673,24.181,24.2517,22.5041,22.894,22.9322,23.9605,24.2877,23.5221,23.2739,23.8408,23.472,23.6434,23.6936,23.8409,24.1304,24.2835,24.2426,23.6561,23.8054,23.5139,24.3781,24.6195,23.5555,22.9347,23.9645,23.9905,23.5772,22.6788,23.5326,24.0741,24.1777,24.0693
227,1:39:55 PM,22.8226,22.8675,22.8717,23.6733,24.6291,23.94,24.1486,24.9971,24.8774,25.0619,23.6132,23.9515,23.6702,23.5269,23.8214,24.4331,24.3234,24.497,24.8911,24.2804,23.9743,23.5996,24.3133,23.3647,23.6935,23.0909,23.2373,22.7639,23.1184,24.3205,24.2966,24.2778,24.4772,24.2841,24.7946,24.1307,24.2435,23.7117,23.4278,23.5362,24.2893,24.0456,24.4029,24.8649,25.2662,24.784,24.5251,25.2024,24.7272,23.9607,23.1851,22.6232,23.2308,23.6078,24.7218,23.0485,23.473,24.6718,24.6979,24.1166,24.2571,24.4024,24.3154,24.0491,24.4825,24.5234,23.6426,23.9915,24.2436,24.5708,23.2653,23.8372,23.797,24.4671,24.1942,22.618,22.8547,23.7494,23.745,24.6473,24.4082,22.8569,22.73,22.4965,24.2425,22.6803,23.0923,23.8843,23.8897,24.0861,22.3674,22.8809,22.857,23.9539,24.1897,23.3593,23.1238,23.7748,23.3314,23.4854,23.6102,23.7522,23.9281,24.0538,24.0312,23.4635,23.6178,23.426,24.3529,24.4035,23.5106,22.8841,23.7713,23.8839,23.5491,22.555,23.4318,23.7786,23.9257,23.9876
228,1:40:15 PM,22.6816,22.7333,22.8346,23.5417,24.5016,23.9106,24.1594,24.8479,24.8351,24.9643,23.5218,23.7416,23.5631,23.4478,23.7578,24.255,24.16,24.4606,24.8222,24.2762,23.9954,23.685,24.4377,23.3056,23.7119,23.0087,23.0673,22.5931,22.9594,24.1691,24.3229,24.1759,24.3603,24.131,24.632,24.0072,24.0212,23.628,23.3321,23.4196,24.1163,23.8672,24.2857,24.8471,25.0497,24.6957,24.442,25.1474,24.6228,23.9903,23.0727,22.4798,22.9779,23.381,24.6167,22.9494,23.4194,24.5174,24.5937,24.0995,23.9672,24.2822,24.1877,23.9259,24.3916,24.4247,23.4884,23.8401,24.1221,24.4763,23.0362,23.7427,23.7008,24.34,24.0759,22.4647,22.8598,23.5998,23.6947,24.505,24.3271,22.7237,22.5005,22.4268,24.2495,22.4752,22.9958,23.868,23.6947,23.9669,22.3684,22.7518,22.7457,23.8147,24.1328,23.3124,23.071,23.4877,23.2144,23.0708,23.4269,23.568,23.7942,23.9779,24.1548,23.3106,23.5896,23.1951,24.3016,24.3666,23.3824,22.749,23.6367,23.8231,23.4518,22.4434,23.275,23.628,23.8363,23.9007
229,1:40:35 PM,22.5241,22.6382,22.6572,23.4046,24.3759,23.9221,24.1155,24.8532,24.665,24.8462,23.4659,23.5645,23.4042,23.3231,23.69,24.212,24.0728,24.3642,24.6473,24.1063,23.7952,23.5616,24.313,23.1913,23.5764,23.0011,22.9455,22.4335,22.7916,24.0007,24.3354,24.1455,24.1829,24.119,24.7045,23.9237,23.9981,23.5564,23.38,23.3657,24.0545,23.8501,24.1269,24.6329,24.8942,24.6146,24.2381,25.0243,24.4429,23.9121,22.9453,22.2527,22.8859,23.1553,24.4257,22.9034,23.2546,24.3139,24.4617,24.023,23.9209,24.1774,24.1122,23.8036,24.2243,24.2595,23.4255,23.7445,23.9836,24.4373,22.779,23.629,23.6982,24.3953,24.0959,22.387,22.6922,23.4809,23.602,24.3559,24.2011,22.7047,22.3951,22.3338,24.2419,22.4284,22.8596,23.8509,23.5653,23.7922,22.2903,22.6013,22.7617,23.763,24.01,23.1422,23.0859,23.3824,23.1919,23.1977,23.2071,23.4564,23.6835,23.912,24.0482,23.1742,23.5662,23.2456,24.244,24.3541,23.2789,22.7,23.5438,23.6564,23.4238,22.4168,23.128,23.6026,23.7116,23.7662
230,1:40:55 PM,22.4612,22.5401,22.6315,23.268,24.2327,23.7731,24.1493,24.6812,24.666,24.7252,23.4152,23.3981,23.297,23.2148,23.5589,24.0515,23.9544,24.1702,24.6099,24.024,23.7684,23.4426,24.2465,23.1792,23.526,22.8369,22.842,22.344,22.8062,24.0169,24.0143,24.0256,24.1002,24.0639,24.5245,23.8144,23.7953,23.3814,23.2456,23.2876,23.9657,23.6693,24.0832,24.5506,24.7035,24.4953,24.259,24.8861,24.3288,23.8378,22.8161,22.1313,22.7428,23.045,24.3257,22.7317,23.2905,24.316,24.2183,23.8428,23.9534,24.0907,24.0112,23.6889,24.1113,24.2323,23.4104,23.6209,23.8996,24.2462,22.7399,23.559,23.5828,24.3482,24.2141,22.2903,22.5669,23.3316,23.4967,24.2334,24.0708,22.6022,22.4468,22.158,24.1946,22.4509,22.7803,23.8022,23.5433,23.6813,22.2817,22.5399,22.6917,23.674,23.9668,23.0209,22.8682,23.2022,23.0527,23.253,23.0955,23.2882,23.6332,23.8196,23.9692,23.0808,23.4526,23.1232,24.2042,24.3586,23.2832,22.6705,23.4455,23.6123,23.1887,22.2183,23.0732,23.4279,23.506,23.7338
231,1:41:15 PM,22.3651,22.5276,22.4789,23.2379,24.1382,23.5658,24.0157,24.5545,24.4946,24.609,23.332,23.3665,23.271,23.1833,23.4732,24.0823,23.9038,24.0691,24.4654,23.9416,23.767,23.3649,24.1351,23.1141,23.3942,22.7649,22.758,22.2866,22.6503,23.8655,23.857,23.89,24.0119,23.9581,24.4775,23.7693,23.8102,23.398,23.1297,23.1858,23.9094,23.657,23.975,24.4545,24.5446,24.3658,24.1111,24.8471,24.2801,23.7929,22.779,22.1134,22.6728,22.9008,24.1859,22.6662,23.3106,24.1416,24.1755,23.8616,24.0973,23.9521,23.9539,23.5491,24.1036,24.1376,23.3111,23.5136,23.8565,24.0774,22.7211,23.3963,23.4827,24.2376,24.0399,22.1779,22.4473,23.1997,23.3775,24.1036,24.0062,22.4291,22.2516,22.0618,24.1401,22.4354,22.7827,23.824,23.6406,23.6247,22.1588,22.3475,22.5523,23.559,23.7784,22.9099,22.7517,23.241,22.9936,23.2826,23.0349,23.2556,23.5257,23.649,23.7846,23.0474,23.3466,23.1041,24.183,24.3275,23.2169,22.6191,23.3946,23.5077,23.0655,22.194,23.0061,23.4628,23.3992,23.5777
232,1:41:35 PM,22.3034,22.4582,22.4718,23.1548,24.0336,23.476,23.8346,24.4739,24.2604,24.5362,23.3142,23.3333,23.1333,23.2658,23.3908,23.983,23.8793,23.9801,24.4556,23.8844,23.7226,23.2219,23.9893,23.1423,23.3247,22.623,22.6955,22.3544,22.6675,23.7697,23.7055,23.7813,23.9269,23.8113,24.5016,23.6835,23.7008,23.402,23.1344,23.2952,23.8371,23.5807,23.8718,24.5072,24.4799,24.2722,23.999,24.7494,24.0092,23.7083,22.6109,22.0619,22.5964,22.888,24.0915,22.8542,23.2649,24.0326,24.0095,23.8663,23.8604,23.9376,23.7583,23.5789,24.0328,24.0783,23.244,23.3657,23.7482,24.0015,22.7818,23.2849,23.3953,24.1583,24.0432,22.1511,22.3369,23.0988,23.2547,23.9677,23.8589,22.3935,22.0809,22.0189,23.9808,22.3715,22.7781,23.7667,23.5982,23.5541,22.0429,22.2093,22.5638,23.5665,23.7213,22.7487,22.659,23.2964,22.9781,23.0051,22.9276,23.1542,23.4008,23.5751,23.6592,22.9072,23.2304,22.9333,24.0496,24.1774,23.0893,22.5685,23.3373,23.3997,23.0018,22.1134,22.8705,23.2632,23.3323,23.4947
233,1:41:55 PM,22.2617,22.3242,22.3456,23.0436,23.9721,23.4991,23.4846,24.3114,24.182,24.4036,23.2577,23.3119,23.133,23.1388,23.2744,23.8913,23.8779,23.8752,24.3794,23.7416,23.606,23.2027,23.931,23.096,23.3575,22.5131,22.6422,22.3222,22.5199,23.5955,23.6652,23.7417,23.8683,23.7786,24.3936,23.6513,23.6059,23.3519,23.0728,23.1621,23.7052,23.5363,23.787,24.4414,24.395,24.2335,24.0181,24.5751,23.9096,23.681,22.551,22.0892,22.4664,22.7641,24.0113,22.7224,23.2749,23.8959,24.0022,23.6719,23.5837,23.8676,23.6627,23.5346,23.8546,23.9513,23.1213,23.3502,23.6455,23.9925,22.485,23.1463,23.3052,24.0448,23.9797,22.033,22.2443,22.9426,23.1838,23.8921,23.6752,22.3369,22.0002,21.9514,23.7759,22.2712,22.7337,23.6379,23.5526,23.5863,21.9311,22.2255,22.479,23.4793,23.626,22.6859,22.6168,23.158,22.8679,22.7831,22.8796,23.0243,23.3474,23.517,23.4541,22.7493,23.0777,22.8279,23.8481,24.0199,23.0818,22.4314,23.1833,23.2954,22.8766,22.0848,22.7659,23.2617,23.3543,23.4598
234,1:42:15 PM,22.2502,22.3112,22.2706,23.0425,23.8434,23.3687,23.3062,24.1158,24.0706,24.2637,23.2145,23.1879,22.9846,23.0212,23.2515,23.7562,23.7895,23.7701,24.2914,23.6918,23.5327,23.0414,23.8376,22.9897,23.2842,22.5032,22.6391,22.2078,22.3961,23.4822,23.6423,23.7974,23.7515,23.8507,24.2775,23.6061,23.5218,23.2275,23.0014,23.0128,23.6615,23.3427,23.7163,24.3556,24.3114,24.14,23.8812,24.5567,23.7532,23.5979,22.4904,21.983,22.4046,22.7016,23.9187,22.5952,23.0453,23.8732,23.822,23.4636,23.5009,23.6491,23.5341,23.3922,23.7602,23.8553,23.1237,23.2676,23.5296,23.8783,22.5336,23.1329,23.2894,23.8778,24.0031,21.9992,22.2221,22.8448,23.1092,23.7466,23.6113,22.2679,22.0764,21.9368,23.7094,22.1346,22.65,23.5305,23.3838,23.566,21.7882,22.0795,22.3383,23.4302,23.5709,22.5615,22.3472,22.9227,22.7925,22.8709,22.6902,22.9139,23.1489,23.4302,23.4901,22.7116,23.0167,22.7586,23.6264,24.0354,23.0076,22.2817,23.0859,23.2358,22.7639,21.9993,22.603,23.0405,23.2402,23.4208
235,1:42:35 PM,22.158,22.1631,22.0923,22.9164,23.7128,23.2478,23.1677,23.9372,24.0426,24.2003,23.1412,23.1208,22.9361,22.9096,23.0764,23.6342,23.6555,23.6621,24.1513,23.5531,23.4991,22.9927,23.6765,22.8251,23.172,22.343,22.4352,22.0031,22.2606,23.2904,23.643,23.8115,23.7562,23.7559,24.1533,23.5313,23.4038,23.1574,22.8321,22.8513,23.5368,23.2695,23.7276,24.232,24.2009,24.0648,23.8519,24.4399,23.6469,23.47,22.4727,21.8504,22.2898,22.5464,23.9048,22.4645,22.8875,23.8051,23.751,23.4483,23.3729,23.6103,23.4717,23.3309,23.7395,23.757,22.9972,23.246,23.418,23.8644,22.3986,23.0494,23.1721,23.7503,23.8249,21.8574,22.0691,22.7389,23.0068,23.6688,23.5541,22.0727,22.0531,21.8673,23.6263,22.0205,22.5736,23.4028,23.3787,23.6001,21.747,22.039,22.2008,23.3347,23.4668,22.5369,22.3573,22.8398,22.6804,22.8045,22.6285,22.8175,23.0305,23.3563,23.3945,22.6433,22.9089,22.605,23.5697,24.0685,22.9108,22.2232,23.0102,23.1202,22.8023,21.9004,22.5551,22.9426,23.1729,23.1809
236,1:42:55 PM,22.0744,22.1965,22.0511,22.8026,23.6969,23.1419,23.1855,23.9353,23.9303,24.1047,23.047,23.0611,22.8555,22.7858,23.0161,23.6365,23.5932,23.6637,24.0471,23.5576,23.5081,22.9375,23.5459,22.7684,23.1157,22.2289,22.3368,21.9945,22.1693,23.2405,23.5117,23.6965,23.5848,23.541,24.0808,23.4048,23.3838,23.0936,22.8619,22.8409,23.4845,23.1824,23.6695,24.1736,24.1779,23.9686,23.7219,24.3274,23.638,23.4809,22.337,21.6989,22.1798,22.4583,23.6832,22.3184,22.8555,23.6116,23.6879,23.4862,23.2797,23.5616,23.2595,23.1973,23.6558,23.5963,22.8231,23.1741,23.3955,23.7697,22.3372,23.0011,23.0981,23.6969,23.8113,21.7768,22.0297,22.6585,22.8635,23.6029,23.4648,22.0438,21.7844,21.7726,23.5749,21.9678,22.4477,23.2471,23.1457,23.4313,21.6628,21.9377,22.1756,23.3303,23.4194,22.4642,22.3116,22.8062,22.614,22.8488,22.5196,22.706,22.9643,23.2823,23.1487,22.5136,22.8909,22.5343,23.5443,24.1573,22.8315,22.1935,22.9077,22.9894,22.6477,21.9013,22.4149,23.0499,23.0203,23.1095
237,1:43:15 PM,22.0135,22.1729,22.0254,22.7675,23.5831,22.9944,23.1113,23.8443,23.8202,23.9138,22.904,23.0771,22.8272,22.8414,23.1131,23.4922,23.577,23.5872,23.9202,23.5014,23.3123,22.8071,23.3702,22.843,23.0999,22.2587,22.3267,22.0561,22.1807,23.1072,23.4622,23.5189,23.4885,23.3875,24.0727,23.3083,23.2543,23.0468,22.883,22.8492,23.5543,23.2445,23.7397,24.2016,24.2457,23.9596,23.6245,24.2236,23.5637,23.46,22.2987,21.7303,22.1593,22.3121,23.6003,22.3069,22.8798,23.5394,23.6245,23.5902,23.0631,23.4543,23.0952,23.1237,23.6305,23.6401,22.7901,23.138,23.2467,23.6264,22.1596,22.9089,23.1165,23.6668,23.5972,21.7967,21.9327,22.5414,22.773,23.5458,23.3812,21.9848,21.6292,21.6468,23.4163,21.9971,22.4166,23.1552,23.1987,23.3972,21.6371,21.8319,22.0971,23.1501,23.3683,22.2663,22.3636,22.7624,22.4266,22.6763,22.4777,22.6279,22.9158,23.1422,23.1396,22.3929,22.7264,22.4802,23.576,24.141,22.7528,22.0993,22.8031,22.925,22.6098,21.767,22.3955,23.0105,23.0078,23.1216
238,1:43:35 PM,21.9007,22.1127,22.0439,22.6029,23.3717,22.949,22.9638,23.736,23.8099,23.9125,22.9036,23.0616,22.8229,22.8257,23.0162,23.4549,23.5272,23.5172,23.91,23.4734,23.1826,22.7177,23.2823,22.7386,23.0772,22.1902,22.2558,21.9346,22.192,23.0133,23.34,23.3893,23.3757,23.2653,24.0758,23.2793,23.2459,23.0033,22.9022,22.8123,23.4614,23.1986,23.7456,24.2041,24.2066,23.8737,23.6238,24.1436,23.4739,23.412,22.2498,21.6204,22.0883,22.2354,23.5517,22.1893,22.8766,23.5153,23.6153,23.3314,22.8997,23.2495,22.9952,23.1097,23.5847,23.5252,22.6958,23.0143,23.1439,23.5953,22.0802,22.7443,22.9866,23.5758,23.5262,21.751,21.8512,22.477,22.6559,23.4444,23.3166,21.975,21.5611,21.6292,23.3596,21.9215,22.1956,23.1094,23.015,23.272,21.538,21.8017,22.028,23.1035,23.3272,22.2751,22.2217,22.7064,22.3452,22.7279,22.4258,22.4923,22.9129,23.0899,22.9939,22.2568,22.7598,22.3624,23.4594,23.859,22.7283,22.1275,22.7586,22.9376,22.6298,21.7585,22.3929,23.0348,22.9405,23.0909
239,1:43:55 PM,21.9443,21.9832,21.9358,22.5718,23.3216,22.7784,22.8865,23.5006,23.6262,23.8324,22.9102,23.0637,22.7299,22.7803,23.0872,23.3383,23.475,23.398,23.7598,23.4331,22.9589,22.5839,23.2346,22.6239,22.9831,22.1605,22.2493,21.9324,22.1613,22.9553,23.3145,23.2682,23.2656,23.1513,23.9539,23.1951,23.0591,22.9479,22.8667,22.8614,23.384,23.1645,23.7696,24.1595,24.1218,23.7593,23.4848,23.9944,23.442,23.2954,22.2308,21.703,22.0968,22.2158,23.4035,22.1949,22.7557,23.4553,23.4356,23.3122,22.745,23.1934,23.0571,23.0637,23.5663,23.4718,22.6768,22.8915,23.0285,23.4643,22.0387,22.6658,22.9611,23.5095,23.5205,21.6989,21.9017,22.4353,22.5908,23.3439,23.2096,21.928,21.5646,21.4502,23.2213,21.9644,22.1972,23.0856,23.0973,23.3079,21.5625,21.7223,21.9855,22.9544,23.193,22.1979,22.1598,22.5578,22.3338,22.5869,22.4082,22.5029,22.8209,23.0371,23.2028,22.2177,22.5653,22.3489,23.2379,23.644,22.758,22.0128,22.7737,22.8457,22.4904,21.5552,22.3438,22.931,22.962,23.1775
240,1:44:15 PM,21.928,21.9491,21.8954,22.5503,23.2406,22.6931,22.8519,23.4055,23.6186,23.661,22.848,22.9573,22.6182,22.6815,22.9436,23.2699,23.3354,23.3123,23.6563,23.3373,22.769,22.5377,23.1826,22.4437,22.9151,22.1708,22.1919,21.9284,22.1186,22.8375,23.0099,23.1579,23.2039,23.1226,23.7863,23.0449,23.0936,22.8558,22.8688,22.8192,23.2866,23.1392,23.5777,24.1658,24.081,23.6068,23.3349,23.9125,23.3662,23.1287,22.11,21.5901,21.9592,22.1386,23.3996,22.1446,22.7609,23.2746,23.356,23.2186,22.7719,23.1481,22.9164,23.0881,23.5362,23.332,22.6697,22.7599,22.9852,23.3243,22.1801,22.5323,22.9008,23.4634,23.4659,21.5814,21.7617,22.314,22.5416,23.1988,23.1722,21.8005,21.5951,21.3923,23.1032,21.8746,22.1707,23.0723,23.0273,23.3792,21.4854,21.7025,21.8148,22.9099,23.2094,22.1779,22.0539,22.5004,22.2293,22.4153,22.3079,22.374,22.7464,22.9639,23.1541,22.2422,22.4711,22.2548,23.2976,23.755,22.724,21.9851,22.7058,22.7526,22.4449,21.6571,22.211,22.9467,22.8769,23.146
241,1:44:35 PM,21.7948,21.826,21.8749,22.4456,23.1173,22.6957,22.7956,23.2123,23.5668,23.5199,22.7022,22.8671,22.5873,22.6056,22.8352,23.2004,23.2078,23.1968,23.5766,23.2095,22.6064,22.4117,23.0159,22.2904,22.7344,22.0364,22.2038,21.8365,22.1409,22.8404,23.0582,23.1855,23.0831,23.1824,23.6885,22.964,22.9786,22.7002,22.7155,22.7068,23.2432,23.0254,23.4445,24.0499,24.0764,23.4893,23.4218,23.8569,23.3349,23.1188,22.0556,21.5455,21.9411,22.1778,23.2646,22.0432,22.7079,23.2557,23.1787,23.2669,22.813,23.1586,22.898,22.9888,23.4551,23.2537,22.6222,22.7151,22.9575,23.2596,22.2022,22.5025,22.8519,23.4178,23.3929,21.5961,21.813,22.2171,22.487,23.2013,23.0488,21.7141,21.6364,21.4969,22.9277,21.836,22.0314,22.8943,23.0562,23.4008,21.3544,21.6301,21.8141,22.8069,23.0989,22.1276,22.0682,22.4069,22.1225,22.1683,22.2371,22.3546,22.7393,22.8595,23.0627,22.1731,22.3778,22.2807,23.1235,23.827,22.6567,21.9412,22.6324,22.6979,22.2572,21.5594,22.1349,22.8998,22.859,23.0079
242,1:44:55 PM,21.7113,21.8306,21.7299,22.4277,23.058,22.6643,22.7192,23.2261,23.4953,23.5461,22.6953,22.7386,22.4939,22.3844,22.7174,23.0565,23.1218,23.159,23.4859,23.0844,22.6268,22.4378,23.07,22.3025,22.7396,22.03,22.0832,21.7561,22.1143,22.8095,23.0133,23.0284,23.0858,23.1116,23.5858,22.9411,22.8432,22.6167,22.4992,22.6472,23.1302,22.9946,23.3722,23.9945,23.9866,23.4439,23.3747,23.7873,23.2266,23.1014,21.9143,21.4367,21.8536,22.0736,23.1752,22.1287,22.6266,23.1584,23.1779,23.1168,22.7776,23.0736,22.778,22.8981,23.3103,23.1893,22.4577,22.6945,22.8626,23.1805,22.16,22.4501,22.6879,23.3172,23.4554,21.5199,21.7009,22.1497,22.4484,23.1082,22.9989,21.5466,21.6517,21.3739,22.8608,21.7399,21.9723,22.9868,22.9914,23.5539,21.3642,21.5482,21.7509,22.8739,23.0998,22.0369,22.1187,22.5342,22.1868,22.1552,22.1384,22.2891,22.6645,22.8683,23.0832,22.1093,22.3157,22.2833,23.2001,23.9751,22.4964,22.0326,22.545,22.5677,22.1713,21.6486,22.1144,22.6619,22.7186,22.9096
243,1:45:15 PM,21.6611,21.7345,21.7127,22.33,23.0806,22.7457,22.6694,23.2796,23.3867,23.5763,22.6498,22.5839,22.372,22.3759,22.5464,23.0004,23.0389,23.1423,23.524,23.1065,22.7714,22.3846,22.9849,22.4033,22.7158,21.8722,21.9916,21.7128,21.9997,22.6898,22.981,22.9573,23.108,23.0826,23.5367,22.8267,22.8179,22.5485,22.5432,22.5443,23.0752,22.9459,23.2419,23.9148,23.9613,23.3816,23.2814,23.6296,23.1998,23.1268,21.9374,21.3675,21.8604,21.9832,23.0863,22.1856,22.5764,23.0648,23.0654,23.1224,22.7046,23.0866,22.7052,22.7966,23.3085,23.091,22.4287,22.5768,22.7748,23.0952,21.9121,22.4236,22.7194,23.3221,23.3435,21.4156,21.6306,22.0564,22.3623,23.0078,22.8299,21.483,21.4984,21.2712,22.7611,21.7166,22.0255,22.8854,23.0357,23.4872,21.3698,21.4878,21.8544,22.8661,22.9797,22.0927,22.1087,22.4997,22.1212,21.9316,22.0874,22.1634,22.5029,22.78,22.7712,22.0681,22.2189,22.1266,23.1512,24.0555,22.4628,21.9166,22.5285,22.5401,22.039,21.5769,21.9688,22.6006,22.7265,22.9807
244,1:45:35 PM,21.7066,21.7287,21.5582,22.2668,22.9342,22.6597,22.6103,23.3541,23.2933,23.4921,22.6025,22.554,22.3345,22.2991,22.5005,22.9776,23.0036,23.1268,23.4962,23.1236,22.7693,22.5043,23.0625,22.3627,22.7299,21.815,21.9525,21.6463,21.882,22.6257,22.8852,22.8737,23.082,22.908,23.5006,22.9008,22.7101,22.5539,22.5395,22.5241,23.0573,22.8483,23.0887,23.7498,23.9064,23.2341,23.201,23.5462,23.0015,23.0759,21.7634,21.2491,21.6456,21.8948,23.026,22.2553,22.5157,23.0207,23.1469,22.9917,22.6807,23.0173,22.7136,22.8723,23.2615,22.9553,22.3906,22.5772,22.6726,23.0174,21.8558,22.3514,22.6314,23.2544,23.2553,21.2553,21.464,22.0228,22.2633,22.9099,22.8018,21.4112,21.4283,21.2231,22.8021,21.7088,21.967,22.8689,23.0418,23.4838,21.253,21.452,21.6338,22.7353,22.9101,21.955,21.9894,22.3947,22.0971,21.8693,22.0286,22.0941,22.4405,22.7175,22.713,21.9164,22.2062,22.0589,23.3206,24.0026,22.3752,21.8695,22.4226,22.436,22.0546,21.5302,21.8537,22.475,22.7264,22.9476
245,1:45:55 PM,21.6774,21.6844,21.6712,22.2383,22.8512,22.5489,22.6267,23.2389,23.2094,23.4234,22.5322,22.5701,22.2906,22.3646,22.5151,22.8878,22.9265,23.0871,23.4173,23.1457,22.6306,22.3787,22.9677,22.4109,22.6867,21.7949,21.9194,21.6043,21.736,22.5338,22.8782,22.7141,22.9797,22.8715,23.5575,22.7892,22.7194,22.6113,22.4992,22.4843,23.0366,22.7014,23.0556,23.6216,23.9208,23.2314,23.2308,23.4964,22.9963,23.035,21.8206,21.3261,21.6408,21.792,23.0278,22.0603,22.4417,23.0224,23.1139,23.014,22.5894,22.885,22.6462,22.8318,23.21,22.9314,22.3194,22.5058,22.5928,23.0329,22.0193,22.3556,22.4819,23.167,23.1352,21.3095,21.5068,21.9782,22.2087,22.8739,22.7661,21.4811,21.3315,21.2469,22.8545,21.693,21.9291,22.874,22.9469,23.4006,21.2281,21.3553,21.4667,22.6159,22.8534,21.9009,21.9258,22.2533,22.0178,22.0716,21.9902,22.0842,22.443,22.6489,22.6974,21.959,22.1815,21.9991,23.1927,23.7877,22.3556,21.8875,22.45,22.3666,22.093,21.41,21.8359,22.5635,22.6763,22.8521
246,1:46:15 PM,21.6498,21.5988,21.6844,22.2202,22.8244,22.4994,22.6219,23.1894,23.2315,23.3693,22.4566,22.5799,22.2725,22.1779,22.4866,22.7435,22.8981,23.0165,23.2964,23.1296,22.5741,22.2432,22.8028,22.2102,22.6984,21.8389,21.8811,21.6422,21.8083,22.5308,22.9392,22.6932,22.932,22.7689,23.3355,22.7581,22.6587,22.5078,22.2869,22.3318,22.9997,22.7443,23.122,23.5653,23.7887,23.1406,23.139,23.4308,22.824,22.9627,21.7554,21.2454,21.5609,21.8107,22.9076,21.8842,22.4243,22.9275,23.0009,22.9439,22.5185,22.7651,22.5794,22.7574,23.2031,22.9148,22.3193,22.4485,22.5736,23.0648,21.9849,22.3339,22.3665,23.0469,23.0725,21.3265,21.4522,21.8952,22.1368,22.7902,22.7444,21.4068,21.2905,21.3051,22.8945,21.5701,21.8762,22.7352,22.9014,23.3058,21.1252,21.3902,21.3996,22.575,22.679,21.773,21.8516,22.0605,21.8754,22.0935,21.9187,21.961,22.4156,22.6155,22.9385,21.9328,22.098,22.1382,23.0337,23.6793,22.237,21.8782,22.3859,22.3818,21.9779,21.3034,21.8195,22.4847,22.5076,22.8204
247,1:46:35 PM,21.5777,21.6382,21.5121,22.1137,22.6589,22.467,22.5538,22.9561,23.2168,23.3017,22.4241,22.5565,22.2647,22.2901,22.3943,22.6814,22.8248,22.9449,23.3029,23.1866,22.4059,22.1074,22.6178,22.1581,22.6787,21.8711,21.8869,21.6444,21.8736,22.411,22.7816,22.682,22.7856,22.8455,23.2999,22.696,22.6211,22.5333,22.3255,22.3686,22.9643,22.8026,23.0842,23.6279,23.6723,23.0977,23.0404,23.4283,22.8426,22.8626,21.7932,21.2014,21.5415,21.764,22.8451,21.8591,22.4436,22.7635,23.0286,22.9596,22.448,22.7122,22.4376,22.6905,23.2233,22.8653,22.2449,22.4211,22.5311,23.0253,21.8489,22.1512,22.4198,22.9119,22.9914,21.2984,21.3992,21.7943,22.1054,22.7246,22.6947,21.4238,21.3828,21.1804,22.847,21.5855,21.83,22.6812,22.9206,23.3213,21.156,21.2549,21.3478,22.5004,22.6492,21.793,21.8908,22.0347,21.8234,22.1754,21.8849,21.9703,22.3218,22.5212,22.8017,22.0153,22.0799,22.0617,22.7927,23.6745,22.3024,21.7656,22.2972,22.2698,21.8922,21.2749,21.7852,22.399,22.4711,22.8409
248,1:46:55 PM,21.5397,21.5509,21.4433,22.0712,22.6685,22.5058,22.4964,22.8793,23.1193,23.2188,22.4502,22.4805,22.1048,22.1789,22.4461,22.6382,22.7743,22.8067,23.1703,23.1634,22.4167,22.0829,22.5308,22.098,22.5527,21.8423,21.8037,21.5686,21.8359,22.4022,22.6736,22.7366,22.813,22.9798,23.2825,22.6334,22.5729,22.4506,22.2934,22.2782,22.8805,22.7288,23.1065,23.5905,23.7245,23.0352,22.9986,23.3796,22.8044,22.9752,21.7105,21.2455,21.4337,21.7299,22.7953,21.9055,22.4272,22.7516,22.8736,22.866,22.5162,22.7024,22.4746,22.6986,23.1758,22.7496,22.1425,22.3816,22.4767,22.936,21.6824,22.1257,22.424,22.8447,23.0604,21.2061,21.3504,21.7687,22.0621,22.6678,22.6778,21.2629,21.3816,21.1582,22.8664,21.5049,21.8316,22.5765,22.8105,23.2457,21.023,21.2479,21.3582,22.3304,22.6314,21.7164,21.7539,21.972,21.8081,22.0268,21.7985,21.9141,22.367,22.4127,22.6713,21.9226,22.0219,22.0085,22.7511,23.752,22.2828,21.6703,22.2592,22.2536,21.9712,21.2717,21.6696,22.3816,22.5276,22.7639
249,1:47:15 PM,21.529,21.5256,21.4853,22.0037,22.6114,22.4507,22.4531,22.8705,23.1206,23.1663,22.3737,22.3018,22.1612,22.1231,22.3817,22.5807,22.8163,22.7749,23.1913,23.1186,22.3197,22.1339,22.5588,22.0707,22.6418,21.7085,21.7297,21.5059,21.7115,22.3556,22.7367,22.7035,22.7042,22.9327,23.2873,22.5652,22.5389,22.367,22.2528,22.2532,22.7783,22.6771,23.088,23.5676,23.6653,23.0158,22.9561,23.2485,22.7128,22.9723,21.6978,21.173,21.3889,21.6865,22.7761,21.9168,22.3867,22.6728,22.8,22.8444,22.555,22.6407,22.4658,22.5823,23.044,22.729,22.0945,22.2597,22.4596,22.8289,21.5645,21.978,22.4469,22.8825,23.0909,21.2227,21.2071,21.7632,22.0054,22.628,22.6611,21.2138,21.445,21.0662,22.8064,21.4432,21.8215,22.6147,22.5889,23.1224,21.0547,21.2218,21.285,22.2794,22.6034,21.6037,21.5272,21.9274,21.7435,22.1304,21.7237,21.8627,22.262,22.34,22.5069,21.8861,21.9351,21.9809,22.6854,23.8554,22.2456,21.6261,22.1681,22.153,21.9195,21.261,21.6365,22.2913,22.4653,22.7647
250,1:47:35 PM,21.5308,21.4603,21.4225,21.9918,22.5364,22.3479,22.4057,22.8488,23.0709,23.1219,22.2821,22.3234,22.0535,22.033,22.3465,22.5168,22.7664,22.6185,23.1062,23.0457,22.2706,22.0988,22.4806,22.0503,22.5838,21.688,21.6523,21.4699,21.6131,22.2767,22.6785,22.6634,22.6996,22.8977,23.2372,22.5792,22.5192,22.2517,22.0914,22.1716,22.6814,22.6006,22.9504,23.5835,23.6768,22.8599,22.8814,23.1905,22.5723,22.8296,21.6481,21.1225,21.2812,21.6334,22.8138,21.8714,22.3904,22.7468,22.7119,22.6783,22.3818,22.5744,22.309,22.5288,23.11,22.7016,22.091,22.2485,22.3855,22.7321,21.5325,22.02,22.3764,22.8788,23.0831,21.1183,21.2475,21.6463,22.0849,22.5479,22.493,21.1465,21.3735,21.1263,22.7427,21.531,21.7124,22.5687,22.5423,23.0885,21.0121,21.1259,21.1895,22.1423,22.5204,21.5082,21.3815,21.7828,21.507,22.067,21.7038,21.8136,22.2353,22.2773,22.4837,21.8973,21.9794,21.9845,22.7896,23.6752,22.1791,21.6658,22.1574,22.098,22.0264,21.1766,21.5809,22.202,22.4238,22.6996
251,1:47:55 PM,21.5293,21.478,21.4113,22.045,22.4046,22.3199,22.4419,22.8759,22.9868,23.0474,22.2308,22.3169,22.0123,22.1215,22.3151,22.54,22.6836,22.6775,23.0492,23.0509,22.2846,22.0346,22.4599,22.0656,22.5503,21.6361,21.7531,21.5064,21.5058,22.1813,22.7186,22.5267,22.6054,22.7167,23.1747,22.5746,22.4575,22.2167,22.1726,22.177,22.5631,22.5425,23.038,23.3918,23.6295,22.8115,22.8297,23.1407,22.5325,22.7533,21.6388,21.1305,21.4109,21.583,22.7068,21.7974,22.2444,22.6463,22.7807,22.7116,22.3476,22.5778,22.3104,22.4939,22.9913,22.7848,22.0209,22.19,22.3342,22.7237,21.5369,22.0011,22.2782,22.7481,22.9474,21.1231,21.2197,21.5635,22.0056,22.5166,22.5156,21.1243,21.4949,21.0597,22.4459,21.4867,21.7864,22.549,22.6086,23.1848,21.1072,21.0789,21.1137,22.1823,22.5031,21.5629,21.3466,21.6868,21.5725,22.0066,21.7152,21.7996,22.2066,22.1887,22.4022,21.856,21.9598,21.8795,22.7405,23.4779,22.1764,21.7929,22.1149,22.1505,22.0095,21.225,21.6758,22.2196,22.4385,22.6419
252,1:48:15 PM,21.4609,21.481,21.4252,21.9403,22.4391,22.1415,22.3188,22.7323,22.8232,22.9546,22.2405,22.3222,22.0894,22.0379,22.3927,22.4748,22.6515,22.592,23.0454,23.0082,22.2428,21.9903,22.3866,22.0479,22.5515,21.5909,21.7082,21.4424,21.527,22.1892,22.5564,22.431,22.5368,22.6499,22.9454,22.4782,22.4859,22.2456,22.2592,22.1613,22.617,22.5462,22.9731,23.3729,23.538,22.7827,22.7878,23.0825,22.4873,22.7074,21.6507,21.0783,21.3206,21.5099,22.642,21.6969,22.1661,22.6058,22.6483,22.5759,22.2214,22.5109,22.2244,22.4884,22.9531,22.7468,22.0077,22.1547,22.2634,22.7279,21.7152,21.9883,22.2701,22.6482,22.8561,21.1682,21.1363,21.5618,21.9359,22.4472,22.4841,21.1064,21.4419,21.0547,22.3989,21.3981,21.736,22.5464,22.5352,23.0898,21.0555,21.0408,21.1091,22.2374,22.4932,21.5786,21.4426,21.7782,21.6313,21.9947,21.7149,21.6979,22.1809,22.268,22.5299,21.8292,21.904,21.8798,22.7361,23.2639,22.1514,21.7184,22.0533,22.1122,21.9069,21.1607,21.6503,22.2543,22.3706,22.5567
253,1:48:35 PM,21.3846,21.4694,21.4229,21.9324,22.3783,22.1051,22.2891,22.6872,22.7875,22.8092,22.2544,22.3131,22.1266,22.1697,22.4137,22.3971,22.6608,22.6336,22.9542,22.9391,22.179,21.9344,22.3572,22.0221,22.452,21.6507,21.6518,21.3409,21.4645,22.0819,22.5281,22.371,22.5127,22.4769,22.996,22.4715,22.3387,22.3239,22.2591,22.2698,22.5911,22.5029,22.9865,23.305,23.492,22.8021,22.7916,23.0611,22.4206,22.6453,21.5642,21.0456,21.2999,21.4351,22.503,21.5983,22.1814,22.6033,22.5922,22.7199,22.1702,22.5042,22.1439,22.5548,22.9324,22.6613,21.9789,22.1408,22.2382,22.6704,21.6228,22.0076,22.2501,22.5282,22.6843,21.0641,21.2174,21.5364,21.8878,22.3765,22.4296,21.0929,21.4227,21.0139,22.3218,21.383,21.7037,22.5492,22.4673,23.0911,20.9815,21.0233,21.1645,22.3538,22.5802,21.5627,21.3166,21.8059,21.7011,22.1559,21.6262,21.6627,22.1281,22.1736,22.4168,21.6962,21.8206,21.871,22.5814,23.2308,22.0811,21.6969,22.0265,22.0707,21.9176,21.3277,21.6329,22.3438,22.3051,22.3679
254,1:48:55 PM,21.3523,21.3909,21.2403,21.8185,22.2507,22.048,22.1363,22.5422,22.7131,22.7823,22.1279,22.3086,22.088,22.1886,22.3298,22.3778,22.5965,22.5631,22.9465,22.9458,22.1368,22.0286,22.4355,22.1672,22.364,21.5815,21.6023,21.2475,21.4288,21.9497,22.4137,22.304,22.4459,22.4471,22.953,22.3724,22.4012,22.3183,22.2888,22.2433,22.6021,22.4416,22.7967,23.4035,23.5581,22.757,22.7479,23.0343,22.3774,22.573,21.623,21.0363,21.2363,21.4298,22.4724,21.5943,22.1537,22.5546,22.5728,22.6405,22.1742,22.3454,22.1883,22.5581,22.8521,22.6073,21.9656,22.0757,22.2277,22.6382,21.5963,21.9758,22.2883,22.5028,22.7822,21.0959,21.1209,21.53,21.9346,22.2796,22.3313,21.1827,21.4041,21.043,22.2905,21.3405,21.6282,22.3995,22.465,23.0158,20.9748,21.0209,21.2487,22.3554,22.5599,21.5811,21.1837,21.7163,21.7593,21.9301,21.6505,21.6793,22.0615,22.1896,22.6107,21.8214,21.7925,21.8149,22.6959,23.2968,22.0763,21.6575,22.0021,22.0696,21.9551,21.2684,21.5852,22.1832,22.3237,22.3949
255,1:49:15 PM,21.2643,21.3396,21.2003,21.7068,22.2594,22.0425,22.1692,22.4476,22.784,22.7631,22.0961,22.1828,21.9728,22.0789,22.2692,22.3389,22.5949,22.5641,22.8569,22.9425,22.0866,22.0123,22.3952,22.1077,22.2746,21.574,21.6204,21.2258,21.4732,21.9694,22.3812,22.3143,22.3029,22.4695,22.9641,22.3703,22.3068,22.2388,22.2584,22.3753,22.6274,22.3679,22.8051,23.2285,23.4934,22.7384,22.7836,22.9021,22.4282,22.6349,21.5521,21.0261,21.2535,21.3913,22.4188,21.6005,22.1792,22.5426,22.5779,22.6434,22.032,22.326,22.1307,22.4909,22.8362,22.5344,21.9497,22.0219,22.2425,22.6991,21.4763,21.8805,22.1542,22.5292,22.7496,21.0556,21.1202,21.4776,21.8719,22.2558,22.3467,21.105,21.3491,20.9539,22.2943,21.2592,21.6089,22.4726,22.508,23.1082,20.8744,20.8649,21.2004,22.3561,22.5423,21.5282,21.0908,21.672,21.692,21.9442,21.516,21.5815,22.0122,22.1469,22.4537,21.7049,21.7335,21.7842,22.5914,23.3155,22.1063,21.7315,22.0599,22.0468,21.9815,21.2017,21.5869,22.1249,22.2035,22.2892
256,1:49:35 PM,21.2759,21.3216,21.1864,21.7503,22.2503,22.0544,22.1326,22.4809,22.7237,22.735,22.1533,22.1624,21.9101,22.0192,22.2655,22.2861,22.464,22.5394,22.9074,23.0013,22.1397,22.0512,22.3679,22.0771,22.2783,21.4601,21.5997,21.3017,21.3447,21.943,22.4198,22.2806,22.2622,22.4918,22.9999,22.3462,22.3021,22.2604,22.2917,22.2237,22.5815,22.4199,22.8046,23.2114,23.3895,22.6274,22.8145,22.8619,22.3772,22.5806,21.5215,21.1024,21.2793,21.3734,22.3623,21.5196,22.0846,22.4609,22.5483,22.6197,21.9911,22.2675,22.0161,22.4065,22.9053,22.4324,21.9109,21.987,22.1584,22.6081,21.4164,21.8544,22.1843,22.451,22.7673,21.0478,21.1469,21.4422,21.9929,22.2469,22.2399,21.1045,21.276,20.9883,22.2907,21.2709,21.5527,22.3836,22.5944,23.0363,20.8713,20.9203,21.225,22.1302,22.5574,21.4153,21.1068,21.4672,21.6596,21.9551,21.5733,21.6073,22.0395,22.2064,22.6317,21.7104,21.7822,21.762,22.6375,23.4769,21.9982,21.6366,21.9758,21.9714,21.8286,21.0187,21.5273,22.0703,22.1779,22.2121
257,1:49:55 PM,21.2448,21.3175,21.1655,21.7091,22.2232,22.062,22.1001,22.4735,22.5816,22.641,22.1236,22.0383,21.84,22.031,22.2365,22.249,22.45,22.4125,22.7517,22.9002,22.1652,22.0688,22.2444,22.0686,22.2579,21.4734,21.5906,21.2239,21.3933,21.9876,22.4626,22.1977,22.2831,22.4695,22.9864,22.3509,22.2535,22.1432,22.1518,22.1517,22.5526,22.3978,22.7813,23.2328,23.3882,22.6214,22.7291,22.8194,22.4514,22.6691,21.5098,20.9889,21.1576,21.3132,22.3719,21.3649,22.0903,22.3702,22.5653,22.6409,22.0188,22.2011,22.0142,22.4621,22.8218,22.4497,21.8524,21.9529,22.1429,22.5449,21.3916,21.8404,22.1057,22.4355,22.7209,20.9885,21.147,21.4324,21.8829,22.1675,22.2714,21.0209,21.2177,20.9218,22.2493,21.2322,21.6025,22.4311,22.4857,23.0772,20.7604,20.8137,21.1335,22.1912,22.5247,21.4828,21.2394,21.7142,21.5817,22.2008,21.5454,21.5785,21.9865,22.1589,22.4067,21.6327,21.7787,21.6836,22.5169,23.4284,21.9683,21.5722,21.9717,21.9556,21.8331,21.0111,21.5411,22.035,22.1514,22.1326
258,1:50:15 PM,21.1774,21.2213,21.2182,21.8026,22.1142,22.0377,22.139,22.3475,22.4943,22.5329,22.0998,22.0621,21.8573,21.9485,22.2535,22.2692,22.4544,22.4197,22.761,22.8299,22.1635,22.0172,22.2088,22.0521,22.3086,21.3868,21.514,21.4095,21.4372,21.9547,22.3345,22.2109,22.2934,22.4483,22.8547,22.3602,22.2197,22.161,22.0999,21.9672,22.4526,22.3618,22.8098,23.1453,23.3644,22.6684,22.6939,22.8032,22.4361,22.6403,21.395,20.9086,21.1666,21.3034,22.3404,21.3953,22.0527,22.416,22.4361,22.5516,21.9658,22.2333,22.02,22.306,22.9002,22.4604,21.8696,21.9334,22.0257,22.5476,21.3533,21.7796,22.1062,22.2961,22.6754,20.9284,21.05,21.3761,21.869,22.1743,22.2169,21.0266,21.1815,20.8805,22.1736,21.1672,21.5399,22.2754,22.3959,23.0612,20.7462,20.8406,21.1021,22.1715,22.4972,21.4231,21.2076,21.5622,21.5658,21.8657,21.4595,21.5585,21.958,21.985,22.3335,21.4713,21.664,21.5965,22.461,23.3257,21.8698,21.4995,21.9056,21.8438,21.9228,20.9362,21.4802,22.0615,22.1458,22.2226
259,1:50:35 PM,21.1504,21.2134,21.2374,21.76,22.1275,22.0339,22.0368,22.2839,22.3858,22.4557,22.035,22.0631,21.7911,21.8997,22.2918,22.2614,22.4061,22.3686,22.6906,22.8148,22.1997,21.8817,22.2452,21.9479,22.2219,21.3621,21.4848,21.2985,21.4544,21.8921,22.2278,22.1216,22.2217,22.4237,22.8775,22.2712,22.1215,22.0439,22.1154,22.1002,22.3888,22.3118,22.714,23.0558,23.3756,22.6036,22.6684,22.808,22.3658,22.6305,21.375,20.8985,21.0842,21.2811,22.3217,21.3696,22.0408,22.4194,22.3897,22.5268,21.9776,22.2073,22.0237,22.3189,22.8224,22.4933,21.78,21.9039,22.0277,22.6019,21.4141,21.8092,22.02,22.4005,22.6897,20.8749,21.0462,21.326,21.8059,22.162,22.1551,20.9956,21.329,20.7111,22.0098,21.1719,21.4839,22.2818,22.208,23.1157,20.6203,20.784,20.8886,22.3407,22.5048,21.3641,21.2096,21.5987,21.5295,21.7149,21.4485,21.4929,21.8835,22.0092,22.18,21.3994,21.5913,21.5987,22.3113,23.2824,21.9206,21.4585,21.8952,21.7771,21.9337,20.8627,21.4257,22.0001,22.056,22.1578
260,1:50:55 PM,21.0474,21.1685,21.2065,21.8112,22.0996,22.0711,22.0424,22.3443,22.4905,22.4448,22.0039,22.0003,21.7348,21.8069,22.1463,22.247,22.3523,22.3454,22.6297,22.8306,22.1918,21.8673,22.212,21.9239,22.1893,21.3206,21.387,21.2098,21.4655,21.8705,22.1248,22.1977,22.2519,22.4167,22.7983,22.2461,22.1506,22.0259,22.0104,21.9939,22.379,22.2806,22.7149,23.0812,23.2569,22.5593,22.5654,22.7237,22.2966,22.5912,21.3698,20.9418,21.1041,21.2999,22.2789,21.3839,21.9385,22.3632,22.354,22.4601,21.957,22.1028,21.9759,22.2004,22.821,22.3633,21.7499,21.8787,22.0203,22.5941,21.2873,21.7667,21.9848,22.2524,22.5144,20.908,21.0134,21.3081,21.7179,22.1686,22.1335,20.9699,21.3493,20.6818,22.1274,21.0438,21.4215,22.2368,22.2433,23.1141,20.6905,20.7907,20.7764,22.2956,22.5575,21.2927,21.1295,21.5407,21.5512,21.6778,21.3953,21.4433,21.78,21.9263,22.3508,21.3417,21.5519,21.5151,22.2516,23.4415,21.8277,21.4254,21.8704,21.8258,21.7749,20.8561,21.3492,21.922,22.0575,22.2024
261,1:51:15 PM,21.1007,21.1328,21.1052,21.7079,22.0758,22.0059,21.9821,22.278,22.4459,22.412,21.9424,21.964,21.704,21.7779,22.1318,22.2093,22.3671,22.3305,22.6667,22.7595,22.0482,21.7687,22.1506,21.664,22.1929,21.3102,21.3001,21.0757,21.3208,21.8415,22.2879,22.0855,22.2396,22.4179,22.7989,22.2072,22.0379,21.9971,21.9395,21.9817,22.4757,22.2885,22.6561,23.0819,23.2519,22.4193,22.5243,22.7191,22.2467,22.4993,21.2923,20.9042,20.9894,21.2015,22.2039,21.4297,21.985,22.3169,22.3439,22.4511,21.9445,22.0944,21.9343,22.2293,22.7771,22.2893,21.7923,21.8139,21.9967,22.4826,21.2908,21.8336,21.9295,22.2817,22.5082,20.8342,21.0235,21.29,21.6333,22.0562,22.1843,20.959,21.2257,20.673,21.9963,21.1232,21.4625,22.2892,22.3133,23.0841,20.6626,20.7237,20.8002,22.3155,22.5403,21.2967,21.0387,21.4899,21.5659,21.7323,21.3721,21.4265,21.82,21.9484,22.1833,21.4163,21.5551,21.5406,22.2601,23.6254,21.8808,21.4372,21.8062,21.7483,21.6174,20.8759,21.3094,21.7818,22.0668,22.2216
262,1:51:35 PM,21.0957,21.1001,21.0653,21.6483,22.0585,22.0129,21.9876,22.2205,22.3635,22.4078,21.885,21.8653,21.6723,21.755,22.0325,22.1107,22.337,22.3283,22.6199,22.74,21.9676,21.7953,21.9978,21.6756,22.1909,21.3252,21.2524,21.1464,21.2845,21.8549,22.1926,22.0649,22.2471,22.3688,22.6861,22.1295,22.0816,21.9428,21.8072,21.8273,22.4463,22.2712,22.6115,23.1338,23.2258,22.4979,22.4836,22.6581,22.1304,22.5052,21.2372,20.8722,20.9912,21.1933,22.1811,21.3487,21.9327,22.3157,22.2965,22.3895,21.8801,22.0915,21.8954,22.1321,22.6936,22.2358,21.6738,21.7731,22.0252,22.439,21.2967,21.6784,21.9626,22.2641,22.3264,20.854,20.8726,21.2253,21.593,22.0043,22.0452,20.9182,21.2144,20.7572,21.9769,21.039,21.3248,22.2113,22.348,22.9232,20.6827,20.67,20.689,22.2068,22.4399,21.2111,20.9653,21.4765,21.5545,21.553,21.3638,21.386,21.7459,21.9663,22.0477,21.4426,21.559,21.5566,22.2192,23.3953,21.8483,21.3837,21.8191,21.7602,21.502,20.788,21.2908,21.7783,21.9766,22.2212
263,1:51:55 PM,21.0848,21.0692,21.036,21.5974,22.0496,21.9891,21.917,22.1572,22.3513,22.4172,21.8372,21.8606,21.6341,21.7494,22.0471,22.0757,22.2228,22.2008,22.494,22.6986,21.9235,21.7213,21.9888,21.5578,22.1476,21.2512,21.2829,21.1782,21.2469,21.6927,22.1983,22.0475,22.1439,22.2204,22.6965,22.0954,21.9929,21.9617,21.857,21.9127,22.3282,22.1512,22.5504,23.0202,23.2137,22.478,22.4698,22.6694,22.1109,22.4753,21.2429,20.763,20.9485,21.1232,22.181,21.3674,21.8454,22.3039,22.3326,22.4001,21.7861,22.0472,21.8252,22.1728,22.6735,22.2473,21.6327,21.704,21.9615,22.3981,21.1819,21.6124,21.9372,22.2661,22.3545,20.7951,20.8698,21.1428,21.5715,21.9356,22.0986,20.8562,21.1513,20.7562,21.9075,21.0839,21.3292,22.2113,22.2519,22.7926,20.6148,20.6993,20.682,22.1769,22.4658,21.1874,20.9291,21.462,21.4333,21.5591,21.3372,21.3789,21.7025,21.8595,21.8926,21.31,21.548,21.5156,22.084,23.2494,21.8139,21.452,21.7949,21.622,21.3287,20.8088,21.286,21.8646,22.0387,22.296
264,1:52:15 PM,21.0027,20.9534,21.0009,21.5294,21.993,21.9434,21.9665,22.1496,22.2801,22.3478,21.8736,21.8875,21.6142,21.6792,21.98,21.9738,22.2288,22.1182,22.5148,22.6509,21.8392,21.6708,21.9661,21.6418,22.1084,21.2248,21.2743,21.0637,21.2875,21.7508,22.0993,22.0736,22.1305,22.3081,22.651,22.1342,21.9946,21.8706,21.8467,21.8395,22.2829,22.1915,22.4945,23.0015,23.1355,22.4339,22.4403,22.6287,22.0639,22.4677,21.238,20.7487,20.9601,21.0191,22.1163,21.162,21.9154,22.2311,22.254,22.3936,21.7953,22.0219,21.823,22.0428,22.6597,22.2105,21.6043,21.6941,21.8528,22.3744,21.2489,21.5107,21.8399,22.2054,22.2622,20.7693,20.8502,21.1624,21.5858,21.8534,22.0422,20.8126,21.1326,20.6846,21.8911,20.9544,21.3174,22.1233,22.1316,22.8558,20.5499,20.6044,20.5105,21.9065,22.4616,21.1898,21.0207,21.3856,21.3567,21.3877,21.2414,21.3586,21.7056,21.7788,21.9146,21.1583,21.4797,21.4955,22.0653,23.1615,21.7253,21.3506,21.8168,21.6232,21.2594,20.8329,21.243,21.8428,21.9723,22.218
265,1:52:35 PM,20.9592,20.9997,20.9872,21.5684,21.9694,21.8712,21.8544,22.2065,22.3608,22.3838,21.8396,21.79,21.6408,21.5906,21.8974,22.0043,22.1015,22.0832,22.4802,22.6369,21.8893,21.6579,21.9623,21.797,22.1023,21.2082,21.2782,21.1375,21.3338,21.7327,22.1444,21.9592,22.0842,22.2125,22.7628,22.0842,21.9416,21.7961,21.6791,21.6595,22.1289,22.121,22.4917,23.0231,23.0864,22.3239,22.3159,22.5055,22.0363,22.3355,21.2127,20.6779,20.9302,21.0343,22.0972,21.3494,21.8471,22.2728,22.2678,22.3133,21.8149,22.032,21.7542,21.9781,22.6443,22.1632,21.6469,21.6546,21.8001,22.3806,21.1818,21.5189,21.8785,22.097,22.2995,20.7179,20.8085,21.1369,21.4602,21.8954,22.0053,20.8493,21.0363,20.6549,21.9452,20.9976,21.2109,22.0639,22.1015,22.8736,20.5445,20.5819,20.6765,21.9163,22.4103,21.1959,21.056,21.3287,21.2815,21.5217,21.3051,21.2583,21.6786,21.7364,21.967,21.161,21.3831,21.3487,22.0967,23.1772,21.7186,21.2916,21.7166,21.5483,21.2386,20.8141,21.2177,21.7846,21.9455,22.1706
266,1:52:55 PM,20.9713,20.9401,20.9308,21.5164,21.928,21.8136,21.8344,22.1406,22.3667,22.3569,21.7671,21.771,21.5377,21.5861,21.8205,21.9251,22.0802,22.0304,22.4856,22.5657,21.8735,21.657,21.9007,21.9099,22.1053,21.1742,21.2274,21.1376,21.2658,21.6466,22.1099,21.9766,22.1002,22.1903,22.6935,22.0188,21.857,21.8022,21.6368,21.6246,22.1754,22.0352,22.4517,22.9821,23.1752,22.2315,22.2514,22.4947,21.9243,22.3342,21.1567,20.6624,20.8828,21.033,22.0881,21.2445,21.7664,22.2179,22.191,22.2226,21.7539,21.9782,21.7705,22.0053,22.6299,22.0909,21.6354,21.6378,21.7785,22.3245,21.1756,21.5842,21.7941,22.0709,22.3293,20.6658,20.7063,21.0292,21.4272,21.879,22.0368,20.773,20.9428,20.5113,21.9737,20.9217,21.1965,21.983,22.0871,22.9206,20.5165,20.512,20.6565,21.9945,22.3338,21.1714,21.1704,21.2826,21.2161,21.4452,21.2398,21.2823,21.6006,21.7752,22.1637,21.1629,21.364,21.2796,22.1351,23.2363,21.6353,21.2318,21.542,21.6598,21.3532,20.7716,21.2082,21.8369,21.9089,22.117
267,1:53:15 PM,21.0074,20.9488,20.9429,21.4864,21.8634,21.7555,21.6981,22.0508,22.2929,22.358,21.7764,21.8173,21.6075,21.683,21.8329,21.9037,22.0458,22.0815,22.4048,22.5632,21.9001,21.6383,21.9029,21.9202,22.1525,21.1301,21.2095,21.1655,21.1722,21.621,21.9995,21.8298,21.9994,22.1842,22.634,21.96,21.8897,21.7876,21.7083,21.671,22.118,22.0476,22.3634,22.9532,23.0812,22.2796,22.2475,22.4821,21.9937,22.2772,21.0992,20.6722,20.8241,21.0498,22.1368,21.2103,21.7113,22.109,22.1913,22.2366,21.6791,21.9147,21.6234,22.0049,22.6256,22.0789,21.5179,21.6024,21.7553,22.2415,21.0653,21.5287,21.7266,22.1373,22.3128,20.5543,20.6757,21.0429,21.4043,21.8944,21.9774,20.665,20.9458,20.4677,21.9922,20.8895,21.0203,22.0277,21.9166,22.706,20.4929,20.5716,20.8071,21.967,22.3253,21.2209,21.0965,21.3247,21.0727,21.6262,21.1542,21.1738,21.5607,21.7281,22.0175,21.1922,21.3434,21.24,21.9827,23.0195,21.6483,21.1499,21.5419,21.6565,21.4172,20.8176,21.1593,21.8334,21.8812,22.1139
268,1:53:35 PM,21.0045,20.9322,20.837,21.4633,21.795,21.7242,21.5761,21.9698,22.2339,22.3087,21.7415,21.8466,21.6011,21.6791,21.9308,21.9216,22.0282,22.0475,22.4112,22.5201,21.8313,21.6657,21.8216,21.8742,22.0976,21.1021,21.0887,21.0246,21.0925,21.5075,21.8614,21.8027,21.9181,22.1409,22.6583,21.9742,21.8922,21.8481,21.6907,21.6848,22.1066,22.0285,22.3412,22.8371,23.1149,22.1753,22.2549,22.3831,21.9728,22.3054,21.0477,20.5548,20.8538,21.0768,22.0097,21.0597,21.7014,22.1148,22.1104,22.1895,21.6319,21.8037,21.6752,22.046,22.5526,22.0869,21.553,21.6095,21.7099,22.1859,21.0088,21.4259,21.6528,22.0579,22.2244,20.5439,20.6818,20.9759,21.4804,21.8215,21.9067,20.6383,20.7791,20.4851,22.0776,20.9573,21.1348,21.9838,22.0178,22.6373,20.3931,20.5239,20.6499,21.8801,22.3258,21.0996,21.0049,21.2906,21.1224,21.3989,21.1575,21.1164,21.5019,21.6642,22.1068,21.1462,21.2705,21.2585,22.0783,23.1092,21.6383,21.2613,21.5792,21.6579,21.4401,20.8465,21.0928,21.7682,21.8451,22.0636
269,1:53:55 PM,20.8809,20.8873,20.8217,21.4402,21.7978,21.681,21.548,22.0147,22.2139,22.3374,21.751,21.7516,21.5889,21.6149,21.8931,21.8647,22.0778,22.0837,22.4457,22.5148,21.8175,21.6506,21.7973,21.7163,22.0765,21.1379,21.1309,20.9981,21.1077,21.5411,21.9024,21.7653,21.932,22.1223,22.5164,21.9786,21.7731,21.7504,21.7392,21.7234,22.0782,21.9093,22.3009,22.8636,23.0439,22.241,22.3068,22.345,21.9612,22.3155,21.0444,20.5769,20.7769,20.9775,21.9265,21.0196,21.6317,22.0539,22.1238,22.1784,21.6333,21.7584,21.6116,21.9664,22.6225,22.1481,21.3784,21.5274,21.6698,22.2413,20.9631,21.316,21.6327,22.0611,22.277,20.5552,20.6424,21.0022,21.4334,21.8235,21.9302,20.6637,20.7531,20.4963,22.0435,20.8838,21.076,21.9155,21.8497,22.4517,20.3954,20.4491,20.4609,21.8488,22.2587,20.9909,20.9365,21.3392,21.2494,21.6004,21.1313,21.1654,21.5038,21.6483,21.9306,21.1903,21.2699,21.2023,22.0826,23.0479,21.6737,21.1879,21.5755,21.6529,21.4143,20.7528,21.1539,21.7689,21.8374,21.9709
270,1:54:15 PM,20.8243,20.8603,20.731,21.366,21.7262,21.5991,21.6067,21.9576,22.1736,22.2083,21.6888,21.6832,21.4223,21.5739,21.8016,21.8586,22.0519,22.0045,22.3629,22.4115,21.8015,21.6686,21.8732,21.7044,21.97,21.1312,21.0723,20.9984,21.0938,21.5232,21.8425,21.7328,21.8935,22.063,22.5404,21.9586,21.8151,21.7223,21.7814,21.7176,22.0777,21.8819,22.3376,22.8459,23.0322,22.1838,22.3015,22.4062,21.9451,22.2289,21.0041,20.5536,20.8031,20.9181,21.9494,20.9746,21.6951,21.9855,22.1249,22.2352,21.6303,21.7404,21.5862,21.9542,22.593,22.0395,21.3971,21.4966,21.6744,22.2574,20.9923,21.2391,21.721,22.0491,22.1802,20.5032,20.5665,20.9484,21.3617,21.7925,21.8759,20.5818,20.7181,20.5095,21.9642,20.8308,21.088,21.895,21.9953,22.5912,20.2857,20.4198,20.5288,21.7823,22.2151,20.9086,20.9654,21.3361,21.2432,21.414,21.0806,21.1296,21.4323,21.6428,21.9367,21.07,21.2705,21.1645,22.1808,22.9218,21.6529,21.0756,21.4728,21.47,21.2687,20.6943,21.1775,21.7099,21.8811,21.9904
271,1:54:35 PM,20.8099,20.7336,20.7642,21.3525,21.7247,21.5735,21.5851,21.9003,22.0956,22.2055,21.6844,21.6413,21.5229,21.5362,21.8065,21.9527,22.0549,22.0213,22.3544,22.3655,21.8434,21.6478,21.8501,21.6085,21.9195,21.0973,21.0863,20.8817,21.0387,21.4124,21.8851,21.7492,21.828,22.0048,22.503,21.9364,21.8359,21.7033,21.8186,21.7957,21.9928,21.8875,22.1673,22.7506,23.0221,22.2114,22.1993,22.3262,21.8755,22.1532,20.9808,20.4232,20.6635,20.8485,21.9016,21.0154,21.5041,21.9883,22.061,22.2067,21.633,21.6259,21.587,21.9622,22.5788,22.0139,21.3547,21.5028,21.6445,22.2438,21.0146,21.3169,21.7403,22.0372,22.2812,20.4687,20.6311,20.8785,21.3204,21.6783,21.8675,20.5126,20.9347,20.5381,21.8036,20.7922,21.044,21.9192,21.9545,22.4811,20.3217,20.4361,20.5812,21.8202,22.1363,20.9004,20.9775,21.1919,21.0803,21.4618,21.0595,21.0768,21.3737,21.5949,21.8942,21.1093,21.2124,21.2657,22.2842,22.8614,21.6111,20.9859,21.5467,21.4462,21.2359,20.6531,21.2294,21.7363,21.9342,21.9767
272,1:54:55 PM,20.878,20.7916,20.784,21.2966,21.6868,21.6212,21.6696,21.8668,21.9433,22.0834,21.6735,21.6574,21.4954,21.6077,21.7981,21.8284,22.0329,21.9426,22.3452,22.337,21.8174,21.5293,21.7048,21.5765,21.9452,21.0308,21.0329,20.8358,20.9584,21.4845,21.8465,21.7996,21.8111,21.9619,22.4815,21.8939,21.7582,21.8141,21.8385,21.9197,22.1225,21.8376,22.2081,22.6729,22.9378,22.2654,22.1648,22.3089,21.8726,22.1418,20.9729,20.5014,20.6353,20.7867,21.8855,20.9847,21.5495,21.92,21.9646,22.1722,21.5945,21.664,21.5187,21.9367,22.5124,21.9653,21.3967,21.4139,21.6491,22.2056,21.008,21.3175,21.7312,22.0594,22.1672,20.511,20.5313,20.9052,21.3031,21.7316,21.8057,20.5011,20.9257,20.4547,21.8512,20.7657,21.0034,21.8101,21.9396,22.3113,20.2721,20.3617,20.6383,21.8284,22.2043,20.8893,20.8389,21.0838,21.0681,21.2513,21.0229,21.0974,21.3947,21.4616,21.9183,20.9877,21.2046,21.176,22.3344,22.7989,21.5156,20.9461,21.4193,21.4805,21.1777,20.5784,21.0851,21.7054,21.7823,21.971
273,1:55:15 PM,20.7601,20.7966,20.7279,21.3021,21.7224,21.558,21.5794,21.7221,21.8065,21.9322,21.6325,21.6391,21.4977,21.5393,21.784,21.8259,22.0021,21.9365,22.2513,22.3501,21.7514,21.5079,21.7048,21.488,21.929,20.9743,21.0382,20.8427,20.9163,21.3252,21.8531,21.7554,21.8144,21.9766,22.5165,21.8593,21.7676,21.6965,21.7766,21.9139,22.0178,21.8249,22.1723,22.6985,22.9114,22.2251,22.1627,22.3045,21.7825,22.1501,20.9043,20.4207,20.6009,20.7657,21.8248,21.1952,21.3465,21.8822,21.9552,22.1365,21.5246,21.5956,21.4953,21.9317,22.4376,22.0076,21.4021,21.4456,21.6156,22.1641,20.8571,21.3157,21.6503,22.0668,22.194,20.4761,20.5609,20.9078,21.2793,21.6393,21.7557,20.5805,20.8478,20.3763,21.8378,20.7558,21.0319,21.8167,21.9146,22.3652,20.269,20.3812,20.5303,21.8747,21.9888,20.8886,20.8445,21.0156,20.8457,21.3556,20.9753,21.0285,21.3556,21.4791,21.8599,21.04,21.1874,21.1884,22.4514,22.8773,21.4799,21.0622,21.481,21.4332,21.3263,20.5602,20.958,21.6944,21.7546,21.9341
274,1:55:35 PM,20.7072,20.7197,20.7609,21.2133,21.6789,21.6112,21.5076,21.6961,21.7825,21.9539,21.504,21.5887,21.326,21.4536,21.702,21.8198,21.9396,21.8245,22.2755,22.3869,21.7884,21.4243,21.6741,21.4992,21.9064,20.9572,20.9405,20.7706,20.9406,21.3532,21.776,21.6832,21.833,21.9545,22.4275,21.7903,21.6833,21.6134,21.7157,21.7642,22.0171,21.8456,22.1979,22.6765,22.8945,22.1638,22.1735,22.2337,21.702,22.0791,20.9003,20.3806,20.5846,20.7888,21.8367,21.1764,21.4803,21.8522,21.8193,21.8994,21.5477,21.6199,21.4976,21.9487,22.4263,21.9882,21.3701,21.3952,21.5666,22.1293,20.857,21.3358,21.5632,22.0266,22.1485,20.4543,20.5723,20.7997,21.2201,21.6201,21.7726,20.599,20.5781,20.3419,21.9404,20.7195,20.9505,21.7261,21.9532,22.3082,20.2778,20.3727,20.5293,21.7326,22.0861,20.8957,20.8042,21.0851,20.8803,21.3871,20.9414,20.9594,21.353,21.4287,21.8475,21.0532,21.1675,21.104,22.2599,22.8276,21.5128,21.0387,21.4105,21.4588,21.3563,20.5909,20.9314,21.5376,21.7388,21.9739
275,1:55:55 PM,20.6741,20.734,20.7089,21.2108,21.6437,21.5468,21.4412,21.6391,21.7985,21.9536,21.4344,21.4983,21.2644,21.412,21.5762,21.821,21.9157,21.8605,22.2456,22.3585,21.738,21.4356,21.6126,21.5437,21.8628,20.8258,20.8494,20.6802,20.9071,21.3392,21.8829,21.6914,21.8102,21.9307,22.3656,21.8116,21.6913,21.5838,21.4769,21.5828,21.9145,21.8324,22.2073,22.7259,22.8513,22.1207,22.1092,22.281,21.6724,22.0952,20.8253,20.3615,20.5421,20.7708,21.7626,21.0301,21.415,21.8718,21.8789,21.9019,21.5166,21.5824,21.5336,21.8701,22.3254,21.9215,21.3938,21.4074,21.5146,22.0634,20.765,21.3099,21.478,21.9648,22.0666,20.4068,20.505,20.8038,21.1949,21.5304,21.7571,20.4859,20.499,20.277,21.9491,20.7048,21.0066,21.8368,21.9864,22.5642,20.2491,20.3416,20.664,21.5277,22.0409,20.847,20.6375,20.982,20.7998,21.3631,20.9596,20.9807,21.3238,21.5121,21.9168,21.0962,21.1702,21.1855,22.1631,22.7177,21.501,21.0715,21.3019,21.3158,21.3056,20.5305,20.8824,21.4411,21.7398,21.9122
276,1:56:15 PM,20.6314,20.6199,20.6243,21.2229,21.534,21.4852,21.523,21.7605,21.9499,22.0185,21.4306,21.5215,21.2275,21.3831,21.4397,21.719,21.8921,21.8212,22.1974,22.2883,21.7099,21.4453,21.5553,21.4604,21.8469,20.8104,20.9011,20.5877,20.7181,21.2819,21.8113,21.6334,21.7538,21.9099,22.3184,21.7487,21.5819,21.4557,21.4833,21.5776,21.89,21.7744,22.1076,22.5908,22.7798,22.1005,22.0135,22.2374,21.677,22.0912,20.85,20.3426,20.5149,20.6563,21.7311,20.8874,21.4012,21.8457,21.8664,22.0408,21.494,21.6297,21.4369,21.8812,22.3383,21.8441,21.3012,21.3418,21.4512,21.9709,20.8481,21.3397,21.5588,21.897,22.0046,20.3786,20.4898,20.7493,21.1474,21.5289,21.7632,20.4513,20.5471,20.3076,21.8852,20.659,20.8948,21.8881,21.9904,22.6528,20.2542,20.3576,20.6632,21.5606,22.0721,20.8309,20.6861,20.9083,20.9925,21.2789,20.9318,20.9304,21.3784,21.4648,21.8414,21.075,21.1589,21.1116,21.9263,22.824,21.4238,20.8993,21.3123,21.2919,21.1421,20.4813,20.9887,21.4798,21.7212,21.8401
277,1:56:35 PM,20.565,20.594,20.6483,21.1892,21.5613,21.5572,21.5146,21.8023,21.9183,22.0613,21.5087,21.4133,21.2926,21.3472,21.4745,21.6892,21.7997,21.7401,22.1388,22.203,21.6311,21.2817,21.6227,21.4192,21.8516,20.883,20.9098,20.5577,20.8028,21.2952,21.7913,21.6299,21.7106,21.8722,22.3704,21.746,21.5752,21.4957,21.4721,21.5915,21.8571,21.7962,22.1402,22.5906,22.7256,21.9992,21.9509,22.1609,21.7025,22.0446,20.8434,20.3655,20.483,20.6111,21.7369,20.9848,21.3909,21.7917,21.7943,21.9782,21.4253,21.5233,21.435,21.9328,22.2915,21.8101,21.2422,21.3412,21.459,22.0201,20.8237,21.2591,21.4721,21.7672,21.9149,20.388,20.5716,20.7699,21.0624,21.4695,21.6981,20.4596,20.7263,20.3004,21.8086,20.7108,20.9819,21.7921,21.9782,22.5468,20.2343,20.3083,20.6183,21.5441,21.9728,20.8502,20.5217,20.8762,20.8712,21.4426,20.9269,20.9758,21.2883,21.4035,21.7585,21.1185,21.1563,21.0934,22.0131,22.8384,21.5062,20.8062,21.2634,21.2069,21.2215,20.3875,20.8566,21.1615,21.6095,21.8696
278,1:56:55 PM,20.5731,20.7019,20.6216,21.1715,21.4716,21.5031,21.4554,21.7715,21.9442,21.9997,21.4893,21.4348,21.2092,21.2472,21.387,21.714,21.6858,21.6589,22.1438,22.1699,21.5014,21.2434,21.5906,21.3876,21.7477,20.9002,20.947,20.7252,20.8664,21.2633,21.788,21.7021,21.7831,21.923,22.3664,21.8273,21.5217,21.4907,21.404,21.5328,21.8401,21.8053,22.1042,22.5023,22.642,21.9256,22.0514,22.1146,21.6081,21.9958,20.8212,20.2791,20.5168,20.6045,21.6087,21.0553,21.3247,21.7588,21.8316,22.0098,21.4347,21.574,21.4277,21.7613,22.3144,21.8934,21.158,21.2344,21.42,21.9581,20.8232,21.2704,21.4877,21.7708,21.9224,20.4175,20.531,20.7148,21.093,21.5165,21.6299,20.4231,20.7129,20.2941,21.703,20.6423,20.9275,21.6824,21.917,22.5261,20.2175,20.3468,20.5321,21.5992,21.9989,20.9276,20.6577,20.8233,20.9576,21.4437,20.8396,20.9352,21.2391,21.3173,21.6087,21.0191,21.0744,21.1714,22.0487,22.8355,21.5069,20.772,21.2489,21.2786,21.1525,20.3169,20.8933,21.0528,21.5401,21.9392
279,1:57:15 PM,20.5658,20.6651,20.5996,21.1654,21.4843,21.4516,21.5212,21.762,21.9973,21.9868,21.4852,21.4077,21.2357,21.2457,21.2417,21.5928,21.5514,21.6614,22.0723,22.1033,21.5246,21.258,21.5924,21.4057,21.7082,20.8358,20.894,20.7839,20.8117,21.3018,21.6107,21.5917,21.7418,21.9558,22.3052,21.803,21.5364,21.4186,21.4413,21.5044,21.8013,21.7156,22.0712,22.5015,22.6588,21.8284,21.9592,22.1029,21.5667,21.9073,20.8318,20.2657,20.4806,20.6044,21.7094,20.9655,21.3162,21.7772,21.8187,21.895,21.477,21.4956,21.4211,21.7834,22.27,21.9065,21.205,21.3123,21.3902,22.0424,20.7724,21.1288,21.4964,21.7075,21.8203,20.3183,20.4291,20.7159,21.1021,21.4451,21.609,20.4313,20.6765,20.2872,21.6479,20.628,20.8381,21.6851,21.8659,22.4084,20.1143,20.2627,20.5179,21.5692,21.858,20.8803,20.6817,20.9951,20.9195,21.2468,20.8769,20.8287,21.2406,21.2738,21.6275,20.866,21.0496,21.0073,22.0913,22.8262,21.4652,20.8329,21.2159,21.2933,21.1469,20.2675,20.8027,21.1317,21.5692,21.8958
280,1:57:35 PM,20.6019,20.6492,20.5062,21.1219,21.5692,21.5034,21.454,21.7819,21.9439,21.9594,21.4086,21.371,21.2294,21.2599,21.254,21.4756,21.4237,21.63,21.9676,21.9952,21.547,21.1941,21.5309,21.3376,21.6656,20.7585,20.725,20.8389,20.7878,21.2361,21.5839,21.6207,21.7924,21.9974,22.2357,21.8105,21.5482,21.4018,21.2655,21.3359,21.7553,21.7162,21.9546,22.362,22.7038,21.839,21.9634,22.0984,21.6476,21.8895,20.7059,20.2007,20.4814,20.5764,21.6372,20.8908,21.3341,21.808,21.81,21.9998,21.6136,21.4911,21.4664,21.7637,22.1555,21.9402,21.1306,21.2642,21.4313,21.9402,20.8714,21.2154,21.4557,21.66,21.8923,20.293,20.3807,20.6957,21.0771,21.4746,21.6296,20.3237,20.4389,20.1386,21.6516,20.5503,20.8298,21.613,21.6992,22.459,20.1693,20.2158,20.552,21.5926,21.9022,21.0158,20.8981,20.9975,20.9583,20.9046,20.7961,20.8784,21.1917,21.3296,21.479,20.6977,20.9537,21.0036,21.9747,22.8054,21.3018,20.801,21.305,21.3207,20.8766,20.3157,20.8345,21.3263,21.6739,21.8518
281,1:57:55 PM,20.5482,20.5513,20.5032,21.1602,21.4999,21.4492,21.5179,21.8194,21.9056,22.0086,21.4597,21.3459,21.2146,21.1773,21.2331,21.521,21.5054,21.5753,22.0606,22.04,21.5654,21.218,21.5391,21.3278,21.635,20.6378,20.724,20.6932,20.7366,21.2212,21.646,21.5676,21.8374,21.933,22.2908,21.7931,21.4338,21.4169,21.2283,21.3694,21.6574,21.6103,21.9346,22.4171,22.6855,21.8184,21.9073,22.0258,21.6142,21.8412,20.7257,20.1987,20.4074,20.6547,21.6167,20.9484,21.2508,21.7656,21.7823,21.945,21.502,21.3545,21.435,21.7136,22.1674,21.8754,21.1379,21.235,21.3611,21.9382,20.7904,21.1838,21.4404,21.7144,21.9268,20.1551,20.3124,20.6443,21.0632,21.428,21.5817,20.2883,20.2422,20.014,21.6961,20.5109,20.729,21.747,21.7635,22.3562,20.1171,20.2056,20.5608,21.5455,22.0053,20.9251,20.7743,21.0118,20.8601,20.8409,20.7788,20.8655,21.1594,21.2604,21.4858,20.6823,21.0324,21.0363,21.9261,22.7745,21.2734,20.7456,21.1915,21.1611,20.8515,20.313,20.8278,21.4201,21.5863,21.8059
282,1:58:15 PM,20.4402,20.4978,20.5255,21.1792,21.5301,21.5324,21.4876,21.7832,21.8907,22.0463,21.4136,21.3382,21.214,21.181,21.1832,21.5154,21.4612,21.6752,22.0283,22.0652,21.5002,21.2307,21.5606,21.3687,21.6555,20.7278,20.7763,20.6101,20.7726,21.2301,21.7551,21.5186,21.8047,21.8492,22.3206,21.6859,21.4274,21.3387,21.2494,21.3274,21.623,21.5648,21.9328,22.2793,22.6441,21.8874,21.9207,22.018,21.4978,21.9099,20.7085,20.2327,20.4139,20.5799,21.5697,21.0168,21.2675,21.6875,21.7808,21.8318,21.5592,21.4095,21.4163,21.6264,22.1125,21.7961,21.1095,21.1698,21.3912,21.8342,20.8234,21.1924,21.3541,21.7842,22.0766,20.1599,20.3559,20.6324,21.043,21.4171,21.4831,20.221,20.1322,20.0656,21.69,20.5344,20.7972,21.6813,21.7065,22.294,20.0984,20.2189,20.6363,21.5314,22.0795,20.8345,20.7637,20.9497,20.7516,21.0068,20.8668,20.8033,21.0572,21.2676,21.5516,20.7511,21.0492,20.9789,21.7996,22.6395,21.301,20.8339,21.1625,21.1188,20.8662,20.2753,20.7174,21.347,21.7058,21.7314
283,1:58:35 PM,20.4756,20.5055,20.5033,20.9596,21.4352,21.4841,21.4853,21.8041,21.9931,21.9534,21.3386,21.3582,21.0986,21.1719,21.2861,21.5497,21.4691,21.628,21.9598,22.1109,21.4095,21.2339,21.5085,21.4298,21.6572,20.6462,20.7375,20.589,20.8036,21.2138,21.7215,21.4819,21.7545,21.7802,22.3044,21.5984,21.4206,21.2468,21.3143,21.2376,21.5987,21.4483,21.938,22.3312,22.617,21.9078,21.9121,21.9497,21.5109,21.7939,20.6478,20.1769,20.396,20.5808,21.5809,20.9649,21.2745,21.7403,21.7542,21.8604,21.5226,21.4267,21.3553,21.6735,22.1415,21.8085,21.0976,21.0877,21.3096,21.9008,20.8695,21.1957,21.4062,21.7681,22.0445,20.2342,20.2746,20.5697,21.0809,21.4418,21.519,20.181,20.073,20.1753,21.5568,20.5156,20.7679,21.8255,21.8609,22.3691,19.9448,20.1625,20.5589,21.5039,22.0306,20.6755,20.5679,20.8924,20.7448,21.0845,20.8198,20.8256,21.1702,21.2789,21.6779,20.7366,21.0773,20.8981,21.7174,22.4873,21.271,20.8744,21.0746,21.0941,20.9042,20.3183,20.8125,21.4115,21.6737,21.7461
284,1:58:55 PM,20.567,20.5097,20.5742,20.971,21.4222,21.5066,21.3805,21.7524,21.848,22.0163,21.3175,21.313,21.1334,21.1427,21.2542,21.4606,21.5624,21.5752,21.944,22.1141,21.4397,21.0882,21.4753,21.3731,21.746,20.7165,20.7699,20.6452,20.698,21.1335,21.7273,21.4181,21.6576,21.7043,22.2953,21.611,21.3762,21.2814,21.3104,21.2688,21.6868,21.4584,21.9385,22.242,22.6003,21.811,21.8674,21.9766,21.508,21.8377,20.7104,20.2459,20.4297,20.5587,21.5474,20.9261,21.2466,21.7388,21.683,21.7083,21.4127,21.4226,21.3982,21.599,22.1408,21.7064,21.1362,21.1149,21.334,21.8379,20.8419,21.1468,21.4659,21.7849,22.1652,20.173,20.1936,20.557,21.0344,21.3251,21.4465,20.2273,20.1577,20.2047,21.4854,20.5048,20.8035,21.6622,21.7853,22.507,20.0158,20.1249,20.3666,21.4345,21.8531,20.5865,20.5941,20.8727,20.7363,21.1109,20.7678,20.7627,21.1248,21.1837,21.5693,20.7717,21.0196,20.9106,21.629,22.2548,21.3645,20.9547,21.0122,21.0397,21.0421,20.3158,20.7186,21.3293,21.6457,21.7141
285,1:59:15 PM,20.5669,20.5597,20.496,21.0565,21.3956,21.3913,21.2166,21.6628,21.8122,21.9548,21.2668,21.3167,21.1604,21.2164,21.2834,21.5368,21.6384,21.6262,21.9452,22.151,21.5083,21.0068,21.4081,21.3206,21.6962,20.7266,20.7692,20.6225,20.662,21.0768,21.7397,21.4321,21.6194,21.7139,22.2446,21.5868,21.4657,21.2462,21.2813,21.213,21.7402,21.6035,21.8262,22.3048,22.5937,21.792,21.8632,21.9341,21.5121,21.8497,20.6858,20.2303,20.3396,20.5191,21.5075,20.8121,21.1382,21.671,21.7662,21.8337,21.2418,21.475,21.287,21.6361,22.0625,21.7389,21.101,21.1647,21.2858,21.8312,20.8445,21.0274,21.4417,21.6294,22.1306,20.1507,20.266,20.5483,21.0422,21.3374,21.433,20.3229,20.412,20.1896,21.492,20.5566,20.6708,21.6916,21.8358,22.5803,19.991,20.0982,20.3112,21.483,21.8407,20.5896,20.5627,20.8662,20.819,21.0625,20.7205,20.7722,21.1107,21.1603,21.4776,20.7142,20.9898,20.8612,21.566,22.2433,21.278,20.8964,21.0098,21.1741,21.0135,20.3646,20.7019,21.2368,21.4912,21.6472
286,1:59:35 PM,20.477,20.4925,20.4187,20.9777,21.3353,21.3029,21.2151,21.5894,21.7711,21.8884,21.2645,21.3445,21.1686,21.3064,21.3235,21.3892,21.6003,21.606,21.931,22.1368,21.3644,20.9821,21.4333,21.2585,21.6616,20.7446,20.7626,20.5539,20.5359,21.1059,21.6883,21.4362,21.4965,21.6945,22.2368,21.6703,21.4042,21.2902,21.2326,21.252,21.7366,21.4922,21.7997,22.2865,22.5258,21.7876,21.8749,21.9382,21.3771,21.8747,20.6351,20.1706,20.3622,20.4908,21.5394,20.7655,21.211,21.6052,21.7192,21.696,21.1394,21.3574,21.2427,21.5883,22.0488,21.6823,21.0575,21.1812,21.3071,21.7904,20.7033,21.0289,21.4015,21.6113,22.0949,20.1444,20.1901,20.5995,20.8639,21.264,21.4549,20.267,20.4078,20.1118,21.491,20.5283,20.6843,21.5477,21.6912,22.5328,20.1169,20.1205,20.3427,21.499,21.8282,20.6332,20.4447,20.8556,20.8899,21.1625,20.6919,20.7575,21.1251,21.1679,21.4323,20.7172,21.023,20.8617,21.4879,22.3297,21.2421,20.88,21.0626,21.1018,20.9953,20.3068,20.739,21.1696,21.4503,21.6151
287,1:59:55 PM,20.4317,20.4984,20.4157,21.0024,21.3604,21.2479,21.2224,21.5539,21.6715,21.7684,21.2882,21.3037,21.12,21.2029,21.3456,21.3992,21.6042,21.5422,21.8828,22.0999,21.4678,21.0924,21.3263,21.2941,21.6981,20.6738,20.7263,20.4273,20.578,21.0444,21.6454,21.3729,21.4137,21.733,22.1892,21.5535,21.4377,21.3604,21.2432,21.3778,21.6861,21.5094,21.9393,22.2529,22.6051,21.8385,21.866,21.8974,21.4027,21.769,20.5508,20.1304,20.2848,20.383,21.5011,20.6924,21.2518,21.5909,21.7724,21.7652,21.1424,21.267,21.1336,21.5217,21.9325,21.6614,20.9903,21.12,21.22,21.8421,20.6413,21.0273,21.3183,21.5725,21.9368,20.1172,20.2239,20.4706,20.8682,21.2763,21.4374,20.2937,20.6559,20.0572,21.4853,20.4926,20.6919,21.4258,21.6743,22.4167,19.9921,20.0559,20.4454,21.4511,21.8384,20.7144,20.4966,20.806,20.8009,21.2747,20.6872,20.6426,21.0788,21.1933,21.4655,20.6829,20.869,20.8479,21.5178,22.5525,21.1998,20.7821,21.1021,21.1012,20.9595,20.2045,20.6374,21.1254,21.3223,21.6453
288,2:00:15 PM,20.3487,20.4081,20.2723,21.0511,21.299,21.3347,21.1661,21.577,21.7493,21.7581,21.2949,21.2853,21.0569,21.1059,21.2558,21.3916,21.5318,21.4733,21.9261,22.0178,21.3929,21.0826,21.3815,21.2916,21.6221,20.6736,20.6372,20.455,20.5407,21.0402,21.5818,21.3809,21.4723,21.7683,22.1747,21.4169,21.3689,21.2542,21.1085,21.3107,21.5844,21.517,21.9805,22.2359,22.568,21.7352,21.8119,21.9088,21.466,21.8136,20.5101,20.0875,20.243,20.485,21.4562,20.7135,21.172,21.5853,21.659,21.7711,21.2137,21.2994,21.1882,21.5187,21.9424,21.5826,20.991,21.0798,21.2188,21.8184,20.6252,20.9679,21.2877,21.616,21.825,20.0912,20.2032,20.4019,20.8263,21.2361,21.4333,20.1847,20.4551,19.9685,21.3951,20.3697,20.6578,21.4204,21.5415,22.1979,20.0144,20.0831,20.1862,21.3558,21.8264,20.6916,20.2468,20.7158,20.6134,21.0031,20.646,20.6154,21.0727,21.1695,21.4008,20.657,20.8602,20.8242,21.5106,22.632,21.2336,20.6436,21.081,21.0455,20.8031,20.335,20.6697,21.1093,21.3818,21.6408
289,2:00:35 PM,20.2859,20.2839,20.3114,20.9909,21.2998,21.2537,21.2066,21.4356,21.7073,21.7226,21.2304,21.2286,21.0291,21.0701,21.1311,21.3621,21.3956,21.4304,21.8258,21.9427,21.3543,21.0621,21.2978,21.1192,21.5044,20.5968,20.5646,20.3569,20.5316,20.9844,21.5285,21.3433,21.4886,21.6628,22.1107,21.4515,21.2766,21.2333,21.1231,21.1849,21.5139,21.5237,21.9172,22.1728,22.4786,21.7228,21.7781,21.8589,21.4154,21.6779,20.4573,20.0169,20.2398,20.4183,21.4225,20.7544,21.2438,21.6034,21.6846,21.7548,21.1565,21.2335,21.0481,21.4989,21.9696,21.5626,20.9796,20.9952,21.1905,21.7191,20.6012,20.9611,21.1698,21.4061,21.6279,20.0512,20.2111,20.409,20.806,21.248,21.3305,20.1786,20.6087,19.9211,21.5357,20.3907,20.5741,21.3488,21.5052,22.0843,20.034,20.0982,20.1899,21.306,21.83,20.6404,20.4548,20.7623,20.6109,20.7787,20.5985,20.6664,21.0142,21.1797,21.4172,20.6394,20.8942,20.7865,21.479,22.873,21.1951,20.6709,21.05,20.9926,20.7382,20.3109,20.6578,21.0293,21.3538,21.6658
290,2:00:55 PM,20.2561,20.366,20.347,20.897,21.2655,21.2454,21.0955,21.49,21.6826,21.7429,21.1562,21.1287,20.9897,20.9959,21.0435,21.3497,21.5046,21.4228,21.8378,21.8655,21.2733,20.9531,21.3241,21.0725,21.4256,20.6097,20.592,20.3708,20.4347,20.9992,21.561,21.261,21.5014,21.596,22.1066,21.4582,21.2998,21.2264,21.0785,21.0151,21.3986,21.5673,21.881,22.1397,22.4583,21.6846,21.777,21.8582,21.4037,21.6889,20.5112,20.0437,20.2137,20.3843,21.4374,20.708,21.1731,21.5276,21.5664,21.6545,21.1663,21.2761,21.1683,21.4767,21.9535,21.5763,20.8924,20.9566,21.0878,21.7701,20.6449,20.8276,21.1094,21.4561,21.547,20.0359,20.184,20.414,20.8617,21.2315,21.3799,20.1231,20.5777,19.9255,21.6012,20.4276,20.5356,21.3767,21.4081,22.0618,19.974,20.0557,20.2998,21.4081,21.8609,20.5476,20.2701,20.6999,20.5777,20.6825,20.6214,20.5891,21.0182,21.1316,21.3826,20.5349,20.8402,20.7733,21.5205,22.8805,21.1335,20.6363,21.0779,20.9535,20.7356,20.2448,20.61,21.0609,21.3878,21.5606
291,2:01:15 PM,20.3395,20.3246,20.3028,20.8649,21.2348,21.0982,21.0095,21.3514,21.5963,21.7466,21.1901,21.2149,21.1343,21.2022,21.0419,21.3253,21.4539,21.5145,21.7471,21.9147,21.1976,20.9483,21.2746,21.0357,21.4846,20.5642,20.6307,20.3389,20.4538,20.9003,21.5898,21.2148,21.5637,21.3667,22.0777,21.4329,21.2255,21.2702,21.0624,21.0241,21.4789,21.5651,21.8436,22.0802,22.43,21.6848,21.7038,21.8303,21.3782,21.6239,20.4894,20.056,20.2654,20.2673,21.4053,20.6603,21.0985,21.5406,21.6612,21.7031,21.0498,21.2494,21.1116,21.3742,21.8867,21.5758,20.92,20.9852,21.1959,21.8599,20.618,20.8625,21.1962,21.4684,21.7507,20.0175,20.0737,20.2895,20.8535,21.2197,21.3376,20.1284,20.5664,19.9923,21.5406,20.4036,20.587,21.4551,21.384,22.1108,19.9676,20.0897,20.2842,21.3842,21.843,20.4918,20.3083,20.7436,20.5787,20.5981,20.5453,20.5662,20.9701,21.1093,21.5066,20.5455,20.8352,20.6695,21.4475,22.6126,21.0686,20.6083,21.002,20.96,20.6967,20.1738,20.4929,21.111,21.3504,21.5404
292,2:01:35 PM,20.3725,20.3092,20.2754,20.8499,21.1963,21.0553,20.9822,21.2214,21.5344,21.6156,21.2081,21.2537,21.0766,21.2046,21.1823,21.3196,21.4886,21.3974,21.7834,21.9103,21.3131,20.8635,21.2568,21.1523,21.5845,20.5787,20.6245,20.4317,20.539,20.9842,21.4457,21.1907,21.4175,21.4781,22.0506,21.4576,21.2956,21.245,21.2486,21.2553,21.4613,21.4229,21.7019,22.0967,22.4728,21.69,21.7373,21.7769,21.2826,21.6093,20.4935,20.0274,20.1707,20.3095,21.352,20.6167,21.0878,21.455,21.5472,21.7884,21.1305,21.1681,21.0745,21.4062,21.8376,21.5813,20.8945,20.9645,21.1683,21.7749,20.5221,20.7947,21.2171,21.4716,21.8679,20.0021,20.0413,20.3751,20.8294,21.1381,21.3553,20.0974,20.4943,20.1144,21.4802,20.3617,20.6365,21.4562,21.3854,22.3147,19.9593,20.0246,20.1945,21.3672,21.8292,20.4194,20.26,20.6766,20.4343,20.6374,20.5823,20.6202,20.9377,21.0872,21.2438,20.5471,20.7566,20.6718,21.3927,22.4649,21.1165,20.4995,20.916,20.9022,20.7107,20.0994,20.543,21.099,21.3592,21.5539
293,2:01:55 PM,20.3934,20.3767,20.2906,20.9184,21.1462,21.0454,20.8487,21.181,21.3601,21.4536,21.1969,21.2156,21.0255,21.256,21.3076,21.1537,21.5061,21.4585,21.7069,21.9143,21.2337,20.9565,21.2509,21.1068,21.602,20.5378,20.5857,20.3608,20.5286,21.0007,21.3287,21.171,21.2685,21.3967,22.0526,21.419,21.2622,21.2843,21.366,21.3677,21.4983,21.4502,21.6459,22.1405,22.4655,21.6997,21.7341,21.8145,21.3071,21.5924,20.5125,19.9814,20.1644,20.3176,21.3467,20.5553,21.0899,21.4424,21.5491,21.7708,21.1279,21.0834,20.9714,21.4177,21.8713,21.573,20.9402,20.9549,21.1333,21.8211,20.4593,20.8845,21.1707,21.445,21.8052,19.973,20.0685,20.333,20.7628,21.1184,21.2946,20.1496,20.4096,20.0722,21.4297,20.3509,20.6162,21.4445,21.3664,22.3354,19.878,20.0064,20.1506,21.4127,21.7892,20.455,20.2182,20.634,20.6133,20.9249,20.5378,20.5371,20.8898,21.0573,21.2916,20.5972,20.7173,20.5899,21.3155,22.3926,21.0578,20.5492,20.9161,20.8111,20.6331,20.2112,20.5266,20.9882,21.3099,21.558
294,2:02:15 PM,20.2091,20.2515,20.2576,20.9213,21.1849,21.1096,20.9113,21.1316,21.3382,21.2863,21.1757,21.1422,20.926,21.1144,21.4442,21.2569,21.4378,21.4047,21.7218,21.9786,21.2734,21.0302,21.1474,21.105,21.5656,20.4197,20.472,20.395,20.5644,21.036,21.2284,21.1272,21.2576,21.5037,22.0039,21.3805,21.2327,21.2417,21.2749,21.4392,21.5277,21.341,21.6215,22.1755,22.4496,21.6689,21.7474,21.7605,21.3074,21.5185,20.438,19.9671,20.0861,20.3684,21.3187,20.3817,20.9911,21.4252,21.441,21.6259,21.1855,21.11,20.9333,21.4385,21.845,21.4596,20.9351,20.9145,21.0298,21.7103,20.4524,20.8365,21.1297,21.4071,21.7757,20.0238,20.0114,20.3622,20.7872,21.1455,21.2235,20.1024,20.3928,19.9992,21.4159,20.339,20.4751,21.3142,21.2724,22.4247,19.7791,19.8991,19.9268,21.4969,21.6876,20.4304,20.2892,20.5936,20.7664,21.1245,20.5076,20.5319,20.9476,21.0754,21.4729,20.5466,20.6618,20.5957,21.3697,22.6577,21.1312,20.5155,20.8474,20.8551,20.7431,20.1792,20.5473,21.0639,21.2334,21.5486
295,2:02:35 PM,20.2274,20.2445,20.2778,20.919,21.1984,21.1001,20.9419,21.1617,21.3243,21.2094,21.1494,21.2168,20.876,20.9622,21.3298,21.1911,21.4237,21.3912,21.7018,21.8234,21.2565,20.993,21.1773,21.0699,21.5163,20.3723,20.4524,20.3811,20.5781,21.0291,21.1505,21.1303,21.1381,21.5084,22.0115,21.3565,21.1499,21.2029,21.0868,21.1831,21.4804,21.3315,21.6778,22.1309,22.4099,21.6039,21.7548,21.7215,21.3722,21.5542,20.45,19.9672,20.1144,20.2573,21.3124,20.3965,20.9808,21.3545,21.3743,21.4438,21.1183,21.0805,20.9308,21.3875,21.8363,21.5103,20.8854,20.8523,21.0126,21.5524,20.4411,20.8189,21.1004,21.3449,21.6184,20.0127,20.0601,20.3456,20.7312,21.1181,21.2171,20.0649,20.2977,19.9557,21.4973,20.347,20.5073,21.2972,21.301,22.1095,19.7978,19.8964,19.9957,21.5279,21.7055,20.4302,20.3294,20.6617,20.732,21.1104,20.5459,20.5115,20.9263,21.0543,21.4285,20.483,20.7518,20.6079,21.4712,22.8533,21.1161,20.4916,20.7988,20.8348,20.6649,20.1137,20.6306,21.0841,21.1557,21.5133
296,2:02:55 PM,20.1407,20.1021,20.1544,20.837,21.2113,20.9327,21.0585,21.177,21.3447,21.252,21.0697,21.0088,20.8229,20.9412,21.3471,21.1813,21.4186,21.3821,21.7109,21.8893,21.2421,20.9299,21.1778,21.0565,21.4845,20.273,20.3785,20.3519,20.5938,20.9844,21.2581,21.1065,21.2305,21.5196,21.9822,21.338,21.1208,21.1434,21.0161,21.1205,21.4301,21.3658,21.6922,22.0205,22.308,21.6649,21.7379,21.6662,21.3377,21.5046,20.4072,19.8327,20.0657,20.2428,21.2611,20.3155,20.8548,21.3121,21.3906,21.4719,21.1703,21.1505,20.9324,21.3171,21.8535,21.4356,20.8406,20.8596,21.028,21.4936,20.5519,20.7423,21.0165,21.3413,21.7312,20.0061,20.0065,20.2958,20.6767,21.1336,21.2373,20.0592,20.1247,19.8469,21.5401,20.296,20.4228,21.2833,21.1967,22.0086,19.7836,19.8866,20.0891,21.4207,21.6634,20.4385,20.4793,20.5725,20.6389,21.0242,20.4014,20.4747,20.8854,20.9706,21.4525,20.4296,20.6256,20.66,21.5289,22.8276,20.9992,20.4192,20.8338,20.848,20.6154,20.1746,20.5876,21.0926,21.2487,21.4829
297,2:03:15 PM,20.0605,20.0833,20.1641,20.8243,21.1728,21.0023,20.9251,21.2812,21.4586,21.3453,20.9878,20.9359,20.7283,20.8344,21.1309,21.196,21.4019,21.4377,21.7065,21.8032,21.3701,20.9137,21.1862,21.0658,21.3908,20.3159,20.3752,20.2541,20.4399,20.8912,21.2297,21.1242,21.2327,21.5359,21.9785,21.2967,21.0235,21.0018,20.9385,21.0566,21.4267,21.2785,21.683,21.9602,22.3111,21.7199,21.7387,21.6908,21.3235,21.516,20.4122,19.886,20.1378,20.1941,21.2792,20.3223,20.9171,21.3427,21.3625,21.4059,21.171,21.1307,20.9013,21.2489,21.7755,21.4129,20.7784,20.7995,20.9599,21.415,20.5411,20.874,21.0841,21.3827,21.6494,19.8613,19.9811,20.2423,20.7268,21.049,21.2501,20.0085,20.0964,19.7783,21.5861,20.2465,20.4698,21.2781,21.3933,21.9892,19.7531,19.8892,20.2414,21.47,21.7113,20.4228,20.3377,20.5629,20.4801,21.0308,20.4592,20.5209,20.7793,20.9636,21.337,20.5068,20.726,20.6657,21.4434,22.821,20.8916,20.4125,20.8291,20.8458,20.474,20.1062,20.5695,21.1049,21.2115,21.502
298,2:03:35 PM,20.1527,20.0277,20.0614,20.73,21.1337,21.0435,20.9688,21.2774,21.4875,21.2885,20.9541,20.8916,20.7604,20.7944,21.1152,21.1283,21.3709,21.3759,21.6479,21.7754,21.4279,20.9026,21.1144,20.9938,21.4288,20.2433,20.3841,20.2049,20.5103,20.8332,21.2508,21.167,21.3336,21.6184,21.9773,21.2798,21.0879,21.007,21.0118,21.0572,21.3989,21.2683,21.6168,21.9353,22.3546,21.7115,21.6488,21.5816,21.3429,21.5397,20.3492,19.7927,20.0575,20.1605,21.2078,20.2319,20.9016,21.3616,21.414,21.3831,21.1326,21.0602,20.917,21.2,21.7465,21.3547,20.7843,20.8322,20.9844,21.4522,20.4452,20.8433,21.114,21.331,21.6307,19.8314,19.8304,20.1748,20.6819,21.074,21.1913,19.8944,20.048,19.7662,21.4023,20.1904,20.459,21.2462,21.2659,22.1287,19.7142,19.8865,20.1725,21.4082,21.6151,20.3739,20.3043,20.6294,20.488,21.0539,20.4241,20.4571,20.8147,20.916,21.4026,20.4357,20.6506,20.5841,21.5414,22.734,20.9003,20.3357,20.8494,20.7793,20.5803,20.1268,20.517,21.1386,21.2172,21.3739
299,2:03:55 PM,20.1408,20.0933,20.0305,20.7396,21.15,21.0013,20.9786,21.2693,21.4689,21.3504,20.9149,20.8698,20.6929,20.7272,21.0872,21.2008,21.3591,21.4073,21.6639,21.8194,21.3184,20.9019,21.1128,20.9435,21.3549,20.3311,20.418,20.2028,20.5343,20.8391,21.2739,21.191,21.4017,21.5651,21.9294,21.2933,21.0066,21.019,21.0006,21.0211,21.3414,21.2503,21.6044,21.8408,22.3382,21.669,21.566,21.6083,21.3201,21.5511,20.3279,19.7553,20.0395,20.07,21.2321,20.326,20.8641,21.3484,21.4025,21.3,21.0803,21.0741,20.9656,21.2097,21.7988,21.3984,20.7619,20.7963,20.9889,21.4832,20.3812,20.8372,21.1531,21.3388,21.6939,19.8888,19.8342,20.1564,20.6576,21.14,21.1081,19.8857,20.1874,19.7526,21.4308,20.2015,20.2904,21.3222,21.3321,22.1012,19.6945,19.8676,20.2197,21.3016,21.6306,20.3614,20.2471,20.5408,20.5938,20.8202,20.4239,20.3993,20.8045,20.8944,21.3422,20.4068,20.6422,20.6086,21.584,22.6572,20.8847,20.2384,20.8261,20.8491,20.6365,20.11,20.5364,21.0423,21.14,21.3463
300,2:04:15 PM,20.1217,20.0551,20.0544,20.6954,21.11,20.9429,21.0788,21.2832,21.4556,21.3983,20.9571,20.8488,20.6833,20.8125,21.033,21.1203,21.3084,21.37,21.6352,21.8076,21.2016,20.9302,21.0968,20.9603,21.3758,20.2786,20.3484,20.287,20.4275,20.7653,21.3123,21.1303,21.3328,21.54,21.9006,21.2373,21.0611,21.0303,21.0077,21.0309,21.3587,21.2304,21.5778,21.7669,22.3709,21.5864,21.5826,21.6386,21.259,21.5606,20.2983,19.8149,20.0226,20.1249,21.1855,20.5961,20.8798,21.3596,21.3724,21.2778,21.1273,21.0717,20.8498,21.248,21.8983,21.4021,20.6917,20.7792,20.9397,21.4328,20.2918,20.6899,21.0566,21.2819,21.6482,19.8689,19.8989,20.2115,20.6309,21.0317,21.1557,19.9688,20.0552,19.7691,21.4378,20.2021,20.3881,21.2873,21.2686,22.0043,19.6183,19.7647,19.939,21.099,21.6185,20.3744,20.3082,20.5999,20.5478,20.7723,20.3808,20.3822,20.7372,20.8813,21.31,20.4224,20.6269,20.5342,21.454,22.4812,20.8203,20.3486,20.816,20.8599,20.6396,20.1027,20.4703,21.0379,21.0572,21.3576
301,2:04:35 PM,20.1336,20.0831,20.0616,20.7191,21.1054,20.9475,21.0212,21.3141,21.4478,21.4184,20.927,20.8979,20.7086,20.8341,21.0647,21.0931,21.3309,21.3003,21.5976,21.7767,21.2032,20.795,21.116,20.8825,21.3985,20.3219,20.4382,20.3108,20.3158,20.803,21.2673,21.1716,21.342,21.5333,21.8897,21.2321,21.0382,21.0178,21.0166,21.0017,21.3876,21.2757,21.5724,21.8329,22.2754,21.5757,21.5648,21.5925,21.2209,21.532,20.3158,19.8877,19.995,20.102,21.1602,20.7364,20.8343,21.3064,21.4146,21.3539,21.1466,21.107,20.7906,21.1391,21.7633,21.4095,20.7299,20.7391,20.9732,21.3904,20.4098,20.7438,21.0227,21.212,21.7916,19.9352,19.8595,20.1598,20.5998,21.0002,21.1286,19.9009,20.1244,19.8322,21.591,20.2142,20.3659,21.2913,21.3549,21.8703,19.6515,19.79,19.8829,20.9952,21.511,20.4117,20.1884,20.4769,20.459,20.8701,20.3396,20.397,20.7789,20.8204,21.4005,20.4968,20.5956,20.5689,21.52,22.4522,20.8623,20.3151,20.7376,20.8713,20.5733,20.0446,20.4428,20.8297,21.047,21.3084
302,2:04:55 PM,20.2039,20.136,20.1624,20.6001,21.0891,20.9169,21.0573,21.2519,21.3956,21.434,20.8695,20.9206,20.6542,20.7637,21.0234,21.0799,21.313,21.2192,21.6229,21.8108,21.2399,20.8848,21.0739,20.931,21.4298,20.3319,20.4071,20.2265,20.2392,20.8216,21.4221,21.0686,21.2636,21.4519,21.8722,21.2416,20.9886,20.9657,21.052,21.122,21.3293,21.2734,21.4496,21.8484,22.2463,21.445,21.5928,21.5203,21.1789,21.4735,20.3841,19.8501,19.9804,20.1314,21.1211,20.6684,20.8921,21.226,21.3911,21.4917,21.0704,21.023,20.8548,21.1933,21.8737,21.3203,20.6855,20.7277,20.9379,21.2313,20.3723,20.6681,20.9325,21.2485,21.8068,19.8583,19.9799,20.0943,20.6171,20.9311,21.1428,19.8998,20.0294,19.8535,21.5498,20.1967,20.4526,21.2705,21.2665,22.0374,19.6587,19.693,19.7503,20.8712,21.4899,20.3478,20.1559,20.3654,20.3415,20.9381,20.3522,20.3552,20.7428,20.7848,21.345,20.4993,20.629,20.5399,21.4425,22.4341,20.9392,20.2574,20.7408,20.7792,20.6141,19.9036,20.3209,20.8062,21.0483,21.2515
303,2:05:15 PM,20.1924,20.1191,20.0849,20.6432,21.0497,20.8396,20.9654,21.3302,21.3224,21.4349,20.8997,20.9544,20.6983,20.7698,21.0417,21.0275,21.244,21.1875,21.57,21.7016,21.0617,20.8234,20.9902,20.8178,21.3924,20.2997,20.5099,20.2581,20.2104,20.7451,21.2962,21.1243,21.2365,21.3799,21.8571,21.2233,21.0577,20.9657,21.0946,21.0872,21.4024,21.2871,21.5481,21.8654,22.1925,21.4842,21.5084,21.5608,21.1324,21.4215,20.3678,19.8322,19.9256,20.0668,21.0793,20.4601,20.7599,21.2697,21.3365,21.5542,21.0325,21.0609,20.8025,21.1925,21.7748,21.2671,20.6681,20.7447,20.8743,21.231,20.3803,20.6822,20.9849,21.2334,21.7125,19.9288,19.9216,20.0627,20.5864,20.9563,21.1455,19.8349,20.2135,19.8851,21.5272,20.1267,20.3064,21.208,21.254,21.9795,19.6363,19.7411,19.822,21.0189,21.4654,20.2637,20.0863,20.3259,20.4063,20.879,20.3461,20.4044,20.7337,20.8378,21.2468,20.4408,20.6174,20.523,21.4186,22.4762,20.9049,20.2559,20.7069,20.721,20.6656,19.8265,20.2589,20.8199,21.0162,21.235
304,2:05:35 PM,20.1736,20.1356,20.1724,20.5929,20.991,20.7421,20.7781,21.2189,21.2732,21.3335,20.9323,20.9146,20.7291,20.7309,21.0011,21.0177,21.2761,21.1683,21.5188,21.6384,20.9786,20.7842,21.0297,20.965,21.3853,20.3081,20.3393,20.1574,20.2209,20.7274,21.2901,21.0309,21.1627,21.3449,21.8397,21.1922,20.9962,20.921,21.0115,21.0396,21.2573,21.178,21.558,21.8369,22.1398,21.4082,21.4424,21.4842,21.1323,21.2867,20.3875,19.7879,19.9793,20.0908,21.0958,20.307,20.6803,21.3262,21.2797,21.5025,20.8667,20.9448,20.825,21.1375,21.7893,21.1747,20.6496,20.6233,20.8334,21.3339,20.3677,20.6693,20.9578,21.177,21.605,19.888,19.9694,20.082,20.6619,20.9599,21.0931,19.86,20.1341,19.8707,21.3871,20.1541,20.2825,21.113,21.2058,21.8935,19.6084,19.6589,19.8746,21.0669,21.4779,20.2648,20.0845,20.4464,20.4686,20.7618,20.3637,20.2756,20.7551,20.876,21.2022,20.5219,20.5079,20.5729,21.3257,22.5028,20.8899,20.2356,20.7127,20.6875,20.5827,19.7649,20.2726,20.8253,20.9599,21.188
305,2:05:55 PM,20.0549,20.0382,20.0993,20.6961,20.953,20.7928,20.7985,21.1898,21.2233,21.2722,20.9114,20.8856,20.7793,20.6627,20.9052,21.0307,21.1283,21.1169,21.557,21.6554,20.9919,20.7876,21.0209,20.8297,21.2794,20.2162,20.299,20.127,20.298,20.7024,21.1964,20.9985,21.113,21.3955,21.762,21.1967,20.9594,20.7797,20.7999,20.8162,21.1623,21.1256,21.5764,21.815,22.1491,21.4376,21.53,21.4273,21.0869,21.3033,20.272,19.812,19.9094,20.1129,21.0242,20.296,20.7416,21.2601,21.2684,21.2951,20.8662,20.9544,20.7557,21.1464,21.7175,21.3117,20.6313,20.7118,20.7769,21.3651,20.3415,20.6795,21.0209,21.1984,21.338,19.8395,19.8974,20.1292,20.6684,21.0012,21.0182,19.864,20.1074,19.8391,21.3944,20.067,20.2833,21.1075,21.1997,21.8371,19.6182,19.7396,20.0657,21.1359,21.5372,20.2776,20.0978,20.3728,20.3619,20.8609,20.2917,20.299,20.7436,20.878,21.0599,20.4181,20.4961,20.5153,21.2333,22.6094,20.859,20.1948,20.5855,20.6617,20.4944,19.8011,20.2897,20.8337,20.9852,21.1296
306,2:06:15 PM,19.8767,19.9106,20.0358,20.6881,20.9829,20.7411,20.7283,21.1116,21.1197,21.246,20.9436,20.8657,20.7658,20.6837,20.9386,21.0015,21.1452,21.1627,21.5305,21.6594,20.9763,20.8809,20.9391,20.926,21.2323,20.2285,20.2424,20.1038,20.2658,20.629,21.1506,20.9078,21.0971,21.383,21.7109,21.1412,20.9285,20.8053,20.7486,20.753,21.129,21.0813,21.5517,21.8416,22.1405,21.4275,21.4687,21.5244,21.0891,21.2837,20.2275,19.7149,19.955,20.0011,21.0365,20.1645,20.5993,21.2339,21.2557,21.3043,20.9049,20.8999,20.7702,21.1263,21.6127,21.2762,20.6788,20.6426,20.7791,21.3531,20.289,20.5386,20.9777,21.1346,21.3324,19.6832,19.8141,20.1026,20.5893,21.0113,21.0024,19.8148,20.0784,19.689,21.2164,20.0154,20.2932,21.0451,21.1212,21.6799,19.5673,19.7598,20.2016,21.0599,21.5062,20.3073,20.1905,20.3668,20.2463,20.7091,20.2412,20.2883,20.6813,20.7749,21.0707,20.3335,20.4724,20.4644,21.1982,22.8092,20.8664,20.1271,20.5961,20.6312,20.4962,19.7709,20.3142,20.7428,20.9666,21.1559
307,2:06:35 PM,19.8563,19.8702,20.0609,20.6375,21.0463,20.7355,20.7979,21.0982,21.2092,21.2538,20.8603,20.821,20.5703,20.6966,20.8204,20.9096,21.1338,21.1206,21.5226,21.7687,21.1021,20.7953,20.9125,20.9934,21.2045,20.2247,20.1792,20.1531,20.2243,20.6634,21.1313,20.9829,21.0629,21.3545,21.6254,21.1633,20.8842,20.7971,20.6742,20.7537,21.1328,21.0549,21.3946,21.7742,22.1336,21.5035,21.3901,21.4704,21.127,21.3028,20.1043,19.6404,19.8491,19.9204,20.9814,20.186,20.5612,21.1114,21.1917,21.345,20.9423,20.8785,20.7212,21.1157,21.7363,21.3151,20.654,20.5663,20.8019,21.2901,20.2074,20.5195,20.9809,21.1753,21.2944,19.7002,19.8006,20.0675,20.5544,20.9785,20.989,19.6743,20.0269,19.6183,21.0112,20.0125,20.2431,21.0835,21.1729,21.6968,19.581,19.7842,20.073,21.0524,21.472,20.2581,20.1796,20.2965,20.2276,20.7084,20.2645,20.2468,20.5795,20.7388,20.9507,20.1504,20.3926,20.3909,21.0704,23.0498,20.7744,20.1405,20.6142,20.6408,20.3102,19.8832,20.3244,20.7841,21.0202,21.1904
308,2:06:55 PM,19.8347,19.8366,20.0241,20.6132,20.9626,20.7713,20.7707,21.1304,21.2175,21.2628,20.8335,20.7122,20.559,20.7323,20.8361,21.0233,21.2056,21.1538,21.4686,21.6932,21.1802,20.8388,20.9067,20.9538,21.2486,20.1269,20.1392,20.0961,20.2026,20.6221,21.2024,20.9994,21.1044,21.2835,21.6532,21.1024,20.8492,20.7047,20.7098,20.6843,21.2087,21.0148,21.3277,21.718,22.058,21.4861,21.3824,21.451,21.0925,21.3683,20.1284,19.5761,19.8799,19.9537,20.9632,20.1967,20.5484,21.1618,21.2608,21.3967,20.9389,20.8977,20.7119,21.0712,21.6675,21.2055,20.5845,20.6113,20.8042,21.3197,20.1652,20.593,20.8756,21.0927,21.5135,19.6083,19.7132,20.0832,20.5209,20.9708,20.9801,19.7437,20.1748,19.5969,21.0863,20.0214,20.1666,21.0094,21.0815,21.556,19.546,19.6963,20.0816,21.0385,21.4262,20.2118,20.2168,20.2689,20.2504,20.5915,20.2295,20.2558,20.5947,20.6487,20.8826,20.225,20.4261,20.4259,21.0336,22.916,20.8064,20.1327,20.5643,20.6087,20.4106,19.9029,20.3195,20.7585,20.9505,21.1694
309,2:07:15 PM,19.9403,20.0021,20.102,20.6598,21.0046,20.7252,20.735,21.0086,21.1422,21.2646,20.8002,20.7463,20.5691,20.6678,20.8434,21.0026,21.0998,21.0806,21.4087,21.6567,21.1066,20.8341,20.9754,20.8788,21.2671,20.2315,20.2882,20.0459,20.1129,20.6516,21.0606,20.8789,21.1367,21.2638,21.6706,21.1146,20.8352,20.8157,20.6978,20.8254,21.2315,20.9599,21.3912,21.7694,22.1231,21.46,21.3775,21.3951,21.0349,21.2699,20.0888,19.6272,19.813,19.8445,21.0049,20.3621,20.6008,21.1581,21.1729,21.3188,20.8998,20.8379,20.653,21.0054,21.6503,21.2106,20.5409,20.583,20.8068,21.3003,20.2575,20.6258,20.9426,21.0895,21.5351,19.6461,19.6814,20.0034,20.5253,20.8552,20.9636,19.692,20.0232,19.6443,21.0834,20.0141,20.1917,20.9813,21.1102,21.808,19.5168,19.66,19.745,21.0929,21.4564,20.1782,20.0458,20.2596,20.252,20.6535,20.2011,20.1932,20.5078,20.6649,20.9616,20.2844,20.37,20.4216,21.0335,22.7649,20.7212,20.041,20.5383,20.6265,20.4131,19.9028,20.3112,20.8148,20.9782,21.0839
310,2:07:35 PM,19.9869,19.9707,19.9732,20.6313,20.9589,20.7374,20.7733,20.9979,20.9874,21.0765,20.7481,20.81,20.5947,20.6639,20.9048,20.9466,21.1328,21.0312,21.4263,21.6722,21.1756,20.7915,20.9513,20.5938,21.2708,20.1808,20.2373,20.1433,20.2659,20.6637,20.9364,20.8529,21.0874,21.209,21.6962,21.0404,20.8383,20.8447,20.8189,20.8224,21.2226,21.0767,21.3656,21.7473,22.1354,21.4171,21.3269,21.4333,21.0386,21.2262,20.1523,19.541,19.8205,19.9942,20.9574,20.3367,20.6684,21.1333,21.1413,21.4062,20.8506,20.8233,20.659,21.0549,21.6836,21.16,20.6047,20.5316,20.7435,21.29,20.2117,20.5783,20.9187,21.0552,21.5139,19.621,19.6366,20.0162,20.5043,20.9274,21.0084,19.6702,20.0894,19.6469,21.0734,19.9743,20.1617,20.987,21.0933,21.7458,19.6136,19.6517,19.7448,21.0082,21.4452,20.122,20.0585,20.2545,20.2406,20.4968,20.1374,20.2175,20.4867,20.6452,20.8929,20.2587,20.3813,20.3473,21.1018,22.6719,20.6718,20.1061,20.5316,20.5568,20.6126,19.8868,20.28,20.658,20.8733,21.0985
311,2:07:55 PM,19.9343,19.9349,19.9137,20.5841,20.9709,20.738,20.7477,20.8973,20.9913,21.0063,20.814,20.8366,20.5821,20.6968,20.9196,20.9633,21.1511,21.0298,21.4504,21.6151,21.0992,20.7395,20.8616,20.6962,21.1852,20.2825,20.2453,20.2224,20.1871,20.6457,21.0168,20.7804,20.984,21.2303,21.5534,21.0372,20.8024,20.8983,20.893,20.953,21.2816,21.1168,21.4423,21.7331,22.0203,21.3903,21.3254,21.3659,21.0356,21.2114,20.1752,19.5949,19.7979,19.955,20.9354,20.2676,20.715,21.1177,21.0692,21.3156,20.7767,20.8038,20.5891,21.0924,21.5115,21.1227,20.5794,20.5933,20.7761,21.2026,20.2795,20.5773,20.9019,21.0012,21.3281,19.6032,19.6044,19.9525,20.4552,20.9348,20.8652,19.7386,19.9945,19.6719,20.9193,19.9522,20.1399,21.0969,21.1074,21.7471,19.5465,19.6519,19.6029,20.9746,21.3617,20.1746,20.0535,20.2005,20.0508,20.2668,20.095,20.1838,20.5557,20.6904,20.9507,20.1885,20.3343,20.3544,21.0755,22.4991,20.678,20.1232,20.521,20.5931,20.5409,19.7078,20.2,20.6689,20.9059,21.1088
312,2:08:15 PM,19.9364,19.8606,19.9152,20.5674,20.9384,20.7412,20.7493,20.8776,20.9567,21.0806,20.7766,20.7356,20.5468,20.6156,20.9523,20.9182,21.1175,20.9511,21.4427,21.5712,20.955,20.6955,20.8365,20.7084,21.1708,20.2318,20.2689,20.1925,20.3002,20.6383,20.9026,20.893,21.0195,21.2968,21.5719,21.0026,20.79,20.756,20.8431,20.8644,21.1955,21.0856,21.4008,21.7437,21.9902,21.3755,21.3265,21.3622,20.9523,21.2539,20.1639,19.602,19.8201,19.9808,20.8955,20.1892,20.7303,21.1796,21.0516,21.1796,20.7793,20.8066,20.6432,21.0247,21.4667,21.1376,20.4901,20.5123,20.7117,21.2604,20.2019,20.4603,20.8874,21.0116,21.2898,19.6612,19.644,19.9807,20.4481,20.8423,20.9336,19.7297,19.8917,19.5837,20.9755,19.9518,20.2141,21.0285,21.0377,21.6162,19.4763,19.6393,19.792,20.9059,21.3478,20.0547,20.0666,20.0698,19.9005,20.4032,20.0959,20.1778,20.5313,20.6702,21.0163,20.1563,20.3816,20.3502,21.2333,22.6037,20.6476,20.1065,20.4841,20.611,20.434,19.7354,20.1535,20.5773,20.811,21.0551
313,2:08:35 PM,19.825,19.9546,19.8901,20.5046,20.873,20.7601,20.7968,20.9748,20.9717,21.0233,20.7453,20.7146,20.5175,20.5967,20.8345,20.965,21.047,20.9403,21.3984,21.5178,20.863,20.5239,20.7838,20.759,21.1244,20.1514,20.2695,20.1306,20.1185,20.5579,21.0149,20.8143,21.0158,21.2412,21.5491,20.9871,20.8388,20.6995,20.7698,20.7375,21.1625,21.0775,21.3799,21.741,21.9032,21.2611,21.2765,21.3072,20.9225,21.1221,20.0856,19.5213,19.7975,19.9508,20.9381,20.1626,20.73,21.1235,21.0605,21.126,20.6759,20.7531,20.6312,21.0517,21.4475,21.0151,20.4241,20.4776,20.6642,21.3336,20.1797,20.4898,20.8175,21.0154,21.3784,19.6083,19.6519,19.9805,20.4123,20.7948,20.8937,19.6797,19.8481,19.5642,20.8223,19.995,20.2794,21.0145,21.0832,21.7863,19.5255,19.5889,19.7159,20.79,21.344,20.1433,19.9387,20.001,19.8583,20.5066,20.0653,20.1823,20.4493,20.617,21.0788,20.0957,20.2859,20.31,21.3541,22.5819,20.6674,20.0736,20.5234,20.505,20.3448,19.735,20.1121,20.5577,20.7893,21.0619
314,2:08:55 PM,19.9455,19.9842,19.8549,20.4544,20.7902,20.6835,20.7337,20.9759,21.0904,21.1134,20.6464,20.7148,20.5119,20.6234,20.7356,20.8435,21.0178,20.9039,21.3652,21.5723,20.7651,20.4311,20.7125,20.6668,21.0569,20.1211,20.1791,19.989,20.1015,20.4767,20.9535,20.751,20.9745,21.1243,21.456,20.9643,20.7979,20.7132,20.6487,20.6384,21.0928,20.951,21.2735,21.7485,21.8761,21.2577,21.3128,21.2931,20.8736,21.0388,20.0712,19.5673,19.7628,19.8929,20.8092,20.209,20.6818,21.0569,21.031,21.0743,20.7069,20.7545,20.5853,20.9474,21.5006,21.0901,20.4436,20.4912,20.6161,21.3489,20.0303,20.4568,20.792,20.9533,21.3081,19.6204,19.6029,19.9156,20.3856,20.8141,20.81,19.7147,19.8851,19.5258,20.6782,20.0286,20.2694,21.0289,21.0826,21.9199,19.4377,19.4661,19.8321,20.7257,21.2719,20.0743,19.8165,19.9757,19.9453,20.8703,20.0678,20.1034,20.4231,20.5973,21.1631,20.1,20.2468,20.2741,21.2908,22.6257,20.6856,20.2118,20.5401,20.4678,20.2822,19.7754,20.0085,20.6574,20.7199,21.0277
315,2:09:15 PM,19.9768,19.9835,19.8038,20.4004,20.7686,20.5678,20.6413,20.968,21.0761,21.0693,20.6102,20.6671,20.5528,20.6092,20.6599,20.7966,20.9209,20.9375,21.3549,21.5468,20.8608,20.4295,20.7386,20.5478,21.0608,20.0257,20.1286,19.9367,19.9995,20.4568,20.9127,20.6535,20.9225,21.0069,21.5373,20.9576,20.7893,20.684,20.6995,20.7553,21.0755,21.01,21.3118,21.6923,21.904,21.2467,21.1716,21.2406,20.8637,20.9572,20.0313,19.5989,19.7318,19.8454,20.8292,20.139,20.6256,21.0024,21.0021,21.2426,20.6563,20.6865,20.5263,20.9283,21.4019,21.0766,20.4436,20.4738,20.5675,21.2129,20.0406,20.3044,20.7299,20.9744,21.3516,19.6323,19.5852,19.9131,20.3308,20.7028,20.8382,19.6257,20.0195,19.6099,20.6225,19.9509,20.1739,21.0028,20.9497,21.9728,19.4642,19.5489,19.8056,20.7755,21.255,20.0177,19.8104,20.0346,19.9491,20.5795,20.0407,20.1034,20.3865,20.5983,20.9274,20.0538,20.309,20.3113,21.0955,22.065,20.623,20.2082,20.5707,20.4433,20.3635,19.7968,20.079,20.7286,20.8019,21.0508
316,2:09:35 PM,19.9971,19.9648,19.8487,20.3929,20.7308,20.4733,20.6131,20.8403,21.0627,21.046,20.6213,20.7502,20.5597,20.699,20.7825,20.7792,20.9167,20.8197,21.2941,21.5727,20.7725,20.4101,20.6508,20.5646,21.0957,20.0961,20.1401,19.922,19.9893,20.4667,20.881,20.757,20.8238,21.0123,21.5467,20.8553,20.8169,20.73,20.7529,20.7461,21.0961,21.0157,21.2255,21.6126,22.0173,21.1951,21.2107,21.287,20.8369,21.0886,20.1041,19.5361,19.7837,19.852,20.868,20.1603,20.5024,20.8732,20.9484,21.2673,20.4535,20.5554,20.4505,21.0178,21.4249,21.0102,20.459,20.5005,20.5855,21.1446,20.0833,20.2441,20.7244,20.8576,21.2243,19.6463,19.6619,19.8516,20.3333,20.6726,20.8248,19.6734,20.0984,19.688,20.7202,19.9087,20.1732,20.969,20.9659,22.0256,19.5435,19.5035,19.6738,20.7085,21.2183,20.0111,19.7527,20.0045,19.961,20.392,20.0737,20.1375,20.4299,20.6452,20.8283,20.1889,20.2757,20.2338,20.9912,21.9945,20.5772,20.0805,20.4638,20.4294,20.4507,19.7171,20.0077,20.6578,20.7768,21.0298
317,2:09:55 PM,19.9848,19.9463,19.8591,20.2773,20.7395,20.4759,20.5691,20.668,20.8996,20.9582,20.6878,20.7845,20.576,20.8058,20.8096,20.7871,20.9282,20.8565,21.3144,21.5623,20.8479,20.436,20.5764,20.5991,21.0736,20.0891,20.1762,19.9352,19.9496,20.3918,20.7865,20.714,20.7175,20.9963,21.4887,20.9077,20.798,20.7633,20.8854,20.8993,21.1191,21.0487,21.1591,21.5695,21.8844,21.1598,21.2025,21.2389,20.7946,21.0079,20.0749,19.5367,19.6668,19.8276,20.8005,20.0765,20.446,20.8833,20.971,21.4129,20.4712,20.5649,20.4502,21.0048,21.3977,21.0511,20.4162,20.4465,20.5845,21.1203,20.0293,20.3166,20.7727,20.8328,21.0506,19.6302,19.6755,19.8406,20.3497,20.604,20.7986,19.5235,19.9236,19.6146,20.8046,19.9053,20.1495,20.9007,21.0307,22.0023,19.3933,19.5343,19.7865,20.7508,21.2301,20.0057,19.7107,20.0282,19.8968,20.1729,20.1095,20.1231,20.4593,20.4906,20.8641,20.2175,20.2661,20.2515,21.024,22.0226,20.6002,19.9078,20.3159,20.4368,20.4643,19.6997,19.9964,20.56,20.7494,21.0706
318,2:10:15 PM,19.9104,19.9193,19.8064,20.2637,20.7296,20.4952,20.553,20.594,20.83,20.817,20.6759,20.7592,20.5023,20.6451,20.9465,20.7382,20.9059,20.8878,21.2949,21.3959,20.8142,20.3747,20.5545,20.5491,21.0687,20.1134,20.1192,19.8502,19.9052,20.4645,20.7217,20.7024,20.677,21.0287,21.4302,20.9621,20.7268,20.7552,20.8284,20.9563,21.1,20.9604,21.1864,21.5762,21.8409,21.1199,21.2246,21.2437,20.8208,20.9849,20.0215,19.4803,19.7268,19.7471,20.7711,20.0973,20.3732,20.869,20.9542,21.2092,20.4869,20.5083,20.4949,20.9972,21.3675,21.0282,20.4175,20.4237,20.5986,21.1628,19.9999,20.4475,20.727,20.8051,20.9832,19.5592,19.6204,19.8339,20.2627,20.6782,20.6848,19.5397,19.8507,19.4177,20.8074,19.7818,20.0755,20.8885,20.97,21.9162,19.3851,19.5156,19.8534,20.8405,21.1951,19.9685,19.7356,20.111,20.0358,20.4748,20.0124,20.0937,20.4518,20.4496,20.7673,20.2031,20.2154,20.2048,21.3023,22.3564,20.5547,19.8968,20.3561,20.3342,20.4377,19.6074,19.9753,20.5478,20.7489,21.0536
319,2:10:35 PM,19.7839,19.8948,19.7378,20.2159,20.6516,20.5018,20.3941,20.5945,20.8238,20.7335,20.6944,20.7216,20.4982,20.6474,20.9628,20.7058,20.8853,20.8351,21.2459,21.4663,20.8518,20.5226,20.6762,20.6709,21.0148,19.9835,20.0729,19.7523,19.9884,20.4345,20.6089,20.689,20.652,20.9234,21.4211,20.9117,20.7204,20.7079,20.78,20.9844,21.1137,20.9731,21.1726,21.5625,21.8105,21.1052,21.2228,21.1752,20.8374,20.9773,19.9399,19.5187,19.6897,19.72,20.7637,19.9931,20.4562,20.8502,20.9372,21.1124,20.4927,20.5014,20.4443,20.9208,21.3108,20.9472,20.3551,20.4043,20.4827,21.1346,20.058,20.4097,20.6802,20.8387,21.0696,19.475,19.5771,19.7517,20.2335,20.6227,20.6761,19.5017,19.8135,19.3302,20.8356,19.814,20.098,20.8499,20.9427,21.6483,19.3455,19.4479,19.8059,20.8021,21.1319,20.0927,20.0039,20.1449,20.0319,20.6506,20.0533,20.0471,20.4134,20.4414,20.8618,20.0753,20.1441,20.199,21.4647,22.5005,20.5469,20.0406,20.3587,20.4004,20.3097,19.5359,19.9733,20.6561,20.8025,21.1375
320,2:10:55 PM,19.6495,19.8025,19.7783,20.3106,20.6908,20.565,20.5059,20.7215,20.8478,20.7161,20.6582,20.5372,20.3702,20.6493,20.9171,20.7147,20.8676,20.8857,21.2346,21.457,20.8023,20.419,20.6735,20.6527,21.1144,19.8849,19.9263,19.8209,20.0601,20.4299,20.6044,20.7652,20.6955,20.9613,21.4578,20.9027,20.644,20.706,20.7331,21.0172,21.0695,20.9219,21.2389,21.5192,21.8441,21.1224,21.2561,21.1938,20.7541,21.0594,19.8259,19.3454,19.666,19.7203,20.753,19.9515,20.4692,20.867,20.8991,21.1364,20.4735,20.5126,20.4176,20.8656,21.2965,20.8866,20.3811,20.3562,20.4787,21.0759,20.1026,20.3955,20.7116,20.802,21.2338,19.3685,19.4964,19.8465,20.2057,20.6414,20.6902,19.4996,19.7533,19.3024,20.8561,19.6855,19.9697,20.738,20.8461,21.3367,19.3318,19.4046,19.7912,20.8938,21.2299,20.1532,20.0922,20.0844,20.1644,20.6901,19.9589,20.0223,20.3569,20.3885,20.8153,19.8469,20.1518,20.1236,21.4162,22.5462,20.4677,20.0251,20.4067,20.3824,20.2944,19.5089,19.9987,20.622,20.7317,21.0126
321,2:11:15 PM,19.6401,19.783,19.7843,20.3045,20.5813,20.542,20.482,20.7518,20.8357,20.8157,20.5325,20.5632,20.3793,20.6365,20.8671,20.6278,20.8107,20.888,21.2848,21.4481,20.903,20.4137,20.6694,20.8433,21.0861,19.9136,19.9686,19.7839,20.0737,20.4639,20.6732,20.6269,20.7359,20.868,21.4017,20.8707,20.6961,20.61,20.5873,20.7903,21.0011,20.8555,21.2005,21.583,21.8766,21.1177,21.2476,21.2578,20.7575,21.0836,19.8666,19.4037,19.6307,19.7003,20.7096,19.8984,20.4374,20.8516,20.8946,21.1996,20.4707,20.5628,20.3661,20.8999,21.406,20.8707,20.2688,20.3472,20.4741,21.0772,20.1112,20.438,20.693,20.7394,21.2481,19.4143,19.4425,19.7721,20.2968,20.6102,20.6529,19.4824,19.6984,19.3175,20.934,19.7447,20.0927,20.7138,20.8825,21.3461,19.3106,19.3698,19.7052,20.7931,21.3574,20.044,20.047,20.1648,20.051,20.5624,19.9394,19.9197,20.3232,20.3731,20.9255,19.875,20.1508,20.087,21.2301,22.5163,20.517,19.9425,20.4115,20.3476,20.1483,19.5542,20.0529,20.5124,20.683,20.9155
322,2:11:35 PM,19.6595,19.7591,19.7076,20.3895,20.6357,20.5032,20.5487,20.8026,20.8032,20.7436,20.5478,20.4686,20.3041,20.6888,20.7746,20.6168,20.8826,20.8605,21.2932,21.4048,20.9757,20.4565,20.6835,20.7851,21.0879,19.9389,19.9955,19.8116,20.0349,20.4179,20.7662,20.6837,20.8568,20.8894,21.4794,20.8527,20.5985,20.5394,20.5427,20.7298,20.9564,20.8732,21.1763,21.5532,21.8196,21.1434,21.1794,21.2074,20.7369,21.1119,19.9479,19.4575,19.6203,19.6864,20.7077,19.9438,20.4347,20.8075,20.8427,21.2357,20.5567,20.5606,20.3706,20.9174,21.4643,20.9313,20.3232,20.3144,20.4846,21.0577,20.0287,20.4868,20.613,20.8158,21.2464,19.5106,19.5575,19.784,20.242,20.5821,20.5899,19.5035,19.6659,19.3512,21.0826,19.7761,20.0494,20.8144,21.0786,21.3894,19.3329,19.437,19.7168,20.7513,21.3462,19.9721,19.9883,20.0648,19.9511,20.471,19.9233,19.9099,20.2326,20.3688,20.8747,19.8989,20.1662,20.1361,21.0961,22.3727,20.5607,19.9024,20.3667,20.2985,20.2895,19.5755,20.0051,20.4236,20.6855,20.779
323,2:11:55 PM,19.701,19.7415,19.7905,20.3008,20.6199,20.5007,20.5672,20.7612,20.856,20.793,20.5245,20.5126,20.3164,20.5836,20.7474,20.6594,20.8921,20.8508,21.2479,21.3804,20.8405,20.4424,20.6244,20.8029,21.0233,20.0149,19.9987,19.8008,20.0393,20.3982,20.7069,20.6578,20.8126,20.9102,21.4559,20.9504,20.6683,20.5153,20.3864,20.6063,20.9281,20.8579,21.1753,21.5017,21.7742,21.0433,21.1161,21.0888,20.8198,21.1201,19.9503,19.4446,19.5726,19.825,20.6638,20.0725,20.4213,20.8625,20.9069,21.1277,20.663,20.545,20.3604,20.7846,21.5279,20.8946,20.2597,20.2828,20.4509,21.0777,19.9464,20.4279,20.5959,20.8079,21.1529,19.507,19.5229,19.7904,20.2641,20.5283,20.6094,19.5303,19.5688,19.5236,21.1647,19.8158,20.0427,20.832,21.0685,21.4138,19.36,19.4365,19.7024,20.5727,21.3315,19.9031,19.8078,20.051,19.9407,20.3483,19.9241,19.9171,20.3439,20.4468,20.8362,20.0064,20.0809,20.1,21.0237,22.3407,20.442,19.9185,20.3496,20.2891,20.2703,19.6044,20.0182,20.4957,20.7932,20.7998
324,2:12:15 PM,19.7816,19.8586,19.7871,20.2786,20.6059,20.5269,20.5388,20.7838,20.8399,20.9321,20.5075,20.4457,20.3024,20.4778,20.7175,20.6759,20.8666,20.7897,21.257,21.2895,20.7497,20.4659,20.6264,20.542,20.9342,20.0332,20.0051,19.9046,20.0345,20.3911,20.6865,20.7079,20.8642,20.9154,21.3195,20.834,20.6084,20.4521,20.3432,20.6247,20.8114,20.8337,21.1108,21.4645,21.7246,21.0859,21.0694,21.1228,20.6491,21.1007,19.9976,19.4803,19.5548,19.7399,20.6985,20.1212,20.3969,20.8887,20.8818,21.0691,20.6846,20.5615,20.4301,20.7742,21.4367,20.8058,20.2079,20.2915,20.4304,21.142,20.0115,20.3964,20.6358,20.7985,21.0624,19.5874,19.6079,19.7123,20.1527,20.5315,20.6378,19.437,19.5448,19.6161,21.1977,19.7899,20.0116,20.8417,20.9939,21.273,19.3495,19.4059,19.7673,20.6642,21.2497,19.9275,19.8844,19.822,19.8579,20.438,19.9337,19.9621,20.216,20.4473,20.7996,20.0594,20.1105,20.1254,20.8814,22.4381,20.5342,19.9307,20.3158,20.2643,20.243,19.6217,19.9826,20.5561,20.8193,20.7743
325,2:12:35 PM,19.7462,19.8534,19.7944,20.1844,20.5472,20.4488,20.4628,20.662,20.8706,20.9073,20.5653,20.4668,20.4046,20.5357,20.545,20.66,20.8035,20.7721,21.2555,21.359,20.7013,20.4251,20.6539,20.5585,20.8709,20.0198,20.0498,19.8829,20.0225,20.3277,20.7379,20.6909,20.9371,20.9237,21.3795,20.8113,20.6492,20.5236,20.3768,20.4066,20.8959,20.7809,21.1497,21.4557,21.6561,21.1282,21.0137,21.0882,20.6332,20.9719,19.9726,19.4166,19.4206,19.7047,20.6873,19.9982,20.2895,20.8373,20.9066,20.9828,20.5997,20.5222,20.4163,20.7254,21.3869,20.8422,20.2946,20.2497,20.4482,21.1064,20.0287,20.2232,20.6343,20.7847,21.1032,19.4726,19.4439,19.7333,20.1159,20.5198,20.6369,19.4083,19.5997,19.522,21.092,19.7075,19.9166,20.6435,20.7438,21.3666,19.3044,19.4335,19.792,20.6243,21.2569,19.9306,19.9383,19.7997,19.9875,20.6195,19.9011,19.9265,20.3256,20.3496,20.9066,20.0977,20.0684,20.1317,21.1055,22.4341,20.4257,19.9689,20.269,20.3532,20.0918,19.5212,20.0238,20.5595,20.7967,20.8804
326,2:12:55 PM,19.7494,19.7922,19.6665,20.1903,20.5612,20.358,20.3143,20.5798,20.8287,20.7616,20.5561,20.5508,20.4619,20.6827,20.6644,20.6528,20.7948,20.7309,21.1157,21.2348,20.7366,20.2927,20.6295,20.4925,20.8965,19.9966,20.0561,19.8133,19.9945,20.3367,20.7195,20.5392,20.7601,20.7429,21.3539,20.7124,20.5857,20.5527,20.3742,20.5167,20.9451,20.7826,21.0899,21.531,21.7362,21.104,21.0935,21.1402,20.5933,20.9465,19.8583,19.3954,19.5476,19.6622,20.6887,19.951,20.3053,20.8491,20.8652,20.8457,20.4659,20.4508,20.4208,20.7215,21.341,20.7122,20.3093,20.2921,20.4282,21.1354,20.1175,20.4212,20.6224,20.8084,21.1605,19.342,19.3593,19.6833,20.0895,20.5126,20.5549,19.4966,19.6442,19.4193,20.9788,19.7289,19.8861,20.6628,20.8062,21.5767,19.2772,19.4182,19.8309,20.7866,21.2314,19.9414,20.0163,20.0012,20.1087,20.6761,19.8881,19.9065,20.2291,20.3249,20.7943,19.9882,20.0718,20.0768,21.2609,22.3465,20.4252,20.0362,20.2552,20.3908,20.0326,19.5714,20.0022,20.5318,20.7627,20.854
327,2:13:15 PM,19.6775,19.7468,19.6404,20.2268,20.5907,20.3822,20.2839,20.5355,20.6946,20.6756,20.6028,20.6127,20.4013,20.629,20.6182,20.5933,20.7542,20.715,21.1597,21.2619,20.8323,20.3866,20.7028,20.5039,20.9595,19.905,19.9523,19.8174,19.9799,20.3639,20.531,20.5477,20.6995,20.6913,21.3712,20.8038,20.5417,20.5988,20.5907,20.6715,20.8638,20.7668,21.1177,21.4857,21.6958,21.1551,21.1239,21.0561,20.6861,20.9209,19.8288,19.3273,19.51,19.6401,20.605,19.8796,20.3142,20.8186,20.7581,20.9421,20.4238,20.4409,20.3613,20.7807,21.266,20.8414,20.3149,20.2614,20.3876,21.0502,20.0118,20.4263,20.6705,20.7406,21.1561,19.3608,19.3595,19.6902,20.1792,20.4276,20.549,19.4358,19.7716,19.2776,21.0774,19.6807,19.8918,20.7474,20.8127,21.7606,19.2092,19.4003,19.7213,20.853,21.1877,19.9385,20.0423,20.0981,20.1935,20.4055,19.8762,19.9083,20.233,20.2958,20.6139,19.8665,20.0255,20.0579,21.355,22.239,20.4144,19.9882,20.2561,20.3708,20.0316,19.551,19.9977,20.439,20.6358,20.7945
328,2:13:35 PM,19.6182,19.5901,19.597,20.2329,20.6229,20.3667,20.2678,20.5692,20.656,20.6458,20.6103,20.5256,20.3527,20.3917,20.6238,20.5556,20.723,20.8139,21.1854,21.2528,20.9363,20.3958,20.606,20.51,20.9362,19.8326,19.9117,19.7207,19.9661,20.3547,20.5734,20.5067,20.6741,20.6903,21.3981,20.7763,20.576,20.4983,20.558,20.6567,20.7953,20.7999,20.9967,21.4714,21.7553,21.1584,21.1974,21.0524,20.6618,20.9417,19.8156,19.277,19.4778,19.5328,20.6079,19.8272,20.2882,20.7604,20.7555,20.9423,20.4453,20.4934,20.3155,20.7006,21.2087,20.9753,20.2837,20.2928,20.3826,21.1574,20.0263,20.4628,20.624,20.7524,21.0827,19.3556,19.3566,19.6588,20.2436,20.5085,20.48,19.4212,19.7779,19.2781,21.1897,19.7443,19.8673,20.757,20.8448,21.7703,19.2981,19.3437,19.7306,21.0373,21.2083,20.0535,20.0822,20.1647,20.1474,20.3068,19.8654,19.8745,20.2492,20.3117,20.4876,19.8272,20.0239,20.0712,21.1635,22.2916,20.3944,19.9774,20.2479,20.2594,20.0262,19.5212,19.9381,20.4784,20.6086,20.8188
329,2:13:55 PM,19.5407,19.5819,19.5526,20.2298,20.6014,20.4037,20.3261,20.6042,20.7237,20.7326,20.5471,20.4477,20.2143,20.2971,20.5688,20.6231,20.619,20.7995,21.2195,21.3177,20.9041,20.5678,20.6744,20.5082,20.8993,19.7872,19.8718,19.7067,19.821,20.3608,20.6062,20.5351,20.7361,20.8019,21.3631,20.8146,20.5443,20.3902,20.5801,20.5824,20.6732,20.7618,21.0276,21.4499,21.7306,21.162,21.1496,21.089,20.6998,20.9054,19.8672,19.3457,19.4605,19.565,20.5997,19.8515,20.3484,20.7884,20.7741,20.9623,20.52,20.5135,20.3169,20.7029,21.2499,20.8687,20.2442,20.161,20.3145,21.1421,20.0337,20.4276,20.6137,20.6885,21.0368,19.3306,19.3425,19.6402,20.1883,20.5299,20.5207,19.3259,19.7812,19.2667,21.4768,19.7304,19.8629,20.7187,20.8573,21.6483,19.2563,19.4197,19.7539,20.9685,21.2867,20.033,20.1897,20.1057,20.067,20.3623,19.7992,19.8545,20.1649,20.3317,20.4377,19.7338,19.9894,20.0898,21.0508,22.4127,20.4236,19.8654,20.2638,20.1916,19.9933,19.5398,19.886,20.4574,20.6222,20.84
330,2:14:15 PM,19.5164,19.7026,19.5327,20.1802,20.5478,20.3514,20.3793,20.7296,20.8317,20.8146,20.562,20.3195,20.2202,20.2414,20.5442,20.5853,20.6878,20.8106,21.1828,21.2731,20.9944,20.5455,20.6097,20.6681,20.8997,19.78,19.8667,19.6984,19.7833,20.2346,20.7662,20.502,20.7277,20.8429,21.3158,20.8665,20.5787,20.3847,20.5411,20.4187,20.6573,20.6796,21.0843,21.3814,21.6981,21.1774,21.149,21.1051,20.6854,20.9076,19.8145,19.3204,19.4649,19.539,20.5973,19.8296,20.289,20.773,20.775,20.8942,20.4531,20.5143,20.3354,20.7717,21.1909,20.8884,20.2085,20.2595,20.3583,21.1004,19.9655,20.3576,20.5814,20.7429,21.0458,19.4101,19.3128,19.6351,20.1874,20.5213,20.5431,19.3671,19.6594,19.3097,21.3678,19.7124,19.8888,20.667,20.8156,21.5582,19.2459,19.4032,19.646,20.8569,21.3675,19.9942,20.1371,19.9961,20.0419,20.5588,19.7784,19.7815,20.1312,20.2987,20.5304,19.7936,19.9821,20.0875,20.9369,22.3573,20.3843,19.961,20.2422,20.2246,20.1327,19.4995,19.9278,20.458,20.6006,20.9445
331,2:14:35 PM,19.5642,19.6199,19.5023,20.0712,20.5519,20.3331,20.5332,20.7743,20.8575,20.8314,20.509,20.3813,20.2811,20.2498,20.5094,20.6707,20.7166,20.8262,21.1127,21.3274,20.9518,20.5562,20.6319,20.6878,20.8686,19.7851,19.9347,19.7136,19.7856,20.2149,20.7301,20.5472,20.7759,20.9462,21.3097,20.7931,20.4618,20.4232,20.4911,20.5451,20.7331,20.6938,21.1298,21.4428,21.6406,21.1975,21.1097,21.0823,20.7195,20.94,19.8278,19.3051,19.4973,19.6089,20.525,19.9745,20.2644,20.7405,20.8169,20.8813,20.5082,20.4223,20.3517,20.797,21.241,20.9445,20.2746,20.189,20.3367,20.9466,19.9561,20.2711,20.5514,20.7214,21.0364,19.3376,19.3936,19.659,20.1241,20.4563,20.5234,19.4342,19.6349,19.307,21.2929,19.7036,19.88,20.6455,20.8067,21.5726,19.2139,19.3738,19.6255,20.6738,21.2554,20.0255,20.0484,20.0273,19.9962,20.6003,19.7939,19.821,20.1536,20.2435,20.6171,19.7987,19.981,20.0924,20.9531,22.2255,20.4173,19.8745,20.2409,20.1918,20.2126,19.5675,19.932,20.3609,20.6239,20.9431
332,2:14:55 PM,19.6628,19.7288,19.5832,20.1334,20.5221,20.3401,20.5977,20.7563,20.8888,20.867,20.3703,20.4044,20.2987,20.2908,20.5553,20.5682,20.7543,20.6806,21.1633,21.2825,20.8262,20.5109,20.5425,20.692,20.8316,19.8599,19.9025,19.8314,19.8123,20.2098,20.7673,20.653,20.8079,20.9231,21.321,20.6785,20.4804,20.4503,20.374,20.4103,20.7813,20.7325,21.0715,21.3919,21.6065,21.1208,21.101,21.0798,20.6179,20.9559,19.7806,19.2956,19.4871,19.6171,20.5847,20.0712,20.2596,20.7831,20.8582,20.9344,20.5219,20.445,20.3553,20.7668,21.1977,20.8565,20.2253,20.2272,20.3651,20.8824,20.0006,20.3417,20.5912,20.692,21.1018,19.3652,19.4261,19.6406,20.2091,20.4609,20.5182,19.4142,19.6078,19.3276,21.1303,19.7589,19.9347,20.6521,20.7654,21.6087,19.2258,19.3446,19.6172,20.5819,21.1041,19.9863,20.0043,20.0608,19.9216,20.5491,19.7765,19.7938,20.206,20.2685,20.8999,19.9056,20.0597,20.0902,21.2855,22.1729,20.4828,20.0574,20.2866,20.2695,20.3582,19.5715,19.9377,20.3138,20.5669,20.912
333,2:15:15 PM,19.7831,19.6843,19.6456,20.1032,20.5046,20.3339,20.5873,20.823,20.9156,20.9212,20.4347,20.4407,20.2963,20.2816,20.4629,20.5896,20.7366,20.647,21.1449,21.2657,20.7741,20.4447,20.6007,20.5833,20.8666,19.8452,20.0114,19.8753,19.8993,20.2693,20.7984,20.6106,20.8112,20.9081,21.3043,20.714,20.5019,20.444,20.3374,20.3841,20.7068,20.7166,20.9784,21.3586,21.5805,21.1207,21.1034,20.9646,20.6088,20.983,19.8418,19.3867,19.4429,19.5071,20.569,20.1181,20.3514,20.8028,20.8071,20.8975,20.552,20.4444,20.3312,20.631,21.2437,20.809,20.1814,20.1921,20.2954,20.7516,19.9831,20.3782,20.4971,20.6661,21.1322,19.4265,19.4388,19.5836,20.1703,20.4444,20.534,19.483,19.5544,19.2483,21.0362,19.6593,19.9651,20.6018,20.8344,21.615,19.1744,19.2863,19.5379,20.5373,21.0972,19.9614,19.8932,19.9489,19.8018,20.5672,19.7672,19.825,20.1555,20.2533,20.89,19.9929,20.065,20.0691,21.3269,21.9907,20.4584,19.9939,20.1315,20.2844,20.2016,19.5478,19.9421,20.4052,20.7019,20.8742
334,2:15:35 PM,19.7176,19.7045,19.5698,20.1279,20.4827,20.3844,20.5109,20.7591,20.7985,20.89,20.3972,20.4298,20.2871,20.4123,20.5309,20.5761,20.7445,20.704,21.0901,21.2947,20.7185,20.2917,20.5377,20.5016,20.8168,19.8399,19.908,19.8349,19.7739,20.2306,20.7966,20.5413,20.7923,20.8256,21.3186,20.6254,20.4511,20.425,20.3851,20.4485,20.6988,20.7027,20.9005,21.3902,21.6231,21.0286,21.0834,20.9871,20.6491,20.9346,19.8071,19.3941,19.5018,19.5993,20.5827,20.088,20.3188,20.7695,20.8644,20.9775,20.5128,20.4076,20.3115,20.6791,21.2829,20.8358,20.1983,20.1496,20.3566,20.6741,19.9504,20.2763,20.5597,20.6922,21.1015,19.4073,19.3789,19.5957,20.1286,20.444,20.5432,19.3775,19.4712,19.3116,20.942,19.7754,20.0108,20.6056,20.9079,21.5581,19.2435,19.3683,19.5762,20.5578,21.0325,19.9032,19.7002,19.8739,19.7662,20.4953,19.8532,19.8112,20.1947,20.2731,21.0965,19.9399,20.0876,20.0499,21.4313,22.197,20.4918,20.0129,20.2378,20.3189,20.2607,19.551,19.9637,20.3036,20.6633,20.9054
335,2:15:55 PM,19.7392,19.7299,19.6198,20.0677,20.5063,20.4028,20.4202,20.6613,20.73,20.9105,20.4863,20.4208,20.2371,20.3851,20.5079,20.5629,20.6856,20.6889,21.0254,21.2793,20.6432,20.3104,20.6133,20.4432,20.8418,19.8599,19.9127,19.7896,19.9543,20.2183,20.6903,20.5048,20.7769,20.8631,21.2206,20.6782,20.4564,20.426,20.469,20.581,20.7725,20.7246,21.0279,21.3345,21.682,21.0786,21.0906,20.9733,20.6078,20.8916,19.8785,19.4242,19.5222,19.5776,20.5324,20.0296,20.3257,20.7593,20.7696,20.9805,20.4053,20.3864,20.229,20.7404,21.2961,20.7303,20.2147,20.1385,20.3273,20.7237,19.9034,20.2702,20.6024,20.6569,21.0539,19.411,19.3863,19.6426,20.1139,20.4897,20.5651,19.4063,19.5821,19.3017,20.9099,19.751,19.9812,20.6836,20.8708,21.6876,19.2459,19.2311,19.4259,20.5181,20.9673,19.8977,19.5558,19.9378,19.8552,20.5299,19.834,19.8288,20.1469,20.3163,20.839,19.8754,19.9422,20.0833,21.0223,21.9374,20.4891,19.9259,20.1292,20.1956,20.1623,19.5626,19.9928,20.3928,20.699,20.9723
336,2:16:15 PM,19.6893,19.6628,19.6483,20.1479,20.4348,20.422,20.4957,20.675,20.6452,20.8313,20.4504,20.3783,20.1077,20.2514,20.4693,20.5075,20.6583,20.7218,21.0757,21.2627,20.6258,20.3011,20.6001,20.4377,20.8192,19.8825,19.8561,19.8003,19.8981,20.2546,20.6908,20.5703,20.7441,20.905,21.2517,20.704,20.4905,20.4335,20.4539,20.564,20.7763,20.7525,21.0506,21.3573,21.6518,21.0685,21.1443,21.0162,20.6293,20.8909,19.8673,19.3846,19.4896,19.6094,20.5671,19.9273,20.2709,20.7141,20.7718,21.0349,20.4595,20.4169,20.2821,20.6312,21.2666,20.7032,20.1711,20.1649,20.3338,20.8578,19.9388,20.2624,20.5613,20.622,21.0218,19.4307,19.4317,19.613,20.0973,20.4174,20.5706,19.3871,19.6402,19.3368,20.8524,19.7103,19.8894,20.6551,20.8359,21.5745,19.2614,19.3084,19.5142,20.6261,20.9629,19.9683,19.6372,19.9745,19.952,20.2952,19.7926,19.7259,20.1666,20.2953,20.6725,19.8743,20.0058,20.1223,21.0538,21.9283,20.4678,19.9448,20.1878,20.2409,20.2201,19.6565,19.9418,20.3054,20.5621,20.9636
337,2:16:35 PM,19.6112,19.635,19.5758,20.2338,20.5281,20.4347,20.4006,20.6593,20.8107,20.8224,20.4308,20.364,20.1787,20.1794,20.4127,20.4528,20.685,20.7111,21.044,21.2709,20.6661,20.4,20.5644,20.4514,20.8845,19.8177,19.9286,19.7763,19.8897,20.2542,20.6626,20.4922,20.7903,20.8021,21.2416,20.6564,20.4893,20.4082,20.4654,20.5889,20.7888,20.6528,21.0515,21.3672,21.6705,21.005,21.1428,21.0207,20.6267,20.868,19.7957,19.3167,19.4473,19.5213,20.5032,19.9346,20.3618,20.8043,20.7321,20.9205,20.4906,20.4525,20.3014,20.6872,21.1815,20.6982,20.1518,20.1512,20.3429,20.8034,19.9346,20.3057,20.5195,20.6371,20.9582,19.3714,19.4177,19.5957,20.1107,20.444,20.5056,19.3468,19.7817,19.3455,20.9141,19.7889,19.9337,20.6824,20.7377,21.5035,19.2743,19.2907,19.4363,20.6426,20.9836,19.9859,19.6904,19.8846,19.9059,20.3051,19.7347,19.8078,20.1702,20.2258,20.4663,19.8549,20.0037,20.1273,20.9137,21.8418,20.4622,19.9938,20.1937,20.2367,20.1184,19.5546,19.9115,20.3374,20.5473,21.022
338,2:16:55 PM,19.6089,19.6088,19.5583,20.155,20.4775,20.4067,20.42,20.7587,20.7858,20.8854,20.4175,20.3516,20.13,20.1434,20.3462,20.468,20.7151,20.7402,21.0794,21.2786,20.5917,20.3742,20.5162,20.5141,20.8145,19.7681,19.8562,19.6294,19.8379,20.2218,20.7306,20.527,20.8162,20.7859,21.253,20.739,20.4952,20.3743,20.337,20.5383,20.6946,20.6613,21.0067,21.3382,21.5663,20.9783,21.0162,21.028,20.6223,20.8965,19.8106,19.3754,19.506,19.5407,20.5163,19.9063,20.2511,20.7333,20.8037,21.0647,20.4664,20.4693,20.276,20.6432,21.1111,20.7996,20.152,20.1851,20.2958,20.8713,19.8978,20.2752,20.5192,20.7409,20.921,19.3263,19.3976,19.5593,20.0952,20.5354,20.5268,19.4021,19.7005,19.398,21.0615,19.8135,19.8238,20.7499,20.7548,21.4497,19.2709,19.2882,19.4351,20.652,20.9953,19.9315,19.6333,19.7971,19.8581,20.2037,19.7618,19.7933,20.18,20.2195,20.3934,19.8842,19.9588,20.0958,20.9301,21.9419,20.4675,20.0249,20.216,20.2407,20.0706,19.597,19.9079,20.4117,20.5932,20.8857
339,2:17:15 PM,19.6295,19.6859,19.6143,20.1057,20.482,20.4281,20.4687,20.7575,20.8725,20.981,20.4416,20.3595,20.157,20.1665,20.2673,20.4998,20.638,20.5793,21.0672,21.3039,20.5812,20.3205,20.5263,20.5192,20.8741,19.8457,19.9085,19.7527,19.8172,20.1325,20.7146,20.5277,20.8102,20.8063,21.263,20.6961,20.4037,20.405,20.2867,20.3503,20.7374,20.5963,21.0,21.3368,21.4328,20.9823,21.0229,20.983,20.5757,20.8101,19.8583,19.4701,19.461,19.5497,20.5039,19.9391,20.2821,20.7038,20.8064,21.1715,20.4827,20.4295,20.3008,20.6446,21.1572,20.752,20.1667,20.1733,20.3085,20.7898,19.9263,20.2898,20.5295,20.6549,20.8633,19.4289,19.4483,19.6054,20.0684,20.4505,20.5567,19.4335,19.5426,19.3355,21.0509,19.7685,19.8958,20.8135,20.8927,21.3844,19.274,19.3481,19.6336,20.715,21.0522,19.8461,19.6676,19.7649,19.8134,20.2522,19.7825,19.8189,20.2163,20.1806,20.4572,19.9682,20.0553,20.1338,20.8122,21.924,20.4448,19.9022,20.2093,20.2349,20.0278,19.5851,19.8939,20.3284,20.5893,20.836
340,2:17:35 PM,19.6703,19.6198,19.6469,20.1528,20.4731,20.4281,20.5346,20.7332,20.9223,20.9562,20.4325,20.397,20.2586,20.2464,20.2915,20.4909,20.6884,20.5664,21.0477,21.2301,20.6738,20.3349,20.4952,20.5011,20.7719,19.813,19.905,19.8407,19.8013,20.1318,20.7777,20.5656,20.8186,20.8563,21.2934,20.7537,20.4706,20.3872,20.3036,20.4343,20.7128,20.6108,20.8775,21.2771,21.48,20.8843,20.9904,20.9551,20.5492,20.8955,19.8485,19.4452,19.545,19.5699,20.5155,19.8505,20.2944,20.7439,20.8101,21.174,20.4116,20.4093,20.2657,20.6182,21.2457,20.7393,20.2625,20.1526,20.3267,20.8759,19.9572,20.288,20.5246,20.5584,20.8797,19.4426,19.4101,19.6319,20.0141,20.4226,20.5755,19.3718,19.5441,19.3507,20.8387,19.7916,19.9204,20.837,20.9522,21.4389,19.3154,19.3474,19.5294,20.7496,21.0909,19.8962,19.5933,19.8223,19.8098,20.2813,19.7784,19.8575,20.1739,20.2169,20.4072,20.0149,19.9751,20.1007,20.9181,21.9932,20.4482,19.938,20.182,20.2912,20.0681,19.6532,19.923,20.3989,20.6543,20.903
341,2:17:55 PM,19.6582,19.6996,19.6244,20.0967,20.4092,20.3462,20.4586,20.6913,20.8346,20.9423,20.492,20.3403,20.3349,20.2987,20.2546,20.5022,20.7173,20.4932,21.0071,21.1907,20.668,20.2687,20.5037,20.6631,20.7511,19.839,19.8136,19.7875,19.7997,20.0457,20.706,20.5591,20.7755,20.758,21.2473,20.7263,20.4481,20.417,20.2661,20.3334,20.7277,20.6013,20.9839,21.2437,21.5521,20.8975,20.9896,20.9269,20.4745,20.9875,19.8239,19.416,19.5042,19.6096,20.5223,19.9897,20.3209,20.6923,20.7765,20.9849,20.3614,20.3925,20.2955,20.6955,21.1435,20.8836,20.2371,20.1539,20.2688,20.8667,19.9299,20.2675,20.4783,20.5298,20.9707,19.3859,19.4079,19.5556,20.1055,20.3835,20.6242,19.5061,19.7043,19.3245,20.7615,19.8006,19.9389,20.8145,20.9939,21.5103,19.2934,19.409,19.6179,20.7083,21.1638,19.8764,19.6576,19.7851,19.8285,20.2205,19.8754,19.7974,20.2177,20.2543,20.563,20.0458,20.0503,20.1403,21.0037,22.0297,20.4533,19.8556,20.2141,20.2839,20.1281,19.6575,19.9538,20.4063,20.6567,21.0275
342,2:18:15 PM,19.6444,19.6221,19.6177,20.0916,20.3835,20.2947,20.3705,20.6842,20.775,20.8774,20.4833,20.4109,20.2859,20.3586,20.3261,20.4345,20.6409,20.5662,20.9848,21.179,20.7141,20.2946,20.5321,20.6903,20.7583,19.8293,19.8391,19.764,19.7989,20.1151,20.708,20.4832,20.7231,20.7747,21.264,20.6834,20.4725,20.458,20.3777,20.5112,20.6691,20.6293,21.0085,21.2811,21.4832,20.972,20.9519,20.9284,20.5232,20.9244,19.8385,19.366,19.5213,19.618,20.4315,20.0202,20.3098,20.6891,20.7045,20.9821,20.4033,20.3526,20.2242,20.6773,21.1677,20.7234,20.213,20.1716,20.3655,20.9349,19.9214,20.2646,20.5318,20.5255,20.977,19.442,19.423,19.6231,20.1602,20.449,20.4813,19.5449,19.7753,19.3937,20.6365,19.7733,19.9857,20.8192,21.0649,21.6144,19.2697,19.2824,19.4549,20.7135,21.0831,19.9005,19.6565,19.858,19.8101,20.3303,19.8807,19.8188,20.2386,20.1794,20.5165,20.0012,20.0417,20.0831,20.916,21.9636,20.4597,19.931,20.1671,20.289,20.0624,19.6143,19.9176,20.4343,20.6815,20.9694
343,2:18:35 PM,19.6674,19.7123,19.6557,20.1736,20.3166,20.3605,20.4107,20.6802,20.7806,20.7641,20.4571,20.3467,20.2046,20.2875,20.3008,20.4802,20.6269,20.5422,20.9517,21.1306,20.7457,20.3221,20.4713,20.7217,20.695,19.8784,19.8812,19.7575,19.7686,20.0999,20.5465,20.5729,20.6777,20.7857,21.2079,20.6891,20.3736,20.4216,20.3472,20.4117,20.6744,20.6115,21.0539,21.2507,21.4916,20.8933,20.9122,20.8895,20.5246,20.7976,19.8501,19.4445,19.5239,19.5928,20.485,20.1351,20.332,20.7192,20.8,20.913,20.3699,20.4007,20.2438,20.6854,21.1595,20.8554,20.2565,20.1616,20.3057,20.8003,19.9017,20.1918,20.548,20.5699,21.0634,19.4195,19.4174,19.5864,20.1332,20.4365,20.5483,19.6125,19.9039,19.485,20.6101,19.8279,20.026,20.8417,21.055,21.8327,19.3544,19.333,19.4588,20.5702,21.0047,19.856,19.5842,19.8248,19.8634,20.2269,19.7853,19.8167,20.2379,20.1849,20.5469,20.075,20.1249,20.0738,20.7506,21.9662,20.4738,20.0782,20.2224,20.3376,20.1052,19.5436,19.9214,20.478,20.7492,20.8694
344,2:18:55 PM,19.6447,19.7506,19.6728,20.2033,20.3673,20.3273,20.4178,20.6421,20.7284,20.6907,20.4983,20.3732,20.191,20.2554,20.3415,20.4517,20.6212,20.5951,21.0014,21.1592,20.669,20.3464,20.4429,20.6285,20.6728,19.8986,19.9502,19.79,19.8362,20.0723,20.5521,20.5104,20.7359,20.8516,21.2306,20.7224,20.5063,20.441,20.4462,20.5923,20.7183,20.6322,21.0531,21.3043,21.4739,20.9063,20.912,20.9228,20.5322,20.8836,19.9169,19.4969,19.4863,19.5479,20.4936,20.2066,20.3086,20.7232,20.7202,21.0683,20.3748,20.3447,20.2001,20.6237,21.1335,20.8172,20.2743,20.1569,20.3015,20.8032,19.9637,20.1878,20.5704,20.5727,20.9599,19.4171,19.4181,19.6859,20.0989,20.4079,20.4825,19.3904,19.6888,19.4199,20.527,19.8284,19.9096,20.8836,21.038,21.6735,19.3181,19.2468,19.4239,20.6365,20.9271,19.9231,19.5508,19.7775,19.8823,20.43,19.8242,19.7793,20.1838,20.1862,20.5394,20.042,20.1446,20.0685,20.8535,21.9124,20.5301,20.1553,20.2948,20.2615,20.2761,19.6271,19.9262,20.4133,20.6462,20.8349
345,2:19:15 PM,19.7434,19.7711,19.6904,20.1356,20.3797,20.3529,20.3569,20.6333,20.7873,20.7846,20.394,20.3984,20.1544,20.2587,20.3961,20.4347,20.6105,20.5147,20.9567,21.1617,20.6892,20.3397,20.3926,20.5395,20.7074,19.8652,19.8826,19.7822,19.8124,20.086,20.5498,20.4993,20.7057,20.8076,21.2259,20.6935,20.5178,20.4855,20.4948,20.6279,20.705,20.706,20.9914,21.2622,21.4833,20.84,20.9547,20.965,20.5291,20.8318,19.8611,19.4401,19.5173,19.5604,20.4483,20.1456,20.3109,20.6355,20.6957,21.0045,20.227,20.3512,20.2113,20.744,21.1589,20.7524,20.2251,20.1789,20.2828,20.7581,19.8653,20.1257,20.532,20.5195,20.9032,19.3773,19.3688,19.5774,20.0242,20.3756,20.4599,19.4068,19.7927,19.4171,20.5502,19.809,19.9787,20.7985,20.997,21.6373,19.326,19.2824,19.4953,20.5095,20.9925,19.8701,19.5376,19.6862,19.7587,20.3182,19.7956,19.784,20.1174,20.1716,20.493,19.9632,20.0688,20.1052,20.8725,21.9213,20.5002,20.1039,20.3059,20.256,20.3315,19.6543,19.8938,20.5026,20.6717,20.8517
346,2:19:35 PM,19.7399,19.8242,19.687,20.1008,20.3764,20.4154,20.3811,20.5711,20.7169,20.7842,20.4161,20.4129,20.2026,20.193,20.4585,20.4687,20.6624,20.5239,20.858,21.1935,20.6268,20.2761,20.4632,20.6727,20.6944,19.849,19.8726,19.7802,19.8235,20.028,20.5183,20.4436,20.6734,20.8024,21.1852,20.6854,20.4923,20.4623,20.5387,20.6786,20.6882,20.6173,20.9227,21.2838,21.4593,20.9109,20.9324,20.8916,20.4699,20.8244,19.8562,19.386,19.4747,19.5392,20.4301,19.9998,20.3666,20.6197,20.7837,21.1341,20.2034,20.32,20.2168,20.7414,21.2489,20.6623,20.1419,20.1502,20.2184,20.8388,20.0243,20.1525,20.4844,20.5348,20.8308,19.4037,19.3711,19.5626,20.0584,20.3716,20.52,19.4536,19.6744,19.2865,20.533,19.7796,19.9823,20.7524,20.9317,21.6453,19.2949,19.2972,19.5173,20.638,20.9738,19.9073,19.6628,19.7581,19.7255,20.2389,19.8268,19.8026,20.1416,20.1964,20.4121,19.9425,20.0542,20.0855,20.8402,21.8968,20.4625,20.1117,20.1747,20.2296,20.1855,19.7199,19.9145,20.5965,20.7326,20.8847
347,2:19:55 PM,19.7785,19.8053,19.6514,20.0773,20.3852,20.4363,20.3817,20.5164,20.729,20.7585,20.4032,20.381,20.1287,20.2458,20.5042,20.4542,20.5531,20.4819,20.8995,21.1308,20.5775,20.2702,20.3898,20.5716,20.6977,19.901,19.8725,19.7948,19.8551,20.1028,20.5322,20.4868,20.658,20.8884,21.1426,20.6593,20.4866,20.4221,20.418,20.4529,20.7015,20.5882,20.948,21.2521,21.5492,20.8042,20.9811,20.9346,20.4251,20.7299,19.8825,19.3732,19.42,19.4957,20.4374,19.9372,20.28,20.6246,20.803,21.0318,20.2729,20.3167,20.1521,20.7389,21.3079,20.6631,20.2609,20.1016,20.2632,20.7446,19.8894,20.1378,20.4743,20.5175,20.8813,19.3899,19.4351,19.6212,20.136,20.3452,20.5021,19.4462,19.7682,19.4267,20.5888,19.7686,19.9573,20.6631,20.9746,21.6962,19.3009,19.2966,19.4424,20.5654,20.98,19.9654,19.5886,19.6893,19.6746,20.0999,19.7788,19.7979,20.1633,20.2659,20.5221,19.8452,20.0865,20.1151,21.0771,21.9498,20.4564,20.0338,20.2211,20.2027,20.1503,19.6589,19.9302,20.442,20.6383,20.8119
348,2:20:15 PM,19.7823,19.7307,19.6196,20.0339,20.3794,20.4498,20.3686,20.6061,20.6659,20.7825,20.4104,20.3275,20.1219,20.2153,20.4539,20.466,20.5256,20.5549,20.9143,21.2601,20.5784,20.3536,20.4099,20.6152,20.7274,19.8663,19.9048,19.8476,19.9746,20.0452,20.4455,20.4234,20.6511,20.812,21.1432,20.5926,20.5048,20.3298,20.378,20.3085,20.6714,20.6145,21.049,21.315,21.5367,20.8421,21.0198,20.9109,20.3959,20.7829,19.8698,19.3372,19.4492,19.4874,20.4593,20.0843,20.2791,20.6138,20.7536,20.9274,20.2167,20.3128,20.1488,20.6744,21.1044,20.7448,20.1943,20.1444,20.2614,20.6248,19.8648,20.1731,20.498,20.4511,20.912,19.4796,19.4489,19.5644,20.0487,20.3997,20.4819,19.4212,19.6998,19.4215,20.6562,19.751,19.9219,20.6625,20.8721,21.61,19.2686,19.2831,19.4695,20.6413,20.8809,20.0034,19.574,19.7182,19.6847,20.015,19.8809,19.82,20.1645,20.2005,20.5696,19.8493,20.0977,20.1248,21.1727,22.1259,20.4513,19.9883,20.1937,20.1793,20.0323,19.652,19.8984,20.4527,20.6744,20.7884
349,2:20:35 PM,19.7891,19.6794,19.567,20.1275,20.3135,20.3917,20.4284,20.5119,20.6555,20.7171,20.3682,20.3425,20.1235,20.2578,20.4385,20.4265,20.585,20.5635,20.8686,21.2191,20.6195,20.3309,20.4494,20.4765,20.7674,19.907,19.9585,19.7271,19.8318,20.0042,20.4602,20.4844,20.6382,20.9105,21.1427,20.5897,20.3845,20.3006,20.3632,20.3993,20.6318,20.6344,21.003,21.3205,21.4393,20.8861,21.0132,20.9517,20.4868,20.7203,19.8832,19.3892,19.4857,19.521,20.3655,20.045,20.3341,20.6905,20.7892,20.8303,20.2489,20.3314,20.213,20.6616,21.1367,20.727,20.1731,20.1222,20.2387,20.7037,19.8446,20.1692,20.4759,20.4356,20.8675,19.4113,19.4767,19.5228,20.0927,20.3531,20.5196,19.4329,19.8831,19.4176,20.6596,19.8105,19.9762,20.7765,20.9877,21.5935,19.2195,19.3093,19.404,20.6281,21.0031,19.9621,19.5249,19.7314,19.7804,19.9289,19.8231,19.8072,20.235,20.2225,20.7801,19.8999,20.0602,20.0958,21.197,22.1376,20.5008,19.9421,20.2299,20.2125,20.0769,19.6183,19.8979,20.4047,20.6938,20.7857
350,2:20:55 PM,19.8223,19.5852,19.5327,20.1306,20.347,20.3852,20.3597,20.537,20.604,20.7893,20.4097,20.3805,20.143,20.1073,20.4332,20.4571,20.5963,20.5441,20.9195,21.2136,20.6468,20.2639,20.4041,20.6098,20.7093,19.8697,19.9299,19.641,19.844,20.0425,20.5516,20.5121,20.659,20.9329,21.2357,20.6569,20.4243,20.4018,20.4557,20.5448,20.5843,20.6266,21.0164,21.2991,21.5213,20.9119,20.9578,20.8855,20.4714,20.8592,19.7983,19.3963,19.482,19.5257,20.426,20.0649,20.2839,20.741,20.6202,20.7881,20.3481,20.2812,20.1818,20.7167,21.1807,20.7133,20.1445,20.097,20.2461,20.6845,19.8177,20.2644,20.4705,20.4868,20.9355,19.4222,19.4119,19.5357,20.0784,20.3398,20.524,19.4294,19.8997,19.3302,20.6097,19.7539,19.9282,20.7285,20.91,21.6109,19.2737,19.3057,19.4078,20.6027,21.0316,19.904,19.5381,19.8066,19.7657,19.8119,19.8759,19.8026,20.1982,20.3122,20.5806,19.904,20.004,20.1549,20.9087,22.2278,20.417,19.9643,20.1595,20.2406,20.0654,19.6215,19.9447,20.4895,20.6526,20.7378
351,2:21:15 PM,19.6802,19.5937,19.5466,20.0618,20.3108,20.3701,20.4111,20.4552,20.6221,20.6963,20.4049,20.3336,20.1603,20.23,20.4572,20.4795,20.5678,20.5281,20.8885,21.2055,20.7068,20.4086,20.4592,20.5655,20.7378,19.9077,19.9727,19.6378,19.8103,20.0444,20.5187,20.5321,20.6825,20.8812,21.1725,20.6841,20.4354,20.3919,20.4614,20.7397,20.7095,20.6546,20.8911,21.2672,21.5459,20.9109,21.036,20.8753,20.4384,20.7816,19.8107,19.383,19.4561,19.494,20.4241,20.0359,20.2504,20.7269,20.7203,20.8197,20.3261,20.3195,20.2365,20.7807,21.1192,20.6576,20.1134,20.1106,20.2256,20.6864,19.881,20.1404,20.4713,20.4841,20.9804,19.2992,19.379,19.5881,20.0535,20.3621,20.5168,19.4058,19.7139,19.3702,20.7416,19.7705,19.9819,20.7662,20.8762,21.6133,19.2872,19.308,19.4042,20.5804,21.0656,20.0302,19.6912,19.8536,19.8199,19.7585,19.8286,19.8082,20.0879,20.2558,20.6837,19.7674,19.9779,20.0815,21.0498,22.1888,20.521,20.0009,20.1916,20.1849,19.9257,19.6541,19.835,20.4932,20.6257,20.8313
352,2:21:35 PM,19.6408,19.5239,19.6091,20.1454,20.3748,20.3347,20.3119,20.6156,20.5721,20.6906,20.4292,20.3074,20.1822,20.2458,20.5379,20.4831,20.5485,20.5813,20.9042,21.1453,20.6757,20.3453,20.4194,20.4877,20.7214,19.8723,19.84,19.673,19.818,20.041,20.4766,20.5547,20.632,20.8044,21.1954,20.7031,20.4155,20.3994,20.5646,20.8688,20.7121,20.6361,21.0064,21.2809,21.5271,20.9409,21.0207,20.9017,20.4504,20.781,19.8727,19.4484,19.4739,19.5941,20.3939,20.0428,20.2445,20.7068,20.7259,20.7825,20.3494,20.3135,20.2122,20.675,21.0911,20.7003,20.2102,20.1023,20.2003,20.7592,19.9807,20.1822,20.5072,20.496,21.1208,19.4066,19.4293,19.5588,20.1135,20.3514,20.4888,19.4198,19.6879,19.3017,20.8281,19.729,19.934,20.6804,20.8091,21.5288,19.1898,19.3186,19.5358,20.5519,21.1061,19.9196,19.7512,19.8562,19.8612,19.9956,19.825,19.8191,20.1826,20.2469,20.5481,19.8718,19.9726,20.0676,21.0284,22.0122,20.4994,20.0097,20.2473,20.2546,20.0673,19.6379,19.8207,20.3892,20.5428,20.8563
353,2:21:55 PM,19.5938,19.5321,19.5962,20.0729,20.3556,20.3212,20.3987,20.5863,20.6278,20.801,20.4311,20.2894,20.106,20.3078,20.5954,20.5081,20.5769,20.5437,20.9433,21.2232,20.7321,20.3421,20.4988,20.4924,20.7146,19.851,19.8302,19.6815,19.8947,20.0046,20.591,20.4848,20.7514,20.8141,21.1666,20.7073,20.429,20.4195,20.4963,20.7524,20.7081,20.619,21.014,21.3074,21.5459,20.931,21.0441,20.8698,20.4276,20.8205,19.8457,19.4138,19.4327,19.5493,20.4152,20.0488,20.2618,20.6958,20.7808,20.9137,20.3356,20.3366,20.2481,20.7384,21.2173,20.6715,20.1487,20.0719,20.2148,20.7686,20.0136,20.1561,20.5127,20.5651,21.0244,19.4146,19.4342,19.5943,20.0351,20.3448,20.4586,19.4058,19.6042,19.3287,20.7025,19.7294,19.982,20.6723,20.8078,21.4135,19.2076,19.2451,19.5973,20.4772,21.0267,19.944,19.7773,19.8878,19.8847,19.9737,19.8201,19.8723,20.2226,20.2018,20.5415,19.8861,19.9908,20.0446,21.0919,21.962,20.4921,20.034,20.2527,20.2358,20.0308,19.6197,19.8802,20.3408,20.5413,20.8781
354,2:22:15 PM,19.5541,19.5012,19.5854,20.0736,20.3361,20.3193,20.3987,20.617,20.669,20.7749,20.3942,20.2958,20.1673,20.3352,20.577,20.4531,20.615,20.6158,20.9477,21.2191,20.7059,20.3627,20.4089,20.4676,20.7046,19.7837,19.8244,19.6862,19.9025,20.0386,20.5846,20.4814,20.7229,20.8274,21.2139,20.7086,20.4302,20.3876,20.6329,20.7885,20.7204,20.5771,20.9849,21.2489,21.5076,20.8678,20.9596,20.8888,20.4899,20.8266,19.8899,19.4564,19.3574,19.518,20.3868,19.9189,20.2797,20.6628,20.8157,21.0148,20.3207,20.2938,20.2551,20.7405,21.17,20.7132,20.2215,20.1245,20.1772,20.706,19.9212,20.1412,20.5623,20.4869,21.0142,19.4086,19.4122,19.489,20.078,20.3836,20.5201,19.4367,19.7635,19.3643,20.7608,19.8213,19.9139,20.7027,20.7327,21.391,19.2185,19.2776,19.4675,20.4649,20.9641,19.9725,19.7449,19.8786,19.8756,20.1123,19.856,19.7746,20.1825,20.2774,20.5164,19.9658,19.9879,20.0188,20.9577,21.9184,20.4748,19.9841,20.2155,20.2268,20.2348,19.7048,19.9216,20.2203,20.5725,20.8468
355,2:22:35 PM,19.5572,19.5483,19.5772,20.1082,20.3371,20.2257,20.3548,20.5758,20.6889,20.756,20.4202,20.3471,20.1777,20.5119,20.6374,20.4416,20.6156,20.5617,20.9059,21.2359,20.7275,20.4307,20.4563,20.521,20.6987,19.7945,19.8701,19.6965,19.8182,20.0479,20.6712,20.4173,20.6577,20.8084,21.1552,20.714,20.4438,20.346,20.6756,20.8495,20.6461,20.6354,21.0228,21.2749,21.5589,20.8741,20.9819,20.9072,20.4321,20.8749,19.9094,19.4298,19.4503,19.5303,20.4197,19.8826,20.2492,20.6848,20.794,21.0747,20.3385,20.3615,20.2422,20.6995,21.1346,20.8082,20.1814,20.1334,20.1928,20.7181,20.1057,20.2688,20.6118,20.5407,20.8143,19.4248,19.4623,19.6036,20.123,20.4775,20.4934,19.4297,19.8089,19.4291,20.8409,19.7804,19.9244,20.6766,20.7287,21.4277,19.3051,19.3301,19.3889,20.4167,20.9623,19.964,19.7732,19.8976,19.9052,20.0443,19.8351,19.81,20.1589,20.2449,20.5064,19.9124,20.1031,20.0342,20.9193,21.9367,20.4638,19.9188,20.1684,20.1927,20.2053,19.7485,19.9532,20.4352,20.4953,20.8906
356,2:22:55 PM,19.5695,19.5787,19.5449,20.1614,20.3292,20.2433,20.287,20.5246,20.6827,20.6692,20.4236,20.3702,20.2003,20.49,20.6748,20.4466,20.6196,20.5865,20.9483,21.2538,20.6746,20.3897,20.437,20.4195,20.7226,19.8431,19.9273,19.7277,19.909,20.0896,20.6469,20.3505,20.6007,20.7801,21.2719,20.6989,20.3992,20.4152,20.7413,20.8075,20.6525,20.6426,20.9731,21.3281,21.5878,20.9337,20.9357,20.9341,20.4819,20.8459,19.9158,19.4183,19.4077,19.4816,20.4605,19.9883,20.2744,20.7056,20.7356,20.9866,20.2971,20.3003,20.2675,20.6766,21.0234,20.7322,20.2429,20.1212,20.1677,20.622,20.1974,20.302,20.5513,20.5147,20.8687,19.4952,19.4486,19.515,20.1742,20.4441,20.4741,19.4046,19.789,19.3556,20.8306,19.8431,19.9831,20.657,20.741,21.3601,19.2918,19.3462,19.4932,20.4447,20.9858,19.9652,19.6727,19.8537,19.9257,20.1213,19.8476,19.8456,20.1858,20.1979,20.7073,19.9574,20.0219,19.9925,20.7532,21.8191,20.4996,20.0173,20.2395,20.2426,20.2397,19.7266,19.9339,20.4528,20.5025,20.8581
357,2:23:15 PM,19.6466,19.539,19.5005,20.089,20.2967,20.3293,20.2813,20.4625,20.5867,20.741,20.4131,20.4165,20.2942,20.4183,20.6055,20.4639,20.5901,20.5936,20.9317,21.2796,20.7522,20.4432,20.5017,20.4444,20.6766,19.8308,19.8907,19.749,19.9243,20.0973,20.5865,20.4152,20.5313,20.8115,21.2337,20.7246,20.4227,20.4023,20.5547,20.6449,20.6458,20.6672,21.0218,21.3519,21.4961,20.9268,21.0609,20.9075,20.4584,20.8544,19.9412,19.3897,19.4952,19.4941,20.4035,20.0247,20.2369,20.7451,20.7356,21.0137,20.259,20.3248,20.1878,20.7457,21.0474,20.747,20.187,20.1299,20.2167,20.6362,20.3476,20.2883,20.6443,20.5369,20.7939,19.4477,19.409,19.6081,20.2116,20.4436,20.4758,19.4171,19.6329,19.3556,20.8607,19.7645,19.9481,20.6188,20.7168,21.5406,19.2534,19.2691,19.6038,20.421,21.0063,19.9964,19.6974,19.8088,19.8367,20.1683,19.8669,19.8281,20.2263,20.2246,20.6647,19.9377,20.0268,20.0591,20.7911,21.7823,20.4668,20.1247,20.2997,20.22,20.0189,19.8669,20.0247,20.5402,20.5826,20.844
358,2:23:35 PM,19.6211,19.5662,19.5908,20.0665,20.3369,20.3143,20.2516,20.4958,20.6787,20.6549,20.4016,20.371,20.2425,20.3643,20.5378,20.4158,20.6128,20.6308,20.9433,21.1975,20.8387,20.3964,20.4962,20.4985,20.6745,19.8557,19.8741,19.7556,19.9974,20.0384,20.4972,20.4118,20.5005,20.8291,21.2393,20.6495,20.3727,20.4015,20.4887,20.4984,20.6252,20.6372,21.0442,21.1936,21.4822,20.8851,21.0438,20.8999,20.4807,20.8279,19.8283,19.4085,19.49,19.4773,20.4484,20.0243,20.2738,20.628,20.6981,20.9861,20.3326,20.3146,20.2111,20.7348,21.0503,20.7216,20.2149,20.1047,20.2242,20.6953,20.1684,20.3173,20.5668,20.5098,20.8945,19.4861,19.4799,19.5723,20.1558,20.3647,20.5122,19.437,19.7475,19.4043,20.7705,19.7486,19.9528,20.5512,20.726,21.5779,19.2576,19.357,19.6542,20.6297,20.9695,19.9649,19.7556,19.7569,19.7831,20.1187,19.8065,19.8723,20.2142,20.2497,20.6509,19.9791,20.0123,20.1042,20.8263,21.7269,20.5403,20.0732,20.2231,20.2355,19.9869,19.8078,19.9265,20.4928,20.5732,20.8513
359,2:23:55 PM,19.6315,19.6054,19.5228,20.0921,20.2911,20.3289,20.2407,20.482,20.647,20.6922,20.5075,20.3758,20.1847,20.3661,20.4478,20.466,20.5947,20.6373,20.9641,21.1418,20.796,20.4126,20.497,20.5027,20.6689,19.8257,19.8546,19.7459,19.9157,20.0835,20.4746,20.4561,20.5643,20.7596,21.1552,20.7139,20.4103,20.4174,20.4733,20.3941,20.7193,20.6562,21.0178,21.2107,21.5748,20.8886,21.0548,20.9004,20.4984,20.8016,19.915,19.4052,19.5076,19.5098,20.4011,20.0579,20.3592,20.6094,20.7339,20.9317,20.2997,20.344,20.2246,20.7534,21.0712,20.7717,20.2094,20.111,20.2579,20.7121,20.2037,20.3251,20.5315,20.6054,20.7846,19.4217,19.4525,19.5968,20.1336,20.4067,20.4541,19.4335,19.6876,19.406,20.7911,19.727,19.9282,20.6377,20.7724,21.6022,19.2532,19.3337,19.5795,20.5095,21.0192,19.9018,19.7495,19.7649,19.7811,20.2717,19.7933,19.8424,20.2222,20.205,20.5186,19.8386,20.0154,20.0968,20.9125,21.6691,20.4605,20.0427,20.1893,20.1623,20.0081,19.7868,19.9141,20.547,20.6134,20.8202
360,2:24:15 PM,19.6484,19.647,19.6521,20.0959,20.2752,20.283,20.2972,20.5148,20.5918,20.6544,20.4419,20.3964,20.2993,20.393,20.5329,20.4822,20.6464,20.571,20.8705,21.0698,20.7869,20.4747,20.4945,20.4585,20.5959,19.9205,19.8697,19.7929,19.9041,20.0562,20.5153,20.5373,20.6179,20.8023,21.1295,20.6578,20.4559,20.4429,20.5091,20.6313,20.7152,20.6763,20.9846,21.1462,21.5662,20.9879,20.9672,20.9472,20.4752,20.8321,19.8754,19.4581,19.5258,19.4947,20.3617,19.9373,20.2392,20.6981,20.7582,20.9004,20.4372,20.2918,20.2569,20.7312,21.0395,20.7183,20.1776,20.0434,20.2003,20.6911,20.0741,20.2955,20.5037,20.558,20.807,19.4594,19.4374,19.6022,20.1338,20.3943,20.4837,19.4597,19.7623,19.5183,20.6815,19.7571,20.0091,20.6363,20.7082,21.7066,19.3558,19.346,19.5311,20.4981,21.0079,19.9461,19.7156,19.7929,19.7115,20.159,19.7479,19.8514,20.1808,20.2384,20.6137,19.8518,20.0322,20.1892,20.8241,21.741,20.485,19.9477,20.2127,20.1919,19.9778,19.7763,19.9345,20.5304,20.6739,20.915
361,2:24:35 PM,19.6896,19.6833,19.5951,20.0292,20.3257,20.3247,20.3478,20.4536,20.5726,20.6425,20.4628,20.335,20.2211,20.4108,20.4201,20.5301,20.6676,20.626,20.9008,21.1536,20.7123,20.3652,20.4746,20.4935,20.6308,19.9256,19.8897,19.7923,19.8586,20.071,20.5889,20.5003,20.613,20.8337,21.1022,20.6915,20.4139,20.4856,20.5624,20.6878,20.7359,20.7093,20.9816,21.1222,21.4601,20.9069,20.9615,20.8844,20.4791,20.8537,19.8924,19.4649,19.4426,19.5395,20.4707,19.9845,20.2528,20.7006,20.724,20.9225,20.38,20.2702,20.1692,20.6913,21.0098,20.7246,20.1857,20.0556,20.1608,20.7073,20.1257,20.3258,20.5779,20.5152,20.7496,19.5287,19.4549,19.6154,20.2256,20.3412,20.4605,19.5238,19.6917,19.5394,20.7165,19.9459,20.0342,20.6315,20.7013,21.5617,19.3502,19.3605,19.4216,20.5195,21.0557,19.875,19.6549,19.8049,19.6657,20.1835,19.7936,19.8586,20.2384,20.2652,20.68,19.8971,20.073,20.1742,20.9033,21.7702,20.5192,19.9737,20.1532,20.1408,20.0364,19.7104,19.9701,20.5054,20.65,20.8851
362,2:24:55 PM,19.7489,19.6853,19.6055,20.1306,20.3779,20.3541,20.3577,20.5648,20.6587,20.5586,20.445,20.3612,20.2247,20.4463,20.5764,20.4333,20.646,20.5795,20.9369,21.1737,20.7911,20.3658,20.4659,20.5281,20.5872,19.8623,19.9672,19.8135,19.9028,20.1136,20.5229,20.4258,20.5923,20.8741,21.1958,20.6406,20.3744,20.4387,20.6383,20.8856,20.747,20.6864,20.9966,21.1997,21.5143,20.9298,21.0147,20.9353,20.4413,20.8221,19.8685,19.4172,19.5689,19.5786,20.4415,19.9293,20.2529,20.6858,20.7581,20.9054,20.4317,20.2542,20.1658,20.6744,21.0298,20.6601,20.1897,20.0642,20.1769,20.7989,20.0714,20.2846,20.563,20.5022,20.7865,19.4752,19.474,19.6378,20.1553,20.3903,20.3916,19.4737,19.5998,19.4401,20.7345,19.7664,19.9439,20.6469,20.7036,21.5492,19.2888,19.3616,19.5389,20.5653,21.1059,19.8708,19.6943,19.8596,19.7594,20.1377,19.8692,19.841,20.1665,20.2238,20.7241,19.9437,20.0126,20.1416,20.9224,22.0618,20.5243,19.9175,20.1578,20.1963,20.0511,19.7054,19.9891,20.5273,20.66,20.8325
363,2:25:15 PM,19.6598,19.5726,19.5486,20.1361,20.3863,20.376,20.4263,20.6164,20.6309,20.5789,20.4723,20.3078,20.2468,20.3666,20.608,20.4297,20.62,20.5886,20.9518,21.1752,20.7388,20.2822,20.5253,20.4848,20.6372,19.9032,19.8854,19.8462,19.9575,20.0711,20.5838,20.4464,20.6927,20.8442,21.1515,20.6994,20.4092,20.4658,20.6254,20.7472,20.743,20.6245,21.0356,21.171,21.5105,20.9248,20.98,20.8753,20.5167,20.7846,19.8804,19.378,19.5811,19.6164,20.4268,20.0625,20.2209,20.7278,20.6575,20.8723,20.3509,20.2022,20.2081,20.6591,21.0364,20.7796,20.2107,20.1322,20.1723,20.8049,20.2123,20.3264,20.6031,20.5138,20.9246,19.3775,19.4124,19.6235,20.1731,20.4235,20.3778,19.4562,19.6203,19.3552,20.7847,19.8615,19.9666,20.6593,20.7733,21.2775,19.2972,19.3888,19.5978,20.5927,21.1398,19.9643,19.7382,19.9008,19.7036,20.0208,19.8218,19.7853,20.2555,20.2695,20.6815,19.8493,19.9701,20.0845,20.9577,22.0583,20.5674,20.0409,20.2467,20.3149,20.0922,19.6675,19.9898,20.4988,20.6706,20.7506
364,2:25:35 PM,19.6339,19.6329,19.5584,20.091,20.3692,20.3499,20.3872,20.5622,20.6963,20.6514,20.5216,20.3522,20.1552,20.3653,20.6299,20.4818,20.5782,20.5619,20.966,21.2108,20.7628,20.3897,20.4517,20.566,20.6453,19.9029,19.9491,19.8072,19.8723,20.0649,20.5435,20.4689,20.6657,20.7978,21.1125,20.707,20.4621,20.4301,20.5347,20.7847,20.669,20.6048,20.9605,21.1742,21.505,20.9178,20.9585,20.9042,20.5086,20.8415,19.9157,19.4907,19.4999,19.5784,20.4967,20.0638,20.2776,20.7215,20.7286,21.002,20.3063,20.3825,20.249,20.6927,21.0253,20.7798,20.2189,20.1185,20.2269,20.8237,20.1675,20.2673,20.5831,20.6036,20.9801,19.4171,19.4332,19.5949,20.0806,20.3723,20.4592,19.5557,19.8183,19.4958,20.7791,19.8096,19.8554,20.7168,20.841,21.3834,19.3519,19.3517,19.7363,20.5313,21.1958,19.9652,19.647,19.8242,19.8515,20.1339,19.775,19.791,20.2216,20.3006,20.9588,19.7946,19.9665,20.1268,20.8172,22.0521,20.591,19.8834,20.2488,20.3099,20.0624,19.7296,20.0159,20.58,20.7045,20.7988
365,2:25:55 PM,19.6133,19.542,19.6272,20.1105,20.2646,20.2937,20.4443,20.5443,20.6686,20.6868,20.4552,20.3769,20.1767,20.2968,20.4415,20.4939,20.626,20.5991,20.9132,21.1477,20.6798,20.3221,20.4695,20.5491,20.6032,19.8855,19.9336,19.7982,19.8801,20.0496,20.6016,20.4488,20.6839,20.7171,21.0757,20.7188,20.4007,20.4012,20.399,20.5175,20.6468,20.6873,20.9723,21.1748,21.4672,20.8395,20.9553,20.8636,20.4754,20.7281,19.8747,19.4108,19.5505,19.5839,20.4635,20.0502,20.3341,20.7561,20.7303,20.9859,20.3279,20.3717,20.2205,20.6573,21.0694,20.723,20.1799,20.0704,20.2015,20.7861,20.0579,20.3264,20.5133,20.5619,20.9263,19.4568,19.4731,19.599,20.1742,20.3663,20.452,19.5686,19.9322,19.4701,20.6116,19.8283,19.9571,20.7124,20.8374,21.4948,19.2976,19.358,19.5991,20.5376,21.1873,20.0083,19.7342,19.8483,19.8806,20.2089,19.7778,19.8168,20.1779,20.222,20.9296,19.8033,20.0862,20.1049,20.8662,21.9607,20.4738,19.9738,20.2252,20.2744,20.1391,19.7253,20.0107,20.4387,20.6493,20.9012
366,2:26:15 PM,19.539,19.535,19.6674,20.1097,20.3115,20.2831,20.3569,20.5508,20.7009,20.7222,20.4393,20.4091,20.2565,20.3124,20.4044,20.5469,20.5759,20.6681,20.9344,21.0528,20.6672,20.443,20.4393,20.6206,20.6299,19.8736,19.9215,19.7615,19.9304,20.052,20.5223,20.446,20.6538,20.7318,21.1275,20.6749,20.3968,20.457,20.3986,20.5629,20.5792,20.5705,21.067,21.1598,21.4609,20.8732,20.9473,20.8467,20.4629,20.7179,19.8595,19.411,19.5015,19.5181,20.3904,19.9359,20.3788,20.7136,20.7311,21.038,20.3682,20.3339,20.3076,20.5976,21.1765,20.8061,20.2656,20.1217,20.2155,20.7776,20.1061,20.351,20.5198,20.5694,20.9406,19.4722,19.4189,19.5461,20.1279,20.3686,20.465,19.5683,19.9574,19.5053,20.5443,19.8157,19.9243,20.7238,20.9002,21.4918,19.4002,19.3844,19.5498,20.4775,21.1086,20.0282,19.6658,19.765,19.8944,20.1582,19.8159,19.8272,20.2455,20.2505,21.0284,19.9031,20.0707,20.0813,20.7579,21.8121,20.5409,19.8609,20.2462,20.2374,20.1282,19.7557,20.0659,20.4458,20.61,20.8726
367,2:26:35 PM,19.6307,19.5659,19.5846,20.1197,20.3163,20.2694,20.416,20.5637,20.7372,20.6908,20.3835,20.3318,20.1972,20.3524,20.4032,20.5022,20.613,20.6331,20.9167,21.0665,20.7182,20.3243,20.479,20.6751,20.6365,19.8423,19.9499,19.7978,19.8247,20.0676,20.525,20.424,20.6546,20.7707,21.1372,20.6732,20.4011,20.4825,20.354,20.5656,20.5761,20.5646,20.9951,21.1441,21.5028,20.8443,20.8989,20.888,20.4669,20.734,19.891,19.3782,19.5074,19.574,20.4633,19.9176,20.2936,20.7336,20.7421,20.9877,20.3188,20.3174,20.2791,20.7633,21.3005,20.7875,20.2168,20.1004,20.2977,20.8617,20.0775,20.4263,20.5603,20.5577,20.981,19.4294,19.3396,19.594,20.1651,20.3584,20.472,19.4536,19.8043,19.4183,20.5454,19.7707,19.9735,20.6552,20.8774,21.5804,19.3633,19.3877,19.4623,20.5225,21.168,20.0137,19.7254,19.7825,19.9129,19.9482,19.7834,19.7766,20.2226,20.2108,20.829,19.8176,20.0104,20.103,20.6829,21.6141,20.5451,19.9761,20.1901,20.2648,20.22,19.7867,20.0557,20.4614,20.5349,20.8827
368,2:26:55 PM,19.6457,19.5789,19.5243,20.0229,20.3154,20.2748,20.4799,20.5883,20.7909,20.6464,20.4423,20.3155,20.2095,20.4147,20.4753,20.5538,20.7063,20.6266,20.9313,21.1725,20.7729,20.3451,20.4436,20.6581,20.6804,19.8814,19.9447,19.7719,19.832,20.0213,20.63,20.402,20.6887,20.7998,21.1744,20.6871,20.3818,20.5653,20.5625,20.8207,20.6474,20.6673,21.0321,21.2525,21.497,20.8594,20.909,20.8942,20.5014,20.8001,19.8855,19.4514,19.5074,19.6164,20.3883,20.0511,20.2862,20.6727,20.7397,21.089,20.2551,20.3389,20.2067,20.7545,21.2025,20.7074,20.2409,20.123,20.2296,20.8666,20.0098,20.4061,20.6031,20.555,20.9204,19.375,19.4193,19.5606,20.064,20.3527,20.4236,19.5101,19.8704,19.3833,20.5957,19.8439,19.9013,20.7704,20.9844,21.4375,19.4382,19.3701,19.4826,20.4151,21.2247,20.026,19.6799,19.7751,19.8811,19.7526,19.7202,19.7683,20.2034,20.2614,20.7246,19.8564,19.9837,20.0818,20.8748,21.3903,20.5499,20.0783,20.262,20.2212,20.2481,19.7555,19.9802,20.439,20.5471,20.7798
369,2:27:15 PM,19.6976,19.6583,19.5608,20.0692,20.2649,20.2563,20.4284,20.5686,20.7472,20.776,20.4518,20.2853,20.2064,20.3426,20.4919,20.5594,20.653,20.6528,20.895,21.1033,20.6986,20.4185,20.4354,20.6028,20.6348,19.9225,19.9375,19.8082,19.8622,20.0206,20.6627,20.4675,20.7162,20.884,21.1621,20.6826,20.4775,20.4743,20.5302,20.9129,20.7546,20.6722,21.1168,21.2089,21.5031,20.933,20.9379,20.8755,20.4947,20.7428,19.9643,19.4247,19.5008,19.5831,20.4335,20.0982,20.2608,20.691,20.8032,21.0773,20.2806,20.3148,20.1901,20.7867,21.1709,20.7171,20.1754,20.1667,20.2249,20.798,20.114,20.3979,20.5884,20.616,20.8548,19.4802,19.4372,19.5856,20.1025,20.4114,20.5161,19.5611,19.8872,19.4831,20.5837,19.927,19.9561,20.8257,21.0857,21.6133,19.428,19.3029,19.5805,20.496,21.2842,20.1072,19.8486,19.9613,19.8887,19.6622,19.7813,19.8637,20.1826,20.3197,20.5897,19.8339,19.9636,20.1939,20.8131,21.2001,20.5413,20.1363,20.2495,20.2345,20.2396,19.7286,20.0793,20.4221,20.64,20.7871
370,2:27:35 PM,19.6433,19.625,19.7113,20.0889,20.2515,20.3006,20.3938,20.6293,20.7267,20.7212,20.3641,20.4226,20.1191,20.3526,20.4696,20.5513,20.6453,20.6355,20.868,21.0766,20.7317,20.4716,20.5217,20.444,20.564,19.8878,19.9429,19.8696,19.9912,20.0842,20.6458,20.5562,20.723,20.9118,21.1777,20.6528,20.4264,20.4017,20.4441,20.682,20.6457,20.7238,20.9617,21.1875,21.4553,20.9333,21.0563,20.9506,20.5067,20.7575,19.9469,19.5208,19.5494,19.5716,20.4048,20.0219,20.2407,20.7534,20.8102,21.0636,20.341,20.3974,20.2496,20.7866,21.1049,20.6684,20.1616,20.0411,20.3171,20.7614,20.3179,20.3515,20.6286,20.6183,20.8149,19.5177,19.4413,19.5191,20.0968,20.3585,20.4564,19.4775,19.8924,19.466,20.5528,19.9187,19.9506,20.8606,21.0839,21.4306,19.3311,19.4082,19.6035,20.5713,21.2829,20.1544,19.9217,19.9135,19.848,19.7212,19.7915,19.8138,20.2229,20.3126,20.5005,19.8717,19.9947,20.1772,20.8275,21.435,20.5433,20.082,20.1765,20.298,20.2331,19.7441,19.9686,20.3214,20.6042,20.7284
371,2:27:55 PM,19.6317,19.7362,19.7433,20.141,20.317,20.331,20.4553,20.6375,20.7249,20.7653,20.3812,20.3136,20.1138,20.2566,20.404,20.5187,20.6706,20.6077,20.8748,20.991,20.733,20.4704,20.4748,20.3192,20.5335,19.869,20.0107,19.9822,19.9851,20.037,20.612,20.5971,20.7056,20.9316,21.0649,20.6713,20.3705,20.3908,20.4122,20.4824,20.6595,20.6337,21.0513,21.1367,21.4295,20.9004,20.9794,20.854,20.4671,20.7094,19.9724,19.4872,19.5254,19.5774,20.4311,20.0037,20.2796,20.6757,20.8126,21.0695,20.445,20.326,20.2133,20.8192,21.0984,20.7484,20.2167,20.1571,20.27,20.7393,20.2053,20.3254,20.61,20.5964,20.827,19.52,19.4746,19.5507,20.1296,20.4193,20.4293,19.5447,19.7857,19.4834,20.5116,19.8349,19.9546,20.7748,21.0252,21.6993,19.3244,19.3082,19.79,20.6303,21.3287,20.0404,19.9118,19.9324,19.8926,19.9513,19.8177,19.842,20.2784,20.2914,20.6176,19.9014,20.0465,20.1765,20.8139,21.8276,20.5232,19.9137,20.1901,20.324,20.0477,19.7589,19.9746,20.4858,20.6264,20.7502
372,2:28:15 PM,19.6294,19.6403,19.7098,20.1336,20.2926,20.3787,20.5281,20.674,20.6506,20.7333,20.3535,20.2837,20.1384,20.1945,20.4532,20.5516,20.6471,20.6041,20.8443,20.9766,20.8918,20.4378,20.4037,20.3756,20.5584,19.8479,20.0009,19.921,19.9851,20.0625,20.5315,20.6117,20.6788,20.8865,21.0534,20.6471,20.411,20.4024,20.5078,20.5062,20.5699,20.6112,20.9434,21.1884,21.4499,20.8535,20.9874,20.9213,20.4793,20.7481,19.9406,19.457,19.5425,19.5481,20.4615,20.0618,20.2111,20.69,20.8144,21.0355,20.3941,20.3327,20.2691,20.7014,21.139,20.71,20.2368,20.0787,20.2953,20.7971,20.1635,20.4101,20.6068,20.6175,20.844,19.4083,19.4284,19.626,20.057,20.3188,20.3545,19.4768,19.6195,19.425,20.3921,19.819,20.0007,20.8347,20.9116,21.5472,19.3692,19.4235,19.7219,20.6227,21.4033,20.0515,19.8632,19.8929,19.8056,20.1657,19.8041,19.8644,20.1591,20.3492,20.7841,19.8326,19.9936,20.097,20.8607,22.0276,20.5393,19.9312,20.177,20.3124,20.1585,19.7292,19.958,20.4388,20.5496,20.7764
373,2:28:35 PM,19.5827,19.6468,19.6911,20.0577,20.2925,20.3669,20.5867,20.6814,20.5421,20.6764,20.4286,20.3112,20.1677,20.2024,20.4186,20.4878,20.6412,20.5457,20.914,21.0031,20.8642,20.455,20.344,20.2528,20.6243,19.8373,19.9553,19.797,19.912,20.0654,20.6271,20.5559,20.6764,20.8689,21.0326,20.691,20.4041,20.4998,20.4976,20.4899,20.6256,20.6622,20.9843,21.2314,21.5076,20.9068,20.9198,20.9017,20.5044,20.6607,19.9055,19.4311,19.4944,19.5234,20.3813,20.1591,20.2426,20.6573,20.8418,21.0746,20.4354,20.3517,20.221,20.7174,21.1181,20.678,20.2181,20.1328,20.304,20.7439,19.978,20.3902,20.5435,20.5953,20.6624,19.3896,19.4343,19.5685,20.0609,20.4341,20.4792,19.5024,19.5879,19.3467,20.418,19.9128,20.0649,20.816,20.9176,21.7363,19.39,19.4151,19.665,20.6149,21.397,20.0418,19.8215,19.8952,19.7184,20.084,19.8097,19.7971,20.165,20.2713,20.761,19.8113,20.0249,20.1552,20.9956,22.1764,20.5797,20.0249,20.2914,20.3382,20.0109,19.7599,19.9684,20.5305,20.6243,20.7654
374,2:28:55 PM,19.6072,19.5357,19.6541,20.1179,20.3074,20.4385,20.5669,20.6565,20.61,20.6343,20.3892,20.2579,20.132,20.1909,20.3807,20.5099,20.5707,20.5105,20.8489,21.079,20.8429,20.4023,20.4685,20.4375,20.6173,19.8699,19.9651,19.6603,19.8278,20.0834,20.4959,20.464,20.668,20.9043,21.0349,20.7587,20.3739,20.384,20.4359,20.5387,20.6121,20.6651,20.9527,21.2352,21.5214,20.8547,21.0133,20.8772,20.496,20.7413,19.9442,19.5408,19.5284,19.4855,20.4035,20.0391,20.3285,20.6984,20.7763,20.9693,20.4354,20.3448,20.267,20.6984,21.0862,20.8065,20.1766,20.0822,20.2776,20.6885,20.0485,20.2891,20.56,20.5807,20.6971,19.4142,19.4153,19.5941,20.0518,20.3304,20.4628,19.4651,19.5896,19.4284,20.4099,19.9561,20.1093,20.8177,20.9261,21.5811,19.4009,19.4301,19.56,20.433,21.4261,20.06,19.7916,19.8583,19.7073,19.8606,19.8181,19.8824,20.1369,20.2765,20.7731,19.8591,19.9538,20.1571,20.9559,22.1608,20.6228,20.13,20.3082,20.3723,19.9676,19.7535,19.9784,20.4928,20.6131,20.7564
375,2:29:15 PM,19.6325,19.6301,19.7337,20.1771,20.2463,20.4461,20.5403,20.5884,20.6664,20.712,20.4507,20.4023,20.1683,20.1781,20.4076,20.4241,20.6381,20.5112,20.8502,21.0313,20.728,20.3911,20.4644,20.4423,20.641,19.8455,19.9653,19.6904,19.7877,20.0454,20.5589,20.5096,20.6376,20.9272,21.0251,20.7455,20.4252,20.3468,20.4563,20.4961,20.6965,20.5966,20.9225,21.3138,21.4563,20.838,21.0355,20.8336,20.5097,20.7542,19.9968,19.4801,19.469,19.6089,20.3369,20.1305,20.3392,20.6464,20.7335,20.9706,20.5278,20.312,20.2328,20.6388,21.1659,20.7832,20.1496,20.1007,20.2536,20.6086,19.9599,20.1643,20.5409,20.5822,20.7109,19.4356,19.4268,19.5659,20.1208,20.3869,20.4006,19.5109,19.6702,19.4958,20.4184,19.9528,20.0682,20.7305,20.8352,21.7795,19.367,19.4276,19.6339,20.48,21.3714,19.9925,19.7283,19.8484,19.7257,19.8203,19.8307,19.827,20.2508,20.2518,20.7653,19.8746,20.0241,20.0718,20.9314,22.2642,20.6234,20.1401,20.2368,20.2328,19.955,19.7504,19.9737,20.5068,20.6187,20.8001
376,2:29:35 PM,19.7525,19.6754,19.7541,20.1164,20.2643,20.4552,20.5091,20.6857,20.7477,20.7035,20.4286,20.3369,20.1683,20.2078,20.3152,20.4249,20.5957,20.5306,20.8695,21.0307,20.6975,20.3861,20.5205,20.541,20.648,19.9354,20.0719,19.7569,19.821,20.0379,20.6143,20.4204,20.6673,20.8987,21.0875,20.7511,20.3645,20.3354,20.3375,20.3922,20.6645,20.5918,20.9282,21.2432,21.5009,20.8325,20.9633,20.8809,20.5225,20.7761,20.0266,19.4824,19.5529,19.5676,20.3706,20.1366,20.2967,20.6622,20.7912,20.8102,20.4972,20.3674,20.2525,20.6484,21.218,20.852,20.2255,20.1469,20.2869,20.6124,20.0971,20.2372,20.5598,20.6057,20.7285,19.5407,19.4836,19.5926,20.1387,20.3683,20.432,19.5367,19.7591,19.5312,20.4308,19.8976,19.9925,20.7307,20.8701,21.6718,19.3263,19.3559,19.6417,20.4651,21.359,19.9615,19.7274,19.8116,19.8288,19.8852,19.825,19.8347,20.1891,20.1615,20.7363,19.9423,20.0079,20.1911,21.0235,22.4199,20.6632,20.1159,20.2144,20.2554,19.9795,19.6829,19.9721,20.5477,20.6549,20.9098
377,2:29:55 PM,19.7174,19.659,19.6922,20.1777,20.2964,20.4923,20.4203,20.5868,20.7941,20.6995,20.3946,20.3301,20.2717,20.2526,20.333,20.4638,20.5893,20.5215,20.8115,21.0581,20.6308,20.4027,20.4452,20.5405,20.6041,19.9222,20.0041,19.7241,19.7989,20.0753,20.7059,20.4959,20.7005,20.9178,21.0765,20.7381,20.4152,20.3775,20.3406,20.3959,20.5814,20.5603,20.8903,21.1632,21.4952,20.7592,20.9356,20.8322,20.4584,20.7604,19.9741,19.5334,19.5823,19.6287,20.353,20.1205,20.2707,20.6939,20.7746,20.834,20.4609,20.3256,20.2333,20.6261,21.2276,20.813,20.2769,20.0843,20.2445,20.6362,20.0186,20.2251,20.5385,20.6314,20.6963,19.5035,19.5194,19.5531,20.115,20.4088,20.4916,19.5498,19.9403,19.6257,20.433,19.8833,19.996,20.7393,20.9282,21.6324,19.3537,19.4235,19.6472,20.5714,21.3457,19.9984,19.7205,19.8153,19.8437,19.8903,19.8207,19.8049,20.2108,20.2045,20.7383,19.9808,20.031,20.2048,21.1878,22.4216,20.5415,20.0864,20.2013,20.2006,20.0983,19.6746,19.999,20.4945,20.7277,20.7572
378,2:30:15 PM,19.7258,19.6615,19.7153,20.134,20.2714,20.4248,20.4114,20.6187,20.6673,20.683,20.4376,20.3823,20.2123,20.1634,20.3287,20.4651,20.5183,20.5017,20.8145,21.0944,20.6051,20.319,20.456,20.4402,20.6765,19.9869,19.968,19.814,19.8708,20.1076,20.6957,20.4741,20.6886,20.9122,21.0612,20.7146,20.4074,20.3023,20.2469,20.4249,20.6113,20.5501,20.8138,21.139,21.5238,20.828,20.947,20.8855,20.4921,20.7825,20.0233,19.5083,19.494,19.5475,20.4112,20.0627,20.2848,20.6575,20.8048,20.86,20.4242,20.2826,20.2216,20.7484,21.2698,20.778,20.1987,20.057,20.237,20.7247,20.1341,20.2946,20.5542,20.623,20.7282,19.5001,19.4984,19.5884,20.1343,20.369,20.5152,19.5088,19.9414,19.6944,20.3702,19.9621,20.046,20.7614,20.9358,21.5959,19.341,19.4275,19.6048,20.4888,21.277,20.0539,19.6922,19.8049,19.8155,19.8033,19.8643,19.8364,20.1995,20.2016,20.5633,19.9685,20.0299,20.2106,21.25,22.1807,20.6379,19.9542,20.1914,20.2425,20.1257,19.6801,19.9625,20.4249,20.8251,20.9106
379,2:30:35 PM,19.6872,19.6206,19.739,20.2499,20.293,20.3564,20.4005,20.555,20.6488,20.7073,20.4667,20.4389,20.1792,20.2724,20.3097,20.4469,20.5847,20.5463,20.8717,21.0525,20.6379,20.391,20.4835,20.326,20.6094,19.8998,19.9632,19.8714,19.8626,20.0682,20.6102,20.4338,20.6633,20.8849,21.1109,20.7338,20.432,20.3473,20.3971,20.3938,20.6145,20.568,20.8719,21.1805,21.482,20.8122,20.9163,20.8871,20.5183,20.7313,20.0434,19.4998,19.5474,19.6201,20.3589,20.0461,20.2922,20.7267,20.8557,20.9324,20.4585,20.3002,20.1829,20.6591,21.2412,20.7253,20.2189,20.1345,20.2917,20.7842,20.0067,20.2519,20.5454,20.56,20.7776,19.4653,19.5401,19.575,20.0784,20.3699,20.4701,19.4903,19.9248,19.5994,20.4107,19.924,20.0741,20.8325,20.9802,21.636,19.3666,19.442,19.6245,20.6226,21.2206,19.9857,19.6536,19.7504,19.8044,19.8319,19.8705,19.7953,20.2202,20.2558,20.7152,20.0802,20.0693,20.175,20.9861,22.0833,20.6515,20.0484,20.1919,20.1939,20.084,19.7628,20.0655,20.3495,20.846,20.9814
380,2:30:55 PM,19.7073,19.7098,19.769,20.1881,20.321,20.3442,20.4278,20.5558,20.6369,20.5848,20.4366,20.4466,20.1614,20.198,20.2673,20.4685,20.5716,20.5722,20.8538,21.1362,20.6517,20.4083,20.4456,20.362,20.6001,19.9301,20.0535,19.846,19.886,20.0788,20.5401,20.4215,20.6695,20.849,21.1129,20.7105,20.373,20.4028,20.4735,20.4852,20.6462,20.6353,20.9243,21.235,21.5273,20.7824,20.8889,20.908,20.5313,20.7439,20.0439,19.5357,19.5279,19.6006,20.4161,20.0896,20.3278,20.7135,20.7984,20.9156,20.4296,20.3594,20.1946,20.7189,21.1717,20.7443,20.3016,20.1236,20.2945,20.8048,20.0757,20.2271,20.588,20.5258,20.6871,19.5123,19.6111,19.5377,20.1167,20.3443,20.4504,19.4944,19.8297,19.5477,20.392,19.9566,20.0496,20.7745,21.0158,21.5722,19.376,19.4379,19.5754,20.5202,21.1777,19.9643,19.6015,19.617,19.7533,19.7592,19.8754,19.8718,20.2403,20.2403,20.805,19.9956,20.0794,20.2176,20.9206,22.0092,20.696,20.1927,20.239,20.2827,20.3305,19.8852,19.9606,20.4819,20.9136,21.0572
381,2:31:15 PM,19.8023,19.7379,19.7786,20.1986,20.3683,20.3443,20.4654,20.6003,20.7022,20.675,20.5198,20.4067,20.1583,20.2173,20.2401,20.5122,20.5409,20.5792,20.852,21.0753,20.648,20.4002,20.4826,20.4581,20.5979,19.9708,20.0964,19.8485,19.9575,20.0884,20.4635,20.5285,20.6924,20.881,21.101,20.6988,20.4433,20.4154,20.4705,20.3683,20.5917,20.6145,20.9435,21.1625,21.4328,20.8089,20.9064,20.9117,20.4684,20.6921,19.9893,19.6865,19.662,19.678,20.3794,20.0831,20.3483,20.7641,20.7578,20.7477,20.3807,20.3217,20.2279,20.683,21.1131,20.8002,20.2408,20.0984,20.236,20.6896,20.0371,20.2856,20.6137,20.5477,20.7522,19.5176,19.4845,19.5135,20.1952,20.4237,20.4469,19.5321,19.816,19.5156,20.4065,19.9967,20.1077,20.8758,20.9733,21.719,19.4224,19.4523,19.6975,20.5521,21.1568,20.0315,19.6898,19.7123,19.7699,19.8358,19.8765,19.8617,20.2534,20.23,20.9711,19.9844,20.096,20.2483,20.956,22.1266,20.7054,20.2638,20.3031,20.3663,20.344,19.9073,20.0381,20.4745,20.851,21.0316
382,2:31:35 PM,19.7176,19.7271,19.7142,20.1763,20.2964,20.3968,20.4901,20.6239,20.7603,20.7929,20.4624,20.3909,20.1453,20.1582,20.2155,20.4167,20.5228,20.608,20.8821,21.0405,20.743,20.3711,20.4206,20.4612,20.5122,20.0211,20.1502,19.8455,19.8426,20.0688,20.5716,20.502,20.752,20.8727,21.0454,20.6965,20.3941,20.4336,20.3585,20.4494,20.6363,20.5948,20.9743,21.1666,21.4641,20.7539,20.9115,20.8637,20.4704,20.7521,20.0189,19.6159,19.6235,19.5612,20.3752,20.1787,20.3171,20.7551,20.7666,20.8171,20.3959,20.3774,20.2348,20.6831,21.0907,20.7256,20.2825,20.0979,20.2653,20.6829,20.1219,20.2417,20.5873,20.529,20.715,19.5342,19.5168,19.6335,20.3079,20.4997,20.4672,19.582,19.8765,19.541,20.3586,20.013,20.1499,20.9361,21.1153,21.7521,19.5112,19.4608,19.6866,20.5276,21.0797,20.0468,19.7043,19.8122,19.8206,20.0147,19.8783,19.8425,20.2283,20.2117,20.9434,19.9413,20.097,20.2868,20.9988,22.1829,20.767,20.2895,20.2872,20.3431,20.4033,19.9653,19.9997,20.5628,20.7458,20.9791
383,2:31:55 PM,19.8188,19.8193,19.738,20.1506,20.327,20.4471,20.5379,20.5881,20.7764,20.7687,20.5105,20.4387,20.1919,20.1706,20.2611,20.4183,20.5332,20.5332,20.8293,21.0156,20.7759,20.4024,20.4616,20.4305,20.5118,20.0549,20.086,19.8637,19.9142,20.0893,20.6172,20.5039,20.7806,20.8208,21.0185,20.7216,20.4052,20.4716,20.3843,20.5003,20.5804,20.6227,20.9292,21.0959,21.4055,20.8123,20.9342,20.8912,20.4932,20.7654,19.9982,19.591,19.5862,19.5647,20.3114,20.1228,20.3433,20.794,20.7915,20.7446,20.3951,20.3854,20.2912,20.7376,21.1544,20.6563,20.214,20.0923,20.247,20.684,20.0708,20.2851,20.6207,20.5942,20.7098,19.5676,19.6152,19.629,20.2162,20.4349,20.5064,19.6316,19.8946,19.6352,20.2783,20.0314,20.1921,20.9694,21.1298,21.777,19.4484,19.4846,19.7138,20.5663,21.0771,20.13,19.7044,19.7868,19.8496,20.034,19.9372,19.9175,20.2054,20.2744,20.9464,19.9912,20.0961,20.2859,20.9775,22.0464,20.6483,20.2007,20.2573,20.3369,20.3417,19.9229,20.0864,20.5018,20.6738,20.9595
384,2:32:15 PM,19.7287,19.8369,19.7201,20.1346,20.2858,20.377,20.5287,20.6211,20.7797,20.7882,20.4673,20.4351,20.2181,20.2847,20.2961,20.5197,20.4883,20.549,20.8552,21.0741,20.8567,20.4856,20.4808,20.496,20.559,19.9372,20.0721,19.9036,19.9329,20.051,20.8102,20.5401,20.7574,20.8967,21.0937,20.7169,20.4936,20.5055,20.4148,20.6452,20.5696,20.631,21.0105,21.1414,21.4306,20.7727,20.9176,20.9054,20.4919,20.779,19.9999,19.5871,19.6197,19.5834,20.3562,20.1599,20.3326,20.7428,20.8264,20.8783,20.3193,20.4003,20.2546,20.7453,21.2364,20.7404,20.2415,20.09,20.2741,20.7824,20.1589,20.3341,20.5626,20.5904,20.7083,19.6087,19.5914,19.5787,20.203,20.4099,20.3886,19.6786,19.9323,19.5719,20.2984,20.0198,20.1233,20.8862,21.269,22.0483,19.5573,19.4723,19.6364,20.6051,21.0827,20.1113,19.7263,19.8282,19.9261,20.1577,20.004,19.9993,20.265,20.2901,20.8,19.9843,20.1937,20.2162,21.0641,22.0024,20.6735,20.1308,20.2911,20.3436,20.3286,19.8475,20.0835,20.4969,20.6487,20.9534
385,2:32:35 PM,19.8256,19.7838,19.689,20.1712,20.3094,20.4129,20.4285,20.6288,20.8,20.7757,20.5613,20.4612,20.2341,20.3631,20.4106,20.4988,20.5787,20.621,20.8443,21.1004,20.7769,20.5154,20.4566,20.5593,20.5735,19.8836,20.0622,19.8817,19.9373,20.0351,20.7095,20.4879,20.7059,20.8518,21.0738,20.7367,20.5524,20.4875,20.6095,20.7839,20.6614,20.6165,20.9957,21.1332,21.494,20.7762,20.9212,20.8781,20.4852,20.7714,20.0341,19.602,19.5797,19.6334,20.3893,20.2269,20.3181,20.7634,20.8044,20.861,20.3633,20.3534,20.1796,20.7899,21.195,20.7174,20.2943,20.0794,20.2835,20.8399,20.3787,20.3249,20.6247,20.6322,20.7346,19.5518,19.5868,19.6791,20.2226,20.4042,20.408,19.6772,19.9601,19.566,20.1787,20.0348,20.1058,20.9016,21.1739,21.9702,19.4525,19.557,19.6182,20.5479,21.1312,20.1958,19.8111,19.8158,19.9047,20.0836,19.9037,19.9085,20.3288,20.2776,20.7572,19.9574,20.1162,20.1306,21.0128,21.9889,20.6587,20.0946,20.2699,20.3292,20.3774,19.8,20.0492,20.5262,20.7158,20.9116
386,2:32:55 PM,19.7265,19.8181,19.6508,20.1708,20.2954,20.3473,20.3466,20.5955,20.66,20.7774,20.5592,20.4456,20.2413,20.425,20.5185,20.5175,20.6262,20.6681,20.7851,21.1304,20.7421,20.6027,20.5397,20.5878,20.5906,19.917,20.0461,19.8629,19.8809,20.0496,20.6469,20.5145,20.6989,20.8544,21.0429,20.7357,20.4757,20.5438,20.7335,20.9137,20.631,20.7097,21.0025,21.1646,21.5348,20.8315,20.9216,20.9271,20.4559,20.7451,20.0125,19.528,19.6508,19.5795,20.4289,20.0979,20.392,20.7548,20.8476,20.9736,20.3845,20.2929,20.2858,20.8084,21.2196,20.7182,20.3212,20.151,20.3216,20.8058,20.317,20.4273,20.564,20.6606,20.8608,19.5373,19.5554,19.5803,20.3134,20.4122,20.3877,19.6878,19.9996,19.5279,20.2247,20.0315,20.1764,20.9235,21.1138,21.9102,19.533,19.4954,19.5783,20.6257,21.158,20.238,19.9094,19.9224,19.972,20.0621,19.9616,19.896,20.2758,20.2044,20.665,19.9977,20.1122,20.1506,21.0629,22.0653,20.656,20.1181,20.2242,20.308,20.2844,19.8076,20.0646,20.5061,20.6997,20.9092
387,2:33:15 PM,19.7886,19.7722,19.6301,20.1938,20.2538,20.3533,20.3566,20.5602,20.6142,20.706,20.4821,20.4398,20.3312,20.4733,20.4331,20.5288,20.6433,20.6608,20.8829,21.0806,20.7316,20.5733,20.4802,20.5691,20.6029,19.9149,20.0175,19.7975,19.8659,20.0904,20.6001,20.4899,20.6882,20.8897,21.0885,20.7053,20.5348,20.5775,20.7131,20.8692,20.6341,20.6367,21.0495,21.2199,21.5057,20.8662,20.9857,20.9276,20.5337,20.6893,20.0464,19.537,19.5272,19.5728,20.4231,20.0854,20.374,20.7624,20.8039,20.9671,20.3935,20.3507,20.3154,20.8365,21.1205,20.7752,20.2301,20.1515,20.2685,20.9174,20.2627,20.3051,20.6198,20.6033,20.8967,19.533,19.4745,19.6398,20.3059,20.4131,20.4118,19.6672,20.0178,19.5878,20.2473,20.0825,20.0999,20.9093,20.9647,21.8109,19.4738,19.5304,19.6931,20.6719,21.136,20.2291,19.8292,19.9915,19.9196,19.8812,19.939,19.9168,20.2736,20.2363,20.5627,19.9559,20.1663,20.0958,20.9864,21.9726,20.745,20.1582,20.193,20.3327,20.4152,19.8417,20.0801,20.5505,20.7322,20.9112
388,2:33:35 PM,19.782,19.7831,19.6259,20.1959,20.2357,20.3614,20.468,20.5584,20.5585,20.6592,20.5524,20.4795,20.3583,20.4577,20.3631,20.5293,20.6287,20.6551,20.8755,21.2308,20.8072,20.5821,20.5595,20.5559,20.6224,19.9215,20.0828,19.8868,19.9161,20.0815,20.5724,20.5541,20.6751,20.8992,21.0771,20.7617,20.4999,20.5798,20.5674,20.9363,20.6688,20.723,21.0742,21.2008,21.4909,20.9365,20.9968,20.9737,20.489,20.7199,20.0964,19.6099,19.6344,19.6697,20.4352,20.0123,20.4238,20.7224,20.8266,20.9383,20.3756,20.3653,20.2838,20.838,21.0573,20.7508,20.2509,20.1272,20.2918,20.8581,20.2621,20.4184,20.632,20.578,21.0107,19.5445,19.4663,19.6425,20.2762,20.4345,20.4094,19.5844,20.0387,19.6276,20.3933,20.0508,20.1573,20.8351,20.9301,21.7572,19.5433,19.5338,19.7199,20.6562,21.1597,20.1971,19.8481,20.0104,20.0078,20.104,19.9593,19.8892,20.2785,20.3113,20.6403,19.9955,20.1605,20.2381,20.9869,22.0244,20.6654,20.183,20.2906,20.3065,20.4346,19.9483,20.0926,20.5486,20.8174,20.8495
389,2:33:55 PM,19.8169,19.8113,19.6731,20.1796,20.2643,20.3483,20.4682,20.5649,20.6416,20.6876,20.5474,20.4316,20.3942,20.5195,20.4362,20.5723,20.6699,20.6949,20.9522,21.1532,20.8844,20.5235,20.5043,20.4758,20.6086,20.0031,20.0415,19.8809,19.9367,20.0806,20.629,20.5297,20.6622,20.8858,21.0777,20.7869,20.4928,20.6585,20.5756,20.7154,20.7932,20.6868,21.1055,21.2488,21.4437,20.8854,20.9902,20.9437,20.4441,20.7218,20.0071,19.62,19.5884,19.6454,20.4281,20.1072,20.4201,20.7477,20.7969,20.9407,20.4339,20.3273,20.3377,20.8624,21.0541,20.8476,20.3173,20.1217,20.3068,20.7904,20.2486,20.4657,20.6161,20.6365,20.8951,19.6192,19.5441,19.6934,20.2818,20.4559,20.4483,19.6199,20.0306,19.6439,20.463,20.0786,20.1249,20.9481,21.1124,21.6362,19.5218,19.4701,19.6251,20.5956,21.2308,20.1469,19.7314,19.8722,19.9314,20.1425,19.9468,19.9606,20.2783,20.3211,20.7002,19.9524,20.1713,20.2747,20.9803,21.8689,20.7513,20.2519,20.3219,20.3189,20.4487,19.9266,19.9918,20.5398,20.8329,20.854
390,2:34:15 PM,19.7654,19.8535,19.6776,20.1401,20.2853,20.3922,20.5031,20.5755,20.7095,20.6805,20.5599,20.4613,20.2496,20.402,20.4493,20.5305,20.6074,20.6724,20.902,21.027,20.7778,20.4546,20.4952,20.4296,20.5909,20.0403,20.057,19.9396,19.9284,20.0667,20.7377,20.5326,20.6873,20.9247,21.1013,20.7989,20.4806,20.5494,20.5337,20.6862,20.739,20.7733,21.027,21.2152,21.4499,20.8935,21.0349,20.8914,20.4971,20.6892,20.0851,19.5978,19.6386,19.6385,20.4283,20.2017,20.3617,20.7598,20.8074,20.9041,20.4178,20.3895,20.3424,20.8603,21.0507,20.8786,20.308,20.161,20.3332,20.7619,20.247,20.4874,20.6913,20.5642,20.9481,19.6336,19.5463,19.6671,20.2762,20.4816,20.5155,19.6802,19.9363,19.6795,20.392,20.0911,20.1923,21.0268,21.2565,21.6351,19.5644,19.5423,19.6135,20.717,21.2229,20.1427,19.7241,19.7917,19.8626,20.0311,19.9118,19.9503,20.3347,20.3052,20.6908,19.9853,20.1869,20.3183,20.896,21.9422,20.7804,20.3344,20.3456,20.2621,20.5032,19.9521,20.0488,20.5715,20.8237,20.9741
391,2:34:35 PM,19.8819,19.8646,19.7833,20.1544,20.3389,20.4373,20.5279,20.6711,20.7874,20.6858,20.5508,20.4689,20.2513,20.3289,20.3724,20.6097,20.5963,20.6346,20.86,21.0612,20.7524,20.421,20.5165,20.312,20.5104,20.0832,20.027,19.8351,19.8961,20.0946,20.7366,20.5223,20.777,20.9252,21.0309,20.821,20.5384,20.5524,20.515,20.3923,20.7093,20.7858,21.0345,21.2039,21.447,20.8641,21.0288,20.9429,20.542,20.7839,20.1241,19.6657,19.6455,19.6829,20.4642,20.2875,20.3124,20.7227,20.842,20.8315,20.4234,20.3611,20.3266,20.8491,21.0443,20.851,20.2762,20.2135,20.3836,20.6994,20.0747,20.4414,20.6652,20.5522,20.8858,19.6768,19.6474,19.6526,20.3243,20.3993,20.4553,19.7361,19.941,19.7712,20.3814,20.0401,20.273,21.1385,21.4783,21.6194,19.5279,19.4913,19.5766,20.5495,21.1569,20.1643,19.6016,19.7534,19.8079,19.8768,19.9837,19.9674,20.2934,20.2544,20.6798,20.0961,20.2176,20.3354,20.8109,21.7188,20.7835,20.3947,20.3915,20.2726,20.5355,19.9287,20.0453,20.568,20.8071,21.0749
392,2:34:55 PM,19.8328,19.8501,19.825,20.108,20.3138,20.3736,20.5044,20.6363,20.7593,20.7073,20.6483,20.4782,20.2712,20.1992,20.2578,20.503,20.6138,20.5997,20.8337,21.1381,20.7957,20.3755,20.4914,20.4471,20.4754,20.0295,20.0582,19.8553,19.9225,20.0136,20.6809,20.5021,20.7614,20.9555,21.03,20.8299,20.538,20.4823,20.4827,20.3172,20.6451,20.7366,21.0101,21.1489,21.4116,20.8614,21.0396,20.9686,20.5089,20.7001,20.143,19.7156,19.6445,19.6565,20.4131,20.218,20.4041,20.7828,20.9354,20.9013,20.4543,20.423,20.31,20.8681,21.051,20.9165,20.2677,20.2169,20.3784,20.718,20.096,20.3077,20.6542,20.5443,20.8725,19.7289,19.64,19.6222,20.2874,20.4098,20.474,19.8686,20.0325,19.7907,20.2919,20.1092,20.2756,21.091,21.437,21.7493,19.509,19.5428,19.65,20.5282,21.0766,20.1635,19.5832,19.8087,19.9021,19.8826,20.005,20.0293,20.3642,20.3116,20.6364,20.1574,20.2449,20.3124,20.9012,21.7433,20.7628,20.3495,20.3745,20.3099,20.4432,19.9258,20.1402,20.628,20.8124,21.0699
393,2:35:15 PM,19.9376,19.9341,19.8418,20.2285,20.2481,20.4646,20.5357,20.6211,20.765,20.7706,20.5651,20.5161,20.2626,20.1893,20.2651,20.5587,20.5743,20.5568,20.8935,21.116,20.8629,20.4114,20.5132,20.3917,20.426,20.0842,20.0757,19.924,19.9241,20.0828,20.6608,20.5204,20.7749,20.9363,20.9817,20.8476,20.5183,20.4906,20.5294,20.4165,20.7002,20.7328,21.096,21.1951,21.4639,20.8345,20.9949,20.9748,20.5513,20.7632,20.2223,19.7115,19.6289,19.6613,20.4715,20.2122,20.3926,20.7942,20.9716,20.8893,20.4707,20.3838,20.2335,20.8684,21.2071,20.9141,20.3305,20.1458,20.3658,20.6477,20.1203,20.4631,20.5668,20.6195,20.7742,19.7397,19.6868,19.7167,20.2403,20.4899,20.5104,19.7765,19.9897,19.7137,20.3309,20.0873,20.2719,21.1523,21.4286,21.8618,19.5387,19.5074,19.6421,20.5269,21.0197,20.1403,19.5996,19.8867,19.9871,19.7664,19.9825,20.0578,20.36,20.3596,20.7407,20.1365,20.2245,20.3058,20.9585,21.7978,20.7107,20.3451,20.2712,20.3728,20.3454,19.972,20.1061,20.6576,20.8637,21.1477
394,2:35:35 PM,19.9086,19.9134,19.7931,20.173,20.3261,20.3999,20.5386,20.5332,20.7676,20.8078,20.555,20.5044,20.3685,20.2374,20.2891,20.6081,20.5973,20.5507,20.8628,21.0927,20.8483,20.4329,20.4403,20.4879,20.4352,20.1748,20.1555,19.986,19.9678,20.0452,20.7219,20.547,20.8478,20.8865,21.0534,20.7819,20.5044,20.4983,20.4063,20.455,20.6414,20.6579,20.9368,21.1967,21.4292,20.8545,21.0522,20.9338,20.5539,20.7845,20.2204,19.7083,19.6955,19.6782,20.4784,20.3034,20.3415,20.7918,20.9041,20.9427,20.4175,20.4357,20.3,20.8468,21.2266,20.9067,20.3225,20.1956,20.3465,20.6882,20.1392,20.379,20.6132,20.6312,20.7471,19.7525,19.6655,19.7702,20.2587,20.4836,20.4728,19.6651,20.0082,19.736,20.402,20.167,20.2426,21.0762,21.4071,21.9074,19.5308,19.5392,19.7058,20.5529,21.029,20.0785,19.7281,19.9613,20.0563,19.8842,20.0872,19.9978,20.3588,20.4041,20.6436,20.0948,20.2026,20.3506,20.9497,21.9137,20.7212,20.2407,20.3501,20.3753,20.2566,20.0133,20.1576,20.6059,20.7902,21.0902
395,2:35:55 PM,19.9213,19.9566,19.7741,20.1985,20.2293,20.5123,20.4645,20.5279,20.7385,20.7349,20.5924,20.5323,20.3972,20.3448,20.3265,20.4984,20.6261,20.5852,20.9176,21.0635,20.8093,20.4271,20.5117,20.3805,20.4757,20.1052,20.1645,19.9879,20.0815,20.0196,20.7646,20.5033,20.8053,20.876,21.0398,20.8699,20.5584,20.5556,20.3508,20.618,20.6858,20.6442,20.8925,21.1765,21.3835,20.8191,21.0024,20.9226,20.4766,20.7729,20.1636,19.7308,19.6739,19.7153,20.4953,20.3599,20.3846,20.7846,20.8843,20.8468,20.385,20.4195,20.2172,20.8649,21.318,20.811,20.3707,20.2017,20.3038,20.7588,20.2039,20.475,20.6555,20.6663,20.746,19.7536,19.6922,19.6922,20.2761,20.4835,20.4715,19.7879,19.9607,19.6783,20.3962,20.1746,20.2232,21.0852,21.3092,21.8107,19.547,19.551,19.6904,20.6409,21.0463,20.1051,19.7504,20.0031,20.0861,20.0931,20.1033,20.0236,20.3943,20.3881,20.6505,20.0843,20.2148,20.2779,21.058,22.0735,20.6517,20.3633,20.3487,20.3982,20.2038,19.9034,20.123,20.5961,20.7851,20.9107
396,2:36:15 PM,19.866,19.9051,19.8123,20.1471,20.224,20.4693,20.4749,20.5712,20.6891,20.7163,20.5167,20.5819,20.3717,20.3344,20.3622,20.5198,20.6221,20.6127,20.8344,21.0683,20.8242,20.4853,20.5019,20.4649,20.4675,20.0847,20.2099,19.9405,20.1195,20.0382,20.7781,20.5909,20.801,20.9015,21.0476,20.7878,20.59,20.4975,20.4988,20.6577,20.6882,20.6184,20.9832,21.2076,21.4703,20.8586,20.9931,20.9716,20.4279,20.8036,20.1182,19.6874,19.6879,19.6612,20.4693,20.3111,20.3974,20.7959,20.8662,20.8974,20.3503,20.3716,20.274,20.8122,21.2471,20.7994,20.2355,20.2205,20.3901,20.9164,20.2714,20.421,20.6379,20.7229,20.7553,19.7016,19.6547,19.7461,20.2993,20.5138,20.5096,19.7814,20.0883,19.7965,20.3864,20.1246,20.1651,20.9663,21.2175,21.4768,19.4945,19.5793,19.5995,20.7025,21.0863,20.1337,19.8907,20.0111,20.1292,20.0736,20.1048,20.0554,20.3271,20.3476,20.6555,20.0589,20.2463,20.3454,21.0994,21.9658,20.6987,20.4485,20.3916,20.3125,20.2433,20.0102,20.1694,20.6106,20.8107,20.9321
397,2:36:35 PM,19.8202,19.8274,19.7616,20.1274,20.2046,20.4565,20.4874,20.6231,20.6221,20.6956,20.5593,20.42,20.2906,20.4517,20.5247,20.5448,20.6496,20.697,20.9123,21.1292,20.7879,20.4333,20.5341,20.528,20.5573,20.1076,20.1815,19.8737,20.0895,20.0151,20.6037,20.5397,20.7996,20.8774,21.0752,20.7462,20.4831,20.5872,20.5042,20.8851,20.6718,20.6392,20.9622,21.234,21.499,20.8911,20.9368,20.9403,20.5118,20.7871,20.1511,19.657,19.6365,19.6335,20.5105,20.1963,20.4061,20.773,20.8722,21.0057,20.3,20.4061,20.3325,20.895,21.2547,20.7952,20.291,20.21,20.4101,20.859,20.2461,20.4599,20.6618,20.6352,20.7458,19.6652,19.6475,19.7132,20.3562,20.5661,20.5198,19.8913,20.1543,19.7228,20.6012,20.1727,20.1063,20.9349,21.1593,21.5346,19.501,19.5175,19.7204,20.7803,21.1508,20.1633,19.7766,19.9529,20.0777,20.1928,20.0308,20.0354,20.3452,20.3754,20.634,20.0994,20.3392,20.3084,21.0888,22.0858,20.6937,20.2733,20.356,20.3073,20.3053,19.961,20.1823,20.6855,20.7644,20.9799
398,2:36:55 PM,19.8238,19.8269,19.8126,20.1732,20.2491,20.4385,20.4678,20.5748,20.6772,20.6491,20.6025,20.4815,20.3184,20.4648,20.5425,20.6229,20.6178,20.618,20.8894,21.1695,20.9309,20.4869,20.5816,20.608,20.5862,20.1042,20.1628,19.9985,20.069,20.0509,20.6306,20.5139,20.6593,20.8721,21.0202,20.8018,20.5626,20.5655,20.6945,20.9349,20.7789,20.7104,21.0272,21.2275,21.5342,20.8883,20.9963,20.8977,20.5008,20.6945,20.0978,19.6709,19.6918,19.642,20.4926,20.2602,20.422,20.8163,20.9042,21.0913,20.3197,20.4155,20.2898,20.8334,21.1525,20.7927,20.2505,20.1961,20.331,20.9289,20.2704,20.4198,20.6168,20.6661,20.8165,19.669,19.6749,19.7416,20.3885,20.4828,20.4436,19.8215,20.1292,19.7184,20.6019,20.1777,20.1385,21.0084,21.2084,21.468,19.4516,19.4904,19.6883,20.7926,21.2249,20.1772,19.8373,19.9454,20.0001,20.2435,20.0616,20.0107,20.3271,20.2821,20.6609,20.0041,20.3802,20.245,20.9623,21.8399,20.7106,20.2418,20.2712,20.3004,20.3347,19.9674,20.1261,20.6563,20.7574,21.0287
399,2:37:15 PM,19.7712,19.8456,19.8671,20.2079,20.2755,20.4585,20.5068,20.6356,20.6221,20.6991,20.5422,20.4507,20.3454,20.4844,20.5443,20.5805,20.6742,20.6683,20.9151,21.2515,20.8816,20.4752,20.6265,20.6418,20.6199,20.0854,20.1142,20.0225,20.0433,20.0716,20.6132,20.508,20.7564,20.9008,21.1142,20.7649,20.5048,20.506,20.5657,20.9285,20.7546,20.76,21.0234,21.2546,21.5085,20.8795,21.0282,20.9486,20.6038,20.7658,20.0919,19.6923,19.7366,19.711,20.5567,20.1774,20.3798,20.853,20.9185,21.189,20.431,20.4112,20.3198,20.8523,21.1238,20.7828,20.2717,20.1688,20.4074,20.8597,20.2315,20.4314,20.7009,20.6602,20.8233,19.6843,19.7284,19.7104,20.3753,20.5086,20.4654,19.783,20.1461,19.6876,20.6833,20.1198,20.2076,21.0584,21.2734,21.6073,19.4742,19.5332,19.7082,20.6628,21.2618,20.1938,19.8714,19.9781,19.886,20.3143,20.0359,19.9871,20.3702,20.3515,20.6298,20.0313,20.3167,20.3991,21.0002,21.8224,20.7532,20.2215,20.3316,20.3206,20.3456,19.8568,20.0265,20.5342,20.7717,20.9837
400,2:37:35 PM,19.8352,19.8708,19.8162,20.2328,20.306,20.4917,20.518,20.5345,20.6583,20.7327,20.5221,20.4577,20.3653,20.4289,20.4836,20.605,20.6572,20.693,20.8884,21.26,20.9158,20.5282,20.5833,20.5854,20.6361,20.0516,20.1459,19.9289,20.0226,20.0962,20.6717,20.5433,20.7669,20.8705,21.1017,20.8049,20.5651,20.5186,20.4586,20.7716,20.7149,20.6813,21.065,21.1929,21.4508,20.9339,21.0135,20.996,20.5659,20.8331,20.1363,19.7076,19.7082,19.644,20.536,20.1667,20.3536,20.8718,20.8571,21.1097,20.4122,20.4172,20.3073,20.8219,21.1332,20.77,20.286,20.2479,20.3936,20.9186,20.2039,20.4726,20.7154,20.6347,20.7254,19.7771,19.7336,19.7733,20.3836,20.5521,20.4509,19.8271,20.1949,19.7459,20.6879,20.1061,20.1417,21.0768,21.3687,21.7881,19.5003,19.5145,19.7355,20.6472,21.2863,20.1744,19.9073,20.0005,20.0305,20.1604,20.0547,20.034,20.4089,20.3866,20.6745,20.0578,20.3431,20.3593,20.9916,21.5874,20.8141,20.3263,20.3705,20.4043,20.3052,19.8929,20.0484,20.5744,20.8156,21.0491
401,2:37:55 PM,19.8301,19.8434,19.8041,20.258,20.2613,20.5167,20.5391,20.6168,20.7152,20.7269,20.5145,20.5021,20.4056,20.412,20.4724,20.6007,20.6563,20.6698,20.9041,21.2322,20.9576,20.579,20.5341,20.4591,20.6049,20.1095,20.1846,19.9558,20.0783,20.0318,20.6641,20.6144,20.8393,20.907,21.0822,20.8138,20.5279,20.5894,20.4846,20.7806,20.7156,20.7883,21.0964,21.1948,21.5166,20.9738,21.1081,20.9127,20.5653,20.7908,20.0988,19.6686,19.8302,19.6802,20.4526,20.0864,20.4283,20.8886,20.8665,21.0326,20.5141,20.3944,20.314,20.8147,21.2444,20.8408,20.3306,20.2436,20.3682,20.7408,20.2835,20.4655,20.6647,20.6525,20.7376,19.7762,19.6827,19.7629,20.418,20.5595,20.5108,19.7758,20.2136,19.7485,20.6961,20.0997,20.1492,20.9784,21.314,21.6446,19.5491,19.5911,19.7641,20.749,21.3296,20.2258,19.9061,20.0247,20.0284,20.0953,20.0731,20.0825,20.3875,20.4539,20.7119,20.1631,20.2819,20.3911,21.1239,21.7864,20.8075,20.2948,20.3854,20.3662,20.3134,19.9385,20.094,20.6742,20.7894,21.0583
402,2:38:15 PM,19.9024,19.8164,19.8016,20.1765,20.2834,20.4466,20.545,20.6767,20.6517,20.7186,20.5794,20.5228,20.2709,20.4314,20.4212,20.5766,20.6707,20.6677,20.9372,21.1624,20.8989,20.4895,20.5641,20.4971,20.5303,20.0561,20.1639,19.9706,20.0077,20.0491,20.6768,20.681,20.7736,20.8977,21.0996,20.8349,20.5764,20.53,20.5089,20.8756,20.7562,20.7901,21.0964,21.2382,21.4901,20.9332,21.0425,20.9498,20.527,20.792,20.0759,19.7079,19.7016,19.6662,20.5184,20.1853,20.4239,20.8854,20.8342,20.9902,20.5032,20.386,20.3351,20.8466,21.3712,20.7915,20.2495,20.2814,20.3651,20.7229,20.2771,20.5459,20.6174,20.6323,20.7987,19.747,19.6805,19.6988,20.3028,20.5504,20.5277,19.7565,20.071,19.7687,20.7576,20.1376,20.1656,20.9379,21.3774,21.6726,19.5756,19.5776,19.8825,20.7964,21.3206,20.2372,19.8327,20.0749,20.0647,20.2009,20.0223,20.0023,20.4295,20.4604,20.957,20.0929,20.2885,20.3017,21.3228,21.9134,20.7513,20.2825,20.4809,20.4358,20.2933,19.9638,20.1283,20.7343,20.798,21.0883
403,2:38:35 PM,19.8293,19.818,19.7917,20.2294,20.326,20.5052,20.5653,20.6546,20.6562,20.6806,20.5398,20.4984,20.2999,20.3264,20.4557,20.5954,20.694,20.7246,20.9413,21.2128,20.9566,20.5066,20.5476,20.5165,20.5552,20.0708,20.1894,19.9314,20.0353,20.0628,20.6532,20.6176,20.815,20.9366,21.1815,20.8923,20.5481,20.4803,20.5548,20.9191,20.7292,20.7577,21.1674,21.288,21.4916,20.9218,20.9968,20.8922,20.6166,20.7692,20.0708,19.6479,19.7345,19.6964,20.4788,20.1905,20.4411,20.7775,20.8867,20.9168,20.485,20.4181,20.3353,20.8865,21.4062,20.8017,20.3097,20.199,20.3578,20.7062,20.3726,20.4533,20.6531,20.6943,20.8051,19.7489,19.654,19.7151,20.3585,20.5598,20.5748,19.6776,19.9283,19.6939,20.5819,20.1076,20.2004,20.9395,21.324,21.5386,19.624,19.5504,19.7691,20.7463,21.3397,20.1806,19.8328,20.0313,20.0787,20.3578,20.0058,20.0554,20.3647,20.4243,21.0109,20.1564,20.3211,20.3233,21.3214,22.0582,20.7182,20.2187,20.4452,20.4327,20.4433,19.9723,20.1534,20.7415,20.8092,21.0173
404,2:38:55 PM,19.8642,19.822,19.9093,20.3085,20.2884,20.4445,20.5689,20.7418,20.6473,20.6042,20.5928,20.5007,20.2544,20.3857,20.4468,20.5933,20.6902,20.7705,20.9446,21.2757,20.9314,20.5356,20.5577,20.5653,20.5146,20.0204,20.1728,19.9491,20.0956,20.1003,20.6653,20.6596,20.6944,20.9039,21.2031,20.8224,20.5623,20.4952,20.6065,20.906,20.7452,20.7757,21.1603,21.2501,21.4506,20.958,20.9685,20.983,20.5708,20.767,20.1077,19.7104,19.702,19.6925,20.4795,20.3041,20.4773,20.8127,20.9176,20.9778,20.4276,20.3737,20.3595,20.8638,21.283,20.8429,20.2414,20.1811,20.3739,20.8406,20.2789,20.4451,20.6513,20.7248,20.7769,19.6564,19.6334,19.7446,20.3444,20.5249,20.5705,19.7307,19.8075,19.6154,20.5797,20.099,20.1546,20.947,21.319,21.7521,19.4798,19.5678,19.7954,20.694,21.2592,20.2091,19.892,20.047,20.1823,20.3469,20.0967,20.0504,20.3648,20.4419,20.9115,20.1321,20.2969,20.2526,21.1929,22.017,20.7167,20.2415,20.4276,20.3842,20.4577,19.9163,20.1374,20.6792,20.8399,20.9988
405,2:39:15 PM,19.8378,19.8321,19.8333,20.2955,20.276,20.4728,20.5685,20.6341,20.7124,20.6313,20.5052,20.505,20.3283,20.4444,20.4316,20.6323,20.7116,20.6511,20.9728,21.2923,20.9438,20.5882,20.586,20.5937,20.5373,20.1158,20.1788,19.9219,20.1572,20.072,20.528,20.7063,20.733,20.9289,21.1393,20.8931,20.6258,20.5443,20.6325,20.9221,20.7814,20.7358,21.1191,21.2958,21.538,20.9175,21.0492,20.9812,20.5339,20.8106,20.1167,19.6356,19.726,19.7324,20.4639,20.3095,20.39,20.863,20.9078,20.8444,20.4461,20.3231,20.2981,20.8801,21.1847,20.8483,20.3029,20.236,20.3498,20.8806,20.2661,20.4734,20.6587,20.7409,20.8261,19.6774,19.6776,19.8085,20.3209,20.5376,20.5223,19.7071,19.9068,19.6514,20.5328,20.0553,20.2009,20.9646,21.105,21.5095,19.5755,19.599,19.8425,20.6653,21.3654,20.2558,19.8661,20.1015,20.1373,20.3261,20.0701,20.0348,20.3654,20.4206,20.7938,20.084,20.2636,20.3812,21.0537,22.1004,20.886,20.2822,20.4313,20.3966,20.3768,19.9136,20.1455,20.6944,20.8794,21.0706
406,2:39:35 PM,19.912,19.8151,19.9074,20.305,20.3193,20.4763,20.5606,20.6462,20.6783,20.5968,20.5483,20.5416,20.3771,20.4672,20.4685,20.6762,20.6992,20.7158,20.9416,21.3526,20.8768,20.5802,20.5439,20.6541,20.6223,20.1351,20.1517,19.989,20.1345,20.1214,20.4709,20.667,20.7104,21.0637,21.1853,20.8754,20.5766,20.6079,20.5849,20.7568,20.8294,20.7483,21.109,21.3103,21.507,20.9266,20.9669,20.9985,20.5447,20.825,20.1416,19.6204,19.731,19.7808,20.5871,20.3617,20.3722,20.7534,20.8828,20.8855,20.4114,20.4354,20.3036,20.9061,21.2141,20.8062,20.2679,20.2629,20.3739,20.9451,20.2058,20.4753,20.7354,20.7104,20.7518,19.7489,19.6755,19.7749,20.3355,20.5373,20.5462,19.7643,19.9738,19.7263,20.5762,20.1007,20.2105,21.0882,21.2439,21.5629,19.5699,19.561,19.7644,20.6294,21.3472,20.2941,19.7629,20.0852,20.143,20.2725,20.0736,20.0966,20.3867,20.4205,20.8131,20.0595,20.2673,20.4458,21.1108,22.193,20.8405,20.3472,20.4164,20.4391,20.3512,19.9575,20.137,20.6959,20.9606,21.1204
407,2:39:55 PM,19.8306,19.8956,19.9223,20.3722,20.3699,20.5426,20.6378,20.6867,20.7664,20.6501,20.5598,20.5277,20.3851,20.4177,20.4184,20.6486,20.6704,20.7219,21.0071,21.2696,20.772,20.5724,20.5912,20.655,20.5601,20.1727,20.196,19.9934,20.1715,20.1837,20.4567,20.6674,20.7537,20.9545,21.1741,20.8352,20.6415,20.493,20.452,20.6756,20.7706,20.7642,21.1828,21.2291,21.5215,20.9373,21.0449,21.0197,20.5756,20.811,20.2287,19.6991,19.699,19.7486,20.4815,20.3937,20.4338,20.8034,20.874,20.8713,20.5359,20.4439,20.2949,20.9061,21.3343,20.8357,20.3799,20.2242,20.3854,20.8988,20.2849,20.4864,20.7546,20.7285,20.7244,19.7669,19.6921,19.7161,20.3361,20.6046,20.5021,19.692,20.1929,19.8389,20.4926,20.1993,20.3052,21.0734,21.4272,21.4011,19.5961,19.6171,19.6747,20.5236,21.2856,20.1429,19.7233,20.0398,20.1339,20.3049,20.0817,20.0262,20.4289,20.3765,20.8851,20.2438,20.2817,20.5063,21.157,22.2864,20.8926,20.3161,20.3814,20.4383,20.3185,19.9642,20.112,20.7408,20.9341,21.1338
408,2:40:15 PM,19.9541,19.9258,19.926,20.3795,20.3169,20.5004,20.6194,20.6663,20.7657,20.6696,20.5875,20.4578,20.2931,20.3677,20.3365,20.6241,20.6232,20.697,20.9681,21.2624,20.7571,20.5457,20.5746,20.4755,20.5578,20.279,20.2484,20.008,20.1452,20.1849,20.5386,20.6323,20.7777,21.153,21.1536,20.8262,20.6105,20.5175,20.3475,20.5056,20.8161,20.7492,21.1045,21.226,21.4372,21.0079,21.0205,20.9982,20.6004,20.8148,20.2574,19.7622,19.7158,19.7997,20.5024,20.3631,20.4422,20.8247,20.996,21.04,20.4853,20.4564,20.2961,20.8891,21.404,20.8087,20.2855,20.2796,20.3936,20.8828,20.2579,20.4672,20.7186,20.6758,20.747,19.8149,19.7394,19.8204,20.3455,20.5348,20.5914,19.762,19.9906,19.7448,20.4649,20.2022,20.2447,21.0935,21.5203,21.6673,19.6842,19.5796,19.6005,20.461,21.222,20.1225,19.5385,19.9832,20.1694,20.1067,20.0286,20.0236,20.4297,20.4208,20.8311,20.2823,20.2823,20.4541,21.2893,22.1037,20.8689,20.2185,20.4093,20.3986,20.3707,19.9591,20.2032,20.6152,21.0242,21.1022
409,2:40:35 PM,19.9438,19.8711,19.8867,20.363,20.3507,20.4831,20.5319,20.6673,20.7387,20.7216,20.6091,20.5218,20.31,20.2969,20.3011,20.6041,20.6497,20.6933,20.9265,21.2586,20.7696,20.4668,20.5929,20.5261,20.4685,20.1833,20.2432,19.9253,19.9855,20.0533,20.6261,20.5789,20.7836,21.0885,21.187,20.8715,20.6302,20.5617,20.3729,20.5583,20.7327,20.7172,21.0356,21.2539,21.4615,20.9185,21.0298,20.9615,20.5571,20.7235,20.1169,19.7328,19.6601,19.7179,20.4663,20.2409,20.4547,20.7952,20.9813,21.1199,20.4721,20.4352,20.3311,20.8608,21.3996,20.7872,20.276,20.276,20.4141,20.9216,20.2653,20.4866,20.6373,20.6606,20.5915,19.8533,19.7046,19.7519,20.3072,20.5742,20.5506,19.7421,19.9178,19.6789,20.506,20.1937,20.2837,21.1728,21.5001,21.7749,19.6029,19.5771,19.7326,20.5955,21.2094,20.1727,19.6796,19.9961,20.152,20.0399,20.0738,20.0847,20.4312,20.4397,20.8581,20.2288,20.3683,20.4167,21.1328,21.8843,20.8133,20.1651,20.3994,20.4544,20.4277,20.0361,20.2811,20.6589,21.0093,21.1664
410,2:40:55 PM,19.8729,19.921,19.8618,20.2729,20.3128,20.4439,20.5765,20.697,20.6981,20.6282,20.6505,20.5593,20.29,20.3144,20.3334,20.5774,20.6364,20.6489,20.9127,21.1612,20.7624,20.4834,20.5069,20.5331,20.4027,20.1529,20.1536,19.92,19.9747,20.1031,20.6105,20.6242,20.73,21.0801,21.2141,20.8641,20.5511,20.5599,20.4128,20.6754,20.8235,20.7004,21.0759,21.2383,21.4771,20.94,21.1202,20.9692,20.5283,20.7634,20.2351,19.7067,19.6235,19.8043,20.5162,20.2294,20.4733,20.8835,20.9239,21.1282,20.435,20.4062,20.2664,20.8656,21.2266,20.8099,20.3046,20.1922,20.3481,20.8894,20.3399,20.5295,20.617,20.6318,20.6809,19.6588,19.6749,19.7732,20.3827,20.5416,20.5738,19.8769,19.9752,19.5726,20.4269,20.0866,20.2431,21.1309,21.4157,21.9365,19.59,19.5849,19.8428,20.6642,21.2411,20.2356,19.7964,20.008,20.1852,19.9932,20.0799,20.0277,20.3972,20.4976,20.8388,20.0956,20.2757,20.3805,21.0399,21.5228,20.772,20.1457,20.4401,20.3697,20.5558,20.0121,20.2897,20.6941,20.8975,21.0894
411,2:41:15 PM,19.7883,19.758,19.7841,20.3067,20.3067,20.4232,20.5044,20.6711,20.6182,20.5569,20.6025,20.575,20.3233,20.3993,20.4041,20.5706,20.6621,20.6156,20.9338,21.2043,20.9152,20.5145,20.5989,20.5877,20.4556,20.0423,20.1328,19.9696,20.0113,20.0739,20.4539,20.5552,20.7464,21.0884,21.1022,20.83,20.5372,20.5562,20.4361,20.8354,20.7022,20.7127,21.0548,21.1695,21.5044,20.8548,21.0146,20.9614,20.5482,20.7526,20.1762,19.6654,19.6731,19.7397,20.5369,20.2392,20.5087,20.7915,20.9118,21.1028,20.4159,20.3822,20.3142,20.7874,21.1449,20.8519,20.3098,20.1851,20.3922,20.8766,20.331,20.5309,20.6423,20.6619,20.6887,19.6806,19.7142,19.7931,20.4667,20.5205,20.5838,19.8219,20.0927,19.5667,20.2983,20.1398,20.3048,21.1085,21.3989,22.0124,19.5085,19.5508,19.8255,20.7386,21.2507,20.2712,19.9019,20.0904,20.188,20.0175,20.0444,20.0304,20.3965,20.477,20.7421,20.0602,20.2257,20.2891,21.0495,21.5203,20.7348,20.1046,20.4729,20.3596,20.5525,20.1075,20.2561,20.7321,20.8477,21.0535
412,2:41:35 PM,19.7945,19.7969,19.6909,20.2845,20.3598,20.5277,20.4836,20.6483,20.672,20.5589,20.5745,20.5529,20.3032,20.3185,20.4063,20.5546,20.6633,20.681,20.8546,21.1336,20.8882,20.5084,20.5477,20.4571,20.4599,20.0516,20.0853,20.0489,19.9842,20.153,20.5007,20.5586,20.7726,21.034,21.1762,20.8663,20.5139,20.5341,20.5164,20.8771,20.6973,20.7126,21.0745,21.2301,21.4421,20.9502,20.9841,20.9659,20.5842,20.7412,20.144,19.6967,19.6939,19.7538,20.4882,20.2459,20.4554,20.7675,20.8772,21.0964,20.4813,20.4392,20.3395,20.874,21.2209,20.8004,20.3026,20.2463,20.3282,20.9179,20.2903,20.562,20.6852,20.6886,20.7071,19.736,19.6057,19.7785,20.5367,20.5602,20.5045,19.9282,20.088,19.6351,20.4398,20.0952,20.2074,21.0722,21.4177,22.0463,19.5388,19.6641,19.7914,20.7679,21.3036,20.1787,19.844,20.0188,20.0772,19.9682,20.0383,20.0375,20.4146,20.4219,20.6753,19.9768,20.2672,20.3087,21.0807,21.6754,20.7414,20.315,20.4822,20.4781,20.4287,20.109,20.2571,20.7117,20.9329,21.1004
413,2:41:55 PM,19.73,19.7419,19.709,20.3551,20.3313,20.4386,20.4524,20.6614,20.6912,20.6296,20.6115,20.5637,20.2395,20.36,20.3402,20.5874,20.6621,20.672,20.9153,21.1287,20.8242,20.4959,20.6615,20.4618,20.4742,20.0636,20.0714,19.9488,19.886,20.1658,20.5342,20.5882,20.7335,20.9764,21.1699,20.8442,20.5148,20.5686,20.3785,20.6633,20.6781,20.6959,21.0754,21.1884,21.4437,20.8975,21.0516,20.9258,20.4611,20.752,20.1535,19.7398,19.7588,19.7853,20.5183,20.3088,20.4049,20.8472,20.8277,20.98,20.4778,20.4471,20.3108,20.823,21.3611,20.881,20.3514,20.236,20.3516,20.9525,20.4551,20.4994,20.7686,20.6895,20.6918,19.7427,19.6592,19.8033,20.4344,20.5112,20.6021,19.7607,20.0408,19.7292,20.4186,20.0928,20.2371,21.1694,21.4699,22.0472,19.6061,19.5732,19.6052,20.7052,21.3131,20.15,19.7954,19.9863,20.0376,19.983,20.0595,20.0421,20.4082,20.317,20.545,20.0396,20.2067,20.271,21.0562,21.7993,20.629,20.264,20.4534,20.4953,20.4359,20.0244,20.2369,20.7005,20.9812,21.0562
414,2:42:15 PM,19.7698,19.8381,19.7705,20.2857,20.3525,20.5045,20.5083,20.6946,20.8371,20.7097,20.5748,20.5689,20.2356,20.3415,20.3832,20.6803,20.7142,20.6504,20.8475,21.1812,20.8326,20.5505,20.6291,20.4737,20.4969,20.0541,20.1216,19.894,19.9221,20.124,20.5931,20.5461,20.7835,20.9974,21.1732,20.8664,20.5243,20.484,20.4352,20.7081,20.7077,20.7233,21.0806,21.1277,21.4409,20.9018,20.9953,20.9564,20.4787,20.7977,20.1531,19.7278,19.7068,19.7125,20.4955,20.3486,20.4277,20.7532,20.9492,20.9622,20.4213,20.4513,20.308,20.8669,21.4149,20.8086,20.3639,20.2736,20.4176,21.0391,20.3264,20.4866,20.6907,20.7041,20.7671,19.7469,19.674,19.7734,20.3127,20.5255,20.5231,19.7273,19.9309,19.6516,20.5686,20.0487,20.3042,21.0842,21.3241,21.9005,19.5365,19.4711,19.6366,20.7479,21.2869,20.2326,19.7537,19.9997,20.045,20.2145,20.0814,20.057,20.3492,20.3994,21.0193,20.0734,20.2613,20.3104,21.1052,22.0488,20.7485,20.2728,20.4084,20.4298,20.5099,20.012,20.2946,20.6559,20.9782,21.0078
415,2:42:35 PM,19.8132,19.8467,19.7603,20.1943,20.3239,20.4724,20.5313,20.6311,20.7549,20.6968,20.5271,20.5386,20.3396,20.3893,20.4317,20.6984,20.646,20.5861,20.8888,21.1734,20.8636,20.5374,20.5937,20.4934,20.5369,20.0527,20.1732,19.8632,19.9387,20.0286,20.7258,20.5129,20.7556,20.9484,21.1677,20.8474,20.5257,20.5402,20.4298,20.6994,20.6886,20.7469,21.052,21.1763,21.4029,20.8754,21.035,21.02,20.5266,20.7105,20.1668,19.7141,19.702,19.7118,20.5281,20.2098,20.3867,20.8027,20.8978,21.0281,20.4355,20.4334,20.2218,20.8783,21.379,20.885,20.3162,20.282,20.3999,20.999,20.3064,20.456,20.7713,20.621,20.804,19.6272,19.649,19.7198,20.4045,20.4946,20.5035,19.7919,20.0237,19.6023,20.5168,20.084,20.2269,21.0732,21.1557,21.9877,19.5848,19.5523,19.6051,20.7712,21.3645,20.1707,19.8934,19.9544,19.9035,20.2684,20.0106,19.9586,20.4096,20.3762,21.0001,20.0229,20.2449,20.3631,21.1281,21.9082,20.786,20.2531,20.4244,20.4521,20.5736,19.9349,20.2469,20.7834,20.8773,20.9586
416,2:42:55 PM,19.9053,19.7885,19.7631,20.207,20.2927,20.4483,20.5107,20.5561,20.6915,20.7561,20.5144,20.5697,20.4751,20.4676,20.5298,20.6615,20.6813,20.6394,20.8565,21.2034,20.874,20.6225,20.5782,20.4851,20.5467,20.0349,20.1359,19.9365,19.8906,20.0074,20.7172,20.5416,20.666,20.9086,21.1017,20.885,20.5816,20.5915,20.6081,20.7915,20.7831,20.7388,21.0696,21.2499,21.4657,20.9763,21.0513,20.9379,20.511,20.7644,20.144,19.7259,19.7022,19.6201,20.5204,20.1559,20.4085,20.8379,20.8704,20.9474,20.5183,20.4777,20.325,20.8818,21.2231,20.8818,20.3254,20.2182,20.376,21.0223,20.1441,20.5794,20.7939,20.7453,20.7492,19.5816,19.575,19.6959,20.3087,20.5247,20.5279,19.8393,19.9625,19.5363,20.4809,20.034,20.2318,20.9143,21.0723,21.9255,19.622,19.5639,19.5683,20.7267,21.4265,20.236,19.7846,19.874,19.9276,20.3017,20.0892,20.0322,20.4062,20.417,21.0777,19.9732,20.2215,20.3965,21.2243,21.9712,20.8063,20.2672,20.3783,20.416,20.5948,19.9678,20.2024,20.636,20.792,20.9841
417,2:43:15 PM,19.8823,19.7549,19.7386,20.1974,20.314,20.3595,20.4408,20.5516,20.7374,20.7079,20.612,20.596,20.465,20.5292,20.5479,20.68,20.7094,20.6836,20.8613,21.2731,20.8937,20.6492,20.5645,20.5398,20.5312,20.0555,20.0782,19.9207,19.8987,20.0526,20.6786,20.5249,20.6168,20.9115,21.0989,20.8773,20.5388,20.6265,20.656,20.6451,20.8011,20.766,21.0712,21.2484,21.4252,20.9501,21.092,20.9731,20.5357,20.7211,20.0795,19.7317,19.7077,19.6303,20.497,20.2061,20.409,20.7582,20.8565,20.9835,20.5223,20.4246,20.3572,20.9049,21.1472,20.7934,20.3607,20.2361,20.4265,21.0125,20.1692,20.608,20.778,20.7178,20.7058,19.6602,19.6262,19.7152,20.3317,20.517,20.5151,19.799,20.0688,19.5448,20.475,20.0983,20.2236,20.9754,21.2023,22.0138,19.5867,19.6159,19.6276,20.7173,21.4881,20.2642,19.7838,19.8553,19.8614,20.0661,20.041,20.005,20.4108,20.3733,20.7753,20.0785,20.2352,20.2904,21.0769,21.7673,20.8254,20.2817,20.4268,20.3266,20.6292,19.9416,20.1511,20.5582,20.6702,21.0693
418,2:43:35 PM,19.7834,19.7561,19.7478,20.195,20.3224,20.4133,20.4217,20.5553,20.6902,20.6646,20.6046,20.5594,20.4321,20.5117,20.5168,20.5867,20.6886,20.6328,20.8635,21.1346,20.8716,20.5887,20.5384,20.5823,20.4597,20.0515,20.1219,19.98,19.8832,20.0763,20.5769,20.5303,20.6243,20.9399,21.1745,20.9159,20.6434,20.6316,20.6517,20.7283,20.8762,20.7908,21.1101,21.3096,21.3821,20.9942,21.0418,20.9481,20.6167,20.6798,20.1699,19.7043,19.6508,19.6173,20.5141,20.2151,20.4357,20.7879,20.8685,21.0986,20.5105,20.3717,20.2788,20.9798,21.2185,20.8217,20.3276,20.2649,20.3907,20.89,20.1854,20.6318,20.7853,20.7464,20.7576,19.6927,19.6658,19.6688,20.2589,20.5181,20.5369,19.7111,19.828,19.6539,20.4888,20.1404,20.2343,20.9271,21.2411,21.9335,19.6622,19.6139,19.5478,20.6192,21.3814,20.2058,19.6717,19.9111,19.9409,19.8799,20.0565,19.9714,20.3905,20.3893,20.6661,20.0653,20.3076,20.2955,21.0426,21.9675,20.7826,20.274,20.3873,20.3599,20.5438,19.9601,20.2094,20.4455,20.6843,21.1079
419,2:43:55 PM,19.7996,19.8291,19.7638,20.2356,20.331,20.3699,20.4458,20.6058,20.6939,20.6709,20.6293,20.5244,20.3705,20.4043,20.3866,20.7435,20.7213,20.7312,20.852,21.0867,20.8268,20.5705,20.6083,20.3695,20.4217,20.0839,20.0659,19.9286,20.0066,20.1485,20.5863,20.607,20.5659,20.9383,21.1998,20.9079,20.6058,20.5519,20.5376,20.629,20.8629,20.7255,20.9787,21.1856,21.3598,21.0205,21.0232,20.9659,20.497,20.6653,20.0504,19.6606,19.6453,19.695,20.4109,20.2707,20.4581,20.789,20.8343,21.0268,20.4811,20.4256,20.2698,20.8795,21.2215,20.8301,20.2536,20.2145,20.3403,20.8758,20.3298,20.5417,20.7796,20.725,20.7328,19.6316,19.5491,19.6917,20.3479,20.5372,20.556,19.7017,19.8108,19.7153,20.3682,20.0804,20.1801,20.9213,21.2977,21.9829,19.6713,19.5348,19.5619,20.5715,21.3457,20.2211,19.8099,19.9503,19.8543,19.8879,19.9865,20.0071,20.3186,20.4062,20.6938,20.1122,20.2075,20.337,21.1107,22.0413,20.7403,20.2406,20.3392,20.4166,20.4494,20.0202,20.1717,20.5011,20.7139,21.1408
420,2:44:15 PM,19.8115,19.8508,19.7213,20.2176,20.3404,20.4221,20.4226,20.6393,20.7361,20.7081,20.5214,20.549,20.3741,20.3773,20.3071,20.6714,20.7038,20.5964,20.8937,21.0353,20.8555,20.4962,20.4992,20.3246,20.4439,20.1214,20.0949,19.8652,19.8851,20.083,20.5618,20.6236,20.7393,20.9659,21.097,20.8745,20.57,20.4835,20.4543,20.5532,20.7342,20.7792,21.0085,21.15,21.306,20.9073,21.0325,20.9371,20.5336,20.6627,20.1377,19.7002,19.7397,19.6794,20.4493,20.1523,20.4723,20.8159,20.8413,20.9663,20.5475,20.3461,20.3751,20.812,21.1635,20.8218,20.3154,20.256,20.3975,20.8712,20.3813,20.603,20.7905,20.7174,20.7393,19.7318,19.5902,19.683,20.3609,20.5129,20.5707,19.6362,19.8967,19.6323,20.4239,20.1459,20.2153,20.9629,21.1476,21.7656,19.5499,19.5542,19.5977,20.6386,21.265,20.199,19.8263,20.0363,19.9875,19.9055,20.032,19.9882,20.3487,20.3663,20.8786,20.0449,20.2012,20.3295,21.3778,22.1081,20.754,20.1929,20.338,20.527,20.3688,20.0004,20.1875,20.6127,20.6727,21.0262
421,2:44:35 PM,19.9383,19.9208,19.8107,20.2448,20.3323,20.387,20.432,20.6809,20.7431,20.7162,20.6037,20.5332,20.351,20.3868,20.2759,20.6299,20.6494,20.5792,20.8585,21.0812,20.8259,20.4258,20.5716,20.4992,20.4105,20.0979,20.1264,19.8595,19.9402,20.0752,20.6088,20.6073,20.7788,20.9354,21.1136,20.8514,20.5858,20.5481,20.4649,20.4097,20.7559,20.8184,20.946,21.1386,21.3727,20.8939,21.0593,20.993,20.5385,20.6652,20.1541,19.6961,19.6797,19.7555,20.4691,20.1662,20.4141,20.7854,20.8536,20.9634,20.5511,20.3911,20.3908,20.7927,21.1563,20.8503,20.3535,20.2052,20.411,20.8939,20.2774,20.5067,20.7246,20.7179,20.8051,19.693,19.602,19.7126,20.4171,20.4928,20.5585,19.7159,20.0727,19.6924,20.3853,20.0618,20.2345,21.0277,21.2094,21.9244,19.5917,19.6005,19.6276,20.6229,21.2563,20.1887,19.7188,20.0514,19.8506,19.8932,20.0425,19.996,20.3445,20.4556,20.976,20.0306,20.2305,20.2485,21.3122,21.7579,20.7644,20.2444,20.3291,20.491,20.5348,20.0244,20.2236,20.8174,20.7718,21.095
422,2:44:55 PM,19.8552,19.9095,19.929,20.1995,20.3029,20.3607,20.4636,20.6659,20.7904,20.6863,20.5689,20.4437,20.3162,20.3468,20.2864,20.6466,20.7511,20.6361,20.8067,21.1207,20.8083,20.4706,20.5358,20.5409,20.4631,20.1138,20.2045,19.9362,20.0057,20.0466,20.6562,20.6485,20.8181,20.9134,21.0901,20.7614,20.6003,20.5288,20.4805,20.5899,20.7544,20.7347,20.9499,21.2504,21.2738,20.8686,21.0487,20.9373,20.4732,20.6096,20.1971,19.766,19.714,19.672,20.5024,20.2241,20.4527,20.8389,20.8668,21.0092,20.4777,20.3504,20.3328,20.814,21.1576,20.775,20.2555,20.2252,20.4027,20.8664,20.0715,20.5288,20.6931,20.7328,20.8197,19.6877,19.6597,19.7064,20.317,20.4897,20.494,19.6613,20.1153,19.7768,20.44,20.1472,20.2778,21.1846,21.3299,21.9627,19.5178,19.5409,19.4869,20.6482,21.1834,20.1386,19.7587,19.9733,19.9688,19.7784,19.9984,19.9953,20.368,20.4211,21.0401,20.0787,20.311,20.2444,21.2403,21.5816,20.7326,20.3844,20.3587,20.5049,20.528,20.0047,20.224,20.7301,20.9145,21.0719
423,2:45:15 PM,19.9415,19.9199,19.8873,20.1743,20.3257,20.4092,20.4703,20.661,20.8007,20.6826,20.5448,20.4472,20.3467,20.3669,20.2777,20.621,20.7286,20.6677,20.8311,21.0976,20.7986,20.4143,20.5432,20.4403,20.4811,20.0703,20.114,19.9679,19.9463,20.0784,20.6487,20.5671,20.7232,20.98,21.0851,20.8253,20.579,20.5778,20.4812,20.6697,20.7398,20.7285,20.9911,21.2075,21.2879,20.9053,20.9905,21.0142,20.4634,20.6409,20.1389,19.6815,19.6682,19.7163,20.5634,20.2117,20.4591,20.7843,20.8854,21.121,20.4136,20.3896,20.2837,20.8924,21.3263,20.817,20.244,20.2329,20.3226,20.7999,20.0025,20.5236,20.6771,20.6759,20.7759,19.7018,19.6575,19.6643,20.2872,20.5155,20.5836,19.7578,20.193,19.7335,20.548,20.0613,20.168,21.1955,21.4721,21.9035,19.608,19.586,19.4273,20.6357,21.1463,20.1456,19.6676,20.0141,19.9982,20.0829,19.9975,20.0485,20.3717,20.5014,20.8031,20.1159,20.2466,20.2818,21.0739,21.5458,20.729,20.4146,20.3746,20.402,20.5263,20.0793,20.2611,20.6632,20.891,21.058
424,2:45:35 PM,19.8741,19.8142,19.7909,20.2295,20.2782,20.3825,20.4323,20.683,20.69,20.7227,20.5626,20.5005,20.3433,20.4929,20.4742,20.5903,20.7555,20.6196,20.8429,21.1833,20.8197,20.5374,20.5636,20.4634,20.5029,20.0515,20.1053,19.8971,19.9134,20.0607,20.6315,20.6365,20.6834,20.8593,21.096,20.8015,20.574,20.5377,20.4905,20.8221,20.704,20.668,21.0559,21.2269,21.3833,20.8862,21.0298,20.9593,20.4976,20.7286,20.0921,19.6897,19.6444,19.6047,20.4962,20.2315,20.4618,20.7044,20.8416,21.0023,20.3851,20.3293,20.212,20.8647,21.3017,20.7861,20.2859,20.169,20.3592,20.8515,20.0585,20.5129,20.6616,20.6916,20.7371,19.6455,19.6407,19.6974,20.3263,20.5225,20.5515,19.7529,20.0531,19.7978,20.5778,19.9583,20.1166,21.1344,21.4516,21.8543,19.5374,19.4987,19.5301,20.5793,21.1018,20.1431,19.7519,20.0608,20.0722,20.1975,20.0157,19.983,20.4036,20.4513,20.9166,20.1539,20.2828,20.2388,21.2813,21.7596,20.7874,20.2209,20.3457,20.4052,20.3612,19.9651,20.2577,20.6014,20.8298,21.0992
425,2:45:55 PM,19.8105,19.768,19.763,20.18,20.3019,20.3178,20.4295,20.6382,20.6784,20.6806,20.6036,20.6647,20.4036,20.4989,20.5185,20.6533,20.7256,20.7105,20.8662,21.2324,20.7752,20.4876,20.5663,20.4973,20.474,20.068,20.0559,19.8422,19.8342,20.1303,20.6567,20.5309,20.6958,20.7546,21.2276,20.8578,20.5391,20.5556,20.4874,20.8584,20.7872,20.6466,21.0366,21.1538,21.4165,20.843,20.9995,20.9915,20.4903,20.6788,20.1397,19.5949,19.6109,19.6405,20.5117,20.179,20.3334,20.733,20.8177,20.9382,20.3985,20.3264,20.261,20.9134,21.3445,20.8308,20.2662,20.2399,20.3215,20.8092,20.0205,20.5133,20.6979,20.7317,20.8241,19.5825,19.6221,19.7301,20.244,20.5153,20.5746,19.7494,20.1142,19.7039,20.6354,20.0524,20.0982,21.0704,21.5419,21.813,19.5106,19.5111,19.62,20.6747,21.2355,20.1788,19.6888,20.0684,20.0276,20.2031,20.01,19.9992,20.3067,20.3921,21.0191,20.0224,20.2594,20.2937,21.2674,21.892,20.7231,20.1615,20.3638,20.4102,20.3437,19.9128,20.13,20.5389,20.6954,21.016
426,2:46:15 PM,19.8501,19.8072,19.8269,20.1623,20.2369,20.3268,20.3748,20.5036,20.5587,20.7074,20.5393,20.6229,20.4555,20.6051,20.7359,20.6454,20.7177,20.6719,20.8997,21.2243,20.7909,20.5933,20.6318,20.6734,20.525,19.9262,20.0492,19.7616,19.8201,20.1393,20.653,20.5337,20.6115,20.7577,21.1772,20.8267,20.5755,20.5747,20.7208,21.137,20.7753,20.6652,21.062,21.204,21.3271,20.928,20.9929,20.9285,20.5318,20.6319,20.0756,19.6192,19.6229,19.5608,20.4997,20.1639,20.4012,20.7062,20.7322,21.0467,20.3139,20.3138,20.3026,20.9212,21.3475,20.8009,20.2846,20.1672,20.3635,20.8631,20.1626,20.5174,20.6275,20.6312,20.8692,19.634,19.6143,19.6688,20.2564,20.4336,20.5636,19.7024,20.1435,19.6548,20.6654,20.0203,20.1166,20.985,21.4021,21.9436,19.4976,19.4781,19.6564,20.6031,21.2545,20.0698,19.8064,20.0382,20.0873,19.979,20.0029,19.9629,20.2503,20.3806,21.0961,20.0082,20.1537,20.2269,21.2408,21.9735,20.7366,20.0972,20.2937,20.4513,20.3033,19.8726,20.083,20.5903,20.7564,20.9291
427,2:46:35 PM,19.8009,19.8445,19.7883,20.078,20.2742,20.3876,20.3795,20.4484,20.5399,20.6482,20.4549,20.6061,20.4802,20.5752,20.7593,20.6255,20.7406,20.6391,20.8888,21.2008,20.7586,20.5474,20.6084,20.7068,20.5687,20.0564,20.0134,19.8571,19.8388,20.1011,20.7168,20.506,20.5616,20.8353,21.2326,20.8335,20.5522,20.6138,20.6907,20.9116,20.735,20.7159,21.0365,21.24,21.4035,20.9591,21.0139,20.9626,20.4914,20.721,20.1074,19.5713,19.6679,19.6821,20.4382,20.098,20.3963,20.7459,20.7921,21.1879,20.3537,20.3287,20.3127,20.9061,21.3379,20.7252,20.233,20.1979,20.3402,20.854,20.2112,20.586,20.6702,20.6789,20.8971,19.6693,19.7291,19.7471,20.2847,20.4159,20.5812,19.7496,20.1121,19.6886,20.6438,20.0523,20.1602,20.9687,21.3021,21.9058,19.5775,19.5529,19.571,20.635,21.2683,20.05,19.6586,20.0302,20.0857,19.9311,19.9997,19.9966,20.3825,20.3833,20.9513,20.0695,20.151,20.234,21.1064,21.8984,20.7942,20.1495,20.3481,20.4488,20.3304,19.9304,20.1088,20.5767,20.7568,21.0252
428,2:46:55 PM,19.7752,19.9308,19.7734,20.2099,20.3026,20.3164,20.3343,20.4664,20.5424,20.561,20.4903,20.5021,20.3824,20.5441,20.7852,20.5844,20.7217,20.6661,20.9072,21.2511,20.7995,20.5811,20.5951,20.5919,20.5484,20.0155,20.0704,19.9243,19.9884,20.0844,20.6687,20.4845,20.5179,20.9025,21.1487,20.8208,20.5614,20.5982,20.6647,20.8649,20.7703,20.6658,21.1452,21.2263,21.4029,20.9449,21.0156,20.9325,20.4728,20.6797,20.1579,19.5982,19.7001,19.6075,20.4439,20.1129,20.3701,20.7168,20.8351,21.3143,20.3285,20.3034,20.3231,20.8981,21.3015,20.7897,20.2455,20.1992,20.3064,20.9036,20.3661,20.6057,20.6282,20.6578,20.9503,19.6833,19.6928,19.664,20.3745,20.493,20.5477,19.8267,20.054,19.7593,20.7275,19.9838,20.1145,20.8963,21.2194,21.8237,19.5104,19.4579,19.6062,20.6163,21.2378,20.1288,19.748,19.9808,20.0202,19.9881,19.9694,19.9789,20.3624,20.3651,20.8526,20.1111,20.2042,20.2254,21.1575,21.7284,20.713,20.3137,20.4042,20.4168,20.3355,20.0054,20.1162,20.6748,20.8659,21.0914
429,2:47:15 PM,19.8181,19.7955,19.7582,20.2417,20.2372,20.3335,20.4449,20.5682,20.6162,20.4966,20.4595,20.4646,20.3803,20.4184,20.6539,20.6154,20.6602,20.6241,20.8705,21.2557,20.8327,20.4866,20.5843,20.5452,20.6116,20.0475,20.0745,19.9859,20.0475,20.2192,20.6582,20.5248,20.542,20.9124,21.1257,20.8234,20.5362,20.5856,20.4816,20.7126,20.7182,20.7267,21.0271,21.1982,21.4017,20.9506,21.0841,20.9693,20.5413,20.6456,20.1859,19.6278,19.7109,19.6308,20.4301,20.0809,20.4331,20.6948,20.8158,21.2943,20.4417,20.3292,20.3021,20.8541,21.3588,20.7832,20.2743,20.1755,20.4141,20.8091,20.2345,20.5837,20.7276,20.6342,20.9385,19.6546,19.6971,19.7505,20.3517,20.4983,20.5427,19.7507,19.9468,19.7451,20.6785,20.0613,20.237,20.7808,21.1732,21.694,19.4869,19.5256,19.5932,20.5888,21.216,20.0807,19.8121,20.1125,20.0341,20.1551,19.9991,19.9387,20.3285,20.3866,20.7673,20.1683,20.2956,20.283,21.0718,21.6034,20.7739,20.2141,20.3687,20.3721,20.3736,19.9201,20.1387,20.6662,20.8909,21.123
430,2:47:35 PM,19.7778,19.7497,19.6974,20.2721,20.2802,20.3561,20.411,20.5987,20.5708,20.525,20.4679,20.4286,20.316,20.4306,20.5952,20.5981,20.6306,20.644,20.9008,21.2328,20.8319,20.419,20.6354,20.5364,20.6395,20.0577,20.0406,20.0567,19.9675,20.1645,20.6347,20.4848,20.5809,21.0185,21.1514,20.861,20.5106,20.5175,20.5379,20.7353,20.7444,20.6704,21.0821,21.2436,21.4372,20.9397,21.0,20.901,20.5393,20.717,20.0964,19.5658,19.67,19.7211,20.5007,20.0195,20.3841,20.7289,20.7902,21.1993,20.4971,20.4204,20.3323,20.8479,21.3356,20.8598,20.2249,20.1852,20.3507,20.8471,20.3093,20.5752,20.5956,20.6135,20.9209,19.6299,19.6575,19.7182,20.3416,20.4985,20.5452,19.7275,20.0193,19.68,20.8013,20.0365,20.2074,20.8033,21.2536,21.9127,19.5316,19.4811,19.6212,20.6392,21.1967,20.1448,19.8255,20.0501,20.0637,20.1541,20.0611,19.9767,20.3717,20.4154,20.8628,20.1058,20.2272,20.3692,21.0886,21.7383,20.6617,20.2681,20.3252,20.3481,20.3158,19.7712,20.0925,20.5832,20.8108,20.9601
431,2:47:55 PM,19.7193,19.799,19.8122,20.2946,20.3452,20.3787,20.4577,20.5788,20.686,20.5389,20.55,20.464,20.3506,20.4091,20.557,20.6103,20.5907,20.6514,20.9273,21.3166,20.7793,20.5995,20.6535,20.5487,20.5965,19.9794,20.0954,20.0093,20.0881,20.1307,20.6225,20.5535,20.6029,20.9512,21.2169,20.8374,20.5105,20.5207,20.5063,20.7889,20.7065,20.6068,21.0184,21.2437,21.5291,20.9386,21.0128,20.9307,20.5399,20.7427,20.0701,19.5406,19.6391,19.6932,20.4508,20.0891,20.4181,20.7918,20.7834,21.1073,20.4386,20.4051,20.2441,20.8528,21.4408,20.8422,20.2283,20.1998,20.2843,20.9162,20.1227,20.6007,20.6919,20.6454,20.9094,19.6741,19.6346,19.7167,20.2233,20.5204,20.4978,19.7575,19.956,19.673,20.7906,20.0314,20.1804,20.7951,21.2272,21.7122,19.5181,19.4853,19.59,20.6117,21.2091,20.1145,19.8179,20.0777,19.9561,20.2574,20.015,20.0532,20.4016,20.4101,20.9083,20.0803,20.2499,20.3313,21.0852,21.8232,20.6679,20.182,20.3117,20.4124,20.3481,19.7343,20.1224,20.555,20.7968,20.9388
432,2:48:15 PM,19.8473,19.7864,19.7956,20.2638,20.346,20.3325,20.405,20.6499,20.6408,20.5171,20.5315,20.4842,20.2995,20.3765,20.5175,20.6355,20.6641,20.6453,20.8893,21.2123,20.8352,20.6606,20.6265,20.5206,20.6191,20.0465,20.1178,19.9531,20.0818,20.1901,20.6439,20.5492,20.6502,21.0382,21.2522,20.8743,20.5697,20.5625,20.6174,20.8158,20.6755,20.6979,21.0662,21.2467,21.468,20.8976,20.9924,20.9579,20.552,20.8461,20.0542,19.5775,19.6503,19.7319,20.4559,20.1226,20.3645,20.7315,20.8739,21.1451,20.5151,20.3857,20.3273,20.8798,21.2942,20.8508,20.3133,20.1904,20.3595,20.9494,20.0915,20.5284,20.7142,20.7104,20.8447,19.6382,19.6038,19.7339,20.2491,20.5044,20.4757,19.6979,19.9195,19.7239,20.736,20.1073,20.1948,20.9298,21.2528,21.7497,19.4944,19.5455,19.6059,20.612,21.2795,20.1418,19.8436,19.9544,20.0093,20.1088,20.0412,19.9975,20.3782,20.4819,20.9046,20.0657,20.2114,20.34,21.058,21.8709,20.6816,20.1195,20.3025,20.3853,20.1666,19.7092,20.127,20.6217,20.7406,21.0571
433,2:48:35 PM,19.8277,19.7991,19.9517,20.372,20.4357,20.3811,20.5991,20.688,20.6114,20.4871,20.4773,20.5053,20.3186,20.4512,20.6091,20.5884,20.7204,20.6144,20.8297,21.1935,20.7869,20.6064,20.6016,20.4446,20.5707,20.0754,20.0779,19.9528,20.2014,20.1471,20.6557,20.6483,20.6442,20.9618,21.2291,20.8167,20.556,20.5228,20.5949,20.8257,20.7032,20.6713,21.0424,21.202,21.4509,20.8983,20.9199,20.9573,20.5176,20.7695,20.0932,19.6133,19.6749,19.6963,20.4791,20.2528,20.4014,20.721,20.8719,21.2029,20.5373,20.3512,20.3235,20.8969,21.3156,20.8576,20.2822,20.2336,20.3112,20.9122,20.1758,20.4789,20.7034,20.6356,20.9015,19.6487,19.7234,19.7292,20.2104,20.5225,20.4724,19.6886,19.9816,19.7211,20.5458,20.1464,20.2067,20.9193,21.1954,21.6189,19.4913,19.4888,19.6504,20.6131,21.2647,20.1066,19.9285,19.9619,20.0193,20.167,20.0197,20.0004,20.3988,20.4595,20.9797,20.0265,20.0917,20.2617,21.0661,21.7315,20.6793,20.2186,20.2946,20.3623,20.2654,19.8816,20.1064,20.561,20.6951,21.025
434,2:48:55 PM,19.7552,19.7772,19.9307,20.3711,20.3772,20.3946,20.5654,20.6578,20.5354,20.5188,20.4975,20.4355,20.272,20.3323,20.605,20.6012,20.6676,20.598,20.9175,21.189,20.7975,20.5592,20.6042,20.637,20.6315,20.0062,20.1064,19.9253,20.2279,20.1104,20.6925,20.5946,20.6525,20.9855,21.2465,20.8187,20.6081,20.5457,20.5127,20.6352,20.7853,20.7331,21.0633,21.204,21.3859,20.8897,21.0138,20.874,20.4802,20.8079,20.1374,19.601,19.5781,19.7223,20.5316,20.1799,20.434,20.7161,20.9318,21.26,20.4787,20.3684,20.3035,20.8156,21.2946,20.8811,20.2943,20.2057,20.3495,20.9573,20.2027,20.5183,20.7172,20.6193,20.7717,19.6886,19.6082,19.7781,20.2907,20.4183,20.5089,19.6712,19.8455,19.7111,20.5857,20.0934,20.2022,20.9563,21.0674,21.7577,19.5397,19.4586,19.6122,20.6092,21.2234,20.1645,19.8466,19.9869,20.0962,19.9976,20.0122,20.0158,20.3728,20.4075,20.8913,20.0745,20.1614,20.2491,21.0988,21.9558,20.7423,20.2304,20.3376,20.4275,20.0899,19.9374,20.1141,20.602,20.6704,20.9119
435,2:49:15 PM,19.7598,19.7114,19.8364,20.2307,20.3775,20.4251,20.6297,20.6884,20.6515,20.5493,20.5575,20.4466,20.3296,20.3318,20.6735,20.5993,20.6764,20.6777,20.958,21.2219,20.7616,20.5303,20.5843,20.5882,20.6867,20.0286,20.0988,19.9376,20.122,20.137,20.6331,20.6495,20.6745,20.9997,21.1863,20.7842,20.5294,20.4362,20.4639,20.6071,20.6316,20.6974,21.0697,21.1976,21.3938,20.898,20.9753,20.9355,20.5286,20.783,20.0846,19.5698,19.6311,19.6635,20.4563,20.1698,20.3846,20.727,20.8431,21.0928,20.4628,20.3887,20.3043,20.8281,21.2728,20.7872,20.2708,20.183,20.3185,20.9566,20.1602,20.4287,20.6964,20.5938,20.843,19.6232,19.5508,19.7094,20.2017,20.4656,20.5062,19.6717,19.8292,19.6472,20.5585,20.0615,20.2067,20.9124,20.9501,21.7275,19.5773,19.4762,19.5195,20.5821,21.1982,20.0799,19.8323,19.9764,20.1199,20.0113,20.0111,20.035,20.403,20.4215,21.0707,20.0757,20.2531,20.3111,21.0451,21.9666,20.7285,20.3021,20.3735,20.3835,20.1269,20.0039,20.2165,20.5858,20.6672,20.9443
436,2:49:35 PM,19.8027,19.742,19.7782,20.2596,20.4199,20.4067,20.5122,20.7504,20.6763,20.5609,20.4564,20.4624,20.281,20.2607,20.5294,20.6029,20.6194,20.6568,20.8933,21.2529,20.7223,20.5427,20.6241,20.6814,20.6486,20.1322,20.1406,19.9487,20.0069,20.1699,20.6047,20.5976,20.6741,21.0355,21.2281,20.8051,20.5087,20.4795,20.4535,20.5368,20.6683,20.7291,21.0469,21.1622,21.4259,20.8996,21.0171,20.9324,20.5364,20.7869,20.0468,19.6964,19.6633,19.7387,20.4431,20.1893,20.4099,20.8199,20.8932,21.1727,20.4539,20.3539,20.3464,20.8033,21.4576,20.7526,20.2699,20.1875,20.2976,20.9446,20.1558,20.3469,20.6831,20.6562,20.8748,19.599,19.6088,19.7161,20.2566,20.4915,20.585,19.6586,19.8967,19.6928,20.4467,20.1296,20.132,20.8787,20.9719,21.8636,19.5234,19.4926,19.564,20.5135,21.1921,20.0472,19.7768,19.9502,20.0736,20.1031,20.0274,19.9737,20.329,20.4698,21.2979,20.1607,20.2144,20.2826,20.9508,21.9468,20.7699,20.3099,20.3544,20.3884,20.0292,19.9142,20.1881,20.6427,20.7,20.8908
437,2:49:55 PM,19.7517,19.8202,19.7914,20.2389,20.4383,20.3809,20.4512,20.6102,20.6608,20.5665,20.5435,20.493,20.3292,20.3234,20.4612,20.5813,20.6427,20.6703,20.9143,21.2462,20.7835,20.6095,20.5882,20.5967,20.6768,20.1383,20.1928,20.006,20.0215,20.1218,20.6486,20.5693,20.6954,20.9491,21.1628,20.793,20.5765,20.5328,20.479,20.5816,20.6566,20.7491,20.9611,21.1154,21.4767,20.9433,20.9776,20.8929,20.5216,20.7661,20.0931,19.5994,19.6963,19.7243,20.4435,20.1372,20.3539,20.7982,20.9042,21.0587,20.3455,20.3072,20.2345,20.8284,21.4622,20.7158,20.2326,20.2704,20.3739,20.9827,20.1489,20.3356,20.5449,20.6039,21.0059,19.6591,19.5854,19.7192,20.2198,20.4928,20.5172,19.6282,19.8887,19.5479,20.4487,20.0739,20.1289,20.8462,21.0155,21.9572,19.5389,19.4883,19.5142,20.5367,21.2943,20.0172,19.8115,20.0563,19.9554,20.0547,19.9935,20.0611,20.2921,20.4663,21.4804,20.0648,20.1802,20.3097,21.0028,21.8846,20.8036,20.4117,20.3482,20.4191,20.1305,19.9344,20.1791,20.6169,20.7825,21.0623
438,2:50:15 PM,19.8253,19.823,19.7867,20.2595,20.407,20.3889,20.3856,20.5397,20.5323,20.587,20.5013,20.4674,20.3507,20.4331,20.5013,20.5784,20.6479,20.6379,20.9156,21.2522,20.7767,20.4815,20.5453,20.6146,20.6884,20.1739,20.1529,20.0074,20.0313,20.2258,20.6944,20.5175,20.6529,20.8832,21.2097,20.7881,20.5096,20.5267,20.5066,20.7017,20.7043,20.6955,20.9664,21.1314,21.542,20.9305,20.9632,20.8968,20.4984,20.8171,20.0722,19.6516,19.6244,19.6961,20.4465,20.0491,20.3184,20.7495,20.8672,21.0891,20.3271,20.3564,20.2959,20.8315,21.3781,20.7619,20.2115,20.2522,20.3869,20.9092,20.2845,20.3956,20.6792,20.6713,20.9746,19.6486,19.5709,19.758,20.2953,20.527,20.5361,19.6702,19.9016,19.5881,20.5361,19.9847,20.0514,20.8892,20.9764,22.0907,19.524,19.4638,19.7006,20.513,21.2944,20.0614,19.8374,20.0365,20.0018,19.9587,20.0484,20.0097,20.4078,20.4374,21.3559,20.0844,20.1665,20.2166,20.9802,21.9683,20.7696,20.4228,20.3949,20.3438,20.0714,19.8917,20.1314,20.5807,20.7977,21.0376
439,2:50:35 PM,19.8102,19.819,19.8159,20.2145,20.4241,20.4039,20.3653,20.5327,20.4751,20.4527,20.5279,20.511,20.4363,20.5115,20.6114,20.6193,20.6988,20.627,20.9251,21.1624,20.7854,20.4129,20.4746,20.341,20.6178,20.0403,20.0577,19.847,20.0982,20.1633,20.6133,20.4401,20.5939,20.805,21.1949,20.731,20.5761,20.6245,20.5563,20.745,20.7505,20.6479,20.9187,21.1911,21.4958,20.9663,21.0288,20.9488,20.5498,20.7845,20.0354,19.5565,19.6285,19.6604,20.4424,20.0489,20.361,20.807,20.9244,21.1385,20.3288,20.2562,20.3112,20.8593,21.2796,20.7258,20.2614,20.1638,20.3752,20.8721,20.2831,20.4481,20.7101,20.5886,20.9353,19.5673,19.5479,19.6723,20.2259,20.5329,20.5232,19.6532,19.8853,19.4893,20.4709,20.0134,20.1117,20.8228,21.0359,21.9936,19.5469,19.5417,19.5818,20.4213,21.253,20.0789,19.8289,20.0246,19.9899,19.9314,19.9819,20.0035,20.4094,20.4541,21.3178,20.0927,20.2067,20.2081,21.0562,22.1479,20.6946,20.3535,20.3735,20.3549,20.1834,19.9198,20.1683,20.6259,20.7963,21.0219
440,2:50:55 PM,19.7341,19.7741,19.7941,20.2976,20.4217,20.3884,20.3759,20.4211,20.5035,20.409,20.505,20.4923,20.36,20.4551,20.5931,20.5929,20.719,20.6655,20.9171,21.3101,20.7814,20.4464,20.4174,20.4004,20.6676,20.0409,20.0084,19.8403,20.0449,20.2476,20.6241,20.5051,20.642,20.8601,21.1703,20.7829,20.5341,20.5484,20.5503,20.7023,20.7629,20.6093,20.9642,21.142,21.5656,20.9951,20.9762,20.9401,20.5065,20.8031,20.0435,19.6057,19.6732,19.6584,20.3782,20.0306,20.3345,20.7427,20.8528,21.2164,20.3402,20.3566,20.1993,20.7827,21.4101,20.7684,20.2424,20.152,20.347,20.8257,20.2237,20.3907,20.7049,20.6833,20.9424,19.5109,19.4989,19.7095,20.245,20.4986,20.5295,19.6527,19.9649,19.538,20.519,20.0104,20.0244,20.8736,21.0205,21.9642,19.5107,19.5098,19.5281,20.3581,21.2678,20.0639,19.7568,20.0795,19.9735,20.1611,20.0137,20.0106,20.3959,20.4522,21.1884,20.133,20.1654,20.1846,20.9997,22.1283,20.6502,20.3176,20.3752,20.2907,20.0493,19.8753,20.1576,20.641,20.7567,20.927
441,2:51:15 PM,19.7264,19.7592,19.7892,20.3114,20.4213,20.3515,20.4926,20.5152,20.5361,20.432,20.5636,20.5198,20.3982,20.4759,20.5182,20.5566,20.7181,20.6264,20.9133,21.2442,20.8586,20.4103,20.442,20.4255,20.6889,19.9586,20.0091,19.8488,20.0459,20.1792,20.5593,20.472,20.5794,20.8616,21.172,20.8128,20.5049,20.5291,20.4297,20.714,20.6315,20.7656,20.9713,21.1609,21.4621,20.9388,20.9419,20.9512,20.521,20.7157,20.1269,19.6272,19.6617,19.6768,20.4235,20.0713,20.4214,20.7543,20.8672,21.1654,20.3523,20.3301,20.2691,20.799,21.4006,20.7739,20.2538,20.2092,20.3401,20.8253,20.1992,20.4098,20.6548,20.6373,20.9064,19.5984,19.5794,19.7141,20.1974,20.4589,20.4638,19.6653,19.9637,19.5834,20.5339,20.0064,20.1153,20.8349,21.0671,21.9409,19.4942,19.4726,19.5576,20.4505,21.2867,20.0557,19.7156,20.0774,19.9669,20.1541,19.9844,20.0102,20.3942,20.379,21.2216,20.0842,20.1529,20.2907,20.9175,22.0308,20.6992,20.3788,20.3051,20.3602,20.095,19.9597,20.2079,20.646,20.6853,20.8107
442,2:51:35 PM,19.7722,19.7363,19.8096,20.277,20.4447,20.3737,20.6133,20.6242,20.6426,20.3279,20.5447,20.4294,20.3466,20.3321,20.4639,20.5624,20.6154,20.609,20.9035,21.1811,20.7704,20.3979,20.5154,20.4921,20.6682,20.0225,20.1341,19.9497,20.0497,20.2346,20.5484,20.5426,20.5826,20.8828,21.0929,20.7927,20.4871,20.4956,20.4188,20.6778,20.6591,20.7135,21.0214,21.1582,21.4463,20.8464,20.9391,20.9547,20.4696,20.7485,20.1043,19.5909,19.7143,19.7121,20.393,20.1612,20.3791,20.7533,20.8513,21.1367,20.342,20.3232,20.2771,20.7998,21.3738,20.8136,20.3282,20.1759,20.3436,20.8132,20.2191,20.387,20.7174,20.5585,20.9476,19.5769,19.5677,19.6918,20.1973,20.4066,20.4652,19.6619,19.9624,19.6076,20.6473,20.1474,20.178,20.9483,21.1711,21.9457,19.5339,19.52,19.6431,20.501,21.179,20.1343,19.7402,20.077,19.9167,19.9321,19.9247,19.9538,20.3035,20.3763,20.9194,20.0172,20.1862,20.2025,20.8154,22.0049,20.8246,20.3666,20.3696,20.3464,20.145,19.9259,20.1421,20.4641,20.7566,20.8946
443,2:51:55 PM,19.7304,19.7374,19.7878,20.3224,20.4214,20.3665,20.5401,20.608,20.6275,20.3768,20.5183,20.5081,20.3505,20.3193,20.3941,20.5305,20.5726,20.5698,20.9434,21.1324,20.7213,20.4177,20.6177,20.4782,20.6402,19.9685,20.0203,19.9609,19.9635,20.074,20.5927,20.5801,20.6441,20.9939,21.0983,20.788,20.518,20.4234,20.3908,20.5436,20.6103,20.7741,21.0442,21.1537,21.4058,20.9029,21.046,20.911,20.5071,20.5711,20.0243,19.6686,19.6211,19.6989,20.4179,20.2333,20.3751,20.7734,20.8847,21.0473,20.4244,20.3478,20.295,20.802,21.3136,20.7308,20.2622,20.1627,20.297,20.8172,20.2303,20.4195,20.7057,20.646,20.9427,19.5619,19.5762,19.7375,20.2186,20.4877,20.5072,19.7338,19.8041,19.7097,20.5084,20.0108,20.2005,20.9926,21.2671,21.7905,19.5562,19.5655,19.6599,20.5783,21.1737,20.0888,19.8324,20.1268,19.9134,19.9506,19.9762,19.9535,20.3589,20.3662,20.7736,20.0554,20.1615,20.2901,20.7748,21.7161,20.7875,20.2925,20.3489,20.3413,20.193,19.9919,20.1796,20.5357,20.825,20.9909
444,2:52:15 PM,19.7896,19.7722,19.8258,20.2361,20.4173,20.4412,20.5495,20.5889,20.6364,20.4136,20.4878,20.4382,20.2311,20.2739,20.3608,20.5063,20.5884,20.6262,20.9597,21.1806,20.7371,20.408,20.4727,20.4658,20.667,19.9648,20.063,19.9536,19.9498,20.1051,20.7648,20.5567,20.6282,20.9237,21.0975,20.7495,20.5253,20.5263,20.3406,20.3854,20.6876,20.7775,21.0146,21.1456,21.3713,20.8496,21.0421,20.9418,20.4841,20.6779,20.0898,19.6435,19.6223,19.6991,20.3446,20.2946,20.3952,20.7343,20.903,21.0081,20.422,20.3722,20.2812,20.7471,21.3311,20.7629,20.3164,20.1599,20.3424,20.8643,20.2803,20.4352,20.6177,20.6136,20.9007,19.5824,19.6444,19.707,20.2766,20.459,20.472,19.6901,19.7563,19.63,20.5523,20.0642,20.1581,20.9237,21.1514,21.703,19.4719,19.5611,19.6933,20.5361,21.1814,20.1057,19.7529,19.9937,20.0013,19.826,20.0327,19.9163,20.3362,20.3478,20.7989,20.0859,20.2089,20.1516,20.8248,21.8005,20.6992,20.2432,20.3218,20.2957,20.2438,19.9092,20.1322,20.517,20.8598,21.0197
445,2:52:35 PM,19.7794,19.805,19.7484,20.1613,20.4055,20.3919,20.4812,20.6637,20.7122,20.4954,20.5063,20.4452,20.319,20.2727,20.3512,20.4994,20.5892,20.5891,20.8812,21.2505,20.7669,20.4133,20.4326,20.4953,20.571,19.9224,20.0545,19.8733,19.9122,20.1549,20.7433,20.5794,20.7604,20.8951,21.1589,20.7514,20.5418,20.5004,20.3404,20.4891,20.6736,20.7101,21.0048,21.1832,21.4123,20.8413,21.013,20.9046,20.5331,20.573,20.0672,19.5406,19.6346,19.6364,20.4551,20.1579,20.2918,20.7908,20.86,20.9265,20.37,20.3726,20.2758,20.7853,21.3508,20.7652,20.2519,20.1297,20.2932,20.8111,20.1827,20.484,20.6401,20.5553,20.8379,19.5733,19.5877,19.6533,20.2264,20.5634,20.483,19.6585,19.6494,19.5725,20.5446,20.0005,20.0678,20.9116,21.1046,21.7497,19.4431,19.5226,19.6887,20.5413,21.1971,20.1249,19.7347,19.936,19.9283,19.9106,19.9296,19.9783,20.3371,20.3359,20.7487,20.0947,20.2328,20.2958,20.8997,21.5199,20.6741,20.115,20.2662,20.3328,20.4578,19.869,20.1048,20.6388,20.7872,21.0558
446,2:52:55 PM,19.7769,19.8117,19.7505,20.1853,20.3623,20.3348,20.4847,20.6562,20.6503,20.5456,20.5027,20.3759,20.2798,20.3842,20.3953,20.5103,20.6163,20.5804,20.9293,21.181,20.7097,20.4626,20.3974,20.4991,20.5878,20.0086,20.1226,19.8262,19.8981,20.0887,20.8064,20.5756,20.7529,20.8601,21.19,20.7185,20.4962,20.4548,20.3692,20.5473,20.6213,20.6948,21.0386,21.19,21.4278,20.8781,20.9687,20.8767,20.461,20.6515,20.1205,19.5986,19.6136,19.6936,20.4304,20.1684,20.3982,20.7339,20.863,20.8813,20.4198,20.3887,20.3057,20.7701,21.3215,20.7536,20.2041,20.1787,20.3639,20.9052,20.159,20.4507,20.6775,20.6534,20.8906,19.5704,19.6218,19.7118,20.2676,20.4797,20.384,19.6621,19.8164,19.6452,20.5449,20.0471,20.0932,20.8841,21.0968,21.8825,19.5611,19.5224,19.623,20.5863,21.2123,20.0739,19.7571,19.8962,19.8516,19.9313,20.0085,19.9329,20.38,20.3786,20.9393,20.1271,20.2335,20.2138,20.8669,21.5427,20.7177,20.237,20.2915,20.2556,20.4636,19.8775,20.0343,20.5983,20.8584,20.9963
447,2:53:15 PM,19.8208,19.8809,19.7191,20.1522,20.3818,20.3811,20.4159,20.6594,20.6852,20.5481,20.5986,20.4415,20.2874,20.3943,20.5265,20.5266,20.6267,20.7015,20.8313,21.2249,20.7747,20.4692,20.469,20.5118,20.6286,20.0096,20.0664,19.7958,19.8435,20.0374,20.653,20.5483,20.7093,20.8145,21.1681,20.6986,20.5037,20.4342,20.4467,20.8073,20.7187,20.6096,21.0176,21.1463,21.3823,20.9085,20.9517,20.9543,20.5639,20.6542,20.0615,19.6229,19.6178,19.6247,20.4185,20.057,20.3645,20.7672,20.9007,20.923,20.3666,20.3649,20.2448,20.8047,21.2718,20.754,20.2466,20.1278,20.3399,20.8548,20.1332,20.4938,20.6979,20.532,20.9251,19.605,19.5953,19.6356,20.2654,20.5146,20.3924,19.6823,19.9057,19.655,20.4523,20.0299,20.1177,20.9048,21.0523,21.9622,19.5403,19.4974,19.6136,20.5227,21.2217,20.1318,19.732,19.8327,19.9289,20.0669,20.0407,19.9324,20.3684,20.3321,20.9581,20.0399,20.1721,20.2634,20.9601,21.6096,20.6889,20.3028,20.3101,20.2527,20.5049,19.8354,20.111,20.6108,20.7956,21.021
448,2:53:35 PM,19.8623,19.8045,19.6518,20.1164,20.4147,20.3655,20.4183,20.5591,20.6797,20.5501,20.5529,20.4771,20.3489,20.5082,20.6783,20.5578,20.6616,20.7067,20.9238,21.2787,20.7269,20.5806,20.5353,20.6081,20.7106,20.0269,20.0528,19.8093,19.8053,20.0269,20.5753,20.5258,20.6961,20.83,21.0583,20.7817,20.4785,20.503,20.5583,20.9357,20.7404,20.656,21.0496,21.079,21.4365,20.9036,21.0191,20.8909,20.5034,20.6567,20.1409,19.6235,19.6016,19.6184,20.402,20.04,20.3719,20.7548,20.9162,21.1439,20.335,20.3288,20.2193,20.8291,21.2486,20.7661,20.2632,20.1619,20.2529,20.9216,20.1698,20.4307,20.7229,20.5916,20.9415,19.6401,19.5948,19.6902,20.2509,20.4443,20.4502,19.719,20.0513,19.7087,20.4836,20.1206,20.1719,20.9666,21.093,21.9597,19.6441,19.5823,19.588,20.6,21.1436,20.0636,19.7582,19.7575,19.8488,20.1501,19.9827,19.9631,20.3175,20.4447,20.9247,20.0406,20.2651,20.3111,21.1736,21.8713,20.7761,20.2721,20.3309,20.3698,20.5334,19.9144,20.0141,20.6222,20.8401,20.9901
449,2:53:55 PM,19.8461,19.8156,19.6983,20.1308,20.4345,20.3717,20.4379,20.5202,20.4977,20.4536,20.5989,20.4364,20.4372,20.5608,20.7174,20.5448,20.6662,20.6441,20.8518,21.2738,20.8141,20.5619,20.5025,20.4973,20.6958,20.0029,20.0867,19.8114,19.8974,20.0739,20.5699,20.451,20.6283,20.906,21.0769,20.7387,20.5026,20.5515,20.6299,21.0121,20.6771,20.6722,20.956,21.037,21.4752,20.8816,20.989,20.9047,20.5124,20.6758,20.1523,19.691,19.5951,19.6271,20.4021,20.0591,20.3193,20.7403,20.8993,21.1269,20.3528,20.3667,20.2577,20.8706,21.2543,20.7476,20.2726,20.1481,20.3094,20.8609,20.214,20.3538,20.6044,20.5669,20.8885,19.6729,19.6152,19.6461,20.2148,20.5111,20.4771,19.7313,20.1435,19.7229,20.5303,20.1538,20.0624,20.9068,21.0226,21.8562,19.6201,19.5885,19.6059,20.7737,21.098,20.0933,19.8054,19.9389,19.906,20.0616,20.0252,19.9201,20.3873,20.4214,20.8306,20.0371,20.189,20.3099,21.1359,22.1574,20.671,20.1704,20.2964,20.3562,20.3595,19.8929,20.1169,20.7145,20.887,21.0052
450,2:54:15 PM,19.7331,19.7395,19.7037,20.1286,20.332,20.4122,20.4667,20.3842,20.6085,20.4504,20.5573,20.4723,20.3869,20.5594,20.7577,20.6058,20.6371,20.6807,20.8743,21.2411,20.8475,20.5362,20.5108,20.4893,20.68,19.9708,20.007,19.8017,19.9121,20.1215,20.6336,20.433,20.6798,20.8535,21.1387,20.7626,20.469,20.5662,20.5244,20.8673,20.6784,20.6886,21.0044,21.135,21.4307,20.8932,21.0209,20.9194,20.5414,20.7247,20.1178,19.6243,19.6388,19.6857,20.4516,20.1597,20.433,20.756,20.801,21.0585,20.4146,20.3442,20.3145,20.9252,21.2483,20.772,20.2961,20.1595,20.3797,20.8824,20.2351,20.3575,20.6661,20.6,20.9081,19.6386,19.6063,19.6627,20.3045,20.488,20.4479,19.6758,20.0941,19.7563,20.5602,20.0444,20.1332,20.9655,21.0633,21.8516,19.5769,19.5671,19.4822,20.8003,21.1964,20.0987,19.778,19.9738,19.8915,19.9359,19.998,19.9925,20.3729,20.4179,20.6842,20.0811,20.2635,20.309,21.1616,22.1732,20.7739,20.1466,20.3387,20.4116,20.4104,19.8568,20.087,20.6777,20.8225,21.0375
451,2:54:35 PM,19.7139,19.7712,19.7227,20.138,20.3465,20.3329,20.4636,20.432,20.5559,20.353,20.5548,20.4707,20.3741,20.5031,20.7308,20.5813,20.6477,20.6512,20.8745,21.223,20.8743,20.4633,20.508,20.4755,20.6442,19.9494,20.0398,19.8304,19.912,20.1662,20.6704,20.4624,20.6096,20.8376,21.1334,20.8088,20.4565,20.5085,20.5649,20.8079,20.7387,20.6667,20.9193,21.1835,21.4378,20.8692,20.9479,20.9324,20.4918,20.6795,20.0751,19.5637,19.6521,19.6496,20.4012,20.1776,20.3782,20.7908,20.8324,20.9042,20.502,20.409,20.2967,20.8338,21.2337,20.7367,20.2337,20.1318,20.3178,20.8046,20.2495,20.4716,20.6611,20.5542,20.8306,19.6074,19.5194,19.6649,20.2529,20.5631,20.4694,19.6305,20.067,19.7283,20.5984,20.0784,20.1206,20.9459,20.9968,21.8677,19.5346,19.5965,19.64,20.7453,21.302,20.1546,19.8099,20.0275,19.9326,19.9413,19.9201,19.9721,20.3409,20.3318,20.8844,20.0764,20.2178,20.2414,20.965,22.1684,20.7217,20.1768,20.3898,20.4317,20.3717,19.8879,20.0704,20.5886,20.8031,21.0128
452,2:54:55 PM,19.7628,19.7855,19.7982,20.2009,20.3156,20.3476,20.426,20.5258,20.6124,20.3394,20.5159,20.443,20.3249,20.3731,20.7022,20.5225,20.6668,20.6634,20.9037,21.1736,20.9529,20.5801,20.5459,20.5075,20.6899,19.8885,19.9856,19.848,19.9801,20.1245,20.6254,20.5073,20.6746,20.9251,21.1362,20.8842,20.5141,20.5212,20.5936,20.7045,20.7068,20.697,20.9347,21.1583,21.331,20.9114,21.0138,20.9315,20.5391,20.707,20.0641,19.6062,19.5983,19.661,20.4699,20.1421,20.3759,20.7631,20.7673,20.9283,20.5348,20.368,20.2424,20.7742,21.2733,20.8701,20.365,20.1747,20.3255,20.9644,20.3136,20.5451,20.7548,20.6048,20.9609,19.5844,19.5638,19.6604,20.3169,20.4056,20.4471,19.6577,19.8583,19.6225,20.559,20.0577,20.0668,20.8691,20.9565,21.8136,19.5768,19.5789,19.71,20.5745,21.3603,20.2344,19.8855,19.9841,19.9533,19.8959,19.9641,20.029,20.3409,20.3164,21.029,20.0447,20.2118,20.2662,21.0737,22.2468,20.7159,20.1161,20.4166,20.3998,20.4508,19.8857,20.0886,20.5002,20.7793,20.9543
453,2:55:15 PM,19.6586,19.7073,19.8424,20.1991,20.354,20.3915,20.4869,20.5982,20.5326,20.3838,20.5319,20.4057,20.2988,20.2996,20.7583,20.5726,20.6161,20.6307,20.8679,21.168,20.8554,20.5648,20.5178,20.5742,20.6784,19.8853,19.9689,19.8608,20.0176,20.1065,20.5177,20.5831,20.6921,20.9816,21.1162,20.8821,20.5098,20.4574,20.5802,20.733,20.6994,20.6534,20.9376,21.1399,21.4683,20.9735,20.9847,20.9258,20.4773,20.7619,20.0062,19.6103,19.6258,19.6,20.4088,20.0852,20.2877,20.8647,20.7603,20.8201,20.5033,20.4111,20.2459,20.7704,21.2149,20.7719,20.2624,20.142,20.3372,20.9559,20.3645,20.5166,20.7092,20.618,20.8461,19.5322,19.4841,19.6801,20.3016,20.4532,20.4777,19.5655,19.8762,19.5206,20.6283,20.0355,20.155,20.8681,20.8762,21.7636,19.5235,19.5917,19.7086,20.5367,21.3681,20.228,19.9724,19.9962,20.0236,19.9248,19.9287,19.9843,20.2963,20.3282,21.0137,20.049,20.14,20.2705,21.0887,22.1898,20.6825,20.2126,20.3799,20.3987,20.4519,19.9277,20.1678,20.5553,20.7243,20.894
454,2:55:35 PM,19.6529,19.6353,19.8157,20.2299,20.3049,20.3247,20.4662,20.6342,20.6634,20.4068,20.4552,20.457,20.3317,20.3475,20.5616,20.6158,20.6555,20.6007,20.9145,21.153,20.9726,20.6024,20.5243,20.4858,20.6574,19.8801,20.012,19.8709,20.0091,20.1134,20.4903,20.5519,20.6447,21.0092,21.0818,20.8888,20.4647,20.4997,20.6036,20.783,20.6716,20.6049,20.9022,21.1595,21.4426,21.0178,20.9768,20.9229,20.4847,20.7028,19.9886,19.6706,19.6584,19.6932,20.4549,20.0546,20.2836,20.8091,20.7897,20.9164,20.5893,20.4282,20.2416,20.744,21.234,20.8839,20.285,20.234,20.2918,20.9904,20.2504,20.5162,20.7006,20.6814,20.8995,19.5836,19.6026,19.6526,20.3187,20.4273,20.4302,19.5816,19.7504,19.5562,20.6919,20.0219,20.1232,20.8563,20.8547,21.6952,19.4625,19.5601,19.6917,20.5909,21.4113,20.2429,20.1182,20.0545,19.9501,20.1908,19.8871,19.9522,20.3475,20.4099,20.9023,20.1039,20.1759,20.2513,21.0354,22.1478,20.6864,20.144,20.3813,20.4034,20.4113,19.9248,20.0887,20.5938,20.751,20.8725
455,2:55:55 PM,19.6295,19.7037,19.7941,20.2502,20.3711,20.4313,20.5401,20.6168,20.6904,20.6084,20.503,20.3951,20.2658,20.3763,20.5756,20.5696,20.6418,20.6267,20.9547,21.1104,20.9323,20.5423,20.5211,20.5501,20.6647,19.9738,19.9937,19.8623,19.9499,20.0733,20.593,20.5831,20.7379,20.9684,21.0732,20.8295,20.4432,20.453,20.5258,20.6698,20.6728,20.6897,20.9748,21.139,21.4735,20.9024,21.0179,20.9032,20.4754,20.6873,20.0031,19.5765,19.6512,19.7177,20.3852,19.9222,20.3271,20.7984,20.846,20.9283,20.5575,20.3913,20.2521,20.7505,21.219,20.8543,20.2593,20.2167,20.2607,20.8043,20.3395,20.5652,20.6874,20.6712,20.7886,19.5868,19.5616,19.7224,20.3031,20.4418,20.5038,19.6093,19.7949,19.5391,20.6656,19.9751,20.1862,20.8714,20.9469,21.6846,19.4957,19.4844,19.7638,20.645,21.4105,20.2181,20.0142,20.0563,19.972,20.2829,19.9897,19.9472,20.387,20.4443,21.0038,20.0021,20.1783,20.3354,21.0724,22.0754,20.6498,20.215,20.3845,20.381,20.4757,19.9361,20.1678,20.5796,20.7535,20.958
456,2:56:15 PM,19.6951,19.7067,19.764,20.2374,20.3989,20.4482,20.5493,20.6668,20.7578,20.6335,20.4792,20.4073,20.2229,20.3565,20.5133,20.5722,20.6941,20.6242,20.8804,21.1559,20.8628,20.5603,20.4833,20.4648,20.5943,19.9377,20.0078,19.8331,19.8996,20.1431,20.6923,20.5043,20.7564,21.0005,21.1275,20.8024,20.4929,20.4032,20.5037,20.6236,20.6729,20.6057,20.9485,21.1284,21.4431,20.9391,20.9395,20.932,20.4761,20.6147,20.0657,19.6226,19.6977,19.6327,20.4281,20.0553,20.3555,20.8547,20.9538,20.9512,20.5289,20.4082,20.2996,20.79,21.2054,20.7797,20.2334,20.2102,20.3446,20.7731,20.1964,20.56,20.7314,20.6378,20.7186,19.6038,19.5807,19.682,20.2624,20.4752,20.4725,19.6493,19.6906,19.5453,20.7605,20.0651,20.2084,20.9872,20.9949,21.6983,19.5813,19.4859,19.7269,20.5983,21.4872,20.1651,19.9683,19.9529,19.9484,20.0008,19.9199,19.9669,20.2858,20.3835,20.9191,20.0588,20.1835,20.3869,20.9747,21.9046,20.7772,20.1258,20.3879,20.3143,20.4264,19.8885,20.0974,20.5623,20.7373,20.9531
457,2:56:35 PM,19.7273,19.8095,19.7441,20.2271,20.3673,20.4186,20.5217,20.6727,20.7409,20.6285,20.502,20.3358,20.2152,20.2841,20.5167,20.5736,20.5499,20.6788,20.9014,21.1236,20.9029,20.618,20.4505,20.5134,20.6657,19.9435,20.0414,19.8522,19.9019,20.1128,20.687,20.5663,20.8027,20.9868,21.085,20.791,20.5467,20.5279,20.4738,20.6988,20.6576,20.6569,21.0704,21.0695,21.4362,20.9089,20.8903,20.9436,20.4816,20.6603,20.0962,19.5975,19.6373,19.7389,20.4524,20.1268,20.3197,20.7468,20.9609,20.8668,20.5352,20.3776,20.2374,20.8517,21.2093,20.7137,20.2805,20.1747,20.3165,20.7882,20.2245,20.5817,20.6982,20.5985,20.694,19.5622,19.6072,19.7167,20.2875,20.457,20.539,19.6956,19.8728,19.6071,20.5905,20.0383,20.1613,21.0635,21.0723,21.8058,19.5355,19.5502,19.7061,20.6946,21.4206,20.1682,19.7572,20.052,19.9621,19.7661,19.9718,19.9666,20.3439,20.3908,20.8437,19.9958,20.2901,20.3209,21.0726,21.9368,20.7942,20.1602,20.3007,20.3568,20.4899,19.9575,20.1236,20.5699,20.7069,20.9193
458,2:56:55 PM,19.7365,19.8016,19.7746,20.2776,20.388,20.4165,20.5425,20.6728,20.7186,20.644,20.528,20.4037,20.2557,20.3132,20.383,20.5715,20.6542,20.6086,20.9051,21.1195,20.8806,20.5217,20.4477,20.4992,20.6559,20.0096,20.0282,19.8244,19.8397,20.1049,20.6323,20.5716,20.7697,20.8761,21.1183,20.7897,20.5453,20.4329,20.4781,20.7413,20.6619,20.6406,21.1098,21.1079,21.3824,20.9681,21.0114,20.9658,20.4259,20.6665,20.0636,19.6376,19.6443,19.6159,20.4471,20.1973,20.3378,20.8172,20.8669,20.8463,20.4759,20.4126,20.2936,20.8004,21.1912,20.7546,20.2808,20.195,20.2649,20.8178,20.11,20.4881,20.692,20.564,20.6988,19.6023,19.6083,19.7038,20.2598,20.4471,20.4789,19.7098,19.9068,19.6774,20.5282,20.0458,20.0834,21.018,21.1445,21.6955,19.5375,19.5224,19.6073,20.5684,21.3896,20.1893,19.7712,19.9859,19.8971,19.8013,20.0679,19.9802,20.3339,20.3781,20.733,20.0198,20.2655,20.2892,21.1264,21.8961,20.7864,20.1327,20.3468,20.3765,20.4255,19.8752,20.1058,20.4719,20.7384,20.9415
459,2:57:15 PM,19.802,19.7502,19.8092,20.2828,20.3094,20.4765,20.585,20.6435,20.7431,20.6199,20.5195,20.4756,20.2752,20.2757,20.3685,20.5736,20.6456,20.6257,20.8512,21.066,20.7399,20.4476,20.4916,20.4138,20.5873,20.0181,20.0882,19.8903,19.9646,20.0206,20.4864,20.5888,20.7868,20.8839,21.0973,20.7876,20.4702,20.4765,20.3507,20.5582,20.6658,20.7286,21.004,21.0824,21.3659,20.8958,21.0129,20.9018,20.3647,20.6523,20.0699,19.5577,19.5984,19.6034,20.4034,20.2275,20.3454,20.7641,20.8734,20.803,20.5071,20.4512,20.3353,20.846,21.0735,20.7245,20.3063,20.2443,20.3325,20.8707,20.123,20.5089,20.6107,20.5777,20.6134,19.6175,19.6416,19.6895,20.2219,20.462,20.4562,19.7767,20.0136,19.6331,20.5672,20.0151,20.177,21.032,21.1003,21.9425,19.4996,19.5277,19.44,20.5699,21.4536,20.1167,19.7366,19.9848,19.9592,19.894,19.941,20.0108,20.3643,20.4047,20.923,20.0341,20.2857,20.2982,21.2919,22.1188,20.7247,20.0851,20.2873,20.3779,20.4242,19.844,20.1305,20.5459,20.6824,20.9194
460,2:57:35 PM,19.7698,19.7532,19.7767,20.25,20.3286,20.4421,20.5371,20.698,20.6925,20.698,20.5088,20.4051,20.2155,20.2557,20.3226,20.5517,20.5997,20.5908,20.8866,21.0303,20.7334,20.3374,20.4341,20.4288,20.5718,19.9646,20.0727,19.844,19.9072,20.0907,20.6239,20.5502,20.7555,20.8948,21.0652,20.7078,20.5189,20.4156,20.3641,20.5449,20.6152,20.7069,20.9796,21.0423,21.3145,20.9201,20.9527,20.9234,20.4491,20.6272,20.0373,19.6,19.5882,19.6026,20.4072,20.0957,20.3922,20.7369,20.8739,20.8452,20.4731,20.4241,20.3282,20.7411,21.116,20.7919,20.321,20.1883,20.3238,20.8489,20.1418,20.571,20.6921,20.621,20.7099,19.5973,19.6219,19.7124,20.1882,20.4821,20.4491,19.7068,20.0371,19.7871,20.5694,19.8842,20.1119,20.9815,21.0587,21.7855,19.4602,19.5397,19.4995,20.5188,21.3869,20.2167,19.7986,19.9776,19.9199,20.0532,19.9915,19.9958,20.279,20.3851,20.9481,20.1023,20.2477,20.2461,21.2322,22.2549,20.6825,20.0626,20.2733,20.3674,20.4133,19.8017,20.1345,20.5237,20.6736,20.8991
461,2:57:55 PM,19.7795,19.7273,19.7451,20.1885,20.3535,20.3533,20.4047,20.698,20.7674,20.6725,20.518,20.4085,20.228,20.3605,20.3459,20.5212,20.5955,20.6406,20.8673,21.1115,20.7461,20.4773,20.4731,20.2864,20.5006,20.0123,20.1023,19.8154,19.9869,20.0334,20.6662,20.5734,20.6656,20.8476,21.0574,20.7762,20.4956,20.4522,20.3705,20.6266,20.7017,20.6721,20.9026,21.0907,21.3903,20.9156,20.8952,20.9299,20.4708,20.6486,20.0068,19.6151,19.6033,19.601,20.3671,20.1036,20.3592,20.8022,20.854,20.7959,20.4783,20.4338,20.3014,20.7755,21.0414,20.7854,20.2383,20.13,20.3405,20.9134,20.2047,20.5131,20.6979,20.6431,20.7663,19.5267,19.59,19.6855,20.2222,20.4571,20.4708,19.7128,19.9319,19.5748,20.6346,19.9147,20.1637,20.8667,20.9776,21.6439,19.4967,19.5231,19.4914,20.5833,21.4287,20.1868,19.9104,19.982,19.9755,20.1196,19.9449,19.9788,20.3558,20.416,21.4251,20.1144,20.2718,20.258,21.165,22.2137,20.6279,20.1443,20.2976,20.3198,20.3979,19.8077,20.0578,20.6003,20.6711,20.8821
462,2:58:15 PM,19.7189,19.7405,19.7012,20.2145,20.3192,20.4459,20.4108,20.6849,20.7219,20.7391,20.4667,20.4324,20.2348,20.4413,20.4117,20.5616,20.6292,20.7157,20.8767,21.1661,20.8217,20.4588,20.5018,20.3991,20.6015,19.9866,20.0553,19.8909,19.9979,20.1141,20.6696,20.4861,20.6201,20.8478,21.0953,20.7807,20.5127,20.4529,20.4535,20.6431,20.7217,20.6475,20.9564,21.0597,21.4153,20.9095,20.8507,20.9452,20.5387,20.6523,20.0167,19.5014,19.6204,19.6657,20.3611,20.0784,20.3351,20.8223,20.8661,20.8345,20.446,20.3649,20.2851,20.8019,21.1256,20.7758,20.2792,20.1445,20.324,20.8901,20.3452,20.5399,20.6508,20.6069,20.8722,19.4636,19.5213,19.6779,20.1898,20.4395,20.4593,19.6225,19.8893,19.6213,20.5503,19.945,20.1121,20.862,20.8887,21.4833,19.482,19.5217,19.6614,20.5745,21.5144,20.1254,19.9267,19.9952,20.0176,20.2251,19.961,20.0079,20.3353,20.3716,21.1691,19.977,20.2062,20.3081,20.946,22.0824,20.7459,20.1573,20.2853,20.3318,20.3959,19.828,20.0488,20.6558,20.7532,20.8511
463,2:58:35 PM,19.7504,19.7349,19.7461,20.179,20.3539,20.3713,20.4491,20.605,20.7085,20.6617,20.4927,20.4189,20.2924,20.4693,20.4348,20.5961,20.6457,20.6483,20.9338,21.1369,20.8951,20.4957,20.4821,20.3818,20.6453,20.0091,20.0963,19.8523,19.844,20.1195,20.7044,20.4746,20.6052,20.7906,21.0268,20.8504,20.4606,20.6049,20.6015,20.6988,20.7676,20.6464,21.0416,21.072,21.3366,20.9884,20.9094,20.9164,20.4473,20.6881,20.0654,19.5244,19.6123,19.6404,20.3739,20.1374,20.2845,20.7353,20.9052,20.9411,20.4052,20.3399,20.2398,20.7929,21.289,20.7425,20.2211,20.1939,20.2932,20.9144,20.3007,20.514,20.6444,20.6098,20.7919,19.5473,19.4743,19.7361,20.2082,20.3777,20.4282,19.5883,19.7457,19.6119,20.5629,19.9719,20.1987,20.8198,21.0023,21.4483,19.5325,19.5353,19.6366,20.464,21.5222,20.1304,19.8528,19.9243,20.0721,20.087,19.9299,19.9683,20.3385,20.3695,21.2049,20.119,20.1465,20.2891,20.9608,21.8798,20.6365,20.1553,20.3164,20.2797,20.226,19.8342,20.1049,20.6392,20.6569,20.8081
464,2:58:55 PM,19.7511,19.7259,19.6595,20.1528,20.3432,20.3541,20.484,20.6454,20.6602,20.7115,20.4435,20.3786,20.3546,20.4421,20.4794,20.5796,20.6431,20.6661,20.897,21.0838,20.8737,20.5236,20.5093,20.3807,20.6487,19.9445,19.9911,19.8779,19.8588,20.0528,20.6591,20.5601,20.5441,20.7821,21.0329,20.8072,20.4831,20.5709,20.651,20.6394,20.6705,20.6752,20.9897,21.1248,21.3334,20.9179,20.9564,20.9529,20.5417,20.6771,20.0935,19.4999,19.6428,19.6567,20.3468,20.1029,20.3262,20.6883,20.8807,21.0307,20.3276,20.3587,20.2872,20.7843,21.3407,20.8214,20.2981,20.2012,20.3161,20.769,20.1771,20.4363,20.6408,20.6385,20.8291,19.538,19.5341,19.6787,20.1504,20.402,20.4897,19.5853,19.8531,19.6496,20.6268,19.8654,20.131,20.8464,20.9369,21.5769,19.5394,19.5016,19.6211,20.5305,21.4713,20.0868,19.6804,19.7924,20.0614,20.1912,19.9587,19.9673,20.3075,20.3736,20.8001,20.015,20.1814,20.2608,21.0129,21.9124,20.6627,20.1419,20.2532,20.3105,20.2356,19.873,20.0894,20.547,20.7306,20.9175
465,2:59:15 PM,19.7949,19.8176,19.7731,20.195,20.2764,20.3603,20.4385,20.6388,20.687,20.6174,20.5099,20.4999,20.4249,20.4499,20.4682,20.5566,20.6763,20.6318,20.8576,21.0909,20.7977,20.5374,20.4556,20.355,20.6067,20.0251,20.0658,19.9228,19.8504,20.1423,20.6646,20.5266,20.61,20.8376,21.0733,20.7239,20.4953,20.6281,20.6985,20.7494,20.6808,20.6733,20.951,21.116,21.3834,20.9321,20.954,20.9453,20.4902,20.643,20.0754,19.5741,19.6484,19.6707,20.4159,20.0724,20.3531,20.7365,20.8891,21.0041,20.2912,20.2942,20.271,20.8274,21.288,20.8271,20.2457,20.1182,20.367,20.7479,20.0629,20.4324,20.6366,20.6101,20.6989,19.6245,19.5745,19.7287,20.1682,20.424,20.4999,19.6467,19.8105,19.7512,20.5523,19.9952,20.1481,20.8742,21.1537,21.5314,19.4365,19.5527,19.5173,20.5078,21.3403,20.1242,19.7412,19.8872,20.072,20.096,19.9792,19.9689,20.3117,20.3271,20.9003,20.0765,20.1954,20.1834,21.1028,21.9326,20.6881,20.1339,20.2748,20.3495,20.2444,19.8599,20.1333,20.4362,20.6652,21.0227
466,2:59:35 PM,19.8823,19.7644,19.7869,20.2578,20.305,20.3832,20.4232,20.6422,20.8312,20.6878,20.5163,20.3936,20.2933,20.4161,20.4513,20.5531,20.6735,20.6693,20.9485,21.1422,20.7602,20.5072,20.427,20.4274,20.628,19.9233,20.1087,19.8681,19.925,20.0956,20.5384,20.4665,20.63,20.8919,21.0259,20.7564,20.4497,20.5754,20.63,20.5656,20.6273,20.6597,20.9709,21.0914,21.4323,20.9237,20.9337,20.8704,20.4628,20.6916,20.0202,19.5614,19.6026,19.6708,20.4317,20.0485,20.3772,20.7684,20.8761,20.9528,20.2681,20.3463,20.2562,20.8694,21.227,20.8633,20.2777,20.1637,20.3102,20.8993,20.0099,20.4015,20.7737,20.5966,20.6597,19.6081,19.5184,19.7565,20.1764,20.3863,20.4716,19.5862,19.9845,19.7255,20.5647,19.9555,20.179,20.8759,21.0915,21.733,19.439,19.548,19.6139,20.5554,21.3467,20.1032,19.709,19.7802,19.9796,19.9807,19.8876,19.9744,20.2795,20.3201,20.8863,20.1086,20.2427,20.2021,21.065,22.3309,20.661,20.2136,20.3314,20.2925,20.2202,19.8843,20.1153,20.4887,20.589,20.9197
467,2:59:55 PM,19.8036,19.8522,19.7305,20.1595,20.3691,20.3087,20.3828,20.5671,20.6915,20.6723,20.4982,20.467,20.2963,20.3674,20.407,20.5801,20.6239,20.5854,20.8915,21.0813,20.6689,20.3985,20.4201,20.3769,20.5989,19.9231,20.0761,19.8673,19.9291,20.0438,20.505,20.4573,20.6678,20.8587,21.0333,20.72,20.476,20.4856,20.5405,20.586,20.6822,20.6628,21.0469,21.1275,21.3511,20.8421,20.9528,20.8355,20.424,20.634,20.0578,19.5325,19.6022,19.6871,20.313,20.1014,20.3054,20.702,20.8315,20.9001,20.221,20.3398,20.2987,20.9281,21.1806,20.7232,20.2486,20.15,20.3035,20.7997,20.125,20.4031,20.6564,20.5275,20.5911,19.5852,19.5358,19.7369,20.1726,20.3879,20.4386,19.5936,19.8238,19.6245,20.4293,20.0849,20.1389,20.904,21.1475,21.9234,19.4844,19.5452,19.7132,20.6149,21.2198,20.1245,19.7188,19.7831,19.9038,20.0462,19.9031,19.9889,20.257,20.3171,20.9482,20.0123,20.1767,20.2555,20.9711,22.35,20.7242,20.1978,20.3674,20.2972,20.2185,19.8948,20.0911,20.4414,20.5617,20.9717
468,3:00:15 PM,19.8671,19.785,19.6592,20.2079,20.3227,20.275,20.3395,20.524,20.6898,20.7285,20.5245,20.5141,20.2382,20.2775,20.304,20.5661,20.5966,20.6116,20.9172,21.0714,20.629,20.3618,20.4171,20.4159,20.5698,19.9606,20.0213,19.8934,19.9553,20.1034,20.5473,20.4652,20.5765,20.8017,21.0385,20.716,20.4397,20.5029,20.4944,20.5074,20.6891,20.6641,20.9808,21.1931,21.4017,20.8396,20.9831,20.8814,20.4485,20.5715,20.0282,19.5706,19.6013,19.6292,20.3695,20.1166,20.277,20.7421,20.7992,20.9739,20.2954,20.2901,20.2813,20.8578,21.1465,20.7271,20.3216,20.1191,20.306,20.83,20.2777,20.4281,20.6838,20.5008,20.7608,19.5949,19.5822,19.6705,20.1664,20.435,20.4864,19.6473,19.8133,19.6126,20.3434,19.9806,20.128,20.8252,20.9989,21.9488,19.5041,19.5064,19.6565,20.5807,21.1539,20.1045,19.5929,19.6948,19.7914,20.0818,19.9223,20.0149,20.2786,20.3282,20.8032,19.9843,20.0812,20.2743,20.9237,22.2901,20.6648,20.217,20.3418,20.2989,20.2451,19.8839,20.0669,20.5038,20.6622,21.0806
469,3:00:35 PM,19.8042,19.8621,19.7323,20.1433,20.3057,20.3362,20.3853,20.4425,20.6423,20.6571,20.5921,20.5175,20.3763,20.2805,20.3591,20.5391,20.5477,20.6053,20.8517,21.0458,20.6371,20.3233,20.4323,20.3721,20.5067,20.0118,20.0443,19.8835,19.9571,20.0669,20.5098,20.4751,20.5759,20.8846,21.0086,20.7147,20.4787,20.6004,20.6163,20.7122,20.6005,20.6966,21.0094,21.1119,21.3672,20.7864,20.9564,20.821,20.5182,20.5412,20.0771,19.569,19.5691,19.6096,20.307,20.1558,20.364,20.697,20.8348,20.9443,20.3223,20.3441,20.1838,20.8144,21.0942,20.7429,20.222,20.1349,20.317,20.823,20.2125,20.4459,20.6754,20.4692,20.8667,19.6184,19.5534,19.6649,20.0801,20.4814,20.4353,19.6641,19.7645,19.6397,20.2731,19.98,20.0594,20.8845,21.0583,21.8204,19.5511,19.583,19.5661,20.488,21.1341,20.1256,19.6419,19.8257,19.913,20.1609,19.9623,19.9925,20.3062,20.344,20.7711,20.0231,20.0621,20.1896,20.9589,22.1648,20.7032,20.1507,20.3333,20.2842,20.3292,19.9354,20.1696,20.5437,20.6994,21.0753
470,3:00:55 PM,19.7976,19.8062,19.7591,20.2288,20.2775,20.3913,20.3364,20.4754,20.7039,20.6589,20.495,20.4757,20.2802,20.2056,20.3081,20.5486,20.5415,20.5694,20.8255,21.0194,20.6428,20.3953,20.4314,20.3108,20.4883,20.0286,20.0532,19.8956,19.9546,20.0607,20.5208,20.4528,20.5433,20.8445,21.0151,20.6983,20.5226,20.5427,20.5466,20.6449,20.6299,20.6276,20.9985,21.089,21.4613,20.8202,20.9369,20.8895,20.4982,20.5676,20.1044,19.6575,19.5624,19.625,20.389,20.0656,20.3492,20.6876,20.7348,20.8961,20.2908,20.3095,20.1982,20.7831,21.1084,20.752,20.2355,20.0923,20.2845,20.7924,20.2304,20.4136,20.6732,20.5071,20.8666,19.5895,19.6143,19.6747,20.1783,20.3877,20.4551,19.6654,19.8756,19.6013,20.3686,19.93,20.0896,20.912,21.0346,21.7407,19.5078,19.4996,19.4753,20.528,21.1242,20.0968,19.6484,19.8079,19.9008,19.971,19.9558,19.9428,20.2975,20.3491,20.6933,19.9504,20.0563,20.2147,20.9929,21.9826,20.7165,20.1717,20.3799,20.3358,20.1732,19.9242,20.1023,20.5626,20.8472,21.184
471,3:01:15 PM,19.7445,19.7287,19.7776,20.1997,20.3409,20.4396,20.2956,20.4553,20.5973,20.6041,20.4497,20.4569,20.3202,20.3291,20.4813,20.5318,20.6525,20.6903,20.893,21.1711,20.7333,20.4204,20.4521,20.3751,20.471,19.9519,20.0078,19.7758,19.9353,20.0294,20.5334,20.4938,20.4923,20.8288,20.9218,20.6762,20.4415,20.537,20.49,20.6125,20.5963,20.6571,21.0093,21.127,21.2794,20.8104,20.8797,20.8959,20.409,20.5638,20.0693,19.6237,19.6028,19.5379,20.3479,20.0783,20.321,20.6712,20.7625,20.863,20.1965,20.3329,20.2465,20.7662,21.0615,20.6714,20.2124,20.1139,20.2085,20.7942,20.201,20.3183,20.6889,20.5666,20.7704,19.5981,19.5895,19.6145,20.1064,20.4332,20.4506,19.6991,19.8622,19.6133,20.2359,19.9577,20.1816,20.8912,21.0185,21.8205,19.4781,19.5216,19.5789,20.5885,21.1047,20.1614,19.7357,19.9638,19.9441,19.9082,19.9657,19.9414,20.2878,20.2831,20.7374,20.0002,20.0883,20.1735,21.262,21.9975,20.6994,20.1985,20.3536,20.3434,20.1844,19.9735,20.134,20.4895,20.8608,21.0636
472,3:01:35 PM,19.7646,19.8177,19.7962,20.1612,20.2335,20.3362,20.4461,20.5082,20.6061,20.5885,20.4907,20.3828,20.2729,20.3531,20.492,20.5049,20.6575,20.6264,20.878,21.0962,20.7914,20.4757,20.4396,20.3585,20.4975,19.978,20.007,19.7885,19.9016,19.9957,20.5252,20.4507,20.4858,20.8568,21.0272,20.6977,20.4567,20.5461,20.5171,20.6436,20.6904,20.6204,21.0316,21.1557,21.3861,20.8166,20.8667,20.8399,20.3791,20.5808,20.0597,19.5901,19.6119,19.5595,20.3424,20.0536,20.3319,20.6956,20.8101,20.8735,20.2651,20.2838,20.2512,20.7757,21.1007,20.7111,20.249,20.1346,20.2428,20.7344,20.2519,20.3232,20.5212,20.5738,20.7821,19.5981,19.5853,19.6525,20.2191,20.3855,20.4493,19.6646,19.8599,19.6374,20.372,19.9947,20.1376,20.9196,21.1446,21.8815,19.4643,19.4986,19.5781,20.6098,21.1038,20.121,19.7662,19.9355,19.8367,19.8193,19.9577,19.9999,20.2304,20.297,20.8522,20.0161,20.0485,20.2275,21.1929,21.9527,20.654,20.2489,20.3499,20.3426,20.1752,19.9073,20.0087,20.5462,20.8625,21.0729
473,3:01:55 PM,19.7751,19.7833,19.7815,20.1615,20.2778,20.3118,20.446,20.4862,20.5399,20.6034,20.4777,20.4195,20.3397,20.3895,20.5466,20.5064,20.6287,20.6623,20.8162,21.1367,20.7632,20.4301,20.5442,20.349,20.5146,19.9497,20.0146,19.7132,19.8313,20.0583,20.5808,20.4426,20.532,20.8012,21.0536,20.7174,20.4826,20.5269,20.5904,20.8292,20.675,20.6047,20.9983,21.0389,21.3721,20.82,20.9434,20.8886,20.4553,20.6047,20.0825,19.6275,19.5938,19.5637,20.2865,20.1123,20.3147,20.6524,20.8681,20.9091,20.2946,20.3477,20.1862,20.8061,21.1412,20.6986,20.1778,20.1579,20.312,20.7146,20.2137,20.3435,20.5026,20.5303,20.8047,19.5862,19.5214,19.6083,20.1633,20.4119,20.419,19.6788,19.8648,19.6401,20.4242,20.0542,20.1362,20.92,21.1192,21.6948,19.537,19.5315,19.4158,20.5528,21.2019,20.1151,19.7595,19.8137,19.804,19.8798,19.9611,19.9221,20.22,20.2382,20.9054,19.9755,20.1289,20.1872,21.4336,21.8313,20.7041,20.3046,20.2881,20.3816,20.2948,19.9747,20.1034,20.6373,20.6881,20.8813
474,3:02:15 PM,19.771,19.7776,19.7032,20.2043,20.2976,20.2777,20.4155,20.5809,20.5775,20.545,20.5647,20.3849,20.2856,20.3801,20.4955,20.4963,20.6425,20.5992,20.811,21.0752,20.7915,20.4599,20.4918,20.3331,20.4688,20.0264,20.0763,19.8495,19.9537,20.055,20.617,20.4898,20.586,20.8975,21.0855,20.6768,20.439,20.5329,20.7014,20.9583,20.6727,20.6111,21.0749,21.0235,21.3962,20.8291,20.9073,20.8568,20.4215,20.5445,20.0844,19.6164,19.5372,19.598,20.2879,20.0793,20.3512,20.7386,20.9148,21.0668,20.2303,20.3012,20.2184,20.8129,21.1991,20.7377,20.1836,20.1532,20.3161,20.8569,20.148,20.4307,20.5193,20.5054,20.7237,19.6624,19.5306,19.6017,20.2236,20.4006,20.4959,19.6548,20.0065,19.6233,20.4184,20.0783,20.2147,20.9838,21.2123,21.5931,19.5694,19.5102,19.3567,20.488,21.1286,20.0445,19.6478,19.8027,19.8657,19.9972,19.9156,19.9278,20.2549,20.2994,20.8863,19.9716,20.0838,20.1883,21.2116,21.9228,20.6585,20.2391,20.3296,20.3265,20.3252,19.9094,20.0881,20.6707,20.6903,20.888
475,3:02:35 PM,19.7775,19.8058,19.7438,20.2108,20.2131,20.2842,20.4479,20.4748,20.6084,20.5252,20.5228,20.4524,20.2385,20.4224,20.5506,20.5711,20.5816,20.5614,20.8392,21.0952,20.764,20.4284,20.4775,20.4487,20.4622,20.0013,20.1211,19.9692,19.88,20.0959,20.6698,20.4442,20.6018,20.8308,21.0572,20.7626,20.5156,20.5053,20.7351,20.984,20.6003,20.6241,20.9556,21.0211,21.3749,20.8974,20.9047,20.824,20.4412,20.6458,20.1129,19.6408,19.6081,19.6456,20.3351,20.1543,20.3153,20.7169,20.8638,21.0811,20.2337,20.3403,20.2597,20.7676,21.119,20.7405,20.2352,20.1088,20.2777,20.8465,20.0144,20.3908,20.5568,20.4664,20.664,19.6222,19.5222,19.6547,20.1734,20.4302,20.4465,19.7291,19.9345,19.6879,20.3864,19.9793,20.1956,20.9035,21.1096,21.3992,19.5511,19.4919,19.4141,20.3772,21.0906,19.9786,19.6709,19.7736,19.7785,20.0885,19.966,19.9819,20.2552,20.3213,20.7969,20.0357,20.1097,20.1547,21.2118,21.7694,20.6751,20.2853,20.2585,20.3861,20.529,19.8822,20.125,20.7415,20.6092,20.9055
476,3:02:55 PM,19.8129,19.7945,19.7507,20.1352,20.3069,20.3525,20.3779,20.3474,20.5226,20.5068,20.4999,20.4877,20.2351,20.4494,20.6049,20.5822,20.5992,20.5661,20.8311,21.064,20.6937,20.4003,20.485,20.5376,20.5142,20.0339,20.0999,19.969,19.9519,20.0472,20.6442,20.4591,20.5862,20.6996,21.0757,20.6745,20.4759,20.5375,20.7241,20.9228,20.5941,20.6121,20.9738,21.0047,21.3642,20.91,20.9502,20.8675,20.4208,20.6514,20.0554,19.6834,19.6115,19.6143,20.3373,20.2046,20.3057,20.7296,20.7912,21.2272,20.2173,20.3197,20.1965,20.8354,21.1843,20.6739,20.184,20.1124,20.2367,20.7992,20.0538,20.4167,20.5598,20.4972,20.5996,19.5499,19.6176,19.7192,20.1087,20.4204,20.4814,19.6409,19.999,19.6922,20.3137,19.9768,20.1503,20.9132,21.0994,21.6274,19.446,19.5516,19.4096,20.4959,21.024,20.0457,19.6372,19.7383,19.8369,20.0364,19.914,19.9652,20.2307,20.323,20.5969,19.9983,20.0697,20.1159,20.973,21.9502,20.6783,20.213,20.2544,20.3175,20.576,19.7944,20.0615,20.6621,20.6478,20.9368
477,3:03:15 PM,19.7751,19.7531,19.7403,20.2168,20.2592,20.2132,20.2966,20.4257,20.566,20.545,20.453,20.4227,20.1378,20.2911,20.5153,20.5285,20.5819,20.6345,20.8567,21.0545,20.7496,20.5592,20.5154,20.3929,20.4944,20.0139,20.0638,19.9193,19.8481,20.0394,20.4554,20.4429,20.5264,20.7373,21.0409,20.7427,20.5329,20.4613,20.6134,20.872,20.7084,20.6517,20.972,21.1263,21.3508,20.9202,20.8943,20.8703,20.4346,20.5625,20.0259,19.6155,19.6959,19.6259,20.288,20.2158,20.2601,20.7366,20.7237,21.1409,20.3005,20.3007,20.2119,20.8075,21.2669,20.7717,20.2587,20.1246,20.2653,20.7189,20.0916,20.374,20.6367,20.4709,20.6352,19.5713,19.5872,19.6189,20.1552,20.4126,20.4259,19.6878,19.9584,19.7007,20.3273,19.9228,20.0927,20.8061,21.077,21.8361,19.5103,19.5379,19.4314,20.4577,21.0738,20.1067,19.7164,19.7788,19.7883,19.9828,19.9119,19.93,20.2341,20.323,20.7928,20.0559,20.1281,20.1086,21.0194,21.8416,20.6983,20.1786,20.2563,20.2996,20.5298,19.8037,20.0708,20.5431,20.6214,20.9491
478,3:03:35 PM,19.7562,19.7112,19.7185,20.2519,20.2682,20.2772,20.3352,20.4637,20.5086,20.4328,20.4482,20.45,20.2714,20.32,20.4939,20.5403,20.6206,20.6214,20.8396,21.0494,20.6947,20.4219,20.4209,20.4642,20.508,20.0102,20.0261,19.952,19.91,20.1244,20.4667,20.4149,20.5438,20.8256,21.107,20.7308,20.4766,20.4495,20.602,20.8607,20.6532,20.6969,20.9642,21.0387,21.3627,20.8301,20.926,20.845,20.3948,20.5408,20.1158,19.6024,19.6557,19.5251,20.2899,20.0752,20.3169,20.6722,20.6887,21.1387,20.2513,20.3263,20.1994,20.7777,21.2464,20.7183,20.1849,20.1255,20.2657,20.7113,20.132,20.3698,20.5931,20.5579,20.7294,19.6222,19.5159,19.6364,20.209,20.3796,20.4213,19.6424,20.0349,19.6722,20.3935,19.9913,20.1388,20.8735,21.1847,21.9426,19.5121,19.5024,19.2608,20.6515,21.0268,20.1386,19.7732,19.8849,19.835,20.0657,19.926,19.8816,20.3309,20.3578,20.8256,20.0157,20.1331,20.0759,21.0434,21.825,20.686,20.1296,20.2126,20.2909,20.4493,19.7315,20.0551,20.4528,20.5537,20.8706
479,3:03:55 PM,19.7578,19.7194,19.7198,20.2013,20.2587,20.2632,20.4088,20.4415,20.5068,20.378,20.4867,20.4428,20.3173,20.3462,20.6001,20.5516,20.6869,20.6118,20.8335,21.1302,20.7453,20.4687,20.3799,20.4331,20.4999,20.062,20.0098,19.9387,19.9897,20.1107,20.5153,20.4799,20.5832,20.8015,21.0402,20.6885,20.4483,20.4642,20.5457,20.892,20.6205,20.6049,21.0233,21.154,21.3838,20.8655,20.9287,20.8677,20.4462,20.5944,20.041,19.5308,19.5935,19.5226,20.2566,20.1764,20.2959,20.7405,20.7141,21.0982,20.2715,20.2789,20.1859,20.6742,21.2084,20.6974,20.188,20.187,20.2138,20.8979,20.1167,20.2497,20.5534,20.4647,20.8289,19.5786,19.5469,19.6581,20.198,20.3739,20.4372,19.5944,20.0077,19.7638,20.3599,20.0417,20.1388,20.8291,21.1697,21.8483,19.4111,19.4679,19.3075,20.5931,21.0198,20.1179,19.6654,19.9665,19.8994,20.0788,19.8916,19.9552,20.274,20.3022,20.934,19.9349,20.0609,20.184,20.9936,21.6538,20.671,20.1576,20.2395,20.3178,20.4755,19.7167,19.9787,20.4625,20.5492,20.9352
480,3:04:15 PM,19.6865,19.7443,19.8026,20.234,20.3146,20.3078,20.3955,20.4149,20.4719,20.4037,20.418,20.4367,20.3138,20.2871,20.6356,20.5266,20.6426,20.6372,20.8392,21.1996,20.7869,20.4561,20.4579,20.397,20.4961,19.9864,20.0233,19.8915,20.0377,20.1012,20.4767,20.5201,20.576,20.881,21.0955,20.7455,20.5224,20.4533,20.5671,20.9066,20.6936,20.6543,20.986,21.1422,21.3809,20.9028,21.0225,20.8571,20.408,20.5768,20.0835,19.6187,19.6042,19.5869,20.2769,19.9896,20.33,20.7684,20.7107,21.0043,20.3424,20.3097,20.1413,20.8348,21.0937,20.7302,20.2169,20.1736,20.2573,20.9525,20.1481,20.3462,20.559,20.5307,20.7197,19.5305,19.5014,19.6365,20.2158,20.4208,20.491,19.7556,20.0443,19.655,20.2734,20.09,20.2082,20.8853,21.132,21.755,19.3761,19.4011,19.3487,20.5795,21.0581,20.1488,19.6994,19.8963,19.873,20.0509,19.9447,19.8698,20.3586,20.3727,20.8457,19.9884,20.0944,20.176,20.9106,21.4392,20.7348,20.2436,20.2586,20.3454,20.4583,19.7883,20.0099,20.542,20.6107,20.8923
481,3:04:35 PM,19.6984,19.701,19.8351,20.228,20.3194,20.3216,20.3606,20.4273,20.5231,20.4034,20.4588,20.3542,20.304,20.2684,20.6321,20.509,20.5864,20.6145,20.8182,21.1845,20.7383,20.5274,20.4523,20.3602,20.4931,19.9604,19.9194,19.8448,20.0313,20.0882,20.5255,20.4833,20.5903,20.8471,21.0591,20.697,20.4499,20.5329,20.5069,20.9198,20.6326,20.6274,21.0302,21.141,21.4049,20.8657,20.9343,20.8426,20.4842,20.5746,20.0075,19.5858,19.6057,19.6158,20.3429,20.0258,20.2568,20.6401,20.7621,21.0317,20.3558,20.2259,20.2349,20.6856,21.101,20.7476,20.1716,20.1448,20.2412,20.9918,20.1209,20.3344,20.5156,20.5058,20.6256,19.5326,19.4921,19.6846,20.18,20.4194,20.4734,19.7595,19.7871,19.6248,20.2201,19.994,20.1828,20.8676,21.0603,21.6464,19.353,19.3759,19.4009,20.6839,21.057,20.1473,19.733,19.8996,19.9836,19.9406,19.9328,19.925,20.3114,20.3582,20.7813,19.959,20.0932,20.2397,20.8793,21.3862,20.7081,20.1815,20.3937,20.3628,20.3945,19.8097,19.9982,20.4947,20.5352,20.8644
482,3:04:55 PM,19.6029,19.668,19.7644,20.2159,20.3435,20.3305,20.2874,20.4213,20.5123,20.4318,20.4155,20.379,20.2936,20.2298,20.452,20.5165,20.6006,20.5895,20.8436,21.1742,20.8352,20.5332,20.5081,20.364,20.4881,19.942,19.9825,19.8382,19.9493,20.0249,20.6067,20.4621,20.6099,20.8522,21.1149,20.695,20.4399,20.5261,20.516,20.8226,20.6558,20.6838,20.9825,21.1377,21.3516,20.8706,21.0035,20.8814,20.4063,20.6033,20.0461,19.5451,19.5716,19.609,20.359,20.032,20.2994,20.6581,20.7346,20.8908,20.2621,20.2798,20.2032,20.7563,21.1686,20.7548,20.2116,20.1512,20.3084,20.9344,20.2348,20.3529,20.5636,20.4646,20.722,19.5208,19.5121,19.664,20.2116,20.4232,20.47,19.7263,19.8128,19.5508,20.3203,19.9664,20.1373,20.8081,20.9638,21.6326,19.4237,19.3682,19.476,20.6781,21.1195,20.1515,19.8726,19.9603,19.9316,20.1441,19.9206,19.8626,20.259,20.3462,20.748,19.8567,20.0271,20.1682,20.8312,21.3492,20.6422,20.1068,20.2449,20.2579,20.278,19.6826,19.9938,20.4573,20.5135,20.7662
483,3:05:15 PM,19.6186,19.6338,19.6933,20.1629,20.256,20.3561,20.1995,20.4154,20.5261,20.4918,20.4198,20.3804,20.2554,20.2709,20.4232,20.5316,20.5566,20.6005,20.8294,21.1726,20.8354,20.5532,20.4782,20.4483,20.4517,19.981,19.9711,19.7844,19.838,20.0457,20.5942,20.4754,20.6053,20.7875,21.1236,20.6793,20.5252,20.4839,20.3878,20.7821,20.5748,20.6815,20.9184,21.0498,21.2907,20.9181,20.9715,20.8927,20.4251,20.613,20.0098,19.4869,19.5813,19.6703,20.2712,20.0955,20.2403,20.6855,20.7885,20.9431,20.2749,20.2449,20.1887,20.6646,21.1294,20.6504,20.1543,20.1596,20.2489,20.8542,20.3136,20.3751,20.64,20.5708,20.76,19.5128,19.4486,19.6442,20.1982,20.4303,20.4169,19.5772,19.7804,19.5021,20.3636,19.9234,20.1216,20.7352,20.8382,21.6097,19.4293,19.4439,19.5031,20.771,21.1271,20.0721,19.8281,19.9619,19.9112,20.3131,19.9468,19.9343,20.232,20.3352,20.7155,19.9416,20.0676,20.1413,20.8327,21.4284,20.5951,20.0705,20.2524,20.2112,20.2428,19.6908,19.9667,20.5024,20.652,20.9117
484,3:05:35 PM,19.6357,19.669,19.666,20.1685,20.3144,20.3523,20.3055,20.5205,20.5142,20.4531,20.407,20.3804,20.2349,20.1841,20.4685,20.5738,20.6076,20.6175,20.8408,21.1828,20.8137,20.4642,20.4453,20.4355,20.3698,19.8973,19.9499,19.7776,19.8635,19.9982,20.5432,20.4364,20.6575,20.8065,21.1047,20.6652,20.4003,20.4401,20.3777,20.5868,20.5764,20.6796,20.9172,21.0564,21.2831,20.811,20.9204,20.8781,20.3699,20.6289,20.0536,19.5508,19.5592,19.6508,20.2614,20.1112,20.3003,20.715,20.8005,20.9355,20.4225,20.2344,20.1397,20.7255,21.0079,20.6718,20.1214,20.0892,20.3223,20.81,20.3079,20.3589,20.6515,20.519,20.8425,19.5362,19.5249,19.6091,20.1639,20.3657,20.4647,19.5833,19.8202,19.5515,20.4831,20.033,20.1928,20.785,20.8902,21.5309,19.4883,19.3956,19.5131,20.6108,21.2259,20.0729,19.9159,19.9919,19.8267,20.2392,19.9055,19.9143,20.2451,20.3803,20.7429,19.9672,20.1001,20.2253,20.8458,21.5724,20.5643,20.0966,20.2962,20.2396,20.2997,19.7176,20.026,20.4523,20.7228,20.9464
485,3:05:55 PM,19.5724,19.6821,19.6184,20.1711,20.2849,20.2842,20.325,20.5422,20.5767,20.4845,20.3976,20.3562,20.1792,20.1874,20.4076,20.5418,20.5973,20.5672,20.7908,21.1236,20.8604,20.4703,20.5015,20.4509,20.4581,19.914,19.958,19.6985,19.861,20.0374,20.5197,20.4761,20.6379,20.7795,21.1108,20.6693,20.4122,20.403,20.3132,20.5142,20.5479,20.5998,20.8955,21.1359,21.3545,20.8769,20.971,20.8455,20.4228,20.5915,20.0033,19.5169,19.6208,19.6232,20.2285,20.1802,20.3304,20.6868,20.7435,21.0105,20.419,20.2651,20.249,20.6554,21.0221,20.6773,20.1424,20.1684,20.2908,20.7393,20.3307,20.3712,20.6438,20.5407,20.7797,19.5612,19.4776,19.6145,20.1762,20.3964,20.4292,19.5676,19.8459,19.5997,20.5257,20.0248,20.2456,20.8741,20.9651,21.5355,19.5593,19.4229,19.4711,20.4928,21.1765,20.0961,19.8973,19.9814,19.8236,20.0985,19.9172,19.9193,20.2734,20.4232,20.8025,19.9175,20.1243,20.2857,20.8715,21.7512,20.6054,20.204,20.224,20.3288,20.3275,19.7134,20.0015,20.4831,20.6766,20.9147
486,3:06:15 PM,19.714,19.7506,19.6815,20.2508,20.3006,20.3014,20.4262,20.5661,20.618,20.5166,20.3639,20.301,20.2558,20.2065,20.3781,20.5732,20.5989,20.5754,20.8639,21.1605,20.8643,20.4428,20.4838,20.4149,20.3658,19.9909,20.027,19.8411,19.9306,20.0614,20.6147,20.4885,20.6957,20.7752,21.0298,20.6006,20.4249,20.4062,20.514,20.693,20.548,20.5392,20.9529,21.1446,21.3785,20.8709,20.9663,20.8424,20.4178,20.6099,19.9974,19.5565,19.6379,19.6206,20.2438,20.1401,20.2683,20.5847,20.7305,21.0343,20.3295,20.2578,20.1659,20.5933,21.0262,20.6747,20.1251,20.1093,20.2345,20.8057,20.0591,20.4384,20.6324,20.4961,20.6986,19.5589,19.5257,19.6383,20.1749,20.396,20.4323,19.6294,19.8449,19.5352,20.5293,20.0254,20.1401,20.9008,20.9837,21.4441,19.4768,19.4183,19.3323,20.389,21.1599,20.082,19.7087,19.8473,19.9348,19.8467,19.9061,19.851,20.2628,20.3031,20.6901,19.9673,20.0876,20.1917,20.8861,21.7172,20.7078,20.3034,20.2947,20.2347,20.411,19.8246,20.0084,20.5229,20.6561,20.8493
487,3:06:35 PM,19.7275,19.7183,19.7008,20.168,20.301,20.2795,20.4805,20.6261,20.6036,20.5702,20.4199,20.3003,20.2501,20.2675,20.4166,20.5307,20.5502,20.6173,20.804,21.1434,20.7446,20.4529,20.4695,20.4022,20.473,20.0273,20.0204,19.763,19.8683,20.0626,20.608,20.493,20.596,20.8087,21.0597,20.6674,20.4636,20.3859,20.6061,20.8634,20.6203,20.6159,20.8696,21.1673,21.3122,20.8685,20.9793,20.8743,20.4235,20.6086,20.1045,19.6032,19.6136,19.6185,20.2758,20.1589,20.271,20.6349,20.8134,21.0892,20.3434,20.2931,20.206,20.77,21.0843,20.7127,20.1618,20.1034,20.2784,20.8456,20.0204,20.4516,20.6556,20.5068,20.5977,19.6088,19.5672,19.639,20.173,20.4041,20.4365,19.6423,19.976,19.6373,20.5732,20.0446,20.1185,21.0443,21.0656,21.5855,19.4531,19.3759,19.3297,20.3541,21.146,20.0217,19.5647,19.788,19.8867,19.8232,19.993,19.9148,20.2366,20.2883,21.1503,20.0351,20.1238,20.2548,20.9286,21.7216,20.7321,20.2917,20.2744,20.3886,20.3658,19.8877,20.0255,20.6258,20.5915,20.7488
488,3:06:55 PM,19.7938,19.7386,19.714,20.127,20.3127,20.2402,20.5509,20.5722,20.615,20.6031,20.3886,20.362,20.213,20.2546,20.5034,20.4706,20.5645,20.6061,20.8379,21.0401,20.6636,20.4588,20.4383,20.4052,20.4304,20.0458,20.0332,19.7322,19.9396,20.0385,20.6659,20.4537,20.7019,20.8019,21.1226,20.695,20.4551,20.4097,20.5762,20.7526,20.6222,20.5856,20.9599,21.0913,21.2691,20.8538,20.9153,20.8379,20.4248,20.5582,20.0675,19.672,19.6386,19.5481,20.2446,20.1495,20.235,20.6468,20.8057,21.0251,20.2565,20.3028,20.2302,20.7193,21.0525,20.6198,20.191,20.0501,20.2213,20.885,20.048,20.4361,20.5969,20.5162,20.6694,19.5952,19.5943,19.6705,20.1943,20.459,20.4605,19.7171,19.9742,19.7183,20.5915,20.0372,20.1534,21.0594,21.141,21.591,19.3969,19.3692,19.3134,20.3078,21.1897,20.0108,19.6016,19.7037,19.8121,19.6326,19.9686,19.8953,20.3591,20.3386,21.2375,20.1176,20.0724,20.2233,20.8778,21.8236,20.6915,20.1824,20.3129,20.3319,20.4183,19.9079,20.0197,20.5722,20.5612,20.7764
489,3:07:15 PM,19.8226,19.7608,19.6385,20.102,20.3094,20.2884,20.4357,20.6334,20.6034,20.6206,20.346,20.3833,20.201,20.2705,20.4591,20.535,20.5289,20.5856,20.824,21.0793,20.6141,20.4393,20.4834,20.4277,20.4438,20.0034,19.9892,19.7282,19.8931,20.0188,20.6333,20.4769,20.6446,20.7665,21.0708,20.6637,20.5183,20.4676,20.5121,20.7777,20.5962,20.5626,20.9186,21.152,21.2476,20.8831,20.9481,20.8393,20.306,20.5562,20.0845,19.5827,19.6343,19.6345,20.2886,20.0563,20.2177,20.6732,20.8075,21.0488,20.2295,20.2786,20.1959,20.7851,21.0818,20.5935,20.1605,20.0514,20.272,20.8932,20.2305,20.4343,20.5678,20.5348,20.6848,19.6022,19.5557,19.6105,20.216,20.4368,20.429,19.6815,19.9057,19.6596,20.5234,20.051,20.1342,21.0395,21.174,21.6364,19.4501,19.4278,19.3029,20.3847,21.2023,20.0711,19.5561,19.8131,19.7913,19.6143,19.9576,19.91,20.3415,20.3521,21.3096,20.0977,20.1183,20.2449,20.9049,21.945,20.6509,20.1339,20.213,20.3367,20.4335,19.8102,20.0333,20.4506,20.6133,20.8418
490,3:07:35 PM,19.7353,19.7375,19.6564,20.1494,20.1701,20.2607,20.3826,20.5796,20.6076,20.6423,20.4397,20.3911,20.2325,20.3447,20.3861,20.4611,20.5466,20.577,20.8598,21.0176,20.7531,20.4126,20.5348,20.343,20.4805,19.9155,19.9781,19.7527,19.836,20.0659,20.4887,20.4448,20.6112,20.7519,20.981,20.6392,20.4141,20.5049,20.4477,20.7123,20.5942,20.5786,20.9201,21.1142,21.2765,20.8961,20.925,20.8561,20.3363,20.5988,20.0574,19.5037,19.6034,19.642,20.2453,19.9592,20.2879,20.6755,20.8221,20.9297,20.2611,20.2461,20.1176,20.7537,21.0641,20.6297,20.2166,20.143,20.2934,20.9824,20.2572,20.4372,20.5242,20.5155,20.8029,19.5945,19.5699,19.6832,20.1441,20.4132,20.4941,19.6637,19.7475,19.5663,20.4043,20.0024,20.0233,20.9257,21.1628,21.8126,19.5106,19.3946,19.3531,20.4814,21.2314,20.0527,19.6865,19.8678,19.8024,19.6243,19.9975,19.9298,20.2875,20.3271,20.979,19.9648,20.0851,20.2295,20.8724,21.7395,20.5815,20.0874,20.2725,20.3166,20.5234,19.7428,20.0103,20.3697,20.6521,20.7572
491,3:07:55 PM,19.8095,19.7324,19.6487,20.0728,20.2571,20.2759,20.3341,20.5198,20.5675,20.4878,20.408,20.3842,20.3109,20.2931,20.4122,20.5571,20.6216,20.6272,20.8612,21.0587,20.7373,20.3953,20.4413,20.3868,20.4459,19.8906,20.0455,19.8224,19.8083,19.9614,20.4532,20.4945,20.5771,20.8033,20.9676,20.6809,20.4528,20.5036,20.631,20.9205,20.5984,20.5437,20.9163,21.0961,21.3257,20.8612,20.8636,20.8602,20.3804,20.6141,20.0049,19.5237,19.5741,19.4736,20.3011,19.9706,20.2393,20.6534,20.7704,20.8546,20.2621,20.2618,20.1441,20.6982,21.0934,20.6229,20.1426,20.1248,20.2928,20.8927,20.1609,20.5067,20.6119,20.5172,20.7657,19.5399,19.5323,19.6313,20.1431,20.4129,20.3785,19.5475,19.7092,19.5934,20.4618,20.1082,20.0922,20.9444,21.1221,21.8238,19.4807,19.4111,19.456,20.5255,21.3339,20.0536,19.6272,19.8494,19.974,19.6603,19.9525,19.9345,20.2713,20.332,20.9052,19.8917,20.0653,20.2041,20.8138,21.7036,20.5759,20.1297,20.2293,20.3225,20.4819,19.7784,20.051,20.4736,20.7643,20.8851
492,3:08:15 PM,19.7308,19.7178,19.5828,20.0769,20.1863,20.3245,20.1948,20.4602,20.5261,20.5614,20.3685,20.4657,20.2724,20.3396,20.5378,20.5376,20.5821,20.5494,20.8417,21.0689,20.7194,20.3923,20.4955,20.3867,20.522,19.8832,20.002,19.8992,19.8045,19.9809,20.3688,20.4414,20.5214,20.8778,21.0335,20.6568,20.4894,20.5281,20.5461,20.894,20.6341,20.6192,20.9468,21.1333,21.3285,20.8714,20.8499,20.8997,20.3934,20.5811,19.9992,19.5543,19.5642,19.5478,20.304,20.0696,20.1948,20.6859,20.7545,20.8858,20.2755,20.2353,20.1507,20.662,21.159,20.6364,20.1353,20.0868,20.3199,20.8353,20.1743,20.4503,20.5285,20.4826,20.7302,19.5448,19.5462,19.6181,20.1714,20.4184,20.4003,19.6052,19.7999,19.5568,20.5111,20.0567,20.0985,20.9053,21.1551,21.8738,19.4278,19.451,19.6206,20.432,21.2949,20.0839,19.6864,19.7778,19.9673,19.7205,19.9426,19.9061,20.2667,20.2697,20.834,19.8886,19.9883,20.2006,20.9097,21.6722,20.6692,20.1883,20.2473,20.3183,20.4075,19.8757,20.0069,20.4971,20.7064,20.8108
493,3:08:35 PM,19.7334,19.7653,19.6236,20.0966,20.1972,20.2552,20.2175,20.4382,20.4752,20.4554,20.4222,20.3974,20.2836,20.36,20.6058,20.5589,20.5815,20.6053,20.8372,21.0441,20.7521,20.4268,20.4294,20.5774,20.4616,20.0266,20.0008,19.8362,19.9078,20.0462,20.4299,20.3755,20.4982,20.8262,21.1136,20.6664,20.403,20.475,20.5509,20.9697,20.6323,20.5468,20.859,21.0729,21.3378,20.9265,20.9158,20.8455,20.381,20.6043,20.0235,19.6222,19.6353,19.5445,20.2744,20.1037,20.2644,20.6645,20.7726,20.7796,20.2086,20.2561,20.1447,20.7203,21.1986,20.647,20.1864,20.112,20.229,20.8056,20.1483,20.4158,20.5916,20.5246,20.6675,19.5579,19.5813,19.6345,20.173,20.4277,20.435,19.6029,19.8546,19.6632,20.5696,19.9952,20.1289,20.9353,21.0906,21.7904,19.3547,19.4309,19.5117,20.4072,21.2918,20.0473,19.6798,19.7557,19.9346,19.7116,19.8951,19.941,20.2398,20.3051,20.8724,19.9837,20.0298,20.2466,20.8693,21.9292,20.7134,20.1586,20.2737,20.2957,20.3067,19.9118,20.0469,20.4796,20.6346,20.8918
494,3:08:55 PM,19.7523,19.7073,19.5962,20.1063,20.165,20.2507,20.2196,20.363,20.4568,20.4078,20.4168,20.4843,20.2943,20.3654,20.6331,20.5339,20.6627,20.558,20.7606,21.0364,20.739,20.4057,20.4471,20.4832,20.4783,20.0255,19.9931,19.6889,19.8365,20.1171,20.4847,20.3774,20.4829,20.8484,21.1626,20.6893,20.4997,20.5218,20.6632,20.9947,20.6815,20.5888,20.9127,21.149,21.3932,20.9067,20.9058,20.8766,20.4058,20.589,20.0374,19.5557,19.598,19.5232,20.3083,20.0694,20.2645,20.6769,20.8606,20.8108,20.1679,20.2131,20.1643,20.756,21.0731,20.647,20.1601,20.0815,20.2772,20.8462,20.0525,20.3587,20.6052,20.5316,20.7547,19.5355,19.5787,19.6276,20.1823,20.4113,20.4848,19.5615,19.8523,19.596,20.5178,19.973,20.0797,20.8441,20.9564,21.8519,19.4196,19.4224,19.413,20.4608,21.2395,20.0503,19.7382,19.8243,19.8966,19.7218,19.8671,19.9081,20.2995,20.2873,20.851,20.0705,20.0567,20.1863,20.8511,21.8217,20.6414,20.0845,20.2836,20.258,20.3394,19.8723,20.1001,20.4419,20.6577,20.9453
495,3:09:15 PM,19.7555,19.6894,19.6554,20.0986,20.2308,20.2335,20.2542,20.3532,20.4577,20.3728,20.4387,20.4182,20.2503,20.3816,20.7101,20.5126,20.634,20.614,20.8288,21.0553,20.8266,20.3827,20.3722,20.3315,20.557,19.9043,19.9961,19.7341,19.8654,20.017,20.5374,20.4045,20.5034,20.8133,21.122,20.7065,20.5284,20.5538,20.7135,20.8743,20.7094,20.5295,20.9287,21.1333,21.3552,20.9478,20.9219,20.8468,20.4441,20.6383,19.983,19.5342,19.587,19.4748,20.3332,20.1007,20.2372,20.6093,20.8207,20.8714,20.1783,20.2328,20.2302,20.8545,21.0617,20.669,20.1676,20.0967,20.2921,20.937,20.1399,20.3263,20.5852,20.6147,20.8473,19.5209,19.5595,19.6025,20.0808,20.3993,20.4141,19.6383,19.8784,19.5529,20.5069,19.9868,20.0768,20.7724,20.9716,21.7419,19.421,19.451,19.3687,20.483,21.2823,20.179,19.9073,19.9625,19.8909,19.7618,19.8194,19.942,20.2147,20.3421,20.6862,19.9954,20.097,20.2823,20.8431,21.9194,20.5839,20.0227,20.2558,20.2471,20.4487,19.9551,20.0599,20.4563,20.6146,21.0339
496,3:09:35 PM,19.6634,19.6962,19.6586,19.9666,20.1904,20.2393,20.2707,20.3936,20.4685,20.3475,20.4379,20.4514,20.3237,20.465,20.75,20.545,20.6213,20.6159,20.8519,21.0854,20.7716,20.4135,20.4492,20.3203,20.4971,19.8776,19.9587,19.766,19.86,20.0437,20.4958,20.3782,20.5452,20.817,21.1727,20.7063,20.5097,20.5758,20.6213,20.8391,20.6536,20.6288,20.8955,21.1166,21.3783,20.9712,20.9212,20.8744,20.4481,20.639,20.0203,19.5849,19.6179,19.561,20.3096,20.0517,20.2688,20.624,20.8386,20.9138,20.2413,20.2375,20.2223,20.7889,21.0494,20.649,20.1732,20.1143,20.2408,20.8982,20.2534,20.396,20.5984,20.5933,20.9153,19.526,19.5652,19.5926,20.2075,20.4034,20.4702,19.6783,19.8853,19.5712,20.4356,19.9809,20.06,20.8136,20.8649,21.5509,19.3976,19.4548,19.4434,20.5687,21.3679,20.1186,19.9746,19.9176,19.8802,19.9111,19.8824,19.8966,20.2599,20.2184,20.6216,19.9531,20.1373,20.2099,20.8725,22.0414,20.6783,20.0198,20.2399,20.2847,20.5326,19.9483,20.1123,20.5137,20.6456,20.9257
497,3:09:55 PM,19.6063,19.5629,19.6538,20.0627,20.2029,20.2563,20.321,20.4125,20.3962,20.3455,20.3933,20.313,20.3052,20.4867,20.8106,20.5193,20.6082,20.6302,20.8604,21.1805,20.8214,20.4472,20.4353,20.3684,20.5507,19.9188,19.9778,19.8301,19.8603,20.0951,20.5423,20.397,20.452,20.7978,21.1795,20.6742,20.3985,20.4777,20.553,20.6966,20.6813,20.6194,20.9718,21.1226,21.407,20.9856,20.963,20.85,20.3963,20.6817,20.0315,19.5429,19.6233,19.5064,20.3491,20.0503,20.2603,20.6683,20.7259,20.8193,20.3199,20.2287,20.2021,20.7384,21.1023,20.7304,20.1362,20.1151,20.2859,20.9522,20.2798,20.4055,20.5885,20.5822,20.9545,19.574,19.5343,19.595,20.2051,20.3838,20.3923,19.645,19.883,19.5794,20.5124,20.018,20.0951,20.7895,20.9308,21.6233,19.4296,19.4691,19.5152,20.6751,21.242,20.1129,19.9538,19.949,19.8957,19.9627,19.8958,19.9201,20.2942,20.2399,20.7117,19.9309,20.151,20.234,21.0337,22.0389,20.695,20.1881,20.243,20.3295,20.4901,19.8993,20.0904,20.5133,20.6501,20.8499
498,3:10:15 PM,19.6615,19.5472,19.6121,20.1106,20.2512,20.2895,20.3288,20.4599,20.4552,20.4153,20.4595,20.3492,20.2594,20.3625,20.619,20.5235,20.6062,20.5959,20.7822,21.1661,20.7527,20.3898,20.4436,20.2839,20.5964,19.9291,19.9744,19.7713,19.8067,20.0818,20.5223,20.41,20.5306,20.838,21.1809,20.7029,20.3704,20.5007,20.4836,20.5712,20.6653,20.6096,20.9001,21.0595,21.3543,20.9357,20.952,20.8444,20.4599,20.6727,20.0302,19.5043,19.5256,19.5593,20.238,19.974,20.1697,20.6459,20.7333,20.7595,20.4365,20.2244,20.2171,20.6499,20.9788,20.7189,20.1827,20.0701,20.21,20.8745,20.278,20.4615,20.6386,20.5351,20.9482,19.6128,19.5155,19.6233,20.2445,20.3843,20.407,19.6692,19.923,19.6394,20.6679,19.9956,20.1693,20.8234,20.7916,21.573,19.3821,19.4264,19.5723,20.6953,21.2234,20.1017,19.8818,19.8877,20.0687,19.9636,19.9417,19.9467,20.2108,20.2698,20.6631,19.9481,20.1167,20.1637,21.0858,22.0561,20.7174,20.3491,20.2803,20.2735,20.4249,19.911,20.0907,20.3812,20.6793,20.8405
499,3:10:35 PM,19.6384,19.6015,19.6112,20.1428,20.277,20.2462,20.451,20.487,20.5055,20.4962,20.4834,20.2766,20.1674,20.277,20.5725,20.4882,20.5321,20.6267,20.8149,21.1848,20.7515,20.3715,20.4042,20.3403,20.5673,19.8988,20.0602,19.8465,19.8404,20.0255,20.5358,20.4391,20.5731,20.9003,21.1849,20.729,20.4188,20.4082,20.3924,20.4431,20.6877,20.6084,20.9233,21.1139,21.3624,20.9533,20.9628,20.8113,20.4746,20.722,19.9951,19.5475,19.5463,19.5076,20.3195,19.9522,20.2818,20.6279,20.7449,20.816,20.418,20.2676,20.2337,20.6778,21.0058,20.6301,20.1955,20.0666,20.1697,20.8806,20.2528,20.3996,20.5995,20.4621,20.8004,19.5766,19.485,19.6226,20.251,20.423,20.48,19.7881,19.9826,19.565,20.7197,20.0081,20.1339,20.8369,20.956,21.6436,19.4919,19.377,19.5729,20.6474,21.1672,20.0725,19.9107,19.882,19.9731,19.8182,19.9341,19.9472,20.2617,20.3062,20.7776,19.9369,20.0954,20.2105,21.1212,21.9204,20.6838,20.3283,20.3453,20.2224,20.3402,19.911,20.054,20.3708,20.6544,20.8362
500,3:10:55 PM,19.7083,19.7265,19.6465,20.1867,20.2489,20.2382,20.4892,20.5431,20.5791,20.5273,20.4867,20.3234,20.2575,20.1954,20.4486,20.4544,20.4786,20.5316,20.78,21.185,20.8269,20.4054,20.4269,20.3233,20.6048,19.9366,20.0031,19.8384,19.9085,20.0265,20.5647,20.5048,20.7044,20.896,21.1514,20.7041,20.4135,20.3703,20.311,20.3356,20.6037,20.5742,20.9383,20.98,21.3798,20.8404,20.9061,20.8811,20.4448,20.6227,20.0228,19.5939,19.6018,19.5389,20.326,20.0807,20.2169,20.7118,20.7931,20.8399,20.4048,20.3047,20.1847,20.6519,21.0811,20.6919,20.1434,20.0501,20.2021,20.8555,20.1266,20.291,20.5147,20.5639,20.7314,19.5432,19.5364,19.6102,20.2066,20.4075,20.4749,19.767,20.0432,19.5825,20.793,20.0456,20.1526,20.825,20.9654,21.7151,19.4394,19.422,19.4218,20.579,21.2287,20.1294,19.8243,19.9502,19.9707,19.8161,19.8885,19.8837,20.3293,20.3399,20.8523,19.962,20.1323,20.245,21.0448,21.9971,20.6166,20.3336,20.3033,20.3261,20.3339,19.9527,20.0793,20.348,20.6626,20.7516
501,3:11:15 PM,19.8232,19.7444,19.7095,20.1551,20.301,20.2319,20.5493,20.6029,20.5922,20.5425,20.49,20.3463,20.2098,20.2012,20.4419,20.4745,20.5379,20.5473,20.7957,21.173,20.7866,20.3896,20.4418,20.5121,20.5731,19.8995,20.048,19.8568,19.9461,20.1238,20.5244,20.5516,20.6357,20.8771,21.1091,20.7262,20.3855,20.3992,20.4014,20.5952,20.5584,20.5467,20.9351,21.0864,21.3708,20.8912,20.8653,20.8433,20.4463,20.6445,20.0934,19.6134,19.6063,19.5583,20.3602,20.1101,20.2857,20.783,20.7644,20.8841,20.4196,20.2764,20.2196,20.6891,21.0882,20.6056,20.1911,20.109,20.1873,20.8404,20.1289,20.258,20.4698,20.6026,20.6476,19.702,19.5818,19.5883,20.2542,20.427,20.5093,19.7051,19.9869,19.5948,20.6306,20.092,20.1297,20.8745,20.9142,21.7921,19.4949,19.4313,19.3703,20.4779,21.218,20.088,19.7962,19.9196,19.917,19.8043,19.9119,19.9103,20.3136,20.3372,20.8087,19.9005,20.156,20.1918,20.9722,22.0951,20.6644,20.2625,20.3252,20.3079,20.3808,19.9373,20.0995,20.3994,20.6114,20.8192
502,3:11:35 PM,19.7369,19.7276,19.7847,20.2716,20.2835,20.2731,20.5659,20.6163,20.6394,20.548,20.4143,20.3784,20.1879,20.2426,20.4783,20.5075,20.4574,20.6262,20.7856,21.1744,20.8367,20.4123,20.4179,20.5651,20.5209,20.0106,20.1028,19.8911,19.9687,20.0574,20.5735,20.4824,20.6581,20.8546,21.0562,20.6802,20.4032,20.4017,20.4992,20.8359,20.5884,20.5488,20.9489,21.0511,21.3441,20.8387,20.8234,20.8977,20.446,20.6357,20.0335,19.5722,19.6226,19.5827,20.2904,20.1594,20.2563,20.7337,20.776,20.9043,20.3412,20.2601,20.1916,20.7494,21.1497,20.6629,20.1628,20.0456,20.2427,20.7807,20.0404,20.2803,20.5365,20.6279,20.6511,19.6261,19.6074,19.7012,20.1994,20.4323,20.4952,19.6484,19.9495,19.5544,20.5376,20.0484,20.162,20.8632,20.8834,21.6709,19.4426,19.3858,19.4491,20.4573,21.1303,20.0567,19.7506,19.8543,19.9543,19.7331,19.9,19.8754,20.3484,20.312,20.8445,20.0137,20.1249,20.2106,20.9874,21.9458,20.7019,20.2262,20.3434,20.3268,20.3705,19.8442,20.1163,20.4421,20.66,20.8513
503,3:11:55 PM,19.6914,19.7621,19.747,20.1789,20.2933,20.3001,20.4942,20.618,20.6336,20.531,20.4103,20.3671,20.2121,20.3159,20.4408,20.4402,20.5343,20.6475,20.8191,21.1829,20.7939,20.3742,20.382,20.5363,20.4704,19.9557,20.0627,19.9214,19.9229,20.1,20.5251,20.4673,20.6945,20.8571,21.1441,20.6741,20.4068,20.4885,20.5819,20.8801,20.5961,20.5712,20.8831,21.0823,21.3784,20.877,20.8585,20.8627,20.484,20.6459,20.0227,19.5351,19.6162,19.6275,20.3781,20.1501,20.2927,20.6878,20.7946,20.9135,20.3068,20.3009,20.1222,20.7213,21.104,20.6531,20.1401,20.1065,20.2542,20.7598,20.1006,20.3116,20.5155,20.6115,20.6839,19.5716,19.5165,19.6967,20.188,20.441,20.4807,19.5887,19.8486,19.5654,20.4219,19.9645,20.1969,20.8456,20.8273,21.6127,19.4524,19.4196,19.5578,20.4978,21.125,20.0943,19.7582,19.7595,19.9397,19.7573,19.9394,19.9273,20.3819,20.2863,20.7898,20.0105,20.075,20.1399,20.8294,21.7356,20.6525,20.2358,20.2649,20.2895,20.4344,19.839,20.0847,20.4983,20.6465,20.8965
504,3:12:15 PM,19.7104,19.6929,19.6893,20.1846,20.3117,20.3742,20.4739,20.6061,20.6259,20.5651,20.3945,20.3881,20.2775,20.2904,20.5295,20.5142,20.4661,20.6253,20.8386,21.1132,20.7733,20.3601,20.5107,20.5171,20.6056,19.9703,20.0615,19.8487,19.9716,20.1442,20.621,20.4687,20.6632,20.8674,21.1193,20.6857,20.4252,20.4135,20.5413,20.8268,20.5507,20.6006,20.9731,21.118,21.3354,20.8379,20.9011,20.8476,20.4725,20.6868,19.9627,19.5409,19.5548,19.6825,20.309,20.2151,20.3013,20.6962,20.8466,20.9533,20.275,20.2868,20.2028,20.7679,21.0987,20.6276,20.1495,20.1402,20.2409,20.7969,20.1288,20.3923,20.5714,20.6018,20.8356,19.4981,19.5353,19.6452,20.1631,20.3374,20.4779,19.6288,19.9251,19.5775,20.3444,19.9463,20.158,20.8839,20.9069,21.5941,19.4319,19.481,19.4914,20.536,21.2153,20.0815,19.649,19.8023,19.9165,19.9907,19.8755,19.8931,20.2867,20.2166,20.7712,19.9987,20.2057,20.1642,21.1996,21.4744,20.6761,20.1314,20.281,20.3213,20.4016,19.8464,20.006,20.5476,20.7246,20.8774
505,3:12:35 PM,19.7572,19.7391,19.7155,20.1413,20.2971,20.3262,20.3328,20.5428,20.5705,20.5629,20.4361,20.3717,20.2538,20.3273,20.4352,20.5058,20.5277,20.5639,20.8187,21.155,20.6803,20.3776,20.4736,20.5055,20.6174,19.9658,20.0055,19.8566,19.8855,20.1346,20.6503,20.4875,20.6112,20.8828,21.1156,20.6502,20.4165,20.3406,20.4599,20.7833,20.5464,20.5585,21.0152,21.1343,21.2962,20.8157,20.8884,20.8947,20.4491,20.6204,20.03,19.5955,19.6014,19.6188,20.3297,20.175,20.3317,20.6612,20.8245,20.9207,20.4079,20.3403,20.2049,20.7398,21.3208,20.6713,20.1498,20.0753,20.2055,20.9343,20.1404,20.2857,20.5943,20.6305,20.8761,19.5684,19.45,19.6432,20.0827,20.3924,20.5065,19.6181,19.901,19.5192,20.4554,19.923,20.2087,20.9067,21.1698,21.7144,19.4473,19.4259,19.3183,20.5611,21.1881,20.1109,19.6769,19.8904,19.9518,20.1582,19.9434,19.8669,20.3186,20.2487,20.6561,20.0015,20.1044,20.1756,21.2368,21.4004,20.6472,20.2431,20.293,20.289,20.3903,19.8258,19.9581,20.4977,20.7285,20.7875
506,3:12:55 PM,19.7552,19.7429,19.7794,20.164,20.2678,20.2704,20.3083,20.5088,20.5313,20.5884,20.4387,20.3621,20.2619,20.3523,20.5598,20.5345,20.5667,20.5991,20.8584,21.0902,20.7856,20.3957,20.5323,20.4512,20.528,19.955,20.0169,19.8671,19.9175,19.977,20.7646,20.443,20.6119,20.8258,21.1837,20.6857,20.3986,20.4283,20.3907,20.6751,20.5681,20.5573,20.9664,21.1108,21.3264,20.8403,20.8791,20.843,20.444,20.6542,20.0731,19.5378,19.6619,19.6067,20.2832,20.1744,20.3311,20.7339,20.8379,20.9702,20.3612,20.2439,20.1789,20.7394,21.3309,20.6859,20.1865,20.0691,20.252,20.8285,20.2066,20.3425,20.6194,20.5577,20.9748,19.5764,19.5975,19.6046,20.1614,20.3856,20.5454,19.6335,20.0293,19.6425,20.4717,19.9563,20.128,20.9447,21.2521,21.7537,19.372,19.3799,19.4228,20.5311,21.1989,20.0676,19.6642,19.8595,19.8427,20.3556,19.9986,19.889,20.2686,20.2162,20.6351,20.065,20.1472,20.1525,21.3331,21.4819,20.6887,20.2032,20.4059,20.2987,20.4131,19.9108,19.9982,20.4786,20.8016,20.8042
507,3:13:15 PM,19.8112,19.8132,19.7683,20.2693,20.2582,20.2346,20.231,20.382,20.5934,20.595,20.3903,20.4094,20.2456,20.3908,20.5657,20.4479,20.5728,20.6219,20.9008,21.1287,20.7492,20.3112,20.4721,20.3438,20.5887,19.9823,20.0692,19.8562,19.8597,20.0251,20.6644,20.4241,20.5825,20.7801,21.0551,20.7021,20.4418,20.4022,20.5277,20.7515,20.6087,20.5816,20.9041,21.1467,21.4235,20.8194,20.88,20.878,20.401,20.592,20.0748,19.5593,19.6544,19.6153,20.2786,20.0978,20.3084,20.7258,20.8223,20.9477,20.3087,20.2842,20.1352,20.6509,21.3058,20.6875,20.2045,20.0403,20.2529,20.8132,20.1926,20.3543,20.5746,20.5648,20.8892,19.6801,19.6203,19.6546,20.2473,20.3667,20.554,19.7684,19.8696,19.6631,20.5936,19.9446,20.1421,20.8991,21.1388,21.7228,19.4418,19.4771,19.4096,20.594,21.0776,20.0525,19.5985,19.7737,19.8128,20.355,19.9268,19.9319,20.2903,20.2454,20.5529,20.0986,20.1337,20.2552,20.9412,21.4275,20.6787,20.2742,20.3823,20.2966,20.6887,19.9016,20.0433,20.4903,20.7178,20.8985
508,3:13:35 PM,19.7744,19.788,19.65,20.2696,20.2487,20.2395,20.3111,20.4223,20.4896,20.5471,20.4507,20.3928,20.241,20.4294,20.5062,20.5389,20.5002,20.5529,20.8469,21.098,20.7383,20.3352,20.4394,20.3654,20.6225,19.9707,20.0038,19.876,19.8758,20.0676,20.5987,20.3528,20.4776,20.7286,21.0771,20.6987,20.3966,20.4658,20.5995,20.8091,20.6114,20.5884,20.9546,21.0519,21.4319,20.8695,20.888,20.7947,20.4136,20.6335,20.052,19.5645,19.5826,19.5747,20.2713,20.0346,20.2569,20.7106,20.7775,20.953,20.1978,20.2526,20.2587,20.6855,21.2097,20.6997,20.1717,20.0737,20.1889,20.8003,20.2652,20.3181,20.556,20.5827,20.887,19.6618,19.6308,19.6684,20.1798,20.4065,20.5278,19.7717,20.0092,19.7265,20.5812,19.9416,20.1868,20.8084,21.0453,21.7091,19.4901,19.4376,19.4853,20.5307,21.0417,20.0134,19.5983,19.7026,19.6908,20.1356,19.9838,19.9562,20.242,20.3273,20.663,20.1687,20.2106,20.2338,20.9109,21.7374,20.6795,20.2259,20.327,20.314,20.6784,19.8967,20.0491,20.5029,20.7852,20.9537
509,3:13:55 PM,19.6429,19.6377,19.676,20.2716,20.2436,20.2175,20.4278,20.4175,20.5011,20.433,20.4542,20.3668,20.2318,20.4078,20.4105,20.4996,20.5447,20.5109,20.8241,21.1461,20.6034,20.3973,20.4304,20.4238,20.6028,19.887,19.9246,19.7612,19.9066,19.9653,20.5525,20.3679,20.5676,20.7645,21.0887,20.6665,20.4345,20.4226,20.53,20.6592,20.6509,20.5211,20.9677,21.0909,21.3305,20.7577,20.8777,20.8466,20.376,20.6314,20.1044,19.5635,19.5815,19.5864,20.3154,19.9831,20.2835,20.7407,20.7319,20.8563,20.2757,20.2482,20.1449,20.6698,21.1794,20.7058,20.1114,20.0568,20.2041,20.8834,20.1658,20.3363,20.5489,20.4908,20.7238,19.613,19.5554,19.5832,20.2037,20.3031,20.5352,19.7024,19.926,19.6295,20.6219,19.8854,20.1328,20.7836,20.9307,21.6163,19.4989,19.4727,19.4319,20.5789,21.1086,20.0521,19.6157,19.6835,19.7989,19.9737,19.961,19.9404,20.298,20.291,20.7605,20.093,20.2255,20.216,20.9117,21.7712,20.6311,20.2766,20.3234,20.2991,20.6441,19.9324,20.0869,20.5631,20.7382,21.0191
510,3:14:15 PM,19.6963,19.664,19.6279,20.0989,20.2583,20.3448,20.4205,20.5261,20.4876,20.419,20.3879,20.3175,20.1806,20.2526,20.3986,20.4974,20.4937,20.4754,20.8207,21.1589,20.7231,20.4119,20.4809,20.286,20.5588,19.9094,19.9327,19.8391,19.8565,20.0486,20.527,20.4505,20.5381,20.8311,21.0462,20.6468,20.4233,20.388,20.4155,20.6625,20.5568,20.4663,20.993,21.0441,21.4045,20.8183,20.8706,20.8668,20.4234,20.7151,20.0269,19.5456,19.5738,19.5628,20.2227,20.0035,20.2845,20.7669,20.6783,20.8875,20.2657,20.2951,20.2116,20.6339,21.1318,20.7332,20.1849,20.0542,20.1697,20.863,20.233,20.3763,20.5623,20.5638,20.7518,19.5952,19.5989,19.6021,20.1518,20.3597,20.4939,19.5683,19.8224,19.6058,20.7016,19.9699,20.1319,20.7786,20.846,21.6568,19.5296,19.4767,19.4243,20.5089,21.0632,20.1106,19.7208,19.8293,19.8447,19.9075,19.9264,19.9259,20.2659,20.3017,21.0909,20.0928,20.1205,20.1675,21.052,21.8864,20.6424,20.2722,20.3306,20.2817,20.5293,20.0267,20.0875,20.5462,20.7489,20.9906
511,3:14:35 PM,19.7132,19.6941,19.6705,20.1447,20.209,20.428,20.5603,20.4858,20.5088,20.4063,20.4063,20.3235,20.1529,20.259,20.363,20.4973,20.4797,20.4703,20.8597,21.2032,20.7158,20.46,20.4162,20.4407,20.5703,19.9343,19.9826,19.76,19.8448,20.07,20.4485,20.4939,20.5956,20.8157,21.0048,20.686,20.3776,20.2852,20.2906,20.5878,20.4641,20.5473,20.9246,21.0641,21.3345,20.7617,20.8648,20.8259,20.3887,20.6682,19.9746,19.5162,19.5721,19.6236,20.2453,20.0126,20.3482,20.785,20.7323,20.9378,20.3034,20.3062,20.1503,20.6796,21.1404,20.6743,20.1199,20.0699,20.2654,20.9171,20.1755,20.389,20.554,20.5456,20.7064,19.4839,19.5062,19.6961,20.0957,20.334,20.5077,19.5555,19.7876,19.5062,20.6959,19.9575,20.1626,20.8027,20.9948,21.6176,19.4656,19.4336,19.3444,20.5205,21.1907,20.1315,19.7397,19.9039,19.8733,19.9712,19.8442,19.9167,20.2183,20.2565,21.0453,20.0369,20.1044,20.1757,20.8953,21.6012,20.6462,20.1129,20.2267,20.2768,20.4852,19.9301,20.0209,20.4508,20.7271,20.9521
512,3:14:55 PM,19.6375,19.7482,19.6659,20.1326,20.2401,20.353,20.4457,20.5902,20.5635,20.4455,20.3942,20.2741,20.2439,20.1693,20.3366,20.4716,20.5027,20.4836,20.8566,21.2009,20.8025,20.4336,20.4625,20.3141,20.586,19.8727,19.9469,19.8599,19.9345,20.0264,20.4352,20.5088,20.6212,20.8338,21.0247,20.646,20.4235,20.3752,20.4248,20.5632,20.495,20.5136,20.928,21.0555,21.3368,20.843,20.8928,20.8691,20.395,20.688,19.9464,19.4709,19.5681,19.5705,20.2568,20.0186,20.2858,20.7525,20.6305,20.9972,20.3253,20.2683,20.2028,20.7184,21.1665,20.6678,20.0766,20.0847,20.2216,20.7809,20.2067,20.3556,20.5112,20.5316,20.772,19.53,19.5132,19.6244,20.0977,20.3458,20.5214,19.5323,19.717,19.4568,20.7042,20.0211,20.1665,20.9686,21.1676,21.7807,19.4855,19.4638,19.4654,20.4936,21.2402,20.0497,19.7116,19.9394,19.8307,19.8124,19.8858,19.9224,20.2082,20.3001,21.1022,19.9796,20.1144,20.075,20.8792,21.6714,20.6531,20.106,20.2533,20.3008,20.5108,19.8886,20.0133,20.4888,20.784,20.8633
513,3:15:15 PM,19.8401,19.7824,19.6487,20.1595,20.2002,20.4071,20.5043,20.5647,20.6088,20.5519,20.4076,20.285,20.2317,20.3499,20.3043,20.478,20.4288,20.5064,20.8397,21.1243,20.7848,20.411,20.3596,20.3801,20.5682,19.8685,19.9599,19.9408,19.9621,20.0225,20.4928,20.5911,20.6407,20.7597,21.015,20.6374,20.4252,20.438,20.4249,20.4996,20.5017,20.5423,20.8501,21.0502,21.3871,20.723,20.8676,20.8879,20.4133,20.6207,19.9796,19.4476,19.5558,19.6223,20.2744,20.142,20.2943,20.7308,20.7013,21.0426,20.2853,20.2763,20.1724,20.6971,21.1498,20.6897,20.168,20.0296,20.2545,20.7909,20.1031,20.2748,20.5112,20.5567,20.7885,19.5372,19.4848,19.5613,20.1057,20.3346,20.4846,19.543,19.7872,19.461,20.513,19.9603,20.1641,20.9535,21.0897,21.8449,19.4741,19.3895,19.3619,20.5386,21.1823,19.945,19.7354,19.8691,19.8467,19.803,19.8874,19.8414,20.227,20.2847,20.8459,19.833,20.0684,20.0699,21.0332,21.6583,20.7185,20.1863,20.2046,20.2077,20.4743,19.8985,20.0267,20.4555,20.7352,20.8659
514,3:15:35 PM,19.76,19.6883,19.6334,20.1281,20.1956,20.3391,20.4109,20.5133,20.5856,20.5836,20.3216,20.2992,20.2268,20.3386,20.3772,20.4396,20.5566,20.5933,20.8055,21.152,20.8114,20.4309,20.3389,20.2536,20.5527,19.9124,19.9522,19.8355,19.9065,20.0199,20.5212,20.5626,20.6026,20.7901,21.0992,20.5876,20.4651,20.5163,20.5508,20.6495,20.5729,20.5295,20.8649,21.0731,21.3527,20.7873,20.9155,20.8852,20.4281,20.7004,19.9886,19.5403,19.5313,19.5101,20.2866,20.1596,20.2598,20.732,20.6841,20.9626,20.2652,20.2243,20.1439,20.767,21.0633,20.6422,20.2136,20.0769,20.1796,20.8406,20.0838,20.2023,20.5229,20.5457,20.8834,19.4216,19.5506,19.5612,20.1467,20.3474,20.484,19.585,19.8267,19.4692,20.3569,19.9954,20.1734,20.9281,20.9354,21.7876,19.4836,19.4879,19.3807,20.4898,21.2411,20.0457,19.7314,19.7961,19.7669,19.9719,19.8596,19.9186,20.2055,20.3157,20.7824,19.8773,20.1025,20.1847,21.0017,21.6726,20.677,20.2305,20.3211,20.2767,20.5575,19.8418,20.0141,20.5469,20.7762,20.941
515,3:15:55 PM,19.7727,19.6341,19.6477,20.0664,20.2299,20.2703,20.3589,20.5492,20.5803,20.5199,20.3457,20.3245,20.1458,20.3359,20.4716,20.4673,20.568,20.5323,20.7747,21.1927,20.7631,20.4117,20.3507,20.4031,20.6363,19.917,20.0564,19.8279,19.8577,20.0401,20.4739,20.5571,20.5913,20.7603,21.1187,20.6536,20.3732,20.4415,20.481,20.581,20.6658,20.557,20.8655,21.1078,21.3327,20.7856,20.9462,20.8539,20.4071,20.6558,19.9427,19.5801,19.5903,19.5927,20.2551,20.0957,20.229,20.7099,20.7734,20.9371,20.2421,20.1687,20.1751,20.7378,21.0466,20.6961,20.1508,20.0087,20.2139,20.7603,20.1147,20.2534,20.5681,20.5503,20.8772,19.4868,19.5268,19.5902,20.1327,20.3463,20.5005,19.6601,19.8844,19.5987,20.4034,20.0102,20.1581,20.8359,20.9251,21.7547,19.4703,19.3854,19.4252,20.5764,21.0616,20.0035,19.7057,19.8111,19.7487,19.9927,19.8279,19.8584,20.2263,20.3062,20.7853,19.8879,20.068,20.1517,20.9094,21.6619,20.7149,20.2182,20.3155,20.2864,20.3611,19.7371,19.9971,20.4793,20.7559,21.043
516,3:16:15 PM,19.7585,19.6355,19.5933,20.1321,20.2183,20.1976,20.3347,20.5043,20.5484,20.589,20.3645,20.2417,20.1312,20.3578,20.5145,20.451,20.527,20.5417,20.8372,21.1524,20.7471,20.402,20.4085,20.4808,20.557,19.964,20.0387,19.836,19.8743,20.0238,20.5383,20.4681,20.5951,20.8106,21.0976,20.7064,20.4037,20.4356,20.576,20.6703,20.6033,20.5572,20.8498,21.1064,21.3952,20.7426,20.9356,20.8716,20.4714,20.6064,19.9643,19.6373,19.6203,19.5903,20.2298,20.0905,20.2737,20.7224,20.762,20.9137,20.2296,20.2915,20.147,20.7972,21.2689,20.7085,20.0999,20.026,20.2491,20.6692,20.2025,20.2355,20.5024,20.5288,20.7702,19.5051,19.5238,19.5926,20.1745,20.3607,20.4596,19.6627,19.9334,19.6642,20.4913,19.9533,20.1573,20.8701,21.0546,21.6886,19.4271,19.433,19.5646,20.4463,21.1332,20.145,19.6544,19.7575,19.756,20.0627,19.9219,19.8504,20.2558,20.299,20.6655,19.9774,20.1376,20.2535,20.9578,21.7488,20.6425,20.1936,20.2844,20.269,20.384,19.7685,20.0817,20.5131,20.6826,20.9708
517,3:16:35 PM,19.8003,19.7475,19.6725,20.0686,20.2421,20.1911,20.3202,20.4905,20.5598,20.7212,20.3682,20.3281,20.1825,20.2856,20.462,20.4468,20.5826,20.5687,20.7281,21.1682,20.662,20.4571,20.4535,20.4929,20.5681,19.9727,20.0488,19.8378,19.8249,19.9974,20.6369,20.5351,20.5692,20.818,21.1504,20.6456,20.4254,20.4257,20.3601,20.4216,20.553,20.6181,20.8911,21.1105,21.3811,20.69,20.9322,20.8408,20.4301,20.6272,20.0453,19.6284,19.6001,19.5785,20.2798,20.0024,20.2784,20.721,20.7848,20.9569,20.2966,20.2552,20.1123,20.7121,21.2714,20.6124,20.1606,20.0427,20.2237,20.6332,20.1007,20.3214,20.536,20.5556,20.6885,19.5497,19.5917,19.6458,20.2322,20.4436,20.4705,19.6002,19.9548,19.616,20.5949,19.9713,20.1525,20.8143,20.9983,21.738,19.4653,19.429,19.5423,20.357,21.1633,20.0485,19.5664,19.7366,19.7844,19.8687,19.9278,19.884,20.3259,20.2682,20.7624,19.9937,20.0926,20.1052,20.9516,22.0572,20.7215,20.1796,20.2921,20.2377,20.439,19.7322,20.0344,20.5391,20.7664,20.9086
518,3:16:55 PM,19.7771,19.7917,19.6567,20.0562,20.2079,20.2571,20.4581,20.5886,20.5397,20.6486,20.4014,20.3949,20.1126,20.2146,20.3348,20.4869,20.5239,20.5047,20.8462,21.0606,20.691,20.4622,20.439,20.3951,20.5139,19.9338,19.9499,19.7848,19.8143,19.9265,20.6376,20.4888,20.6001,20.8107,21.1254,20.7074,20.4278,20.4329,20.4093,20.6094,20.6431,20.5359,20.8959,21.0631,21.2864,20.7635,20.9603,20.8375,20.4267,20.6625,20.0323,19.6295,19.5359,19.5416,20.2186,20.0101,20.2684,20.7231,20.8171,20.9376,20.2675,20.26,20.1458,20.727,21.3995,20.6406,20.0994,20.0023,20.1895,20.7803,20.1977,20.3518,20.4734,20.5817,20.6927,19.5398,19.5534,19.5835,20.2345,20.3716,20.4483,19.5571,19.8187,19.5807,20.5599,19.9406,20.1455,20.8272,20.9695,21.6866,19.4681,19.5354,19.5999,20.3863,21.1373,20.0823,19.6301,19.755,19.733,19.8422,19.9556,19.9164,20.2578,20.2563,20.7575,19.9606,20.0597,20.1625,20.9967,22.0521,20.6606,20.1038,20.2502,20.2208,20.3601,19.8089,19.9143,20.4382,20.6778,20.9213
519,3:17:15 PM,19.7464,19.8065,19.6814,20.0587,20.236,20.2986,20.4629,20.5526,20.6391,20.6843,20.3597,20.3442,20.1857,20.2258,20.2881,20.4907,20.5046,20.5265,20.8663,21.0775,20.804,20.4231,20.4401,20.4316,20.6147,20.0205,19.9404,19.7982,19.8148,19.9797,20.6405,20.4219,20.6788,20.8171,21.1337,20.6347,20.4514,20.4336,20.2968,20.3756,20.4866,20.513,20.7896,21.1385,21.3337,20.7816,20.8798,20.8655,20.3965,20.6823,20.0198,19.5302,19.6021,19.5347,20.2759,20.0521,20.2117,20.701,20.7795,20.8175,20.2634,20.2903,20.2171,20.701,21.2039,20.6722,20.1767,19.9492,20.1669,20.7547,20.1686,20.3798,20.5457,20.5498,20.6062,19.5736,19.5608,19.6258,20.2017,20.346,20.48,19.533,19.7393,19.5886,20.5858,19.89,20.1734,20.7134,20.8424,21.5597,19.4357,19.4573,19.7029,20.5554,21.097,20.0449,19.8169,19.9575,19.7773,19.8121,19.9336,19.9428,20.2833,20.2515,20.6559,19.8419,20.1339,20.1187,20.9849,21.7717,20.6354,20.0635,20.3165,20.2048,20.4106,19.7699,19.9458,20.3271,20.6466,20.9149
520,3:17:35 PM,19.6917,19.7769,19.6998,20.1137,20.2167,20.2595,20.4709,20.5466,20.7281,20.7056,20.3445,20.2446,20.1224,20.1341,20.2706,20.4228,20.5115,20.5167,20.7738,21.0179,20.7646,20.4186,20.4603,20.4705,20.548,19.9182,20.062,19.9682,19.761,19.9,20.6272,20.4229,20.7083,20.7921,21.0859,20.6721,20.3353,20.3223,20.3662,20.5993,20.5934,20.5444,20.8721,21.0683,21.2967,20.8184,20.7747,20.8245,20.3613,20.628,20.0468,19.5496,19.5746,19.5356,20.2729,20.0313,20.2537,20.6693,20.7695,20.7439,20.3021,20.2957,20.1462,20.7336,21.153,20.6512,20.1419,20.0696,20.2323,20.6925,20.0841,20.3403,20.5834,20.4815,20.6103,19.5153,19.4738,19.6416,20.181,20.4083,20.4739,19.4977,19.7158,19.4857,20.5015,19.9985,20.1932,20.8195,20.8692,21.5144,19.3785,19.398,19.6116,20.5963,21.1885,20.0339,19.7778,19.933,19.7476,19.9605,19.8968,19.8352,20.2337,20.1385,20.6765,19.8636,20.0908,20.1694,21.0127,21.664,20.6403,20.1436,20.2459,20.2342,20.3506,19.8817,19.9904,20.3512,20.6373,20.9235
521,3:17:55 PM,19.6537,19.743,19.7385,20.1435,20.2376,20.3456,20.4445,20.6098,20.6482,20.6786,20.3513,20.3378,20.1748,20.1645,20.3004,20.3982,20.5413,20.5192,20.7638,21.0315,20.714,20.4498,20.4163,20.5071,20.5319,19.9456,20.0857,19.9659,19.8665,19.9117,20.6462,20.517,20.6188,20.8172,21.0574,20.6818,20.4066,20.3602,20.3685,20.6164,20.587,20.5187,20.8454,21.1322,21.2322,20.7187,20.8556,20.8233,20.4406,20.7073,20.0408,19.598,19.6031,19.5097,20.2191,20.1075,20.1616,20.6872,20.7238,20.8043,20.395,20.2811,20.1742,20.7212,21.1422,20.698,20.2298,20.0441,20.2014,20.5941,20.0612,20.3992,20.5102,20.4899,20.5863,19.5103,19.5041,19.626,20.1772,20.3968,20.4717,19.5992,19.7282,19.5957,20.4501,20.0387,20.25,20.8845,21.0186,21.5972,19.4056,19.3437,19.4854,20.5177,21.1924,19.9945,19.7174,19.9345,19.9005,19.9361,19.919,19.8803,20.2596,20.1651,20.563,19.8595,20.1263,20.2619,20.9558,21.6383,20.6834,20.0657,20.2159,20.2562,20.419,19.8412,19.9722,20.4991,20.7033,20.9961
522,3:18:15 PM,19.7259,19.7651,19.6559,20.0934,20.2419,20.2839,20.4111,20.5758,20.7074,20.6847,20.3458,20.2911,20.1898,20.099,20.2488,20.4536,20.5291,20.544,20.7778,21.0693,20.6393,20.5011,20.4044,20.4529,20.4884,20.0305,20.08,19.9032,19.8795,19.9811,20.7244,20.4826,20.749,20.8617,21.0524,20.6324,20.3857,20.3569,20.4272,20.6702,20.513,20.4771,20.847,21.1206,21.2448,20.8229,20.8509,20.7532,20.4703,20.6469,20.0912,19.551,19.5624,19.5532,20.1952,20.0897,20.247,20.7018,20.7877,20.85,20.3181,20.3024,20.1608,20.7008,21.3326,20.7216,20.1996,19.9918,20.1782,20.6328,20.1344,20.3451,20.517,20.4544,20.6971,19.4778,19.4981,19.5669,20.1112,20.4108,20.4829,19.6038,19.6988,19.6213,20.4065,19.9683,20.1451,20.9463,21.1699,21.7445,19.4407,19.4406,19.357,20.3632,21.1871,20.0023,19.629,19.8593,19.8468,19.7407,19.8787,19.9334,20.2677,20.1954,20.6044,19.9067,20.0421,20.1848,20.8725,21.6685,20.6054,20.1015,20.1437,20.1541,20.4134,19.8341,20.0423,20.5634,20.682,21.0348
523,3:18:35 PM,19.7701,19.7395,19.7183,20.0915,20.2341,20.3277,20.4637,20.6365,20.7048,20.7107,20.3529,20.3174,20.2601,20.1343,20.2826,20.4282,20.5501,20.577,20.773,21.063,20.6494,20.4576,20.3949,20.3946,20.5614,19.9673,19.9886,19.8764,19.9175,20.0448,20.6064,20.4696,20.6479,20.7338,21.1093,20.6971,20.4137,20.4185,20.3988,20.4933,20.5653,20.4847,20.8057,21.1046,21.1723,20.7752,20.8795,20.782,20.4623,20.5933,19.918,19.5172,19.5382,19.5594,20.2794,20.1345,20.1821,20.6761,20.8388,20.8014,20.3146,20.3015,20.1843,20.7159,21.4058,20.6922,20.1746,20.0345,20.1507,20.6472,20.1821,20.3455,20.5519,20.4623,20.7285,19.5462,19.4693,19.6037,20.1191,20.3521,20.4404,19.5657,19.7638,19.5622,20.2965,19.9012,20.1458,20.9206,21.1857,21.8496,19.3871,19.4095,19.3676,20.3521,21.2043,20.0692,19.6711,19.9374,19.857,19.6658,19.9051,19.855,20.2326,20.2998,20.6435,19.9212,20.0499,20.1616,20.8483,21.4788,20.5575,19.9959,20.1716,20.2177,20.4325,19.7485,19.9974,20.6358,20.6418,20.9945
524,3:18:55 PM,19.7397,19.6828,19.6635,20.0545,20.1876,20.2371,20.316,20.5108,20.665,20.693,20.3428,20.3588,20.223,20.1671,20.2265,20.4101,20.5705,20.4863,20.785,21.0159,20.6629,20.3393,20.4092,20.3673,20.4815,19.9239,19.9816,19.7924,19.814,20.024,20.5366,20.4757,20.6694,20.6859,21.0468,20.6578,20.4548,20.3249,20.3693,20.3985,20.5428,20.4826,20.8614,21.0915,21.2005,20.8323,20.8751,20.8181,20.3782,20.5916,19.9089,19.5299,19.5465,19.4351,20.2429,19.9696,20.2409,20.6819,20.7702,20.8991,20.2034,20.2493,20.196,20.7202,21.3535,20.6932,20.127,20.077,20.168,20.6352,20.0583,20.3017,20.5589,20.5034,20.7842,19.4976,19.48,19.6288,20.1185,20.3429,20.4058,19.545,19.8382,19.5618,20.5032,19.9088,20.2119,20.8926,21.1829,22.0798,19.4325,19.4516,19.4077,20.3571,21.1191,19.9846,19.5855,19.8762,19.8744,19.8936,19.8618,19.9048,20.2633,20.2226,20.5064,19.8018,20.0767,20.125,20.7178,21.3133,20.5295,20.027,20.2184,20.1626,20.3143,19.7662,20.0407,20.5593,20.6522,20.984
525,3:19:15 PM,19.7038,19.7415,19.714,20.0695,20.1801,20.2244,20.2812,20.514,20.6319,20.5812,20.4005,20.3337,20.1651,20.1333,20.2881,20.4311,20.5607,20.5792,20.7662,21.0786,20.6837,20.4416,20.4461,20.3364,20.5082,19.9298,19.9838,19.7586,19.8421,19.9655,20.51,20.4028,20.6692,20.7087,21.04,20.7102,20.3936,20.4301,20.3056,20.4235,20.6062,20.4993,20.9192,21.0579,21.2334,20.7272,20.9015,20.7781,20.3843,20.5686,20.0018,19.4877,19.5213,19.4977,20.2846,19.9795,20.256,20.6343,20.7397,20.8459,20.2758,20.2426,20.2235,20.6638,21.1623,20.6808,20.1146,20.0186,20.1969,20.6608,20.0783,20.3507,20.5557,20.5442,20.8069,19.4712,19.466,19.5348,20.1118,20.3528,20.4611,19.5375,19.852,19.5616,20.7309,19.8655,20.1639,20.7777,21.1268,22.0081,19.4055,19.456,19.4801,20.3726,21.1806,19.9619,19.5716,19.9478,19.7732,19.9979,19.8904,19.8942,20.2867,20.2608,20.569,19.8975,20.0454,20.0767,20.8783,21.5945,20.597,20.0603,20.2058,20.1922,20.4237,19.7274,20.0764,20.5019,20.7107,20.8818
526,3:19:35 PM,19.7392,19.7263,19.6157,20.0157,20.209,20.2713,20.2708,20.4237,20.5613,20.5884,20.4531,20.3467,20.2667,20.1977,20.3492,20.4597,20.5165,20.5631,20.7736,21.1138,20.7277,20.417,20.4818,20.4441,20.5003,20.0721,19.941,19.6688,19.7609,20.0456,20.533,20.4183,20.5819,20.8174,21.0743,20.6598,20.3803,20.393,20.4079,20.7026,20.5006,20.4944,20.8723,21.0612,21.2887,20.729,20.8325,20.8146,20.415,20.5863,20.051,19.4801,19.5291,19.5328,20.1847,19.9261,20.2049,20.6676,20.8029,21.0253,20.2453,20.235,20.1752,20.7267,21.1645,20.6126,20.1669,20.0175,20.1473,20.6402,20.1398,20.3219,20.5583,20.4433,20.8562,19.5685,19.4325,19.5509,20.0849,20.4201,20.3688,19.5102,19.8109,19.5285,20.8678,19.8844,20.1154,20.8577,21.0996,21.9868,19.4305,19.386,19.4136,20.4592,21.0846,19.9882,19.7028,19.9389,19.8259,19.9702,19.8356,19.8393,20.2292,20.2877,20.5955,19.9406,20.0968,20.1705,20.7815,21.7278,20.5525,20.1129,20.2025,20.2262,20.3906,19.6618,20.0514,20.5249,20.6633,20.8417
527,3:19:55 PM,19.7431,19.7429,19.654,20.106,20.1708,20.2003,20.2858,20.4257,20.5178,20.5662,20.4069,20.3775,20.2115,20.3596,20.4841,20.4785,20.6245,20.5783,20.7754,21.1885,20.6834,20.3771,20.4734,20.4513,20.4702,20.0288,20.0022,19.7759,19.7728,20.0081,20.6284,20.4788,20.5617,20.6959,21.0742,20.6486,20.4187,20.5011,20.525,20.8987,20.5472,20.5289,20.9002,21.0456,21.331,20.7851,20.8073,20.8683,20.3533,20.6217,20.0162,19.5384,19.4885,19.5168,20.2295,19.9903,20.2309,20.6207,20.8412,21.0421,20.2002,20.2124,20.1604,20.684,21.2227,20.6395,20.197,20.008,20.2005,20.6422,20.1869,20.3958,20.5687,20.484,20.7929,19.468,19.4601,19.6568,20.1144,20.392,20.4086,19.5672,19.7508,19.6806,20.8587,19.8665,20.0665,20.7815,21.0081,21.7755,19.4091,19.4148,19.3702,20.4615,21.2356,19.984,19.7553,19.91,19.7484,19.8236,19.8633,19.8908,20.2287,20.2516,20.7273,19.9667,20.0118,20.1535,20.8487,22.0581,20.6309,20.1493,20.1989,20.3026,20.5675,19.7736,20.0067,20.4803,20.5651,20.7613
528,3:20:15 PM,19.7166,19.769,19.6847,20.1466,20.1765,20.2324,20.2753,20.3136,20.4869,20.5078,20.4468,20.352,20.1935,20.3318,20.4864,20.4977,20.6005,20.5375,20.7559,21.2028,20.6079,20.3557,20.4482,20.5383,20.5656,20.0181,20.0582,19.8286,19.8748,20.0686,20.5774,20.438,20.5269,20.6836,21.087,20.6516,20.4408,20.4476,20.5434,20.8079,20.5297,20.5227,20.9305,21.0476,21.3206,20.761,20.866,20.8613,20.3521,20.6759,20.0835,19.5382,19.54,19.5311,20.2123,20.0685,20.2372,20.6772,20.8051,21.0068,20.2164,20.2684,20.1064,20.7387,21.1264,20.6433,20.1594,20.0758,20.2223,20.6806,20.1843,20.288,20.553,20.4721,20.7629,19.555,19.5215,19.6142,20.151,20.4165,20.3749,19.6449,19.7772,19.5919,20.5696,19.9338,20.0653,20.858,21.101,21.8821,19.3859,19.3705,19.4146,20.4689,21.2176,20.0595,19.7233,19.849,19.8679,19.9549,19.8762,19.8766,20.2463,20.3335,20.6814,19.9957,20.0604,20.0793,20.735,21.8335,20.6333,20.2015,20.2346,20.2612,20.6119,19.7918,19.9831,20.4532,20.5177,20.7536
529,3:20:35 PM,19.7375,19.7345,19.6349,20.27,20.1696,20.3071,20.34,20.4204,20.5005,20.4625,20.4027,20.3918,20.1356,20.2398,20.4194,20.4317,20.4576,20.5715,20.7629,21.167,20.6268,20.2707,20.4137,20.396,20.548,19.9183,20.0186,19.8501,19.9272,20.0545,20.4729,20.4926,20.5827,20.7945,21.0212,20.6131,20.4106,20.4055,20.3706,20.5716,20.5383,20.5606,20.9051,21.0401,21.2354,20.7885,20.8735,20.7998,20.3683,20.6197,20.0454,19.5645,19.5759,19.4812,20.2804,20.0652,20.2779,20.5753,20.8322,20.9063,20.1947,20.224,20.1411,20.7019,21.1367,20.6599,20.14,20.0365,20.1754,20.7122,20.1113,20.3436,20.5091,20.4643,20.6267,19.5336,19.5195,19.611,20.1159,20.4352,20.483,19.6596,19.9108,19.6056,20.5177,20.0082,20.0825,20.7547,21.014,21.8199,19.3402,19.4097,19.4914,20.574,21.2711,20.04,19.7299,19.8291,19.8023,20.011,19.9097,19.9335,20.2094,20.2942,20.8265,19.9376,20.0119,20.0732,20.8558,21.9554,20.6458,20.2368,20.2304,20.2688,20.6836,19.7642,19.9857,20.3971,20.4668,20.7385
530,3:20:55 PM,19.6558,19.6706,19.6569,20.2418,20.2132,20.2651,20.362,20.4677,20.5519,20.4634,20.3932,20.4055,20.1488,20.223,20.2677,20.4352,20.4803,20.5002,20.7785,21.1235,20.6822,20.3185,20.4122,20.3686,20.5601,19.9541,19.9584,19.7402,19.9117,20.0514,20.4091,20.4207,20.5817,20.789,21.0959,20.6281,20.3423,20.3195,20.2781,20.4101,20.5108,20.5045,20.9464,21.0601,21.2353,20.7216,20.9021,20.7463,20.3629,20.6122,19.9973,19.5513,19.4963,19.5534,20.2596,20.0626,20.2371,20.6361,20.7843,20.7343,20.2222,20.1802,20.1025,20.7301,21.0539,20.6033,20.1767,20.0664,20.2331,20.7776,20.0399,20.3107,20.5357,20.4973,20.5998,19.6025,19.5248,19.583,20.1629,20.3766,20.4798,19.5751,19.8363,19.6091,20.3642,19.9702,20.0263,20.7414,20.9675,21.869,19.3942,19.429,19.4861,20.6587,21.239,20.0941,19.7119,19.7787,19.812,20.1574,19.8732,19.9279,20.2585,20.3103,20.7265,19.9713,19.971,20.1272,20.8924,21.5299,20.6588,20.0937,20.2345,20.3156,20.6514,19.7152,19.9718,20.3051,20.5244,20.7649
531,3:21:15 PM,19.6604,19.66,19.5534,20.1826,20.1831,20.3675,20.3814,20.4863,20.5377,20.4631,20.3687,20.3779,20.1501,20.2558,20.2413,20.4267,20.4725,20.4757,20.765,21.1032,20.7121,20.3694,20.3859,20.3271,20.5875,19.8155,19.8935,19.7583,19.75,20.0006,20.5965,20.4435,20.6394,20.7514,21.0582,20.5787,20.3847,20.3259,20.3223,20.4677,20.5493,20.5246,20.8629,21.0862,21.2179,20.7601,20.8247,20.7624,20.3382,20.5696,19.9392,19.5725,19.5041,19.5112,20.1816,20.0594,20.183,20.6267,20.7872,20.6607,20.1821,20.2798,20.1352,20.6017,21.0357,20.6364,20.1618,20.0373,20.1518,20.8941,20.1183,20.2755,20.5352,20.5352,20.6719,19.5236,19.5037,19.6107,20.2398,20.3731,20.3538,19.528,19.8374,19.5857,20.4366,19.9293,20.0855,20.6499,20.8628,21.5878,19.4515,19.4122,19.5339,20.698,21.2554,20.065,19.6958,19.8591,19.6773,20.0438,19.844,19.8676,20.2282,20.2923,20.9219,19.9527,20.0556,20.1351,21.2005,21.672,20.5354,20.051,20.1606,20.3125,20.6678,19.7779,19.9965,20.4686,20.5455,20.7677
532,3:21:35 PM,19.6192,19.646,19.6211,20.0524,20.212,20.2548,20.3709,20.477,20.5932,20.4196,20.3853,20.3119,20.1589,20.286,20.3254,20.3825,20.5048,20.576,20.7816,21.1121,20.6883,20.3368,20.4243,20.3424,20.5469,19.9208,19.9417,19.7702,19.7734,19.9673,20.6196,20.4551,20.6287,20.7657,21.0084,20.6618,20.3793,20.3793,20.4111,20.5472,20.5866,20.515,20.8336,21.0891,21.2212,20.8015,20.7933,20.8352,20.3477,20.5739,19.9934,19.5113,19.5485,19.5877,20.3147,20.0916,20.2026,20.6618,20.7536,20.753,20.2079,20.2064,20.1383,20.6543,21.1788,20.6343,20.1527,20.0284,20.2239,20.9015,20.1449,20.2044,20.5595,20.4793,20.6614,19.5141,19.5052,19.6,20.1957,20.3734,20.419,19.5406,19.7052,19.477,20.3322,19.8906,20.0725,20.729,20.8359,21.5362,19.5344,19.4053,19.5173,20.5606,21.2444,20.0125,19.6441,19.7999,19.7987,19.971,19.8779,19.8181,20.1823,20.2427,20.7355,19.9758,20.0606,20.0624,21.356,21.7036,20.58,20.0167,20.235,20.2188,20.5459,19.8497,20.0237,20.4871,20.574,20.772
533,3:21:55 PM,19.6476,19.6043,19.6512,20.0606,20.1942,20.3237,20.3801,20.4436,20.4988,20.3939,20.3421,20.3205,20.145,20.2783,20.3577,20.4406,20.5269,20.581,20.7884,21.139,20.7343,20.3704,20.4124,20.336,20.5118,19.8807,19.8802,19.7881,19.8831,19.9804,20.5687,20.421,20.6355,20.7779,21.0781,20.6708,20.3618,20.3527,20.4285,20.3887,20.5216,20.5314,20.8868,21.0494,21.2732,20.7912,20.883,20.8079,20.4091,20.612,19.9315,19.4951,19.554,19.4879,20.2875,20.0549,20.2409,20.6846,20.766,20.75,20.1773,20.2239,20.1309,20.6497,21.1988,20.597,20.1435,20.0396,20.2639,20.8829,20.1666,20.2418,20.5394,20.452,20.6374,19.5161,19.4603,19.5506,20.1737,20.3648,20.3553,19.4781,19.9309,19.5642,20.3006,19.9082,20.1083,20.7483,20.9125,21.5293,19.5018,19.3861,19.4763,20.5619,21.2402,20.0769,19.6617,19.7908,19.828,19.9037,19.8989,19.8827,20.2183,20.3162,20.7313,19.8648,20.0594,20.0915,21.4372,21.9774,20.604,20.0532,20.1656,20.2127,20.5365,19.7932,20.0004,20.6477,20.6639,20.8934
534,3:22:15 PM,19.5967,19.6398,19.6394,20.1582,20.1866,20.3097,20.4793,20.4713,20.5327,20.4622,20.3237,20.3776,20.157,20.2903,20.3482,20.4569,20.5567,20.416,20.7671,21.1014,20.7315,20.3906,20.4544,20.4111,20.4793,19.8869,19.8639,19.7961,19.9545,19.9952,20.5425,20.4332,20.6231,20.8619,21.0482,20.6742,20.3758,20.3648,20.3907,20.331,20.6052,20.5714,20.9272,21.0428,21.2644,20.7046,20.8185,20.8053,20.3103,20.6384,19.9796,19.5314,19.5118,19.5182,20.2887,20.0492,20.2657,20.6684,20.7125,20.7749,20.2369,20.2173,20.1189,20.6571,21.1465,20.6118,20.0974,20.0487,20.2199,20.9381,20.0816,20.3073,20.5443,20.4662,20.5625,19.4679,19.4913,19.609,20.1993,20.3877,20.3867,19.5626,19.8655,19.5703,20.2115,19.9251,20.0477,20.7708,20.8281,21.5141,19.4208,19.3763,19.3689,20.5817,21.2766,20.0393,19.6092,19.6951,19.8787,19.8162,19.9219,19.9341,20.2021,20.2965,20.4716,19.9722,20.114,20.0751,21.1835,21.9821,20.655,20.1705,20.2339,20.2625,20.5852,19.7106,19.965,20.5113,20.6622,20.9667
535,3:22:35 PM,19.6175,19.5626,19.609,20.0765,20.1783,20.3691,20.4124,20.4561,20.6236,20.4258,20.3259,20.2567,20.1962,20.3009,20.2507,20.4552,20.4955,20.4492,20.7846,21.0142,20.7145,20.3672,20.4931,20.4593,20.4243,19.9367,19.9499,19.7117,19.8238,20.0238,20.6236,20.4742,20.6079,20.777,21.0431,20.6582,20.3728,20.3395,20.3209,20.3762,20.5625,20.4764,20.9322,21.1433,21.2041,20.7291,20.8466,20.8041,20.4184,20.6473,19.8958,19.544,19.546,19.5221,20.2666,19.9457,20.2618,20.6704,20.7063,20.7575,20.2373,20.2132,20.166,20.6416,21.1077,20.6576,20.1191,20.0107,20.2326,20.93,20.0211,20.3848,20.5234,20.4447,20.7026,19.4557,19.5082,19.605,20.1378,20.3785,20.3909,19.5753,19.8843,19.5186,20.4537,19.8368,20.0273,20.6506,20.8661,21.4656,19.3383,19.38,19.3904,20.6312,21.2266,20.0204,19.6058,19.8503,19.9002,19.9008,19.8764,19.8627,20.2139,20.2124,20.5819,19.9495,20.0493,20.1303,21.049,21.7237,20.5896,20.0481,20.1612,20.2849,20.7836,19.6813,19.9728,20.4207,20.6484,20.9332
536,3:22:55 PM,19.5504,19.5433,19.4983,20.101,20.254,20.3325,20.3958,20.5218,20.5611,20.5381,20.3996,20.2737,20.1402,20.2096,20.2507,20.454,20.5476,20.4706,20.7,21.0512,20.7742,20.3803,20.3864,20.5245,20.5032,19.834,19.8697,19.7302,19.8107,19.95,20.6891,20.5454,20.6501,20.7921,21.0475,20.6064,20.3689,20.372,20.3492,20.5012,20.5155,20.555,20.9652,21.1228,21.2445,20.7997,20.8979,20.8216,20.4018,20.6141,19.9051,19.426,19.5437,19.5281,20.2391,19.9011,20.2068,20.7097,20.7565,20.7835,20.2596,20.2362,20.1555,20.6256,21.1376,20.6323,20.1072,19.9987,20.1657,20.826,20.0865,20.3242,20.4983,20.492,20.5813,19.4865,19.5242,19.6225,20.1486,20.2901,20.3346,19.5853,19.6127,19.5229,20.6833,19.8118,20.0871,20.7513,20.8787,21.585,19.3019,19.4273,19.4319,20.5675,21.2555,20.1396,19.7354,19.9022,20.0094,19.9928,19.8753,19.8398,20.2294,20.2431,20.6813,19.9124,20.0798,20.1099,21.1716,21.7956,20.5282,20.0811,20.2351,20.2045,20.7045,19.6759,19.9453,20.405,20.5079,20.7753
537,3:23:15 PM,19.5569,19.6238,19.5438,20.1168,20.2394,20.3347,20.3828,20.4808,20.5416,20.6049,20.3243,20.3137,20.1108,20.1961,20.2467,20.4017,20.5037,20.5008,20.787,21.066,20.726,20.3886,20.3631,20.4936,20.4738,19.7793,19.8952,19.6632,19.7542,19.9728,20.7073,20.5342,20.6351,20.7963,21.0516,20.6601,20.3797,20.3531,20.3487,20.4727,20.5048,20.5312,20.8813,21.118,21.2448,20.8011,20.84,20.8165,20.452,20.664,19.9151,19.4428,19.4631,19.4868,20.2352,19.8281,20.2201,20.6492,20.7497,20.7834,20.2713,20.2478,20.1745,20.6076,21.1754,20.637,20.1194,20.0094,20.2288,20.8902,20.096,20.2905,20.509,20.4708,20.7317,19.4805,19.4779,19.6309,20.1157,20.355,20.3965,19.5389,19.6361,19.5668,20.8461,19.8596,19.9919,20.7651,20.9395,21.6072,19.371,19.3997,19.4971,20.6716,21.282,20.1781,19.7116,19.9266,19.9853,20.114,19.8471,19.8666,20.2671,20.2562,20.6139,19.8959,20.0563,20.144,21.1432,21.7673,20.5075,20.1037,20.1787,20.2343,20.5665,19.79,20.0402,20.3794,20.4476,20.6838
538,3:23:35 PM,19.5685,19.6456,19.6001,20.064,20.2488,20.3313,20.3653,20.5229,20.5967,20.6167,20.3966,20.2893,20.1921,20.2353,20.2955,20.4761,20.5123,20.5829,20.7918,21.1105,20.7889,20.4594,20.3673,20.5027,20.4871,19.8398,19.9864,19.7093,19.7815,19.9726,20.658,20.5933,20.6811,20.7787,20.9775,20.653,20.31,20.3379,20.3406,20.4248,20.5296,20.5638,20.9332,21.0917,21.2862,20.8041,20.8695,20.9009,20.3969,20.7164,19.8586,19.4489,19.4476,19.4979,20.263,19.9244,20.1501,20.6286,20.7693,20.7317,20.2888,20.2249,20.1387,20.599,21.1499,20.5991,20.2202,20.0321,20.232,20.8544,20.0768,20.3192,20.5281,20.4411,20.6729,19.466,19.4177,19.5923,20.1011,20.3542,20.4301,19.504,19.6763,19.5022,20.8727,19.9001,20.0575,20.8175,20.9653,21.71,19.4401,19.4467,19.5403,20.5972,21.2705,20.2195,19.7815,19.8632,19.8192,20.081,19.8837,19.8651,20.2339,20.2744,20.7693,19.865,20.0938,20.0701,21.3166,22.0526,20.5714,20.1974,20.2864,20.2268,20.4874,19.6955,20.0027,20.4122,20.5214,20.7197
539,3:23:55 PM,19.5916,19.6152,19.5963,20.1041,20.2504,20.3501,20.4313,20.5664,20.6791,20.5953,20.3909,20.2685,20.1785,20.2866,20.2707,20.4173,20.4592,20.5653,20.7496,21.0884,20.7173,20.4519,20.4654,20.4863,20.509,19.8917,19.8565,19.7434,19.9213,19.9489,20.7343,20.5107,20.6274,20.8339,21.1183,20.6453,20.3793,20.3283,20.4505,20.6047,20.5969,20.5548,20.9574,21.1008,21.3369,20.8374,20.9017,20.8432,20.3886,20.5923,19.9179,19.5539,19.4983,19.4751,20.2374,19.9716,20.1874,20.6681,20.7697,20.7195,20.2907,20.1932,20.1409,20.6458,21.0593,20.6045,20.1513,20.026,20.2224,20.8259,20.0682,20.2958,20.4725,20.5183,20.7391,19.4595,19.4619,19.5739,20.1012,20.3371,20.3492,19.4918,19.7236,19.4612,20.8761,19.8543,20.0574,20.7422,20.856,21.6991,19.408,19.4473,19.6073,20.5869,21.2855,20.1092,19.699,19.9583,19.8266,19.9383,19.8624,19.8332,20.2454,20.261,20.8027,19.8651,20.1126,20.1423,21.1766,22.0647,20.5703,20.0807,20.2122,20.1866,20.5261,19.7675,19.9653,20.3345,20.5964,20.7783
540,3:24:15 PM,19.5672,19.5484,19.5861,20.0947,20.219,20.3379,20.3837,20.5729,20.6529,20.6771,20.3051,20.3325,20.1296,20.2907,20.3406,20.4287,20.4718,20.5397,20.7343,21.0964,20.7456,20.4596,20.4498,20.4519,20.5436,19.9004,19.9345,19.7178,19.8716,19.9879,20.7202,20.429,20.5563,20.7855,21.0522,20.5249,20.3623,20.3547,20.4148,20.6138,20.5181,20.564,20.9263,21.0617,21.2998,20.843,20.8557,20.8294,20.4203,20.6596,19.9703,19.5404,19.4605,19.4631,20.2465,19.9982,20.1818,20.6495,20.8035,20.8521,20.3279,20.2496,20.103,20.6885,21.0589,20.637,20.1279,20.032,20.2436,20.7406,20.0403,20.2372,20.5667,20.4979,20.6821,19.4565,19.4948,19.5526,20.1773,20.3564,20.361,19.4777,19.8019,19.4829,20.7888,19.9055,20.0912,20.6368,20.9592,21.7782,19.38,19.4062,19.5494,20.3659,21.3155,20.1433,19.787,19.8692,19.785,19.918,19.8542,19.9023,20.2076,20.2894,20.8173,19.9286,20.1209,20.1705,21.0909,21.8863,20.5496,20.1057,20.186,20.1635,20.5952,19.6896,19.9781,20.4664,20.729,20.801
541,3:24:35 PM,19.6101,19.6281,19.6096,20.1433,20.2301,20.3125,20.3797,20.5883,20.5782,20.7014,20.3792,20.2869,20.1749,20.2995,20.4264,20.4193,20.5129,20.5756,20.8283,21.1314,20.6451,20.3432,20.4208,20.3471,20.4825,19.9596,19.9956,19.7497,19.7884,19.9933,20.665,20.4367,20.5515,20.7295,21.0799,20.5815,20.3719,20.3391,20.4876,20.6601,20.5452,20.5217,20.8534,21.0644,21.2751,20.7746,20.8448,20.7951,20.3737,20.6257,19.995,19.5443,19.505,19.5249,20.1904,20.0413,20.1831,20.6399,20.7864,20.8141,20.2647,20.2256,20.173,20.6596,21.1373,20.5897,20.0891,20.0317,20.1479,20.7577,20.0032,20.1702,20.5294,20.5542,20.7159,19.5145,19.5685,19.5467,20.1155,20.3809,20.3154,19.4782,19.8224,19.5596,20.7144,19.8892,20.0078,20.678,20.8982,21.7924,19.3494,19.4056,19.4759,20.3686,21.206,20.0395,19.659,19.8929,19.7831,19.9279,19.8759,19.8942,20.2117,20.223,20.6418,20.0033,20.1834,20.2347,20.8644,21.9569,20.5992,20.021,20.1255,20.1412,20.5828,19.6846,19.9787,20.288,20.6918,20.8369
542,3:24:55 PM,19.664,19.6043,19.6053,20.1354,20.191,20.2933,20.321,20.5836,20.6657,20.6757,20.3782,20.2509,20.1841,20.2616,20.3692,20.3618,20.5359,20.5339,20.7958,21.0681,20.7209,20.3269,20.3772,20.3956,20.499,19.8613,19.8999,19.702,19.7933,19.9401,20.6339,20.4116,20.5935,20.7314,21.0382,20.6505,20.3582,20.2959,20.3941,20.5858,20.5541,20.4861,20.8799,21.0442,21.3485,20.8201,20.902,20.8277,20.4256,20.5996,19.9173,19.424,19.5091,19.4965,20.2951,20.0838,20.2392,20.6376,20.7508,20.8035,20.3076,20.2206,20.151,20.7273,21.0896,20.5882,20.0848,19.9842,20.2007,20.7416,20.0282,20.2315,20.569,20.5443,20.6841,19.453,19.5136,19.5446,20.1227,20.3824,20.4057,19.468,19.6602,19.5101,20.4872,19.8003,20.0384,20.6305,20.761,21.783,19.3411,19.4583,19.5157,20.2829,21.1311,19.9945,19.626,19.8632,19.7326,20.0484,19.8744,19.8584,20.2554,20.2452,20.6382,19.9487,20.1097,20.262,20.8336,22.05,20.6198,20.0979,20.1413,20.134,20.3601,19.7077,19.9019,20.3527,20.6985,20.8602
543,3:25:15 PM,19.6815,19.6589,19.6826,20.0512,20.1361,20.2865,20.3549,20.6016,20.6903,20.6555,20.355,20.2457,20.2205,20.2926,20.4144,20.4337,20.5519,20.5254,20.803,21.009,20.6736,20.3184,20.4309,20.3541,20.501,19.8784,19.8951,19.7912,19.7593,19.9431,20.6307,20.42,20.552,20.7509,21.0447,20.5425,20.3519,20.4096,20.4944,20.6372,20.5264,20.5533,20.8107,21.0163,21.3387,20.8,20.8158,20.7936,20.3792,20.5916,19.9268,19.4139,19.5456,19.4924,20.2487,20.0932,20.2256,20.6326,20.686,20.6721,20.2222,20.2956,20.1198,20.634,21.1219,20.5663,20.1379,20.0116,20.2223,20.7383,19.9808,20.2103,20.5045,20.4953,20.7434,19.4798,19.4439,19.5858,20.0945,20.3354,20.3536,19.5454,19.7383,19.5499,20.4261,19.9001,20.0448,20.7722,20.7741,21.7495,19.4282,19.4154,19.4653,20.3098,21.075,19.9695,19.5481,19.8307,19.7035,19.9853,19.8417,19.8148,20.2842,20.2742,20.7288,19.9788,20.0593,20.2206,20.7977,21.8263,20.6206,20.243,20.1946,20.1644,20.2677,19.7013,19.9703,20.2414,20.6701,20.8074
544,3:25:35 PM,19.6833,19.6387,19.7,20.1236,20.2034,20.315,20.3794,20.5281,20.6515,20.6166,20.3694,20.2704,20.1979,20.2907,20.2878,20.4949,20.534,20.5,20.7565,20.9547,20.6643,20.2764,20.3512,20.3128,20.5082,19.8798,19.9301,19.8024,19.8225,19.9669,20.669,20.493,20.5577,20.733,21.0685,20.6707,20.3146,20.3609,20.4275,20.504,20.5667,20.5542,20.8601,20.9928,21.308,20.7901,20.8347,20.8011,20.3828,20.6776,19.9329,19.4905,19.4688,19.4486,20.2517,20.1086,20.1989,20.5782,20.7933,20.7031,20.2049,20.1951,20.0974,20.6394,21.0324,20.6177,20.0372,20.0213,20.1815,20.744,20.062,20.3536,20.4501,20.5515,20.708,19.4868,19.4539,19.5511,20.1385,20.3271,20.382,19.4911,19.8039,19.4166,20.4087,19.995,20.0737,20.809,20.7773,21.765,19.4322,19.4285,19.5995,20.3757,21.0603,19.9764,19.5446,19.838,19.6548,19.8083,19.8762,19.823,20.2639,20.2397,20.8273,19.9054,20.0906,20.2061,21.1022,21.8112,20.6066,20.2651,20.2468,20.2313,20.1482,19.8382,19.951,20.423,20.7153,20.8563
545,3:25:55 PM,19.6422,19.7012,19.7038,20.1048,20.2341,20.3024,20.3604,20.5429,20.661,20.5927,20.3113,20.2672,20.115,20.3044,20.314,20.4003,20.4777,20.4657,20.7867,20.8853,20.5969,20.3165,20.3191,20.2652,20.4339,19.914,19.9588,19.8238,19.7819,19.8703,20.5968,20.4274,20.6087,20.8038,21.0129,20.6313,20.3241,20.3675,20.4107,20.3558,20.5393,20.5042,20.8654,21.0236,21.2854,20.7747,20.8079,20.7531,20.4128,20.5892,19.9049,19.4584,19.4253,19.4846,20.2676,20.0906,20.2458,20.5916,20.8483,20.7053,20.1908,20.2638,20.1743,20.6073,20.9959,20.5539,20.0218,19.9943,20.1635,20.7551,20.0775,20.2857,20.5213,20.515,20.7255,19.4924,19.4494,19.5729,20.1123,20.3937,20.4061,19.4895,19.858,19.4518,20.4777,19.9573,20.017,20.8839,20.7816,21.687,19.4407,19.3871,19.5274,20.458,21.034,20.0581,19.5343,19.8509,19.7041,19.8493,19.8777,19.8222,20.2898,20.2522,20.7818,19.9873,20.0817,20.1504,21.095,21.7552,20.6262,20.2167,20.2048,20.2859,20.4813,19.8385,20.0069,20.4787,20.8301,20.9012
546,3:26:15 PM,19.7187,19.6345,19.6372,20.0893,20.2032,20.3161,20.4093,20.5246,20.6032,20.5963,20.328,20.3031,20.0724,20.1264,20.2092,20.3481,20.4429,20.4674,20.7216,20.9493,20.6556,20.2781,20.3333,20.1816,20.3603,19.8975,19.949,19.7622,19.8904,19.9598,20.6666,20.4135,20.5278,20.7635,21.0083,20.6391,20.3614,20.2874,20.264,20.2319,20.5309,20.6017,20.8807,20.972,21.2444,20.7617,20.8284,20.7553,20.2979,20.5446,19.8941,19.4816,19.4649,19.4811,20.318,20.0962,20.1506,20.5775,20.7716,20.6512,20.2231,20.2558,20.1658,20.6371,20.9522,20.5512,20.1181,20.0278,20.172,20.787,20.1881,20.3204,20.5082,20.4996,20.6096,19.4444,19.4278,19.5349,20.1062,20.3452,20.3888,19.4944,19.9294,19.3635,20.5666,20.0242,20.0286,20.8706,20.8182,21.8144,19.4414,19.4606,19.5674,20.6041,21.1719,20.1193,19.6384,19.7546,19.7594,19.9536,19.8206,19.7929,20.2028,20.3057,20.74,19.8535,20.0708,20.0932,21.1522,21.8926,20.5454,20.222,20.2278,20.253,20.558,19.7868,19.9706,20.5487,20.8176,20.8864
547,3:26:35 PM,19.6473,19.6533,19.6138,20.0253,20.2575,20.3176,20.3812,20.5238,20.6179,20.6542,20.4022,20.2929,20.1693,20.1943,20.1385,20.41,20.4157,20.4945,20.7429,20.9275,20.6831,20.269,20.3539,20.2607,20.3367,19.8473,19.9636,19.7332,19.8963,19.9305,20.5671,20.3806,20.5755,20.7688,20.957,20.6171,20.313,20.3726,20.2971,20.211,20.5138,20.5223,20.7734,21.0121,21.2095,20.7985,20.8095,20.7635,20.3435,20.5933,19.9012,19.417,19.5183,19.4435,20.2579,20.1598,20.212,20.6467,20.7391,20.7255,20.1578,20.2682,20.1887,20.6004,20.9951,20.5729,20.1122,20.0058,20.153,20.7941,20.2252,20.3083,20.4826,20.4792,20.6502,19.4674,19.4081,19.614,20.1102,20.3673,20.3853,19.5594,19.9382,19.368,20.4183,19.9726,19.9969,20.924,20.7998,21.8263,19.3439,19.3979,19.4517,20.6089,21.3119,20.1882,19.7361,19.7999,19.7617,20.1923,19.8724,19.8023,20.1757,20.3134,20.6037,19.8252,20.0988,20.1319,20.8296,21.8326,20.603,20.1082,20.2653,20.2777,20.6319,19.8477,20.0282,20.5122,20.7244,20.8827
548,3:26:55 PM,19.6204,19.6141,19.5433,20.0613,20.2125,20.2976,20.2573,20.4216,20.5643,20.5246,20.3665,20.3148,20.1514,20.1777,20.144,20.3918,20.417,20.5079,20.6893,21.0015,20.7045,20.3267,20.3123,20.3527,20.3769,19.8497,19.9507,19.8031,19.7791,19.9454,20.6355,20.4049,20.579,20.7364,20.9519,20.6341,20.3796,20.3428,20.3084,20.3439,20.4957,20.5215,20.844,21.0281,21.2364,20.7747,20.7484,20.7758,20.3847,20.5449,19.9081,19.4804,19.5229,19.4824,20.2672,20.0733,20.2341,20.6969,20.7491,20.6601,20.2116,20.2046,20.1514,20.689,20.9658,20.5518,20.1138,19.9764,20.1963,20.8164,20.1317,20.2396,20.4921,20.5137,20.6054,19.4221,19.4276,19.5508,20.11,20.3004,20.3796,19.5586,20.0138,19.4873,20.3534,19.9689,20.0449,20.808,20.916,21.9966,19.4001,19.4275,19.4697,20.5356,21.2331,20.149,19.6341,19.7752,19.8194,20.3558,19.8498,19.7815,20.1709,20.3228,20.6211,19.813,20.0101,20.0639,20.8619,21.8924,20.6063,20.1605,20.2822,20.2596,20.5226,19.7788,20.0255,20.4698,20.5966,20.8432
549,3:27:15 PM,19.6204,19.6696,19.5466,20.051,20.1362,20.2298,20.2923,20.4131,20.602,20.5601,20.3803,20.2917,20.1765,20.2279,20.1826,20.3529,20.5279,20.5685,20.7432,21.0211,20.7478,20.3492,20.329,20.5676,20.4182,19.8711,19.8988,19.8132,19.8865,19.909,20.5538,20.4206,20.5515,20.7647,20.9751,20.6247,20.3478,20.3873,20.4214,20.4223,20.4823,20.4573,20.9043,21.0885,21.2236,20.8064,20.8177,20.7971,20.3675,20.6102,19.9357,19.4999,19.5577,19.4233,20.1859,19.953,20.204,20.6093,20.7066,20.7848,20.2193,20.1568,20.0949,20.5944,21.0275,20.6098,20.1092,20.0083,20.1806,20.8613,20.1482,20.2649,20.5105,20.5405,20.6021,19.5166,19.5202,19.6819,20.1516,20.3427,20.3603,19.6223,19.9451,19.5537,20.3057,19.9786,20.073,20.6664,20.9726,21.7835,19.2944,19.3913,19.4631,20.4378,21.2113,20.1232,19.7043,19.7715,19.8563,20.216,19.8959,19.8463,20.1944,20.3282,20.7968,19.8474,20.0804,20.1234,20.8849,22.0649,20.5406,20.0684,20.1969,20.2378,20.3863,19.7076,20.0142,20.3528,20.597,20.9445
550,3:27:35 PM,19.659,19.6543,19.6276,20.0512,20.2021,20.2506,20.3497,20.3999,20.5321,20.4858,20.3494,20.3511,20.2001,20.2908,20.3107,20.4947,20.5433,20.6085,20.7754,21.0544,20.7715,20.3364,20.43,20.4659,20.444,19.8659,19.9153,19.8615,19.8193,19.8994,20.5307,20.3971,20.5352,20.7992,20.9465,20.6213,20.3844,20.3993,20.5675,20.6835,20.5177,20.552,20.9042,21.0324,21.2979,20.866,20.8235,20.79,20.3763,20.5297,19.9175,19.4706,19.5084,19.5265,20.3436,19.8921,20.1605,20.6541,20.7836,20.7112,20.2111,20.151,20.1501,20.6937,21.0275,20.6001,20.1199,19.9939,20.2255,20.7991,20.1261,20.324,20.5502,20.4578,20.7033,19.4717,19.4606,19.6018,20.1097,20.3203,20.3838,19.5566,19.8062,19.615,20.4951,19.9157,20.0744,20.6734,20.9781,21.8322,19.4129,19.4127,19.5573,20.32,21.2708,20.2165,19.7379,19.8132,19.8479,19.9443,19.8614,19.8607,20.1859,20.2603,20.8926,19.8961,20.1002,20.1165,20.9998,21.9775,20.5446,20.0762,20.205,20.1984,20.4481,19.639,19.8996,20.2799,20.6227,20.9173
551,3:27:55 PM,19.662,19.6905,19.6625,20.1118,20.1892,20.2585,20.3486,20.3984,20.4511,20.4726,20.4303,20.3234,20.1649,20.3176,20.3294,20.5031,20.5116,20.5004,20.7614,21.0701,20.7769,20.4581,20.4569,20.4943,20.4162,19.8751,19.9758,19.838,19.9948,19.9451,20.4271,20.4587,20.5648,20.7173,20.9245,20.638,20.3906,20.4244,20.591,20.72,20.5423,20.508,20.9919,21.1196,21.2457,20.8221,20.8474,20.7933,20.4676,20.5758,19.9158,19.4317,19.5097,19.5054,20.1956,19.8708,20.2011,20.6584,20.7545,20.8336,20.2474,20.236,20.1282,20.6674,20.9608,20.5911,20.1058,20.035,20.2137,20.8325,20.1617,20.3359,20.5866,20.462,20.6263,19.4607,19.4635,19.6189,20.1022,20.3458,20.3966,19.5576,19.7913,19.5158,20.5061,19.8453,20.0308,20.7764,20.988,21.767,19.3832,19.4288,19.4347,20.298,21.1794,20.1588,19.6602,19.8278,19.8352,19.8015,19.8786,19.822,20.2323,20.2248,20.918,19.8338,20.0486,20.1496,21.014,22.0696,20.5149,20.0682,20.1603,20.2222,20.3268,19.5995,19.9478,20.3519,20.6155,20.8785
552,3:28:15 PM,19.6544,19.5919,19.6657,20.1681,20.2748,20.2796,20.3283,20.4629,20.4539,20.4413,20.311,20.2773,20.1835,20.3167,20.3557,20.4682,20.5396,20.5233,20.7844,21.102,20.7626,20.4625,20.4151,20.3484,20.424,19.821,19.9303,19.7345,19.9032,19.9596,20.4114,20.4721,20.5746,20.7989,20.9768,20.6582,20.3946,20.3796,20.5874,20.7053,20.5462,20.5856,20.8918,21.0487,21.1891,20.8508,20.9494,20.7888,20.3699,20.5554,19.8879,19.4245,19.4992,19.5399,20.2395,19.9407,20.1891,20.7206,20.6807,20.8895,20.2866,20.2407,20.213,20.7096,20.9695,20.6342,20.0812,19.9968,20.1778,20.7488,20.1891,20.3857,20.6094,20.4833,20.6336,19.4137,19.4513,19.5788,20.0355,20.3392,20.3793,19.536,19.8168,19.4869,20.6089,19.9089,20.0221,20.905,21.0381,21.8095,19.4053,19.432,19.4914,20.3742,21.1976,20.1065,19.6578,19.8603,19.8042,19.9255,19.861,19.8275,20.1364,20.2291,20.7265,19.7855,20.0385,20.1972,21.0069,21.9566,20.5275,20.0425,20.1709,20.167,20.3345,19.689,19.9666,20.4291,20.6255,20.8001
553,3:28:35 PM,19.5784,19.5815,19.7615,20.1872,20.1794,20.2759,20.4178,20.5295,20.5091,20.3622,20.4198,20.2931,20.2219,20.1907,20.2953,20.4156,20.4778,20.5153,20.7561,21.0515,20.7476,20.4149,20.3786,20.3694,20.3684,19.8547,19.8403,19.6655,19.8235,19.9688,20.4385,20.4283,20.6078,20.8709,20.9375,20.644,20.3803,20.314,20.4058,20.4238,20.5268,20.6264,20.8882,21.0761,21.2087,20.7951,20.8411,20.7863,20.3181,20.546,19.9079,19.4243,19.466,19.4835,20.2347,20.0234,20.2098,20.6882,20.7272,20.9903,20.2377,20.2341,20.1338,20.6417,20.9708,20.6123,20.1627,20.0102,20.1539,20.8056,20.2266,20.3827,20.5914,20.4635,20.6658,19.4563,19.4771,19.5688,20.1335,20.3443,20.4367,19.5702,19.9093,19.512,20.5907,19.929,20.0662,20.9385,21.007,21.7561,19.3529,19.354,19.399,20.3788,21.1773,20.1049,19.7777,19.8856,19.8242,20.0018,19.8728,19.7991,20.1704,20.2657,20.5878,19.8928,20.0631,20.2043,20.9691,21.9007,20.5679,19.9627,20.223,20.156,20.3231,19.7086,20.0141,20.3769,20.624,20.8823
554,3:28:55 PM,19.6161,19.5804,19.6392,20.1723,20.2106,20.2937,20.3844,20.5449,20.4966,20.5057,20.4161,20.29,20.1272,20.1387,20.2284,20.4376,20.4779,20.5331,20.7476,21.0416,20.709,20.3545,20.4067,20.3402,20.3415,19.7729,19.8657,19.656,19.7393,19.9987,20.5177,20.549,20.5862,20.893,20.9749,20.6624,20.3609,20.3079,20.4186,20.4523,20.519,20.5725,20.8651,21.0347,21.1997,20.853,20.8529,20.8381,20.315,20.5935,19.929,19.4512,19.4859,19.5367,20.2069,20.0231,20.2544,20.6902,20.6612,20.9017,20.2913,20.2254,20.1732,20.6383,21.0007,20.6265,20.1733,20.005,20.1568,20.7154,20.2236,20.339,20.4906,20.5122,20.5545,19.5002,19.4511,19.5308,20.1051,20.3207,20.4226,19.6245,19.9293,19.5385,20.6403,19.9529,20.141,20.8548,21.0001,21.7724,19.2663,19.3417,19.4,20.3366,21.2512,20.0822,19.7484,19.8289,19.8163,20.0488,19.8099,19.7855,20.2137,20.2284,20.5337,19.9395,20.1522,20.1393,21.0625,21.7792,20.5155,20.0175,20.2148,20.1784,20.3434,19.7709,19.9827,20.3997,20.5218,20.8194
555,3:29:15 PM,19.5827,19.6695,19.6232,20.118,20.183,20.3085,20.4881,20.5517,20.5495,20.481,20.3614,20.3019,20.1308,20.0943,20.2159,20.4495,20.4139,20.499,20.7647,20.9487,20.668,20.3995,20.4266,20.3613,20.3899,19.8305,19.9135,19.7394,19.7715,19.988,20.5162,20.5502,20.6837,20.858,20.9697,20.6162,20.3349,20.3463,20.2525,20.3106,20.5697,20.537,20.8402,21.0162,21.1586,20.814,20.8962,20.8273,20.3501,20.5081,19.9564,19.5111,19.5091,19.4971,20.2418,20.0017,20.2684,20.7075,20.7811,20.7361,20.2793,20.2607,20.1333,20.687,21.0057,20.6171,20.0932,20.0142,20.1922,20.7183,20.1045,20.351,20.5053,20.4664,20.6639,19.5532,19.4392,19.5868,20.1331,20.3238,20.4087,19.5793,19.9014,19.5143,20.653,19.9508,20.1172,20.8709,21.1229,21.815,19.3462,19.3375,19.2525,20.35,21.2434,20.097,19.6818,19.7921,19.8837,19.801,19.8573,19.8093,20.2621,20.2225,20.4952,19.9802,20.0554,20.2239,21.0139,21.5732,20.5791,20.0575,20.2183,20.2169,20.1997,19.8717,19.9881,20.5379,20.5055,20.836
556,3:29:35 PM,19.75,19.6928,19.6012,20.0924,20.1504,20.3279,20.4566,20.527,20.5374,20.5809,20.3002,20.2616,20.152,20.1196,20.2138,20.4292,20.4775,20.4949,20.726,20.9764,20.6685,20.3455,20.4025,20.3343,20.4339,19.8904,19.9902,19.7841,19.8311,20.0146,20.6089,20.526,20.6081,20.7548,21.0041,20.6338,20.385,20.3377,20.3123,20.3284,20.4572,20.5001,20.8391,21.0176,21.2097,20.7456,20.8483,20.8048,20.3256,20.5076,19.9628,19.5118,19.5181,19.5897,20.2249,20.0618,20.2918,20.6958,20.7606,20.795,20.3071,20.2116,20.1267,20.6493,21.1484,20.6252,20.1453,19.9354,20.1164,20.8926,20.2003,20.2713,20.4903,20.4403,20.5603,19.5002,19.4517,19.5586,20.0865,20.3023,20.3723,19.6224,19.8764,19.614,20.684,20.0645,20.1091,20.8257,21.1137,21.9177,19.4048,19.3685,19.2251,20.4122,21.2265,19.9985,19.7064,19.7815,19.8785,19.7918,19.8852,19.8383,20.2424,20.2115,20.5236,19.9118,20.0766,20.1654,20.9511,21.4574,20.6176,20.1571,20.2934,20.2052,20.2246,19.8107,20.0581,20.5281,20.4852,20.8681
557,3:29:55 PM,19.739,19.634,19.5927,20.0489,20.1631,20.3057,20.383,20.5132,20.5243,20.5318,20.3347,20.3176,20.2144,20.2122,20.2469,20.4184,20.4569,20.4952,20.7302,20.912,20.7514,20.3556,20.4403,20.294,20.417,19.8985,19.964,19.7521,19.8252,19.9624,20.6395,20.4555,20.7145,20.8292,21.018,20.6535,20.3754,20.3822,20.2701,20.2122,20.4902,20.5117,20.8542,20.9681,21.2149,20.8237,20.8314,20.7811,20.3642,20.5327,20.021,19.5861,19.5078,19.516,20.2126,20.0868,20.2354,20.6363,20.7799,20.8842,20.2808,20.2326,20.1701,20.6551,21.01,20.6205,20.1477,20.0012,20.2785,20.9402,20.2785,20.314,20.5763,20.4326,20.493,19.5469,19.4355,19.5149,20.1386,20.3497,20.398,19.6285,19.7528,19.577,20.49,19.996,20.1777,20.901,21.1417,22.0958,19.4534,19.4096,19.2347,20.42,21.2161,20.0556,19.7056,19.7758,19.9608,19.8678,19.8721,19.8669,20.2761,20.27,20.4653,19.9158,20.1314,20.2367,20.9401,21.669,20.7043,20.1085,20.2032,20.2168,20.1919,19.7745,19.9618,20.4355,20.5723,20.8252
558,3:30:15 PM,19.681,19.6995,19.676,20.109,20.1875,20.252,20.3248,20.4503,20.5514,20.5316,20.4234,20.3735,20.1933,20.2718,20.2299,20.4294,20.5092,20.5518,20.7312,20.9477,20.722,20.428,20.4221,20.2729,20.4376,19.9533,19.965,19.8816,19.877,19.9933,20.5934,20.396,20.6833,20.7914,21.0246,20.5916,20.4312,20.4486,20.285,20.3244,20.514,20.4469,20.8526,20.954,21.2401,20.827,20.8466,20.7365,20.3362,20.5274,19.969,19.5785,19.5078,19.5182,20.2561,20.1065,20.241,20.632,20.7856,20.8612,20.1902,20.2223,20.1789,20.6002,20.9759,20.6107,20.1237,20.0346,20.236,21.0348,20.3974,20.3719,20.6509,20.4187,20.5318,19.4813,19.4996,19.5856,20.128,20.3565,20.358,19.5871,19.5193,19.6154,20.4045,20.0254,20.1446,20.8359,20.9891,21.9347,19.4664,19.3866,19.4376,20.4067,21.2389,20.1019,19.7733,19.7701,19.9035,20.0187,19.8872,19.8758,20.2204,20.2685,20.6422,19.9649,20.1011,20.2015,20.9671,21.9357,20.6351,20.138,20.2512,20.1807,20.4471,19.7737,19.9541,20.3895,20.5657,20.8764
559,3:30:35 PM,19.7213,19.6787,19.6378,20.0765,20.1649,20.1591,20.295,20.4125,20.5578,20.4759,20.4348,20.3704,20.3077,20.385,20.2993,20.4957,20.5449,20.5944,20.6882,20.9928,20.6546,20.3407,20.389,20.1648,20.4445,19.9724,20.006,19.8129,19.8474,19.9441,20.5457,20.415,20.5853,20.7529,20.942,20.7006,20.3912,20.416,20.398,20.5352,20.5024,20.521,20.9046,20.9451,21.2463,20.7977,20.8708,20.8024,20.305,20.5653,20.0286,19.5465,19.5529,19.516,20.3424,20.1887,20.2013,20.6261,20.7348,20.8649,20.2025,20.1979,20.1255,20.6808,20.9616,20.6877,20.1291,20.0382,20.3066,21.0359,20.3377,20.2989,20.647,20.4271,20.5152,19.5134,19.5321,19.5999,20.0973,20.3245,20.3485,19.6198,19.6383,19.6599,20.4403,20.0188,20.1548,20.956,21.1515,21.9773,19.4704,19.3857,19.3568,20.5954,21.1362,20.1103,19.8157,19.7522,19.8745,20.1323,19.9165,19.8049,20.2435,20.2802,20.7241,19.9659,20.1118,20.0999,20.9502,21.7768,20.5939,20.1574,20.233,20.2495,20.5099,19.8345,20.0079,20.3685,20.6877,20.9968
560,3:30:55 PM,19.7055,19.7628,19.6677,20.1035,20.1753,20.3031,20.2632,20.4186,20.5694,20.3997,20.3844,20.3714,20.2906,20.3629,20.2383,20.4826,20.544,20.5173,20.761,20.9788,20.6514,20.463,20.375,20.2233,20.4611,20.0147,19.9994,19.8795,19.9043,19.9375,20.4543,20.3471,20.5099,20.701,20.9498,20.6631,20.4041,20.4189,20.5256,20.5809,20.5782,20.5653,20.8288,20.963,21.2309,20.7702,20.8633,20.8071,20.355,20.5185,20.0626,19.6319,19.6369,19.5215,20.2502,20.2562,20.2653,20.6216,20.7207,20.7581,20.1951,20.1547,20.0703,20.6862,20.9195,20.6511,20.1526,20.0822,20.2381,20.9323,20.2651,20.3776,20.6366,20.4601,20.6252,19.5363,19.5061,19.5618,20.1331,20.334,20.3752,19.6346,19.696,19.6972,20.5105,20.0987,20.12,20.9589,21.0441,21.7876,19.5211,19.4508,19.4375,20.5887,21.0988,20.1422,19.8615,19.8524,19.862,20.0368,19.9083,19.8523,20.2043,20.256,20.6102,20.0014,20.096,20.1756,20.9194,21.5824,20.6892,20.1684,20.2729,20.3746,20.5683,19.8567,20.0558,20.3532,20.6587,21.0832
561,3:31:15 PM,19.6982,19.7097,19.743,20.1082,20.1749,20.2334,20.3346,20.4904,20.6459,20.4134,20.4855,20.4171,20.3148,20.3478,20.2627,20.4509,20.4773,20.5166,20.7345,20.9783,20.7683,20.469,20.3402,20.3189,20.4694,20.0684,20.0048,19.9452,19.8796,19.925,20.5606,20.4317,20.5794,20.8054,20.9481,20.692,20.4279,20.4179,20.4508,20.5781,20.5554,20.5808,20.87,21.0363,21.2087,20.7406,20.8587,20.7857,20.349,20.49,20.0697,19.6348,19.5871,19.559,20.2859,20.1637,20.2471,20.6127,20.7613,20.7382,20.2651,20.2536,20.1429,20.6839,20.9384,20.6765,20.2151,20.0796,20.2213,20.8485,20.1703,20.3553,20.5585,20.501,20.7345,19.6235,19.5303,19.6146,20.1434,20.3445,20.3913,19.639,19.9026,19.7057,20.5994,20.0775,20.1584,20.9253,21.0874,21.8881,19.5012,19.4352,19.4457,20.6124,21.0942,20.2105,19.799,19.9296,19.9671,20.3162,19.9703,19.9002,20.2317,20.2566,20.4895,19.9659,20.1423,20.1286,20.8923,21.5713,20.7518,20.1586,20.2584,20.3293,20.4738,19.8586,20.0326,20.3984,20.7505,21.1679
562,3:31:35 PM,19.7168,19.6857,19.7524,20.2347,20.2697,20.2488,20.4215,20.539,20.6259,20.4939,20.4382,20.3926,20.2383,20.2314,20.246,20.4605,20.4762,20.4601,20.7546,20.9942,20.7602,20.508,20.4124,20.3748,20.4779,19.979,20.0683,19.9104,19.9207,19.9784,20.5047,20.4692,20.5661,20.8591,20.9151,20.7174,20.4181,20.3751,20.352,20.4925,20.6471,20.606,20.8804,20.983,21.2375,20.8186,20.8882,20.8164,20.3487,20.5527,20.0275,19.6396,19.5474,19.5363,20.2323,20.0422,20.2366,20.6288,20.7925,20.8203,20.2807,20.231,20.1568,20.7372,20.9405,20.6976,20.1683,20.071,20.2109,20.789,20.3136,20.4484,20.5417,20.4926,20.7081,19.6234,19.5018,19.5881,20.1651,20.3693,20.4105,19.6513,19.9452,19.761,20.4748,20.0332,20.1154,20.8669,21.0977,21.8801,19.5621,19.4128,19.5053,20.5044,21.1175,20.2222,19.8225,19.8184,19.876,20.149,19.9961,19.857,20.1683,20.3029,20.4415,20.0204,20.0701,20.1717,20.9146,21.7567,20.6701,20.2064,20.2664,20.2923,20.5959,19.8553,20.138,20.4798,20.65,21.0044
563,3:31:55 PM,19.7167,19.7342,19.8281,20.1839,20.2128,20.3308,20.3847,20.6248,20.684,20.5067,20.426,20.3556,20.2461,20.2134,20.247,20.5122,20.428,20.4967,20.7442,20.9514,20.7412,20.394,20.4665,20.4079,20.4013,19.9753,20.1186,19.9447,19.9722,20.0194,20.6454,20.4986,20.649,20.7823,20.9468,20.7244,20.3645,20.4368,20.2494,20.5534,20.5185,20.6413,20.9023,21.0121,21.2082,20.8315,20.8778,20.8389,20.4189,20.5849,20.0249,19.5185,19.5756,19.5706,20.2358,20.0695,20.2775,20.654,20.7765,20.8189,20.3187,20.2485,20.2235,20.6961,20.9515,20.6148,20.2168,20.0339,20.2439,20.6972,20.3105,20.39,20.5172,20.5362,20.6733,19.6079,19.5837,19.6397,20.1539,20.3271,20.4145,19.6465,19.8458,19.7478,20.4725,19.9754,20.1515,20.8962,21.0839,21.9229,19.6157,19.5174,19.6541,20.6023,21.1631,20.2557,19.8757,19.878,19.9262,20.2492,19.9279,19.8696,20.2768,20.2568,20.4845,20.0349,20.0728,20.1945,20.8616,21.6743,20.6821,20.2359,20.2466,20.2622,20.6074,19.9864,20.1016,20.6299,20.6662,20.9628
564,3:32:15 PM,19.7423,19.7214,19.7554,20.2314,20.2552,20.2977,20.5236,20.5794,20.664,20.5207,20.4268,20.399,20.1822,20.1815,20.2547,20.4692,20.5058,20.5411,20.6975,20.8956,20.6674,20.5504,20.3884,20.4373,20.3656,19.991,20.0972,19.9139,20.0355,19.9486,20.637,20.4891,20.6351,20.8666,21.0053,20.7415,20.4359,20.4113,20.3048,20.6423,20.5467,20.5616,20.8155,21.0564,21.2496,20.7797,20.8402,20.8834,20.3947,20.548,20.1102,19.6375,19.5701,19.6015,20.2213,20.1767,20.2973,20.6478,20.8373,20.963,20.2869,20.3408,20.2312,20.7345,21.0748,20.6618,20.195,20.0685,20.2651,20.6722,20.2946,20.4679,20.5951,20.5649,20.6716,19.6392,19.5938,19.6193,20.1143,20.3643,20.4162,19.675,19.8231,19.7067,20.4956,20.1064,20.0899,20.9586,21.1801,22.0216,19.5739,19.4539,19.6406,20.5794,21.1367,20.2581,19.8582,19.9336,19.9246,19.9375,19.9752,19.9525,20.2425,20.3466,20.5998,19.9817,20.1,20.2639,21.0091,21.8091,20.7281,20.2698,20.239,20.305,20.5983,19.8954,20.1134,20.4791,20.7456,20.9616
565,3:32:35 PM,19.8377,19.7833,19.8032,20.2151,20.1893,20.3518,20.4953,20.5813,20.6345,20.4796,20.382,20.2941,20.2604,20.2782,20.2866,20.4876,20.423,20.6044,20.7037,21.0345,20.6705,20.4698,20.4729,20.4038,20.3315,20.0914,20.1055,20.0164,20.0598,20.0132,20.6099,20.5271,20.6118,20.8983,20.9509,20.764,20.3624,20.4488,20.399,20.7385,20.547,20.6031,20.8797,21.0415,21.2835,20.7951,20.8725,20.8856,20.3837,20.5124,20.129,19.6317,19.6101,19.6072,20.2997,20.2713,20.2966,20.6713,20.7775,20.8147,20.3184,20.2991,20.1703,20.7755,21.0971,20.7162,20.1941,20.0654,20.2604,20.6888,20.2505,20.3435,20.6078,20.6002,20.7003,19.731,19.5644,19.6387,20.2388,20.4208,20.4462,19.6839,19.9043,19.6777,20.4487,20.1629,20.1469,21.094,21.2254,21.8126,19.5491,19.4752,19.646,20.5649,21.1484,20.2393,19.9317,19.884,20.0719,19.8565,19.9584,19.9154,20.2928,20.305,20.659,19.9191,20.0898,20.2735,21.0023,21.8043,20.761,20.2983,20.2895,20.3422,20.7116,19.9035,20.0652,20.3775,20.7092,20.8893
566,3:32:55 PM,19.7764,19.8271,19.7325,20.1234,20.2073,20.3849,20.4924,20.5654,20.5705,20.4997,20.3946,20.3827,20.2018,20.2597,20.3083,20.5437,20.5151,20.5716,20.7664,21.089,20.7168,20.4606,20.4508,20.4362,20.3554,20.0763,20.087,19.9827,19.9867,19.973,20.5027,20.5537,20.6148,20.8625,20.9654,20.6609,20.4091,20.4342,20.5102,20.7973,20.5958,20.57,20.9517,21.0671,21.3067,20.7782,20.9181,20.8739,20.3746,20.5571,20.1488,19.6404,19.6676,19.6218,20.2123,20.2761,20.3152,20.7781,20.8322,20.9754,20.2993,20.2633,20.1848,20.7433,21.1153,20.7193,20.2049,20.0127,20.2584,20.7767,20.3478,20.4211,20.6355,20.6419,20.6834,19.7056,19.6489,19.6488,20.1965,20.3657,20.3869,19.7284,20.0247,19.7866,20.4684,20.1766,20.147,21.0816,21.2813,22.0024,19.508,19.4644,19.5981,20.5715,21.1691,20.2283,19.814,19.7722,20.039,20.0257,19.9939,19.8568,20.3458,20.2978,20.7372,19.9162,20.1021,20.2692,21.1932,21.8958,20.7375,20.3096,20.2303,20.354,20.6553,19.9256,20.0657,20.3772,20.6579,20.8858
567,3:33:15 PM,19.7747,19.7559,19.7045,20.1502,20.2797,20.3457,20.428,20.4994,20.579,20.5397,20.3923,20.3271,20.2411,20.3567,20.4351,20.4853,20.4914,20.5254,20.7506,21.1235,20.706,20.4684,20.465,20.4541,20.347,20.1137,20.1003,20.0171,20.0561,20.0128,20.5228,20.498,20.5608,20.8632,20.9777,20.6833,20.4247,20.4447,20.6611,20.8676,20.6075,20.5794,20.9253,21.0672,21.2709,20.7916,20.868,20.8451,20.4125,20.5207,20.1059,19.6072,19.7214,19.5411,20.276,20.162,20.3398,20.6761,20.8214,21.0972,20.2022,20.1864,20.2141,20.7898,21.1359,20.7015,20.183,20.102,20.2857,20.8782,20.3619,20.3998,20.6795,20.5666,20.6175,19.653,19.5739,19.6449,20.1852,20.4475,20.3208,19.6837,19.9975,19.7834,20.5359,20.1444,20.2467,21.0236,21.3507,22.0022,19.5518,19.4774,19.4569,20.5722,21.1425,20.2846,19.7924,19.7919,20.0145,20.0201,19.9569,19.8961,20.3182,20.311,20.5905,20.0014,20.0935,20.2791,21.1697,21.7092,20.6956,20.2594,20.25,20.358,20.6136,20.0215,20.0498,20.4588,20.7267,20.8546
568,3:33:35 PM,19.7669,19.7568,19.692,20.1018,20.2353,20.3435,20.4367,20.6109,20.6234,20.5852,20.4806,20.3803,20.2387,20.2601,20.4619,20.5224,20.5321,20.5321,20.7564,21.1311,20.7278,20.5506,20.4597,20.5353,20.3206,20.0737,20.0631,19.9115,19.8877,19.9647,20.5418,20.5103,20.6511,20.9024,20.9909,20.6687,20.428,20.4689,20.5643,20.9439,20.5121,20.6622,20.9533,21.0676,21.32,20.7988,20.8872,20.8626,20.3996,20.5215,20.1125,19.6579,19.644,19.5807,20.2572,20.0832,20.2341,20.6708,20.8714,21.1394,20.2238,20.2697,20.1779,20.8385,21.2132,20.7464,20.1356,20.0539,20.212,20.8864,20.4422,20.4317,20.5805,20.6443,20.6463,19.6971,19.6185,19.6488,20.2248,20.4276,20.4373,19.6675,19.8679,19.6692,20.4927,20.1718,20.2717,20.9541,21.3553,22.1525,19.6596,19.5082,19.57,20.5171,21.1729,20.3655,19.8497,19.8496,20.0022,20.1023,19.9248,19.946,20.2823,20.3982,20.6125,20.0445,20.1242,20.2386,21.1937,21.7418,20.7314,20.3142,20.3111,20.3667,20.5349,19.9525,20.092,20.5455,20.6884,20.892
569,3:33:55 PM,19.7768,19.7792,19.7285,20.1,20.3073,20.3185,20.452,20.5704,20.7054,20.5908,20.4999,20.3677,20.2467,20.2966,20.447,20.4859,20.524,20.5654,20.7579,21.1348,20.7496,20.5232,20.4938,20.5105,20.359,20.0552,20.0588,19.877,19.9089,19.9704,20.495,20.5083,20.6152,20.8414,21.0188,20.7508,20.4174,20.4304,20.5261,20.8141,20.5869,20.5648,20.9327,21.0603,21.3275,20.8335,20.8925,20.8644,20.4179,20.5207,20.0881,19.6537,19.6169,19.6064,20.2594,20.23,20.2834,20.6887,20.8205,20.9407,20.3479,20.235,20.1846,20.7494,21.1914,20.6726,20.1934,20.0705,20.2333,20.8585,20.497,20.5223,20.6437,20.6201,20.6076,19.6353,19.6438,19.6422,20.2622,20.4414,20.3654,19.6625,19.7339,19.7205,20.5119,20.153,20.2639,20.9728,21.2171,22.0492,19.6183,19.548,19.6302,20.5361,21.1748,20.4,19.8773,19.8921,20.0294,19.8415,19.9356,19.9403,20.2332,20.3977,20.7111,20.0274,20.14,20.2122,21.0516,21.7142,20.7916,20.2607,20.3835,20.3898,20.4322,19.9389,20.0863,20.6311,20.6636,20.889
570,3:34:15 PM,19.7994,19.7317,19.7831,20.1507,20.2761,20.302,20.4528,20.5604,20.6182,20.5582,20.4696,20.3968,20.3053,20.3413,20.4656,20.4962,20.5132,20.5586,20.7857,21.1023,20.7344,20.5637,20.4644,20.5249,20.3485,19.9425,20.0743,19.8527,19.8923,19.9231,20.622,20.5329,20.7473,20.8658,20.9831,20.7585,20.518,20.4269,20.4529,20.7229,20.5814,20.6115,20.9396,21.1414,21.3275,20.7967,20.9321,20.9112,20.4266,20.5663,20.0627,19.6938,19.6014,19.624,20.2565,20.2238,20.2505,20.6776,20.813,20.746,20.3449,20.3114,20.212,20.8214,21.1492,20.6931,20.2459,20.0348,20.2536,20.9308,20.5594,20.4621,20.5857,20.5832,20.7176,19.6068,19.5921,19.6805,20.2201,20.3929,20.4329,19.6544,19.7863,19.6482,20.3292,20.0968,20.299,20.8958,21.1493,21.9233,19.5536,19.5986,19.5613,20.5312,21.2129,20.2804,19.7926,19.8669,20.0152,19.9783,19.9166,19.9451,20.2924,20.4421,20.7273,20.0136,20.1193,20.185,21.0507,21.9044,20.7813,20.2105,20.3638,20.3997,20.5309,19.8547,20.0527,20.5065,20.6769,20.8658
571,3:34:35 PM,19.7834,19.7862,19.801,20.1657,20.3041,20.3201,20.4652,20.5838,20.6997,20.6064,20.485,20.4183,20.2746,20.3072,20.5221,20.515,20.5433,20.5013,20.745,21.1657,20.8333,20.4979,20.4917,20.5603,20.4051,20.0387,20.1343,19.8827,19.9664,20.0145,20.708,20.5209,20.6813,20.8649,20.9674,20.7725,20.4617,20.5035,20.4309,20.4845,20.6558,20.6177,21.0193,21.1023,21.2755,20.8873,20.9753,20.8783,20.4761,20.5649,20.0525,19.6147,19.701,19.6695,20.1756,20.2464,20.2758,20.7521,20.8442,20.7984,20.2985,20.2681,20.2083,20.8323,21.1678,20.7105,20.2325,20.0648,20.2821,20.8791,20.4752,20.5329,20.5856,20.6143,20.7526,19.5872,19.6099,19.6645,20.325,20.3189,20.468,19.8154,19.8804,19.7482,20.4022,20.1521,20.2644,20.9964,21.1693,21.834,19.562,19.5961,19.6067,20.4226,21.2352,20.2991,19.683,19.922,20.03,19.9476,19.9265,19.937,20.3148,20.3462,20.7142,19.9813,20.1432,20.2892,20.967,21.8316,20.8005,20.3971,20.3238,20.4385,20.5175,20.0232,20.0947,20.5721,20.7912,20.9352
572,3:34:55 PM,19.8824,19.8405,19.866,20.2697,20.2173,20.3186,20.4222,20.5856,20.6644,20.5368,20.4511,20.4648,20.2525,20.21,20.4917,20.5372,20.6179,20.5764,20.7984,21.1192,20.8744,20.5733,20.5329,20.5396,20.3847,20.0621,20.1933,19.8722,20.0495,20.0298,20.6967,20.5282,20.6671,20.8152,21.066,20.7588,20.5202,20.4931,20.4572,20.7257,20.6615,20.6785,21.0,21.1365,21.3211,20.8066,20.9331,20.893,20.4108,20.55,20.1221,19.6562,19.6518,19.596,20.1771,20.2732,20.3564,20.7827,20.8702,20.9674,20.2916,20.3431,20.1903,20.832,21.1484,20.7096,20.2025,20.0701,20.272,20.8291,20.4003,20.5544,20.6413,20.5866,20.8068,19.6081,19.5628,19.6722,20.2351,20.4173,20.4522,19.8326,20.1656,19.7446,20.5232,20.1248,20.2482,21.0019,21.1975,21.7472,19.6282,19.5757,19.4203,20.3669,21.1427,20.2982,19.7082,19.901,19.9923,20.0646,19.9677,19.9404,20.3197,20.4082,20.7493,19.9753,20.1714,20.3013,20.9574,21.8394,20.781,20.304,20.3607,20.4481,20.6564,19.9404,20.1318,20.4595,20.7282,20.8576
573,3:35:15 PM,19.9273,19.8488,19.8067,20.2683,20.2327,20.2944,20.4856,20.5216,20.6514,20.5103,20.4771,20.3568,20.2642,20.2784,20.5191,20.5208,20.598,20.5441,20.843,21.0647,20.8686,20.6012,20.5026,20.5608,20.3756,20.0874,20.1821,19.9779,19.9891,20.0719,20.6867,20.5179,20.7065,20.8549,21.035,20.7192,20.4658,20.5241,20.4987,20.7853,20.5987,20.7021,20.9685,21.1329,21.3421,20.8244,20.9346,20.891,20.496,20.5813,20.1496,19.6686,19.6297,19.6346,20.2323,20.1559,20.3311,20.7556,20.8603,20.9388,20.292,20.3,20.2381,20.8122,21.1026,20.7125,20.2431,20.1059,20.313,20.8204,20.4268,20.5176,20.6548,20.5804,20.6773,19.6013,19.6167,19.7141,20.294,20.3894,20.4962,19.8016,20.13,19.7238,20.5583,20.0831,20.2489,21.0485,21.193,21.8912,19.5777,19.5458,19.44,20.4756,21.2056,20.2471,19.8367,19.9002,20.0625,19.863,19.9392,19.9387,20.3512,20.4095,20.8,20.0075,20.2263,20.337,21.0897,21.9019,20.7766,20.3678,20.349,20.3695,20.5374,19.9881,20.2135,20.4752,20.7527,20.9626
574,3:35:35 PM,19.8795,19.7892,19.7171,20.2468,20.3214,20.3669,20.3861,20.5545,20.5865,20.532,20.466,20.4846,20.2819,20.3688,20.5223,20.555,20.5869,20.6023,20.8089,21.1576,20.8775,20.6142,20.4738,20.5594,20.4729,20.1052,20.1486,19.9877,19.9367,20.0457,20.5201,20.507,20.6455,20.8505,20.9971,20.7464,20.5264,20.5116,20.7438,20.9398,20.6079,20.7171,21.0227,21.1048,21.3388,20.8917,20.9811,20.8605,20.4756,20.4937,20.1704,19.6596,19.6196,19.6526,20.3039,20.183,20.3187,20.8055,20.7931,20.8536,20.3326,20.2928,20.2654,20.8809,21.1579,20.6148,20.2432,20.1288,20.3678,20.9709,20.4044,20.577,20.6963,20.6408,20.8753,19.6901,19.6039,19.6514,20.2201,20.3026,20.507,19.7716,19.9892,19.595,20.4829,20.1062,20.3042,21.0803,21.2206,21.7534,19.6541,19.5358,19.4756,20.553,21.288,20.2984,19.859,19.8889,20.0315,20.0779,19.9495,19.9199,20.3245,20.3824,21.0156,19.9937,20.2395,20.2602,21.1764,21.9431,20.7835,20.2957,20.3301,20.4053,20.5421,19.9012,20.1343,20.374,20.7113,20.979
575,3:35:55 PM,19.8014,19.8005,19.8451,20.2006,20.3026,20.35,20.4488,20.4771,20.5003,20.4071,20.5443,20.4221,20.2602,20.4096,20.5822,20.5624,20.6082,20.601,20.8061,21.2213,20.8865,20.5995,20.5504,20.6845,20.4967,20.0944,20.139,19.9761,19.9561,20.0595,20.5587,20.5226,20.6909,20.8742,21.0335,20.7686,20.5235,20.585,20.7458,20.9153,20.6754,20.7158,21.0017,21.1625,21.3925,20.8874,20.9474,20.8934,20.4825,20.6155,20.1539,19.6415,19.6431,19.5814,20.3095,20.0916,20.294,20.75,20.7938,20.7745,20.3364,20.298,20.2144,20.8343,21.2131,20.6989,20.1961,20.0612,20.2999,21.0394,20.4513,20.5292,20.7211,20.6298,20.8264,19.6306,19.592,19.6846,20.2002,20.3889,20.511,19.7558,19.9611,19.5924,20.5633,20.0777,20.2791,21.06,21.2497,21.7808,19.5757,19.6247,19.6174,20.6685,21.3691,20.2661,19.9226,19.9266,19.9469,20.0721,19.9986,19.9989,20.3813,20.4441,21.3986,20.0135,20.1592,20.2199,21.4243,21.9016,20.7936,20.333,20.386,20.4631,20.4592,19.9844,20.1758,20.5227,20.7974,21.0052
576,3:36:15 PM,19.8141,19.7689,19.6946,20.2853,20.2217,20.3977,20.5302,20.5248,20.4752,20.4089,20.5612,20.4555,20.3073,20.4464,20.6743,20.552,20.5746,20.6185,20.7912,21.2191,20.8397,20.6272,20.5789,20.6555,20.4971,20.0598,20.0775,19.9179,19.9777,20.0912,20.5434,20.5756,20.6651,20.9215,21.1185,20.8257,20.507,20.4926,20.7849,20.9307,20.6522,20.6621,21.0071,21.1365,21.3537,20.9005,20.9642,20.8754,20.4914,20.6527,20.0644,19.6259,19.6784,19.6092,20.2895,20.1406,20.3273,20.7561,20.8716,20.8538,20.3878,20.2706,20.2707,20.829,21.1221,20.7794,20.279,20.1365,20.3462,21.0168,20.3604,20.6139,20.7565,20.6779,20.9009,19.6812,19.6177,19.7385,20.2152,20.3941,20.4973,19.7019,19.9044,19.6888,20.7066,20.1158,20.3241,20.9953,21.1104,21.6557,19.6274,19.6338,19.6969,20.6493,21.3524,20.2825,19.9285,19.8769,19.8706,20.1847,20.0581,19.9554,20.3438,20.4434,21.3776,20.0411,20.2507,20.2769,21.4598,21.853,20.8068,20.2667,20.4512,20.4657,20.4692,19.9701,20.2364,20.6677,20.8122,21.107
577,3:36:35 PM,19.7877,19.7314,19.7155,20.2608,20.2906,20.3635,20.5513,20.5694,20.5108,20.4464,20.6126,20.4525,20.3484,20.361,20.5354,20.5525,20.5636,20.637,20.8551,21.2214,20.8718,20.5749,20.5627,20.5969,20.5366,19.9799,20.0775,19.9818,20.099,20.1193,20.5755,20.6661,20.6648,21.0201,21.0781,20.8794,20.5428,20.5372,20.6329,20.794,20.6623,20.6593,20.8949,21.1513,21.3666,20.917,20.9898,20.8997,20.5083,20.6143,20.1436,19.6665,19.6697,19.6122,20.3282,20.1246,20.3458,20.739,20.7782,20.8768,20.452,20.2426,20.2641,20.8106,21.1905,20.8154,20.3024,20.0972,20.2948,20.8689,20.4232,20.6167,20.7247,20.6957,20.7959,19.6954,19.6266,19.6833,20.2851,20.411,20.4765,19.7377,19.893,19.7521,20.7222,20.1076,20.3241,21.0581,21.1951,21.7388,19.6646,19.6479,19.7117,20.5097,21.2833,20.3258,19.9061,19.9159,19.8927,20.2267,20.0703,19.973,20.3583,20.4742,21.3,20.1303,20.2372,20.281,21.3442,22.0296,20.8072,20.2662,20.4145,20.3782,20.4342,20.0524,20.2306,20.6985,20.8446,21.0989
578,3:36:55 PM,19.7956,19.7945,19.7709,20.2531,20.3361,20.3598,20.6529,20.6419,20.6239,20.5153,20.6219,20.414,20.3153,20.39,20.4769,20.5665,20.5813,20.6448,20.8544,21.2047,20.8403,20.524,20.4905,20.3583,20.4341,20.0656,20.1682,19.9601,20.082,20.0757,20.5209,20.6735,20.7442,20.978,21.0431,20.8644,20.5847,20.4919,20.4502,20.6251,20.5967,20.6578,20.8922,21.0569,21.2724,20.8508,20.9844,20.8858,20.4768,20.4914,20.1415,19.6831,19.7301,19.5731,20.3123,20.1386,20.3536,20.7809,20.8078,20.9302,20.4547,20.3754,20.261,20.7566,21.1719,20.7988,20.2859,20.1005,20.32,20.8066,20.3381,20.5919,20.6911,20.6596,20.7851,19.7029,19.6678,19.7398,20.2674,20.4815,20.4817,19.729,19.8658,19.8443,20.7264,20.1678,20.3184,21.0669,21.2038,21.8637,19.5963,19.6829,19.7894,20.4397,21.2338,20.3267,19.9454,20.0282,19.9799,20.1172,20.0204,20.0191,20.3689,20.3818,20.975,20.1427,20.2334,20.2694,21.2451,22.2032,20.7685,20.2295,20.3904,20.3919,20.3814,20.0336,20.203,20.7074,20.8279,21.1479
579,3:37:15 PM,19.8407,19.7873,19.7978,20.2626,20.3494,20.4014,20.5976,20.6824,20.6384,20.6019,20.5891,20.4649,20.3451,20.3039,20.4003,20.4867,20.5333,20.6028,20.8433,21.2241,20.9406,20.5239,20.5811,20.4101,20.4338,20.1196,20.1486,19.994,20.0437,20.0294,20.6,20.6526,20.8606,21.022,21.033,20.8629,20.4587,20.4049,20.3269,20.5089,20.6785,20.626,20.9282,21.1064,21.37,20.9144,20.9737,20.896,20.5048,20.5909,20.1486,19.6913,19.7379,19.6286,20.2903,20.2078,20.3118,20.7751,20.8305,20.9684,20.4091,20.3013,20.3436,20.713,21.2832,20.7146,20.2185,20.1397,20.2986,20.844,20.3382,20.594,20.6379,20.6011,20.7154,19.7139,19.6128,19.7024,20.3781,20.4204,20.5457,19.741,19.959,19.8671,20.6661,20.0905,20.2699,21.0647,21.2985,22.0586,19.6575,19.6609,19.7283,20.5012,21.2551,20.2999,19.9779,20.0967,19.932,20.1277,20.0505,20.0661,20.4163,20.4371,20.8865,20.1974,20.2709,20.2357,21.2352,22.147,20.8247,20.2786,20.3502,20.4351,20.5476,20.0134,20.237,20.6484,20.8077,21.0307
580,3:37:35 PM,19.807,19.8336,19.8272,20.317,20.3556,20.4134,20.6322,20.7509,20.6851,20.6187,20.5284,20.4227,20.333,20.3254,20.3737,20.541,20.585,20.6194,20.822,21.1687,20.9351,20.5321,20.5925,20.4444,20.4282,20.0534,20.1793,20.0459,20.0579,20.0088,20.7985,20.6515,20.8661,20.9539,20.956,20.8091,20.5412,20.4839,20.3868,20.451,20.6472,20.6179,20.8843,21.0757,21.3636,20.8651,20.9723,20.9216,20.5021,20.667,20.1706,19.7398,19.6713,19.674,20.3444,20.2655,20.3719,20.7822,20.8186,20.801,20.3795,20.3172,20.2668,20.6945,21.1549,20.7259,20.2528,20.1225,20.3149,20.8564,20.403,20.5521,20.6603,20.5806,20.8026,19.7068,19.6299,19.7284,20.3591,20.3858,20.5766,19.7181,19.9646,19.8327,20.7046,20.1472,20.3325,21.07,21.1626,21.8263,19.6593,19.5823,19.6839,20.5919,21.2332,20.3947,20.0081,20.0811,19.9713,20.0579,20.0307,19.9879,20.3833,20.3631,20.9959,20.1347,20.2312,20.3199,21.2389,22.0268,20.8558,20.3734,20.3827,20.4702,20.5539,19.9901,20.151,20.5169,20.7116,20.8985
581,3:37:55 PM,19.9147,19.8152,19.8371,20.1962,20.3497,20.4363,20.6028,20.7333,20.7816,20.6338,20.5658,20.4765,20.443,20.3204,20.4022,20.5382,20.6317,20.6584,20.8416,21.0567,20.9575,20.5579,20.5318,20.5823,20.48,20.1333,20.1968,20.1482,19.9922,20.036,20.7911,20.7037,20.8638,20.8928,21.0003,20.846,20.5155,20.468,20.4354,20.5287,20.6279,20.6282,20.9272,21.0541,21.4245,20.9211,20.9387,20.9616,20.4205,20.6442,20.1968,19.7797,19.6922,19.6835,20.2912,20.2759,20.358,20.748,20.8652,20.8927,20.4025,20.3058,20.3307,20.7675,21.2496,20.7174,20.2486,20.1435,20.3561,20.8923,20.4469,20.4865,20.6386,20.6308,20.7499,19.7113,19.7189,19.7942,20.3426,20.3792,20.6312,19.8155,20.031,19.7935,20.6248,20.1803,20.2776,21.1231,21.2522,21.7076,19.6671,19.5783,19.7243,20.6273,21.2824,20.3663,19.9575,20.0413,19.975,20.1664,20.0602,20.0199,20.4259,20.3952,21.0523,20.1246,20.2181,20.406,21.2079,21.9573,20.8175,20.3445,20.316,20.4881,20.5952,19.9194,20.1491,20.5124,20.6752,20.9064
582,3:38:15 PM,19.9104,19.8199,19.8236,20.2061,20.2882,20.351,20.4903,20.7032,20.6879,20.6833,20.6097,20.4442,20.3531,20.462,20.4508,20.6429,20.6403,20.675,20.8615,21.1647,20.9343,20.6356,20.5697,20.5585,20.4897,20.1823,20.2001,20.1125,20.0361,20.0509,20.7392,20.6597,20.8533,20.9292,21.0621,20.8625,20.5014,20.546,20.4672,20.6838,20.6768,20.6604,20.9722,21.0381,21.3543,20.919,20.9887,20.9269,20.4378,20.6775,20.1587,19.7885,19.7713,19.6908,20.3799,20.2545,20.393,20.8594,20.8992,20.7953,20.3852,20.3615,20.3905,20.8277,21.252,20.7916,20.3458,20.1643,20.3515,20.9211,20.3963,20.5813,20.7436,20.6498,20.6602,19.7559,19.757,19.8344,20.3235,20.4545,20.5768,19.8655,20.237,19.8302,20.7103,20.2595,20.3897,21.1843,21.3041,21.5907,19.7057,19.673,19.7206,20.6467,21.3081,20.4102,19.9021,20.0323,19.9637,20.0976,20.1152,20.051,20.4469,20.4663,20.9359,20.0958,20.2273,20.4527,21.1556,21.9127,20.847,20.3544,20.4045,20.4289,20.6237,20.0258,20.2177,20.619,20.7039,20.9609
583,3:38:35 PM,19.9214,19.8857,19.8232,20.216,20.344,20.3358,20.5174,20.63,20.6474,20.7075,20.5762,20.474,20.3523,20.461,20.3972,20.6113,20.5757,20.6833,20.9016,21.2061,20.9317,20.6143,20.6218,20.5777,20.5236,20.192,20.2348,20.0874,20.0186,20.0462,20.7901,20.6472,20.8005,20.9101,21.1652,20.8286,20.5905,20.4945,20.5613,20.7075,20.6741,20.6634,20.962,21.0951,21.3664,20.8936,20.9922,20.9388,20.4743,20.5935,20.1509,19.7489,19.7275,19.667,20.3339,20.2506,20.3569,20.8473,20.9201,21.0239,20.416,20.3076,20.3642,20.7955,21.3212,20.7855,20.3006,20.1982,20.3938,20.9399,20.4253,20.54,20.7586,20.6676,20.6902,19.7924,19.7009,19.7796,20.276,20.46,20.5795,19.8999,20.2768,19.8705,20.7522,20.2426,20.3928,21.0872,21.3753,21.7687,19.6697,19.5995,19.6584,20.7029,21.3047,20.3586,19.9662,20.0538,20.0122,19.9986,20.0733,20.0531,20.4302,20.4779,20.9824,20.0383,20.2284,20.4133,21.2532,21.9962,20.8761,20.3316,20.4159,20.4023,20.5648,20.0246,20.294,20.5981,20.8564,21.0804
584,3:38:55 PM,19.9408,19.8456,19.8363,20.1454,20.3163,20.3804,20.3998,20.5845,20.5716,20.694,20.5446,20.5286,20.3395,20.4729,20.4517,20.5927,20.6047,20.6438,20.8123,21.1309,20.9656,20.5852,20.5811,20.5562,20.5275,20.1428,20.1943,20.0484,19.9948,20.089,20.6807,20.5662,20.8201,20.9376,21.1078,20.828,20.5904,20.5015,20.622,20.8792,20.6334,20.731,21.1121,21.0552,21.3425,20.9487,20.9751,20.9784,20.4461,20.6173,20.1656,19.6872,19.7458,19.679,20.4149,20.1954,20.4406,20.8394,20.9595,21.1077,20.3652,20.3268,20.384,20.9124,21.1376,20.7665,20.3663,20.2189,20.2975,20.8916,20.4136,20.552,20.7541,20.6092,20.6919,19.7573,19.7179,19.7155,20.3109,20.4898,20.5605,19.7929,20.1203,19.8968,20.892,20.2132,20.3087,21.0708,21.2809,21.8653,19.7301,19.6753,19.5696,20.5722,21.2483,20.4419,20.0412,20.0658,20.1041,19.9881,20.0852,20.0263,20.3905,20.4337,20.9066,20.0844,20.262,20.3702,21.2087,22.2369,20.8674,20.3023,20.4314,20.4383,20.484,20.0883,20.3593,20.6887,20.8378,21.1874
585,3:39:15 PM,19.9045,19.8457,19.8154,20.1804,20.3279,20.3547,20.5069,20.584,20.6087,20.6107,20.6064,20.4848,20.3602,20.4736,20.5295,20.633,20.7112,20.6438,20.8313,21.1348,20.924,20.5628,20.5391,20.5385,20.4366,20.1124,20.1818,19.962,19.9935,20.0553,20.7594,20.5902,20.7864,20.9545,21.1438,20.9324,20.599,20.602,20.61,20.9374,20.6759,20.7861,21.0266,21.1423,21.3504,20.9107,21.0067,20.9501,20.4203,20.6051,20.1499,19.6615,19.7484,19.6818,20.3637,20.2064,20.3844,20.7929,20.8626,21.0956,20.4351,20.3568,20.3951,20.9054,21.1352,20.7296,20.3964,20.2221,20.3634,20.9878,20.4943,20.6088,20.7608,20.6859,20.7074,19.7325,19.585,19.7844,20.3018,20.5407,20.5425,19.7659,20.0337,19.8082,20.7751,20.1213,20.3082,21.0647,21.2842,21.8781,19.7463,19.7197,19.6866,20.649,21.2771,20.4027,20.0899,20.1939,20.1742,20.0688,20.0562,20.0112,20.4959,20.4881,20.9381,20.0285,20.2475,20.3477,21.2097,22.282,20.8159,20.2724,20.3883,20.3303,20.356,20.0765,20.2895,20.6065,20.801,21.2217
586,3:39:35 PM,19.8602,19.8527,19.8843,20.2165,20.3461,20.3956,20.5821,20.6306,20.6053,20.6015,20.6112,20.508,20.3945,20.4534,20.5708,20.6111,20.6766,20.6163,20.862,21.2622,20.9694,20.5229,20.5877,20.5759,20.4556,19.9855,20.1344,20.0135,20.0321,20.0588,20.6766,20.5811,20.751,20.9977,21.068,20.9008,20.582,20.6244,20.6376,20.9004,20.6725,20.7335,21.0476,21.1542,21.4041,20.9649,21.0297,20.9577,20.5047,20.6252,20.1268,19.6863,19.7198,19.7564,20.3519,20.1083,20.4813,20.8282,20.9368,21.0973,20.4513,20.3804,20.3716,20.9695,21.1106,20.7853,20.3415,20.2686,20.3957,20.9277,20.5065,20.6747,20.8364,20.6318,20.6767,19.7496,19.6758,19.7374,20.3717,20.5479,20.5797,19.7914,19.9319,19.6237,20.7567,20.0761,20.2601,21.05,21.0858,21.8531,19.6824,19.7269,19.8202,20.6616,21.3383,20.4404,20.0546,20.135,20.0736,20.3165,20.0649,20.0393,20.4381,20.391,20.9186,20.0462,20.183,20.2837,21.2884,22.2894,20.7655,20.2149,20.3981,20.5016,20.4602,20.0278,20.374,20.7233,20.7883,21.1616
587,3:39:55 PM,19.75,19.7381,19.8436,20.2072,20.3634,20.4492,20.5547,20.6518,20.7251,20.5983,20.5593,20.4864,20.4233,20.4802,20.5649,20.619,20.6897,20.7058,20.8992,21.3309,20.9652,20.6505,20.5306,20.6176,20.5155,19.9926,20.0742,19.9636,20.1245,20.0809,20.6327,20.5672,20.7575,20.9715,21.066,20.9277,20.5738,20.5802,20.5624,20.8482,20.6459,20.7454,21.0652,21.1182,21.4012,21.0156,21.015,20.9709,20.4863,20.5802,20.1599,19.7335,19.7106,19.7538,20.4188,20.1326,20.4053,20.7854,20.8478,21.0149,20.5225,20.4215,20.3379,20.9603,21.2249,20.7475,20.3828,20.228,20.3999,20.8427,20.4897,20.6241,20.7842,20.6188,20.6669,19.7583,19.6572,19.7209,20.4151,20.5657,20.5594,19.7578,19.9291,19.6548,20.77,20.1314,20.2592,21.0758,21.0752,21.882,19.635,19.7739,19.8559,20.6146,21.4363,20.4751,19.9965,20.1817,20.0749,20.4183,20.0696,20.0148,20.3933,20.4306,20.8456,20.0465,20.2312,20.2731,21.335,22.2144,20.8372,20.2702,20.3801,20.4509,20.374,20.0256,20.3103,20.7108,20.7243,20.9934
588,3:40:15 PM,19.7417,19.8189,19.8369,20.2629,20.3663,20.4593,20.5467,20.7765,20.7257,20.5874,20.5282,20.4134,20.3457,20.5129,20.5349,20.6331,20.6552,20.7208,20.9244,21.1921,20.9673,20.6244,20.5506,20.5698,20.5295,20.0376,20.1434,20.0299,20.1435,20.1773,20.6147,20.6083,20.7909,20.9829,21.0538,20.8334,20.6329,20.5871,20.6805,20.771,20.7072,20.7039,21.1237,21.1952,21.4119,20.9831,21.06,20.9381,20.5381,20.5735,20.1801,19.7592,19.721,19.7789,20.3836,20.1916,20.3394,20.8208,20.8795,20.8056,20.5385,20.4276,20.32,20.9094,21.2227,20.7831,20.3202,20.1982,20.3606,20.8743,20.4893,20.6047,20.7038,20.6266,20.7235,19.7307,19.6817,19.7295,20.4217,20.4737,20.5849,19.8353,19.9197,19.6506,20.6209,20.1958,20.3081,21.1306,21.0909,21.7697,19.6234,19.7649,19.7875,20.6479,21.3122,20.3767,20.1152,20.1638,20.1489,20.3519,20.0253,20.011,20.3894,20.4381,20.9118,20.0779,20.2345,20.2963,21.2845,22.212,20.8186,20.3218,20.4651,20.3905,20.4422,20.0573,20.3458,20.7394,20.8481,20.9897
589,3:40:35 PM,19.7676,19.7958,19.8482,20.2761,20.3483,20.4407,20.5559,20.7552,20.7248,20.6653,20.5496,20.4264,20.2908,20.4521,20.4552,20.6397,20.6175,20.7586,20.897,21.244,20.967,20.6018,20.6136,20.6973,20.5976,20.099,20.1576,20.1493,20.2061,20.1843,20.7047,20.7132,20.8193,20.983,21.0508,20.8796,20.5442,20.5772,20.5789,20.7143,20.7124,20.7224,21.1223,21.1419,21.4356,21.0075,21.0709,20.948,20.5369,20.6776,20.2553,19.8203,19.7279,19.7645,20.3755,20.2535,20.3609,20.7717,20.9874,21.1084,20.5459,20.3719,20.3683,20.9002,21.1742,20.7904,20.3563,20.2537,20.3673,20.8051,20.4933,20.595,20.7607,20.6331,20.7131,19.7194,19.6696,19.7375,20.4546,20.4658,20.5375,19.8558,20.0288,19.8279,20.7205,20.2805,20.3141,21.13,21.1901,21.8553,19.6977,19.6666,19.7221,20.6469,21.3495,20.3658,20.0547,20.2205,20.1231,20.0936,20.0441,19.9865,20.3794,20.407,20.8815,20.1099,20.2686,20.3384,21.1074,22.1044,20.8652,20.3856,20.4611,20.5163,20.4504,20.0602,20.2828,20.6726,20.8145,21.1166
590,3:40:55 PM,19.8556,19.8869,19.8384,20.3488,20.4403,20.5426,20.6034,20.7857,20.764,20.73,20.5546,20.5031,20.3243,20.4215,20.4464,20.6317,20.6672,20.7867,20.881,21.1086,20.9315,20.7213,20.5693,20.592,20.5309,20.1317,20.1767,20.1275,20.1547,20.1595,20.7328,20.676,20.8045,20.9795,21.0757,20.8915,20.5563,20.5374,20.5647,20.7051,20.6734,20.6953,21.0696,21.1676,21.428,21.0123,20.9908,20.9494,20.5704,20.6032,20.2456,19.8179,19.8036,19.7353,20.3724,20.2937,20.435,20.8161,20.9249,21.1284,20.5607,20.4116,20.3948,20.8608,21.2573,20.7837,20.3625,20.165,20.4334,20.8593,20.4926,20.5885,20.7721,20.6723,20.75,19.8436,19.7352,19.748,20.3628,20.5638,20.529,19.8982,20.2415,19.8382,20.6268,20.2702,20.3311,21.1494,21.2278,21.9372,19.7746,19.7169,19.7121,20.5882,21.288,20.3695,19.9974,20.2133,20.2239,19.9711,20.0645,20.0335,20.4108,20.4411,20.7957,20.1686,20.3555,20.4592,21.0882,22.0022,20.8015,20.355,20.4257,20.5008,20.457,20.1833,20.3207,20.6522,20.8119,21.1043
591,3:41:15 PM,19.8375,19.9135,19.9697,20.3328,20.4719,20.4961,20.5881,20.6635,20.7447,20.7584,20.6711,20.5415,20.3121,20.3952,20.4462,20.5912,20.6468,20.6178,20.9632,21.2135,20.939,20.6958,20.5776,20.5316,20.519,20.2556,20.1967,20.1924,20.1141,20.1886,20.8507,20.642,20.8472,21.0352,21.0353,20.9045,20.5951,20.6322,20.5222,20.6325,20.6265,20.6588,21.0374,21.1961,21.2925,21.0147,20.9934,20.9839,20.5378,20.6301,20.266,19.7761,19.7891,19.7429,20.3817,20.2457,20.4148,20.8135,20.9346,21.3207,20.5419,20.4996,20.3886,20.8828,21.302,20.8335,20.3435,20.2572,20.3985,20.8666,20.4793,20.6425,20.7527,20.7625,20.7417,19.8449,19.7517,19.7972,20.3561,20.5192,20.563,19.8719,20.2054,19.8657,20.7537,20.2295,20.3559,21.1995,21.349,22.075,19.7053,19.7165,19.7441,20.6273,21.2534,20.3522,19.9136,20.1211,20.2031,19.9145,20.0901,20.0846,20.4637,20.4545,20.6904,20.1721,20.3255,20.4218,21.0751,21.857,20.8107,20.3099,20.4342,20.4042,20.47,20.2002,20.2598,20.6763,20.8676,21.0521
592,3:41:35 PM,19.9099,19.933,19.8079,20.3329,20.38,20.55,20.5059,20.7187,20.8049,20.6955,20.6471,20.541,20.3864,20.4689,20.5206,20.6275,20.677,20.682,20.9247,21.2509,20.9587,20.6973,20.5648,20.4417,20.4773,20.2088,20.2177,20.1822,20.0687,20.1395,20.7656,20.564,20.761,21.0023,21.0408,20.8923,20.5632,20.5594,20.6264,20.8798,20.6165,20.6565,21.0505,21.1,21.3459,21.0369,20.9248,20.9172,20.4823,20.5847,20.2771,19.8246,19.7961,19.7681,20.3888,20.2698,20.4165,20.8679,20.8835,21.0669,20.492,20.4551,20.3301,20.8918,21.3945,20.8224,20.3896,20.2342,20.4013,20.914,20.5022,20.6098,20.8131,20.7648,20.7984,19.8846,19.7509,19.8521,20.3973,20.6541,20.4941,19.909,20.1526,19.8447,20.7388,20.2833,20.4447,21.1454,21.2711,21.9876,19.6405,19.7255,19.7147,20.6266,21.3813,20.2454,19.8809,20.0226,20.1658,20.0951,20.106,20.0979,20.4845,20.4521,20.7655,20.2864,20.2707,20.3631,21.0445,21.8896,20.8546,20.4451,20.4852,20.4677,20.51,20.1763,20.2928,20.7323,20.8503,21.0247
593,3:41:55 PM,19.9491,19.9561,19.9069,20.297,20.3944,20.4647,20.564,20.7117,20.8195,20.6793,20.6354,20.5135,20.3707,20.4104,20.5742,20.6346,20.726,20.6678,20.8491,21.2941,20.975,20.7035,20.6324,20.5577,20.6045,20.125,20.2307,20.1092,20.0734,20.1529,20.7426,20.6224,20.8095,20.9712,21.1292,20.7958,20.6069,20.6156,20.6457,20.8746,20.6353,20.6975,21.1144,21.156,21.3382,21.0205,20.9895,21.0121,20.4686,20.5989,20.2962,19.7885,19.7969,19.7169,20.4059,20.307,20.3454,20.8674,20.9843,21.0433,20.442,20.4606,20.3556,20.8652,21.2806,20.8138,20.2967,20.2273,20.4419,20.8527,20.5209,20.6398,20.7691,20.7094,20.774,19.7807,19.7476,19.8119,20.3922,20.5458,20.6143,19.8978,20.1465,19.9031,20.6441,20.2848,20.3569,21.1351,21.2389,22.0429,19.699,19.6619,19.6665,20.6302,21.2957,20.2988,19.8989,20.0169,20.1248,20.0695,20.0766,20.0781,20.5061,20.4868,20.8706,20.1759,20.2372,20.3846,21.0628,21.9147,20.9131,20.4804,20.476,20.4483,20.6157,20.1973,20.2192,20.6846,20.9111,21.0265
594,3:42:15 PM,19.9726,19.969,19.8882,20.2474,20.436,20.3597,20.598,20.7828,20.7946,20.7006,20.6047,20.4984,20.4042,20.4887,20.6023,20.7026,20.7222,20.711,20.8526,21.305,20.9194,20.6977,20.6685,20.6814,20.5841,20.1728,20.269,20.0568,20.0344,20.1483,20.6681,20.6689,20.7812,20.9859,21.2002,20.8375,20.5812,20.605,20.6286,20.767,20.7115,20.7367,21.0706,21.1374,21.4227,21.0121,21.0565,20.9469,20.4981,20.6347,20.2718,19.8255,19.7594,19.7126,20.4182,20.2982,20.4075,20.7888,20.9808,21.0324,20.39,20.3568,20.3951,20.8942,21.3053,20.759,20.3448,20.251,20.4383,20.7713,20.4881,20.5393,20.8164,20.6891,20.7045,19.7741,19.7386,19.742,20.3914,20.5274,20.5579,19.9047,20.2548,19.9215,20.5624,20.3191,20.3834,21.0768,21.24,22.1031,19.7049,19.7281,19.7143,20.546,21.2755,20.2887,19.8912,19.9919,20.103,20.0754,20.0817,20.133,20.4665,20.5046,20.9599,20.2101,20.2931,20.3201,21.2397,21.8528,20.9342,20.5092,20.5252,20.4244,20.5198,20.15,20.2624,20.5876,20.8498,21.1999
595,3:42:35 PM,19.9695,19.8993,19.863,20.2765,20.3399,20.4124,20.6091,20.6934,20.7323,20.7113,20.5571,20.506,20.3803,20.4938,20.5374,20.601,20.7554,20.7692,20.8739,21.2953,20.8727,20.7477,20.6847,20.6388,20.5481,20.1503,20.2115,20.0302,19.9915,20.054,20.657,20.6575,20.8375,20.9137,21.1191,20.8581,20.5899,20.6425,20.5468,20.6649,20.7094,20.7294,21.1088,21.2069,21.3999,21.0387,21.0364,20.9619,20.493,20.6042,20.3107,19.8341,19.7714,19.7008,20.4583,20.3782,20.4419,20.8449,21.0313,21.1068,20.3541,20.4284,20.4333,20.9047,21.2552,20.7746,20.3722,20.2219,20.408,20.8268,20.3885,20.5833,20.7396,20.7264,20.7495,19.7126,19.8084,19.817,20.4267,20.5678,20.5806,19.9106,20.1843,19.9337,20.6411,20.2329,20.403,21.1403,21.173,22.1227,19.7057,19.7155,19.7157,20.6428,21.264,20.2755,19.9117,20.0425,20.0895,19.9548,20.1408,20.1081,20.495,20.4677,21.0369,20.1795,20.293,20.495,21.2719,21.9604,21.0021,20.4549,20.5521,20.5153,20.5373,20.2245,20.3259,20.6335,20.8922,21.1805
596,3:42:55 PM,19.902,19.8519,19.8576,20.2964,20.3236,20.4335,20.5763,20.6709,20.7709,20.7161,20.5857,20.4669,20.4691,20.5779,20.538,20.7017,20.7025,20.6674,20.8878,21.2511,20.9859,20.6861,20.6665,20.6367,20.6012,20.21,20.2252,20.0355,20.0455,20.1361,20.6668,20.6266,20.6889,20.9665,21.1401,20.9094,20.6129,20.613,20.6984,20.7355,20.7135,20.7208,21.007,21.1647,21.4399,21.0436,21.0554,20.9994,20.5059,20.6438,20.2818,19.8049,19.806,19.7087,20.4128,20.3195,20.4194,20.8522,20.98,21.1106,20.3638,20.4085,20.3911,21.0166,21.3143,20.7762,20.3243,20.2184,20.4559,20.8421,20.3657,20.5958,20.7464,20.658,20.78,19.7594,19.7255,19.8521,20.4376,20.5934,20.5605,19.8313,20.1386,19.8753,20.692,20.2338,20.3773,21.1362,21.1149,22.0141,19.6374,19.6993,19.7879,20.7162,21.2674,20.2272,19.9366,20.1542,20.1294,20.1001,20.1283,20.101,20.4881,20.5117,20.9633,20.24,20.3352,20.393,21.1394,21.9483,20.9913,20.4614,20.5395,20.4927,20.3602,20.1566,20.3557,20.6975,20.9408,21.2009
597,3:43:15 PM,19.8571,19.9324,19.8792,20.261,20.3292,20.3984,20.5689,20.6498,20.7392,20.6401,20.6083,20.469,20.4926,20.5151,20.703,20.7331,20.6959,20.6387,20.8583,21.3328,20.9499,20.6688,20.7352,20.687,20.5199,20.1555,20.2336,19.9945,19.9359,20.1481,20.6419,20.756,20.7825,20.9952,21.1285,20.8744,20.6056,20.6048,20.8291,20.9869,20.7443,20.7468,21.0411,21.1879,21.4523,21.0702,21.0529,21.0318,20.4653,20.6696,20.226,19.7964,19.7967,19.8385,20.428,20.3199,20.4304,20.8384,20.9564,21.0126,20.4603,20.4079,20.4572,20.9179,21.3823,20.8238,20.2936,20.2382,20.4391,20.9719,20.3715,20.5591,20.7462,20.784,20.7982,19.6632,19.7352,19.8021,20.4198,20.5955,20.5413,19.8483,20.1277,19.7468,20.7635,20.1875,20.3434,21.0566,21.1339,21.7105,19.6621,19.7283,19.8114,20.7147,21.2817,20.2953,19.8779,20.1777,20.2203,20.4394,20.1364,20.0709,20.4693,20.509,20.8699,20.2365,20.3185,20.4433,21.1319,22.1299,20.852,20.3908,20.5341,20.467,20.4745,20.1072,20.2357,20.7613,20.9146,21.1454
598,3:43:35 PM,19.9542,19.8772,19.8581,20.3005,20.3654,20.3905,20.5613,20.6931,20.7083,20.6921,20.5828,20.5644,20.4826,20.5557,20.7148,20.6517,20.7036,20.681,20.8749,21.3292,20.9744,20.7059,20.6713,20.7336,20.5855,20.1592,20.2001,20.1351,20.043,20.2017,20.7433,20.6308,20.7786,21.0206,21.2108,20.8783,20.6532,20.6174,20.7954,21.0803,20.745,20.7238,21.0637,21.2766,21.4957,21.0712,21.0173,20.9759,20.5256,20.6745,20.205,19.7764,19.828,19.7697,20.4229,20.2178,20.4295,20.904,20.9559,21.021,20.5134,20.4134,20.3507,20.8772,21.4154,20.8524,20.3162,20.2466,20.3653,21.1452,20.4254,20.6934,20.7532,20.7024,20.7435,19.7903,19.793,19.8538,20.4034,20.6035,20.4646,19.8306,20.1734,19.7909,20.8462,20.1808,20.3596,21.0014,21.1287,21.674,19.6578,19.7175,19.7569,20.8188,21.2643,20.3553,20.0332,20.1772,20.2223,20.422,20.1634,20.1097,20.4838,20.5567,20.9008,20.2404,20.3082,20.4316,21.1142,22.1993,20.9003,20.2911,20.4676,20.5326,20.3257,20.0253,20.3488,20.6456,20.9249,21.1099
599,3:43:55 PM,19.8695,19.829,19.8541,20.3137,20.3085,20.3772,20.5432,20.7245,20.7755,20.7616,20.6478,20.5628,20.4095,20.5211,20.5809,20.6355,20.7055,20.7322,20.9169,21.3582,21.0569,20.654,20.6517,20.7946,20.6239,20.1411,20.134,20.1423,20.1068,20.1597,20.721,20.6035,20.7585,20.9417,21.219,20.981,20.6154,20.6205,20.8158,21.1668,20.7327,20.7254,20.9059,21.1937,21.4227,21.0592,20.9917,21.0177,20.5227,20.6419,20.2862,19.7615,19.7672,19.8334,20.5051,20.2602,20.4104,20.8682,21.0049,21.0276,20.4574,20.4177,20.3651,20.8895,21.4482,20.8239,20.3779,20.2092,20.396,21.1646,20.6115,20.736,20.7855,20.7881,20.8207,19.7714,19.7524,19.8199,20.455,20.603,20.5231,19.9416,20.234,19.8623,20.7433,20.146,20.2634,21.0684,21.125,21.7489,19.7244,19.7254,19.7489,20.7441,21.3073,20.389,20.0807,20.1812,20.204,20.4077,20.1541,20.1111,20.4765,20.5478,21.0987,20.1821,20.3156,20.4384,21.42,22.2161,20.8378,20.3198,20.5185,20.5596,20.4133,20.07,20.3023,20.6157,20.8744,21.0767
600,3:44:15 PM,19.9021,19.9512,19.9375,20.3511,20.373,20.4433,20.5617,20.8023,20.7267,20.8108,20.6397,20.5614,20.5213,20.5603,20.5671,20.7765,20.685,20.7234,20.902,21.3518,21.0784,20.6364,20.6341,20.8134,20.6347,20.089,20.2404,20.1946,20.1952,20.0988,20.7893,20.6289,20.7457,21.0002,21.2489,20.9215,20.6118,20.6901,20.7239,21.0768,20.7266,20.769,21.0574,21.1719,21.3904,21.0389,21.0686,20.9493,20.5053,20.7168,20.2857,19.7536,19.8211,19.7819,20.4971,20.2368,20.4227,20.9091,21.0318,21.1886,20.3851,20.408,20.4692,20.9863,21.2771,20.8953,20.3353,20.2746,20.4384,21.2424,20.6818,20.737,20.8148,20.6674,20.8684,19.7467,19.7517,19.8909,20.4433,20.5881,20.5284,19.9645,20.0735,19.8797,20.9443,20.2165,20.3498,21.1253,21.2015,21.8915,19.6896,19.7032,19.7549,20.7688,21.4271,20.2951,20.063,20.1969,20.1419,20.2235,20.1609,20.1386,20.469,20.5441,21.0943,20.1629,20.2963,20.4106,21.5704,22.2815,20.8689,20.3953,20.4682,20.4951,20.3512,20.1118,20.3398,20.7406,20.8789,21.1434
601,3:44:35 PM,19.9777,19.8699,19.9224,20.3212,20.3585,20.3917,20.5228,20.6659,20.7917,20.7285,20.6468,20.6151,20.5246,20.5364,20.6187,20.7042,20.7772,20.7656,20.975,21.3238,21.0784,20.6199,20.6115,20.7464,20.6147,20.0857,20.1603,20.117,20.1393,20.1245,20.6504,20.6205,20.7024,20.9424,21.2249,20.9247,20.6041,20.6552,20.8101,21.2025,20.7981,20.7914,21.0153,21.2653,21.3821,21.0682,21.05,21.0216,20.5804,20.6747,20.3244,19.7684,19.8481,19.7641,20.4339,20.243,20.462,20.9031,21.0159,21.1078,20.4265,20.3973,20.4392,21.0301,21.4011,20.862,20.3498,20.239,20.4144,21.0327,20.6039,20.6557,20.8362,20.7523,20.7888,19.8577,19.7432,19.8432,20.4539,20.5894,20.5691,19.9145,20.1823,19.9308,20.7884,20.2181,20.3477,21.1243,21.3035,21.9382,19.7053,19.7298,19.6445,20.7796,21.3833,20.3391,20.0538,20.144,20.1754,20.2132,20.1264,20.1213,20.467,20.5377,21.0463,20.2826,20.3457,20.463,21.5147,22.1447,20.8498,20.3609,20.4727,20.4665,20.3369,20.1124,20.3064,20.7401,20.8825,21.2102
602,3:44:55 PM,19.9492,19.8707,19.8611,20.3173,20.3521,20.4352,20.5386,20.6863,20.7147,20.7785,20.59,20.5157,20.4276,20.5328,20.6227,20.6904,20.7583,20.7441,20.9701,21.2838,21.0267,20.6848,20.7029,20.6974,20.6431,20.1142,20.1966,20.0638,20.1732,20.2201,20.7086,20.626,20.7028,20.9543,21.215,20.9648,20.6399,20.6382,20.8148,21.0383,20.7924,20.7751,21.1476,21.1858,21.3911,21.043,21.1311,21.0473,20.5185,20.6089,20.2708,19.7367,19.8101,19.6469,20.4226,20.3066,20.4054,20.8545,20.9967,21.0792,20.4649,20.4085,20.3922,20.9671,21.4369,20.8884,20.3633,20.2574,20.4072,21.0298,20.4858,20.6285,20.7672,20.7312,20.77,19.8633,19.8613,19.8665,20.414,20.5427,20.5504,19.8376,19.9823,19.9445,20.8169,20.1082,20.2782,21.1235,21.4269,22.0622,19.7023,19.6855,19.6096,20.6259,21.3241,20.3047,19.9285,20.0449,20.2383,20.2267,20.1222,20.1225,20.5041,20.4971,21.1774,20.2347,20.2635,20.3981,21.1729,22.2697,20.8584,20.3057,20.4248,20.47,20.3148,20.1339,20.3706,20.674,20.7909,21.1492
603,3:45:15 PM,19.9563,19.8526,19.9188,20.2958,20.3716,20.3838,20.6133,20.702,20.7345,20.7014,20.6038,20.5616,20.3772,20.485,20.7052,20.6789,20.7324,20.7482,20.9559,21.363,21.01,20.6937,20.6241,20.7501,20.6567,20.1235,20.1876,19.9688,20.1271,20.1693,20.6763,20.7087,20.8083,20.9107,21.1696,20.8954,20.6266,20.6418,20.8426,21.0211,20.8085,20.7603,21.2079,21.2337,21.4863,21.0782,21.1371,21.0328,20.5444,20.6753,20.213,19.8274,19.8361,19.7059,20.3882,20.4438,20.4736,20.8387,20.9641,20.9685,20.3991,20.4241,20.3225,20.9492,21.4381,20.8567,20.3414,20.2476,20.3977,21.0808,20.3841,20.5333,20.709,20.6392,20.6347,19.8181,19.7889,19.8071,20.3678,20.5457,20.5233,19.7991,19.7665,19.8382,20.6862,20.2028,20.3396,21.0299,21.4216,22.0515,19.7181,19.6539,19.6528,20.6193,21.3397,20.3492,19.8347,19.9551,20.162,20.2119,20.1958,20.0937,20.5205,20.5411,21.1867,20.2256,20.2981,20.3408,21.1862,22.3388,20.9041,20.1755,20.4613,20.5436,20.3874,20.122,20.2915,20.6493,20.8357,21.1249
604,3:45:35 PM,19.9294,19.8949,19.9664,20.2957,20.4091,20.4368,20.6411,20.6766,20.6806,20.7341,20.6366,20.5952,20.4345,20.5184,20.7412,20.7149,20.7968,20.7741,20.935,21.3486,21.0419,20.6287,20.6486,20.6634,20.6007,20.1581,20.2348,20.0272,20.1299,20.1769,20.6843,20.6615,20.7371,20.9166,21.1645,20.9209,20.6143,20.6214,20.7766,20.882,20.8832,20.8222,21.1604,21.2512,21.4018,21.1057,21.1097,20.9876,20.628,20.6481,20.3283,19.8485,19.8168,19.711,20.3989,20.4746,20.4556,20.8346,20.9909,21.0942,20.4682,20.3797,20.3789,20.9812,21.4128,20.8628,20.3715,20.2315,20.3805,21.1227,20.409,20.5781,20.7579,20.694,20.6753,19.7519,19.7905,19.8717,20.3579,20.5747,20.5457,19.8756,19.8487,19.8218,20.5466,20.2287,20.3298,21.0826,21.4059,21.9944,19.7566,19.6925,19.7724,20.548,21.3946,20.3274,19.918,20.0364,20.1276,20.2563,20.177,20.1259,20.5016,20.5637,21.4251,20.1974,20.3175,20.4092,21.1521,22.3178,20.9026,20.3245,20.494,20.5155,20.4118,20.1336,20.2839,20.6711,20.7575,20.999
605,3:45:55 PM,19.9797,19.9159,19.9295,20.2714,20.3235,20.4423,20.5889,20.5739,20.6092,20.6814,20.6859,20.549,20.4491,20.5577,20.6841,20.6795,20.7391,20.8337,20.9676,21.234,20.9738,20.642,20.6983,20.6457,20.6101,20.2002,20.1409,20.0496,20.1753,20.1377,20.6708,20.5605,20.7443,20.8972,21.0642,20.8263,20.6395,20.7194,20.6103,20.8846,20.801,20.7888,21.1529,21.2155,21.4081,21.1117,21.1051,20.9469,20.5873,20.6389,20.2472,19.8704,19.8051,19.6981,20.4552,20.4275,20.4186,20.8267,20.9975,21.1945,20.5105,20.4474,20.3563,20.9902,21.4318,20.8326,20.4284,20.2387,20.4089,21.0217,20.3765,20.665,20.7504,20.7363,20.8223,19.7283,19.7673,19.7859,20.4142,20.6029,20.6158,19.8535,19.967,19.8681,20.5253,20.3139,20.3662,21.139,21.1733,21.8073,19.7498,19.7081,19.7163,20.6093,21.3783,20.2518,19.8872,20.0738,20.1568,20.3699,20.2198,20.1279,20.4862,20.5564,21.1521,20.2055,20.3146,20.428,21.1959,22.4127,20.9114,20.417,20.5153,20.4939,20.4317,20.1338,20.3294,20.8064,20.7465,21.1337
606,3:46:15 PM,19.9769,19.9464,19.915,20.2118,20.3873,20.4932,20.5186,20.5242,20.6304,20.6225,20.6251,20.5854,20.5299,20.5553,20.7923,20.7607,20.7775,20.7773,20.9764,21.2849,20.993,20.5668,20.6459,20.6295,20.5922,20.2012,20.2918,20.0956,20.1786,20.1596,20.6327,20.5954,20.7174,20.9012,21.1352,20.8748,20.6281,20.6506,20.7035,20.8842,20.804,20.7755,21.111,21.2163,21.4161,21.0945,21.1549,20.9794,20.5529,20.6966,20.3023,19.8701,19.7911,19.752,20.3729,20.3522,20.4739,20.8264,20.942,21.2436,20.5036,20.4518,20.3548,21.0248,21.4541,20.7909,20.4112,20.2415,20.4276,20.9654,20.4781,20.6673,20.7574,20.7228,20.79,19.861,19.7816,19.8192,20.4019,20.5435,20.4686,19.9508,20.2317,19.9812,20.486,20.287,20.346,21.0949,21.0245,21.775,19.7599,19.6699,19.7184,20.5915,21.3719,20.2367,19.9593,20.1508,20.1378,20.369,20.1576,20.1367,20.4935,20.6388,21.123,20.1363,20.3073,20.4276,21.1918,22.1956,20.8664,20.412,20.4856,20.4299,20.5636,20.1552,20.2829,20.7922,20.7589,21.1104
607,3:46:35 PM,19.9074,19.8814,19.8831,20.2286,20.3506,20.4399,20.465,20.6054,20.7104,20.6162,20.612,20.5898,20.4348,20.54,20.6991,20.7703,20.7344,20.7503,20.9719,21.2624,20.9516,20.5548,20.6269,20.5439,20.544,20.1755,20.2424,20.0719,20.1276,20.1975,20.7475,20.5319,20.7357,20.911,21.1386,20.8522,20.6257,20.6204,20.74,20.878,20.7682,20.7809,21.1319,21.2539,21.4312,21.078,21.0814,21.0351,20.5689,20.6273,20.3496,19.8084,19.8426,19.7693,20.3735,20.3225,20.4694,20.8778,21.0189,21.1788,20.4262,20.4564,20.4053,20.9912,21.444,20.8563,20.391,20.2655,20.4213,21.0514,20.4146,20.6523,20.8431,20.6772,20.8582,19.8507,19.8094,19.9108,20.4224,20.5563,20.5612,19.9147,20.2016,19.9194,20.6376,20.2823,20.3458,21.0907,21.1287,21.8772,19.74,19.6561,19.5825,20.5225,21.3369,20.2896,19.8914,20.164,20.2248,20.252,20.1611,20.1304,20.507,20.6131,21.0204,20.1389,20.3318,20.4034,21.4169,22.2508,20.9118,20.3424,20.4648,20.4749,20.5975,20.0159,20.2926,20.7276,20.85,21.2054
608,3:46:55 PM,19.8565,19.9253,19.9225,20.2693,20.376,20.4826,20.4685,20.656,20.6661,20.6347,20.6099,20.5323,20.39,20.5136,20.7116,20.7089,20.7606,20.7838,20.9272,21.3086,20.957,20.5424,20.694,20.5873,20.5944,20.2035,20.2461,20.015,19.9941,20.1541,20.7055,20.632,20.7175,20.9581,21.1739,20.8752,20.6414,20.6906,20.7393,21.0371,20.7993,20.7592,21.1024,21.275,21.3896,21.0705,21.0454,20.9709,20.5077,20.6734,20.2889,19.858,19.8345,19.756,20.4252,20.4149,20.4393,20.8894,21.0248,21.0605,20.4649,20.4467,20.3698,21.0777,21.3774,20.8598,20.4197,20.2344,20.4179,21.0744,20.4449,20.698,20.7614,20.6373,20.7143,19.8482,19.8149,19.8266,20.3863,20.5564,20.5682,19.8572,20.1039,19.972,20.7982,20.2248,20.3477,20.9998,21.1833,21.9498,19.7183,19.6392,19.5979,20.5247,21.3975,20.2885,19.8564,20.1645,20.2575,20.0902,20.2074,20.1227,20.5249,20.561,21.0844,20.1371,20.3483,20.5126,21.4653,22.0991,20.9225,20.2697,20.436,20.4964,20.6577,20.1359,20.2947,20.5683,20.7928,21.1358
609,3:47:15 PM,19.9299,19.9836,19.9058,20.3128,20.3787,20.4612,20.6123,20.6628,20.8058,20.6195,20.6075,20.5802,20.4001,20.6062,20.7292,20.6849,20.6899,20.7,20.9771,21.2683,20.963,20.5774,20.6758,20.5699,20.586,20.246,20.3101,20.0326,20.0048,20.2042,20.7415,20.6441,20.7819,20.9271,21.2103,20.8891,20.6158,20.678,20.7661,21.2479,20.7821,20.7347,21.0607,21.2841,21.4454,21.0473,21.035,20.9886,20.5551,20.6655,20.3791,19.8833,19.8261,19.8004,20.4469,20.4218,20.3945,20.9323,21.0005,21.0962,20.4798,20.4224,20.3477,20.9245,21.3527,20.8222,20.3633,20.2143,20.4225,20.942,20.2593,20.6041,20.74,20.6939,20.7406,19.806,19.8269,19.8613,20.4614,20.5775,20.5298,19.7846,20.0482,19.9846,20.8909,20.2605,20.424,21.1673,21.2038,21.9795,19.5583,19.602,19.5776,20.518,21.3756,20.2568,19.827,20.0779,20.1471,20.0254,20.2419,20.133,20.5425,20.5491,21.0618,20.2504,20.329,20.4914,21.4263,22.113,20.9987,20.3525,20.4498,20.4342,20.731,20.1199,20.2268,20.6364,20.9612,21.1511
610,3:47:35 PM,19.9842,20.0412,19.9592,20.3914,20.3537,20.4994,20.5266,20.6222,20.6451,20.6358,20.5974,20.5659,20.4786,20.626,20.7273,20.7101,20.7097,20.7238,20.9491,21.3205,20.9123,20.5914,20.6942,20.5049,20.5735,20.2256,20.323,20.0766,20.0017,20.1734,20.8138,20.5864,20.7847,20.94,21.2206,20.8736,20.554,20.6516,20.7335,21.126,20.8274,20.7438,21.1007,21.1953,21.419,21.0332,21.1013,20.9446,20.5417,20.7217,20.3549,19.8825,19.8436,19.7406,20.4766,20.4342,20.4095,20.8904,21.0061,21.1557,20.4079,20.4226,20.3816,21.0062,21.2951,20.8455,20.3779,20.2072,20.4171,20.914,20.3318,20.6221,20.7194,20.6478,20.6258,19.8008,19.7866,19.8301,20.4958,20.6689,20.629,19.861,20.0225,19.9397,20.7979,20.2214,20.3188,21.1304,21.1039,21.9712,19.6873,19.6936,19.5461,20.6118,21.4324,20.2904,19.8753,20.0601,20.0543,20.1775,20.1518,20.1945,20.5485,20.5509,20.9187,20.1786,20.3524,20.4679,21.2012,22.0167,20.9424,20.3679,20.5606,20.4204,20.6949,20.1425,20.2704,20.66,20.8563,21.1822
611,3:47:55 PM,20.0626,19.9799,19.9714,20.321,20.333,20.4766,20.5295,20.6375,20.6338,20.6311,20.5995,20.5953,20.4765,20.6937,20.7074,20.6998,20.7849,20.8426,20.943,21.271,20.8771,20.5335,20.6395,20.4456,20.6087,20.2132,20.3327,20.027,20.106,20.2087,20.7323,20.5967,20.7531,20.8934,21.1611,20.8646,20.6766,20.6846,20.7635,20.887,20.8401,20.8049,21.107,21.2443,21.4107,21.0253,21.1105,21.0279,20.5832,20.6751,20.3243,19.8353,19.8416,19.8043,20.3998,20.3668,20.4364,20.8691,20.963,21.2906,20.4506,20.4073,20.3563,20.9773,21.3242,20.8053,20.3449,20.291,20.4526,20.883,20.4778,20.596,20.7879,20.6312,20.6958,19.844,19.7685,19.8517,20.4801,20.648,20.5975,19.9539,20.1017,20.0151,20.7635,20.2834,20.2952,21.1333,21.2634,22.0512,19.7017,19.7107,19.5961,20.5758,21.3988,20.3252,19.8934,19.9926,20.0374,20.2066,20.1665,20.2217,20.486,20.6843,21.0248,20.1197,20.2797,20.4419,21.14,21.8065,21.0199,20.4244,20.5103,20.4664,20.5475,20.2026,20.3359,20.6589,20.9566,21.163
612,3:48:15 PM,19.95,19.9906,19.9884,20.3672,20.4161,20.406,20.5448,20.5876,20.477,20.5404,20.6501,20.6587,20.5631,20.5595,20.7349,20.6408,20.7652,20.8006,20.9653,21.2768,20.8312,20.499,20.6442,20.3941,20.6334,20.1443,20.2955,20.1078,20.1311,20.1868,20.6264,20.6048,20.6759,20.9585,21.1909,20.8311,20.7103,20.6923,20.7745,20.7527,20.8806,20.8176,21.1664,21.2078,21.5019,21.0683,21.0667,20.9903,20.5211,20.7309,20.3162,19.7344,19.7955,19.7607,20.4471,20.3314,20.4805,20.7836,21.0104,21.1592,20.4694,20.3957,20.382,21.0106,21.367,20.8068,20.3429,20.2535,20.4114,20.9403,20.4601,20.6666,20.7223,20.7251,20.7923,19.8264,19.8284,19.7905,20.4966,20.5957,20.6276,19.9244,20.1105,19.9695,20.7297,20.3077,20.29,21.0744,21.2923,22.1323,19.7078,19.6946,19.5228,20.542,21.3446,20.4036,19.918,19.9994,20.1324,20.2471,20.2189,20.1655,20.594,20.5378,20.8847,20.1411,20.3002,20.3765,21.1739,21.5713,20.9386,20.3927,20.4703,20.4282,20.5074,20.1055,20.2908,20.6552,20.8435,21.0998
613,3:48:35 PM,19.9679,19.8896,19.9241,20.2864,20.377,20.4433,20.5316,20.6382,20.6389,20.5275,20.5757,20.5783,20.4518,20.5393,20.6182,20.6562,20.7266,20.7552,20.967,21.2363,20.9295,20.5384,20.6722,20.5978,20.5567,20.1395,20.2118,20.1745,20.1868,20.2151,20.6345,20.6127,20.6818,20.9566,21.1408,20.8134,20.6052,20.6481,20.6958,20.7867,20.7976,20.7877,21.1933,21.2089,21.4558,21.0336,21.064,21.0313,20.5815,20.6676,20.3116,19.7666,19.7757,19.8002,20.5195,20.2518,20.4187,20.8379,20.972,21.2688,20.4394,20.416,20.3368,20.8977,21.4058,20.8052,20.3352,20.2339,20.4251,20.9379,20.7055,20.6749,20.7408,20.6889,20.9493,19.8043,19.7816,19.8266,20.4788,20.5566,20.6176,19.9369,20.2638,19.9338,20.9043,20.3333,20.2315,21.0116,21.287,21.9929,19.7313,19.76,19.644,20.5302,21.3746,20.4171,19.9439,20.0387,20.2494,20.056,20.1969,20.129,20.5231,20.4898,21.0064,20.1884,20.3558,20.4614,21.1197,21.5973,20.9787,20.4119,20.3786,20.4858,20.3971,20.1308,20.2643,20.6853,20.9499,21.1943
614,3:48:55 PM,19.895,19.9652,19.8868,20.3268,20.3827,20.4201,20.6064,20.6614,20.6325,20.503,20.5615,20.6222,20.4081,20.4691,20.6085,20.6621,20.7394,20.7522,21.0037,21.276,20.9723,20.6711,20.6863,20.6733,20.5979,20.1627,20.2387,20.1363,20.1589,20.1877,20.5866,20.7232,20.7661,20.9889,21.1361,20.8501,20.5877,20.6053,20.6389,20.7298,20.7555,20.7832,21.1903,21.183,21.4124,21.0053,21.0806,20.9599,20.5953,20.7188,20.2318,19.7606,19.7995,19.7278,20.4597,20.3266,20.5056,20.8564,21.0223,21.1913,20.4496,20.4046,20.355,20.9677,21.3044,20.8563,20.3462,20.2692,20.365,20.9888,20.6014,20.7261,20.7865,20.7075,20.9001,19.8225,19.7022,19.8398,20.3993,20.6762,20.6098,19.9119,19.9152,19.8866,20.9133,20.259,20.2671,21.0785,21.2251,21.7623,19.733,19.7693,19.6526,20.651,21.3618,20.3634,19.9696,20.0825,20.2371,19.976,20.2263,20.1549,20.5021,20.503,21.1488,20.2308,20.3638,20.4309,21.1784,21.7791,20.9263,20.3503,20.4783,20.4982,20.5291,20.1247,20.3139,20.696,20.9176,21.1218
615,3:49:15 PM,19.8606,19.8984,19.8162,20.2773,20.4124,20.4057,20.599,20.6844,20.7062,20.5718,20.6142,20.5305,20.4749,20.5321,20.4916,20.601,20.7801,20.7727,20.9346,21.2414,20.9883,20.7126,20.6388,20.7105,20.5214,20.1228,20.2562,20.0653,20.1224,20.0811,20.5979,20.6745,20.7327,20.9345,21.2007,20.8667,20.5943,20.6796,20.6331,20.761,20.7534,20.8001,21.1498,21.1754,21.4596,21.0235,21.095,20.9707,20.593,20.7201,20.2879,19.8215,19.8472,19.7707,20.4705,20.2628,20.5206,20.8333,21.022,21.2153,20.525,20.4545,20.4037,20.9887,21.3384,20.8664,20.3596,20.2212,20.4437,21.003,20.6908,20.6797,20.8741,20.7942,20.8791,19.7984,19.7279,19.8746,20.4263,20.6931,20.6119,19.8081,20.0334,19.7817,21.1522,20.2592,20.2675,21.1005,21.2664,21.7594,19.7642,19.7952,19.862,20.7998,21.4986,20.437,20.0923,20.1139,20.1428,19.9813,20.1781,20.1394,20.542,20.4431,21.1646,20.2492,20.3033,20.358,21.2062,22.0699,20.9444,20.4652,20.4597,20.4015,20.4518,20.1363,20.2819,20.7341,20.9875,21.0936
616,3:49:35 PM,19.8618,19.8639,19.795,20.2896,20.4062,20.4353,20.5761,20.6686,20.6878,20.6401,20.5951,20.595,20.4173,20.4613,20.5384,20.6983,20.7546,20.7494,20.9789,21.2677,21.0729,20.5795,20.6205,20.6315,20.6482,20.1586,20.199,20.0013,20.1884,20.1686,20.6637,20.6783,20.8198,20.9459,21.1522,20.8454,20.6532,20.6812,20.6282,20.6899,20.7594,20.8044,21.1352,21.1935,21.4151,21.0377,21.0982,21.0114,20.5795,20.7269,20.2646,19.7464,19.68,19.7593,20.3585,20.2376,20.4833,20.7839,20.9445,21.0285,20.4273,20.4538,20.4102,20.9481,21.3915,20.8834,20.3606,20.2934,20.3988,21.0114,20.5803,20.5884,20.8283,20.7151,20.8098,19.7328,19.7108,19.8666,20.3975,20.6105,20.5813,19.8209,19.8332,19.741,20.9396,20.2091,20.3555,21.1817,21.1332,21.9062,19.7814,19.7225,19.9093,20.8284,21.5572,20.4105,20.0795,20.0467,20.1163,20.0956,20.1824,20.1385,20.4839,20.4779,21.1066,20.2381,20.3015,20.3925,21.233,22.1764,20.9486,20.4778,20.4681,20.4241,20.5526,20.1852,20.2542,20.7729,20.913,21.1487
617,3:49:55 PM,19.847,19.8326,19.8102,20.3048,20.3739,20.4309,20.5433,20.7302,20.7546,20.6347,20.5802,20.5559,20.4777,20.4661,20.4931,20.6621,20.739,20.8156,20.9722,21.1889,21.0247,20.6384,20.6101,20.6155,20.6212,20.1474,20.2469,19.9619,20.131,20.1711,20.623,20.689,20.7442,20.942,21.1287,20.9142,20.6544,20.6264,20.7188,20.8189,20.8018,20.8547,21.0889,21.2227,21.467,21.0263,21.1247,20.9981,20.6032,20.7074,20.2328,19.7875,19.7674,19.7323,20.394,20.3509,20.379,20.8688,20.8762,21.0881,20.4062,20.4619,20.4421,20.864,21.3425,20.8878,20.3183,20.2596,20.4578,20.9221,20.5497,20.5468,20.7888,20.7202,20.7087,19.7251,19.7364,19.9078,20.4194,20.6525,20.6054,19.8345,19.9906,19.771,20.7786,20.2772,20.3479,21.154,21.2,22.0554,19.7126,19.7806,19.8437,20.8271,21.6218,20.3664,20.0034,20.0821,20.1431,20.0788,20.1451,20.1056,20.5172,20.5356,21.1352,20.2127,20.2829,20.2965,21.3215,22.0604,20.9755,20.5236,20.5048,20.5193,20.6278,20.1838,20.2808,20.8206,20.8421,21.1727
618,3:50:15 PM,19.9295,19.8764,19.905,20.3314,20.3082,20.4952,20.5615,20.6803,20.752,20.6766,20.625,20.4754,20.4351,20.5091,20.4801,20.6897,20.751,20.7345,20.9972,21.1771,20.987,20.6011,20.6325,20.6407,20.6504,20.1969,20.2584,20.0587,20.1775,20.132,20.7024,20.7236,20.7927,20.9921,21.1764,20.8942,20.6316,20.6569,20.6937,20.6631,20.7298,20.7829,21.1325,21.1979,21.4531,21.0725,21.1615,21.0196,20.6066,20.7715,20.2659,19.8119,19.8047,19.7901,20.3636,20.4161,20.4829,20.8376,20.939,21.0903,20.4959,20.4298,20.4177,20.8792,21.35,20.8754,20.356,20.2712,20.401,20.8529,20.4829,20.5642,20.6894,20.6245,20.8865,19.7433,19.8045,19.8835,20.3998,20.7111,20.6409,19.8835,20.0363,19.8512,20.6342,20.3147,20.3862,21.1357,21.2468,22.2162,19.7062,19.762,19.6927,20.8211,21.5988,20.3604,19.9879,20.0363,20.1561,19.9822,20.1994,20.1389,20.4988,20.5115,21.3366,20.2124,20.2986,20.3982,21.4191,22.1721,20.886,20.4591,20.5028,20.6289,20.6855,20.2145,20.2832,20.8912,20.9072,21.1778
619,3:50:35 PM,19.9647,19.8923,19.9092,20.2876,20.3947,20.4516,20.6971,20.6867,20.6823,20.6324,20.5727,20.5369,20.4206,20.5033,20.4389,20.668,20.8329,20.7398,20.9687,21.1772,20.9889,20.6148,20.5978,20.5927,20.5623,20.1141,20.2654,20.048,20.0855,20.137,20.7763,20.6722,20.7981,21.0235,21.1749,20.8392,20.6731,20.6224,20.6562,20.6857,20.7437,20.769,21.1545,21.1914,21.4205,21.0082,21.1107,20.9704,20.5915,20.7015,20.305,19.8695,19.8017,19.7912,20.4516,20.397,20.4723,20.9484,20.918,21.1164,20.4566,20.4306,20.3441,20.876,21.2452,20.8737,20.368,20.2694,20.401,20.8879,20.4157,20.5525,20.7917,20.6353,20.8334,19.8436,19.8438,19.8991,20.4976,20.6216,20.5739,19.9244,20.1725,19.9445,20.5318,20.3245,20.3713,21.2392,21.4025,22.2254,19.6713,19.7764,19.7505,20.7912,21.5777,20.3862,19.9666,20.2231,20.1882,20.0537,20.0967,20.1263,20.5314,20.4731,21.2791,20.2675,20.3596,20.4527,21.5684,22.1941,20.9293,20.3593,20.4987,20.5699,20.6289,20.0948,20.2255,20.8525,20.8739,21.1984
620,3:50:55 PM,19.9267,19.9523,19.8553,20.2445,20.4393,20.4722,20.6473,20.7689,20.738,20.6573,20.6125,20.5583,20.4783,20.5281,20.4652,20.674,20.7989,20.7112,20.9373,21.2659,20.9304,20.5998,20.6376,20.5132,20.6255,20.1492,20.2437,20.0675,20.1278,20.1865,20.8389,20.7094,20.8402,20.96,21.2154,20.8479,20.5939,20.6477,20.6431,20.5517,20.7324,20.7448,21.1041,21.2149,21.4094,21.0515,21.1232,20.932,20.5525,20.7354,20.2808,19.8115,19.8444,19.8203,20.4067,20.328,20.4951,20.7644,20.8568,21.0634,20.4761,20.4279,20.3867,20.8606,21.2335,20.8785,20.3231,20.201,20.4297,20.9138,20.4616,20.4946,20.7574,20.7359,20.7791,19.8416,19.8332,19.8549,20.4478,20.6017,20.6529,19.8755,20.1721,19.8813,20.6251,20.2945,20.3207,21.1561,21.405,22.1812,19.7433,19.6882,19.7904,20.752,21.5369,20.3408,19.9965,20.0596,20.1412,19.978,20.0824,20.1153,20.4198,20.5523,21.0807,20.2842,20.3185,20.4707,21.3447,22.1479,20.917,20.3462,20.4704,20.5045,20.4819,20.0934,20.229,20.8082,20.9166,21.2335
621,3:51:15 PM,20.0018,19.9939,19.9346,20.2951,20.3797,20.474,20.5808,20.7536,20.7006,20.7525,20.5818,20.6402,20.4578,20.5463,20.4375,20.6891,20.7506,20.7241,20.9255,21.2651,20.9003,20.636,20.6505,20.4779,20.5832,20.1806,20.2172,20.0009,20.0735,20.1262,20.8631,20.6166,20.8272,20.9407,21.2386,20.8419,20.6277,20.6638,20.5933,20.5921,20.7717,20.7011,21.1448,21.2368,21.3955,21.0424,21.0402,21.0034,20.6195,20.7301,20.3021,19.776,19.7755,19.807,20.3955,20.2092,20.4261,20.914,20.9811,21.0387,20.5016,20.4782,20.3835,20.9019,21.2329,20.7637,20.3384,20.203,20.4013,20.9609,20.4207,20.5633,20.7725,20.6473,20.7479,19.7735,19.7533,19.8587,20.3904,20.5989,20.5888,19.8817,20.1029,19.8537,20.5025,20.3083,20.2891,21.0959,21.2715,22.2424,19.7327,19.7548,19.8151,20.7273,21.5594,20.3554,19.9942,20.176,20.102,19.8797,20.139,20.1533,20.5419,20.5897,20.8912,20.3406,20.3767,20.4323,21.2432,22.2566,20.9174,20.2792,20.4592,20.4943,20.4741,20.0479,20.3374,20.7657,20.9204,21.279
622,3:51:35 PM,19.9769,19.9944,19.9492,20.2453,20.3908,20.435,20.5216,20.6285,20.6386,20.5505,20.5748,20.5172,20.5246,20.5249,20.5742,20.7427,20.7868,20.7752,20.9569,21.1851,20.9216,20.678,20.6192,20.5165,20.6584,20.1377,20.2406,20.0999,20.1448,20.1341,20.762,20.6664,20.8549,20.8923,21.1639,20.8714,20.578,20.6268,20.6893,20.7452,20.7083,20.7471,21.1313,21.2455,21.4135,21.088,21.0239,21.021,20.5658,20.6493,20.2854,19.7694,19.7799,19.7677,20.4988,20.2089,20.4476,20.8174,20.97,21.0275,20.456,20.4158,20.3689,20.9492,21.2565,20.9021,20.3343,20.2251,20.4454,20.9557,20.5024,20.6586,20.7356,20.6924,20.8447,19.8019,19.7749,19.8695,20.3722,20.5677,20.6341,19.7615,20.0731,19.7627,20.494,20.2129,20.3621,21.0114,21.1452,22.1974,19.7619,19.7234,19.7633,20.7429,21.5286,20.3344,20.0026,20.1032,20.0998,19.8676,20.1762,20.1667,20.5025,20.5079,20.7604,20.2191,20.2848,20.3418,20.9888,22.2598,20.9242,20.3851,20.4638,20.4773,20.568,20.0486,20.2628,20.6844,20.9056,21.1844
623,3:51:55 PM,19.9417,19.9704,19.9033,20.3285,20.3292,20.4295,20.4552,20.5954,20.6131,20.4558,20.6119,20.5362,20.4545,20.6002,20.6375,20.6692,20.7819,20.7307,20.9666,21.2743,20.9359,20.6318,20.679,20.5006,20.5856,20.0681,20.098,20.0507,20.1427,20.1834,20.6578,20.6466,20.7469,20.9176,21.1615,20.8427,20.6522,20.6562,20.766,20.8163,20.7277,20.7672,21.2078,21.2344,21.443,21.0123,21.0314,21.0106,20.5665,20.7467,20.2635,19.7119,19.7228,19.79,20.4374,20.1467,20.5216,20.8467,20.8957,21.0007,20.4905,20.3446,20.3843,20.9487,21.2634,20.8163,20.3394,20.2098,20.4204,20.8101,20.4889,20.7249,20.7802,20.7305,20.7338,19.7885,19.6814,19.8071,20.4085,20.6156,20.6055,19.8663,20.0689,19.808,20.4087,20.2531,20.3166,20.9675,21.1718,22.3821,19.6696,19.653,19.7451,20.7092,21.5095,20.2459,19.9868,20.1224,20.1465,19.9599,20.1862,20.1128,20.4773,20.4997,20.7094,20.2085,20.3076,20.289,21.0435,22.4263,20.8912,20.37,20.4904,20.4009,20.4754,20.04,20.318,20.7488,20.8578,21.1326
624,3:52:15 PM,19.8177,19.9218,19.9229,20.3081,20.3986,20.4616,20.4716,20.5899,20.6091,20.4721,20.6185,20.5125,20.433,20.5617,20.7517,20.6756,20.7676,20.7534,20.9597,21.2578,20.993,20.5661,20.583,20.5838,20.6466,20.0543,20.1409,20.0807,20.1712,20.1994,20.5073,20.5848,20.7282,21.0101,21.1039,20.8832,20.6149,20.6416,20.8295,20.9726,20.8048,20.7452,21.1845,21.2502,21.5022,21.0315,21.0079,20.9689,20.6232,20.7389,20.3132,19.7389,19.7822,19.7965,20.4197,20.1872,20.3831,20.8259,20.8672,20.9329,20.3912,20.3625,20.3382,20.9349,21.2145,20.8102,20.3239,20.2752,20.3871,20.8862,20.4067,20.6751,20.7643,20.7566,20.8162,19.8524,19.805,19.8111,20.3486,20.5801,20.5635,19.9046,20.0427,19.7913,20.3807,20.2278,20.3627,21.0493,21.1583,22.0426,19.6894,19.6443,19.7964,20.6694,21.4224,20.2445,20.0673,20.1696,20.0715,20.0153,20.1113,20.1522,20.4661,20.4306,20.8041,20.159,20.2594,20.3159,21.1855,22.3543,20.9257,20.4314,20.4613,20.4143,20.5276,19.9986,20.2685,20.7211,20.8887,21.0964
625,3:52:35 PM,19.936,19.8839,19.8392,20.3175,20.4352,20.4062,20.5373,20.5677,20.7145,20.464,20.5648,20.4609,20.4438,20.5862,20.8405,20.6922,20.8045,20.8148,21.0064,21.2774,21.0113,20.6135,20.6209,20.6289,20.695,20.0631,20.1277,20.0201,20.132,20.1748,20.5806,20.5707,20.6997,20.9171,21.1172,20.9259,20.6344,20.6479,20.8344,21.0502,20.8314,20.7798,21.1184,21.2878,21.4815,20.9904,21.1061,20.9998,20.5858,20.766,20.2382,19.6455,19.7358,19.7601,20.4357,20.1392,20.4531,20.8537,20.8763,21.0041,20.4194,20.3308,20.3689,21.011,21.1806,20.8296,20.3192,20.2593,20.4499,20.9475,20.3841,20.5924,20.7973,20.7106,20.7493,19.7207,19.7358,19.8268,20.3622,20.6252,20.6163,19.8131,19.9766,19.7954,20.4369,20.1762,20.2919,21.0369,21.122,21.9405,19.6819,19.6485,19.7282,20.6227,21.4967,20.3063,20.0629,20.1944,20.1836,19.972,20.126,20.1059,20.422,20.4335,20.9556,20.2608,20.3458,20.3701,21.3442,22.3648,20.8776,20.3367,20.4067,20.4667,20.5403,20.0161,20.255,20.6664,20.8693,21.2805
626,3:52:55 PM,19.8998,19.9702,19.7848,20.2881,20.4544,20.3507,20.6031,20.606,20.773,20.5372,20.5213,20.5493,20.3797,20.5702,20.7315,20.6233,20.7528,20.726,21.0258,21.2883,20.8412,20.6005,20.6267,20.6505,20.6309,20.1,20.1824,20.0841,20.1403,20.19,20.6624,20.5624,20.7288,20.9261,21.2335,20.8313,20.6046,20.6066,20.7949,21.0299,20.8386,20.7162,21.1271,21.2651,21.4955,21.0311,21.1439,21.0049,20.6161,20.7731,20.2514,19.6522,19.8222,19.7839,20.4623,20.2083,20.5036,20.8369,20.8808,21.0681,20.3434,20.4139,20.3005,20.9804,21.2361,20.8421,20.318,20.1802,20.3535,21.0484,20.4724,20.5476,20.7891,20.6612,20.8341,19.7456,19.7065,19.8269,20.352,20.554,20.5903,19.7562,19.935,19.8409,20.465,20.1811,20.2753,21.0677,21.0372,21.7658,19.6709,19.6733,19.7567,20.668,21.5869,20.334,20.0317,20.2169,20.0601,20.0368,20.1055,20.0878,20.5006,20.5301,21.1093,20.1703,20.3512,20.34,21.3931,22.2914,20.927,20.3981,20.4926,20.4897,20.616,20.1076,20.2932,20.6478,21.0,21.2504
627,3:53:15 PM,19.9285,19.9762,19.8581,20.3699,20.4662,20.3232,20.5298,20.5968,20.7018,20.5861,20.4745,20.5684,20.4218,20.576,20.7426,20.663,20.785,20.7362,21.0459,21.313,20.9271,20.6887,20.6945,20.639,20.6731,20.1816,20.1357,20.0354,20.0977,20.1091,20.777,20.5715,20.6972,20.8442,21.23,20.815,20.6119,20.6541,20.7829,21.1129,20.7387,20.7416,21.1251,21.2361,21.5108,20.9959,21.0541,21.0341,20.5893,20.77,20.2133,19.7181,19.7716,19.8134,20.4758,20.2332,20.4374,20.8282,20.9114,21.1259,20.4073,20.4395,20.3665,21.0092,21.1502,20.8321,20.2816,20.1934,20.4125,20.9055,20.5077,20.6437,20.7096,20.6621,20.8329,19.7881,19.7007,19.792,20.4006,20.5939,20.5611,19.7991,19.9997,19.8595,20.4678,20.3035,20.3645,21.0509,21.0972,21.8806,19.7122,19.7235,19.8047,20.6346,21.4983,20.3696,20.0009,20.2033,20.236,19.9464,20.097,20.0757,20.429,20.5938,21.2582,20.142,20.2965,20.3863,21.2754,22.1532,20.8835,20.3185,20.475,20.5415,20.6806,20.0975,20.3229,20.6368,20.9685,21.2149
628,3:53:35 PM,19.8913,19.9547,19.9255,20.3474,20.4459,20.3243,20.5395,20.5963,20.6553,20.6763,20.5702,20.5324,20.5779,20.6163,20.7213,20.6867,20.8272,20.8139,21.0439,21.2241,20.9259,20.6749,20.6687,20.5181,20.6276,20.1208,20.2662,20.0568,20.1131,20.1445,20.7995,20.5636,20.7575,20.8858,21.1672,20.7842,20.6893,20.6415,20.7864,21.0506,20.733,20.7416,21.0801,21.2646,21.4318,21.0284,21.0294,21.0723,20.5737,20.7798,20.1933,19.7578,19.7591,19.7419,20.3974,20.3521,20.4593,20.8703,20.9737,21.0691,20.3481,20.434,20.3426,21.0319,21.2097,20.7543,20.2991,20.1769,20.3765,21.0449,20.4447,20.652,20.7431,20.6098,20.981,19.7734,19.7115,19.8139,20.4041,20.5748,20.5706,19.8745,19.9065,19.8083,20.4806,20.2238,20.3703,21.1598,21.1533,21.8625,19.7434,19.6854,19.787,20.6155,21.5558,20.353,19.9748,20.0945,20.1242,20.0764,20.1453,20.1691,20.4156,20.5312,21.0861,20.1307,20.2858,20.3843,21.1207,21.973,20.9145,20.2611,20.4307,20.531,20.6837,20.0788,20.3469,20.6263,20.8877,21.1198
629,3:53:55 PM,19.8679,19.9446,19.9418,20.3528,20.432,20.3086,20.4581,20.4793,20.6265,20.5276,20.6014,20.5562,20.5167,20.5634,20.796,20.7282,20.8019,20.8127,21.0544,21.3022,21.0131,20.6861,20.6721,20.595,20.6719,20.0726,20.2082,20.0437,20.0997,20.1226,20.7806,20.5374,20.6822,20.8651,21.171,20.8837,20.6454,20.6541,20.8815,21.0137,20.7186,20.7542,21.1088,21.216,21.448,21.08,21.0636,21.0091,20.629,20.77,20.2381,19.7329,19.8178,19.7235,20.4301,20.3352,20.3942,20.8763,21.0148,21.0839,20.4316,20.3742,20.3201,21.0776,21.1456,20.8166,20.3266,20.218,20.4623,21.0262,20.4371,20.6795,20.7312,20.676,20.983,19.7364,19.7757,19.7821,20.3859,20.6394,20.5787,19.9314,20.0584,19.8466,20.5588,20.2154,20.3027,21.1143,21.2779,21.8696,19.7034,19.6071,19.7011,20.6074,21.5826,20.3354,19.9257,20.0817,20.0566,19.9213,20.1409,20.1607,20.512,20.46,21.0378,20.2085,20.2907,20.3715,21.206,21.9915,20.7811,20.3301,20.4545,20.4469,20.5093,20.0213,20.2408,20.6424,20.7111,20.9818
630,3:54:15 PM,19.8619,19.8865,19.9085,20.3514,20.3668,20.3494,20.537,20.5613,20.5652,20.5411,20.6241,20.498,20.4899,20.6611,20.8115,20.7487,20.8192,20.7712,21.0347,21.2625,21.0532,20.728,20.6483,20.6077,20.671,20.026,20.1365,19.9604,20.1752,20.168,20.6325,20.5988,20.6346,20.9576,21.2672,20.8949,20.6054,20.6945,20.8779,20.9303,20.767,20.7377,21.1437,21.2898,21.5102,21.0381,21.0737,21.007,20.5833,20.7505,20.2019,19.8069,19.7854,19.7326,20.489,20.3313,20.4692,20.8675,20.9708,20.9656,20.4179,20.4282,20.365,21.0237,21.2566,20.8468,20.3106,20.2191,20.4567,21.0806,20.5087,20.6917,20.7887,20.663,21.012,19.722,19.678,19.8467,20.4087,20.6329,20.5596,19.7982,19.9925,19.7985,20.7028,20.141,20.2734,21.0994,21.182,21.9036,19.6741,19.5761,19.5624,20.677,21.5767,20.3553,20.0558,20.1427,19.9972,19.9848,20.116,20.1082,20.4636,20.5041,20.815,20.1738,20.2341,20.44,21.0459,22.1326,20.8233,20.4669,20.5078,20.5178,20.4871,20.0563,20.2498,20.7338,20.7614,21.0274
631,3:54:35 PM,19.7784,19.8983,19.8536,20.3156,20.3831,20.4099,20.4675,20.5931,20.5835,20.4757,20.6476,20.5135,20.4854,20.5409,20.7272,20.6864,20.7725,20.7558,21.0138,21.3159,21.0673,20.6581,20.6101,20.6313,20.6906,20.0615,20.1742,19.8961,20.0868,20.0991,20.678,20.5924,20.6892,20.9137,21.2518,20.9125,20.5995,20.7195,20.7498,20.8429,20.7812,20.7592,21.1684,21.2799,21.4896,21.0695,21.1281,20.9918,20.5916,20.7272,20.1368,19.7404,19.7753,19.7436,20.4945,20.2902,20.4734,20.8038,20.9407,20.9606,20.4399,20.4423,20.3071,20.9287,21.2235,20.9153,20.3199,20.2313,20.3994,21.0456,20.4516,20.6239,20.8061,20.7647,20.9421,19.7761,19.714,19.8379,20.3691,20.6936,20.5459,19.7682,20.143,19.7184,20.6858,20.1945,20.251,21.011,21.1473,21.9165,19.6418,19.621,19.5189,20.7343,21.5687,20.3158,20.1016,20.1376,20.0427,20.0791,20.1255,20.1213,20.4641,20.4368,20.798,20.1831,20.2831,20.3968,21.173,22.1286,20.8919,20.4917,20.5118,20.4419,20.3964,20.0948,20.2928,20.6492,20.8085,21.0426
632,3:54:55 PM,19.7448,19.8224,19.8647,20.2993,20.4561,20.3923,20.5583,20.6538,20.6054,20.5597,20.5862,20.4689,20.4053,20.5615,20.6707,20.7256,20.7784,20.7899,20.9533,21.2973,21.0524,20.5961,20.6675,20.6195,20.7018,20.0383,20.1652,19.9145,20.0326,20.2097,20.6697,20.6001,20.6825,20.9997,21.2796,20.8572,20.6377,20.6987,20.7143,20.6924,20.7023,20.7852,21.1421,21.3169,21.4956,21.0863,21.1132,21.0213,20.5757,20.7807,20.2236,19.7402,19.805,19.7095,20.3942,20.1911,20.4634,20.8319,20.9143,21.0679,20.44,20.431,20.352,20.9394,21.3696,20.8587,20.324,20.2625,20.3473,21.0822,20.442,20.644,20.7892,20.7025,20.8873,19.6983,19.7226,19.8255,20.3868,20.6237,20.5846,19.7256,20.0809,19.6988,20.7674,20.1329,20.2588,21.0605,21.0965,21.937,19.6116,19.6298,19.5166,20.7162,21.5865,20.3375,19.9821,20.1416,20.1195,20.2318,20.0955,20.0752,20.5116,20.4616,20.8047,20.1313,20.3172,20.3698,21.0072,22.1494,20.8862,20.4506,20.534,20.4534,20.3755,20.0881,20.2844,20.6882,20.8108,21.0312
633,3:55:15 PM,19.817,19.8262,19.8162,20.3126,20.4465,20.3852,20.5922,20.6385,20.6621,20.5674,20.5348,20.4569,20.4341,20.4829,20.6758,20.685,20.7891,20.7927,21.035,21.2631,21.0186,20.6727,20.6589,20.6229,20.6756,20.1035,20.1379,19.9883,20.0905,20.2271,20.7349,20.638,20.7435,21.0118,21.2115,20.7854,20.6615,20.6762,20.6507,20.7066,20.7726,20.7215,21.1942,21.2762,21.4188,21.0563,21.1068,21.0153,20.5899,20.8133,20.2403,19.785,19.7881,19.7454,20.4132,20.1835,20.4314,20.945,20.9611,21.0574,20.5042,20.4171,20.4205,20.9874,21.3922,20.8625,20.3372,20.2007,20.4414,21.0147,20.4793,20.6725,20.8223,20.7434,20.8699,19.8051,19.7879,19.8405,20.3998,20.595,20.6202,19.7846,20.1807,19.8398,20.7631,20.2395,20.3217,21.0387,21.0541,21.8721,19.6608,19.6764,19.6253,20.579,21.6306,20.3337,19.937,20.1188,20.1197,20.2931,20.1275,20.0703,20.4202,20.478,20.9137,20.2066,20.3457,20.4166,21.0448,21.8379,20.8904,20.386,20.4504,20.5104,20.415,20.0699,20.2257,20.6228,20.8128,20.9738
634,3:55:35 PM,19.8414,19.8659,19.921,20.2363,20.4144,20.4615,20.5669,20.5902,20.6965,20.5559,20.5408,20.4067,20.3882,20.4942,20.7385,20.6806,20.8028,20.8464,21.0001,21.2274,20.9881,20.7435,20.6945,20.6272,20.7483,20.0673,20.2582,20.0147,20.0781,20.1438,20.7503,20.6041,20.7701,21.0786,21.1822,20.8336,20.6204,20.5943,20.5997,20.8871,20.7066,20.8227,21.2236,21.2805,21.5069,21.0828,21.1226,20.9843,20.5796,20.7772,20.3034,19.7895,19.8073,19.74,20.4247,20.2492,20.4518,20.9434,21.0295,21.1154,20.4881,20.3709,20.3893,20.9305,21.3314,20.7224,20.3527,20.1889,20.4962,20.9601,20.5252,20.6163,20.7203,20.7258,20.8391,19.7885,19.7773,19.8526,20.4342,20.555,20.5756,19.7416,20.1576,19.9164,20.7389,20.2515,20.2792,21.0678,21.0294,21.9662,19.6729,19.5892,19.6575,20.5776,21.5168,20.295,19.9702,20.1417,20.1968,20.224,20.1594,20.0548,20.4878,20.43,20.88,20.2731,20.324,20.3962,21.0492,22.0558,20.8114,20.3815,20.4462,20.4235,20.4412,20.0312,20.2119,20.5944,20.728,21.075
635,3:55:55 PM,19.8311,19.9117,19.8945,20.3058,20.3872,20.4671,20.583,20.6785,20.6844,20.5628,20.4807,20.4681,20.3314,20.5509,20.7518,20.6953,20.8811,20.8154,21.0008,21.2574,20.9095,20.724,20.6945,20.6116,20.7315,20.1205,20.2034,20.0257,20.1431,20.2309,20.7354,20.681,20.8022,21.0631,21.1769,20.845,20.6252,20.5785,20.646,20.9984,20.8259,20.7891,21.1395,21.2859,21.5089,21.1389,21.1097,21.0245,20.5567,20.7576,20.2925,19.7994,19.8798,19.75,20.3717,20.3243,20.4873,20.8788,20.9766,21.0735,20.5143,20.4487,20.308,20.8411,21.2575,20.8443,20.3351,20.2225,20.4155,20.9307,20.596,20.6537,20.7783,20.7526,20.8849,19.7845,19.7931,19.8193,20.3292,20.5848,20.6141,19.8379,20.211,19.9161,20.8128,20.2998,20.3684,21.0709,21.102,21.9505,19.5596,19.6476,19.6865,20.612,21.4843,20.37,19.9702,20.1044,20.1718,19.9258,20.125,20.1444,20.4728,20.5316,21.1468,20.2786,20.3196,20.3583,21.0977,22.0743,20.8723,20.335,20.3973,20.4781,20.5913,20.1169,20.242,20.559,20.7469,21.1201
636,3:56:15 PM,19.8619,19.9184,19.9124,20.3253,20.3717,20.4777,20.6626,20.6514,20.653,20.5882,20.4876,20.5415,20.3735,20.5453,20.6652,20.7058,20.7809,20.7757,21.0118,21.2983,20.9306,20.6816,20.6515,20.569,20.6934,20.1602,20.1452,20.0635,20.1284,20.1655,20.6779,20.692,20.7024,21.1003,21.0992,20.8212,20.6094,20.6239,20.632,20.9262,20.8289,20.8016,21.1817,21.2767,21.4705,21.0649,21.0435,21.003,20.5624,20.7727,20.2583,19.8225,19.7598,19.7829,20.4625,20.1527,20.5168,20.9152,21.0594,21.1268,20.4611,20.3969,20.399,20.8704,21.2523,20.8112,20.319,20.2266,20.3945,20.9364,20.5944,20.5862,20.8069,20.6864,20.9205,19.8081,19.721,19.8223,20.3722,20.5853,20.5551,19.8281,20.086,19.9066,20.7734,20.2546,20.3282,20.9955,21.1194,21.8282,19.6576,19.6562,19.6884,20.7691,21.5088,20.4084,20.0529,20.1846,20.2303,20.1613,20.1335,20.1247,20.4881,20.5193,21.1852,20.3451,20.327,20.4234,21.0771,22.3017,20.9344,20.3196,20.3797,20.5035,20.722,20.1473,20.2529,20.5565,20.7594,21.0778
637,3:56:35 PM,19.9181,19.9256,19.8431,20.3256,20.3842,20.5095,20.5808,20.5284,20.6193,20.5595,20.5223,20.5774,20.4245,20.4608,20.5985,20.7126,20.804,20.768,20.9347,21.1912,20.9811,20.628,20.6977,20.607,20.6905,20.093,20.1381,20.0745,20.0625,20.187,20.6972,20.6566,20.7828,21.1176,21.0674,20.8667,20.5949,20.619,20.5778,20.6804,20.7556,20.7237,21.1802,21.2129,21.4543,21.0376,20.995,21.0378,20.5445,20.7681,20.2295,19.7404,19.8206,19.7131,20.416,20.1582,20.4081,20.8652,20.9856,21.0487,20.496,20.4444,20.3665,20.9476,21.2004,20.82,20.3694,20.2271,20.3676,20.9805,20.6554,20.5791,20.7603,20.7452,20.8048,19.7927,19.7287,19.904,20.4267,20.6367,20.6,19.7959,20.0629,19.8209,20.7167,20.1843,20.2507,21.0156,21.0929,21.6452,19.6775,19.5778,19.6544,20.7751,21.5116,20.4101,20.0917,20.1645,20.0931,20.3969,20.1176,20.1474,20.4575,20.5331,21.2309,20.286,20.3499,20.4061,21.0587,22.409,20.9066,20.2683,20.3954,20.4666,20.6843,20.0381,20.2889,20.5833,20.8241,21.0883
638,3:56:55 PM,19.8688,19.8426,19.7645,20.3308,20.3637,20.5299,20.4787,20.5508,20.5992,20.571,20.5978,20.4673,20.4808,20.4767,20.5888,20.6635,20.8325,20.7748,20.9586,21.25,21.045,20.644,20.6633,20.654,20.7352,20.0994,20.1748,20.076,20.0364,20.1172,20.7243,20.6105,20.7449,20.9405,21.2354,20.9405,20.6388,20.6664,20.5945,20.8174,20.7585,20.7555,21.117,21.2653,21.3829,21.0944,21.0385,20.9938,20.6368,20.7309,20.2077,19.8013,19.725,19.7994,20.4188,20.1884,20.4119,20.8639,20.9092,20.9611,20.454,20.4019,20.4017,20.9366,21.3134,20.8125,20.3527,20.2531,20.4184,21.0144,20.5343,20.5951,20.8467,20.8077,20.8157,19.6981,19.6711,19.8354,20.432,20.5797,20.5258,19.8335,19.936,19.832,20.6244,20.2006,20.2548,21.1188,21.1597,21.7094,19.6665,19.6663,19.6722,20.8254,21.4595,20.3638,20.0412,20.1396,20.0841,20.3836,20.0707,20.1083,20.4233,20.4895,20.8919,20.2179,20.3059,20.3748,20.9842,22.4625,20.9729,20.3162,20.432,20.4345,20.5471,20.0267,20.2307,20.6495,20.8383,21.0285
639,3:57:15 PM,19.917,19.8868,19.8397,20.2401,20.383,20.5369,20.4592,20.526,20.6361,20.6189,20.644,20.4751,20.4439,20.4737,20.5489,20.707,20.7529,20.7443,20.968,21.2129,21.0662,20.6605,20.6472,20.7377,20.6921,20.0985,20.1769,20.0311,20.0691,20.1427,20.7657,20.6421,20.7125,20.9975,21.1126,20.8285,20.6278,20.6409,20.6324,20.7907,20.7277,20.7556,21.1154,21.2221,21.3723,21.0384,21.0643,21.0032,20.6182,20.7584,20.1911,19.7678,19.7346,19.6961,20.354,20.2399,20.3669,20.8463,20.9517,20.9761,20.4724,20.4614,20.3633,20.9303,21.3551,20.8836,20.3795,20.1921,20.4178,21.0625,20.4719,20.5775,20.8102,20.7787,20.6705,19.6999,19.7062,19.8031,20.5111,20.6155,20.5498,19.8478,19.9388,19.8103,20.6488,20.192,20.3291,21.1139,21.2039,21.7337,19.673,19.7173,19.7273,20.7575,21.5002,20.3508,20.0042,20.1551,20.0854,20.2324,20.0614,20.181,20.4975,20.4702,21.0723,20.2027,20.2709,20.3607,21.1416,22.4433,20.9299,20.4773,20.4165,20.4271,20.4142,20.0981,20.3029,20.7265,20.8209,21.104
640,3:57:35 PM,19.8842,19.8886,19.9572,20.333,20.4099,20.4535,20.6048,20.6096,20.7433,20.5696,20.5663,20.4557,20.491,20.5379,20.6131,20.6715,20.7491,20.8196,21.0356,21.2094,20.9591,20.7016,20.6547,20.7043,20.6957,20.215,20.2525,20.1736,20.1496,20.1671,20.7057,20.6299,20.7672,21.0232,21.1432,20.8661,20.6299,20.6162,20.629,20.6925,20.7435,20.7894,21.1369,21.3239,21.3947,21.0534,21.0162,21.0169,20.614,20.7529,20.2643,19.745,19.7822,19.7084,20.3642,20.3251,20.4014,20.8671,20.9708,21.0858,20.4776,20.431,20.3733,20.8742,21.2914,20.8366,20.4569,20.2674,20.4499,21.0456,20.5377,20.6574,20.762,20.7354,20.685,19.7618,19.7646,19.8784,20.4562,20.6586,20.5329,19.9254,19.9472,19.8525,20.7076,20.1782,20.3415,21.1532,21.2699,21.8967,19.6858,19.7295,19.7852,20.7176,21.5256,20.3598,19.9355,20.1681,20.1105,20.0459,20.1011,20.1242,20.4852,20.4478,21.1112,20.1768,20.2739,20.3918,21.001,22.3679,20.9456,20.5155,20.4658,20.4411,20.2246,20.0475,20.3165,20.7139,20.8647,21.0136
641,3:57:55 PM,19.9493,19.9605,19.9534,20.3976,20.5158,20.4464,20.6438,20.6529,20.7601,20.6444,20.6312,20.4944,20.4239,20.4603,20.5622,20.7221,20.7202,20.7542,21.0508,21.1645,20.9682,20.6917,20.6685,20.6433,20.5928,20.2124,20.2373,20.0527,20.1222,20.2009,20.6822,20.6375,20.7935,20.9437,21.106,20.8857,20.5911,20.576,20.5866,20.5966,20.6964,20.7627,21.1611,21.2898,21.3665,21.0672,20.9824,21.0654,20.6233,20.7731,20.2592,19.7436,19.7761,19.7498,20.3831,20.3067,20.429,20.8199,20.974,21.093,20.482,20.4079,20.4233,20.8887,21.2212,20.8499,20.3742,20.2436,20.3982,21.0685,20.4935,20.6576,20.7606,20.6013,20.6577,19.8052,19.739,19.8474,20.3879,20.6448,20.5671,19.7939,19.8696,19.8586,20.5384,20.312,20.4207,21.1006,21.0911,21.9219,19.7983,19.7305,19.7154,20.5616,21.5457,20.2983,19.9099,20.0989,20.0977,20.0222,20.1137,20.1046,20.5012,20.4346,21.2058,20.2478,20.2927,20.3322,21.1857,22.2998,20.9376,20.4867,20.4294,20.4193,20.259,20.0814,20.2356,20.6764,20.8544,21.0763
642,3:58:15 PM,19.9358,19.916,19.913,20.4063,20.4558,20.4278,20.6512,20.7855,20.7823,20.6627,20.5547,20.5611,20.4997,20.4645,20.495,20.6982,20.7656,20.7656,20.9913,21.1132,20.983,20.6866,20.622,20.5737,20.5065,20.2398,20.3227,20.0689,20.0926,20.2091,20.7081,20.6584,20.8076,20.9452,21.0333,20.8772,20.6536,20.6659,20.6026,20.5699,20.7392,20.6945,21.1589,21.2304,21.3455,21.0575,21.0035,21.0392,20.584,20.7443,20.2818,19.7602,19.7686,19.8221,20.4279,20.3786,20.3981,20.9602,20.9484,20.9811,20.4535,20.4524,20.4516,20.8841,21.1914,20.8383,20.3762,20.2262,20.4277,21.1308,20.4863,20.6775,20.7618,20.6327,20.7384,19.7491,19.7756,19.8595,20.4207,20.6342,20.554,19.8486,19.957,19.9106,20.4351,20.3443,20.5162,21.0846,21.1364,21.9737,19.7347,19.6574,19.5532,20.4993,21.584,20.4467,20.0012,20.1099,20.0416,20.1472,20.0863,20.0843,20.4892,20.4834,21.0983,20.2339,20.3017,20.3096,21.2205,22.3375,21.0167,20.4346,20.4976,20.4831,20.4187,20.1316,20.2113,20.7065,20.8416,21.09
643,3:58:35 PM,19.9629,19.9317,19.8476,20.4189,20.3687,20.4085,20.6022,20.7015,20.7441,20.6997,20.6275,20.5649,20.4104,20.4148,20.4789,20.7127,20.756,20.7542,20.9352,21.2101,21.0207,20.6621,20.6124,20.4242,20.5434,20.1802,20.2344,20.0651,20.1013,20.1396,20.7926,20.7,20.8372,20.9317,21.0352,20.8351,20.6604,20.6945,20.5155,20.5678,20.7559,20.6744,21.0958,21.2521,21.4142,21.0827,20.9959,21.0037,20.5505,20.7482,20.3618,19.849,19.7823,19.7744,20.3905,20.3562,20.4026,20.9161,20.9436,20.8611,20.4662,20.4746,20.3586,20.9655,21.2152,20.8602,20.4166,20.2494,20.4339,21.1424,20.5219,20.7932,20.7893,20.6269,20.7717,19.8463,19.7541,19.8259,20.4899,20.5629,20.5513,19.9388,20.0142,19.8729,20.3405,20.3337,20.4148,21.1495,21.1383,22.0351,19.768,19.6889,19.6973,20.5864,21.6008,20.4832,20.1124,20.0705,19.9261,20.198,20.1165,20.0749,20.4643,20.4755,21.1185,20.1724,20.3166,20.3076,21.3007,22.2921,20.9939,20.5127,20.3896,20.5036,20.4313,20.1086,20.2402,20.7854,20.945,21.217
644,3:58:55 PM,19.9964,19.9998,19.9217,20.3362,20.4396,20.4111,20.6159,20.6675,20.7173,20.7384,20.6393,20.5898,20.4441,20.4701,20.4828,20.6929,20.8353,20.7607,21.0129,21.2371,20.9636,20.7338,20.6596,20.5005,20.5928,20.134,20.2956,20.007,20.0556,20.1401,20.761,20.6424,20.8006,20.9403,21.0787,20.9194,20.6302,20.6598,20.6792,20.7103,20.7669,20.7052,21.1256,21.2091,21.4755,21.0408,20.9875,21.0686,20.5678,20.6745,20.2601,19.808,19.8541,19.7309,20.3631,20.238,20.4479,20.8977,20.9547,20.8106,20.5189,20.4643,20.3534,20.9339,21.1533,20.862,20.4424,20.2537,20.4559,21.1163,20.5291,20.765,20.9053,20.6764,20.6424,19.8364,19.792,19.8746,20.5115,20.6461,20.5353,19.8638,19.9704,19.838,20.4206,20.2401,20.3466,21.0301,21.0245,22.0755,19.6582,19.6456,19.7057,20.7276,21.579,20.4463,20.1025,20.1119,19.9586,20.1675,20.1569,20.1383,20.4914,20.5692,21.3837,20.1549,20.3442,20.3387,21.1378,22.3012,20.877,20.5078,20.4798,20.4508,20.5024,20.0966,20.3118,20.8579,20.9058,21.1431
645,3:59:15 PM,19.987,19.9952,19.9111,20.2992,20.3982,20.4153,20.5705,20.6475,20.7176,20.692,20.6669,20.6204,20.482,20.5127,20.5655,20.7262,20.7848,20.7653,20.997,21.2195,21.0579,20.6037,20.6479,20.5984,20.5936,20.3065,20.3274,20.057,20.1115,20.1546,20.7612,20.5422,20.8199,20.9543,21.069,20.9371,20.657,20.7566,20.6111,20.8979,20.8196,20.7709,21.1059,21.2291,21.4144,21.0513,21.074,21.0372,20.5815,20.7571,20.3177,19.8939,19.7913,19.7644,20.3916,20.2637,20.463,20.9009,20.9612,20.9024,20.5049,20.4371,20.4086,20.9281,21.1135,20.8149,20.4155,20.3106,20.4673,21.1128,20.4216,20.648,20.8268,20.6957,20.7042,19.8418,19.7944,19.8389,20.4479,20.6169,20.6191,20.0165,20.0974,19.8352,20.4338,20.2573,20.4282,21.0389,21.057,22.1417,19.6595,19.744,19.7327,20.7396,21.6591,20.5028,19.9858,20.0678,19.9836,20.1105,20.2299,20.1015,20.51,20.5305,21.412,20.1426,20.2811,20.3634,21.0313,22.3516,20.979,20.4004,20.472,20.4466,20.4289,20.1078,20.2912,20.8272,20.9667,21.1754
646,3:59:35 PM,19.9809,19.9434,19.9335,20.3153,20.4243,20.4159,20.5187,20.6072,20.6916,20.6457,20.6683,20.6602,20.4802,20.5946,20.5664,20.7385,20.7801,20.7866,20.9707,21.3302,21.0012,20.5936,20.6721,20.5316,20.5268,20.2497,20.2974,20.0966,20.1932,20.1225,20.6806,20.6497,20.704,20.9165,21.1475,21.0049,20.6865,20.726,20.7212,20.878,20.832,20.8507,21.1043,21.2778,21.4362,21.0165,21.0312,21.0665,20.576,20.7478,20.3088,19.8315,19.8158,19.7005,20.4503,20.1873,20.3584,20.835,20.9785,21.1299,20.456,20.3895,20.4194,20.9187,21.1185,20.8619,20.3422,20.3034,20.494,21.0224,20.4475,20.6405,20.8138,20.6397,20.6339,19.8031,19.8161,19.8628,20.3402,20.5557,20.5719,19.9025,20.0354,19.8707,20.3799,20.222,20.3806,20.9801,21.1546,22.1759,19.6945,19.7404,19.6914,20.7678,21.6144,20.4218,19.9592,20.0219,20.0589,20.2011,20.1938,20.1463,20.4788,20.5662,21.4651,20.1656,20.3119,20.3667,21.0375,21.9703,20.9181,20.4542,20.4613,20.4813,20.6518,20.1226,20.3608,20.7683,20.9476,21.1346
647,3:59:55 PM,19.8838,19.9171,19.8893,20.2968,20.3775,20.415,20.5353,20.5453,20.6466,20.6222,20.7018,20.6424,20.5026,20.604,20.635,20.7136,20.7385,20.707,20.9666,21.2873,20.9306,20.5448,20.6026,20.5947,20.5186,20.2967,20.2521,20.204,20.2666,20.1653,20.6595,20.5842,20.6519,20.918,21.1395,20.9442,20.6834,20.6773,20.6208,21.041,20.817,20.7956,21.1399,21.2505,21.4427,21.0418,21.1291,21.0129,20.5188,20.7268,20.3021,19.8403,19.826,19.7334,20.4327,20.2366,20.3794,20.8689,21.0311,21.245,20.4612,20.4258,20.3365,20.9294,21.1884,20.8359,20.4091,20.2812,20.4001,21.0324,20.5259,20.5877,20.7899,20.6942,20.6702,19.8454,19.8386,19.8541,20.3955,20.6118,20.5605,20.0226,20.1523,19.9033,20.4035,20.2674,20.3157,20.9839,21.1743,22.1226,19.7069,19.7706,19.6706,20.6735,21.6143,20.5035,20.0021,20.0396,20.0063,20.2443,20.1493,20.1093,20.53,20.4973,21.0487,20.2723,20.3056,20.3235,21.0026,21.931,20.9419,20.4324,20.4962,20.4505,20.6205,20.065,20.3596,20.7614,20.8309,21.0892
648,4:00:15 PM,19.9008,19.9555,19.8489,20.2812,20.3816,20.4468,20.3882,20.5055,20.5819,20.6194,20.6649,20.5997,20.5799,20.6354,20.7277,20.6809,20.7419,20.7755,20.984,21.2554,20.9236,20.5878,20.6358,20.5214,20.4612,20.2281,20.2513,20.2098,20.173,20.1718,20.6882,20.5823,20.6295,21.0189,21.1308,20.9613,20.575,20.7199,20.6834,20.9783,20.789,20.7495,21.0496,21.2546,21.4244,21.0271,21.1055,21.048,20.5403,20.6733,20.3067,19.864,19.8209,19.7746,20.4328,20.2163,20.4665,20.798,20.9399,21.0652,20.4541,20.3736,20.3498,20.9866,21.2726,20.8762,20.3577,20.2866,20.435,20.9536,20.6055,20.6899,20.7799,20.6147,20.6066,19.8677,19.8197,19.8873,20.3905,20.5918,20.5599,19.9487,20.1667,19.9166,20.5616,20.306,20.2916,21.0197,21.0841,22.1081,19.7602,19.7278,19.6742,20.7155,21.4873,20.4485,20.0681,20.2219,20.1104,20.2343,20.1597,20.1729,20.5252,20.5786,21.0329,20.1632,20.3226,20.4031,21.0813,21.8584,20.9461,20.4663,20.4755,20.5123,20.8002,20.1086,20.349,20.6014,20.7976,21.0707
649,4:00:35 PM,19.9018,19.9658,19.9128,20.3031,20.3544,20.4295,20.4905,20.5974,20.6142,20.6009,20.5846,20.6161,20.5667,20.623,20.7686,20.6595,20.7134,20.8083,21.006,21.2682,21.0064,20.8162,20.663,20.6403,20.503,20.226,20.2519,20.2368,20.151,20.2184,20.6697,20.592,20.6307,21.0021,21.0758,20.8487,20.6623,20.7079,20.7238,21.0894,20.8363,20.8039,21.0839,21.2421,21.377,21.0023,21.1484,20.984,20.593,20.6971,20.3076,19.837,19.9138,19.8077,20.4058,20.245,20.4756,20.8015,20.9104,20.908,20.5214,20.4029,20.357,20.9979,21.1746,20.8203,20.3914,20.2319,20.4559,21.0043,20.545,20.7395,20.8244,20.6896,20.6698,19.763,19.7921,19.8551,20.4498,20.6466,20.5627,19.9354,20.1519,19.8546,20.6125,20.3169,20.3828,21.0371,21.1356,22.09,19.7086,19.6951,19.6546,20.8647,21.5229,20.4331,20.1224,20.2331,20.1133,20.1923,20.1575,20.1867,20.5368,20.5374,20.866,20.1421,20.3108,20.3844,21.1512,22.4436,20.9484,20.4404,20.5219,20.5411,20.4527,20.1419,20.3033,20.5958,20.8014,20.975
650,4:00:55 PM,19.8869,19.9045,19.8055,20.2866,20.4127,20.5052,20.4757,20.5689,20.682,20.6423,20.5836,20.6514,20.6535,20.708,20.7822,20.6909,20.6933,20.746,21.0137,21.2668,21.0512,20.7985,20.7198,20.6611,20.6067,20.2617,20.2495,20.216,20.1358,20.1284,20.6269,20.5138,20.6424,21.026,21.0908,20.8654,20.7029,20.7785,20.8013,21.1105,20.8036,20.7625,21.0925,21.2187,21.3854,21.0615,21.1427,21.0367,20.5394,20.7293,20.3036,19.8257,19.8106,19.8133,20.3827,20.4492,20.465,20.8556,20.9049,20.8369,20.4387,20.2966,20.3609,20.9654,21.2275,20.8575,20.3273,20.2991,20.5589,21.0971,20.4462,20.6662,20.8888,20.6996,20.8016,19.7533,19.824,19.8513,20.3976,20.5706,20.5244,19.8495,20.0393,19.7689,20.5565,20.2152,20.3525,21.0515,21.2413,21.999,19.6606,19.6737,19.7681,20.8012,21.6294,20.3858,20.0393,20.2136,20.1,20.1902,20.1009,20.2034,20.5242,20.4971,20.7808,20.1582,20.2596,20.3456,21.2469,22.6227,20.9551,20.4634,20.5264,20.5865,20.4176,20.1432,20.278,20.5218,20.8508,20.9914
651,4:01:15 PM,19.9249,19.9215,19.8749,20.3098,20.4133,20.4567,20.5494,20.5984,20.6133,20.5698,20.7074,20.5762,20.6018,20.6327,20.6914,20.6582,20.8199,20.7749,21.0258,21.3518,20.9866,20.6942,20.6548,20.6491,20.6253,20.2598,20.24,20.1436,20.1643,20.1571,20.6365,20.578,20.6611,21.0972,21.077,20.8745,20.6445,20.7881,20.8715,21.074,20.8697,20.8218,21.1773,21.2409,21.4261,21.0908,21.1383,21.0415,20.6118,20.7559,20.2806,19.8454,19.8062,19.7747,20.455,20.4935,20.4645,20.8139,20.8664,20.8536,20.5132,20.3548,20.4466,20.9821,21.2364,20.837,20.3838,20.2771,20.5003,21.0417,20.2998,20.6142,20.7463,20.7545,20.7614,19.8008,19.7849,19.8478,20.4259,20.6044,20.5485,19.8689,19.9662,19.8131,20.4808,20.3012,20.3851,21.1423,21.2826,22.1624,19.6968,19.6921,19.7925,20.8128,21.6898,20.3736,19.9833,20.0772,20.0298,20.0064,20.039,20.1877,20.455,20.4614,20.8157,20.1171,20.2324,20.357,21.2964,22.6564,20.9853,20.5815,20.5472,20.491,20.4829,20.0923,20.2363,20.6055,20.7937,21.1062
652,4:01:35 PM,20.0302,19.9595,19.8669,20.3242,20.4071,20.4171,20.5622,20.5621,20.5494,20.5944,20.666,20.5673,20.5121,20.6159,20.688,20.7259,20.8114,20.7843,20.9706,21.2677,20.9464,20.586,20.653,20.5495,20.6647,20.2795,20.2759,20.1294,20.0826,20.1555,20.663,20.599,20.6725,21.0729,21.0868,20.9052,20.6502,20.686,20.7427,20.8838,20.8467,20.8162,21.1323,21.2964,21.394,21.1,21.1824,21.0175,20.524,20.7218,20.2915,19.8155,19.802,19.7723,20.3662,20.4718,20.4515,20.852,20.9192,20.9669,20.5089,20.3862,20.3874,20.9988,21.2154,20.8518,20.3964,20.3293,20.4961,20.9813,20.3311,20.6281,20.7986,20.6925,20.7753,19.8386,19.8882,19.8733,20.4352,20.5814,20.5624,19.9057,19.9603,19.9822,20.5124,20.3132,20.4598,21.2561,21.3026,22.1021,19.802,19.7717,19.7259,20.6387,21.5827,20.2999,19.8293,19.9634,19.9233,19.9524,20.146,20.1333,20.4749,20.4217,20.912,20.1856,20.2777,20.3511,21.3989,22.3985,21.0327,20.5688,20.6046,20.4954,20.5461,20.1468,20.295,20.6173,20.9004,21.2475
653,4:01:55 PM,20.0449,20.0179,19.9692,20.3093,20.4186,20.4761,20.6348,20.5823,20.5112,20.5205,20.6691,20.5891,20.4045,20.5459,20.6436,20.7528,20.762,20.8349,21.0246,21.2895,20.9042,20.5415,20.6528,20.4893,20.5663,20.2775,20.3191,20.0705,20.1486,20.1472,20.6381,20.6685,20.7147,21.0547,21.0629,20.8562,20.6937,20.6615,20.8069,20.8761,20.7994,20.8412,21.097,21.1915,21.3764,21.0612,21.0667,21.0891,20.5595,20.6986,20.2909,19.8976,19.8564,19.7442,20.4724,20.4265,20.4226,20.8398,20.9835,21.1047,20.4432,20.4506,20.4047,20.9387,21.1993,20.8056,20.3902,20.206,20.4818,20.9278,20.4695,20.5891,20.8273,20.7025,20.6808,19.946,19.8874,19.8439,20.4505,20.6115,20.6029,19.8604,20.0113,20.0036,20.4471,20.3418,20.3985,21.2719,21.3983,22.4221,19.8095,19.7146,19.7302,20.5956,21.6303,20.3327,19.8557,20.0163,19.9773,19.9037,20.2261,20.1382,20.5324,20.5174,21.2251,20.3274,20.3154,20.432,21.3709,22.2797,21.0235,20.6294,20.5871,20.4934,20.5718,20.1547,20.2846,20.7263,20.926,21.2664
654,4:02:15 PM,20.0607,20.0004,19.9563,20.3188,20.4318,20.3821,20.5331,20.5946,20.5545,20.5062,20.6338,20.5882,20.52,20.509,20.6329,20.7331,20.7869,20.7931,21.0756,21.2029,20.9471,20.5146,20.6002,20.4502,20.5969,20.2209,20.2945,20.0867,20.1327,20.1546,20.5995,20.6542,20.7059,21.027,21.1025,20.8466,20.6649,20.6119,20.761,20.7864,20.8241,20.8325,21.0586,21.2456,21.3681,21.0482,21.1579,21.0345,20.6008,20.7045,20.345,19.8341,19.7842,19.7277,20.4543,20.3444,20.517,20.8528,20.9671,21.112,20.4301,20.4648,20.3801,21.0083,21.2111,20.8322,20.3198,20.2606,20.4406,20.8989,20.423,20.5706,20.8763,20.7303,20.7577,19.9416,19.8645,19.887,20.468,20.6064,20.6689,19.8785,20.1943,19.9745,20.4309,20.2598,20.4737,21.1948,21.3728,22.2193,19.7841,19.7009,19.6315,20.4813,21.5983,20.3274,19.8383,19.9414,19.9447,19.9154,20.1705,20.2142,20.5683,20.4778,21.2778,20.2831,20.3483,20.4945,21.5628,22.2347,21.0776,20.5212,20.602,20.5197,20.5116,20.1184,20.311,20.669,21.0125,21.3569
655,4:02:35 PM,20.0982,20.0421,19.9387,20.3704,20.42,20.4374,20.5635,20.5426,20.4822,20.5252,20.7305,20.6091,20.495,20.5392,20.6854,20.665,20.7498,20.6881,20.9682,21.2741,20.8596,20.4821,20.5386,20.4932,20.5389,20.2506,20.3132,20.0794,20.115,20.2069,20.6403,20.5649,20.6778,20.9664,21.1873,20.8618,20.6455,20.7767,20.7912,20.994,20.7798,20.7533,21.1204,21.2202,21.4076,21.0937,21.0986,21.0338,20.5434,20.6391,20.3058,19.8282,19.8525,19.7373,20.4695,20.3524,20.5706,20.8423,21.0543,21.2407,20.3818,20.327,20.408,20.9206,21.2263,20.7808,20.4068,20.2968,20.4351,20.8763,20.4008,20.5691,20.785,20.6839,20.7396,19.9098,19.912,19.8814,20.4411,20.6548,20.5726,19.9041,20.0921,19.9648,20.4294,20.2564,20.4421,21.1432,21.4732,22.3183,19.7473,19.7161,19.7261,20.3575,21.5235,20.3349,19.8895,19.968,19.9368,19.8471,20.2255,20.2614,20.5655,20.4831,21.2679,20.3163,20.3428,20.4897,21.5835,22.0129,21.0407,20.4865,20.6306,20.5452,20.4357,20.2081,20.3109,20.635,20.9801,21.3232
656,4:02:55 PM,20.0187,19.9796,19.9433,20.336,20.3912,20.3991,20.5297,20.518,20.4962,20.3959,20.6405,20.6466,20.5376,20.6009,20.7491,20.7265,20.7943,20.6974,21.011,21.1414,20.9152,20.6141,20.5304,20.4701,20.5231,20.3313,20.3351,20.1743,20.2288,20.1646,20.66,20.5957,20.653,20.944,21.097,20.9037,20.6734,20.8019,20.6774,20.8525,20.7417,20.8251,21.0469,21.1867,21.4426,21.0166,21.0193,21.037,20.5039,20.6253,20.3526,19.8942,19.8457,19.8208,20.5335,20.3392,20.5244,20.8064,21.0491,21.2245,20.4196,20.3757,20.4232,21.012,21.2445,20.7944,20.2885,20.2575,20.4371,20.9066,20.4275,20.7299,20.7693,20.6663,20.792,19.882,19.8236,19.9017,20.4682,20.6393,20.5906,19.9257,20.1129,19.935,20.6205,20.2782,20.4823,21.1256,21.4791,22.1875,19.7811,19.7013,19.6777,20.49,21.5627,20.3517,19.8722,19.936,19.8797,20.0311,20.2416,20.1681,20.5855,20.4376,21.1723,20.3188,20.3737,20.4362,21.4957,21.9977,21.12,20.4236,20.5612,20.5229,20.4752,20.1994,20.2977,20.6603,20.9601,21.2915
657,4:03:15 PM,20.0548,20.0396,19.9766,20.3218,20.3486,20.4285,20.509,20.4475,20.5248,20.4084,20.708,20.7234,20.4855,20.5511,20.7845,20.7263,20.7742,20.7194,20.9164,21.2071,20.9466,20.6408,20.6301,20.5668,20.5749,20.2782,20.3648,20.2335,20.1837,20.1983,20.512,20.6138,20.6064,20.9864,21.1603,20.8889,20.6045,20.7194,20.707,20.9366,20.8193,20.8011,21.1308,21.3214,21.3347,21.0557,21.0207,21.0208,20.4912,20.6964,20.2783,19.906,19.8268,19.8012,20.4154,20.3658,20.4446,20.8463,20.9506,21.1984,20.4155,20.417,20.4342,20.9603,21.2744,20.8737,20.2936,20.2696,20.4323,20.9218,20.464,20.7266,20.7168,20.6488,20.7353,19.9483,19.8278,19.8752,20.4772,20.5872,20.6677,19.9666,20.0249,19.9356,20.7164,20.286,20.3584,21.1098,21.4171,22.2458,19.769,19.7294,19.6848,20.5594,21.4075,20.4726,20.0497,20.0533,19.9102,20.0736,20.2011,20.2019,20.5677,20.4597,21.2058,20.1971,20.3653,20.4976,21.3717,22.1441,21.0233,20.5497,20.602,20.488,20.4993,20.2275,20.3204,20.8013,20.9614,21.2748
658,4:03:35 PM,19.9245,19.9924,19.9756,20.3002,20.3879,20.4562,20.5016,20.4902,20.464,20.4398,20.6735,20.5924,20.4673,20.5642,20.7831,20.7175,20.7655,20.7067,20.9788,21.2967,21.015,20.6466,20.6697,20.6516,20.5203,20.2363,20.2597,20.2321,20.2397,20.2114,20.5163,20.6051,20.5983,20.9849,21.1415,20.8882,20.6843,20.717,20.7517,20.8535,20.7176,20.8144,21.1483,21.2591,21.3853,20.977,21.0737,21.0279,20.5138,20.6845,20.3323,19.8436,19.8365,19.8394,20.4722,20.2358,20.4988,20.8028,20.9128,21.0416,20.4286,20.3421,20.4303,20.9995,21.4437,20.777,20.2791,20.2272,20.4797,20.9127,20.4864,20.637,20.8497,20.7283,20.6159,19.9207,19.809,19.9369,20.4709,20.6223,20.6175,19.9569,20.1173,19.866,20.6751,20.2627,20.3721,21.0588,21.2861,22.141,19.8179,19.833,19.7103,20.7156,21.5396,20.4483,20.0221,20.1435,19.922,20.0674,20.2137,20.1867,20.5212,20.4538,21.3425,20.2414,20.3413,20.4816,21.3769,22.3702,20.9374,20.4577,20.5146,20.5492,20.5672,20.1835,20.3653,20.9285,21.0491,21.2039
659,4:03:55 PM,19.9036,19.8526,19.8976,20.3821,20.4056,20.4347,20.5273,20.555,20.4835,20.4486,20.7274,20.5663,20.4992,20.5837,20.8209,20.6969,20.724,20.7601,21.0121,21.2388,20.9704,20.7187,20.7019,20.6841,20.5216,20.1628,20.2607,20.1099,20.139,20.2199,20.4472,20.596,20.6059,20.9686,21.0805,20.9798,20.6322,20.7617,20.8462,21.039,20.7786,20.8382,21.1178,21.2763,21.4603,21.0516,21.0499,21.0339,20.5751,20.7117,20.2647,19.8231,19.8112,19.8441,20.4056,20.2921,20.4455,20.8298,20.9235,20.8734,20.4283,20.3547,20.3618,20.9537,21.3966,20.8378,20.3396,20.2685,20.4645,20.8908,20.5262,20.6889,20.8775,20.7073,20.636,19.7856,19.7914,19.8674,20.3738,20.6028,20.6199,19.9337,20.0499,19.7992,20.5919,20.235,20.3172,21.1227,21.1242,21.9437,19.7135,19.7575,19.8182,20.7232,21.5222,20.4224,20.0759,20.0994,19.9657,20.1383,20.2222,20.2065,20.4736,20.5266,21.5298,20.1415,20.3072,20.4373,21.7519,22.3766,20.9647,20.4917,20.5498,20.6068,20.6903,20.1605,20.3308,20.8925,21.0316,21.0362
660,4:04:15 PM,19.8956,19.9436,19.8597,20.4254,20.4157,20.5067,20.5668,20.5762,20.5204,20.5461,20.7235,20.5938,20.424,20.5128,20.7765,20.6736,20.7734,20.7153,21.0014,21.1768,20.9814,20.7272,20.6423,20.6753,20.5937,20.1256,20.1827,20.0584,20.2066,20.2251,20.4749,20.6619,20.7399,21.0264,21.1447,20.8964,20.6719,20.7699,20.7053,20.7752,20.8007,20.8023,21.1059,21.2856,21.3383,21.0112,21.1006,21.026,20.5398,20.7247,20.286,19.8292,19.8503,19.8422,20.4495,20.3668,20.4827,20.8353,20.949,20.896,20.501,20.4503,20.4309,20.9484,21.4325,20.8146,20.3809,20.2375,20.4433,20.8188,20.5476,20.7023,20.854,20.7007,20.6683,19.7805,19.7085,19.8548,20.3794,20.6747,20.6036,19.8407,19.8875,19.8625,20.4924,20.2228,20.307,21.1163,21.2229,22.0575,19.7614,19.7591,19.8431,20.8096,21.5392,20.4205,20.0411,20.0965,20.0954,20.1152,20.1401,20.1203,20.5024,20.5426,21.451,20.1464,20.3206,20.4441,21.6408,22.3579,20.9451,20.427,20.6069,20.581,20.6745,20.1808,20.3481,20.817,21.0336,21.0395
661,4:04:35 PM,19.9324,19.9019,19.8587,20.4374,20.4043,20.5255,20.5899,20.6198,20.609,20.5299,20.7154,20.5501,20.4827,20.503,20.6161,20.7582,20.777,20.825,21.005,21.3139,21.0398,20.7672,20.6292,20.6589,20.6173,20.2127,20.3398,20.1834,20.1185,20.257,20.5913,20.6969,20.7305,21.121,21.1094,20.9221,20.6605,20.6589,20.6662,20.7181,20.7256,20.7472,21.0634,21.2705,21.378,21.029,21.075,20.9522,20.5298,20.6892,20.3038,19.7804,19.8689,19.784,20.4304,20.2636,20.4516,20.8902,20.9285,20.9089,20.5362,20.3972,20.4034,20.939,21.3618,20.8557,20.4525,20.2398,20.4569,20.8612,20.5517,20.7346,20.829,20.7172,20.676,19.7298,19.698,19.8797,20.4976,20.6025,20.6123,19.8821,20.0015,19.8771,20.4559,20.2349,20.2827,21.0985,21.1859,22.0992,19.7619,19.8257,19.899,20.803,21.541,20.3555,20.0487,20.2337,20.2135,20.3323,20.22,20.1449,20.4628,20.5627,21.4469,20.2115,20.2737,20.4287,21.7065,22.4088,20.9443,20.5386,20.5506,20.6003,20.6817,20.2301,20.3439,20.8025,21.0667,21.1113
662,4:04:55 PM,19.8956,19.8718,19.9127,20.4258,20.4033,20.5187,20.5531,20.6123,20.5818,20.5616,20.6788,20.563,20.4569,20.5243,20.5907,20.7093,20.791,20.7356,20.8877,21.1964,21.0728,20.68,20.6654,20.6814,20.6345,20.1929,20.2345,20.1104,20.0533,20.1712,20.7043,20.6548,20.7592,21.1425,21.1163,20.8044,20.651,20.6704,20.594,20.6389,20.7627,20.8476,21.1738,21.2821,21.3566,21.0534,21.0788,21.0312,20.495,20.6742,20.2281,19.7843,19.8137,19.8326,20.431,20.2759,20.4603,20.9039,20.9316,21.0209,20.5272,20.4243,20.4263,20.9956,21.2318,20.8659,20.4308,20.1975,20.4919,20.8976,20.5289,20.6527,20.8296,20.6554,20.8365,19.7676,19.7759,19.8857,20.4574,20.6081,20.6272,19.8674,20.061,19.8979,20.5004,20.2393,20.2903,21.1168,21.1426,22.079,19.8144,19.799,19.8234,20.7427,21.608,20.4307,20.002,20.2529,20.207,20.1558,20.0848,20.095,20.4307,20.576,21.6698,20.1745,20.2654,20.4156,21.4238,22.3461,20.9475,20.4376,20.5762,20.5498,20.6375,20.2747,20.4213,20.6665,20.953,21.0268
663,4:05:15 PM,19.9282,19.9639,19.988,20.3239,20.3764,20.4686,20.5975,20.6289,20.5772,20.5776,20.606,20.5402,20.4162,20.5163,20.6551,20.7491,20.7501,20.7803,20.9211,21.2184,21.0753,20.722,20.649,20.637,20.6521,20.1937,20.2472,20.1291,20.0357,20.2496,20.8423,20.6923,20.745,21.1462,21.1157,20.8837,20.6327,20.6451,20.6088,20.6814,20.7565,20.8086,21.1388,21.1846,21.4229,21.0769,21.0576,20.9555,20.4781,20.6893,20.2186,19.7704,19.8412,19.8473,20.3952,20.3364,20.4258,20.8877,20.8989,20.9965,20.519,20.416,20.463,20.988,21.2434,20.8579,20.4137,20.2813,20.4279,20.982,20.5032,20.6143,20.769,20.6441,20.8338,19.8498,19.8085,19.9148,20.424,20.5657,20.6454,19.9438,20.2525,19.8974,20.5958,20.2858,20.3091,21.1484,21.1873,21.788,19.8133,19.7418,19.8293,20.7257,21.7028,20.39,20.0346,20.2715,20.2293,20.3352,20.1506,20.1387,20.4463,20.6161,21.723,20.1853,20.2614,20.4727,21.4456,22.1517,21.0154,20.4833,20.5049,20.6046,20.6993,20.2515,20.3874,20.6201,20.9353,21.0277
664,4:05:35 PM,19.8469,19.9258,19.9299,20.3638,20.3849,20.5667,20.6251,20.6614,20.5994,20.5399,20.6358,20.5033,20.3859,20.5226,20.6031,20.7134,20.8095,20.7594,20.932,21.213,21.0503,20.6184,20.6515,20.6144,20.7029,20.2216,20.2276,19.9775,20.1735,20.1938,20.7603,20.7076,20.8114,21.1204,21.157,20.8482,20.6195,20.6403,20.613,20.6431,20.8579,20.8915,21.1963,21.2348,21.4604,21.0695,21.0575,20.9848,20.5928,20.7056,20.256,19.6903,19.8569,19.8012,20.4683,20.322,20.4707,20.8958,20.8953,21.0373,20.4758,20.4474,20.4857,20.9395,21.1916,20.8174,20.3824,20.2235,20.4258,20.9307,20.5085,20.6668,20.8045,20.7008,20.8719,19.8152,19.8389,19.8299,20.4286,20.6337,20.5876,20.0122,20.2239,19.8353,20.7633,20.3049,20.4002,21.1262,21.2594,21.8449,19.7494,19.7591,19.9001,20.8606,21.7293,20.349,20.2009,20.1754,20.1743,20.2925,20.152,20.1688,20.4291,20.6194,21.7078,20.0957,20.2816,20.5119,21.4661,22.1573,20.9327,20.4667,20.5746,20.5679,20.5348,20.2478,20.331,20.6255,20.8947,21.0532
665,4:05:55 PM,19.9779,19.9546,19.8917,20.3309,20.3989,20.4877,20.6593,20.6866,20.67,20.6186,20.6748,20.5728,20.425,20.5817,20.5541,20.7471,20.7527,20.7474,20.953,21.278,21.0855,20.6802,20.5909,20.567,20.6714,20.1384,20.1909,20.0595,20.1518,20.2174,20.671,20.6974,20.8161,21.0481,21.1042,20.9613,20.6599,20.6931,20.543,20.712,20.8034,20.8429,21.169,21.1943,21.4672,21.0597,21.0561,21.0522,20.634,20.7412,20.3011,19.7927,19.8218,19.8353,20.3707,20.3271,20.4307,20.9818,20.937,20.8334,20.5009,20.4519,20.4236,20.9504,21.1917,20.8516,20.3786,20.2042,20.4652,21.0343,20.5356,20.6805,20.862,20.7169,20.8635,19.7917,19.733,19.885,20.4883,20.5779,20.525,19.9457,20.1653,19.8527,20.6289,20.2932,20.4598,21.1428,21.2012,21.848,19.7839,19.7931,19.8844,20.8935,21.8873,20.4463,20.1405,20.1715,20.1444,20.342,20.1853,20.1438,20.4664,20.4831,21.2999,20.1868,20.3091,20.4585,21.397,22.0517,21.0424,20.5669,20.5598,20.5487,20.5588,20.223,20.3742,20.7641,20.8662,21.0758
666,4:06:15 PM,19.9696,19.9236,19.9659,20.3367,20.3825,20.521,20.6453,20.7217,20.6478,20.6419,20.6646,20.6012,20.4941,20.4771,20.5707,20.7385,20.7551,20.8155,21.0252,21.227,21.0786,20.6971,20.6759,20.6399,20.6415,20.1661,20.2444,20.0697,20.2108,20.2542,20.7326,20.7238,20.8687,20.9576,21.1297,20.8992,20.7258,20.679,20.6851,20.913,20.7661,20.7833,21.1671,21.2838,21.5013,21.0324,21.0997,21.0469,20.6317,20.7601,20.3296,19.8362,19.8695,19.7987,20.4525,20.2323,20.4178,20.9318,20.9552,20.8482,20.5013,20.3794,20.4548,20.9621,21.2021,20.8511,20.4025,20.2952,20.486,21.0789,20.5427,20.6689,20.8564,20.7098,20.8291,19.8925,19.8406,19.8458,20.4864,20.5968,20.6348,20.0048,20.1675,19.8731,20.6962,20.3627,20.4766,21.2353,21.1748,21.9168,19.6986,19.7739,19.8375,20.7956,21.8965,20.4126,20.1289,20.2627,20.194,20.1974,20.2319,20.1208,20.4775,20.5447,21.1701,20.1669,20.3299,20.3994,21.3851,22.0868,21.0319,20.5586,20.5505,20.5565,20.5332,20.1637,20.3599,20.7259,20.9599,21.1311
667,4:06:35 PM,19.9904,20.0241,19.8967,20.359,20.4343,20.5174,20.6665,20.7192,20.6804,20.6551,20.6717,20.5955,20.4625,20.5636,20.6223,20.7405,20.7228,20.7744,20.9738,21.2523,21.061,20.712,20.6494,20.6027,20.6527,20.1942,20.2788,20.1816,20.2018,20.1647,20.6998,20.6858,20.8952,20.9914,21.1821,20.9308,20.6567,20.6712,20.8513,21.1487,20.7759,20.7926,21.1293,21.3177,21.4684,21.0634,21.122,21.0303,20.6036,20.7836,20.3455,19.8952,19.8573,19.8123,20.3741,20.2498,20.4125,20.9378,21.0199,20.8177,20.5267,20.4526,20.4688,21.035,21.17,20.8553,20.3697,20.3228,20.4525,21.0763,20.4752,20.6651,20.8979,20.7307,20.8032,19.8689,19.8424,19.8686,20.4971,20.657,20.5622,19.9349,20.1404,19.9174,20.6661,20.3597,20.504,21.1911,21.2131,21.8964,19.7336,19.7582,19.7689,20.8067,21.7583,20.4278,20.0347,20.2153,20.2339,20.0823,20.1449,20.1532,20.4878,20.5655,21.2392,20.2451,20.275,20.431,21.407,22.0833,21.0464,20.6205,20.5369,20.599,20.6873,20.2367,20.3425,20.8023,20.9666,21.2006
668,4:06:55 PM,19.9786,19.9278,19.9707,20.3786,20.3845,20.5155,20.743,20.8052,20.7236,20.6848,20.6878,20.6015,20.4822,20.5317,20.5693,20.7387,20.7714,20.7875,20.9739,21.2079,20.9921,20.6925,20.6723,20.6697,20.585,20.2699,20.3156,20.1073,20.2318,20.2151,20.6598,20.6631,20.816,21.0538,21.1946,20.9707,20.6742,20.711,20.8198,21.0548,20.8128,20.7455,21.1269,21.2534,21.3887,21.0873,21.0927,21.0681,20.6261,20.725,20.3439,19.9142,19.871,19.8596,20.4248,20.3199,20.4702,20.9042,21.0281,20.9248,20.6238,20.4473,20.4185,21.0074,21.1928,20.8762,20.3645,20.2805,20.4518,21.0777,20.5412,20.609,20.8564,20.8339,20.8371,19.9665,19.9398,19.9467,20.4881,20.6756,20.542,19.9769,20.1267,19.9512,20.6969,20.3668,20.483,21.2871,21.2869,21.9421,19.762,19.8175,19.6838,20.716,21.8103,20.3752,19.9752,20.1069,20.2044,20.2465,20.2029,20.1833,20.5583,20.5872,21.2606,20.2679,20.3238,20.4646,21.5904,22.1583,21.0567,20.5999,20.6349,20.5815,20.8117,20.2334,20.3493,20.8096,20.9738,21.1402
669,4:07:15 PM,19.9533,20.0418,20.0754,20.3881,20.4231,20.5523,20.7293,20.7337,20.7061,20.6825,20.663,20.5571,20.5597,20.5782,20.4972,20.6868,20.7596,20.7819,21.0264,21.2675,21.1249,20.7849,20.7527,20.6983,20.6446,20.2596,20.3996,20.2041,20.1593,20.2356,20.7678,20.7294,20.8468,21.0951,21.1587,20.9405,20.7394,20.7371,20.7166,21.0256,20.7973,20.8333,21.1586,21.2791,21.4,21.0937,21.0963,21.0429,20.5967,20.7506,20.36,19.9283,19.8959,19.8475,20.4469,20.3761,20.4701,20.9363,21.0413,20.8833,20.5557,20.5011,20.4501,21.0071,21.2315,20.891,20.389,20.3098,20.4826,21.0366,20.5352,20.582,20.923,20.7526,20.8958,19.7972,19.8397,19.8844,20.4946,20.6124,20.6023,19.9449,20.0094,20.0088,20.5311,20.3583,20.4845,21.1563,21.1778,21.8512,19.7903,19.7539,19.7572,20.6319,21.7304,20.3168,19.9911,20.1302,20.1375,20.3509,20.1833,20.1384,20.5147,20.5785,21.1882,20.3149,20.3885,20.469,21.6166,22.3226,21.0312,20.5594,20.5544,20.5655,20.8544,20.272,20.3511,20.8435,21.0648,21.1942
670,4:07:35 PM,20.0346,19.9645,19.9496,20.3857,20.4419,20.523,20.6687,20.6952,20.6971,20.6967,20.6774,20.6722,20.5303,20.5327,20.4346,20.7091,20.7639,20.8013,21.0024,21.2301,21.0576,20.7809,20.643,20.6335,20.7021,20.2177,20.3784,20.2126,20.2294,20.2004,20.8175,20.7081,20.8143,20.969,21.172,21.0001,20.6941,20.7334,20.6204,20.8151,20.8102,20.8061,21.1705,21.262,21.4477,21.0772,21.1186,21.0608,20.5757,20.7094,20.3594,19.9913,19.8923,19.893,20.4438,20.4521,20.4421,21.0043,21.023,20.9804,20.4873,20.4619,20.4341,20.9375,21.1357,20.8465,20.5033,20.3119,20.4776,20.9599,20.5318,20.6742,20.8966,20.7901,20.8727,19.8966,19.9092,19.8517,20.5221,20.6593,20.6389,19.9273,20.0269,20.0845,20.4808,20.331,20.4082,21.1984,21.2605,21.8763,19.7431,19.7437,19.7261,20.6404,21.674,20.3717,20.0633,20.1245,20.0987,20.3215,20.2085,20.2016,20.506,20.5489,21.0777,20.3584,20.3403,20.4289,21.4368,22.3167,21.0871,20.4438,20.5415,20.5367,20.8796,20.2566,20.3457,20.8093,21.0607,21.0924
671,4:07:55 PM,20.053,20.1058,20.0428,20.328,20.4481,20.5284,20.5719,20.6313,20.7351,20.7108,20.6878,20.6414,20.5854,20.5342,20.5269,20.7622,20.7971,20.7659,20.9836,21.2159,20.9859,20.75,20.7242,20.5601,20.7014,20.3461,20.3531,20.2496,20.179,20.1734,20.8845,20.7046,20.9265,20.9581,21.2085,20.9688,20.7158,20.7991,20.6261,20.9476,20.8124,20.796,21.1297,21.2679,21.4054,21.137,21.1365,21.0151,20.6068,20.6814,20.3791,19.9394,19.9056,19.7975,20.5501,20.392,20.455,20.9649,21.0771,20.9554,20.4999,20.4583,20.3935,20.9543,21.3494,20.9235,20.4636,20.3203,20.4958,20.9972,20.4998,20.6786,20.8516,20.657,20.8198,19.8707,19.898,19.8795,20.4169,20.6581,20.6514,19.9888,20.1621,20.074,20.3025,20.3063,20.3754,21.2484,21.2652,21.9183,19.6865,19.7478,19.8831,20.689,21.6422,20.434,20.029,20.1472,20.1342,20.0263,20.2373,20.168,20.5431,20.5834,21.0778,20.3183,20.4127,20.479,21.3861,22.4531,21.0035,20.5097,20.4873,20.5723,20.7865,20.2243,20.3559,20.8314,21.0833,21.1485
672,4:08:15 PM,20.0479,20.0654,20.0068,20.3838,20.4624,20.463,20.5422,20.6232,20.657,20.6699,20.6716,20.6213,20.4738,20.6022,20.6268,20.6914,20.7527,20.7568,20.9538,21.2219,20.9969,20.6731,20.6672,20.5346,20.667,20.2796,20.3386,20.2308,20.1797,20.2188,20.8525,20.6579,20.8572,21.0222,21.3408,20.9558,20.7507,20.7556,20.6306,20.8104,20.8234,20.8141,21.0792,21.2403,21.3796,21.0471,21.1124,21.0182,20.6048,20.7266,20.3808,19.964,19.9201,19.8554,20.4829,20.3849,20.5329,20.9964,21.0866,20.9849,20.4783,20.4342,20.4464,21.0002,21.3538,20.9509,20.5027,20.2642,20.5208,21.1131,20.5781,20.6993,20.9265,20.7325,20.8398,19.8536,19.9051,19.8418,20.5343,20.6929,20.5909,20.0089,20.241,20.0053,20.2776,20.2761,20.3369,21.2442,21.2712,22.0136,19.7867,19.8311,19.8785,20.695,21.6587,20.449,20.0163,20.0769,20.1007,20.0232,20.2413,20.2009,20.5286,20.5704,21.236,20.2584,20.3704,20.3982,21.5175,22.3821,21.0154,20.5102,20.5708,20.617,20.7732,20.2399,20.3306,20.8573,21.1283,21.2653
673,4:08:35 PM,20.0473,20.079,20.0129,20.3996,20.4597,20.5205,20.6463,20.5934,20.5937,20.5767,20.6975,20.7016,20.4874,20.5251,20.6636,20.7628,20.8301,20.7081,20.9461,21.2396,21.0418,20.6421,20.6881,20.6825,20.6164,20.2762,20.3584,20.2572,20.2145,20.197,20.7539,20.6093,20.8699,21.0311,21.3548,20.9323,20.7242,20.7238,20.6902,20.9263,20.8658,20.8327,21.1536,21.1994,21.4103,21.0407,21.1438,21.0855,20.561,20.6997,20.4063,19.9255,19.9835,19.847,20.5254,20.4933,20.5089,20.9624,21.0104,20.8819,20.4898,20.4341,20.4923,20.9694,21.3902,20.9011,20.4148,20.3079,20.4864,21.0764,20.5836,20.7166,20.7978,20.7262,20.8938,19.9188,19.8713,19.8943,20.5508,20.6621,20.5703,20.0,20.2463,20.0244,20.3224,20.2799,20.4013,21.1332,21.2363,22.0056,19.7663,19.8406,19.8341,20.6073,21.6826,20.4084,19.9797,20.0786,20.1576,20.1088,20.2707,20.2134,20.5334,20.5259,21.2721,20.3258,20.4497,20.5178,21.5072,22.4305,20.9433,20.5686,20.6441,20.6368,20.592,20.2024,20.3922,20.802,21.0819,21.2807
674,4:08:55 PM,20.0735,20.0243,19.9904,20.3352,20.3936,20.5569,20.5976,20.5511,20.5529,20.5566,20.7202,20.6606,20.5888,20.5993,20.7442,20.7284,20.8302,20.7572,21.0165,21.274,20.9379,20.6804,20.6747,20.7122,20.6698,20.2902,20.329,20.2139,20.2883,20.1675,20.8015,20.604,20.7606,21.0658,21.2896,20.9738,20.7466,20.7269,20.6865,20.7877,20.8052,20.8237,21.2006,21.2648,21.4157,21.0658,21.1016,21.0839,20.6171,20.7528,20.3379,19.885,19.9489,19.8332,20.5216,20.3742,20.5184,21.0273,21.0602,21.1002,20.5462,20.5143,20.4343,20.9765,21.39,20.8927,20.4193,20.344,20.4846,21.0042,20.6025,20.7325,20.8385,20.7318,20.933,19.9059,19.9287,19.8632,20.5444,20.6925,20.6569,20.0048,20.2321,20.0032,20.4998,20.3396,20.4296,21.1456,21.4085,22.1461,19.8278,19.7949,19.7365,20.5602,21.6801,20.4969,19.9295,20.0724,20.125,20.2108,20.1892,20.1272,20.6067,20.6473,21.2118,20.2394,20.4159,20.5618,21.5114,22.3563,21.0394,20.5621,20.5871,20.5903,20.5124,20.1073,20.3069,20.741,21.0672,21.3095
675,4:09:15 PM,19.9551,19.9861,19.8832,20.3657,20.4329,20.5458,20.5846,20.459,20.6058,20.5817,20.7164,20.6892,20.5431,20.6493,20.7937,20.6745,20.8457,20.7342,20.9709,21.3193,21.0545,20.7551,20.6679,20.752,20.6214,20.2418,20.2771,20.0852,20.2132,20.2245,20.7586,20.5858,20.7169,20.9737,21.2477,20.9078,20.7283,20.7427,20.8299,20.9355,20.8479,20.7801,21.1636,21.2458,21.3694,21.0399,21.1036,21.0258,20.6311,20.7826,20.3401,19.8776,19.9004,19.7753,20.5206,20.3256,20.523,20.9191,20.9953,21.0269,20.4692,20.4726,20.4324,21.048,21.4584,20.9016,20.4976,20.3477,20.4442,20.9349,20.4321,20.752,20.8686,20.7373,20.9174,19.9755,19.9177,19.922,20.4695,20.7497,20.6229,19.9864,20.205,19.9827,20.4899,20.312,20.4169,21.1978,21.5187,22.0991,19.7394,19.8052,19.6127,20.5543,21.5439,20.4839,19.974,20.1509,20.0964,20.1283,20.206,20.2326,20.5675,20.6144,21.2045,20.2632,20.3757,20.4843,21.2559,22.2054,20.9623,20.5317,20.6044,20.578,20.4305,20.1058,20.3065,20.7089,20.9828,21.3358
676,4:09:35 PM,19.8957,19.9526,19.9021,20.3248,20.4066,20.4767,20.509,20.5765,20.5531,20.6566,20.7216,20.6274,20.5507,20.6472,20.8494,20.7694,20.8179,20.7894,20.9864,21.338,20.9486,20.7381,20.7194,20.7564,20.5964,20.1049,20.2657,20.0963,20.2541,20.2132,20.7775,20.5579,20.7122,21.009,21.2462,20.9369,20.7199,20.7319,20.8246,20.9107,20.755,20.8078,21.1231,21.2342,21.3987,21.0588,21.124,21.0184,20.588,20.7324,20.3333,19.7891,19.8745,19.8179,20.5063,20.2153,20.4919,20.8896,20.9873,20.9914,20.4767,20.4576,20.4058,21.0218,21.5116,20.8656,20.44,20.3427,20.4567,20.9683,20.561,20.6844,20.8925,20.8091,20.9356,19.859,19.8411,19.903,20.4668,20.6144,20.6087,19.9564,20.1501,19.8704,20.7215,20.2295,20.3553,21.1226,21.5473,22.1676,19.794,19.8194,19.7484,20.8089,21.5464,20.5333,20.1312,20.1263,20.1315,20.3877,20.218,20.126,20.5212,20.542,21.1072,20.2345,20.3617,20.4613,21.2827,22.218,20.9884,20.5498,20.5864,20.629,20.4197,20.1602,20.3914,20.7058,20.9543,21.2276
677,4:09:55 PM,19.8895,19.9388,19.8389,20.3487,20.3571,20.4561,20.5239,20.5504,20.5531,20.6169,20.6453,20.5601,20.603,20.6647,20.8517,20.7109,20.861,20.7945,20.965,21.2569,20.9822,20.6801,20.7306,20.6952,20.7288,20.1211,20.2643,20.0183,20.1334,20.1911,20.7223,20.6211,20.6956,21.0286,21.292,20.9291,20.7395,20.8075,20.9011,21.0146,20.8494,20.8113,21.1966,21.2495,21.4135,21.0644,21.1414,21.0545,20.624,20.7105,20.3119,19.7467,19.883,19.8184,20.5025,20.149,20.4337,20.9254,21.0023,20.9917,20.4826,20.505,20.3533,21.0243,21.4283,20.7933,20.472,20.2994,20.5053,21.1039,20.6526,20.7314,20.7515,20.808,20.8498,19.8433,19.7877,19.9719,20.4796,20.6548,20.5932,19.9484,20.0987,19.8193,20.8097,20.2064,20.3682,21.0311,21.4088,22.1594,19.831,19.8268,19.9125,20.7532,21.5582,20.5479,20.1375,20.1775,20.2146,20.2529,20.2329,20.1488,20.4932,20.5739,21.0969,20.1413,20.3707,20.4113,21.2266,22.3183,20.9515,20.5572,20.5288,20.5591,20.3695,20.1876,20.3789,20.8017,20.9396,21.312
678,4:10:15 PM,19.8911,19.9641,19.8655,20.3719,20.4257,20.4735,20.5445,20.6085,20.5357,20.5564,20.682,20.5692,20.4851,20.5745,20.775,20.7362,20.7839,20.8036,20.975,21.2581,20.9468,20.6976,20.7093,20.7228,20.6928,20.142,20.2137,20.0966,20.1523,20.1737,20.6705,20.5549,20.7422,21.0512,21.2275,20.937,20.7338,20.7537,20.733,21.0002,20.8386,20.8473,21.207,21.306,21.3487,21.0835,21.1709,21.1082,20.6213,20.6939,20.2759,19.7511,19.8246,19.755,20.4083,20.2814,20.467,20.8937,20.8874,20.9094,20.5443,20.5235,20.4078,21.0184,21.3815,20.9036,20.4068,20.3161,20.433,21.249,20.6623,20.7411,20.8769,20.7939,20.9367,19.7408,19.7401,19.9037,20.4477,20.6426,20.6367,19.9233,20.0542,19.8779,20.812,20.206,20.3919,21.0521,21.2752,21.9501,19.7617,19.8259,19.9235,20.7749,21.5645,20.5693,20.0928,20.1384,20.1962,20.4735,20.1985,20.1676,20.4728,20.5738,20.8425,20.1584,20.3032,20.4291,21.2028,22.2176,20.9761,20.5817,20.5335,20.5581,20.3458,20.1876,20.398,20.7021,20.8965,21.1679
679,4:10:35 PM,19.9013,19.9132,19.9172,20.4454,20.4724,20.4295,20.6017,20.6152,20.6205,20.6199,20.6786,20.4885,20.4306,20.4691,20.7283,20.7198,20.7769,20.7528,20.9533,21.1823,20.9426,20.6739,20.7134,20.7092,20.7273,20.1562,20.2257,20.112,20.1553,20.2311,20.5979,20.6964,20.7183,21.0621,21.2009,20.957,20.6638,20.7188,20.7119,20.7957,20.765,20.8788,21.1906,21.2912,21.3391,21.047,21.1732,21.0399,20.6204,20.7596,20.2606,19.7616,19.8197,19.7798,20.4206,20.3678,20.5113,20.8991,20.9428,21.0968,20.5648,20.4529,20.4614,21.0323,21.4496,20.8249,20.4264,20.2728,20.4993,21.2229,20.5495,20.7251,20.8403,20.811,20.8518,19.7664,19.7617,19.8656,20.4411,20.6242,20.5783,19.9503,19.9946,19.8346,20.5551,20.2714,20.4181,21.117,21.3531,21.828,19.7395,19.8224,19.8264,20.7438,21.5788,20.4588,19.9982,20.2772,20.2353,20.2705,20.1333,20.1323,20.4595,20.5118,20.9949,20.1671,20.3239,20.4249,21.1869,22.1464,20.9709,20.5492,20.5017,20.5503,20.4012,20.2273,20.3476,20.7841,20.9861,21.1581
680,4:10:55 PM,19.8968,19.9676,20.0183,20.4115,20.4494,20.4164,20.611,20.6966,20.6714,20.6357,20.6592,20.5481,20.393,20.4717,20.5574,20.7009,20.7494,20.7155,20.9598,21.1136,20.9435,20.7272,20.6663,20.7215,20.6986,20.2275,20.1764,20.1715,20.2248,20.2106,20.6095,20.7461,20.8585,21.0792,21.2767,20.9317,20.7234,20.6378,20.6612,20.6122,20.8256,20.7902,21.2095,21.2877,21.3457,21.0782,21.2049,21.0888,20.652,20.7074,20.2579,19.792,19.8605,19.7839,20.493,20.3856,20.4685,20.9114,20.9766,21.1414,20.536,20.4379,20.4478,21.0118,21.4436,20.8472,20.4869,20.3097,20.4509,21.1627,20.3995,20.6483,20.9595,20.7888,20.8801,19.8275,19.7803,19.8551,20.4595,20.579,20.5997,19.9045,20.1178,19.9279,20.4885,20.326,20.3919,21.1847,21.3513,21.7286,19.8521,19.8411,19.7771,20.7329,21.5905,20.4809,20.0759,20.2737,20.1613,20.2717,20.1452,20.1086,20.4591,20.5002,20.9602,20.2248,20.2958,20.4571,21.4801,22.1924,21.0258,20.6588,20.5852,20.5942,20.5966,20.1808,20.4188,20.8312,20.9607,21.1353
681,4:11:15 PM,19.9357,19.9323,20.025,20.3907,20.4754,20.4345,20.661,20.7349,20.7665,20.676,20.5855,20.5987,20.4558,20.4403,20.622,20.7271,20.7369,20.7081,20.9651,21.1851,20.9877,20.7395,20.7094,20.7005,20.6412,20.1662,20.2425,20.1213,20.1822,20.1995,20.6954,20.7323,20.8752,21.0855,21.2362,20.9263,20.6874,20.6905,20.6127,20.6005,20.7726,20.7739,21.1531,21.3069,21.3647,21.056,21.1657,21.124,20.5403,20.768,20.2491,19.8649,19.8593,19.756,20.4667,20.3163,20.4338,20.9515,21.0847,21.1507,20.5346,20.5027,20.4407,20.9826,21.3246,20.8444,20.4011,20.2278,20.5154,21.0426,20.5015,20.6025,20.8755,20.7284,20.7773,19.8036,19.7847,19.8778,20.4714,20.6112,20.6348,19.9014,20.0805,19.8934,20.6646,20.3292,20.4122,21.2159,21.2713,21.8563,19.8485,19.8117,19.9253,20.7779,21.6316,20.4827,20.1557,20.2354,20.3102,20.0867,20.1313,20.1016,20.4997,20.4604,21.1148,20.102,20.4222,20.3981,21.4374,22.3468,20.9585,20.5342,20.5024,20.5591,20.6767,20.2687,20.4334,20.9631,20.8601,21.0557
682,4:11:35 PM,19.9462,19.9741,19.8967,20.3511,20.458,20.3989,20.5972,20.7724,20.7405,20.7702,20.6522,20.5873,20.4188,20.4504,20.4996,20.6971,20.7197,20.6398,20.9958,21.2662,21.02,20.6856,20.6842,20.7188,20.6459,20.1582,20.322,20.1231,20.112,20.2327,20.7562,20.7541,20.8967,21.1186,21.2541,20.9148,20.632,20.7006,20.6276,20.5981,20.7637,20.8207,21.1151,21.3034,21.3646,21.086,21.1196,21.036,20.5351,20.7567,20.3593,19.924,19.8592,19.8046,20.429,20.3472,20.4046,20.8611,21.0522,21.018,20.5247,20.4628,20.4944,20.976,21.2758,20.8622,20.3999,20.2623,20.4575,21.1146,20.5686,20.6527,20.783,20.721,20.7278,19.824,19.786,19.9159,20.4826,20.6043,20.6102,19.9741,20.1849,19.9233,20.8633,20.3363,20.5003,21.2049,21.2014,21.9049,19.7677,19.8049,19.8543,20.8256,21.7416,20.4582,20.1238,20.2231,20.2695,20.1172,20.1261,20.1684,20.4446,20.4918,20.9187,20.1669,20.3795,20.4111,21.4222,22.2526,21.0366,20.4647,20.4845,20.5383,20.7198,20.2106,20.4894,20.9439,20.935,21.0605
683,4:11:55 PM,19.9715,19.9286,19.937,20.3704,20.4493,20.48,20.6611,20.7533,20.7148,20.7449,20.6367,20.5864,20.4742,20.4304,20.5897,20.7076,20.7812,20.7676,20.957,21.2578,20.9141,20.6609,20.653,20.6256,20.627,20.1699,20.3437,20.0678,20.1617,20.1551,20.8487,20.6613,20.8851,21.037,21.2161,20.9297,20.6617,20.732,20.5222,20.6484,20.7,20.7934,21.1161,21.2658,21.3511,21.0609,21.1622,21.0117,20.5849,20.667,20.3662,19.8478,19.8217,19.7592,20.4822,20.3403,20.4925,21.0053,21.0089,21.0751,20.5886,20.4624,20.4917,20.9748,21.2907,20.8653,20.3799,20.2898,20.4816,21.0964,20.6208,20.7138,20.81,20.7745,20.8282,19.8378,19.7877,19.8573,20.4777,20.6072,20.6171,19.9222,20.2377,19.8584,20.9978,20.3394,20.5761,21.2178,21.2951,21.9559,19.7686,19.8464,19.8058,20.793,21.7087,20.4018,20.0698,20.2079,20.257,20.0792,20.1972,20.1896,20.5022,20.5241,20.8684,20.2,20.3914,20.3958,21.17,22.2865,21.0198,20.365,20.4626,20.5542,20.6621,20.2264,20.4493,20.9073,20.9693,20.9928
684,4:12:15 PM,19.962,19.9842,19.9569,20.3213,20.4084,20.4713,20.6191,20.6874,20.7542,20.8548,20.6788,20.5793,20.4648,20.4259,20.4696,20.7311,20.8553,20.8065,20.9707,21.2504,20.9873,20.6319,20.6729,20.6195,20.6533,20.2468,20.2596,20.1109,20.1083,20.1655,20.8323,20.6733,20.8824,21.0072,21.2134,20.9618,20.6822,20.6186,20.6666,20.6729,20.7816,20.7645,21.1456,21.2086,21.3379,21.0661,21.1875,21.0515,20.5714,20.6604,20.3086,19.8749,19.8638,19.8746,20.4308,20.3463,20.4676,20.9478,20.9955,20.9881,20.5129,20.5435,20.4515,20.9413,21.2686,20.8875,20.4179,20.2889,20.5015,21.048,20.5325,20.7222,20.8927,20.7573,20.8348,19.8319,19.789,19.8924,20.4763,20.648,20.6535,19.8659,20.2935,19.9919,20.9174,20.3694,20.4486,21.2214,21.3637,21.9948,19.8145,19.832,19.6276,20.7482,21.726,20.4627,20.0025,20.2437,20.2897,20.0558,20.1823,20.1369,20.4884,20.5189,20.9174,20.2313,20.3428,20.4606,21.4152,22.1019,21.0857,20.4255,20.5689,20.5229,20.6071,20.2526,20.4292,20.8888,20.9863,21.0817
685,4:12:35 PM,19.938,19.9933,19.918,20.3355,20.4212,20.5114,20.6199,20.7198,20.7157,20.818,20.6976,20.6735,20.4142,20.4401,20.4875,20.7356,20.8441,20.7818,20.9755,21.2546,20.9132,20.6043,20.6824,20.5883,20.6034,20.2874,20.3406,20.1192,20.1121,20.1977,20.9252,20.7514,20.8363,21.0123,21.2435,20.9704,20.7115,20.6399,20.6255,20.8286,20.7927,20.7941,21.2057,21.2929,21.3904,21.0741,21.1486,21.019,20.5481,20.7287,20.2905,19.9229,19.8446,19.7806,20.4551,20.3409,20.4896,20.996,21.0997,21.1312,20.4441,20.5094,20.4952,20.9969,21.243,20.8866,20.4349,20.3281,20.4976,21.0284,20.476,20.6839,20.8239,20.7924,20.8201,19.9356,19.8222,19.9361,20.4405,20.661,20.7228,19.909,20.2694,20.0332,20.9064,20.3089,20.3771,21.1951,21.4174,21.9819,19.8825,19.7799,19.591,20.5969,21.5764,20.4899,20.0163,20.1765,20.3026,20.0294,20.1833,20.2064,20.5402,20.5339,21.0237,20.3821,20.3034,20.4807,21.5178,22.2378,21.0209,20.4713,20.5282,20.6053,20.6027,20.1769,20.3826,20.8163,20.9868,21.1387
686,4:12:55 PM,20.0312,20.058,20.0169,20.351,20.4262,20.5453,20.5985,20.652,20.7821,20.8694,20.6564,20.6612,20.5533,20.5531,20.4384,20.7833,20.7444,20.7116,21.0398,21.2923,21.0204,20.6548,20.6451,20.5841,20.5825,20.3142,20.3093,20.1294,20.0946,20.2308,20.8469,20.6476,20.8075,21.0164,21.3334,20.9297,20.6352,20.5881,20.6855,20.8665,20.7906,20.7319,21.1744,21.2679,21.388,21.076,21.0862,21.0578,20.583,20.6729,20.4091,19.8871,19.912,19.8884,20.4947,20.3868,20.507,21.0195,21.0657,21.0715,20.4181,20.5277,20.4569,20.9934,21.2951,20.8502,20.4332,20.3336,20.5372,21.0415,20.4885,20.6524,20.8607,20.7573,20.8025,19.9723,19.8353,19.9452,20.4667,20.6228,20.6567,19.8926,20.0767,20.0358,21.017,20.3689,20.4246,21.1737,21.433,21.9855,19.9292,19.8306,19.5496,20.6522,21.649,20.4959,19.9524,20.125,20.2631,20.0211,20.2288,20.2169,20.5002,20.5387,21.0626,20.3153,20.3717,20.47,21.434,22.3365,21.0197,20.5008,20.5654,20.5553,20.6405,20.2479,20.4524,20.7557,20.9585,21.1745
687,4:13:15 PM,19.9721,20.0043,19.8681,20.3534,20.4246,20.5114,20.5673,20.6191,20.7939,20.8217,20.6947,20.6655,20.5984,20.4817,20.4915,20.7172,20.8073,20.8018,20.9895,21.3322,21.0294,20.642,20.6598,20.6384,20.5697,20.3356,20.2912,20.1128,20.1285,20.2409,20.8089,20.619,20.8268,20.9513,21.3313,20.9412,20.693,20.6375,20.6452,20.9304,20.7755,20.7911,21.1053,21.3337,21.4008,21.0785,21.1167,21.0731,20.6222,20.681,20.3521,19.8331,19.875,19.8529,20.4744,20.3379,20.465,21.0327,21.0484,21.1887,20.3877,20.444,20.4748,21.0307,21.2377,20.9312,20.3977,20.3102,20.5476,21.0324,20.5784,20.6294,20.8698,20.721,20.7497,19.9189,19.8083,19.9278,20.4771,20.7075,20.6939,19.8895,20.1638,19.9405,20.9955,20.2612,20.3704,21.1187,21.3545,22.1058,19.84,19.836,19.4606,20.6681,21.5737,20.5072,20.0507,20.1435,20.3256,20.1462,20.1817,20.2009,20.5204,20.5235,21.0071,20.2061,20.3259,20.4392,21.3543,22.3903,21.0096,20.3983,20.4911,20.5142,20.5847,20.1509,20.4185,20.6296,21.033,21.2093
688,4:13:35 PM,19.9283,19.9517,19.8353,20.3448,20.4338,20.4378,20.4798,20.5496,20.7311,20.7727,20.6991,20.6599,20.6527,20.6305,20.5907,20.7816,20.8197,20.814,21.0314,21.3686,21.0737,20.6654,20.6628,20.63,20.5687,20.2031,20.2407,20.0217,20.0928,20.1987,20.7908,20.5761,20.7713,20.946,21.2922,20.9071,20.7285,20.6859,20.6996,20.8572,20.807,20.7791,21.1879,21.2902,21.4151,21.1,21.1173,21.0376,20.5889,20.7177,20.3126,19.8319,19.8737,19.843,20.4951,20.2346,20.5159,20.9135,21.0589,21.0657,20.4293,20.4536,20.4476,21.0423,21.2642,20.873,20.3888,20.3327,20.5416,21.0322,20.7773,20.7549,20.8685,20.7852,20.7228,19.8269,19.7527,19.8641,20.4881,20.7016,20.6374,19.9352,20.0673,19.8279,21.0107,20.2622,20.2831,21.0865,21.2896,21.8425,19.8541,19.772,19.6517,20.7182,21.6035,20.5921,20.1935,20.2905,20.4065,20.274,20.1209,20.1691,20.5072,20.4923,20.8599,20.2063,20.3212,20.3897,21.2613,22.5018,20.9391,20.3682,20.4687,20.5498,20.6947,20.1216,20.4256,20.7604,20.941,21.1487
689,4:13:55 PM,19.8222,19.8871,19.8482,20.3104,20.4058,20.4503,20.5546,20.5189,20.7034,20.6293,20.6696,20.6386,20.5381,20.584,20.6801,20.7632,20.8371,20.8556,20.946,21.3935,21.0868,20.7559,20.6979,20.8412,20.6394,20.1584,20.0862,19.9475,20.041,20.2315,20.7043,20.6047,20.6866,21.0386,21.2389,20.9367,20.662,20.7682,20.6527,20.9739,20.8155,20.8813,21.2165,21.3236,21.4221,21.1325,21.1532,21.0839,20.6062,20.7877,20.2055,19.7245,19.8609,19.8424,20.4841,20.2191,20.5104,20.8765,21.013,20.9611,20.4437,20.4082,20.494,20.981,21.1906,20.988,20.3792,20.3073,20.479,21.1016,20.8045,20.8639,20.8966,20.7109,20.8017,19.7383,19.732,19.8762,20.4902,20.6603,20.6291,19.9414,20.1207,19.718,20.987,20.2052,20.2047,21.0187,21.2043,21.7015,19.7165,19.7768,19.7254,21.0522,21.7251,20.6704,20.3198,20.3414,20.4584,20.4764,20.1254,20.1099,20.4109,20.5861,21.2113,20.1484,20.381,20.4014,21.5244,22.4742,20.9204,20.4077,20.5253,20.6147,20.7365,20.1335,20.4045,20.7282,21.0314,21.1166
690,4:14:15 PM,19.714,19.8379,19.893,20.35,20.415,20.4218,20.4913,20.5662,20.6827,20.6607,20.6092,20.6353,20.4795,20.5914,20.6569,20.7655,20.7909,20.8361,20.9746,21.3353,21.1121,20.7961,20.6366,20.7294,20.5952,20.0832,20.1551,19.946,20.1115,20.1893,20.6032,20.6863,20.6894,20.9903,21.169,20.9685,20.6225,20.7526,20.6394,20.8969,20.7343,20.8281,21.2403,21.3471,21.4328,21.1009,21.1533,21.105,20.6401,20.6765,20.2167,19.6972,19.8502,19.892,20.4844,20.1452,20.455,20.8818,20.9107,20.8995,20.5624,20.4782,20.3851,21.0197,21.2148,20.9473,20.4206,20.2609,20.5575,21.191,20.8494,20.9142,20.8541,20.777,20.7148,19.6505,19.6911,19.9188,20.4999,20.6937,20.5942,19.876,20.1138,19.6995,20.896,20.1622,20.2371,20.9862,21.075,21.4719,19.8153,19.8883,19.9811,21.3113,21.8205,20.7069,20.4123,20.3467,20.3606,20.6711,20.0936,20.1003,20.4951,20.5171,21.2392,20.1867,20.3345,20.3611,21.3164,22.5656,20.975,20.3141,20.4822,20.6094,20.7416,20.2142,20.3643,20.8201,20.8812,21.1493
691,4:14:35 PM,19.7543,19.7627,19.8953,20.3861,20.3869,20.4776,20.5009,20.6539,20.7574,20.6544,20.611,20.5653,20.4661,20.5191,20.584,20.747,20.8509,20.8226,21.0013,21.3304,21.2007,20.8689,20.7563,20.8274,20.7106,20.0712,20.1441,19.996,20.0979,20.2242,20.7236,20.641,20.7891,20.9474,21.1942,20.9026,20.6092,20.7262,20.6066,20.8341,20.799,20.8152,21.2563,21.2943,21.4714,21.1759,21.1711,21.0897,20.6258,20.7632,20.1938,19.7227,19.8633,19.8732,20.4916,20.1624,20.4498,20.9768,20.9945,20.9317,20.5495,20.4254,20.396,20.9617,21.2709,21.0394,20.4826,20.2917,20.5316,21.0573,20.7952,20.8683,20.9265,20.7241,20.6852,19.7044,19.677,19.875,20.4156,20.6861,20.5817,19.8513,20.146,19.7677,20.9485,20.2118,20.3587,21.0084,21.2295,21.572,19.868,19.8704,20.0521,21.353,21.924,20.7004,20.3622,20.2621,20.2235,20.432,20.0906,20.0585,20.4893,20.609,21.2448,20.2178,20.3868,20.3629,21.4807,22.3972,20.9777,20.2879,20.5778,20.6181,20.683,20.2058,20.4495,20.8327,20.8862,21.1899
692,4:14:55 PM,19.7959,19.8402,19.8989,20.3767,20.4214,20.4639,20.4988,20.7142,20.8369,20.7325,20.6305,20.4671,20.5211,20.515,20.5928,20.795,20.8009,20.8736,21.0809,21.2091,21.2051,20.8382,20.7321,20.8807,20.677,20.1134,20.1907,20.1185,20.0798,20.1958,20.7917,20.6656,20.869,20.8912,21.237,20.9281,20.6483,20.6725,20.6788,20.606,20.7723,20.8052,21.2284,21.2852,21.3839,21.1561,21.2042,21.116,20.6108,20.7411,20.2471,19.8189,19.8528,19.8358,20.4609,20.1237,20.4365,21.0116,21.0986,21.0571,20.545,20.4619,20.4877,20.9869,21.1998,20.9865,20.3696,20.26,20.4554,21.0787,20.8868,20.8245,20.8713,20.7436,20.6209,19.7791,19.7451,19.9024,20.4377,20.6453,20.6253,19.9712,20.2161,19.8133,20.9771,20.2334,20.3426,21.1677,21.2578,21.6966,19.9118,19.9417,20.001,21.079,21.829,20.7094,20.4325,20.2549,20.2698,20.5431,20.1229,20.0574,20.4592,20.539,20.8955,20.3186,20.3474,20.399,21.5306,22.1182,20.9747,20.3597,20.5401,20.6011,20.6358,20.1692,20.4215,20.798,20.8551,21.1406
693,4:15:15 PM,19.8633,19.9152,19.9729,20.3422,20.421,20.4766,20.6201,20.7627,20.8722,20.8026,20.6923,20.5731,20.5112,20.5754,20.5551,20.7688,20.8338,20.8488,21.0314,21.0987,21.2344,20.9079,20.7577,20.7038,20.6539,20.2617,20.3166,20.08,20.0696,20.2183,20.8032,20.7699,21.0178,21.0499,21.1261,20.9814,20.616,20.7343,20.6124,20.5925,20.7776,20.8436,21.2056,21.2714,21.3688,21.2289,21.1581,21.1458,20.6607,20.7365,20.2898,19.8465,19.8681,19.8851,20.4835,20.1786,20.4867,20.9892,21.0511,21.0829,20.5387,20.4641,20.4642,20.9415,21.1933,20.9186,20.3867,20.335,20.547,20.9584,20.812,20.8287,20.8846,20.7604,20.6904,19.8706,19.7647,19.8535,20.4443,20.738,20.6682,19.8762,20.1373,19.878,21.0289,20.3193,20.4161,21.2728,21.2779,21.5832,19.8867,19.9132,19.8908,20.9994,21.8735,20.6582,20.3693,20.2431,20.2386,20.4105,20.1037,20.0946,20.555,20.5804,20.848,20.2693,20.4667,20.3987,21.6476,21.6226,20.9736,20.4408,20.5527,20.61,20.6542,20.2994,20.516,20.7951,20.9221,21.0677
694,4:15:35 PM,19.8864,20.0141,19.9358,20.4307,20.4128,20.4863,20.698,20.8248,20.8924,20.8227,20.732,20.5652,20.4986,20.5109,20.53,20.8012,20.8596,20.8567,21.0326,21.0457,21.1561,20.8441,20.7665,20.619,20.5629,20.2224,20.2866,20.1125,20.1336,20.2233,20.7989,20.7569,20.9676,21.1325,21.1789,21.0118,20.656,20.632,20.6358,20.6538,20.7645,20.8985,21.2817,21.3605,21.3491,21.1363,21.2147,21.1215,20.6489,20.6498,20.2652,19.8494,19.863,19.8144,20.464,20.2553,20.445,20.9842,21.0146,21.0323,20.6159,20.5015,20.4453,21.0194,21.1354,20.9384,20.4544,20.273,20.4585,20.9766,20.8111,20.7895,20.846,20.6871,20.5868,19.8098,19.8194,19.8279,20.5461,20.6745,20.6756,19.9077,20.0752,19.925,20.8641,20.2113,20.4729,21.2843,21.3068,21.6329,19.9152,19.9059,19.9603,21.0221,21.8237,20.6247,20.3062,20.2547,20.2543,20.3935,20.1152,20.1059,20.4609,20.5978,20.8934,20.3568,20.4248,20.4312,21.5759,21.5559,20.9575,20.4201,20.5575,20.595,20.5945,20.2573,20.4237,20.7085,20.9638,21.0821
695,4:15:55 PM,19.9307,19.9601,20.0576,20.4272,20.4228,20.4847,20.7364,20.8333,20.8932,20.841,20.6875,20.5308,20.4144,20.4836,20.5197,20.8052,20.8959,20.7997,20.9935,21.0256,21.2442,20.8789,20.7316,20.5405,20.507,20.2557,20.3061,20.1032,20.1028,20.2121,20.7729,20.7278,20.9794,21.0178,21.2038,20.9988,20.7092,20.6545,20.6187,20.6089,20.7417,20.8993,21.2497,21.2943,21.3725,21.1682,21.1763,21.0353,20.6069,20.6713,20.3314,19.8681,19.8841,19.8118,20.5028,20.3062,20.4823,20.9755,21.0032,20.9593,20.6407,20.4913,20.4512,21.0598,21.0852,20.972,20.381,20.3208,20.5121,21.0635,20.6143,20.7725,20.8561,20.7576,20.6386,19.7985,19.8131,19.8952,20.4769,20.6175,20.6611,19.9126,20.1067,19.9392,20.735,20.2576,20.438,21.2394,21.1886,21.7553,19.7838,19.8098,19.8158,20.8766,21.8192,20.5962,20.1645,20.1535,20.2966,20.4126,20.1563,20.1155,20.5102,20.5836,20.8776,20.2712,20.4125,20.452,21.3015,21.6478,20.9971,20.4562,20.4765,20.5276,20.4808,20.1449,20.4111,20.6038,21.0074,21.191
696,4:16:15 PM,19.9222,19.9861,19.9617,20.3233,20.4731,20.5612,20.6922,20.809,20.9262,20.8008,20.7425,20.5667,20.4865,20.5291,20.5194,20.8409,20.8308,20.7762,20.983,21.0399,21.1365,20.849,20.7333,20.5645,20.5691,20.1719,20.2588,20.1679,20.1451,20.19,20.8137,20.7639,20.9797,21.0506,21.1756,21.0018,20.6348,20.6891,20.6595,20.5615,20.7509,20.8791,21.2793,21.2406,21.3316,21.0633,21.1675,21.0433,20.5641,20.6436,20.2856,19.9173,19.8652,19.7592,20.4931,20.362,20.5109,20.947,21.0228,21.0379,20.6221,20.5054,20.4781,21.0243,21.15,20.8791,20.4746,20.3532,20.4829,21.0092,20.5796,20.7834,20.8396,20.6807,20.5543,19.8168,19.7833,19.9229,20.4639,20.6574,20.6633,19.9724,20.0429,19.8596,20.7011,20.2957,20.3911,21.2315,21.2222,21.8958,19.7821,19.8617,19.7625,20.7812,21.7655,20.5509,20.0633,20.1283,20.2951,20.1958,20.115,20.1082,20.529,20.6879,20.9989,20.2158,20.3967,20.4798,21.5115,22.0405,21.0029,20.4629,20.5324,20.6036,20.509,20.2306,20.3977,20.6585,21.0305,21.1912
697,4:16:35 PM,19.9441,20.0,19.9811,20.4083,20.4156,20.5096,20.6891,20.7742,20.8882,20.8343,20.6794,20.6085,20.4287,20.4702,20.4263,20.8031,20.7786,20.8072,20.9393,21.0572,21.1868,20.7294,20.7264,20.5633,20.5845,20.2479,20.2944,20.0559,20.133,20.1459,20.8588,20.7341,21.001,20.9994,21.2141,20.9802,20.6677,20.5835,20.6396,20.5022,20.8117,20.8646,21.2013,21.2416,21.3779,21.1077,21.1732,21.0638,20.5936,20.6756,20.3583,19.8972,19.9315,19.8489,20.4978,20.3779,20.4769,21.0062,21.0955,21.0109,20.5818,20.4907,20.496,20.987,21.1251,20.8931,20.401,20.3182,20.5083,21.0849,20.5139,20.7891,20.8356,20.7721,20.6805,19.8428,19.8158,19.8916,20.4526,20.6254,20.6988,19.9862,20.0007,19.9423,20.6349,20.3614,20.4585,21.1522,21.1988,21.9381,19.7766,19.8047,19.6962,20.7685,21.7707,20.5211,20.0608,20.1449,20.2874,20.3891,20.159,20.1347,20.5571,20.5964,20.9213,20.192,20.3114,20.546,21.3965,22.0235,20.9902,20.5255,20.5235,20.6344,20.5681,20.2762,20.4423,20.7507,20.9537,21.1536
698,4:16:55 PM,19.9461,20.0405,19.9339,20.3651,20.4593,20.477,20.6813,20.7749,20.9125,20.8567,20.7059,20.5332,20.4181,20.4746,20.4715,20.8057,20.8232,20.7565,21.0049,21.134,21.1261,20.7424,20.7231,20.6531,20.6661,20.1922,20.2748,20.0701,20.1225,20.1569,20.8973,20.7209,21.0268,21.022,21.1835,20.9247,20.6839,20.6565,20.6242,20.5484,20.7815,20.829,21.1952,21.2774,21.3561,21.1193,21.1456,21.0312,20.594,20.6482,20.3022,19.9528,19.9003,19.7983,20.5302,20.3977,20.5101,20.9321,21.0587,21.0013,20.5463,20.5845,20.4506,20.9873,21.1579,20.9125,20.4798,20.2972,20.5069,21.0388,20.5253,20.7276,20.8227,20.8243,20.7604,19.8195,19.7809,19.9221,20.4569,20.6158,20.6847,19.9541,20.0106,19.9804,20.6209,20.4116,20.5196,21.1871,21.2628,21.951,19.8396,19.8221,19.6887,20.8383,21.7011,20.4348,20.0756,20.2051,20.2254,20.3266,20.1697,20.1872,20.4518,20.6596,21.1058,20.2406,20.3655,20.5153,21.6563,22.1614,21.0344,20.5814,20.48,20.6096,20.5238,20.2703,20.4193,20.8097,20.9371,21.0894
699,4:17:15 PM,20.042,19.9795,19.9844,20.3667,20.4389,20.4987,20.7227,20.7746,20.9274,20.8445,20.7311,20.595,20.442,20.4757,20.4941,20.7609,20.7652,20.7933,21.0774,21.1132,21.0757,20.684,20.7358,20.6608,20.6304,20.2283,20.3442,20.1144,20.1028,20.1476,20.8797,20.7808,21.0,21.0377,21.1818,20.9495,20.6417,20.6205,20.5708,20.5847,20.7588,20.848,21.1746,21.2237,21.3521,21.1386,21.1398,21.0799,20.6211,20.7159,20.3123,19.9133,19.9154,19.817,20.5606,20.3595,20.5443,20.9663,21.0438,21.0607,20.5037,20.5123,20.4716,21.0557,21.2188,20.8799,20.4744,20.3299,20.4987,21.0675,20.4526,20.774,20.8233,20.7489,20.7609,19.866,19.804,19.9455,20.4319,20.6595,20.7189,19.9686,20.1272,19.936,20.6686,20.4174,20.5083,21.2649,21.2894,22.0739,19.7847,19.8346,19.7232,20.8138,21.7067,20.4317,20.0317,20.1346,20.2203,20.4833,20.207,20.1875,20.5649,20.6582,21.0415,20.2242,20.4177,20.487,21.5575,22.144,21.0297,20.4875,20.5574,20.5407,20.5323,20.2593,20.431,20.8805,21.0663,21.1956
700,4:17:35 PM,20.0174,20.0867,19.9398,20.3766,20.426,20.4635,20.7433,20.7803,20.859,20.8812,20.747,20.6834,20.452,20.5117,20.4807,20.7791,20.7695,20.8018,21.032,21.1907,21.1372,20.5977,20.677,20.7331,20.6736,20.2335,20.3073,20.1108,20.217,20.2174,20.8838,20.7559,20.9103,21.0159,21.1503,20.9427,20.7175,20.6617,20.5798,20.8317,20.7946,20.9695,21.1822,21.2845,21.4026,21.1179,21.1438,21.029,20.5819,20.6772,20.3165,19.8857,19.9445,19.8159,20.5914,20.3704,20.466,20.9697,21.1132,21.0056,20.5409,20.547,20.5004,21.0977,21.233,20.8864,20.4908,20.3387,20.5171,21.056,20.507,20.7495,20.8335,20.7479,20.65,19.8977,19.7495,19.9557,20.4231,20.7385,20.6838,19.9679,20.319,19.955,20.5855,20.3758,20.5095,21.1941,21.2945,22.1924,19.846,19.8675,19.6239,20.7345,21.6558,20.4214,19.9502,20.1337,20.1867,20.3181,20.1918,20.1993,20.5552,20.7073,21.4993,20.2891,20.3857,20.4555,21.6469,22.32,21.026,20.4273,20.5211,20.5567,20.5295,20.2682,20.4918,20.7815,21.1009,21.2882
701,4:17:55 PM,20.0275,20.0378,19.9517,20.3896,20.3801,20.4569,20.7073,20.7721,20.8635,20.8338,20.7773,20.659,20.4304,20.5519,20.4707,20.752,20.833,20.7647,20.9867,21.2273,21.0561,20.5713,20.7047,20.6949,20.5824,20.1715,20.2192,20.1242,20.1643,20.1881,20.816,20.7457,20.9804,21.0764,21.228,20.8963,20.7139,20.7314,20.62,20.8414,20.8243,20.8892,21.1532,21.306,21.4714,21.1779,21.0924,21.0393,20.5897,20.7161,20.3166,19.8917,19.86,19.7764,20.5627,20.2742,20.5507,20.9296,21.0198,21.0041,20.5184,20.4795,20.5473,21.0829,21.2317,20.8864,20.4887,20.3264,20.4882,21.004,20.5886,20.7623,20.9055,20.7323,20.6534,19.8362,19.7968,19.8597,20.5183,20.7187,20.7069,19.9515,20.2399,19.8595,20.424,20.3308,20.5227,21.2295,21.2376,22.1985,19.818,19.882,19.7555,20.7129,21.5759,20.4387,19.9709,20.1298,19.9689,20.2564,20.2745,20.1785,20.5627,20.6531,21.4845,20.2136,20.3809,20.4286,21.4356,22.244,20.983,20.4196,20.4879,20.5923,20.4819,20.255,20.5119,20.8899,21.1291,21.3284
702,4:18:15 PM,20.032,20.0209,19.9216,20.3397,20.4065,20.461,20.6653,20.741,20.8017,20.7946,20.6821,20.6051,20.4997,20.5416,20.5006,20.7364,20.8032,20.768,21.0386,21.1809,21.0534,20.6302,20.7124,20.7488,20.5758,20.191,20.2172,20.1423,20.1838,20.1689,20.7967,20.7019,20.9101,21.0642,21.0947,20.9522,20.6578,20.7316,20.6288,20.8646,20.8856,20.8607,21.1661,21.2488,21.4524,21.0516,21.1778,21.0639,20.5415,20.7132,20.2744,19.9008,19.8772,19.8507,20.5489,20.2496,20.4978,20.9661,21.0447,20.9514,20.4323,20.5615,20.4335,21.0063,21.152,20.7664,20.3778,20.2938,20.4545,21.084,20.5692,20.7545,20.8899,20.7774,20.7743,19.8311,19.7581,19.8848,20.4665,20.6488,20.693,19.9277,20.1445,19.8564,20.3946,20.2807,20.4727,21.1646,21.2999,22.125,19.8601,19.82,19.8015,20.7304,21.5711,20.5471,20.012,20.0586,20.0495,20.0621,20.2379,20.1935,20.5959,20.6841,21.3328,20.1207,20.3745,20.4916,21.3765,22.2377,21.0073,20.472,20.4839,20.6152,20.5962,20.227,20.5051,20.8518,21.0588,21.4716
703,4:18:35 PM,19.966,20.0014,19.966,20.4206,20.3006,20.4667,20.5081,20.7595,20.7809,20.7937,20.731,20.6442,20.5411,20.6083,20.5254,20.7713,20.8096,20.7814,21.0562,21.2406,21.0418,20.6705,20.7173,20.7289,20.6538,20.1461,20.2251,20.0978,20.1716,20.1876,20.7214,20.6814,20.8375,21.0268,21.0983,20.8433,20.6416,20.7941,20.7177,20.8343,20.8322,20.8696,21.1837,21.2846,21.4629,21.1707,21.141,21.0952,20.554,20.6939,20.2209,19.852,19.8468,19.8558,20.5105,20.2395,20.5027,20.8747,21.028,20.9829,20.4313,20.5111,20.4614,21.045,21.1482,20.8212,20.4598,20.2861,20.4493,21.0438,20.5293,20.7433,20.8396,20.8313,20.7817,19.7831,19.7828,19.9005,20.4796,20.7316,20.6597,19.8799,20.1026,19.7916,20.4498,20.3004,20.4744,21.1963,21.2423,22.1468,19.8029,19.8789,19.8677,20.8593,21.5762,20.5326,20.1139,20.1629,20.028,20.1542,20.1637,20.1836,20.5394,20.5577,21.0653,20.0704,20.3569,20.4176,21.2923,22.1823,21.0075,20.5117,20.5528,20.6216,20.5631,20.2015,20.3704,20.7413,21.0799,21.3493
704,4:18:55 PM,19.9924,19.9505,19.9039,20.3938,20.3844,20.4406,20.5274,20.7734,20.7961,20.7045,20.7277,20.5934,20.5351,20.4869,20.5948,20.7455,20.8338,20.7417,21.0357,21.2716,20.9828,20.6934,20.7521,20.7559,20.564,20.1956,20.2453,20.0526,20.1968,20.1207,20.7051,20.6627,20.8196,21.0063,21.0688,20.9158,20.7151,20.7392,20.7976,20.805,20.8621,20.851,21.203,21.2671,21.4078,21.0994,21.1315,21.0993,20.4675,20.7166,20.316,19.8375,19.8779,19.7876,20.4735,20.2714,20.4605,20.9837,20.9915,21.0181,20.5767,20.4751,20.4197,21.0876,21.1508,20.815,20.464,20.3226,20.5359,21.1619,20.4826,20.648,20.7995,20.7323,20.6891,19.7767,19.8216,19.8537,20.495,20.6466,20.6478,19.9419,20.1942,19.8822,20.5438,20.3915,20.4815,21.1865,21.3415,21.877,19.8598,19.8017,19.795,20.8979,21.6135,20.5305,20.1745,20.1717,20.1584,20.3617,20.1966,20.1746,20.6242,20.6038,21.1002,20.1488,20.2806,20.4644,21.3998,22.1961,21.0058,20.5078,20.5104,20.6361,20.6747,20.1574,20.4746,20.7952,21.054,21.324
705,4:19:15 PM,19.9638,19.9252,19.9668,20.4643,20.4561,20.3975,20.6214,20.7458,20.7894,20.7521,20.6985,20.5819,20.4752,20.5037,20.5087,20.7862,20.8241,20.7778,21.056,21.312,21.0827,20.7758,20.7086,20.7139,20.5874,20.2072,20.3209,20.1285,20.1245,20.1763,20.867,20.7324,20.835,20.9502,21.1837,20.9611,20.6908,20.7106,20.7765,20.934,20.8827,20.8255,21.2042,21.3289,21.4454,21.1263,21.134,21.0856,20.4878,20.7574,20.3275,19.8961,19.8835,19.8234,20.5206,20.3213,20.4952,20.9574,21.0423,21.0222,20.4863,20.4771,20.4307,21.045,21.3177,20.9265,20.5223,20.3256,20.4864,21.1351,20.5484,20.7061,20.8418,20.7757,20.706,19.8648,19.8647,19.8979,20.4578,20.7218,20.5762,19.8483,20.1607,19.9332,20.6376,20.3686,20.4721,21.0745,21.3647,21.7999,19.8126,19.8965,19.8062,20.9245,21.6482,20.5091,20.2298,20.2435,20.2648,20.2928,20.2013,20.1673,20.5105,20.5681,21.2692,20.192,20.3365,20.4258,21.6651,22.2142,21.029,20.4919,20.4649,20.5998,20.7017,20.2014,20.4468,20.7204,20.9555,21.2121
706,4:19:35 PM,20.0186,19.9263,19.9282,20.4232,20.4016,20.4522,20.6131,20.7178,20.7395,20.6482,20.7075,20.6722,20.5008,20.4872,20.5741,20.691,20.8338,20.8146,21.0774,21.2824,21.0475,20.7848,20.6861,20.7,20.609,20.2692,20.3049,20.1233,20.2078,20.1825,20.9475,20.7489,20.8261,21.0078,21.118,20.9371,20.6978,20.7578,20.7726,20.9479,20.899,20.8649,21.1356,21.2778,21.4495,21.1608,21.1604,21.0721,20.5932,20.6999,20.3703,19.8879,19.8084,19.8419,20.4773,20.3774,20.5406,20.9671,21.0197,21.1146,20.5605,20.5711,20.4405,21.0983,21.347,20.9317,20.4317,20.3396,20.4928,21.1737,20.5263,20.7165,20.8302,20.7833,20.676,19.8557,19.8036,19.9426,20.457,20.6125,20.6546,19.8495,20.0729,19.8801,20.6101,20.3844,20.512,21.132,21.4016,21.8374,19.81,19.7296,19.7672,20.8061,21.6592,20.4917,20.1434,20.2817,20.1918,20.3188,20.1896,20.2214,20.5319,20.5542,21.2876,20.2913,20.3787,20.459,21.6614,22.3507,20.9908,20.462,20.5282,20.6602,20.6608,20.173,20.3317,20.7803,21.0282,21.1806
707,4:19:55 PM,20.0609,19.947,19.9047,20.4642,20.4668,20.4355,20.6708,20.6891,20.728,20.6656,20.6446,20.5814,20.5833,20.5707,20.646,20.7319,20.8127,20.8531,20.9883,21.2995,21.0017,20.7882,20.7132,20.638,20.6142,20.2667,20.3487,20.1793,20.2092,20.2018,20.8686,20.7517,20.8247,21.0723,21.1717,20.8639,20.6848,20.6467,20.767,20.9633,20.8475,20.8703,21.1249,21.2418,21.4265,21.1908,21.1665,21.0646,20.547,20.7096,20.3193,19.8855,19.8579,19.7767,20.5071,20.4978,20.4481,20.9055,21.0346,20.9899,20.602,20.4804,20.4696,21.0559,21.3772,20.8738,20.3323,20.2615,20.4291,21.0609,20.4251,20.7712,20.85,20.7895,20.7316,19.866,19.8315,19.901,20.486,20.6921,20.6689,19.8473,20.1305,19.9542,20.6871,20.3733,20.4759,21.1669,21.473,21.8675,19.771,19.8121,19.7701,20.7269,21.5743,20.5053,20.0538,20.115,20.099,20.0818,20.2174,20.1939,20.5809,20.4695,21.1569,20.3241,20.3723,20.4492,21.6716,22.4616,21.022,20.5103,20.6109,20.6459,20.5787,20.2172,20.3508,20.8435,20.8929,21.1468
708,4:20:15 PM,20.0556,20.0073,19.9693,20.3802,20.4347,20.5332,20.6132,20.6978,20.6783,20.5667,20.7289,20.6615,20.5066,20.4722,20.5805,20.769,20.8431,20.8636,20.9854,21.3035,20.946,20.7077,20.7125,20.5917,20.5415,20.2435,20.3245,20.1552,20.2582,20.2095,20.7612,20.6899,20.8634,21.0664,21.0707,20.9257,20.6764,20.7075,20.6357,20.9298,20.8328,20.8386,21.2057,21.2838,21.4268,21.0891,21.201,21.0983,20.5603,20.6773,20.3068,19.8646,19.9084,19.8324,20.4309,20.4907,20.4051,20.851,20.9608,20.9393,20.55,20.491,20.4916,21.0432,21.2592,20.8754,20.454,20.3197,20.5211,21.0883,20.4276,20.6861,20.8887,20.778,20.7213,19.9489,19.8915,19.9489,20.5598,20.6279,20.6433,19.8712,20.1979,20.0208,20.6275,20.2875,20.4915,21.1762,21.5496,22.0283,19.7901,19.7707,19.6491,20.6902,21.5866,20.4343,19.9834,20.1579,20.1544,20.1535,20.1867,20.122,20.5347,20.5294,21.1241,20.363,20.3589,20.4428,21.3622,22.449,21.0292,20.5671,20.5464,20.5764,20.5821,20.1489,20.3529,20.8588,21.0029,21.0651
709,4:20:35 PM,20.0708,20.0001,19.9811,20.3944,20.4136,20.524,20.7193,20.8354,20.7421,20.6344,20.6938,20.6282,20.3695,20.3365,20.511,20.7556,20.759,20.7909,20.9894,21.2572,20.9554,20.5694,20.6811,20.56,20.5016,20.2569,20.3043,20.1079,20.2525,20.2044,20.728,20.786,20.8711,21.0534,21.1568,20.9312,20.6983,20.6627,20.5838,20.7718,20.7521,20.8633,21.1991,21.2214,21.4611,21.0468,21.1707,21.0788,20.592,20.7026,20.4095,19.957,19.9059,19.8293,20.4642,20.4499,20.496,20.9278,21.0272,20.9409,20.6201,20.5017,20.4503,20.9921,21.3447,20.8994,20.4599,20.3139,20.4406,21.0555,20.4235,20.7061,20.8764,20.7071,20.7668,20.0626,19.9374,19.9422,20.5594,20.6755,20.6679,20.0066,20.2439,20.0471,20.5835,20.3251,20.3832,21.2241,21.6327,22.1253,19.7954,19.7958,19.7132,20.6199,21.4919,20.471,19.9525,20.046,20.0994,20.0122,20.2625,20.1995,20.6261,20.5669,20.9918,20.2519,20.4018,20.5469,21.346,22.3044,21.0003,20.6198,20.517,20.5943,20.6587,20.1349,20.4027,20.912,21.0582,21.1379
710,4:20:55 PM,20.0609,19.9745,19.9609,20.4304,20.4423,20.5003,20.7151,20.7507,20.8367,20.6837,20.6867,20.6762,20.4914,20.2952,20.3801,20.7306,20.8272,20.7536,20.9355,21.2406,20.928,20.5941,20.7084,20.5548,20.5011,20.2728,20.2994,20.1088,20.1436,20.1512,20.7592,20.7482,20.8487,21.0121,21.2307,20.9046,20.6689,20.5712,20.4834,20.6681,20.7523,20.8599,21.241,21.2974,21.3754,21.1228,21.1646,21.0915,20.5191,20.6814,20.3212,19.9503,19.8517,19.8058,20.4328,20.3605,20.504,20.9019,20.9729,21.0692,20.474,20.5233,20.4499,20.9009,21.4378,20.893,20.4638,20.2741,20.5219,20.9828,20.4246,20.6242,20.8004,20.7067,20.7392,19.965,19.9642,19.9015,20.5125,20.7321,20.5834,20.0108,20.2087,19.9887,20.6618,20.2717,20.4037,21.1284,21.5344,22.2259,19.7818,19.7414,19.7078,20.6927,21.3952,20.5378,20.0964,20.1276,20.1903,20.0575,20.221,20.1935,20.5762,20.6008,20.9802,20.2708,20.4279,20.5636,21.3021,22.3193,20.9737,20.5349,20.5734,20.5708,20.6891,20.1923,20.5127,20.8736,20.9745,21.111
711,4:21:15 PM,20.0875,19.9824,19.9392,20.3458,20.3738,20.5115,20.5979,20.7375,20.7554,20.6505,20.7336,20.6908,20.5,20.4301,20.4421,20.7037,20.7834,20.7671,20.9601,21.2942,20.9591,20.6168,20.6598,20.5377,20.4981,20.2672,20.3315,20.0399,20.0901,20.1909,20.7671,20.7223,20.8566,21.0024,21.1876,20.9158,20.7484,20.6089,20.5274,20.7293,20.7323,20.8417,21.2344,21.2676,21.3763,21.0607,21.0705,21.0427,20.5685,20.6738,20.4043,19.9216,19.9254,19.8441,20.4633,20.3244,20.477,20.9193,21.0614,20.994,20.4402,20.5277,20.4259,20.8687,21.3301,20.8487,20.4656,20.3039,20.4602,21.0061,20.5498,20.6891,20.8745,20.7329,20.6819,19.9588,19.8902,19.9311,20.52,20.7032,20.6682,20.0575,20.2073,19.9341,20.8378,20.3185,20.465,21.0942,21.487,22.1586,19.8437,19.7499,19.7143,20.7798,21.4372,20.5509,20.1081,20.1583,20.1477,20.2032,20.2137,20.2701,20.5389,20.5389,20.8701,20.2781,20.3774,20.4534,21.2053,22.2211,20.9523,20.4703,20.5109,20.6268,20.6656,20.3288,20.5099,20.9303,20.9502,21.175
712,4:21:35 PM,20.0923,20.0256,19.9026,20.2976,20.3674,20.4708,20.5444,20.6762,20.6753,20.6157,20.6434,20.6597,20.5169,20.4781,20.5414,20.6924,20.8148,20.784,20.9669,21.3042,20.9674,20.7107,20.6761,20.5538,20.5247,20.205,20.2537,20.1477,20.1169,20.2637,20.7665,20.6316,20.8178,20.9126,21.1938,20.9175,20.6743,20.6831,20.7046,20.8588,20.8156,20.7109,21.1696,21.258,21.4404,21.0532,21.074,21.0475,20.5246,20.7006,20.284,19.9407,19.8944,19.8175,20.4523,20.3527,20.5056,20.909,20.9905,21.0269,20.5231,20.5038,20.4697,20.9471,21.309,20.8962,20.4671,20.2972,20.5049,21.0299,20.5552,20.733,20.8899,20.6946,20.6764,19.8691,19.8367,19.9639,20.5466,20.7432,20.6089,20.0722,20.2137,19.8764,21.0597,20.2946,20.4557,21.0879,21.3389,22.1396,19.808,19.7648,19.6438,20.8274,21.4092,20.5215,20.1608,20.1371,20.2039,20.3731,20.2295,20.2352,20.5642,20.5654,20.9424,20.2697,20.4035,20.503,21.105,22.3379,21.0056,20.4007,20.5273,20.556,20.5596,20.309,20.5106,20.7891,20.945,21.1397
713,4:21:55 PM,20.0474,20.047,19.899,20.3352,20.4643,20.4431,20.4579,20.6599,20.6503,20.6147,20.6857,20.6785,20.4573,20.5906,20.6883,20.7292,20.8552,20.8632,20.9672,21.381,20.9524,20.7093,20.6608,20.6495,20.5193,20.1986,20.2946,20.1009,20.0756,20.1845,20.752,20.6334,20.7543,20.9592,21.1747,20.8953,20.7017,20.8123,20.7987,20.9636,20.831,20.7903,21.2294,21.2785,21.4833,21.0595,21.0587,21.0664,20.5584,20.7192,20.3427,19.8336,19.8242,19.8144,20.504,20.2617,20.5359,20.9186,21.005,21.0608,20.5074,20.4269,20.4279,21.0288,21.285,20.864,20.3869,20.31,20.5188,21.1023,20.6818,20.7012,20.8731,20.7403,20.7213,19.7912,19.8199,19.9463,20.4972,20.6542,20.6063,20.0444,20.1912,19.9371,21.1614,20.2229,20.4416,21.0205,21.3143,22.1418,19.7236,19.7443,19.7313,20.922,21.4539,20.5563,20.1654,20.2361,20.1693,20.5,20.1966,20.1746,20.5461,20.5206,20.8558,20.1871,20.3565,20.5457,21.1235,22.2222,20.872,20.465,20.5044,20.5772,20.4793,20.1324,20.4276,20.7298,20.9669,21.1055
714,4:22:15 PM,19.9412,19.9516,19.8684,20.3136,20.3982,20.4367,20.5477,20.6388,20.6678,20.5634,20.6378,20.5863,20.4623,20.6091,20.7796,20.7427,20.7516,20.7772,21.0354,21.3768,20.9282,20.677,20.6844,20.7385,20.5469,20.1902,20.2517,20.1451,20.1732,20.2223,20.7715,20.6786,20.7978,20.9709,21.2485,20.8836,20.6651,20.7404,20.8147,20.9365,20.8204,20.7799,21.1905,21.3667,21.4491,21.0257,21.1302,21.065,20.5773,20.7104,20.3224,19.8257,19.9081,19.8454,20.4896,20.2869,20.5569,20.8809,21.0288,21.1461,20.5685,20.4506,20.4653,21.0508,21.2887,20.8661,20.3804,20.3796,20.4609,21.1103,20.574,20.7414,20.9142,20.7305,20.7181,19.8157,19.799,19.9422,20.4956,20.6452,20.596,19.943,20.2506,19.8821,21.1144,20.2008,20.3703,21.0378,21.2839,22.208,19.7242,19.7727,19.6777,20.8324,21.4634,20.4868,20.1872,20.2492,20.2287,20.3359,20.1658,20.2248,20.5113,20.4764,20.8287,20.2267,20.282,20.4503,21.0008,22.2124,20.8981,20.3112,20.4892,20.5167,20.397,20.1837,20.3592,20.6378,21.0112,21.1102
715,4:22:35 PM,19.979,19.8921,19.9821,20.4061,20.4666,20.4435,20.5604,20.7152,20.6778,20.559,20.615,20.5239,20.4563,20.6089,20.6714,20.7742,20.7754,20.8578,20.9581,21.421,20.9967,20.7918,20.6638,20.7994,20.5494,20.1812,20.3088,20.1381,20.2297,20.227,20.7519,20.659,20.6879,21.0034,21.2641,20.9089,20.694,20.6733,20.7138,20.8995,20.8051,20.7979,21.1626,21.3319,21.4712,21.0704,21.117,21.0591,20.6198,20.7291,20.3844,19.8549,19.9109,19.8784,20.5017,20.3687,20.5346,20.9542,21.0613,21.2145,20.5855,20.4623,20.4378,20.9991,21.2644,20.8623,20.3855,20.3088,20.4606,21.1695,20.639,20.6837,20.8619,20.7437,20.7959,19.8715,19.8259,19.9208,20.4954,20.6699,20.5707,19.9941,20.203,19.9852,20.9798,20.2682,20.3942,21.1487,21.49,22.1937,19.7868,19.7348,19.7418,20.8041,21.5204,20.452,20.0548,20.1265,20.1543,20.1506,20.2171,20.1973,20.551,20.4698,20.8699,20.3159,20.3803,20.4806,21.1772,22.09,20.9734,20.3138,20.5066,20.5544,20.3699,20.1205,20.43,20.6744,20.9165,21.177
716,4:22:55 PM,19.9682,20.0188,19.9714,20.4289,20.4421,20.4355,20.6381,20.6933,20.6131,20.5291,20.6029,20.5516,20.4064,20.6051,20.7325,20.7031,20.8122,20.7925,20.9899,21.4039,20.9876,20.7229,20.6403,20.725,20.5403,20.1839,20.2649,20.1603,20.3508,20.2375,20.773,20.6888,20.7862,21.0818,21.222,20.9187,20.7042,20.6989,20.8924,21.0153,20.8089,20.8182,21.1608,21.3026,21.4912,21.1011,21.1407,21.0944,20.6278,20.6359,20.3345,19.9138,19.9202,19.8478,20.4557,20.3705,20.4786,20.9284,21.0391,21.0066,20.5517,20.5051,20.4555,21.0302,21.3562,20.8441,20.5097,20.294,20.5354,21.089,20.4793,20.6843,20.8739,20.8201,20.6879,19.8686,19.7877,19.9394,20.4716,20.6688,20.656,19.9479,20.0377,19.9302,20.7408,20.2678,20.388,21.0951,21.5078,22.3555,19.7506,19.7881,19.7146,20.6754,21.53,20.3995,19.8736,20.1214,20.1309,20.0487,20.2001,20.1888,20.5396,20.5452,21.0956,20.3642,20.3483,20.4468,21.2491,22.361,20.8702,20.3057,20.507,20.5664,20.5112,20.1971,20.4281,20.7276,20.9372,21.2462
717,4:23:15 PM,19.9757,19.9761,20.0812,20.5506,20.4211,20.491,20.6143,20.7089,20.5805,20.5054,20.6238,20.5942,20.377,20.5106,20.753,20.688,20.7752,20.7403,20.9259,21.4146,20.9606,20.6288,20.623,20.629,20.5579,20.2411,20.3081,20.2959,20.3002,20.2945,20.7298,20.688,20.7619,21.0841,21.2937,20.896,20.625,20.6522,20.7932,20.9853,20.8002,20.8484,21.0712,21.2925,21.467,21.1316,21.1119,21.0572,20.5443,20.6439,20.3686,19.8912,19.865,19.8631,20.5123,20.3431,20.4884,20.9335,21.1379,21.0245,20.5746,20.4846,20.4828,21.0392,21.3023,20.8433,20.3953,20.3269,20.5616,20.9885,20.4859,20.6339,20.7945,20.7982,20.7619,19.8472,19.8196,19.8851,20.4045,20.6934,20.607,19.9155,19.8706,19.8789,20.6896,20.2689,20.3874,21.0697,21.4046,22.1174,19.7329,19.7354,19.6331,20.6522,21.4756,20.3354,19.8181,20.0074,20.0483,20.0293,20.1885,20.1825,20.5922,20.5669,21.226,20.3344,20.3413,20.4634,21.2543,22.5068,20.9542,20.3946,20.5053,20.5562,20.4897,20.2191,20.3666,20.7934,20.9081,21.2466
718,4:23:35 PM,19.8933,20.0448,20.0973,20.4255,20.4505,20.497,20.694,20.6508,20.5807,20.4748,20.6626,20.5633,20.3784,20.5077,20.7326,20.7093,20.8113,20.7633,20.9648,21.2913,20.8606,20.6082,20.6687,20.4567,20.5488,20.2215,20.3391,20.1791,20.1928,20.2642,20.712,20.7103,20.7583,21.0973,21.2438,20.917,20.6639,20.6407,20.762,20.8966,20.8218,20.8439,21.1691,21.287,21.5006,21.0667,21.0923,21.1208,20.5681,20.6836,20.3339,19.8589,19.865,19.828,20.5311,20.3381,20.5575,20.9024,21.0418,20.8262,20.5522,20.4584,20.4536,20.9644,21.2661,20.8193,20.4141,20.3324,20.5613,20.9914,20.3253,20.5236,20.7669,20.769,20.7538,19.7776,19.8054,19.8407,20.3317,20.6532,20.6534,19.8703,19.7951,19.8843,20.5295,20.2182,20.4035,21.093,21.2065,22.0131,19.7631,19.7393,19.5977,20.621,21.4801,20.3725,19.8608,19.9678,20.0251,20.078,20.1917,20.1752,20.5591,20.5491,21.0738,20.3871,20.3348,20.4302,21.1377,22.5589,21.0387,20.5772,20.5582,20.598,20.4127,20.3049,20.3897,20.7797,21.1128,21.288
719,4:23:55 PM,19.9028,19.9886,20.019,20.5087,20.4642,20.4626,20.6378,20.7218,20.726,20.4655,20.6521,20.6056,20.3161,20.4618,20.6667,20.687,20.804,20.7676,20.9352,21.3056,20.8979,20.5489,20.5987,20.5362,20.4918,20.2325,20.2709,20.1893,20.1559,20.2775,20.7278,20.6669,20.7421,21.0307,21.2229,20.8613,20.6624,20.6093,20.661,20.731,20.7886,20.8601,21.1823,21.3084,21.4841,21.0417,21.1422,21.0152,20.5482,20.7227,20.3106,19.7958,19.8249,19.8436,20.4843,20.3294,20.56,20.9074,21.0878,20.8693,20.5212,20.4576,20.4236,20.9265,21.2612,20.8043,20.3194,20.2299,20.469,20.939,20.3826,20.5307,20.7885,20.7604,20.8583,19.7728,19.7563,19.8848,20.3424,20.7077,20.614,19.8803,19.9588,19.865,20.4127,20.3259,20.4315,21.0861,21.187,21.9588,19.7575,19.8123,19.6328,20.725,21.54,20.3436,19.919,19.9615,20.0985,20.1177,20.1611,20.2243,20.4741,20.5425,21.0736,20.2206,20.3115,20.3888,21.0988,22.5214,21.0281,20.4876,20.5389,20.5335,20.4465,20.35,20.3292,20.8052,21.1046,21.2189
720,4:24:15 PM,20.0171,20.0158,19.9925,20.4856,20.4996,20.4979,20.6344,20.6605,20.6918,20.5386,20.6756,20.6167,20.3906,20.5011,20.561,20.6802,20.7859,20.7761,20.9805,21.2935,20.8635,20.5787,20.6404,20.5227,20.5919,20.2508,20.2442,20.057,20.119,20.246,20.8038,20.6501,20.7832,21.0095,21.201,20.8508,20.6774,20.6616,20.6314,20.8241,20.8032,20.8243,21.1952,21.2681,21.4903,21.0689,21.1493,21.0648,20.5926,20.714,20.314,19.7837,19.8621,19.8609,20.5169,20.4273,20.4745,20.9124,21.1346,20.8697,20.4545,20.4515,20.3881,20.9745,21.2862,20.8324,20.3764,20.2507,20.5055,20.9949,20.421,20.5203,20.8151,20.8243,20.9649,19.7577,19.7938,19.9097,20.3306,20.7033,20.5942,19.8605,20.041,19.8074,20.4243,20.3254,20.4747,21.0493,21.2062,22.2032,19.8248,19.7303,19.7418,20.6769,21.4288,20.3146,19.899,20.1036,20.0465,20.2137,20.1655,20.2628,20.5404,20.5102,21.2228,20.2197,20.317,20.3721,21.1703,22.3322,21.0114,20.4667,20.5309,20.5211,20.619,20.2587,20.3812,20.7352,21.0471,21.1016
721,4:24:35 PM,20.0277,19.9839,20.0098,20.4082,20.4037,20.4816,20.6351,20.7262,20.6642,20.6343,20.6463,20.6273,20.4328,20.4632,20.6072,20.6535,20.7583,20.7381,21.0321,21.2895,20.8716,20.6214,20.5472,20.7139,20.5844,20.2323,20.3144,20.1787,20.0504,20.2534,20.8823,20.6753,20.8047,21.0247,21.2728,20.8102,20.609,20.7047,20.6814,20.9001,20.7798,20.8171,21.0709,21.3263,21.4629,21.014,21.1094,21.0356,20.5998,20.7339,20.3241,19.8815,19.8625,19.8785,20.5023,20.4444,20.5602,20.8679,21.0775,20.8438,20.4218,20.4477,20.4256,21.0044,21.302,20.8643,20.353,20.2486,20.4421,20.8974,20.4684,20.6643,20.8464,20.788,20.9259,19.844,19.8169,19.8915,20.3967,20.6806,20.6667,19.9056,20.1584,19.8353,20.4359,20.2728,20.4203,20.9808,21.1891,22.2541,19.7642,19.7697,19.8247,20.6248,21.4787,20.331,19.916,20.0744,20.018,20.3015,20.133,20.1821,20.5037,20.551,21.3278,20.2763,20.3688,20.3464,21.2438,22.3328,21.0918,20.4939,20.5534,20.5015,20.6885,20.1852,20.3463,20.5482,21.0032,21.0809
722,4:24:55 PM,20.1193,20.0356,20.0213,20.366,20.4457,20.4518,20.6273,20.694,20.7198,20.6676,20.6634,20.6188,20.4601,20.5503,20.6402,20.6671,20.703,20.7302,21.0092,21.3054,20.9276,20.6594,20.6377,20.5918,20.6181,20.1962,20.2875,20.114,20.0592,20.18,20.9187,20.6114,20.8329,20.9205,21.2794,20.8833,20.6626,20.6864,20.7808,20.8967,20.8031,20.8294,21.1515,21.3323,21.4545,21.0168,21.0324,21.0049,20.5389,20.7445,20.3278,19.8252,19.8564,19.8528,20.4823,20.3801,20.4427,20.8365,21.0047,20.8931,20.3646,20.4064,20.3821,21.0524,21.2653,20.7963,20.3523,20.2693,20.4976,20.9395,20.409,20.6206,20.7176,20.8351,20.8134,19.8764,19.8073,19.8635,20.4282,20.5653,20.5835,19.9421,20.1198,19.9353,20.3399,20.281,20.4236,21.0424,21.1864,22.2387,19.7224,19.74,19.653,20.5906,21.4048,20.2808,19.914,20.0493,19.9386,20.3068,20.2342,20.1638,20.5588,20.5245,21.1626,20.3056,20.3445,20.4006,21.1376,21.9977,20.9663,20.3972,20.4077,20.474,20.7788,20.1466,20.3567,20.525,20.893,21.086
723,4:25:15 PM,20.117,20.0647,20.0486,20.3741,20.4449,20.4029,20.6122,20.6647,20.7084,20.7321,20.717,20.6489,20.5808,20.5818,20.6549,20.6415,20.7263,20.7569,21.0117,21.2776,20.9367,20.6078,20.5557,20.613,20.566,20.2755,20.2671,20.0996,20.0905,20.1522,20.9281,20.5812,20.7974,20.941,21.2321,20.9458,20.6534,20.6659,20.7611,20.78,20.7897,20.7949,21.1284,21.3114,21.4733,21.0573,21.033,21.0881,20.5934,20.675,20.3116,19.8589,19.9151,19.8712,20.4571,20.3394,20.5513,20.931,20.9654,20.8671,20.4307,20.357,20.3941,20.9687,21.3126,20.7916,20.4136,20.2938,20.4599,20.9541,20.3962,20.5943,20.7347,20.8674,20.7957,19.8904,19.8203,19.8834,20.4586,20.5902,20.6385,19.8504,20.1654,19.9292,20.4043,20.267,20.446,21.0464,21.1595,22.2048,19.7439,19.7416,19.7051,20.7315,21.3693,20.3424,19.9023,19.9943,19.9538,20.3696,20.196,20.1959,20.5846,20.561,21.0867,20.2658,20.3626,20.3877,21.2081,21.8505,20.9396,20.4515,20.4665,20.382,20.7936,20.1213,20.33,20.5675,20.9772,21.1632
724,4:25:35 PM,20.0275,19.9918,20.0074,20.3248,20.3902,20.4939,20.5357,20.5161,20.6282,20.6938,20.6726,20.7236,20.5527,20.6158,20.5505,20.7131,20.7348,20.7481,20.9628,21.2874,20.9006,20.6046,20.6641,20.6084,20.6202,20.2618,20.3169,20.1062,20.0986,20.1463,20.7368,20.5713,20.8031,20.9214,21.2024,20.969,20.6723,20.7443,20.7459,20.7421,20.797,20.8325,21.1398,21.2858,21.4535,21.0704,21.0722,21.0387,20.5151,20.6671,20.2941,19.852,19.9108,19.8078,20.5219,20.319,20.4923,20.8474,20.9715,20.9319,20.3866,20.4233,20.4425,21.0378,21.3224,20.765,20.4309,20.2971,20.4923,20.983,20.3757,20.5237,20.7119,20.8297,20.7759,19.8472,19.8787,19.8782,20.3831,20.64,20.5673,19.922,20.0824,19.9208,20.5898,20.3636,20.4644,21.1371,21.3232,22.2526,19.7133,19.7134,19.6333,20.6597,21.2987,20.3977,19.9263,19.9096,20.08,20.1034,20.2257,20.2084,20.5224,20.5369,20.9831,20.3201,20.3766,20.3968,21.2134,21.5512,20.8991,20.4833,20.4582,20.43,20.8121,20.1759,20.3445,20.7586,21.0071,21.133
725,4:25:55 PM,20.0742,20.016,19.9192,20.3594,20.3508,20.3381,20.4519,20.4712,20.5554,20.5215,20.7753,20.7173,20.5763,20.5972,20.5954,20.7002,20.8002,20.749,21.0029,21.3249,20.908,20.5073,20.6037,20.5027,20.5632,20.2168,20.3354,20.1599,20.1283,20.156,20.6897,20.6059,20.7244,20.9213,21.1884,20.8912,20.6716,20.7285,20.8183,20.9254,20.7643,20.76,21.1616,21.2292,21.4438,21.0236,21.0616,21.0114,20.5671,20.7527,20.2947,19.8207,19.8862,19.8629,20.4355,20.3062,20.4487,20.8907,21.0256,20.9932,20.4505,20.4144,20.4654,21.0242,21.4012,20.799,20.4547,20.2734,20.4495,20.9383,20.4302,20.6281,20.8387,20.7551,20.7676,19.849,19.8625,19.8492,20.4724,20.6203,20.6148,19.9131,20.1721,19.9321,20.6148,20.2477,20.427,21.2028,21.3383,22.196,19.8392,19.7855,19.7128,20.7252,21.2773,20.424,19.973,19.9591,20.205,20.1443,20.2118,20.2078,20.5479,20.6114,20.9401,20.3474,20.332,20.3645,21.342,21.762,20.9785,20.4505,20.488,20.4803,20.7463,20.1008,20.4316,20.6999,20.9666,21.1561
726,4:26:15 PM,19.991,19.9916,19.9775,20.3503,20.3358,20.3964,20.4744,20.4474,20.4493,20.4558,20.6901,20.6799,20.4833,20.5055,20.8053,20.6835,20.7778,20.6764,20.9595,21.285,20.9507,20.6053,20.6482,20.495,20.5878,20.2649,20.2819,20.1091,20.2011,20.192,20.5853,20.5745,20.6967,20.9939,21.1462,20.9744,20.7325,20.7938,20.8973,21.0974,20.7664,20.8766,21.1311,21.2889,21.4188,21.0095,21.1118,21.009,20.5965,20.7216,20.3896,19.8535,19.9133,19.8928,20.4482,20.3163,20.4973,20.9204,20.9865,21.086,20.4401,20.4031,20.4532,21.0107,21.3861,20.8809,20.4378,20.328,20.4932,20.9859,20.4954,20.6295,20.8407,20.7028,20.8497,19.8499,19.8094,19.9134,20.4779,20.6355,20.5629,19.9137,20.0784,19.8959,20.7636,20.2083,20.4311,21.147,21.2859,22.1192,19.7911,19.755,19.6195,20.7274,21.2466,20.4787,19.9722,19.9786,20.2612,20.1228,20.2259,20.2094,20.5262,20.6259,20.9964,20.2948,20.3979,20.3086,21.2957,21.9128,20.8992,20.4294,20.4952,20.4961,20.7039,20.2068,20.3992,20.7622,20.9169,21.0891
727,4:26:35 PM,19.933,20.0121,19.9251,20.3424,20.4525,20.4509,20.5744,20.5261,20.4936,20.3737,20.7004,20.6461,20.4788,20.4927,20.8362,20.6892,20.7187,20.711,20.9499,21.4052,21.0423,20.6824,20.7016,20.4675,20.5282,20.1713,20.3185,20.1044,20.1474,20.215,20.5493,20.6407,20.6345,20.9641,21.1471,20.9426,20.716,20.743,20.827,21.1468,20.6684,20.7984,21.1917,21.3282,21.4231,21.0942,21.1561,21.1133,20.6307,20.7182,20.3155,19.8541,19.9213,19.8161,20.456,20.2386,20.4526,20.9194,21.0582,21.1393,20.5294,20.4196,20.3791,20.9834,21.4456,20.8503,20.4551,20.2685,20.4234,21.0541,20.6465,20.698,20.8592,20.757,20.8735,19.8631,19.7667,19.9226,20.4863,20.6514,20.6139,19.8565,20.0804,19.8706,20.6457,20.1779,20.4011,21.0396,21.2254,21.9899,19.8297,19.8141,19.7773,20.6735,21.2179,20.4405,19.9968,20.1263,20.3431,20.0984,20.1831,20.1853,20.5408,20.5565,21.0058,20.2501,20.3838,20.3786,21.2711,22.2202,20.932,20.4215,20.5638,20.5023,20.6591,20.2501,20.3913,20.6647,20.887,21.1357
728,4:26:55 PM,19.8404,19.983,19.9337,20.4216,20.506,20.5622,20.6171,20.5555,20.5283,20.4709,20.6852,20.5789,20.4114,20.4441,20.8023,20.6418,20.776,20.7197,20.928,21.3109,20.9794,20.7791,20.6576,20.5644,20.5524,20.1086,20.2193,20.0633,20.1199,20.2294,20.6029,20.6711,20.7122,21.0418,21.1015,20.9298,20.6591,20.6601,20.7361,20.9966,20.6864,20.7471,21.0853,21.3096,21.4121,21.0541,21.1518,21.0472,20.6156,20.7496,20.339,19.8506,19.8707,19.7884,20.4419,20.1722,20.437,20.8639,20.9795,21.0237,20.5244,20.3992,20.4297,20.9129,21.3993,20.9427,20.4296,20.2042,20.4537,21.0338,20.6399,20.7255,20.8308,20.6707,20.7982,19.8069,19.7938,19.8816,20.4773,20.5939,20.637,19.8856,20.064,19.9105,20.8524,20.2346,20.3776,20.9357,21.0626,21.8553,19.7814,19.7428,19.7477,20.8243,21.3064,20.3357,20.0379,20.0291,20.1739,20.1073,20.1896,20.1974,20.5387,20.7272,21.3105,20.1964,20.3853,20.4324,21.5884,22.3883,20.9608,20.4331,20.5787,20.5186,20.6438,20.2312,20.497,20.6749,20.8831,21.0465
729,4:27:15 PM,19.8983,19.9261,19.8677,20.3511,20.4433,20.5155,20.594,20.6343,20.6344,20.5656,20.7078,20.6288,20.4053,20.4436,20.7001,20.6855,20.7514,20.7844,20.9451,21.3082,20.9686,20.7392,20.7016,20.5357,20.5926,20.1726,20.2689,20.0658,20.0117,20.1394,20.6446,20.6479,20.8066,20.9713,21.1644,20.9434,20.6394,20.5975,20.6803,20.8417,20.7685,20.8034,21.1619,21.2649,21.385,21.0206,21.1058,21.0522,20.6207,20.7732,20.281,19.8312,19.8467,19.7103,20.4556,20.2116,20.4464,20.891,20.9553,20.966,20.5116,20.5048,20.4103,20.9305,21.4346,20.8897,20.4269,20.2876,20.421,21.0895,20.5896,20.6889,20.8593,20.8101,20.8133,19.8555,19.7719,19.8928,20.4476,20.6399,20.5749,19.9125,20.0319,19.8723,20.8812,20.1968,20.3975,20.9702,21.0187,21.5968,19.8415,19.7727,19.8107,20.8735,21.3812,20.4702,20.1074,20.0547,20.1265,20.1638,20.1651,20.143,20.5378,20.6305,21.3078,20.2009,20.4074,20.3695,21.4721,22.4144,20.8955,20.4548,20.5462,20.533,20.5302,20.1892,20.3842,20.7535,20.8658,21.1629
730,4:27:35 PM,19.8726,19.8956,19.8882,20.3138,20.4792,20.5304,20.5885,20.6704,20.7268,20.5677,20.6565,20.5613,20.3969,20.493,20.6599,20.6926,20.7274,20.834,21.0272,21.3157,21.0506,20.7625,20.6665,20.6535,20.641,20.1275,20.2168,20.0732,19.9489,20.1595,20.8113,20.6054,20.8355,20.9931,21.188,20.8544,20.6799,20.6374,20.7102,20.8418,20.7083,20.7094,21.1708,21.2917,21.4809,21.0735,21.0883,21.0568,20.6017,20.7978,20.2649,19.7759,19.8488,19.7836,20.4692,20.1879,20.439,20.9429,20.9091,20.9398,20.4979,20.4321,20.4136,20.943,21.3372,20.8518,20.4029,20.2707,20.4157,21.147,20.493,20.7237,20.8403,20.7535,20.85,19.8138,19.7326,19.816,20.4392,20.6417,20.6038,19.8953,19.9561,19.8509,20.882,20.1871,20.3774,20.9226,21.1051,21.731,19.768,19.7684,19.6901,20.8713,21.4934,20.4785,20.112,20.1665,20.0897,20.3457,20.1568,20.1339,20.537,20.6378,21.3281,20.2152,20.3163,20.4066,21.5299,22.3061,20.8455,20.394,20.5371,20.4892,20.5518,20.1473,20.3498,20.6873,20.8893,21.1478
731,4:27:55 PM,19.894,19.937,19.8802,20.3017,20.4582,20.4802,20.6071,20.7701,20.7309,20.6513,20.6032,20.5755,20.4163,20.5362,20.6424,20.7495,20.7945,20.9185,21.0522,21.2907,21.0526,20.7307,20.6367,20.708,20.641,20.1269,20.201,19.9877,20.0725,20.2125,20.7924,20.5807,20.821,20.9468,21.2391,20.9158,20.6625,20.7109,20.7316,20.8336,20.8412,20.7416,21.2114,21.3066,21.4931,21.1253,21.0644,21.076,20.6006,20.7891,20.2171,19.7269,19.8919,19.7865,20.4331,20.2066,20.4281,20.9044,20.9206,20.9793,20.4695,20.4536,20.4115,20.9784,21.4509,20.8416,20.4155,20.275,20.4803,21.2358,20.5512,20.6875,20.8578,20.7465,20.8635,19.8077,19.7704,19.8852,20.4135,20.6072,20.5981,19.8714,19.8785,19.852,20.8179,20.2283,20.3854,21.0003,21.1002,21.822,19.765,19.8037,19.69,20.7953,21.5361,20.4538,20.0619,20.0875,20.0617,20.2662,20.2069,20.1403,20.5595,20.5687,21.1523,20.145,20.3903,20.442,21.2997,22.1565,20.8968,20.49,20.5248,20.4773,20.3667,20.2317,20.3241,20.5778,20.9544,21.1149
732,4:28:15 PM,19.9211,19.953,19.8856,20.3088,20.473,20.5242,20.6985,20.7586,20.7176,20.6852,20.6597,20.533,20.4305,20.5838,20.7111,20.7474,20.8455,20.8643,20.9755,21.3003,21.0378,20.7145,20.6664,20.6063,20.6931,20.1224,20.218,20.087,20.1025,20.1866,20.7749,20.6495,20.8541,21.0339,21.189,20.923,20.6971,20.7294,20.8308,21.0096,20.8115,20.8361,21.1771,21.3447,21.516,21.1301,21.0934,21.0882,20.6445,20.7469,20.2472,19.7898,19.8765,19.8245,20.4883,20.2925,20.4675,20.9036,20.9541,21.0338,20.4393,20.4097,20.4561,21.0388,21.403,20.834,20.4448,20.3062,20.4921,21.1785,20.5485,20.6974,20.8953,20.8322,20.7714,19.768,19.7684,19.8356,20.4272,20.6238,20.5888,19.8933,20.0044,19.7921,20.6792,20.3207,20.2954,20.9541,21.1689,21.8636,19.7397,19.7866,19.7843,20.7981,21.5778,20.4979,20.0462,20.0814,20.0772,20.3904,20.1627,20.1171,20.5088,20.5789,20.994,20.188,20.3403,20.4232,21.3251,21.9941,20.9269,20.5458,20.544,20.536,20.5214,20.1431,20.3633,20.6126,20.9938,21.0981
733,4:28:35 PM,19.91,19.9979,19.9764,20.3557,20.4967,20.4741,20.7716,20.7362,20.7121,20.6395,20.6658,20.5847,20.4289,20.5626,20.7093,20.7231,20.82,20.8623,21.0137,21.276,20.9736,20.7811,20.6146,20.6595,20.6848,20.1652,20.2909,20.1775,20.2266,20.2262,20.6386,20.6998,20.8367,21.0524,21.2661,20.8913,20.6909,20.7149,20.8291,20.8767,20.8297,20.847,21.2977,21.2907,21.4149,21.0507,21.1047,21.0819,20.6008,20.797,20.2935,19.803,19.8858,19.8395,20.4915,20.2746,20.5324,20.8957,20.9972,21.0553,20.4722,20.4518,20.3907,21.0554,21.5583,20.8974,20.4278,20.2778,20.4206,21.0765,20.5087,20.6859,20.8907,20.797,20.8355,19.8428,19.7392,19.9572,20.4737,20.7141,20.6229,19.9425,20.1087,19.8724,20.6241,20.318,20.4305,21.0338,21.2175,21.7945,19.7924,19.787,19.8659,20.6815,21.5407,20.4321,19.9881,20.1293,20.0945,20.2834,20.1536,20.1806,20.4679,20.5919,21.002,20.1128,20.3598,20.4505,21.1898,21.8505,20.963,20.5154,20.6613,20.6581,20.609,20.176,20.3873,20.6814,20.9449,21.0685
734,4:28:55 PM,19.9373,19.9798,20.0135,20.4341,20.474,20.5296,20.7651,20.6564,20.7168,20.675,20.6455,20.5836,20.4507,20.5247,20.6034,20.7515,20.8955,20.8328,21.0376,21.1839,21.0555,20.758,20.6874,20.6401,20.6287,20.2538,20.3124,20.1631,20.1747,20.2392,20.6132,20.7407,20.8435,21.0568,21.2148,20.8953,20.6653,20.696,20.6757,20.7859,20.7943,20.7984,21.2436,21.2489,21.4797,21.0467,21.1016,21.0317,20.5996,20.7563,20.3258,19.8502,19.9062,19.8655,20.4246,20.3708,20.4905,20.93,21.0685,21.0911,20.5153,20.4163,20.4025,21.0828,21.6354,20.9447,20.3994,20.2702,20.4816,21.0238,20.4221,20.6622,20.9019,20.7749,20.8888,19.8343,19.8371,19.8653,20.4508,20.6618,20.612,19.9737,20.1204,19.8669,20.5164,20.2403,20.5158,21.179,21.3389,21.7428,19.7879,19.8145,19.8175,20.7743,21.4967,20.4407,19.9821,20.077,20.0252,20.3521,20.1487,20.1807,20.5045,20.5773,20.9388,20.2491,20.3797,20.4414,21.2656,22.0159,20.9756,20.567,20.5484,20.6267,20.6022,20.1458,20.2569,20.7123,21.0172,21.1423
735,4:29:15 PM,19.9678,19.9273,20.0321,20.4132,20.4434,20.4953,20.6293,20.7118,20.7703,20.6259,20.5554,20.6229,20.5247,20.4455,20.4689,20.7061,20.7945,20.7742,20.9771,21.2736,20.9904,20.7327,20.6647,20.5178,20.6368,20.2614,20.3351,20.17,20.2559,20.2508,20.7334,20.6849,20.8824,21.0385,21.2058,20.9035,20.6636,20.583,20.6081,20.7106,20.7496,20.8425,21.1653,21.2409,21.4717,21.1559,21.1289,21.0917,20.567,20.7266,20.3651,19.8896,19.878,19.832,20.4474,20.4277,20.4462,20.9647,20.9748,21.1921,20.4263,20.446,20.3892,20.9166,21.5968,20.9018,20.3401,20.2513,20.5245,20.9771,20.4573,20.678,20.8624,20.7895,20.8461,19.8696,19.7747,19.9212,20.4926,20.6977,20.6064,19.9782,20.1842,19.8877,20.5476,20.2809,20.5432,21.2974,21.5345,21.9426,19.7509,19.7224,19.6521,20.7026,21.4637,20.482,20.0605,20.1232,20.1362,20.2517,20.2159,20.1934,20.522,20.5779,21.4476,20.2712,20.3951,20.4941,21.2295,22.0703,21.0267,20.5442,20.5854,20.576,20.4856,20.1899,20.3411,20.7203,20.9819,21.1758
736,4:29:35 PM,19.9798,19.9766,20.0124,20.3506,20.4412,20.4785,20.6002,20.7154,20.7926,20.7599,20.6165,20.5919,20.4901,20.4688,20.521,20.7123,20.7176,20.7079,20.9688,21.2116,20.99,20.5738,20.5579,20.5086,20.6352,20.3278,20.3527,20.1528,20.112,20.1668,20.8382,20.7017,20.9497,21.0273,21.232,20.9793,20.6041,20.6175,20.4851,20.7226,20.8124,20.78,21.2101,21.2139,21.48,21.0507,21.105,21.0096,20.5727,20.7081,20.3647,19.9548,19.8858,19.7871,20.4377,20.4972,20.4543,21.0441,20.9954,21.1207,20.4462,20.4329,20.3794,20.8677,21.6152,20.8224,20.4029,20.2298,20.4724,21.0844,20.5378,20.6286,20.8286,20.7176,20.7795,19.8981,19.8335,19.8943,20.482,20.6052,20.6261,19.9439,20.1803,19.9567,20.4857,20.265,20.4668,21.3725,21.704,21.9436,19.7971,19.7256,19.6065,20.7297,21.4324,20.4724,19.9993,20.1212,20.1231,20.1177,20.1556,20.1543,20.5538,20.6833,21.6316,20.3801,20.3551,20.5209,21.3085,22.1287,20.994,20.5056,20.6284,20.6024,20.4634,20.2484,20.353,20.5678,20.9521,21.191
737,4:29:55 PM,20.0699,20.0043,19.9708,20.3451,20.4175,20.4535,20.598,20.7581,20.7852,20.7923,20.6813,20.5722,20.4295,20.5177,20.4857,20.7351,20.7866,20.7361,21.0245,21.3592,20.9122,20.5849,20.538,20.5206,20.5303,20.3022,20.3369,20.1216,20.2012,20.2126,20.8033,20.7128,20.8958,21.0328,21.2702,20.894,20.669,20.6318,20.5186,20.9315,20.8709,20.8366,21.1665,21.2955,21.4582,21.043,21.0683,21.0338,20.5557,20.7739,20.313,19.9004,19.8894,19.827,20.5245,20.5544,20.4871,20.9699,21.062,21.0198,20.4434,20.5109,20.3787,20.9556,21.5486,20.8644,20.3624,20.3132,20.495,21.0875,20.5204,20.5843,20.8584,20.7509,20.8476,19.9061,19.865,19.8887,20.4883,20.6015,20.6368,19.9115,20.1543,19.9546,20.4057,20.301,20.5029,21.3164,21.6275,21.9832,19.741,19.6674,19.5797,20.7224,21.4463,20.4416,20.0842,20.0657,20.1589,20.12,20.2231,20.2012,20.5343,20.5901,21.5979,20.2838,20.393,20.4579,21.2855,22.143,21.0279,20.5787,20.5654,20.5227,20.5581,20.2443,20.3934,20.7076,20.9345,21.1793
738,4:30:15 PM,20.0902,20.0419,20.0396,20.3418,20.3795,20.4456,20.5275,20.6347,20.7507,20.7391,20.6161,20.6787,20.5251,20.5549,20.6072,20.7094,20.7556,20.661,21.0046,21.293,20.9339,20.5163,20.5632,20.6577,20.5932,20.2732,20.3356,20.15,20.1994,20.182,20.7759,20.6757,20.8372,20.9181,21.2372,20.8581,20.6625,20.6557,20.623,20.8885,20.885,20.7432,21.1907,21.2516,21.4874,20.9728,21.0894,21.0405,20.5384,20.7267,20.3726,19.9233,19.8903,19.7753,20.4416,20.452,20.5768,20.9471,21.0532,20.9119,20.5453,20.3648,20.3297,21.0388,21.5454,20.7804,20.4048,20.3238,20.4749,21.0936,20.514,20.5271,20.7774,20.7044,20.8432,19.8539,19.8454,19.9343,20.5016,20.6837,20.6106,20.0019,20.1858,19.9861,20.3425,20.3728,20.463,21.2207,21.6349,21.8412,19.7389,19.7138,19.6655,20.7328,21.4421,20.4059,20.0384,20.0034,20.2237,20.1214,20.211,20.2492,20.5553,20.6273,21.3511,20.3317,20.3241,20.4807,21.3132,22.1936,21.0372,20.6956,20.5287,20.5197,20.6332,20.2407,20.3975,20.7232,20.9028,21.2737
739,4:30:35 PM,20.0063,20.0232,20.0786,20.3676,20.4795,20.429,20.5987,20.5492,20.6966,20.6357,20.6506,20.6098,20.5103,20.6121,20.5973,20.7247,20.8041,20.717,21.0317,21.2795,20.9754,20.6042,20.6018,20.6833,20.4836,20.2282,20.3682,20.0643,20.2335,20.2356,20.6843,20.6943,20.668,20.9574,21.1725,20.9533,20.6959,20.7921,20.6818,20.9389,20.803,20.7532,21.0954,21.2739,21.4706,21.0041,21.0592,21.0388,20.5289,20.7184,20.3386,19.8162,19.8996,19.7968,20.473,20.3708,20.5421,20.9328,20.981,20.8663,20.4571,20.416,20.3983,20.9744,21.3593,20.8489,20.3937,20.339,20.4896,20.957,20.4905,20.5424,20.8501,20.6936,20.8844,19.8848,19.7651,19.9107,20.4393,20.7147,20.6206,20.0151,20.2102,19.9336,20.4422,20.3577,20.4555,21.139,21.4128,21.9264,19.7573,19.737,19.7051,20.7918,21.419,20.3698,20.0812,20.0166,20.2066,20.1138,20.1987,20.2343,20.5312,20.5294,21.3126,20.2254,20.3179,20.4357,21.2791,22.3584,20.9678,20.6136,20.5621,20.5583,20.7178,20.1759,20.3245,20.7279,20.8606,21.3455
740,4:30:55 PM,19.8909,19.9642,20.0386,20.3444,20.4837,20.5014,20.56,20.5872,20.7079,20.6105,20.6784,20.6223,20.4591,20.5415,20.6486,20.7214,20.7488,20.7469,20.9554,21.3068,20.9172,20.6001,20.618,20.7127,20.5639,20.2713,20.3165,20.1478,20.2066,20.2927,20.5893,20.6226,20.7299,21.0195,21.1606,20.8812,20.6593,20.7294,20.7666,20.8486,20.7779,20.83,21.2253,21.3088,21.4433,21.0389,21.1032,21.0736,20.6285,20.704,20.3383,19.8399,19.8623,19.8003,20.4448,20.3016,20.5415,20.86,21.0002,20.9236,20.4767,20.3737,20.3773,20.9643,21.3067,20.8856,20.3661,20.3405,20.5389,21.0512,20.5989,20.6217,20.784,20.7391,20.7865,19.8612,19.822,19.9025,20.5262,20.6565,20.6253,19.9916,20.1398,19.8656,20.5534,20.2729,20.4295,21.1176,21.2592,21.827,19.8115,19.7962,19.8656,20.8374,21.4614,20.4681,20.2048,20.1327,20.286,20.254,20.1804,20.1506,20.4924,20.5182,21.1035,20.1621,20.3683,20.521,21.3456,22.2075,21.0248,20.4461,20.4744,20.5264,20.8983,20.1755,20.3182,20.7649,20.8946,21.2393
741,4:31:15 PM,19.9083,19.9435,19.9806,20.3916,20.413,20.4482,20.6168,20.6769,20.6775,20.6575,20.6408,20.5827,20.4073,20.4944,20.5796,20.6985,20.8016,20.7781,20.9207,21.2229,20.9534,20.7242,20.648,20.6327,20.4796,20.1444,20.2218,20.0958,20.253,20.187,20.6349,20.6873,20.7625,21.1286,21.1933,20.965,20.6466,20.6934,20.8591,20.9596,20.815,20.8491,21.2366,21.2359,21.4649,21.016,21.1121,21.0421,20.6421,20.7009,20.3255,19.7837,19.8892,19.8222,20.5017,20.3448,20.4936,20.9011,20.986,20.7702,20.4415,20.4615,20.4238,20.9106,21.2653,20.8957,20.3403,20.3755,20.4124,21.0509,20.5626,20.6921,20.7714,20.699,20.6863,19.7945,19.719,19.8681,20.5065,20.6278,20.6029,19.9062,20.0779,19.8213,20.5391,20.2934,20.4093,21.0655,21.2051,22.0031,19.7804,19.8107,19.8555,20.9848,21.513,20.4467,20.146,20.2046,20.1853,20.4908,20.1364,20.1581,20.449,20.4657,20.9734,20.1656,20.3712,20.4941,21.2839,22.2858,20.9575,20.4524,20.457,20.5746,20.9226,20.1884,20.2974,20.6985,20.947,21.1936
742,4:31:35 PM,19.8812,19.9019,19.9694,20.4192,20.4748,20.5156,20.6479,20.7316,20.7785,20.6325,20.7585,20.5385,20.346,20.4559,20.4988,20.7409,20.8244,20.7738,20.8893,21.2517,21.0229,20.6323,20.6358,20.6153,20.5836,20.2878,20.3377,20.133,20.2703,20.2656,20.6549,20.766,20.8107,21.1589,21.239,20.9368,20.6564,20.6896,20.8325,21.0261,20.8521,20.8237,21.2084,21.2705,21.3655,21.0817,21.1506,21.048,20.6153,20.7853,20.3155,19.8367,19.8382,19.8762,20.4561,20.3893,20.5435,20.9406,21.0195,20.8739,20.4544,20.4406,20.4322,20.926,21.2976,20.9292,20.4228,20.1949,20.4507,21.0868,20.5705,20.6668,20.7578,20.735,20.6964,19.8468,19.8135,19.9575,20.5541,20.6785,20.6057,19.929,20.1324,19.8743,20.5246,20.3455,20.4217,21.1116,21.265,21.8594,19.7549,19.752,19.7701,20.8301,21.524,20.3487,20.0118,20.1341,20.2036,20.493,20.2739,20.1859,20.5001,20.4749,21.0111,20.2249,20.3572,20.4673,21.2446,22.0429,20.9495,20.4666,20.5147,20.6423,21.0446,20.254,20.3978,20.7947,20.9493,21.1532
743,4:31:55 PM,20.0189,19.9764,19.934,20.4052,20.4902,20.4991,20.5865,20.7563,20.7506,20.6502,20.5922,20.5915,20.4567,20.4329,20.5653,20.7085,20.8184,20.805,20.9793,21.3152,20.9682,20.6256,20.5595,20.665,20.5526,20.1891,20.3368,20.075,20.1874,20.289,20.7483,20.649,20.8205,21.0749,21.2079,20.9171,20.7016,20.6607,20.775,20.9617,20.8337,20.8096,21.1894,21.2862,21.3456,21.0585,21.132,21.0407,20.5711,20.7039,20.2915,19.8612,19.8956,19.8499,20.4211,20.418,20.424,20.9561,21.0412,21.0392,20.4273,20.4664,20.4445,20.969,21.3346,20.829,20.357,20.276,20.4148,20.9836,20.4985,20.6369,20.8324,20.7614,20.7709,19.8867,19.8608,19.9732,20.576,20.7059,20.6225,20.0281,20.193,20.005,20.5461,20.4814,20.4792,21.2371,21.4453,21.9471,19.747,19.7925,19.7422,20.6411,21.4315,20.3716,19.9711,20.1046,20.1495,20.2484,20.2546,20.1357,20.4345,20.5351,21.1068,20.2506,20.3298,20.4611,21.1912,22.0999,20.9702,20.4817,20.6289,20.6835,20.955,20.1965,20.3785,20.8031,20.8472,21.2743
744,4:32:15 PM,20.1161,19.957,19.9768,20.3991,20.4672,20.5087,20.6153,20.7277,20.7674,20.7256,20.6592,20.5741,20.4191,20.4667,20.5,20.6786,20.8439,20.7851,20.9704,21.2713,20.9337,20.6085,20.6185,20.6478,20.4581,20.2554,20.3542,20.0662,20.2388,20.2745,20.7468,20.692,20.7644,21.011,21.124,20.9373,20.6984,20.6449,20.7274,21.0446,20.8281,20.8064,21.1887,21.2808,21.3409,21.032,21.0885,21.0723,20.6146,20.7542,20.4214,19.9279,19.8866,19.881,20.4808,20.3988,20.4902,20.9484,20.9959,21.1774,20.4728,20.4353,20.4833,20.9606,21.3651,20.8253,20.3939,20.2872,20.5026,20.9894,20.4731,20.6038,20.7969,20.7352,20.8989,19.917,19.891,19.8668,20.462,20.7552,20.633,20.0269,20.2986,20.0235,20.5955,20.4863,20.4735,21.2376,21.4412,22.0216,19.8401,19.735,19.5764,20.6353,21.4504,20.373,19.9728,20.0403,20.2721,20.0853,20.2137,20.2382,20.5827,20.5351,21.2328,20.3008,20.3434,20.465,21.2521,22.1039,20.9745,20.3586,20.6329,20.7097,20.9754,20.2864,20.4169,20.863,20.8084,21.1861
745,4:32:35 PM,20.1213,20.0792,19.9473,20.3735,20.42,20.4893,20.6306,20.7032,20.8222,20.6695,20.6496,20.6832,20.526,20.5215,20.5845,20.7451,20.758,20.8025,20.9227,21.3375,20.9301,20.6699,20.6024,20.5881,20.506,20.291,20.3457,20.101,20.1503,20.2215,20.7784,20.663,20.8155,20.9785,21.0843,20.9057,20.6686,20.7044,20.8709,20.957,20.7806,20.8418,21.1344,21.3211,21.4296,21.0468,21.0986,21.0477,20.5833,20.7764,20.3985,19.9301,19.9146,19.8128,20.4801,20.406,20.51,20.9649,20.9921,21.0967,20.4736,20.48,20.4625,20.9719,21.3937,20.8562,20.3455,20.2556,20.465,21.0708,20.4836,20.6222,20.8786,20.7296,20.9657,19.8955,19.941,19.9178,20.5074,20.7302,20.6909,20.0341,20.3691,19.9386,20.5587,20.4075,20.3817,21.2526,21.5101,22.0723,19.7859,19.7476,19.6809,20.6367,21.469,20.3938,20.0095,20.0989,20.2221,20.2374,20.1983,20.1833,20.5341,20.5945,21.2159,20.2512,20.3639,20.5183,21.127,22.0756,21.0102,20.3662,20.57,20.6467,20.7149,20.2,20.4132,20.8049,20.7756,21.097
746,4:32:55 PM,20.0595,20.0847,19.939,20.2871,20.426,20.4255,20.5542,20.6206,20.7177,20.6602,20.6727,20.6149,20.449,20.5578,20.648,20.6778,20.7686,20.704,20.9753,21.306,21.0079,20.6445,20.6389,20.5451,20.5275,20.1901,20.2848,20.0725,20.1693,20.1746,20.8722,20.6515,20.7499,20.988,21.1973,20.8483,20.6969,20.7013,20.8205,20.8767,20.7753,20.8297,21.2194,21.3494,21.4954,21.1342,21.1819,21.0849,20.6477,20.814,20.3152,19.8413,19.8534,19.8137,20.4269,20.3822,20.4859,20.9302,20.9965,20.9284,20.4267,20.4385,20.4118,21.0646,21.4616,20.8653,20.4901,20.2957,20.4336,21.0713,20.6473,20.6441,20.857,20.8532,20.9174,19.8716,19.8433,19.9579,20.4716,20.716,20.5855,20.016,20.2738,19.858,20.7221,20.358,20.4023,21.2032,21.3687,22.2515,19.7549,19.7409,19.7568,20.7401,21.3947,20.4205,20.0395,20.111,20.2813,20.1429,20.1763,20.1551,20.4991,20.5753,21.0547,20.1332,20.4035,20.4518,21.2169,22.1644,21.0065,20.379,20.5879,20.631,20.7018,20.3283,20.3874,20.7255,20.8078,21.0194
747,4:33:15 PM,19.9991,20.0446,19.9242,20.2943,20.3827,20.4543,20.5223,20.4968,20.6573,20.6905,20.7,20.601,20.5435,20.5925,20.5299,20.7213,20.778,20.83,20.9421,21.3035,21.0326,20.6906,20.7145,20.57,20.5184,20.2229,20.2925,20.022,20.0845,20.2034,20.8961,20.6185,20.7054,20.9832,21.2497,20.9268,20.7211,20.772,20.8581,20.7778,20.8098,20.8282,21.0836,21.3136,21.4596,21.0537,21.101,21.0963,20.615,20.7999,20.2741,19.7956,19.8528,19.8422,20.4519,20.3616,20.4974,20.8872,20.9606,20.7442,20.5149,20.4414,20.4193,21.0702,21.3975,20.8377,20.4552,20.2926,20.5144,21.1571,20.6449,20.6455,20.916,20.804,20.8157,19.8437,19.815,19.8433,20.4453,20.6727,20.6237,19.9862,20.1887,19.8227,20.8409,20.3454,20.3649,21.1619,21.3473,22.1366,19.7915,19.7098,19.8402,20.867,21.4748,20.4013,20.0618,20.0987,20.1983,20.1102,20.1436,20.1573,20.5102,20.5184,20.8135,20.0986,20.3224,20.4716,21.073,21.9864,21.0008,20.4089,20.4232,20.5333,20.6281,20.172,20.3393,20.731,20.7981,21.0528
748,4:33:35 PM,19.9463,19.9414,20.0146,20.336,20.425,20.4918,20.5281,20.5577,20.6125,20.5175,20.6339,20.6687,20.5131,20.5136,20.5674,20.7507,20.8356,20.85,20.9906,21.2528,21.1004,20.8296,20.7419,20.5925,20.6083,20.1634,20.2481,20.0672,20.0937,20.2095,20.7811,20.5274,20.7076,21.0154,21.2083,20.9674,20.6802,20.7544,20.6948,20.6327,20.8479,20.7982,21.1021,21.2856,21.4029,21.108,21.0657,21.0327,20.6385,20.8099,20.2361,19.8064,19.8314,19.7627,20.4033,20.3413,20.4504,20.907,21.0218,20.8378,20.5086,20.4193,20.4498,21.0484,21.3975,20.8898,20.4696,20.2924,20.4918,21.1545,20.5533,20.6733,20.9391,20.7995,20.8293,19.7536,19.7443,19.8979,20.4945,20.6619,20.6906,19.8883,20.215,19.8108,20.8798,20.3329,20.4095,21.0333,21.1172,22.1301,19.7541,19.7515,19.8986,21.0289,21.5797,20.4275,20.0893,20.1401,20.2192,20.1119,20.1861,20.1486,20.4744,20.5688,20.9662,20.1058,20.2957,20.4488,21.2001,22.1132,20.9456,20.4449,20.4764,20.4968,20.6382,20.1821,20.3444,20.8297,20.9417,21.1395
749,4:33:55 PM,19.8564,19.954,19.9622,20.2959,20.4773,20.4976,20.5529,20.4943,20.6455,20.5405,20.6555,20.6396,20.4628,20.5714,20.5993,20.7399,20.8049,20.804,20.9622,21.2375,21.1155,20.768,20.7131,20.6055,20.6308,20.1853,20.2963,19.9516,20.0665,20.2349,20.6607,20.6239,20.7346,21.012,21.1838,20.9144,20.7235,20.7409,20.7294,20.7258,20.9021,20.845,21.1196,21.307,21.4206,21.1582,21.1414,21.1027,20.6212,20.8122,20.1906,19.7815,19.8924,19.8354,20.4743,20.2649,20.5194,20.9266,20.96,20.943,20.4781,20.4716,20.447,20.9715,21.2794,20.9014,20.4368,20.3366,20.4663,21.1541,20.6314,20.6354,20.9966,20.8297,20.8539,19.7444,19.7872,19.9109,20.5223,20.687,20.6368,19.8594,20.0346,19.7591,20.8471,20.2151,20.3353,21.0223,20.9434,22.0758,19.737,19.7578,19.8279,21.0662,21.6622,20.4824,20.1176,20.2116,20.1916,20.3678,20.1851,20.1818,20.5051,20.5804,20.9246,20.0775,20.3211,20.3813,21.2325,22.2169,20.979,20.3823,20.5258,20.4746,20.5571,20.1428,20.3337,20.7366,20.9478,21.2588
750,4:34:15 PM,19.857,19.9605,19.9511,20.3268,20.4447,20.4288,20.6304,20.658,20.6748,20.5841,20.6705,20.6291,20.3993,20.4478,20.5425,20.7769,20.8194,20.8673,21.0532,21.2123,21.1648,20.8024,20.6655,20.6368,20.598,20.1491,20.2357,20.1126,20.1459,20.2144,20.5273,20.693,20.8054,21.0201,21.0966,20.9483,20.6984,20.6533,20.6629,20.7006,20.8903,20.8219,21.1576,21.322,21.3974,21.1231,21.1642,21.053,20.5968,20.8179,20.2595,19.783,19.8873,19.9009,20.433,20.2242,20.5401,20.9186,20.9675,20.9624,20.5246,20.4596,20.4064,20.9232,21.2444,20.9644,20.5009,20.288,20.5021,21.1264,20.5583,20.7448,20.9169,20.7554,20.7748,19.8138,19.7608,19.9302,20.5161,20.7132,20.6287,19.8247,19.9536,19.7725,20.7361,20.1814,20.3089,21.0671,20.9841,21.8806,19.7082,19.7748,19.8027,20.9005,21.6474,20.4771,20.2493,20.2085,20.3035,20.4169,20.1288,20.0939,20.5181,20.4937,20.9672,20.1518,20.3072,20.4687,21.5075,22.4289,20.9819,20.4363,20.5335,20.5261,20.4048,20.0308,20.3238,20.7275,21.0847,21.2914
751,4:34:35 PM,19.8202,19.9171,19.9642,20.3286,20.4178,20.4054,20.7002,20.7614,20.7301,20.687,20.5787,20.5821,20.3397,20.4195,20.5387,20.7273,20.7945,20.8081,21.0276,21.187,21.1587,20.7861,20.7253,20.4955,20.6413,20.1178,20.2013,20.1594,20.0921,20.2456,20.6256,20.682,20.8275,20.991,21.1644,20.9088,20.6322,20.6043,20.6169,20.6713,20.7723,20.8608,21.1749,21.1851,21.3995,21.079,21.1447,21.0945,20.6107,20.7543,20.1763,19.7949,19.8486,19.809,20.4303,20.2327,20.4403,20.9577,20.951,21.0335,20.4927,20.4049,20.385,20.9187,21.2725,20.9461,20.4044,20.3711,20.4518,21.1571,20.6865,20.7788,20.8717,20.755,20.689,19.7756,19.7944,19.8737,20.4938,20.7536,20.633,19.7514,19.9841,19.7477,20.917,20.1732,20.3489,21.1653,21.2133,21.9774,19.8284,19.7821,19.7437,20.6723,21.6356,20.4849,20.2164,20.236,20.2481,20.6106,20.1828,20.2385,20.4702,20.4943,20.964,20.109,20.3826,20.3688,21.6138,22.4849,20.9668,20.3911,20.5713,20.4876,20.4697,20.0889,20.3741,20.5547,21.0168,21.3264
752,4:34:55 PM,19.8209,19.8524,19.8252,20.3185,20.5249,20.4468,20.6459,20.7648,20.7941,20.737,20.63,20.5086,20.4385,20.4567,20.5707,20.7448,20.804,20.8021,20.9902,21.1473,21.145,20.7951,20.662,20.5883,20.5983,20.1782,20.2819,20.1795,20.1371,20.2349,20.6435,20.6916,20.8388,20.9756,21.1577,20.919,20.6131,20.5987,20.5679,20.6176,20.7711,20.8242,21.1392,21.2045,21.4139,21.0892,21.1315,21.0608,20.6253,20.8763,20.2406,19.8298,19.8283,19.7898,20.4268,20.2636,20.4935,20.9392,21.0,20.9674,20.5181,20.4589,20.4573,20.9466,21.2971,20.9052,20.4384,20.2995,20.4647,21.1359,20.5892,20.7781,20.8128,20.7398,20.7327,19.8147,19.8375,19.8633,20.4414,20.7128,20.6403,19.83,20.1116,19.9147,20.8204,20.1979,20.3957,21.2242,21.3031,22.0603,19.8101,19.7968,19.6934,20.7435,21.6802,20.4694,20.1924,20.2409,20.2584,20.3752,20.1722,20.149,20.4732,20.5283,21.0322,20.1432,20.3683,20.4617,21.56,22.3703,20.9257,20.3174,20.5917,20.5282,20.4819,20.1132,20.3794,20.6421,20.9748,21.2901
753,4:35:15 PM,19.8975,19.8864,19.8356,20.2995,20.465,20.416,20.6177,20.6925,20.7458,20.7572,20.5922,20.5727,20.4203,20.4412,20.4226,20.7629,20.7365,20.7339,20.9499,21.1936,21.1742,20.6672,20.6413,20.57,20.6459,20.0643,20.1886,20.1545,20.1165,20.1404,20.8354,20.6925,20.859,20.9734,21.1946,20.9202,20.6239,20.6439,20.4679,20.5782,20.805,20.7965,21.1751,21.2842,21.4506,21.0703,21.1259,21.0623,20.6471,20.7775,20.2642,19.7416,19.853,19.7363,20.4011,20.3856,20.4586,20.8959,21.0084,21.131,20.5514,20.5519,20.461,20.9158,21.2745,20.8722,20.4214,20.3295,20.4811,21.1439,20.6479,20.7682,20.8676,20.7475,20.8955,19.8137,19.7143,19.877,20.4597,20.6685,20.6383,19.8625,20.1248,19.86,20.8061,20.2279,20.4024,21.3083,21.3019,22.1802,19.7906,19.7762,19.7591,20.8748,21.6365,20.4482,20.1337,20.2911,20.1466,20.4302,20.1479,20.1282,20.4802,20.4918,20.9136,20.2359,20.334,20.3713,21.3912,22.233,20.9813,20.3583,20.5448,20.5114,20.6479,20.1417,20.3561,20.6484,20.9909,21.1809
754,4:35:35 PM,19.8728,19.8386,19.8183,20.2659,20.4608,20.4398,20.52,20.6411,20.789,20.7403,20.6183,20.5875,20.3952,20.4793,20.473,20.768,20.815,20.7778,20.9535,21.2246,21.1502,20.7722,20.6419,20.6023,20.6078,20.1827,20.1512,20.0105,20.0248,20.1546,20.7913,20.6888,20.8935,20.9787,21.2096,20.9738,20.6171,20.5442,20.5046,20.5504,20.7354,20.7859,21.2087,21.288,21.4595,21.0881,21.1598,21.0805,20.6433,20.7275,20.2763,19.8241,19.8793,19.8038,20.4386,20.3218,20.4431,20.9061,20.9686,21.0101,20.5347,20.4974,20.4555,20.9215,21.3851,20.9279,20.4752,20.3459,20.4585,21.118,20.6302,20.8013,20.7928,20.6745,20.9108,19.8636,19.7509,19.8215,20.4277,20.6745,20.5988,19.9575,20.1057,19.8968,20.8186,20.1992,20.4223,21.1576,21.1937,22.071,19.7427,19.7877,19.7409,20.9107,21.6331,20.4634,20.0807,20.2733,20.2396,20.2277,20.1581,20.1542,20.445,20.4674,20.9142,20.2384,20.3187,20.3909,21.1312,22.2172,20.972,20.3589,20.4962,20.4724,20.6224,20.1853,20.3516,20.7219,21.0238,21.2149
755,4:35:55 PM,19.8576,19.873,19.8382,20.2581,20.4429,20.398,20.4913,20.6676,20.7388,20.8226,20.6333,20.5657,20.4725,20.4282,20.485,20.7799,20.7851,20.8726,20.989,21.2452,21.0839,20.7231,20.6326,20.6435,20.6139,20.2046,20.2752,20.015,20.0744,20.1463,20.8531,20.6512,20.8883,21.0382,21.182,20.9133,20.6933,20.6327,20.5954,20.5892,20.7906,20.7917,21.1748,21.2165,21.4331,21.0693,21.1367,21.0674,20.6485,20.8052,20.258,19.7812,19.813,19.8063,20.4411,20.2961,20.395,20.9428,20.962,21.1335,20.5053,20.4597,20.4746,21.0154,21.3047,20.9251,20.4252,20.3139,20.4756,21.128,20.6066,20.7899,20.8101,20.7609,21.0172,19.8694,19.8182,19.9017,20.4497,20.6638,20.6463,20.0083,20.2488,19.8629,20.9081,20.2507,20.4651,21.1407,21.231,21.8255,19.803,19.8122,19.7195,20.8448,21.6271,20.4871,20.0543,20.3032,20.2041,20.2471,20.1103,20.1313,20.4706,20.4598,20.8918,20.1995,20.3339,20.3818,21.1144,22.0933,20.9137,20.3436,20.4809,20.4986,20.7378,20.0735,20.3222,20.7873,21.0144,21.1912
756,4:36:15 PM,19.909,19.87,19.8352,20.2934,20.4478,20.4312,20.5621,20.7394,20.7677,20.8172,20.6355,20.5851,20.4941,20.4645,20.5425,20.772,20.7691,20.773,21.0294,21.2853,20.9898,20.8109,20.6691,20.6733,20.6567,20.2809,20.2415,20.0739,20.0545,20.2029,20.8103,20.6779,20.8978,20.9521,21.2219,20.9289,20.7052,20.6887,20.6545,20.7321,20.8026,20.7707,21.1512,21.2161,21.4685,21.0979,21.1387,21.1089,20.6138,20.7452,20.2814,19.8247,19.7762,19.7682,20.347,20.2845,20.4792,20.9137,21.004,21.1038,20.3908,20.4171,20.4029,21.0571,21.2151,20.9181,20.3943,20.286,20.443,21.038,20.5248,20.7248,20.7733,20.7894,20.9465,19.8347,19.8443,19.8445,20.4735,20.6862,20.6456,20.0066,20.2969,19.9606,20.9878,20.3234,20.3777,21.2315,21.2597,21.7414,19.734,19.773,19.7709,20.7786,21.6929,20.4693,19.996,20.2694,20.2161,20.3859,20.212,20.1293,20.5153,20.486,21.1584,20.2196,20.3477,20.416,21.279,22.0904,20.824,20.2885,20.5105,20.5464,20.725,20.1383,20.3024,20.7361,20.9703,21.192
757,4:36:35 PM,19.9824,19.9269,19.8798,20.3206,20.4996,20.4002,20.5045,20.7672,20.7999,20.7778,20.5793,20.6026,20.4985,20.5138,20.6428,20.7385,20.769,20.8146,21.0062,21.2917,21.0863,20.7828,20.6346,20.7018,20.7228,20.2889,20.2972,20.0998,20.0565,20.1991,20.7465,20.6609,20.8589,20.9077,21.1815,20.8963,20.6433,20.7145,20.691,20.8643,20.759,20.7957,21.2079,21.2231,21.4937,21.1193,21.1227,20.9971,20.646,20.7657,20.4005,19.8517,19.9066,19.7766,20.4207,20.4527,20.5039,21.0064,21.0912,21.1749,20.4611,20.4213,20.5162,21.0794,21.3053,20.8496,20.3933,20.2712,20.4866,21.0356,20.4688,20.633,20.8311,20.7775,20.9174,19.8116,19.8452,19.8793,20.4471,20.6361,20.632,19.9742,20.135,19.9185,20.7577,20.3332,20.408,21.2751,21.3347,21.8809,19.8216,19.7908,19.7662,20.8423,21.6826,20.4561,20.0405,20.236,20.1457,20.4468,20.1921,20.1943,20.4997,20.5214,21.122,20.2755,20.3946,20.4731,21.3728,21.9273,20.9717,20.3729,20.5561,20.5915,20.6552,20.1041,20.3166,20.6513,20.8996,21.2165
758,4:36:55 PM,20.0189,19.9604,19.9065,20.3164,20.4539,20.4206,20.6308,20.7018,20.6461,20.7013,20.6553,20.5572,20.466,20.5306,20.6438,20.7334,20.8154,20.8467,20.9567,21.3411,21.1653,20.8104,20.7035,20.6693,20.6706,20.2005,20.2937,20.1585,20.0965,20.2085,20.6734,20.6784,20.7875,20.9855,21.167,20.8887,20.7064,20.7329,20.7949,20.9717,20.8127,20.8368,21.1604,21.2292,21.4103,21.1057,21.0739,21.1135,20.6438,20.7613,20.3124,19.8296,19.8682,19.776,20.4853,20.4714,20.4673,20.94,20.9776,21.1401,20.3993,20.4481,20.4734,21.0888,21.3011,20.8671,20.4748,20.2961,20.4521,20.9946,20.3999,20.6506,20.8112,20.7568,20.9722,19.8947,19.8867,19.9474,20.4261,20.6622,20.6527,19.9226,20.1375,19.9675,20.6765,20.3738,20.4564,21.3403,21.376,22.0987,19.7515,19.7685,19.6816,20.7083,21.6906,20.4268,19.9393,20.1664,20.1885,20.3374,20.2235,20.1426,20.5138,20.5373,21.0621,20.2698,20.432,20.3971,21.3508,21.9563,20.9831,20.3876,20.5951,20.6044,20.5041,20.1095,20.3741,20.574,20.9657,21.1662
759,4:37:15 PM,20.0486,20.0263,19.9376,20.3515,20.4767,20.5149,20.5592,20.6522,20.5753,20.6676,20.6627,20.5268,20.4966,20.5546,20.6555,20.7259,20.7586,20.7202,20.9744,21.3492,21.0939,20.7011,20.6903,20.6428,20.6747,20.2595,20.3085,20.2206,20.1971,20.2972,20.6683,20.6669,20.7332,21.0493,21.2126,20.9047,20.6841,20.7934,20.8252,21.0947,20.894,20.8552,21.2662,21.3027,21.5117,21.0686,21.0899,21.0594,20.6091,20.8531,20.3329,19.8013,19.8811,19.8199,20.4289,20.4193,20.4545,20.9061,21.0239,21.2029,20.4375,20.449,20.4921,21.088,21.3204,20.8662,20.3749,20.303,20.429,21.0449,20.4983,20.688,20.8283,20.7673,20.8009,19.9019,19.8563,19.8938,20.4612,20.7056,20.6641,19.9479,20.0769,19.9326,20.7367,20.3582,20.4662,21.2225,21.3795,22.1386,19.7807,19.7373,19.6999,20.6758,21.6866,20.418,19.9464,20.1716,20.0987,20.0287,20.1686,20.1039,20.5592,20.5343,20.937,20.2725,20.3697,20.4222,21.196,22.103,20.9736,20.3695,20.5754,20.5342,20.4496,20.0445,20.3378,20.6509,20.8302,21.1581
760,4:37:35 PM,19.9991,19.9527,19.907,20.3726,20.4989,20.3558,20.5463,20.5697,20.5726,20.6468,20.6679,20.572,20.5426,20.6238,20.678,20.7701,20.8169,20.8482,21.0001,21.3423,21.0363,20.6557,20.6501,20.5411,20.6613,20.2888,20.3284,20.2283,20.1542,20.2776,20.7053,20.6347,20.7238,21.026,21.1796,20.8791,20.6828,20.8028,20.871,21.1669,20.8153,20.8228,21.1965,21.2647,21.4984,21.0912,21.1588,21.0389,20.6247,20.8388,20.3385,19.9266,19.8681,19.822,20.4699,20.3626,20.4678,20.8625,20.9982,21.2859,20.4622,20.4617,20.3792,21.0375,21.2134,20.8952,20.3568,20.3019,20.4365,21.1865,20.4465,20.6673,20.8562,20.733,20.8753,19.869,19.853,19.8941,20.4834,20.6446,20.6283,19.8938,20.1582,19.8997,20.6871,20.3475,20.4261,21.1437,21.3439,22.1363,19.7126,19.7846,19.6427,20.7024,21.6077,20.3203,19.9381,20.0823,20.1073,20.0607,20.1343,20.1319,20.5093,20.5365,21.0831,20.2782,20.3844,20.4555,21.3849,22.1522,21.0227,20.4074,20.6496,20.5182,20.4549,20.0348,20.2964,20.7144,20.8536,21.2447
761,4:37:55 PM,19.97,19.9548,19.963,20.3178,20.4334,20.4156,20.5123,20.4504,20.4925,20.662,20.7244,20.608,20.4978,20.632,20.8065,20.6813,20.7688,20.8277,21.0083,21.282,20.9821,20.6411,20.6809,20.615,20.5999,20.2705,20.3341,20.2364,20.2949,20.2195,20.7802,20.6296,20.717,21.0004,21.1842,20.9071,20.7436,20.7862,20.9726,21.2093,20.8267,20.8243,21.0868,21.3255,21.4539,21.0454,21.1071,20.991,20.6382,20.8468,20.3435,19.8908,19.8792,19.8936,20.4274,20.3225,20.5195,20.8912,21.0678,21.2632,20.4459,20.418,20.4201,21.0768,21.2764,20.8937,20.4365,20.3258,20.4512,21.0868,20.3291,20.671,20.8451,20.7229,20.8701,19.9073,19.8363,19.9536,20.3878,20.6552,20.6559,19.9144,20.146,19.9073,20.7976,20.2902,20.3889,21.1296,21.3042,22.1447,19.7004,19.6739,19.7961,20.7776,21.4911,20.3741,20.0201,20.1423,20.0663,20.154,20.1959,20.2131,20.5814,20.5603,21.0592,20.2546,20.3839,20.4213,21.4442,22.1748,21.0617,20.449,20.5567,20.5952,20.5163,20.0645,20.3262,20.7074,20.8109,21.283
762,4:38:15 PM,19.9761,19.9402,19.9528,20.2912,20.4517,20.3547,20.5523,20.4713,20.5401,20.6983,20.6797,20.6231,20.5514,20.6175,20.7574,20.7043,20.7812,20.7318,20.9452,21.2717,20.9085,20.5956,20.7076,20.4731,20.585,20.1331,20.2464,20.2142,20.2802,20.2753,20.6494,20.6242,20.7627,20.9864,21.2078,20.8679,20.7214,20.6938,20.8532,20.876,20.8225,20.8345,21.1498,21.2692,21.5244,21.0131,21.1775,21.0096,20.5756,20.8177,20.3345,19.8218,19.8839,19.7918,20.4753,20.345,20.451,20.9098,20.9752,21.1278,20.4248,20.447,20.4082,21.0528,21.3243,20.9144,20.4192,20.3231,20.465,20.9506,20.3901,20.5907,20.832,20.7175,20.748,19.8867,19.8015,19.8933,20.4292,20.6355,20.6913,19.876,20.2039,19.8985,20.7123,20.3205,20.4041,21.072,21.3406,22.1429,19.711,19.7938,19.9075,20.7244,21.405,20.3555,20.0248,20.1876,20.0651,20.2218,20.2226,20.1438,20.5075,20.535,21.0253,20.3118,20.2985,20.4896,21.5677,22.1711,21.0473,20.4373,20.5047,20.5785,20.4967,20.1219,20.4014,20.7593,20.9092,21.2487
763,4:38:35 PM,19.9221,19.8975,19.9581,20.4014,20.4806,20.4279,20.591,20.5777,20.542,20.5472,20.6357,20.6278,20.4613,20.6101,20.6812,20.696,20.7441,20.7435,20.9435,21.2817,20.8737,20.6222,20.6553,20.4975,20.5524,20.1995,20.206,20.1606,20.3032,20.2193,20.6463,20.6737,20.6768,21.0167,21.2475,20.8844,20.7231,20.653,20.7276,20.6761,20.8001,20.8473,21.088,21.2969,21.4187,21.0595,21.1756,21.0236,20.6086,20.7951,20.3732,19.8607,19.8809,19.7777,20.4619,20.3127,20.4893,20.8629,20.9864,21.0801,20.4523,20.4544,20.491,21.0079,21.2426,20.9378,20.3997,20.3124,20.4603,20.868,20.3655,20.6585,20.8772,20.7039,20.7555,19.8943,19.7895,19.8768,20.4288,20.634,20.623,19.8736,20.1867,19.9422,20.7262,20.2727,20.4249,21.0867,21.2084,22.0393,19.6875,19.7884,19.8569,20.7836,21.4396,20.3935,20.0064,20.1409,20.1598,20.3493,20.1626,20.1673,20.5368,20.5467,20.9441,20.3182,20.3456,20.4842,21.5524,22.1365,21.0098,20.4807,20.5892,20.6259,20.6714,20.0577,20.3496,20.7581,20.9765,21.2325
764,4:38:55 PM,19.9211,19.899,19.93,20.3458,20.4911,20.4484,20.6244,20.6813,20.6056,20.6265,20.6664,20.5682,20.3769,20.4617,20.5591,20.7138,20.7242,20.7094,21.0382,21.2454,20.9492,20.6529,20.6755,20.4787,20.5347,20.1343,20.2609,20.1858,20.2448,20.2146,20.6389,20.6312,20.7853,21.0093,21.2773,20.8621,20.6587,20.616,20.5203,20.6608,20.819,20.8038,21.1191,21.2093,21.4399,21.0694,21.1583,20.9813,20.635,20.7128,20.2943,19.8819,19.916,19.8004,20.4694,20.3769,20.4826,20.934,20.9743,21.138,20.5092,20.4776,20.4571,20.9902,21.3957,20.8909,20.4008,20.3313,20.5029,20.886,20.4205,20.7113,20.8106,20.7703,20.7459,19.8752,19.8066,19.8651,20.4184,20.5746,20.6604,19.8877,20.2486,19.9213,20.5685,20.2628,20.4143,21.067,21.2734,21.9428,19.7309,19.7126,19.8125,20.7341,21.4139,20.3971,20.0958,20.1898,20.1384,20.4458,20.1942,20.2171,20.59,20.5129,21.0565,20.3717,20.4359,20.4927,21.4443,22.1588,20.9515,20.4407,20.56,20.587,20.6851,20.0823,20.2725,20.799,20.9928,21.1133
765,4:39:15 PM,19.9167,19.8644,19.8645,20.3557,20.4887,20.5094,20.67,20.6685,20.6873,20.652,20.6694,20.5734,20.3749,20.4827,20.5147,20.6834,20.7945,20.7201,21.0446,21.2986,20.9901,20.6713,20.6756,20.5333,20.5358,20.2006,20.3025,20.1599,20.2412,20.2666,20.7028,20.612,20.7895,21.0001,21.2646,20.9027,20.697,20.6984,20.5951,20.7164,20.7295,20.7351,21.0926,21.2355,21.5468,21.1213,21.1611,21.0434,20.5715,20.7077,20.322,19.8297,19.866,19.7879,20.4689,20.4022,20.4817,20.8891,21.0017,21.1152,20.4282,20.4757,20.4122,20.9955,21.3328,20.8796,20.3688,20.2668,20.4981,21.0316,20.4525,20.7192,20.8465,20.7312,20.7845,19.8706,19.7868,19.9151,20.3612,20.5256,20.6855,19.8416,20.2112,19.8817,20.6573,20.2645,20.3634,21.0856,21.3309,21.7362,19.7123,19.7403,19.6326,20.5554,21.4595,20.4737,20.1275,20.1532,20.0044,20.5293,20.2183,20.1751,20.522,20.5062,21.1262,20.2828,20.3918,20.5329,21.5859,22.138,20.9719,20.523,20.6107,20.6538,20.6615,20.1019,20.2638,20.7739,20.9668,21.1843
766,4:39:35 PM,19.9354,19.9244,19.9469,20.358,20.4439,20.5123,20.7116,20.709,20.731,20.7937,20.6155,20.5698,20.3459,20.4539,20.5395,20.6821,20.7073,20.739,21.0364,21.2474,21.0757,20.7344,20.7021,20.6091,20.5968,20.1994,20.3551,20.2136,20.1837,20.1966,20.8062,20.6649,20.8181,21.0273,21.2415,20.837,20.6838,20.6695,20.738,20.8599,20.7592,20.8401,21.1468,21.2557,21.429,21.0646,21.1894,21.0293,20.6133,20.7743,20.3993,20.0003,19.8794,19.8061,20.4639,20.519,20.5061,20.9197,20.893,21.1546,20.4946,20.4624,20.447,21.053,21.4707,20.8571,20.4215,20.2982,20.4948,21.0794,20.4188,20.6556,20.8112,20.7745,20.8439,19.92,19.8821,19.883,20.5394,20.6564,20.6309,19.8931,20.3007,19.9236,20.6839,20.2889,20.4478,21.2015,21.5424,21.8483,19.7322,19.7299,19.7938,20.5368,21.4897,20.4251,20.0737,20.0879,20.0462,20.3532,20.2507,20.2331,20.5216,20.5842,21.0446,20.2401,20.4164,20.5422,21.4886,22.1997,21.06,20.5362,20.632,20.5879,20.6505,20.1793,20.3805,20.7393,21.0305,21.1848
767,4:39:55 PM,19.9704,19.9817,19.9686,20.3715,20.4036,20.5305,20.6766,20.7002,20.7966,20.7012,20.6333,20.5333,20.4419,20.4419,20.527,20.7322,20.7496,20.7606,21.0019,21.3283,21.0588,20.6291,20.7001,20.5523,20.482,20.2807,20.3416,20.1866,20.2542,20.2782,20.8528,20.6999,20.832,20.9843,21.3399,20.8053,20.7067,20.7329,20.7036,20.8231,20.7266,20.7668,21.1177,21.224,21.4223,21.0395,21.1891,21.069,20.6016,20.7579,20.4337,19.9436,19.8439,19.8188,20.4876,20.5747,20.482,20.9263,20.9518,21.0451,20.5422,20.5153,20.4209,21.0532,21.3247,20.8728,20.3579,20.2723,20.4738,21.1429,20.3573,20.6866,20.8651,20.745,20.9415,19.8823,19.8825,19.9416,20.4717,20.6828,20.7088,19.9554,20.2461,19.9391,20.6841,20.341,20.3786,21.2467,21.5198,21.8194,19.7323,19.6552,19.7238,20.5842,21.4543,20.4278,20.1482,20.1582,20.1306,20.2668,20.2642,20.2056,20.5041,20.4959,21.0729,20.2437,20.412,20.5425,21.6723,22.29,21.0406,20.6217,20.6407,20.5574,20.7181,20.1618,20.3154,20.7927,21.0159,21.2137
768,4:40:15 PM,20.0375,20.0006,19.9993,20.3604,20.4603,20.4634,20.6184,20.6524,20.7201,20.8081,20.6624,20.6143,20.4618,20.4569,20.6334,20.7446,20.7377,20.7696,21.019,21.2288,20.9989,20.68,20.6575,20.5418,20.5332,20.3059,20.348,20.1594,20.2351,20.1758,20.8159,20.6595,20.847,20.9662,21.3022,20.9323,20.6853,20.6848,20.697,21.0639,20.7403,20.8075,21.1806,21.2666,21.3838,21.0805,21.0918,21.0205,20.5178,20.7058,20.3593,19.8826,19.8468,19.8979,20.4178,20.6113,20.5326,20.9021,21.0238,21.0797,20.4928,20.4774,20.3964,20.9914,21.2781,20.9706,20.4524,20.2654,20.4542,21.0699,20.3817,20.6182,20.8228,20.7456,20.9183,19.882,19.9011,19.9301,20.469,20.6587,20.7055,19.8845,20.1801,19.9482,20.5614,20.2946,20.3384,21.25,21.4011,22.0237,19.7355,19.7293,19.7074,20.6136,21.4917,20.3414,20.0386,20.0797,20.1071,20.1249,20.2699,20.1551,20.4931,20.5296,20.9775,20.3011,20.4621,20.518,21.3676,22.0336,21.0823,20.5533,20.6489,20.5912,20.9247,20.3016,20.3473,20.8067,21.0187,21.1654
769,4:40:35 PM,20.0966,20.0377,19.9789,20.3581,20.418,20.4304,20.5296,20.6547,20.6773,20.7158,20.6572,20.6041,20.4639,20.4883,20.6133,20.7795,20.7672,20.7588,21.0292,21.2266,20.9981,20.6793,20.6145,20.4962,20.5346,20.2967,20.3819,20.2264,20.1314,20.2625,20.8641,20.6797,20.8466,20.9234,21.3,20.9295,20.7066,20.7091,20.6082,20.8301,20.8397,20.8335,21.1359,21.2667,21.3597,21.0596,21.1534,21.0812,20.5694,20.7476,20.3994,19.8742,19.8957,19.8571,20.4295,20.5449,20.4859,20.95,21.0029,21.0718,20.5349,20.4755,20.4914,21.0231,21.1446,20.9454,20.4504,20.3057,20.4854,20.9472,20.3927,20.6224,20.7933,20.6614,20.8247,19.9257,19.8735,19.9238,20.5146,20.6608,20.7382,19.9223,20.2163,20.0013,20.6499,20.2958,20.3877,21.1883,21.2961,21.992,19.6754,19.63,19.6794,20.6412,21.3353,20.4235,19.9343,19.9744,19.9997,20.0885,20.2248,20.1681,20.5086,20.5778,20.8577,20.3761,20.5417,20.5415,21.3308,21.9432,21.0115,20.5381,20.6239,20.6352,20.8597,20.2492,20.3772,20.7795,20.9657,21.177
770,4:40:55 PM,20.0716,20.0091,20.023,20.3092,20.3843,20.4113,20.4997,20.6252,20.5916,20.7072,20.6907,20.7134,20.5814,20.5252,20.6087,20.7318,20.7784,20.7684,20.9627,21.2261,20.9605,20.6273,20.6144,20.4555,20.5035,20.26,20.3281,20.1331,20.1365,20.2624,20.739,20.6384,20.774,21.0069,21.355,20.9556,20.6988,20.7334,20.7154,20.9722,20.8047,20.8641,21.1701,21.3361,21.3717,21.0251,21.0921,21.0435,20.6102,20.7749,20.3937,19.93,19.8185,19.7822,20.4499,20.4326,20.4935,20.9519,21.016,21.1332,20.4152,20.4213,20.4393,21.0309,21.2129,20.8745,20.4745,20.2637,20.451,20.9736,20.3662,20.6105,20.8324,20.6353,20.7854,19.9041,19.8553,19.9415,20.4749,20.6209,20.7318,19.898,20.3337,19.9376,20.709,20.2959,20.3698,21.2573,21.3595,22.0655,19.7472,19.7508,19.7028,20.6691,21.3471,20.3191,19.8765,19.9251,20.0616,19.9859,20.2994,20.2258,20.5284,20.5501,20.7557,20.4456,20.4711,20.4618,21.2288,21.7636,21.0231,20.4875,20.6893,20.5555,20.8957,20.2384,20.3965,20.8032,20.9766,21.1564
771,4:41:15 PM,20.0121,20.0117,19.9891,20.2866,20.4344,20.3916,20.4626,20.5398,20.5719,20.5827,20.6921,20.6584,20.4711,20.5602,20.5681,20.6714,20.7622,20.792,20.9338,21.2875,20.9571,20.6382,20.6641,20.4576,20.469,20.2677,20.3557,20.1445,20.1102,20.1981,20.7125,20.6025,20.7339,20.9503,21.1774,20.9524,20.6646,20.6889,20.6877,20.7948,20.8102,20.9179,21.1584,21.2377,21.4227,21.0376,21.0718,21.0671,20.5956,20.7068,20.3773,19.897,19.8137,19.8004,20.4567,20.3587,20.5204,20.9467,21.0132,20.974,20.3953,20.4077,20.4398,20.9779,21.2524,20.8497,20.4078,20.3094,20.4622,20.9667,20.3788,20.6388,20.7702,20.6623,20.8489,19.971,19.8675,19.8938,20.5039,20.6375,20.7839,19.9283,20.1981,19.9972,20.7236,20.3032,20.4143,21.138,21.403,22.1609,19.7279,19.733,19.7494,20.7964,21.2491,20.4047,19.9219,19.9592,20.0758,19.9723,20.2227,20.1405,20.6362,20.5288,20.7309,20.346,20.4233,20.5519,21.2184,21.9869,21.0405,20.4503,20.6156,20.6071,20.7907,20.2827,20.3769,20.8026,20.9932,21.2336
772,4:41:35 PM,19.9693,19.9932,19.9172,20.336,20.4821,20.4246,20.5567,20.6245,20.5049,20.5337,20.6255,20.6207,20.4845,20.6086,20.658,20.6661,20.8037,20.76,21.006,21.2154,20.9671,20.637,20.6096,20.4767,20.4711,20.2556,20.2931,20.0363,20.1208,20.2349,20.6843,20.5913,20.6189,20.9986,21.1447,20.9563,20.6919,20.7116,20.7662,20.8785,20.761,20.8067,21.1839,21.1442,21.4132,21.0666,21.1275,21.0846,20.514,20.6278,20.3701,19.9276,19.8303,19.819,20.4409,20.3396,20.4601,20.9228,20.9559,20.9369,20.453,20.4282,20.3905,21.0397,21.2255,20.8098,20.3985,20.28,20.4052,20.9536,20.5163,20.5771,20.7733,20.6509,20.919,20.0217,19.8805,19.8912,20.41,20.6195,20.7769,19.9609,20.0654,20.0217,20.6351,20.3405,20.3639,21.1503,21.4377,22.0049,19.6475,19.7377,19.7693,20.7957,21.2395,20.3585,19.9684,20.0815,20.0032,19.9769,20.2379,20.231,20.5567,20.5402,20.9266,20.3872,20.4133,20.5356,21.2766,22.2518,21.0081,20.486,20.6184,20.5872,20.7086,20.2331,20.3601,20.8183,20.9724,21.21
773,4:41:55 PM,19.916,19.9844,19.9252,20.3306,20.4611,20.4684,20.608,20.6541,20.6431,20.6033,20.6307,20.6029,20.4534,20.4978,20.6654,20.7022,20.7736,20.8107,20.965,21.2467,20.9296,20.6528,20.7096,20.5506,20.509,20.2288,20.2829,20.0445,20.1574,20.2171,20.5809,20.6215,20.6761,20.9285,21.2017,20.9494,20.6991,20.6371,20.7674,20.8835,20.7949,20.7929,21.1482,21.2135,21.4298,21.043,21.1425,21.0576,20.5934,20.6148,20.3583,19.8474,19.8967,19.7946,20.3978,20.32,20.4573,20.9232,20.9786,21.0041,20.469,20.4662,20.3887,20.9731,21.3176,20.844,20.3972,20.278,20.4343,20.8868,20.6562,20.6116,20.8114,20.6412,20.8174,19.8626,19.7602,19.9197,20.3662,20.6399,20.7097,19.8977,20.0836,20.0259,20.633,20.3738,20.4412,21.0794,21.2963,22.0901,19.7084,19.7286,19.7757,20.6141,21.3062,20.3457,19.9287,20.1121,20.0608,20.0409,20.2395,20.2517,20.539,20.5166,21.0143,20.3283,20.4536,20.5255,21.3477,22.4837,21.0143,20.4425,20.6218,20.5659,20.7555,20.1912,20.3262,20.8913,21.0211,21.1599
774,4:42:15 PM,19.9379,19.927,19.9845,20.3363,20.466,20.4548,20.6276,20.6783,20.785,20.6778,20.6467,20.5675,20.4081,20.4844,20.6441,20.6359,20.794,20.7969,20.9872,21.2563,20.9084,20.648,20.6022,20.549,20.5858,20.2478,20.2723,20.0577,20.1797,20.2655,20.6317,20.7202,20.7264,20.9681,21.1598,20.8746,20.6823,20.6419,20.7428,20.9687,20.7552,20.7677,21.1463,21.2704,21.4662,21.0143,21.0893,21.1001,20.594,20.621,20.3682,19.8686,19.8276,19.7095,20.3735,20.3911,20.4838,20.8741,20.9609,20.978,20.4374,20.5033,20.4072,20.9898,21.3043,20.789,20.3954,20.3267,20.4489,20.9109,20.6159,20.6207,20.8862,20.6701,20.7465,19.8588,19.7925,19.9555,20.4304,20.5918,20.6858,19.9073,20.0173,19.9909,20.5723,20.2733,20.3995,21.1478,21.2854,21.9186,19.6437,19.7217,19.7785,20.6258,21.339,20.3277,20.0275,20.1708,20.0269,20.2189,20.192,20.1893,20.5118,20.443,21.0979,20.2691,20.4456,20.4834,21.338,22.528,21.0024,20.3384,20.6938,20.5798,20.7583,20.1082,20.3182,20.8428,21.0248,21.1211
775,4:42:35 PM,19.9967,19.9774,19.9333,20.3512,20.3846,20.5571,20.6917,20.7526,20.7311,20.6914,20.6505,20.548,20.4411,20.4585,20.6626,20.7032,20.7418,20.807,20.9961,21.2287,20.9868,20.6311,20.5694,20.5041,20.6584,20.2203,20.2473,19.9908,20.1637,20.2013,20.5969,20.7278,20.7577,20.9067,21.2184,20.9052,20.6875,20.6189,20.7711,20.9704,20.8306,20.7755,21.0659,21.2525,21.3858,21.1189,21.0765,21.059,20.574,20.5943,20.3406,19.8365,19.851,19.7477,20.398,20.2762,20.4499,20.888,20.9792,21.1923,20.4468,20.4521,20.3881,20.9603,21.3976,20.8019,20.4105,20.2649,20.4929,21.0615,20.5289,20.7074,20.7847,20.6634,20.6977,19.8545,19.8076,19.8881,20.4362,20.6252,20.6991,19.9441,20.0584,19.9662,20.5214,20.3045,20.4877,21.1593,21.3761,22.0572,19.7789,19.744,19.759,20.7048,21.347,20.3726,19.9102,20.0459,20.1196,20.1779,20.1965,20.1877,20.5527,20.4266,21.0687,20.2461,20.3708,20.4434,21.2637,22.5291,20.9929,20.4197,20.6919,20.562,20.7449,20.1319,20.3208,20.9123,21.0101,21.0968
776,4:42:55 PM,19.973,19.9783,19.9387,20.2863,20.3925,20.4247,20.7093,20.7879,20.7755,20.7488,20.5955,20.511,20.4411,20.4166,20.6267,20.6778,20.7575,20.7673,20.9628,21.2034,20.9929,20.6507,20.5565,20.4616,20.5296,20.2668,20.294,20.0912,20.1174,20.2143,20.6533,20.6735,20.7826,20.9999,21.1266,20.892,20.6347,20.6222,20.6275,20.8376,20.8244,20.8075,21.1585,21.2938,21.3842,21.031,21.0953,21.0049,20.5447,20.642,20.3791,19.8467,19.9062,19.8207,20.4478,20.3142,20.5043,20.878,20.9977,21.1445,20.4908,20.4977,20.4467,21.0649,21.3392,20.8208,20.4405,20.3412,20.4642,21.1014,20.4135,20.6162,20.748,20.6447,20.8329,19.8916,19.8285,19.8895,20.4285,20.5893,20.678,19.9917,20.1551,19.9192,20.4856,20.3165,20.5305,21.1745,21.3518,21.9995,19.7449,19.6737,19.6644,20.765,21.3759,20.3797,20.0414,19.9899,20.0104,20.1652,20.1939,20.2407,20.4577,20.5554,21.0795,20.2616,20.4516,20.4202,21.4194,22.4558,20.9992,20.4734,20.629,20.587,20.6728,20.152,20.2618,20.7438,20.9882,21.1772
777,4:43:15 PM,20.0528,19.9805,19.8929,20.315,20.4403,20.4619,20.6715,20.7632,20.8533,20.7903,20.6274,20.5526,20.3927,20.4091,20.5521,20.6767,20.7612,20.7482,20.9523,21.2098,21.0229,20.612,20.5332,20.6044,20.4972,20.2127,20.3177,20.1313,20.1448,20.1687,20.7314,20.6362,20.8203,20.9491,21.2038,20.9026,20.6065,20.5996,20.57,20.8008,20.7962,20.7742,21.0936,21.2566,21.4211,21.0106,21.1131,21.048,20.5698,20.6474,20.383,19.8641,19.937,19.7887,20.4137,20.3148,20.5079,20.8922,20.9748,21.084,20.4011,20.4873,20.403,21.0115,21.3136,20.8861,20.3725,20.2636,20.4576,21.108,20.4082,20.5095,20.8174,20.6865,20.8248,19.9327,19.8399,19.916,20.4546,20.5929,20.6603,20.0078,20.2019,19.9641,20.4329,20.262,20.4678,21.2479,21.3277,21.7461,19.6802,19.7011,19.6608,20.741,21.3836,20.3183,19.9507,20.0678,20.0805,20.2076,20.1901,20.2641,20.51,20.5559,21.141,20.2971,20.4477,20.5983,21.4946,22.2753,21.0459,20.5704,20.6516,20.6342,20.634,20.1605,20.2433,20.8078,20.9589,21.1827
778,4:43:35 PM,20.0425,19.9738,19.9423,20.3092,20.41,20.4249,20.6205,20.6779,20.7524,20.8407,20.6666,20.6442,20.4606,20.3535,20.5142,20.7315,20.7115,20.7606,20.9872,21.2236,21.0017,20.6744,20.6505,20.5603,20.4931,20.2689,20.2923,20.0894,20.1351,20.1415,20.698,20.708,20.8636,20.9261,21.1884,20.9197,20.6864,20.6513,20.552,20.8075,20.7809,20.7654,21.0994,21.2898,21.3986,21.0402,21.0912,21.0516,20.4738,20.6042,20.3274,19.8633,19.9385,19.8125,20.4711,20.4484,20.5016,20.9149,20.9541,20.8817,20.4334,20.5037,20.42,21.0286,21.2173,20.9216,20.3965,20.3117,20.4109,21.0428,20.4534,20.549,20.7474,20.6447,20.879,19.9621,19.8701,19.9109,20.4924,20.6916,20.6995,19.9396,20.2075,19.9798,20.4562,20.3327,20.3811,21.2209,21.4466,21.7115,19.7361,19.6786,19.5523,20.7048,21.4103,20.4343,19.9602,20.1124,20.1536,20.2126,20.2988,20.1858,20.5499,20.5439,21.1381,20.2436,20.426,20.5191,21.7025,22.0644,20.9804,20.4878,20.6683,20.67,20.7406,20.184,20.3337,20.7438,20.9051,21.1573
779,4:43:55 PM,20.0764,20.0217,19.9747,20.2881,20.3455,20.4989,20.5361,20.6469,20.8277,20.7978,20.6297,20.6383,20.4434,20.401,20.4934,20.6944,20.7679,20.7213,20.9433,21.293,21.0011,20.6092,20.6785,20.7085,20.5027,20.2021,20.2252,20.0872,20.1934,20.2151,20.7426,20.6941,20.8236,20.9709,21.2289,20.9113,20.616,20.6087,20.6429,20.8075,20.8264,20.8219,21.1139,21.2198,21.3967,20.9583,21.0505,21.0138,20.6018,20.6749,20.3395,19.886,19.8428,19.7314,20.3985,20.3167,20.4692,20.8678,21.0176,20.9631,20.4034,20.4238,20.4764,20.9516,21.2177,20.8323,20.3772,20.319,20.4766,20.9446,20.4676,20.6524,20.7643,20.7124,20.8282,19.9299,19.855,19.9257,20.4425,20.7154,20.6522,19.9574,20.1902,20.0456,20.5725,20.2966,20.414,21.3133,21.5391,21.7214,19.7439,19.7311,19.5944,20.7854,21.3609,20.4097,20.0103,20.1559,20.1506,20.4369,20.2534,20.2604,20.5415,20.5302,21.0454,20.275,20.3859,20.5626,21.5998,22.0068,20.9387,20.5175,20.6446,20.6806,20.5466,20.13,20.3156,20.7622,20.9224,21.2245
780,4:44:15 PM,19.9353,20.0545,19.9114,20.3075,20.379,20.4314,20.5206,20.6405,20.8103,20.7591,20.6648,20.618,20.4909,20.3704,20.6589,20.6723,20.766,20.7128,20.977,21.329,20.9815,20.5318,20.5524,20.5625,20.6306,20.1406,20.2311,20.0572,20.1725,20.2217,20.717,20.6413,20.7694,20.9733,21.2832,20.9294,20.7116,20.6638,20.7855,21.0335,20.8387,20.7743,21.0846,21.2455,21.3883,21.0541,21.1105,21.0852,20.584,20.7014,20.3331,19.7797,19.8348,19.7316,20.377,20.3692,20.4928,20.8678,21.0518,21.0451,20.3677,20.4768,20.4367,21.0576,21.2297,20.8657,20.3153,20.272,20.5024,21.0043,20.4662,20.6208,20.7859,20.6904,20.7701,19.84,19.8271,19.9011,20.5397,20.7227,20.6943,19.9177,20.2533,19.9134,20.5701,20.2951,20.3454,21.2239,21.5386,22.1297,19.7751,19.7305,19.6211,20.8131,21.3795,20.4698,20.0084,20.1583,20.0254,20.2429,20.1954,20.1735,20.5785,20.6051,20.9608,20.2499,20.3582,20.5135,21.4858,22.0821,20.9691,20.4835,20.6297,20.6638,20.558,20.2371,20.3497,20.7221,20.9418,21.1514
781,4:44:35 PM,19.9623,20.0015,19.8797,20.2674,20.2828,20.4635,20.5427,20.642,20.7532,20.6871,20.5688,20.6064,20.4216,20.5231,20.735,20.6635,20.734,20.7684,20.9198,21.2931,20.9989,20.465,20.5607,20.6008,20.6071,20.2187,20.2359,20.0434,20.1931,20.2239,20.7027,20.6817,20.8146,20.9313,21.2561,20.9152,20.6524,20.6457,20.731,21.036,20.8422,20.8493,21.1244,21.2651,21.4281,21.0709,21.134,21.0477,20.5602,20.7452,20.3324,19.7722,19.8409,19.7221,20.4786,20.3687,20.4549,20.9321,21.0603,21.1972,20.4978,20.3729,20.4414,21.016,21.3036,20.8258,20.3586,20.2911,20.4186,20.9458,20.4467,20.6149,20.7803,20.7146,20.8516,19.8282,19.8049,19.9134,20.4879,20.7242,20.6723,19.9203,20.2198,20.0048,20.6885,20.3145,20.406,21.1681,21.3782,22.1784,19.7877,19.7483,19.707,20.5931,21.3814,20.4526,19.934,20.0081,20.0877,20.2368,20.1593,20.2411,20.5592,20.567,20.8897,20.2049,20.4037,20.4547,21.2663,22.1832,20.8963,20.5114,20.543,20.5875,20.5105,20.2087,20.3562,20.6033,20.8862,21.2784
782,4:44:55 PM,19.99,19.9658,19.8582,20.258,20.2735,20.3749,20.5345,20.6555,20.7495,20.7192,20.6073,20.6344,20.4551,20.4615,20.8352,20.764,20.7302,20.7482,20.9317,21.3,20.9068,20.5452,20.5757,20.5994,20.6435,20.2032,20.2478,19.9928,20.0674,20.2319,20.6464,20.5704,20.6907,21.0003,21.2786,20.919,20.6857,20.7229,20.7256,21.1164,20.7915,20.9,21.1522,21.2579,21.525,21.0241,21.1477,21.0644,20.583,20.6912,20.321,19.8153,19.87,19.802,20.4861,20.309,20.4739,20.9185,20.9988,21.1475,20.419,20.4505,20.4065,20.971,21.294,20.8337,20.3956,20.2804,20.4174,20.9982,20.4595,20.6489,20.8258,20.7155,20.9374,19.8268,19.7565,19.8707,20.4827,20.5485,20.6173,19.7984,20.0857,19.8514,20.5883,20.3076,20.3524,21.1579,21.3233,22.1746,19.7059,19.7408,19.6857,20.5332,21.4108,20.3139,20.0228,20.07,20.0394,20.0089,20.205,20.1767,20.523,20.5799,21.0546,20.1287,20.2671,20.4466,21.2516,22.2236,20.8852,20.458,20.58,20.5763,20.5532,20.202,20.359,20.6277,20.8281,21.1521
783,4:45:15 PM,19.9441,19.9654,19.8528,20.2917,20.335,20.3906,20.4841,20.6746,20.7449,20.7337,20.6346,20.5376,20.4203,20.4381,20.705,20.6931,20.7355,20.7742,20.9747,21.2698,20.923,20.5096,20.6007,20.6822,20.699,20.1932,20.2408,20.0838,20.0387,20.2724,20.6832,20.5778,20.6921,21.0059,21.2422,20.9055,20.6101,20.6336,20.7033,20.9677,20.8635,20.858,21.1262,21.3723,21.4732,21.0804,21.1693,21.057,20.5525,20.6615,20.286,19.8396,19.9291,19.797,20.5544,20.2627,20.4581,20.8602,20.97,21.062,20.4112,20.4667,20.4711,21.0421,21.288,20.8884,20.3599,20.2633,20.4086,20.8142,20.4354,20.6396,20.847,20.7212,20.9623,19.7815,19.7773,19.8864,20.4073,20.6527,20.6401,19.8524,19.8997,19.9037,20.598,20.3724,20.3856,21.1645,21.2906,22.0541,19.7199,19.7752,19.6789,20.5628,21.3644,20.3218,19.849,20.0269,19.8079,19.958,20.2267,20.1738,20.5837,20.5343,21.0859,20.2354,20.3363,20.544,21.2353,22.4169,20.9934,20.5164,20.6125,20.6538,20.5262,20.1732,20.2918,20.584,20.9978,21.1786
784,4:45:35 PM,20.0034,19.9895,19.9308,20.3156,20.368,20.4589,20.5984,20.7082,20.7621,20.8221,20.6431,20.6047,20.4772,20.469,20.7571,20.6963,20.7543,20.7221,20.9855,21.2291,20.8913,20.5054,20.6738,20.5529,20.5579,20.2463,20.2651,20.111,20.1341,20.2802,20.755,20.5999,20.7522,20.8862,21.2463,20.921,20.6138,20.6266,20.6949,20.9298,20.8854,20.823,21.1189,21.2778,21.4126,21.0465,21.1204,21.1109,20.635,20.7237,20.2999,19.8802,19.9161,19.8116,20.452,20.3556,20.4928,20.8961,21.006,21.0267,20.4649,20.4104,20.3628,21.0744,21.3543,20.8675,20.3197,20.2717,20.3847,20.8569,20.4136,20.6777,20.8015,20.7157,20.8959,19.8409,19.7766,19.8961,20.4625,20.5999,20.5677,19.8743,19.8723,19.8333,20.5372,20.3485,20.4132,21.2272,21.3864,22.1417,19.6584,19.7162,19.7846,20.473,21.3864,20.338,19.8372,20.0108,19.8031,19.7933,20.2018,20.2485,20.488,20.6009,21.0742,20.2262,20.3893,20.4315,21.2757,22.4416,20.9605,20.4006,20.5549,20.5196,20.4168,20.2082,20.3461,20.7007,20.9764,21.1927
785,4:45:55 PM,19.9722,19.9824,19.9373,20.3508,20.353,20.4882,20.5549,20.6965,20.7311,20.733,20.6694,20.6368,20.4407,20.4465,20.597,20.6394,20.7598,20.7303,20.9985,21.216,20.9414,20.5426,20.5914,20.503,20.5623,20.1909,20.2529,20.1423,20.1374,20.2444,20.6464,20.6371,20.7578,21.0115,21.1337,20.9364,20.7077,20.5925,20.7012,20.7944,20.8412,20.9118,21.1751,21.2091,21.4169,21.0507,21.1366,21.0452,20.5373,20.7056,20.291,19.8426,19.867,19.7813,20.4593,20.2968,20.4088,20.8833,20.9227,20.9709,20.4681,20.4189,20.3915,21.0937,21.2463,20.8072,20.2988,20.2507,20.4675,20.9149,20.351,20.6959,20.7758,20.6576,20.832,19.8282,19.7489,19.8562,20.4201,20.5904,20.6411,19.8728,19.9965,19.8578,20.4734,20.2377,20.3257,21.1627,21.3483,22.2566,19.7634,19.8082,19.7109,20.443,21.3711,20.3824,19.7907,20.0175,19.7986,19.8006,20.1952,20.2605,20.5436,20.6234,21.0556,20.1903,20.3357,20.4886,21.2407,22.2695,21.043,20.3735,20.5474,20.577,20.3347,20.1794,20.2989,20.7291,21.0764,21.3719
786,4:46:15 PM,19.9746,20.0232,19.9232,20.2962,20.3243,20.4725,20.5848,20.6793,20.7727,20.6453,20.6647,20.5322,20.4353,20.4218,20.5885,20.7039,20.7148,20.7816,20.9651,21.0837,20.9993,20.5773,20.5404,20.4504,20.453,20.1939,20.2847,20.0861,20.1592,20.1581,20.5363,20.6226,20.7714,21.0152,21.1181,20.8851,20.6742,20.6782,20.7307,20.8066,20.8209,20.909,21.0976,21.2656,21.4102,21.0246,21.0685,21.0639,20.5454,20.6748,20.2977,19.8671,19.8215,19.7446,20.459,20.2868,20.4695,20.8655,20.8999,21.0387,20.4771,20.4244,20.3976,21.0747,21.247,20.8165,20.4146,20.2897,20.4089,20.931,20.3927,20.6245,20.8012,20.6638,20.8621,19.8253,19.7272,19.8612,20.4435,20.5963,20.571,19.8458,20.1108,19.7318,20.4437,20.2468,20.3905,21.1947,21.2438,22.1024,19.681,19.7572,19.693,20.5045,21.4926,20.3706,19.8353,20.0764,19.9406,19.935,20.17,20.1749,20.5266,20.6362,20.9961,20.2687,20.355,20.4283,21.15,21.9954,20.9302,20.3189,20.512,20.5576,20.3719,20.1245,20.3415,20.8273,20.9872,21.2637
787,4:46:35 PM,19.9351,19.9051,19.8553,20.3074,20.353,20.4451,20.4837,20.5983,20.6516,20.6282,20.5974,20.5429,20.3949,20.4489,20.5557,20.6895,20.7212,20.7083,20.9656,21.1474,20.8974,20.5809,20.5449,20.4793,20.4204,20.1631,20.2474,20.0173,20.1604,20.2375,20.5122,20.6103,20.7232,20.9958,21.1522,20.8839,20.6651,20.6726,20.7541,20.8605,20.7948,20.832,21.1276,21.2723,21.3225,21.0402,21.1155,21.0336,20.5604,20.6205,20.2064,19.7994,19.8664,19.7783,20.4055,20.1717,20.4903,20.9143,20.9369,20.9606,20.565,20.4826,20.3995,21.0197,21.1189,20.8433,20.3752,20.3039,20.3304,20.8763,20.4394,20.4933,20.827,20.6829,20.8824,19.7681,19.6396,19.8549,20.3797,20.6033,20.5712,19.8925,20.0274,19.7591,20.4136,20.2673,20.3407,21.1077,21.188,21.9635,19.7607,19.753,19.765,20.6741,21.53,20.4058,20.0656,20.1887,20.0574,19.9835,20.1759,20.1554,20.4657,20.5027,20.9525,20.1543,20.2822,20.3761,21.0878,22.129,20.8638,20.2825,20.5209,20.5103,20.3472,20.1414,20.2931,20.7676,21.0143,21.2846
788,4:46:55 PM,19.8075,19.9411,19.8613,20.292,20.2905,20.4805,20.5509,20.5147,20.6578,20.5358,20.6339,20.5891,20.3723,20.4087,20.4859,20.6147,20.6862,20.7338,20.9325,21.183,20.8409,20.6639,20.6457,20.4545,20.4185,20.1072,20.1644,20.0591,20.1665,20.1902,20.5232,20.6142,20.6555,21.0238,21.1187,20.9137,20.6557,20.6613,20.6369,20.7882,20.8046,20.7769,21.0787,21.2246,21.3069,21.0208,21.1357,21.0347,20.5867,20.6562,20.1609,19.7773,19.8719,19.8096,20.4354,20.115,20.4285,20.8355,20.8768,20.7955,20.525,20.4504,20.366,20.9164,21.0726,20.908,20.3509,20.2288,20.3762,20.8908,20.4351,20.6033,20.7161,20.6801,20.8826,19.726,19.7097,19.8539,20.3698,20.606,20.5948,19.8413,19.96,19.7153,20.4632,20.1848,20.3962,21.1127,21.0868,21.864,19.7418,19.7755,19.8001,20.7789,21.6323,20.4531,20.1386,20.1475,20.0923,20.0908,20.1429,20.1656,20.5446,20.518,20.8881,20.1039,20.2932,20.3446,21.0977,22.1327,20.8589,20.3182,20.4733,20.4274,20.4149,20.1343,20.2678,20.8309,20.983,21.1099
789,4:47:15 PM,19.7663,19.7982,19.8009,20.2097,20.3989,20.4853,20.5144,20.6281,20.7245,20.5625,20.5477,20.5548,20.3609,20.3959,20.3623,20.645,20.6545,20.6804,20.9372,21.3195,20.8837,20.6822,20.667,20.4819,20.5288,20.0245,20.139,19.962,20.1483,20.163,20.5122,20.5743,20.7416,21.0587,21.0986,20.8827,20.6052,20.6484,20.6266,20.7864,20.687,20.7767,21.0825,21.2128,21.2849,21.0408,21.1428,21.0469,20.5648,20.6443,20.1934,19.7027,19.8614,19.7125,20.4397,20.0671,20.4357,20.9121,20.8703,20.9272,20.4964,20.4879,20.3877,20.8516,21.0643,20.9097,20.3266,20.1772,20.4011,20.936,20.4508,20.5808,20.765,20.6756,20.8076,19.6733,19.6761,19.8185,20.3135,20.602,20.6122,19.7895,19.9727,19.6963,20.5434,20.2379,20.3366,21.0992,21.1364,21.9539,19.6968,19.7322,19.7127,20.8358,21.6404,20.5114,20.1523,20.176,20.1638,20.0461,20.1338,20.1132,20.4497,20.4789,20.7717,20.0018,20.2407,20.3385,21.1958,22.4388,20.9676,20.4231,20.4806,20.4358,20.5749,20.1492,20.2438,20.8559,20.9606,21.211
790,4:47:35 PM,19.7572,19.799,19.7315,20.2102,20.2986,20.4873,20.5901,20.7031,20.7279,20.6583,20.631,20.5127,20.3715,20.3274,20.4165,20.6587,20.7022,20.7606,20.9342,21.1967,20.9537,20.6629,20.6462,20.4751,20.5413,20.1187,20.2153,19.9115,20.0965,20.1576,20.6093,20.6099,20.8026,21.0092,21.0233,20.8474,20.6642,20.5154,20.413,20.6134,20.7055,20.7798,21.0552,21.2377,21.3752,21.0287,21.1228,21.0271,20.5496,20.7292,20.1807,19.7974,19.8067,19.7409,20.4349,20.1496,20.3794,20.7935,20.8217,20.9064,20.47,20.4413,20.346,20.8345,21.1841,20.9196,20.3569,20.2081,20.398,21.0223,20.464,20.5975,20.8297,20.675,20.8286,19.6924,19.6848,19.8114,20.3362,20.5814,20.5668,19.772,19.9892,19.6534,20.5387,20.1862,20.3199,21.0689,21.1912,22.0317,19.7566,19.6923,19.8302,20.7591,21.6431,20.4708,19.9703,20.2023,20.2054,20.0253,20.1473,20.0903,20.4219,20.427,20.6367,19.9628,20.2793,20.3491,21.0951,22.1218,20.9234,20.46,20.4938,20.4947,20.5946,20.1821,20.362,20.8196,20.9394,21.1304
791,4:47:55 PM,19.8229,19.8891,19.7492,20.2432,20.3462,20.4411,20.6384,20.7751,20.823,20.6881,20.6811,20.483,20.3811,20.3059,20.3659,20.6843,20.7015,20.6866,20.8972,21.2915,21.0502,20.6958,20.6388,20.5044,20.5603,20.1703,20.2467,20.0154,20.0443,20.0842,20.6869,20.6492,20.8057,20.9594,21.1184,20.8751,20.6014,20.5143,20.3892,20.5614,20.7141,20.7019,21.0651,21.1878,21.3009,21.0519,21.0737,21.0078,20.5554,20.6456,20.1594,19.7824,19.7958,19.8015,20.3517,20.2098,20.4142,20.8881,20.9294,21.1783,20.525,20.4295,20.3788,20.8001,21.1694,20.8417,20.3093,20.2365,20.3956,21.0755,20.4544,20.6285,20.8166,20.7323,20.7344,19.675,19.6809,19.86,20.3409,20.6383,20.5299,19.7988,20.062,19.717,20.4715,20.2349,20.3373,21.1392,21.2148,22.0053,19.7229,19.6999,19.7557,20.6329,21.6667,20.431,19.8883,20.1401,20.1938,20.0096,20.1022,20.0728,20.4615,20.4527,20.4805,20.0635,20.3121,20.4266,21.1102,22.0461,20.8977,20.384,20.4789,20.461,20.5266,20.1518,20.4419,20.8319,20.9247,21.23
792,4:48:15 PM,19.8576,19.8506,19.7635,20.2277,20.2995,20.4433,20.6813,20.7509,20.7056,20.6451,20.5557,20.4596,20.3,20.2712,20.3555,20.6689,20.7279,20.7226,20.9072,21.2911,21.0628,20.6797,20.633,20.4888,20.5167,20.1297,20.2154,19.9935,19.9771,20.1344,20.7029,20.7099,20.7743,20.9331,21.1585,20.8549,20.5918,20.5626,20.4239,20.5126,20.6894,20.8331,21.1545,21.1703,21.2801,21.0446,21.0021,21.0127,20.5645,20.7117,20.23,19.8078,19.833,19.8154,20.418,20.1923,20.4043,20.8862,20.9372,21.019,20.4451,20.3837,20.3847,20.8628,21.1905,20.8284,20.3483,20.2435,20.3869,21.1743,20.5494,20.6372,20.7787,20.7755,20.8128,19.7931,19.7934,19.8168,20.4151,20.6363,20.5061,19.8108,20.0212,19.6962,20.5175,20.2183,20.3179,21.2109,21.2135,21.8973,19.7443,19.7423,19.761,20.5562,21.5807,20.4302,19.8765,20.1536,20.1405,20.0747,20.0839,20.0842,20.4558,20.5111,20.574,20.1508,20.306,20.3567,21.3927,22.0275,20.8696,20.4062,20.4242,20.48,20.5405,20.1048,20.3706,20.7488,20.917,21.1275
793,4:48:35 PM,19.8092,19.8885,19.8767,20.2171,20.3183,20.4822,20.6129,20.6733,20.6728,20.5442,20.5549,20.5073,20.3537,20.2407,20.3552,20.6747,20.7092,20.6818,20.9056,21.1942,21.0239,20.6437,20.6481,20.5994,20.4608,20.117,20.1887,20.0933,20.0261,20.1015,20.7071,20.6721,20.7753,21.0084,21.2082,20.8026,20.6242,20.5625,20.485,20.7029,20.6999,20.7042,21.1497,21.1494,21.2296,21.0112,21.1133,21.0766,20.5829,20.6429,20.1773,19.7065,19.7719,19.7991,20.4114,20.1019,20.4618,20.8747,20.9659,21.1299,20.5125,20.3485,20.4175,20.9116,21.2711,20.8247,20.3331,20.2336,20.4696,21.0917,20.6052,20.6375,20.7363,20.8025,20.7088,19.709,19.7249,19.8675,20.359,20.6015,20.5648,19.8783,20.0747,19.7618,20.487,20.262,20.3491,21.1909,21.2664,21.8691,19.7773,19.7547,19.7517,20.5984,21.6177,20.4529,19.9499,20.1143,20.2514,20.1569,20.1306,20.1271,20.4615,20.4622,20.5848,20.1848,20.3317,20.4555,21.3969,22.2303,20.8816,20.3618,20.4435,20.4693,20.5272,20.1153,20.3791,20.7899,20.9411,21.1774
794,4:48:55 PM,19.8168,19.8915,19.8571,20.2862,20.3247,20.4961,20.6221,20.7236,20.7048,20.5969,20.6171,20.4473,20.3164,20.3857,20.3976,20.6669,20.7127,20.6689,20.9066,21.2648,21.0964,20.6421,20.6686,20.5987,20.5706,20.1382,20.17,20.0582,20.0174,20.2144,20.5541,20.656,20.7704,20.9432,21.2089,20.9417,20.5603,20.5557,20.4404,20.7869,20.7236,20.7077,21.1782,21.2287,21.3044,20.9535,21.0957,21.0422,20.5479,20.7046,20.2401,19.793,19.7804,19.8267,20.4276,20.1183,20.4151,20.8176,20.9346,20.9596,20.501,20.4538,20.3979,20.8839,21.3741,20.8545,20.3784,20.1974,20.4523,21.0885,20.5531,20.6575,20.8234,20.6793,20.6649,19.797,19.7762,19.9271,20.293,20.689,20.471,19.8977,19.9979,19.7916,20.5467,20.2388,20.3127,21.0894,21.3093,21.7587,19.6724,19.7218,19.7125,20.5338,21.5968,20.4182,19.9613,20.137,20.217,20.0876,20.1681,20.1301,20.4582,20.4799,20.606,20.1809,20.2679,20.3246,21.3658,22.2682,20.8816,20.3242,20.4568,20.459,20.4006,20.0638,20.3526,20.6734,20.8925,21.1275
795,4:49:15 PM,19.83,19.8093,19.8592,20.3461,20.3441,20.5082,20.5805,20.7348,20.74,20.6842,20.5899,20.5059,20.3207,20.3564,20.4225,20.7319,20.6758,20.675,20.9001,21.3355,20.9872,20.6701,20.6712,20.5982,20.5019,20.1304,20.2102,19.999,20.059,20.1982,20.6767,20.6106,20.7878,20.9444,21.1796,20.876,20.5544,20.5861,20.4587,20.7804,20.7913,20.6983,21.1571,21.206,21.3031,21.0135,21.0818,21.0513,20.5766,20.7371,20.1763,19.7608,19.7838,19.836,20.4873,20.1772,20.3838,20.8726,20.9662,21.0389,20.5413,20.4546,20.3765,20.8157,21.3893,20.8194,20.4364,20.2035,20.3941,21.0713,20.4038,20.7014,20.8517,20.6877,20.6861,19.7722,19.7672,19.8905,20.3251,20.6333,20.4984,19.7824,19.9083,19.8148,20.5541,20.2382,20.267,21.0911,21.2072,21.5916,19.7274,19.7719,19.7244,20.6605,21.6576,20.3378,19.905,20.121,20.2371,20.0965,20.1688,20.1987,20.501,20.4784,20.6675,20.2105,20.2345,20.3854,21.1478,22.1762,20.8332,20.1906,20.4534,20.5144,20.4955,20.1456,20.4044,20.7392,20.8511,21.1291
796,4:49:35 PM,19.8423,19.8052,19.8485,20.3261,20.3668,20.5022,20.6296,20.6977,20.7758,20.7797,20.5463,20.4737,20.3623,20.3064,20.4537,20.6831,20.7179,20.6504,20.896,21.2482,20.9293,20.578,20.6383,20.5979,20.5423,20.112,20.1719,20.0517,20.0952,20.2227,20.6476,20.6573,20.8494,20.9483,21.1897,20.8698,20.5339,20.6834,20.5138,20.7773,20.7173,20.6797,21.1669,21.2293,21.297,21.0439,21.0922,21.0712,20.5794,20.6555,20.2404,19.8116,19.7973,19.7033,20.4881,20.2811,20.4003,20.8681,20.9618,21.0321,20.5558,20.4165,20.3919,20.8455,21.3285,20.795,20.3595,20.2077,20.4431,21.1047,20.634,20.6272,20.6722,20.7695,20.7706,19.8065,19.8374,19.8255,20.3887,20.6324,20.496,19.8697,20.0912,19.9129,20.5318,20.2498,20.3074,21.0492,21.1937,21.4918,19.7282,19.7506,19.8735,20.7371,21.6017,20.3169,20.0216,20.122,20.3172,20.0915,20.1174,20.1552,20.4658,20.4443,20.706,20.2718,20.3666,20.3219,21.2582,22.204,20.9132,20.3715,20.4218,20.4734,20.5839,20.1249,20.375,20.6953,20.8188,21.0416
797,4:49:55 PM,19.9505,19.9414,19.8623,20.306,20.3261,20.4913,20.6048,20.6994,20.8512,20.7544,20.5571,20.5503,20.3417,20.3094,20.5034,20.597,20.6642,20.6793,20.9136,21.2847,21.0024,20.5671,20.6354,20.6827,20.4956,20.2238,20.2358,20.0653,20.1155,20.1534,20.6886,20.7101,20.8657,21.0018,21.1616,20.8708,20.5956,20.5915,20.633,20.8695,20.7279,20.7342,21.1297,21.2574,21.3175,21.0276,21.1186,21.0278,20.5222,20.6957,20.2593,19.7748,19.8526,19.8371,20.4637,20.3072,20.4049,20.8996,20.9656,21.0847,20.507,20.4186,20.3705,20.8366,21.2216,20.7718,20.3219,20.1864,20.4417,21.0338,20.4623,20.739,20.6947,20.7973,20.7742,19.9245,19.8998,19.8649,20.4221,20.606,20.5341,19.8575,20.0517,19.9077,20.4868,20.223,20.3167,20.9756,21.0601,21.6223,19.636,19.6793,19.8425,20.6066,21.605,20.3237,20.0413,20.1571,20.2164,20.2281,20.1949,20.1802,20.5282,20.5031,20.9307,20.3209,20.3708,20.4185,21.2241,22.1835,20.9215,20.421,20.4542,20.529,20.7135,20.1399,20.3539,20.7716,20.8432,21.1162
798,4:50:15 PM,19.9244,19.9455,19.9161,20.309,20.3273,20.4714,20.5516,20.7222,20.8427,20.7656,20.5881,20.5047,20.3594,20.3798,20.4867,20.6747,20.6894,20.6787,20.9511,21.2356,20.9649,20.5856,20.6497,20.6785,20.5301,20.2696,20.3253,20.1293,20.0385,20.2,20.767,20.6255,20.8619,21.0232,21.1325,20.8061,20.608,20.7166,20.7903,20.8894,20.7328,20.7512,21.0749,21.3027,21.3283,21.0516,21.1105,21.0433,20.5247,20.72,20.4065,19.9027,19.8757,19.859,20.4647,20.4156,20.3824,20.9765,21.0194,21.1231,20.4616,20.401,20.413,20.8854,21.261,20.8063,20.3451,20.2296,20.4363,20.9426,20.5082,20.6849,20.7027,20.69,20.7806,19.9065,19.904,19.788,20.3831,20.6328,20.4525,19.8815,20.0997,20.0146,20.469,20.2398,20.3385,21.0327,21.1805,21.7525,19.7285,19.6932,19.7934,20.701,21.5828,20.2916,19.9317,20.0186,20.1508,20.1439,20.1411,20.1548,20.4659,20.582,21.1379,20.3385,20.3586,20.4465,21.2835,22.203,20.9135,20.3469,20.407,20.4488,20.6142,20.1482,20.3375,20.8094,20.8617,21.1431
799,4:50:35 PM,19.9766,19.942,19.8552,20.2815,20.4023,20.453,20.5677,20.7016,20.6526,20.6796,20.5588,20.5613,20.4165,20.452,20.5148,20.6203,20.754,20.7106,20.8951,21.1811,20.9445,20.5848,20.6811,20.6737,20.6061,20.3329,20.3286,20.1185,20.0597,20.1836,20.7574,20.5781,20.7264,21.0395,21.1492,20.8414,20.6014,20.6367,20.8202,20.9462,20.7697,20.7763,21.0933,21.2646,21.3296,21.0251,21.1082,21.0317,20.4958,20.7375,20.3375,19.8921,19.8643,19.7453,20.4683,20.3948,20.4617,20.8894,20.9881,21.0682,20.4608,20.4284,20.3984,20.7973,21.2781,20.8472,20.3696,20.265,20.3999,20.9399,20.3685,20.71,20.7774,20.7429,20.9,19.9186,19.8991,19.8684,20.3897,20.6716,20.5934,19.8709,20.1281,20.0112,20.506,20.3092,20.3632,21.046,21.3691,21.8883,19.6981,19.6882,19.8298,20.7364,21.5612,20.3095,19.8108,20.0205,20.1472,20.1524,20.1657,20.2091,20.5508,20.5473,21.2265,20.3054,20.3039,20.3988,21.2922,21.8666,20.91,20.3178,20.3924,20.4201,20.5365,20.1479,20.3121,20.7647,20.9424,21.2212
800,4:50:55 PM,20.0104,19.9463,19.8944,20.2944,20.311,20.468,20.6306,20.6854,20.7101,20.6731,20.5651,20.5207,20.4159,20.5382,20.6257,20.623,20.7103,20.7204,20.9015,21.2712,20.8918,20.6648,20.7384,20.6819,20.5952,20.2566,20.2783,20.1256,20.1069,20.2288,20.8007,20.6073,20.76,21.0136,21.1935,20.9271,20.6207,20.5718,20.7713,20.9631,20.8116,20.6789,21.0584,21.2256,21.4531,20.9821,21.1161,21.0542,20.5224,20.6687,20.3188,19.9017,19.8617,19.7752,20.4429,20.397,20.4892,20.9334,21.0368,21.0324,20.5113,20.4235,20.357,20.8621,21.3611,20.7768,20.366,20.2488,20.385,21.0064,20.3048,20.576,20.8235,20.6222,20.8833,19.8863,19.8445,19.8974,20.4247,20.6076,20.5198,19.9165,20.0858,19.9696,20.5309,20.3175,20.3707,21.1256,21.3773,22.0313,19.6938,19.6977,19.6929,20.6984,21.47,20.2347,19.8062,20.0491,20.1503,19.9838,20.2007,20.1901,20.603,20.6447,21.2067,20.2966,20.309,20.5034,21.1804,21.8648,20.9,20.2996,20.3889,20.4458,20.5087,20.0927,20.2744,20.7615,20.9543,21.2288
801,4:51:15 PM,19.9676,19.9423,19.8438,20.3312,20.3504,20.4093,20.642,20.6918,20.669,20.6765,20.579,20.5567,20.5121,20.4333,20.6112,20.6911,20.7112,20.7663,20.9274,21.2642,20.9973,20.6263,20.7039,20.6378,20.6465,20.2016,20.2813,20.1273,20.1193,20.1189,20.7345,20.6559,20.7686,20.9932,21.233,20.8201,20.6513,20.6183,20.7817,21.1342,20.8263,20.7927,21.0979,21.2546,21.4223,21.001,21.0801,21.0875,20.6077,20.6188,20.3492,19.8596,19.8484,19.7857,20.4403,20.3055,20.4654,20.8099,20.9244,21.0431,20.4308,20.3839,20.4,20.88,21.2869,20.7621,20.3926,20.2678,20.4373,21.0419,20.3861,20.7516,20.7781,20.7213,20.8005,19.8418,19.7875,19.8934,20.4817,20.6036,20.571,19.877,19.9921,19.9263,20.4661,20.3123,20.4683,21.1429,21.3579,22.0808,19.7555,19.7269,19.5869,20.6729,21.448,20.3198,19.8548,20.1758,20.143,20.0374,20.1688,20.1314,20.4979,20.6359,21.0217,20.281,20.3228,20.3843,21.2173,22.0207,20.9102,20.2664,20.3701,20.4412,20.5579,20.1362,20.2997,20.8743,20.9462,21.3835
802,4:51:35 PM,19.8962,19.9141,19.9238,20.3426,20.4182,20.4276,20.6142,20.6544,20.7094,20.7368,20.5497,20.5414,20.4418,20.4745,20.5851,20.6286,20.7452,20.7609,20.9715,21.276,20.9798,20.7191,20.6916,20.5696,20.5675,20.2095,20.2403,20.1437,20.1468,20.2141,20.7214,20.6691,20.7748,20.9034,21.1415,20.8537,20.6245,20.6737,20.8116,20.9365,20.7872,20.7042,21.0302,21.2394,21.474,20.9428,21.1073,21.0906,20.5674,20.7001,20.2767,19.7929,19.8247,19.8601,20.4591,20.3273,20.4179,20.8481,20.9305,21.0388,20.3492,20.4269,20.3719,20.9809,21.3522,20.7354,20.2961,20.2662,20.4374,21.0254,20.2659,20.6683,20.8467,20.6662,20.7251,19.8683,19.7738,19.8698,20.4364,20.6536,20.6138,19.905,19.9775,19.9587,20.5292,20.2769,20.4361,21.1375,21.277,22.0438,19.701,19.6739,19.5718,20.6274,21.3485,20.2776,19.8889,20.131,20.1867,20.0916,20.1546,20.1998,20.4948,20.6017,20.8902,20.2978,20.3686,20.3738,21.1644,22.2681,20.8913,20.3743,20.4011,20.5391,20.6835,20.1562,20.3261,20.7727,21.0342,21.3753
803,4:51:55 PM,19.9406,19.9271,19.923,20.3505,20.2937,20.4171,20.6448,20.7326,20.6935,20.7624,20.5773,20.4728,20.4258,20.4046,20.6813,20.667,20.6863,20.7048,20.9443,21.2844,20.9845,20.7036,20.6747,20.4651,20.5444,20.1898,20.2258,20.1045,20.1159,20.1793,20.6937,20.6895,20.7,20.9262,21.1781,20.8017,20.6388,20.676,20.7903,20.9809,20.8023,20.8075,21.1242,21.2633,21.4241,21.0678,21.1328,21.1125,20.581,20.7474,20.3249,19.8171,19.7986,19.8275,20.3522,20.2959,20.4759,20.8601,20.9066,21.0815,20.418,20.3574,20.3274,20.9826,21.3078,20.7685,20.3102,20.2504,20.3855,21.0669,20.3077,20.6379,20.78,20.7103,20.8025,19.7989,19.7747,19.8984,20.3721,20.5696,20.553,19.9457,20.0025,19.9217,20.4964,20.2938,20.3659,21.0704,21.3106,21.994,19.6348,19.6652,19.6441,20.5611,21.3075,20.2718,19.9596,20.1951,20.2066,20.4274,20.1539,20.1792,20.4859,20.5173,20.9044,20.2075,20.3689,20.3576,21.1538,21.937,20.9792,20.4123,20.4482,20.4752,20.81,20.1742,20.2615,20.7808,21.0191,21.3364
804,4:52:15 PM,19.8559,19.9034,19.8722,20.3122,20.3687,20.4933,20.6222,20.7213,20.7233,20.7632,20.5464,20.4923,20.2965,20.388,20.5978,20.6468,20.6675,20.7207,20.9181,21.2598,20.9624,20.7075,20.6479,20.5743,20.5482,20.2486,20.1984,20.0895,20.2303,20.1878,20.5725,20.6277,20.7146,20.9434,21.0845,20.7666,20.5656,20.5853,20.7,20.9103,20.7345,20.7405,21.1556,21.1972,21.3239,21.0568,21.1206,21.1084,20.5485,20.7361,20.2392,19.7722,19.8013,19.7767,20.4241,20.2401,20.4073,20.8418,20.9335,20.955,20.378,20.3442,20.3183,20.9745,21.3824,20.7935,20.3701,20.2172,20.4222,21.0711,20.3097,20.6189,20.7843,20.7299,20.7763,19.7996,19.7094,19.8847,20.3857,20.5701,20.5718,19.9673,20.0117,19.9482,20.5188,20.2979,20.3356,21.0435,21.255,21.9927,19.6124,19.6687,19.8067,20.5769,21.3643,20.2807,20.0725,20.1423,20.1502,20.396,20.2006,20.1638,20.4972,20.5951,21.0509,20.2462,20.3821,20.4395,21.0293,21.9026,21.014,20.489,20.4569,20.4881,20.7656,20.0305,20.2474,20.7846,21.0056,21.2665
805,4:52:35 PM,19.8678,19.9396,19.8625,20.2691,20.3425,20.4204,20.6763,20.6902,20.6945,20.8195,20.6173,20.4677,20.3065,20.4365,20.5498,20.6218,20.6442,20.7728,20.8286,21.2873,21.0586,20.7375,20.6695,20.5792,20.5529,20.1761,20.2144,19.9836,20.1128,20.282,20.7091,20.682,20.7025,20.9452,21.1695,20.8979,20.6099,20.6192,20.7202,20.9624,20.7381,20.7988,21.1966,21.2355,21.3791,21.0492,21.0618,21.0681,20.6213,20.7644,20.2498,19.8507,19.8101,19.833,20.4483,20.1716,20.4873,20.8615,20.8557,21.1115,20.3818,20.4129,20.3765,20.9551,21.3664,20.772,20.3665,20.2672,20.4316,21.1005,20.3519,20.509,20.8054,20.707,20.8279,19.8467,19.763,19.9471,20.2986,20.6115,20.5667,19.8694,20.1146,19.9657,20.529,20.3062,20.4162,21.0484,21.2564,21.9854,19.6244,19.6671,19.7746,20.5952,21.4298,20.318,19.9695,20.0806,20.191,20.3136,20.1265,20.1304,20.5179,20.5762,20.9747,20.2167,20.3306,20.4149,21.1922,22.0532,20.9582,20.5701,20.4507,20.5285,20.6218,20.064,20.2525,20.7896,20.959,21.2525
806,4:52:55 PM,19.9473,19.9345,19.8563,20.2967,20.3597,20.4694,20.6727,20.7709,20.7592,20.7881,20.5252,20.4847,20.3568,20.3925,20.5374,20.5903,20.7046,20.7151,20.9238,21.2478,20.965,20.7501,20.6174,20.638,20.564,20.2766,20.2295,20.0404,20.1056,20.2473,20.7085,20.6012,20.7924,20.9417,21.1587,20.8696,20.6343,20.5842,20.5451,20.8346,20.7622,20.8051,21.1228,21.2203,21.3569,21.0235,21.0414,21.0745,20.5901,20.6925,20.2857,19.7725,19.8236,19.7908,20.4708,20.1621,20.4072,20.8369,20.8536,20.994,20.4582,20.3789,20.4091,20.9956,21.3421,20.807,20.3828,20.2481,20.4353,21.0206,20.3079,20.5655,20.8775,20.6066,20.8497,19.8743,19.7748,19.8763,20.4208,20.5497,20.6113,19.928,20.1869,19.9984,20.5952,20.2008,20.4029,21.0283,21.1961,21.857,19.6934,19.792,19.8387,20.6593,21.4339,20.285,19.8861,20.0876,20.0002,20.3302,20.1399,20.1331,20.5161,20.6084,21.0342,20.2031,20.2863,20.4236,21.1582,22.4145,20.9314,20.4384,20.5149,20.4859,20.4622,19.9963,20.3182,20.8807,20.9412,21.33
807,4:53:15 PM,19.9254,19.8861,19.8614,20.2863,20.3313,20.4767,20.7029,20.7139,20.7492,20.7841,20.6001,20.5039,20.4142,20.3977,20.5661,20.6242,20.7448,20.7709,20.9183,21.2187,20.8974,20.6886,20.6491,20.5467,20.6089,20.2186,20.2197,20.0622,20.0923,20.2417,20.6951,20.6506,20.8287,20.8978,21.2417,20.874,20.6287,20.5489,20.6924,20.814,20.6925,20.7405,21.0785,21.1518,21.3593,21.0914,21.093,21.0615,20.5844,20.7126,20.3029,19.7882,19.7666,19.7671,20.3985,20.2623,20.4238,20.8976,20.941,21.0329,20.4366,20.44,20.3592,20.946,21.3454,20.8259,20.3495,20.1859,20.3886,20.9138,20.2715,20.5546,20.8059,20.6437,20.878,19.8891,19.7861,19.8797,20.3781,20.5929,20.6247,19.9024,20.176,19.9157,20.4777,20.3148,20.3808,21.08,21.263,21.9454,19.6858,19.7153,19.6545,20.5882,21.4793,20.2551,19.8303,20.0743,20.1129,20.2571,20.1535,20.1247,20.4351,20.5229,21.1296,20.2182,20.3438,20.43,21.193,22.3195,20.898,20.4169,20.5301,20.4567,20.5903,20.0973,20.428,20.8099,20.9949,21.2798
808,4:53:35 PM,19.9301,19.9581,19.9141,20.3822,20.3953,20.4359,20.6417,20.7732,20.7432,20.7646,20.5743,20.4797,20.3635,20.3602,20.5479,20.6621,20.6701,20.7271,20.8868,21.3465,20.9298,20.6224,20.5684,20.5497,20.6037,20.2352,20.2237,19.9929,20.0928,20.2239,20.6719,20.5869,20.8301,20.8719,21.1793,20.8392,20.5665,20.5877,20.6413,20.8119,20.7298,20.7356,21.0385,21.1463,21.443,21.0839,20.9954,21.0639,20.548,20.7384,20.3158,19.7461,19.8446,19.8094,20.4791,20.2821,20.4267,20.9174,20.992,20.9736,20.4488,20.3899,20.376,20.9604,21.2786,20.7939,20.3573,20.1443,20.4396,20.9006,20.3308,20.6497,20.8481,20.7666,20.9223,19.8671,19.7662,19.9073,20.3902,20.5886,20.6388,19.7919,20.0796,19.7782,20.4974,20.3052,20.3979,21.0845,21.2825,22.0533,19.658,19.6502,19.6055,20.6597,21.443,20.2772,19.8752,20.0549,20.0601,20.2247,20.1839,20.1775,20.5013,20.484,21.15,20.3046,20.3586,20.5208,21.2191,22.2623,20.9564,20.4177,20.4688,20.4829,20.5142,20.1519,20.2992,20.851,20.8678,21.3006
809,4:53:55 PM,19.9762,19.9027,19.9412,20.3492,20.4044,20.419,20.6247,20.8107,20.7774,20.728,20.6292,20.5089,20.3975,20.3592,20.5488,20.6171,20.7596,20.7085,20.9169,21.2773,20.9101,20.5259,20.6544,20.542,20.5924,20.1918,20.1642,20.0081,20.1156,20.1872,20.6684,20.5963,20.8028,20.9292,21.1423,20.768,20.5466,20.6172,20.7661,20.8531,20.6681,20.694,21.084,21.1897,21.4355,20.9969,21.0541,21.0566,20.5854,20.7716,20.2918,19.7471,19.8095,19.878,20.4125,20.2685,20.4554,20.9117,20.9383,21.0375,20.4168,20.4375,20.4131,20.9473,21.3537,20.8344,20.3374,20.2297,20.3937,20.8966,20.4271,20.6295,20.8015,20.7397,20.9159,19.8133,19.8177,19.9324,20.3378,20.5835,20.5973,19.8926,20.1175,19.762,20.3621,20.2785,20.3592,21.0579,21.3433,22.2605,19.6705,19.6706,19.6434,20.6385,21.4259,20.2763,19.9737,20.151,20.1501,20.0757,20.1248,20.1646,20.5029,20.5554,21.0744,20.2335,20.3422,20.5257,21.249,22.3791,20.9614,20.369,20.4814,20.4887,20.709,20.0985,20.2644,20.676,20.8963,21.2458
810,4:54:15 PM,19.9179,19.8821,19.919,20.3218,20.365,20.4002,20.5928,20.797,20.8108,20.7527,20.5366,20.4748,20.3051,20.3227,20.5544,20.6089,20.6985,20.6638,20.9084,21.3063,20.9638,20.599,20.6391,20.6165,20.5926,20.1918,20.2965,20.0707,20.1681,20.1877,20.7303,20.5736,20.8035,20.9219,21.1604,20.896,20.5627,20.6523,20.82,20.8994,20.7791,20.7207,21.053,21.2296,21.4019,21.0095,21.0516,21.0636,20.5087,20.6967,20.2946,19.7976,19.8009,19.8472,20.4572,20.3955,20.4685,20.8974,20.9773,21.014,20.4849,20.441,20.4191,21.0122,21.3662,20.8274,20.3639,20.2508,20.4266,20.9481,20.4327,20.6841,20.714,20.7403,20.9713,19.8309,19.7276,19.931,20.3588,20.6001,20.5885,19.8853,20.1416,19.7614,20.495,20.238,20.273,21.0106,21.3067,22.1492,19.6921,19.622,19.749,20.6547,21.4969,20.3164,19.9511,20.1579,20.1808,20.1479,20.1264,20.1089,20.5111,20.5085,21.0353,20.2834,20.4182,20.4518,21.1621,21.9785,20.9475,20.2913,20.4641,20.5319,20.6746,20.0603,20.2833,20.6711,20.9237,21.2229
811,4:54:35 PM,19.9254,19.9097,19.8526,20.3383,20.4446,20.4121,20.6046,20.8342,20.8924,20.7134,20.5762,20.4699,20.3657,20.3624,20.5177,20.5898,20.671,20.7156,20.9845,21.2482,20.903,20.5634,20.6658,20.681,20.6593,20.2119,20.2963,20.163,20.1617,20.1701,20.7873,20.7474,20.7851,21.0293,21.2106,20.8936,20.5724,20.572,20.7599,20.7603,20.7131,20.7326,21.0908,21.2106,21.3837,21.0158,21.0496,21.0099,20.4475,20.8287,20.2883,19.8043,19.8518,19.7984,20.4444,20.421,20.4465,20.8355,20.9012,20.9608,20.4784,20.4074,20.3389,20.9506,21.3237,20.804,20.3535,20.2214,20.4261,20.9666,20.404,20.5595,20.6825,20.6802,20.861,19.7528,19.7926,19.8892,20.4005,20.6325,20.6004,19.8476,20.2119,19.9174,20.501,20.2872,20.3628,21.0481,21.3054,22.0627,19.7306,19.6635,19.7675,20.5828,21.5057,20.3536,19.8334,20.1689,20.0606,19.9835,20.1742,20.1191,20.4623,20.4758,21.0541,20.2321,20.3372,20.5204,21.1388,21.9424,20.9892,20.4608,20.4484,20.5317,20.6874,20.1957,20.2703,20.7025,20.9361,21.1534
812,4:54:55 PM,19.9588,19.9345,19.8985,20.3416,20.3583,20.4619,20.6438,20.8522,20.8092,20.7822,20.5563,20.4999,20.4266,20.3563,20.4881,20.6524,20.6162,20.6438,20.8519,21.216,20.9648,20.5052,20.6789,20.7286,20.6085,20.2522,20.2939,20.1717,20.1624,20.188,20.8289,20.621,20.8844,21.0075,21.1428,20.8778,20.5831,20.5897,20.7015,20.7618,20.7711,20.8052,21.0369,21.2347,21.3997,21.0215,21.1054,21.01,20.4764,20.7167,20.3054,19.9277,19.8289,19.8423,20.4333,20.3925,20.4399,20.7997,21.0032,20.9874,20.4391,20.4574,20.3681,20.9284,21.3968,20.7893,20.3271,20.1809,20.4171,20.9043,20.3677,20.5629,20.7615,20.6128,20.7621,19.8938,19.9296,19.8553,20.3494,20.5879,20.6187,19.9897,20.244,20.0181,20.5875,20.396,20.4077,21.1408,21.3719,22.0871,19.7261,19.6332,19.6138,20.5006,21.4212,20.3633,19.8602,20.0917,19.9793,19.8962,20.2146,20.1751,20.5196,20.493,20.9772,20.3238,20.3068,20.4462,21.1779,21.7162,21.0169,20.4404,20.4881,20.486,20.6056,20.1638,20.2989,20.7918,20.9826,21.2558
813,4:55:15 PM,20.0278,20.0178,19.9517,20.3044,20.3899,20.482,20.6998,20.8443,20.8411,20.7613,20.563,20.4893,20.3391,20.2685,20.4264,20.5982,20.6602,20.636,20.9378,21.2649,20.8657,20.5877,20.6459,20.6348,20.6062,20.218,20.3109,20.1641,20.1615,20.1997,20.7221,20.5721,20.851,21.0383,21.1161,20.8882,20.6054,20.6584,20.6049,20.7159,20.7172,20.7549,20.9806,21.2338,21.441,21.0022,21.086,21.0131,20.5404,20.7483,20.3791,19.9026,19.8587,19.7884,20.4955,20.3078,20.4521,20.9336,20.9382,20.947,20.3898,20.4048,20.3267,20.8958,21.3451,20.8001,20.3458,20.2183,20.4016,20.8445,20.3357,20.5919,20.8147,20.7916,20.69,20.0073,19.8726,19.8843,20.3995,20.5557,20.6499,20.044,20.1489,20.046,20.5753,20.4531,20.5111,21.2483,21.5689,22.1734,19.7641,19.7221,19.597,20.4935,21.3343,20.341,19.9209,20.0525,19.9671,19.8223,20.2156,20.1755,20.4812,20.5428,21.0476,20.3809,20.3897,20.4752,21.2492,22.0828,21.0428,20.4973,20.4847,20.4403,20.6373,20.208,20.3486,20.8353,21.011,21.1224
814,4:55:35 PM,20.0723,20.0256,19.9697,20.293,20.3578,20.4346,20.6807,20.7687,20.8392,20.807,20.5883,20.517,20.3529,20.3222,20.4625,20.6083,20.6639,20.669,20.9375,21.2688,20.8959,20.5235,20.6389,20.5816,20.5735,20.3067,20.2725,20.1048,20.1102,20.1324,20.7581,20.6183,20.8747,20.917,21.1504,20.7369,20.5825,20.5752,20.5291,20.6577,20.6139,20.6919,21.0045,21.1806,21.3773,21.0047,21.063,21.0639,20.6509,20.6781,20.2841,19.9094,19.8867,19.8048,20.4558,20.3584,20.4984,20.8735,20.9818,21.1242,20.403,20.432,20.3708,20.8878,21.3193,20.7688,20.2843,20.1952,20.4019,20.8144,20.2173,20.5939,20.7679,20.7017,20.7679,19.9134,19.8249,19.9561,20.4597,20.6096,20.6369,20.0145,20.041,20.0463,20.6617,20.3611,20.412,21.316,21.5866,22.2308,19.7197,19.6679,19.5398,20.5348,21.2454,20.4038,20.01,19.967,20.0614,19.964,20.1375,20.1772,20.5387,20.6124,21.0693,20.4586,20.3487,20.5025,21.208,22.1446,21.0122,20.3949,20.4745,20.4614,20.7573,20.1648,20.3162,20.7934,20.9492,21.1639
815,4:55:55 PM,20.1317,20.0567,19.9247,20.2113,20.3628,20.3667,20.5532,20.747,20.762,20.7647,20.618,20.5892,20.4126,20.4505,20.5253,20.6408,20.6105,20.7255,20.9303,21.2747,20.9356,20.6468,20.6092,20.6126,20.5516,20.2962,20.2385,20.153,20.16,20.1406,20.8021,20.6443,20.9153,20.8711,21.1453,20.8498,20.6299,20.5848,20.5646,20.7578,20.6611,20.7173,21.0806,21.1582,21.4322,20.9726,21.0477,21.0383,20.5247,20.719,20.3473,19.9493,19.838,19.8118,20.4179,20.5352,20.4356,20.9244,21.0626,21.1542,20.4005,20.3592,20.3965,20.9256,21.4228,20.8348,20.3433,20.2396,20.3958,20.9143,20.3846,20.6294,20.6951,20.7548,20.7878,19.9545,19.9417,19.9348,20.4053,20.6196,20.5404,19.9681,20.0761,20.053,20.7274,20.3432,20.4716,21.3058,21.4323,22.0233,19.8125,19.6788,19.7846,20.4544,21.2073,20.4445,20.0649,20.0807,20.1385,20.113,20.2188,20.2026,20.5418,20.6131,21.1089,20.5295,20.4052,20.5721,21.3061,22.2803,21.0279,20.4666,20.4829,20.5022,20.8288,20.3064,20.3519,20.7996,21.003,21.1797
816,4:56:15 PM,20.162,20.1586,19.9656,20.2132,20.3804,20.351,20.5369,20.6274,20.7729,20.8154,20.6285,20.6834,20.519,20.623,20.7667,20.6452,20.6745,20.7297,20.9644,21.3057,20.9663,20.573,20.5936,20.6388,20.5874,20.4083,20.3604,20.2826,20.2391,20.2159,20.7921,20.636,20.7751,20.9598,21.2749,20.9005,20.5662,20.6132,20.5942,20.8638,20.6756,20.7273,21.0928,21.2486,21.4014,20.9509,20.9922,20.98,20.5657,20.7084,20.4108,20.068,19.9966,19.8989,20.5005,20.5915,20.5071,20.9199,21.0818,21.2001,20.4149,20.4516,20.4204,21.0001,21.3176,20.8058,20.3762,20.267,20.3937,21.1742,20.7237,20.6791,20.7746,20.7082,20.8291,20.0696,19.898,19.9713,20.451,20.6385,20.5881,20.1039,20.2368,20.1835,20.883,20.5109,20.556,21.339,21.3037,21.8625,20.0175,19.7927,19.8866,20.5631,21.1108,20.5906,20.2275,20.0856,20.2589,20.4867,20.2286,20.2017,20.5884,20.5736,21.177,20.4037,20.4019,20.5107,21.338,22.3656,21.1706,20.5264,20.5281,20.6263,20.9211,20.3189,20.353,20.7788,21.0623,21.4462
817,4:56:35 PM,20.3023,20.1486,20.029,20.3705,20.5472,20.3504,20.6007,20.5976,20.8884,20.9712,20.711,20.6929,20.6188,20.7952,21.1128,20.655,20.7485,20.8116,20.9742,21.4567,20.9628,20.6779,20.7102,21.1618,20.835,20.5158,20.5205,20.479,20.3905,20.2492,21.0252,20.6307,20.8358,20.9645,21.4449,20.8882,20.6549,20.7793,20.84,21.265,20.7566,20.7243,21.2371,21.2662,21.4974,21.0102,20.9953,21.0205,20.6098,20.816,20.5579,20.299,20.1054,20.0331,20.4884,20.7495,20.4909,20.9937,21.1853,21.3373,20.4601,20.4465,20.4518,21.1212,21.4886,20.8297,20.4268,20.3091,20.4493,21.245,21.0569,20.7926,20.9182,20.721,20.9831,20.1807,20.1149,19.986,20.6892,20.6814,20.6051,20.1971,20.2639,20.3854,21.2503,20.7496,20.6902,21.4406,21.5026,21.9705,20.2076,19.8761,20.0337,20.668,21.231,20.7925,20.5144,20.3344,20.3975,20.9329,20.3211,20.2826,20.6363,20.5822,21.4944,20.6232,20.4534,20.5574,21.5155,22.4525,21.2919,20.6904,20.552,20.6636,21.2334,20.6242,20.5342,20.9163,21.241,21.7555
818,4:56:55 PM,20.3665,20.2865,20.2059,20.5293,20.6636,20.5098,20.7124,20.7714,20.9153,21.0685,20.8064,20.716,20.6998,21.1243,21.5561,20.6799,20.7039,20.78,21.0556,21.5201,21.0903,20.7183,20.7334,21.4058,21.1079,20.6605,20.6146,20.578,20.5999,20.3719,21.1771,20.7157,20.9037,21.0453,21.5828,20.9932,20.6739,20.9061,21.195,21.6813,20.8359,20.8414,21.3876,21.4941,21.606,21.122,21.0341,21.0769,20.7241,21.0495,20.7179,20.4957,20.1096,20.2988,20.6052,20.8993,20.5728,21.0436,21.2895,21.4744,20.4785,20.5225,20.5369,21.348,21.5206,20.9362,20.4642,20.2717,20.587,21.4466,21.1942,20.8356,21.0345,20.8209,21.2166,20.3957,20.2652,20.0148,20.9846,20.8165,20.721,20.3163,20.4436,20.4598,21.5857,20.9605,20.7254,21.5139,21.8213,22.1953,20.3928,20.0306,20.2824,21.1472,21.516,20.9261,20.6489,20.4919,20.8098,21.4888,20.3594,20.3833,20.7201,20.8615,22.0509,20.6571,20.5118,20.6436,21.7511,22.5226,21.3645,20.9182,20.6653,20.8259,21.527,20.9057,20.5794,21.0331,21.2837,22.0449
819,4:57:15 PM,20.4226,20.3186,20.2426,20.6004,20.8481,20.5058,20.7441,20.7806,21.0558,21.2055,20.8397,20.7725,20.7994,21.2468,21.7875,20.7109,20.7989,20.8776,21.1189,21.6571,21.1297,20.7721,20.8233,21.7711,21.2789,20.6208,20.7406,20.7424,20.7155,20.4232,21.294,20.7977,20.9601,21.1497,21.8711,21.0346,20.8018,20.961,21.3952,21.9734,20.7883,20.9307,21.505,21.5222,21.6679,21.0507,21.1454,21.0849,20.7676,21.1763,20.7946,20.6012,20.1217,20.4976,20.6023,20.9465,20.5304,21.0452,21.3824,21.6575,20.582,20.494,20.5325,21.4135,21.8086,20.9567,20.5489,20.3972,20.5548,21.4652,21.2585,20.7961,21.0988,20.939,21.3828,20.4302,20.3639,20.0887,21.1173,20.8753,20.7537,20.4026,20.4177,20.6171,21.7793,21.0298,20.7429,21.5499,22.1515,22.3399,20.4326,20.03,20.3509,21.2754,21.7502,20.9801,20.817,20.5269,20.9895,21.8221,20.4545,20.3511,20.7869,20.8819,22.334,20.7202,20.5147,20.8224,21.8297,22.6106,21.4188,20.9443,20.7206,20.9649,21.7227,21.0008,20.6551,21.0708,21.3966,22.2906
