Row,Time,Temperature1(Voltage),Temperature2(Voltage),Temperature3(Voltage),Temperature4(Voltage),Temperature5(Voltage),Temperature6(Voltage),Temperature7(Voltage),Temperature8(Voltage),Temperature9(Voltage),Temperature10(Voltage),Temperature11(Voltage),Temperature12(Voltage),Temperature13(Voltage),Temperature14(Voltage),Temperature15(Voltage),Temperature16(Voltage),Temperature17(Voltage),Temperature18(Voltage),Temperature19(Voltage),Temperature20(Voltage),Temperature21(Voltage),Temperature22(Voltage),Temperature23(Voltage),Temperature24(Voltage),Temperature25(Voltage),Temperature26(Voltage),Temperature27(Voltage),Temperature28(Voltage),Temperature29(Voltage),Temperature30(Voltage),Temperature31(Voltage),Temperature32(Voltage),Temperature33(Voltage),Temperature34(Voltage),Temperature35(Voltage),Temperature36(Voltage),Temperature37(Voltage),Temperature38(Voltage),Temperature39(Voltage),Temperature40(Voltage),Temperature41(Voltage),Temperature42(Voltage),Temperature43(Voltage),Temperature44(Voltage),Temperature45(Voltage),Temperature46(Voltage),Temperature47(Voltage),Temperature48(Voltage),Temperature49(Voltage),Temperature50(Voltage),Temperature51(Voltage),Temperature52(Voltage),Temperature53(Voltage),Temperature54(Voltage),Temperature55(Voltage),Temperature56(Voltage),Temperature57(Voltage),Temperature58(Voltage),Temperature59(Voltage),Temperature60(Voltage),Temperature61(Voltage),Temperature62(Voltage),Temperature63(Voltage),Temperature64(Voltage),Temperature65(Voltage),Temperature66(Voltage),Temperature67(Voltage),Temperature68(Voltage),Temperature69(Voltage),Temperature70(Voltage),Temperature71(Voltage),Temperature72(Voltage),Temperature73(Voltage),Temperature74(Voltage),Temperature75(Voltage),Temperature76(Voltage),Temperature77(Voltage),Temperature78(Voltage),Temperature79(Voltage),Temperature80(Voltage),Temperature81(Voltage),Temperature82(Voltage),Temperature83(Voltage),Temperature84(Voltage),Temperature85(Voltage),Temperature86(Voltage),Temperature87(Voltage),Temperature88(Voltage),Temperature89(Voltage),Temperature90(Voltage),Temperature91(Voltage),Temperature92(Voltage),Temperature93(Voltage),Temperature94(Voltage),Temperature95(Voltage),Temperature96(Voltage),Temperature97(Voltage),Temperature98(Voltage),Temperature99(Voltage),Temperature100(Voltage),Temperature101(Voltage),Temperature102(Voltage),Temperature103(Voltage),Temperature104(Voltage),Temperature105(Voltage),Temperature106(Voltage),Temperature107(Voltage),Temperature108(Voltage),Temperature109(Voltage),Temperature110(Voltage),Temperature111(Voltage),Temperature112(Voltage),Temperature113(Voltage),Temperature114(Voltage),Temperature115(Voltage),Temperature116(Voltage),Temperature117(Voltage),Temperature118(Voltage),Temperature119(Voltage),Temperature120(Voltage)
1,12:24:35 PM,26.7514,26.9382,26.9255,26.996,26.9536,26.9682,27.0576,26.8272,26.9268,26.9513,26.6427,26.9822,26.9323,27.0217,26.8933,26.9765,26.8355,26.788,26.9171,26.8216,26.8394,27.0473,26.7337,26.7671,26.8343,27.0096,27.2671,26.9552,26.8809,26.6862,27.3029,27.2303,26.8615,27.0859,27.0823,26.8955,27.0426,27.1991,26.9788,27.0984,26.6816,26.864,27.4037,27.2382,26.9551,26.892,27.2794,27.2405,27.0729,26.7857,27.082,27.0384,27.0681,27.6739,27.1547,27.2553,27.1385,26.9528,27.0431,26.7429,26.6728,26.8834,26.8534,26.8644,26.8586,26.9485,26.69,26.4338,26.688,26.5999,27.4684,27.1541,27.1248,27.1418,26.8055,27.0166,26.8417,26.8797,27.2287,27.0866,26.9256,26.9585,26.6023,26.8618,26.7154,27.0495,27.1569,27.2224,27.0275,26.6642,26.7951,26.7471,26.7957,26.882,26.54,27.1595,27.0988,26.8752,27.1665,26.8469,26.8158,26.8563,27.0131,26.8046,26.8621,26.9126,27.1277,26.8239,27.2662,26.3573,27.438,26.9063,27.1038,26.995,26.7685,27.026,26.9059,27.0392,27.0965,26.8558
2,12:24:55 PM,26.6186,26.9042,27.0187,26.9437,27.001,26.993,27.0186,26.7569,26.6135,26.9633,26.9029,26.9148,26.8083,27.1058,26.9712,27.0503,26.941,26.9578,26.9025,26.8859,27.0315,27.0969,26.7778,26.8819,26.9005,26.9547,27.2119,26.9079,27.0048,26.9655,27.1784,27.1484,26.8705,26.9594,26.9375,26.9095,26.9073,27.157,27.0223,26.9523,26.8434,26.9956,27.2456,27.058,26.913,26.9851,27.1701,27.1489,27.0199,26.7271,27.0914,26.9433,26.8485,27.56,26.8838,27.3106,27.0451,27.2817,27.2397,26.7655,26.8491,27.0037,26.915,27.1612,26.7241,27.0374,26.7767,26.4895,26.7988,26.879,27.3314,27.0685,27.2485,27.2959,26.9552,26.9865,26.8646,26.7942,27.2581,27.2388,27.0736,26.9689,26.7538,26.9419,26.7011,27.1108,26.9268,27.1188,27.0853,26.5839,26.7467,26.6513,26.9852,26.8084,26.703,27.3546,27.1223,27.0513,27.1865,26.9263,26.9124,26.9556,26.886,26.8466,26.7087,27.0141,26.8726,26.7692,27.1594,26.4728,27.5857,26.946,27.0745,26.7994,26.7792,27.0845,27.0319,27.1243,27.1752,27.0716
3,12:25:15 PM,26.7872,26.8752,26.9102,26.8007,26.954,26.8612,27.1157,27.0421,27.0929,26.9144,26.8356,26.9464,26.8944,27.0218,26.9113,26.9599,27.0906,26.9636,27.0254,26.9669,26.9888,27.0125,26.8266,26.7929,26.7441,26.9428,26.992,27.0662,26.8353,27.151,27.1295,27.0792,27.0595,27.0234,26.6986,26.997,26.8725,27.1024,26.9921,26.9059,27.0066,26.89,27.4331,27.2817,26.6927,27.0015,27.077,26.9406,26.9023,27.003,27.0137,27.016,27.1634,27.4649,27.0217,27.3724,26.9781,26.9368,27.0578,26.9418,26.8156,26.8056,26.9648,26.9217,26.7959,26.9599,26.7184,26.5894,26.6521,26.8889,27.4139,26.8706,27.0199,27.0386,27.0173,26.9169,26.8043,26.6731,27.1586,27.1795,26.7716,26.9863,26.6079,26.8893,26.6558,26.8339,27.0055,27.0819,27.0288,26.7868,26.7706,26.8378,26.5985,27.0619,26.4766,27.4977,27.2741,27.0154,26.9768,26.9747,26.7936,26.8756,27.0577,26.951,26.8909,27.1046,26.9018,26.9954,27.0035,26.5137,27.5308,27.191,27.1663,26.9433,26.6223,26.9508,26.9368,27.0985,27.0535,26.7627
4,12:25:35 PM,26.9157,26.9658,26.8102,26.994,27.0059,26.8459,26.9773,27.01,27.0427,27.0325,26.8951,26.9031,26.8144,26.9966,27.1585,26.8967,27.0201,27.1192,26.8983,26.8062,27.1904,27.0833,26.8568,26.8447,26.9128,26.9298,27.2601,26.8994,27.1841,26.8191,27.1033,27.1206,27.0847,27.1028,26.7229,27.2253,26.9232,27.2147,27.0256,27.1392,27.0825,27.0239,27.2428,27.3139,27.1201,27.0761,27.0785,27.0416,26.6581,26.8325,27.1887,26.9023,27.2072,27.6954,27.0995,27.1802,26.837,26.958,27.2312,26.7672,26.7969,26.8086,26.9148,26.9854,26.6732,27.0745,26.7135,26.3438,26.878,26.7414,27.1624,27.0223,27.1818,27.0086,26.8362,26.8065,26.7648,26.6286,27.2131,27.1131,26.957,27.1393,26.7216,26.865,26.7331,26.9528,26.7516,27.2382,27.1429,26.6294,26.7219,26.9759,26.7924,27.0243,26.4478,27.1982,27.146,26.8316,27.2316,27.0676,26.9378,26.9985,27.0776,26.8798,26.8133,27.0107,27.0058,27.0004,27.0151,26.3833,27.5888,27.067,27.1512,27.0217,26.7631,27.1437,26.8792,26.893,27.0359,26.7916
5,12:25:55 PM,26.8592,26.9563,26.6217,27.0038,26.9421,26.9821,26.9015,27.1219,26.8213,26.8645,26.9008,26.9513,26.8432,27.0753,27.0851,26.9111,26.9654,26.9234,27.0164,27.0993,27.0494,27.0789,26.7918,26.9428,26.8331,26.8826,27.1074,27.1106,26.8596,26.9361,27.0829,27.0951,27.1091,27.2573,27.0526,26.8096,26.9791,27.2359,26.9075,27.1508,26.7654,26.8866,27.2667,27.3036,27.0304,27.0094,26.9019,27.2355,26.8806,26.9256,27.0599,26.9299,26.9641,27.5862,27.1448,27.2147,26.7951,27.0213,27.0711,26.9139,26.8869,26.6626,26.7174,27.261,26.7378,27.0722,26.9056,26.5638,26.8981,26.8113,27.5196,26.9853,26.9178,27.2237,26.8665,27.066,26.9387,26.7322,27.0159,27.0519,26.9068,26.8614,26.7755,26.9649,26.699,27.1691,26.9807,27.0925,27.1187,26.5991,26.871,26.7545,26.9621,26.7184,26.5618,27.1899,27.2033,26.934,26.8419,26.8747,26.9217,27.0969,27.2906,27.1938,26.6537,27.1261,27.1505,27.0196,27.1716,26.2853,27.4576,26.9075,27.027,27.0806,26.8591,27.0506,27.0771,27.0146,27.0759,26.837
6,12:26:15 PM,26.7512,27.0947,26.8924,27.0361,27.1293,26.9232,26.9929,26.829,26.9509,26.8965,27.0697,26.9704,26.694,26.7956,26.9739,27.1429,26.8586,27.0463,26.8453,27.2353,27.3283,27.1909,26.9103,26.9236,26.8522,27.1232,27.1396,26.9554,26.8981,26.9983,27.0912,27.155,26.9813,27.0962,27.2076,27.0655,26.968,27.094,26.9871,27.1386,27.0152,26.9284,27.3573,27.2389,27.1132,27.0616,27.1938,27.1711,26.8484,26.8188,27.0053,27.0305,27.0359,27.6639,27.2275,27.0422,26.8963,27.1032,27.066,26.8397,26.8214,26.7795,26.8247,27.1985,26.9246,27.1093,26.7054,26.4827,26.6929,26.8734,27.3021,27.1996,26.9867,27.2344,26.9773,26.8723,26.7832,26.6108,27.2003,27.0542,26.9888,26.8845,26.8623,26.8846,26.8646,27.1683,27.0038,27.2933,27.1655,26.7375,26.9867,26.8581,26.9316,27.0706,26.3578,27.3473,27.2505,26.8526,26.9939,26.927,26.9681,26.8597,27.1077,27.194,26.6732,27.0359,27.1302,26.9861,27.3607,26.6425,27.5256,26.9904,26.9856,27.0324,26.6884,27.1287,26.9322,27.3083,27.1015,26.7705
7,12:26:35 PM,26.9899,26.9851,26.8787,26.9547,27.3084,26.8843,27.1479,26.8989,27.0814,26.9409,26.7647,26.7763,26.992,26.8948,26.7636,26.9651,27.1207,27.0136,26.9147,26.8306,27.1231,26.8164,26.7068,26.7974,26.9999,27.2724,27.2584,27.0201,26.9746,27.0606,27.0342,27.205,26.9768,27.255,27.2562,27.0303,26.8775,27.1114,26.9091,27.0895,26.9771,27.2633,27.3478,27.2961,26.903,27.1555,27.0944,27.0749,26.8651,26.9637,27.0917,26.9597,27.1575,27.5691,27.0992,27.3401,26.9396,27.167,27.1846,26.8408,26.8867,26.7891,27.0357,27.1282,26.7007,27.0295,26.8145,26.5449,26.902,26.8363,27.3204,27.1879,27.0168,27.1124,27.2014,26.9096,26.8587,26.8168,27.208,27.2435,26.8249,26.9731,26.9346,26.8588,26.5951,26.9561,26.8812,27.2319,27.0779,26.8065,26.7939,26.8185,26.6414,26.9642,26.4821,27.3358,27.3399,27.0551,26.9119,26.9398,26.7841,27.1658,27.1391,27.0959,26.8302,27.0316,26.9208,26.811,27.1343,26.4928,27.2409,27.0526,27.1572,26.9867,26.8834,27.0548,27.2105,27.2637,26.959,27.0935
8,12:26:55 PM,26.8001,27.0424,26.921,27.1588,27.0461,26.9344,26.9619,26.7609,26.9536,27.0571,26.8353,27.0683,27.1683,26.9891,27.1211,27.0302,26.9705,27.1075,27.028,26.7085,27.171,27.1706,26.7627,26.9911,26.9364,27.039,27.302,27.1935,27.1569,27.0124,27.2048,27.1858,27.2054,27.3134,27.0989,27.1717,27.083,27.2389,27.0992,27.0653,26.9133,27.1462,27.3012,27.3277,26.9455,27.2013,27.2574,27.2091,26.9541,26.8212,27.2346,26.9802,27.0021,27.7259,27.3163,27.161,26.8946,26.9602,27.0494,26.9364,26.9547,26.8944,26.8866,27.0704,26.8487,26.9775,26.8107,26.6144,26.7901,26.7738,27.3819,26.8027,27.0887,27.2124,27.087,26.976,26.7756,26.6131,27.1972,27.2506,26.9301,27.1266,26.676,26.9806,26.6706,27.0903,26.9191,27.252,26.9341,26.7463,26.7187,26.9337,26.7478,27.0274,26.6356,27.3049,27.1413,26.9746,26.917,26.9459,26.8724,26.9149,27.0907,26.8485,26.7358,26.8466,26.9324,26.88,27.0977,26.536,27.5229,26.979,27.0107,26.9594,26.5979,27.0516,26.8447,27.1223,27.1653,26.9164
9,12:27:15 PM,26.86,26.8709,26.8417,27.1831,26.8668,26.9508,27.0584,27.0862,27.0547,26.9538,26.9557,26.8766,26.9765,27.0968,26.9558,27.0741,27.02,26.9435,26.9262,26.8022,27.1447,26.9003,26.7514,26.9642,26.5699,27.0363,27.2809,27.0516,26.8975,27.0005,27.2569,27.1366,27.1567,27.1641,27.0925,27.1646,27.1113,27.2406,26.9395,27.0032,26.918,27.1031,27.1957,27.2296,27.2414,27.2557,27.2197,27.1737,26.8886,26.7636,27.0377,26.9727,26.9621,27.8345,27.1805,27.2393,26.885,27.1791,27.0991,26.8551,26.9409,26.8058,26.6116,27.2033,26.7203,26.9148,26.7587,26.5602,26.7592,26.6615,27.2434,26.988,27.0697,26.9843,27.1595,26.9048,26.7215,26.8367,27.1552,27.1392,26.9482,27.0078,26.8733,26.9935,26.8089,27.1269,27.032,27.3034,27.192,26.8775,26.8139,26.8704,27.0213,27.0186,26.6792,27.3161,27.2045,27.0107,26.8742,26.9129,26.7496,26.9878,27.2141,26.965,26.8696,27.1792,26.8775,26.9388,27.0995,26.4872,27.6681,27.2165,27.0705,26.9027,26.8312,27.0889,27.0443,27.3052,27.0683,26.906
10,12:27:35 PM,27.0011,27.004,26.6318,27.1168,26.9693,26.8992,27.0332,27.048,26.8968,26.9962,26.9635,27.0143,26.9656,27.033,26.7887,27.0312,26.7606,27.1376,26.673,27.0002,27.2348,27.159,26.817,26.9417,26.8443,26.962,27.1833,27.1066,27.1106,26.8457,27.2068,27.1372,27.0159,27.2389,27.0878,27.2007,27.1521,27.0789,27.287,26.8441,27.0701,27.1459,27.1753,27.2761,27.2055,27.2998,27.1626,27.0219,26.8317,26.9702,27.1394,26.9257,27.1232,27.6953,27.2043,27.2544,26.9654,27.0682,27.184,26.9348,26.7475,26.8803,26.857,27.2312,26.8392,27.111,26.9214,26.5682,26.7796,26.8871,27.2075,27.1294,26.9886,27.0853,27.1603,26.9414,26.8143,26.9456,27.2158,27.1317,26.8006,26.9809,26.8252,27.1106,26.745,27.1664,27.2329,27.2131,27.1152,26.8302,26.6757,26.8644,27.0219,27.099,26.4793,27.5124,27.237,27.0219,26.9864,27.0171,26.8312,26.8901,27.1328,26.9223,26.7777,27.0916,27.0903,27.0669,27.24,26.5166,27.5134,26.9783,27.0394,27.0168,26.9364,27.3057,27.0415,27.0466,26.9921,27.0198
11,12:27:55 PM,26.9281,26.9378,26.8584,27.0589,27.1096,26.9018,27.0562,27.0169,26.8747,27.0494,27.0848,26.8282,26.9598,27.0262,26.9875,27.1045,26.9791,26.8963,26.9465,27.0802,27.1901,26.878,26.8331,26.9059,26.724,27.1814,27.2112,27.2328,26.9253,26.8643,27.1507,27.1993,27.0812,27.2601,27.124,27.1799,27.0826,27.0887,27.3411,27.1299,26.85,27.057,27.2229,27.278,27.1029,27.0878,27.0821,27.0648,26.9044,26.794,27.1142,27.0581,27.0955,27.6959,27.0689,27.1921,26.8528,27.1092,27.2447,26.9736,26.9054,26.8923,26.8272,27.316,26.8274,27.0937,26.7905,26.347,26.7428,26.7017,27.3951,27.0831,27.1124,27.0208,26.9825,26.9876,26.7074,26.7616,27.2253,27.2254,26.8006,27.0475,26.7833,26.8446,26.7692,26.9702,27.0482,27.1727,27.2344,26.9967,26.822,26.933,27.0544,27.1861,26.6733,27.2371,27.2025,27.2696,26.9156,27.1484,26.8997,26.7757,27.2145,26.9408,27.0056,27.0348,26.9885,27.0779,27.2447,26.3785,27.4293,27.0788,27.0616,26.9174,26.6647,27.186,27.1344,27.0969,27.1576,27.0972
12,12:28:15 PM,26.823,26.9134,26.8761,26.9562,27.0796,27.1124,26.8365,26.8758,27.0117,26.9711,26.8985,27.144,26.8755,27.0664,27.2087,26.9785,26.9757,26.945,27.1308,26.9402,27.0925,27.0126,27.0367,26.8996,26.7857,26.9756,27.2047,26.9562,26.8189,26.8977,27.0653,27.0214,27.183,27.2025,27.1108,27.1815,27.0857,27.0777,26.9142,27.1531,27.0873,26.9626,27.2043,27.1526,27.1326,27.0133,27.1237,27.1771,26.8808,26.8691,27.1511,27.0198,26.9093,27.595,27.1857,27.184,26.8949,27.0289,27.2472,26.8782,26.8601,26.7951,26.93,27.1727,26.8746,26.8692,26.9026,26.4188,26.8563,27.0079,27.323,26.9157,27.1629,27.057,27.0011,27.0218,26.9058,26.977,27.3164,26.9684,26.9889,26.9716,26.7914,26.9195,26.7344,27.0762,27.2552,27.3742,27.0692,26.727,26.8958,26.9887,26.935,27.0343,26.5424,27.3432,27.273,26.8094,27.014,26.9873,27.0158,27.0203,27.3865,27.1362,26.7706,27.0693,26.9673,26.978,27.2712,26.4348,27.6547,27.2684,27.2753,27.0211,26.699,27.1381,27.1198,27.3668,27.0497,26.9945
13,12:28:35 PM,26.9859,26.9517,26.8119,26.9976,26.9755,27.1263,26.8923,27.0903,27.0693,27.1662,27.0094,26.9512,27.0092,27.1312,27.1945,27.1275,26.9742,27.088,26.95,27.1611,27.1133,27.1836,26.9303,26.9328,26.8878,27.031,27.1175,26.925,27.0197,26.8101,27.127,27.0718,27.1606,27.3314,27.1194,27.0924,26.9297,27.2658,27.0466,27.1231,26.8893,27.0898,27.3472,27.457,27.0272,27.2199,27.1305,27.2763,26.7177,26.7546,27.0155,27.1389,27.3083,27.7305,27.2861,27.3096,26.8608,27.1756,27.1774,26.9471,26.9766,27.0229,26.8827,27.1956,26.9562,27.1413,26.737,26.5957,26.9838,26.9234,27.2595,27.1347,27.0037,27.0982,27.027,27.0065,26.8504,26.7939,27.3204,27.1471,26.8593,27.0231,26.9702,26.982,26.9263,27.2023,26.9457,27.3047,27.3241,26.8217,26.7891,26.9392,26.9353,27.1458,26.4428,27.5027,27.2257,27.1043,27.0146,26.8934,26.9587,26.9053,27.109,26.8096,26.8439,26.977,26.9745,27.0191,27.3875,26.5057,27.5436,27.2756,27.1167,27.0849,26.8795,27.091,26.9289,27.0132,27.0854,26.7954
14,12:28:55 PM,26.97,27.0849,26.9376,27.1267,26.9189,26.835,26.9538,27.0313,27.1267,26.8796,27.1013,27.0501,27.0203,26.9942,27.0874,26.9872,26.9717,27.1634,27.0018,26.9668,27.1958,27.0193,27.0428,26.7498,26.6538,27.1876,27.2095,26.983,27.1228,26.9052,27.1741,26.8386,27.2467,27.3449,26.9965,27.2109,27.209,27.2306,27.1033,27.0835,27.0056,27.1197,27.207,27.1385,27.1096,26.9713,27.1297,27.1234,26.8843,26.8695,27.1531,27.0073,27.208,27.6942,27.1449,27.2577,26.8238,27.1683,27.2792,26.9604,27.0028,26.8248,26.917,27.225,26.9993,27.122,26.8467,26.5462,26.9598,26.9589,27.2647,27.1137,27.2356,26.9108,26.9807,27.0023,26.7558,26.8536,27.2023,27.1824,26.9352,27.0039,26.8439,27.1358,26.9185,27.1655,27.1511,27.3654,27.2366,26.757,26.9274,26.8637,26.8146,27.0656,26.7545,27.5022,27.1189,26.992,27.0299,26.8349,26.9766,26.9482,27.183,27.0107,26.8866,26.9221,26.7636,27.0197,27.0986,26.6011,27.4685,27.2121,27.0515,27.1273,26.9996,27.108,27.1443,27.2652,27.138,26.8386
15,12:29:15 PM,26.8842,26.9731,27.0923,27.0657,27.1413,26.78,27.0854,27.0244,27.0028,26.9798,26.9049,27.0405,27.0121,27.1167,27.0558,26.9076,26.8899,26.9531,27.15,27.1388,27.1827,27.1151,26.8757,26.8667,26.8324,27.0644,27.3456,26.9699,27.169,26.9817,27.1964,27.11,27.116,27.2779,27.1883,27.1973,27.2059,27.1714,27.0755,27.108,26.7988,27.1095,27.2244,27.2413,27.0889,27.2758,27.3159,27.3672,26.8883,26.9569,27.1679,27.2051,27.1242,27.533,27.1158,27.1943,26.969,26.955,27.2839,27.1294,26.7496,26.9923,26.825,27.3029,26.8664,27.0078,26.7781,26.6283,27.0232,26.764,27.5428,27.3096,27.1747,27.138,26.954,27.0333,26.8215,26.7875,27.2138,27.0154,26.9136,27.0309,26.6197,27.0756,26.8655,27.312,27.0263,27.3649,27.2155,26.7853,26.8756,26.894,26.8092,27.0792,26.6872,27.4055,27.1803,26.8248,26.9727,27.0189,26.8614,27.0138,27.1902,27.1219,26.8451,27.2574,27.2355,27.3272,26.9544,26.5658,27.6603,27.1103,27.0728,26.8069,26.8348,27.2157,27.0093,27.1919,27.0269,27.0372
16,12:29:35 PM,26.924,26.8866,27.0622,27.0441,26.8012,26.9132,26.9006,26.9389,27.0822,26.8729,26.8292,27.0475,26.8265,27.1307,27.2809,27.0621,26.9852,27.1271,27.2551,27.0001,27.1428,27.0197,26.9653,26.8498,26.9709,26.955,27.217,27.0911,27.0523,26.8314,27.2064,26.9969,27.3887,27.2771,27.3379,27.1257,27.3098,27.1243,27.2369,27.2674,26.8549,26.9911,27.0976,27.2888,27.181,26.9984,27.2931,27.2626,26.9497,26.8317,27.0216,27.0512,26.9713,27.7651,27.3649,27.3581,26.9656,27.1723,27.3153,26.9591,26.9305,26.7078,26.7778,27.0959,26.7491,27.0784,26.9064,26.4409,26.7589,26.8682,27.3741,27.1719,26.9678,27.072,27.1549,26.8672,26.626,26.6379,27.1519,27.1668,27.1964,26.9641,26.9806,27.0477,26.8286,27.2237,27.1401,27.4107,27.1219,26.8447,26.8268,26.9266,26.869,27.1489,26.6675,27.6201,27.1318,27.0963,27.123,27.0388,26.8647,27.0191,27.0169,26.992,26.949,27.0205,27.0419,26.8707,27.2985,26.4517,27.5529,27.3461,27.3688,26.956,26.7845,27.2457,27.1981,27.2309,27.2536,26.9045
17,12:29:55 PM,26.9123,26.8913,27.0444,27.0834,26.9814,26.9298,27.1163,27.0094,26.9801,27.0847,26.9521,27.0955,26.983,27.3055,27.1972,27.0125,27.1367,27.0869,27.1623,27.0151,27.234,26.9901,26.8184,26.9385,26.9045,27.3218,27.3033,27.0888,26.9747,26.7253,27.1279,26.9183,27.1858,27.3532,27.1412,27.2811,27.1322,27.2495,27.0927,27.1632,27.1441,27.3059,27.4775,27.2258,27.3359,27.0086,27.1081,27.1812,26.9514,26.783,27.2005,27.1087,27.0151,27.8613,27.2411,27.058,27.049,27.0793,27.3752,26.9332,26.6775,27.0117,26.855,27.0534,26.7626,27.0723,26.9623,26.751,26.9179,26.8072,27.3631,27.1014,27.0997,27.0669,26.9313,26.9596,26.7227,26.7115,27.1927,27.1262,26.8964,26.8775,26.9131,27.0226,26.6993,27.128,26.9952,27.4168,27.1519,26.8052,26.7817,26.9104,26.8186,26.9934,26.6041,27.4584,27.2733,26.8659,27.1157,27.1082,27.0086,27.086,27.0948,27.0508,26.9012,27.0393,27.0511,27.1598,27.1519,26.2877,27.5722,27.239,27.2692,27.1094,26.7598,27.1819,27.1537,27.1282,27.2783,26.8567
18,12:30:15 PM,26.9395,26.8604,27.047,27.1311,27.2005,26.8678,26.9982,27.0735,26.8405,26.9131,26.9732,27.1491,27.0832,27.2027,27.2074,27.1278,27.0943,26.9952,26.8676,27.0371,27.1357,27.1453,26.9393,26.8995,26.8983,27.1649,27.2682,27.0466,27.0858,26.865,27.1184,27.1167,27.2348,27.375,27.0789,27.0977,27.1138,27.3232,27.0331,27.0202,27.0751,27.1983,27.3972,27.1583,27.1944,27.0268,27.1983,27.3559,26.6945,26.9057,27.1141,27.2386,26.9308,27.7561,27.3731,27.381,26.9785,27.3276,27.2397,26.9973,26.9601,26.7792,27.0116,27.2654,26.8436,27.2103,27.1577,26.7106,26.949,26.7499,27.3633,27.0641,27.2305,26.9799,26.856,27.0193,26.723,26.7632,27.126,27.0983,27.1387,27.2051,27.0206,26.9525,26.8958,27.1305,27.238,27.285,26.9497,26.8066,26.9998,27.044,26.9772,27.1824,26.5721,27.4592,27.297,26.8454,27.2496,27.106,27.1637,27.0536,27.1817,26.8676,26.9132,27.0461,26.9924,26.9351,27.5947,26.5946,27.6547,27.1991,27.0518,27.0285,26.9051,27.2068,26.8927,27.2539,27.1373,26.8034
19,12:30:35 PM,27.0445,26.9749,27.0598,27.1796,27.1127,27.0567,26.9657,27.0623,27.0762,27.0054,27.1197,27.0499,26.9636,27.1294,27.0706,27.1012,27.1857,27.0972,27.1445,27.0868,27.1014,27.2468,26.8461,27.059,26.8019,26.973,27.3919,27.1725,27.0323,26.9681,27.0139,27.0157,27.1967,27.1734,27.1987,27.3516,27.0865,26.9294,27.1483,27.1266,27.022,27.1057,27.3576,27.3102,26.9812,27.2278,27.1978,27.1556,26.8629,26.8152,27.0852,26.9343,27.1918,27.7411,27.2083,27.1698,26.9658,27.1472,27.4119,26.9648,26.9289,26.9579,26.866,27.0678,26.875,27.1072,27.0517,26.6909,27.0203,26.763,27.2472,27.2506,27.1538,27.0291,27.1743,27.0069,26.8881,26.8184,27.2625,27.1055,26.9893,26.9678,26.7236,27.0862,26.9954,27.4261,27.1999,27.2598,27.1226,26.9048,26.7988,26.949,26.7615,26.8836,26.5733,27.3525,27.3843,27.1076,27.0301,27.147,26.9648,26.899,27.2964,27.1417,26.7453,27.1123,27.0579,27.0126,27.3098,26.5944,27.6373,27.042,27.1268,27.079,26.7934,27.1345,27.2541,27.304,27.1254,26.9564
20,12:30:55 PM,27.0722,26.9669,26.9506,27.1674,27.0788,27.0178,27.0546,27.1228,27.141,27.0474,26.9838,26.9874,27.0668,27.157,27.2531,27.056,27.0738,27.0792,27.0477,27.1217,27.2437,27.2506,26.8498,26.8251,27.1337,27.1943,27.3296,27.1631,26.9997,26.7817,27.0041,27.1203,27.083,27.3432,27.1729,27.1896,27.0463,27.1517,27.2791,27.2594,27.1218,27.1581,27.3579,27.3242,27.0742,27.4128,26.9389,27.2406,26.8556,26.8412,27.2243,27.2461,27.0295,27.7266,27.1541,27.3533,27.034,27.3313,27.3873,27.1301,26.9074,26.8101,27.0468,27.122,26.8043,27.1685,26.8796,26.5438,26.9965,26.9096,27.3767,27.2725,27.2541,27.1826,27.0677,27.0427,26.9376,26.7944,27.2027,27.0239,26.7962,26.9125,27.0622,27.181,26.9809,27.1432,26.9708,27.4689,27.152,26.9351,26.8483,27.0311,26.9744,27.0305,26.792,27.3693,27.3468,27.1507,26.9884,27.1503,26.9758,27.0261,27.2361,27.1173,26.9022,27.0796,26.9845,27.1221,27.1456,26.6601,27.6316,27.3843,27.4393,27.0921,26.9548,27.0633,27.1925,27.1699,27.1561,27.0782
21,12:31:15 PM,26.9376,27.1535,26.9532,27.2013,26.9032,26.8475,27.1931,27.0986,27.1481,26.9563,26.9929,27.1942,27.2289,27.34,27.1185,27.0135,26.9935,27.13,26.9465,27.129,27.2417,27.079,26.91,26.9886,27.154,27.0038,27.5077,27.1267,26.9583,26.969,27.0001,27.2043,27.2061,27.2698,27.2105,27.1082,27.1369,27.294,27.184,27.1172,26.9413,27.0313,27.2921,27.479,27.0704,27.0213,27.1547,27.0905,26.8541,26.9101,27.3463,27.0598,27.1464,27.7135,27.3431,27.1823,27.0512,27.0086,27.3645,27.2623,26.9637,27.03,26.851,27.054,27.0068,27.1506,26.821,26.8506,26.9687,26.8866,27.3829,27.2982,27.0081,27.1155,26.8303,26.8742,26.8669,26.7774,27.2271,27.0994,26.9951,26.9666,26.9208,27.2087,26.7067,27.1288,27.1898,27.297,27.3628,26.9559,26.99,26.9993,27.0941,27.1066,26.6944,27.2841,27.1483,27.0361,27.1174,26.9746,27.0684,27.021,27.0635,26.9603,26.6773,26.8757,26.8329,27.2313,27.2937,26.7008,27.5359,27.2092,27.2454,27.1583,26.8222,27.2365,27.0959,27.3428,27.176,27.0383
22,12:31:35 PM,26.7312,26.918,26.9389,27.0323,26.9569,26.9314,27.2314,27.2346,26.9955,27.047,27.0508,27.0116,27.0957,27.1367,27.2306,27.1163,27.1106,27.1987,27.1703,27.0194,27.4368,27.1435,26.862,26.9702,26.8653,27.1439,27.1507,27.0479,27.0755,26.8495,27.334,27.0392,27.2089,27.3989,27.365,27.2553,27.1876,27.0997,27.1356,27.0616,27.032,27.008,27.2935,27.3535,27.133,26.9848,27.4431,27.313,26.871,26.8504,26.9616,26.9186,26.9116,27.5702,27.2653,27.4356,26.8454,27.0116,27.1351,27.1646,27.0462,27.0179,26.9327,27.1835,26.9404,27.1798,26.9871,26.5088,26.8175,26.792,27.5914,27.2976,27.1726,27.008,26.9332,26.9603,26.9999,26.7255,27.2424,27.0125,26.806,27.0295,26.871,27.1664,26.9599,27.0492,27.1915,27.4043,27.2702,26.881,26.894,27.0064,26.9577,27.1081,26.6576,27.3238,27.3156,26.9092,26.8722,26.9333,26.91,27.0852,27.2388,26.9816,26.7291,27.0583,27.0117,26.9988,27.2482,26.7129,27.5976,27.2029,27.3946,27.1546,26.956,27.0745,27.1812,27.122,27.2337,27.0379
23,12:31:55 PM,26.9214,27.142,26.9403,27.105,27.1675,27.101,27.1328,27.1667,27.2113,27.041,27.0395,27.1833,27.2172,27.2785,27.0863,27.0934,27.1262,26.9915,27.133,27.1229,27.2502,27.1094,27.0519,26.9407,26.9335,27.1879,27.5765,27.182,26.9522,27.2615,27.1261,27.0197,27.2228,27.5338,26.9699,27.3613,27.2738,27.3797,27.1243,27.2343,27.1143,26.9772,27.4275,27.3657,27.2385,27.1534,27.2827,27.2464,27.0659,26.8777,27.1344,27.0909,27.0838,27.6532,27.1549,27.3848,27.0988,27.2666,27.1495,26.9312,26.8605,26.9246,27.0326,27.1051,26.9768,27.1073,26.8219,26.6717,26.893,26.9504,27.3995,27.2544,27.2572,26.97,26.9308,26.996,26.7897,26.8002,27.2086,27.1162,26.9426,26.9668,26.7915,27.2348,26.8887,27.3604,27.0404,27.342,27.254,26.7332,26.9089,26.8414,27.122,27.1308,26.7032,27.4167,27.3321,26.9681,27.1601,27.0885,27.0931,27.0208,27.1793,26.9684,26.8515,26.9326,27.1556,26.9193,27.2825,26.7969,27.5779,27.1166,27.19,27.2198,26.9794,27.3015,27.1121,27.1692,27.1823,27.0643
24,12:32:15 PM,27.1239,26.8826,27.0238,26.9988,26.98,26.955,27.2297,26.9087,27.0533,27.1337,27.1499,27.1648,27.1647,27.2101,27.3463,27.1511,27.0015,27.1611,27.1216,26.9399,27.1763,27.0291,27.0054,26.7808,26.9794,27.1992,27.2772,26.9356,27.1353,26.8762,27.2756,27.2653,27.3649,27.3013,27.0445,27.2531,27.1767,27.3194,27.2714,27.1805,27.026,27.1713,27.2684,27.3885,27.2365,27.0603,27.5437,27.3201,26.882,26.784,27.0251,27.4913,27.1317,27.7299,27.2728,27.1692,26.7517,27.3413,27.3763,27.2184,26.8039,26.9858,27.1342,27.3238,27.0355,27.1007,27.0219,26.7666,27.0008,26.8354,27.3939,27.0997,27.1229,26.9714,27.0034,26.9091,26.8117,26.6542,27.2556,26.9625,27.0791,26.9778,26.9894,27.0602,26.9207,27.2905,27.3372,27.4607,27.2186,26.8624,27.0349,27.0777,27.0555,27.2353,26.6439,27.3941,27.2447,27.0981,26.9318,27.085,26.893,27.0924,27.2038,26.8763,27.098,27.2579,27.0543,27.1455,27.3438,26.6589,27.7327,27.1695,27.1149,27.1105,26.8227,27.0634,27.2477,27.0926,27.1756,26.9805
25,12:32:35 PM,26.7808,26.9716,27.0961,27.2933,26.8467,27.0211,27.0321,27.2644,27.145,27.1627,27.0072,26.9706,27.2112,27.0493,27.1629,26.8646,27.1336,27.1738,27.0772,27.0531,27.1108,27.1639,26.992,27.0181,26.8826,27.086,27.38,27.161,27.0119,26.8567,27.3891,26.9524,27.237,27.3852,27.3516,27.2769,27.1039,27.2399,27.2457,27.3148,27.1194,27.2836,27.3338,27.1708,27.4266,27.2554,27.2458,27.2586,26.8594,26.8125,27.0772,27.2674,27.2143,27.5514,27.2977,27.3598,26.9007,27.4056,27.4671,27.183,26.9042,27.166,27.0272,27.4385,26.9592,27.097,26.9669,26.7439,26.9625,26.8302,27.4412,27.4017,27.0869,27.0342,27.0767,26.9973,26.9572,26.7587,27.2056,27.0511,26.9657,27.0019,26.922,27.2427,26.8375,27.3227,27.1557,27.3398,27.3037,26.9504,26.9002,26.9971,27.0082,27.2075,26.7619,27.444,27.2333,27.0462,27.0225,26.9366,27.0597,27.1341,27.2733,27.0825,26.7423,26.9882,27.0132,27.1071,27.2127,26.7412,27.7923,27.349,27.2308,27.239,26.9379,27.2525,27.0894,27.0139,27.1142,26.9957
26,12:32:55 PM,26.8511,26.9379,26.8319,27.0933,27.0482,27.0685,27.0946,27.2,27.3818,27.228,27.1035,27.1219,27.1123,27.1377,27.1267,27.0349,27.0705,27.1369,27.1922,27.0777,27.1935,27.1136,26.9477,26.7723,26.82,27.0784,27.1855,27.1525,27.0739,26.8476,27.0875,27.2114,27.2947,27.338,27.123,27.2708,27.1874,27.4032,27.2153,27.3395,26.941,27.2223,27.4973,27.4477,27.0534,27.1814,27.303,27.3318,26.8948,26.8385,27.0886,27.2916,27.2013,27.6133,27.2166,27.2746,27.1101,27.3003,27.4438,27.026,26.9861,26.9686,26.7896,27.2784,26.8714,27.1301,26.8704,26.6962,26.9719,27.0409,27.4048,27.3245,27.1697,27.1477,27.0061,27.0041,27.0578,26.8648,27.1969,27.1873,26.9834,26.7477,26.8202,27.1106,27.0674,27.4531,27.0903,27.4041,27.2497,26.8573,27.057,27.12,27.1343,27.0426,26.5109,27.355,27.1944,27.1221,27.0017,27.0182,26.939,27.0655,27.3418,27.0629,26.8612,26.9343,26.9464,27.1255,27.4119,26.8384,27.6491,27.1959,27.3632,27.1768,27.1227,27.3259,27.0215,27.4036,27.1823,27.099
27,12:33:15 PM,26.8679,27.2242,27.0447,27.0401,27.1219,26.9798,27.0868,26.9849,27.1417,27.1043,26.9564,27.0379,26.9233,27.1685,27.0553,26.9803,27.1569,27.0823,27.0595,27.08,27.467,27.0625,26.9482,26.9363,26.6909,27.0597,27.3819,27.0039,27.0941,27.1133,27.2257,27.3193,27.1264,27.4208,27.153,27.2452,27.3135,27.2378,27.0994,27.3166,26.9702,27.181,27.3106,27.5917,27.2075,27.1705,27.2753,27.2727,26.683,26.803,27.2361,27.1888,27.3937,27.431,27.4212,27.2258,26.9201,27.1554,27.3603,27.1373,27.0297,27.1344,26.894,27.3397,26.9285,27.0795,26.8171,26.5671,26.9349,26.8419,27.6043,27.2493,27.1136,27.1699,26.8947,26.8499,26.9381,26.687,27.381,27.1928,26.7681,27.0096,26.9898,27.0143,26.8828,27.2246,27.331,27.3335,27.269,27.0145,26.874,26.9016,26.9826,27.1751,26.7581,27.4091,27.1847,27.0469,27.1082,27.1833,27.0095,26.9583,27.1585,27.1196,26.9295,26.9568,26.9337,27.073,27.5417,26.6985,27.5839,27.3096,27.2619,27.3006,27.0448,27.0581,27.0554,27.123,27.3235,26.8952
28,12:33:35 PM,26.841,27.0039,27.0873,27.1468,26.969,26.924,27.0861,27.0914,27.0311,27.2685,27.0527,27.3646,27.3002,27.3195,27.1041,27.1456,26.8993,27.2039,27.0015,27.1745,27.1501,27.0769,26.9531,26.9066,26.7967,27.0346,27.3476,27.1824,27.1168,27.0709,27.1631,27.04,27.3634,27.3598,27.1872,27.2575,27.2308,27.317,27.0743,27.4905,27.056,26.9734,27.2259,27.5303,27.0802,27.2223,27.4779,27.3179,26.8519,26.8263,27.0658,27.2567,27.1926,27.6797,27.2848,27.2142,27.0226,27.3588,27.1938,27.0671,26.7543,26.9594,27.0273,27.3075,26.9154,27.0452,26.9046,26.6279,27.0387,27.0081,27.3669,27.3723,27.1795,26.8751,27.0247,26.8812,26.8242,26.8522,27.3476,27.3589,27.022,26.9472,27.0187,27.0935,26.8384,27.3955,27.0409,27.3803,27.2861,26.9526,26.847,26.9511,27.0733,27.4002,26.6669,27.4409,27.3265,27.1257,26.969,27.0288,26.9938,27.0947,27.0815,26.9718,26.833,26.9587,27.0507,27.0338,27.4405,26.8878,27.5971,27.2187,27.274,27.1423,26.8075,27.2502,27.1203,27.2764,27.204,27.0559
29,12:33:55 PM,26.904,27.208,27.0994,27.0873,27.1239,27.0032,27.0301,27.0671,27.1653,27.0511,27.0934,27.2739,27.1684,27.317,27.2181,27.0038,27.1322,27.1049,27.2351,27.138,27.2664,27.2982,26.9525,26.7957,26.8686,27.1008,27.3244,27.1606,27.0102,26.9346,27.2531,27.1641,27.1593,27.3389,27.3074,27.2752,27.2033,27.2681,27.227,27.361,27.2029,27.1479,27.45,27.4982,26.9827,27.0831,27.3689,27.077,26.7544,26.9999,27.282,27.2331,27.2718,27.816,27.2236,27.2119,27.0408,27.3042,27.3496,27.4796,26.9416,26.9813,27.25,27.1504,27.1113,27.1631,27.259,26.642,26.9372,26.9618,27.6118,27.2919,27.1737,27.0632,26.8973,27.0145,26.804,26.857,27.3358,27.0932,27.2506,26.9987,26.9659,27.1291,26.8088,27.3094,27.147,27.472,27.4762,26.8397,27.0999,27.1059,27.0397,27.1104,26.6618,27.4063,27.3772,27.0242,26.7937,26.983,26.8579,26.9431,27.2306,27.0889,27.0049,27.0235,26.961,27.1764,27.3651,26.7161,27.6249,27.2217,27.2562,27.2082,27.0769,27.0502,27.2223,27.191,27.2459,26.9576
30,12:34:15 PM,26.9264,26.7981,26.9926,27.1087,27.0857,26.9987,27.1567,27.0516,27.1382,27.3292,27.2131,27.1828,27.1264,27.3445,27.2255,26.9921,26.9676,27.3702,27.121,27.1692,27.239,27.2561,26.7953,26.7364,26.8448,27.1011,27.362,27.1204,27.0605,26.9676,27.4987,27.1856,27.3006,27.4601,27.3328,27.2126,27.4407,27.4207,27.1742,27.4165,27.2039,27.1627,27.3131,27.4463,27.1626,27.1227,27.2988,27.2586,26.9178,26.7185,27.0854,27.1704,27.7831,27.7567,27.283,27.2636,26.8874,27.4026,27.5286,27.3877,26.7085,26.876,26.9293,27.2603,26.9639,27.2714,26.9443,26.6503,26.861,26.8849,27.3825,27.133,27.0415,26.9714,26.9987,27.0061,26.8854,26.9136,27.1592,27.1841,26.989,26.9414,27.085,27.2181,26.9062,27.2624,27.1717,27.5459,27.2409,26.8736,27.0403,27.0038,27.0154,27.0593,26.7891,27.5153,27.2135,27.216,27.0442,27.1157,27.1555,27.0818,27.3138,27.0559,26.8782,27.1698,27.0366,27.2755,27.3945,26.6867,27.7572,27.2885,27.3975,27.2984,27.0387,27.236,27.0941,27.2388,27.157,27.111
31,12:34:35 PM,27.009,27.0617,26.8071,27.0806,26.9353,26.8642,27.0321,27.0018,27.3905,27.3352,27.0527,27.3421,27.0047,27.155,27.2473,27.0874,27.0351,27.1933,27.3014,27.0057,27.2332,27.2466,26.9332,26.94,26.8998,27.062,27.3423,26.9399,27.1183,26.9894,27.0742,27.1861,27.0824,27.2772,27.0895,27.3415,27.3103,27.5225,27.2375,27.2695,27.1995,27.0872,27.3337,27.5016,27.2893,27.3551,27.1292,27.1184,26.8656,26.8498,27.072,27.1775,27.5435,27.7173,27.2502,27.2925,26.9409,27.2416,27.1344,27.2071,26.9514,27.1027,26.9266,27.2762,27.0595,27.1599,26.9073,26.492,26.6893,27.0333,27.6164,27.3038,27.0411,27.0505,26.9637,27.0877,27.0098,26.9729,27.2535,27.2436,26.953,27.2253,26.9484,27.1827,26.9609,27.1962,27.0694,27.5203,27.4025,26.9405,27.0034,27.0514,27.0423,27.1543,26.6238,27.3797,27.461,27.1678,27.0361,27.0529,27.1393,27.3894,27.209,26.8394,27.0109,27.0953,27.0407,27.1107,27.2476,26.8963,27.6372,27.0116,27.4089,27.3192,27.0638,27.0997,27.0938,27.3653,27.241,27.0412
32,12:34:55 PM,26.873,27.0626,26.9237,27.0135,27.1425,26.9198,26.9102,27.162,27.1182,27.0335,27.1712,26.9928,27.2238,27.1854,27.1735,27.1417,26.9597,27.1339,27.1719,26.9879,27.3583,27.098,26.9841,26.9951,26.7544,27.1053,27.2066,27.1835,27.1373,26.96,27.2584,27.1064,27.3577,27.3781,27.2682,27.295,26.9683,27.5459,27.3027,27.4022,27.1079,27.0969,27.3928,27.4317,27.1648,27.337,27.3811,27.5664,26.7111,26.8458,27.0044,27.5149,27.6358,27.4575,27.3367,27.3239,27.0517,27.3065,27.3158,27.516,27.0906,27.1784,26.9781,27.3296,27.1086,26.9636,26.9453,26.6119,26.9512,26.9045,27.4443,27.4955,27.4616,27.0059,27.009,27.0915,27.0102,26.7503,27.3681,27.167,27.0827,27.1665,26.9961,27.2573,26.8015,27.3229,27.0497,27.254,27.0567,27.0204,26.8261,26.9308,27.0119,27.3173,26.6175,27.5615,27.3442,27.1164,27.0984,26.947,27.0425,27.1197,27.1289,27.2008,27.0175,26.8933,26.8991,27.0964,27.4367,26.7278,27.7552,27.1651,27.3831,26.9902,27.0227,27.1788,27.2502,27.1649,27.0961,26.9166
33,12:35:15 PM,26.9737,26.9872,26.9285,27.2421,27.1961,26.8933,27.1038,27.0148,27.1677,27.1807,27.116,27.1849,26.9943,27.4042,27.1809,27.1743,27.0593,27.2168,27.1369,27.1739,27.3927,27.1624,27.1308,27.0351,26.8294,27.0884,27.308,27.0899,27.1117,26.8485,27.0701,27.0314,27.2374,27.3768,27.3012,27.253,27.1793,27.3231,27.1711,27.1953,27.0241,27.1594,27.3356,27.5097,27.0915,27.0152,27.278,27.2417,26.9256,26.9641,27.1918,27.4141,27.6792,27.6423,27.4163,27.3105,27.1246,27.2027,27.4767,27.3842,26.9373,27.0274,27.0578,27.2758,27.1001,27.217,27.0206,26.5546,26.9771,27.0549,27.6661,27.369,27.2347,27.0566,27.1058,27.0667,26.9362,26.8032,27.2399,27.2336,26.8558,27.0977,27.0289,27.1603,26.9995,27.3896,27.2341,27.5038,27.3282,26.7516,27.0483,27.0538,27.0444,27.2284,26.6952,27.3596,27.356,27.0222,26.9756,27.1642,26.9581,26.947,27.33,26.8855,26.9323,27.1093,26.8863,27.1678,27.3089,26.6731,27.6318,27.1985,27.2575,27.2786,26.8831,27.037,27.0669,27.2286,27.3532,27.1626
34,12:35:35 PM,26.9096,27.1172,26.9632,27.1441,27.0486,27.1121,27.0676,27.2076,27.2198,27.1691,27.2533,27.0173,27.2715,27.2469,27.1721,27.2073,27.0078,27.3259,27.1473,27.2614,27.2031,27.1663,27.0576,26.8854,26.9045,27.1462,27.1206,27.0598,27.0811,26.8896,27.3329,26.9488,27.2906,27.332,27.3184,27.388,27.2227,27.2616,27.4064,27.3876,27.0612,27.1439,27.4053,27.569,27.2425,27.3144,27.3935,27.2007,26.9853,26.8551,27.2133,27.2047,27.8616,27.605,27.3672,27.4084,27.2012,27.2562,27.5517,27.5152,27.0319,27.1428,27.0929,27.1421,27.0106,27.4432,27.1019,26.7038,26.9449,27.0333,27.3802,27.1932,27.1737,27.1817,27.2759,27.0202,26.9487,27.0711,27.1851,27.1686,26.991,27.0626,26.8208,27.2894,26.9429,27.2378,27.1655,27.5216,27.3243,26.9793,27.0021,27.0729,27.0775,27.0656,26.7867,27.3846,27.3753,27.1487,27.0356,27.1978,27.0382,27.2342,27.1422,27.1791,26.9534,27.1326,27.1058,27.5109,27.525,26.682,27.8683,27.2139,27.3054,27.0397,26.9934,27.1994,27.2038,27.283,27.351,27.1209
35,12:35:55 PM,27.0201,27.0051,26.9605,27.1914,26.9272,26.9751,27.0913,27.0346,27.1717,27.1141,27.1419,27.3131,27.2328,27.2323,27.3362,27.0208,27.3142,27.0021,27.2632,27.2729,27.2791,27.1895,27.1273,27.0277,26.9454,27.0886,27.208,26.8965,26.9949,27.0506,27.1724,26.8409,27.2982,27.4019,27.2624,27.3413,27.2822,27.2074,27.3883,27.267,26.9937,27.1412,27.3378,27.3736,27.269,27.2223,27.2131,27.2321,26.9346,26.872,27.2615,27.2669,27.7984,27.6484,27.5447,27.158,26.94,27.2969,27.3823,27.2002,27.0847,27.0764,27.038,27.1539,26.9414,27.0102,27.004,26.5417,27.1295,26.9994,27.5776,27.3736,27.0627,27.2491,26.9937,27.1143,26.9994,26.7893,27.2546,27.1204,26.994,27.1241,27.1245,26.9682,27.0606,27.1807,27.3614,27.6727,27.1889,26.8443,27.0262,27.1579,27.0447,27.2665,26.9493,27.4134,27.3395,27.3481,26.9101,27.0292,26.9232,27.0644,27.2266,27.1607,26.7791,26.9005,27.126,27.2221,27.5818,26.831,27.7168,27.2975,27.2944,27.0366,27.2395,27.1449,27.111,27.283,27.1188,27.0796
36,12:36:15 PM,26.8574,26.9757,26.9956,27.2169,27.1014,26.8171,27.0316,27.0837,27.2589,27.3209,27.1781,27.0116,27.3092,27.2821,27.0808,27.1339,27.1923,27.103,27.0347,27.1389,27.2122,27.1791,27.0057,26.9793,26.9879,27.1469,27.2781,27.0122,26.9911,26.9233,27.4024,27.2572,27.2618,27.3102,27.1609,27.2245,27.0533,27.4498,27.4868,27.4065,26.891,27.009,27.325,27.4525,27.3058,27.175,27.2089,27.1246,26.9688,26.8312,27.0601,27.1413,27.5295,27.7973,27.3053,27.2507,26.998,27.2634,27.4436,27.3417,27.0952,27.0519,27.0976,27.4866,27.03,27.1053,26.8275,26.759,27.2525,27.1747,27.3857,27.1606,27.192,27.1409,27.0532,26.9097,26.9228,26.8144,27.25,27.0442,26.955,26.855,27.0856,27.2051,26.9859,27.2176,27.06,27.5321,27.4567,27.0645,27.008,27.0003,26.9773,27.2999,26.6817,27.5526,27.207,27.1075,27.0165,27.322,27.1595,26.9774,27.2096,27.2783,26.9168,27.3409,27.0262,27.282,27.5002,26.7317,27.8836,27.4664,27.2639,27.2757,27.1787,27.3639,27.1796,27.3353,27.3385,27.1805
37,12:36:35 PM,26.9584,27.0743,26.9983,27.115,27.2403,27.008,27.0661,26.9887,27.0589,27.155,27.0709,27.2127,27.2897,27.3946,27.1297,27.0608,27.1757,27.289,27.1786,27.3384,27.2475,27.2898,27.132,27.0957,27.1089,27.1597,27.1993,27.0949,27.0312,27.028,27.0503,27.2849,27.3804,27.2021,27.527,27.2673,27.019,27.3744,27.2539,27.3273,27.1177,27.3284,27.3855,27.5229,27.1261,27.1802,27.2938,27.3968,26.9256,26.9467,27.2704,26.9766,27.6124,27.7719,27.3658,27.2739,26.9416,27.4093,27.4137,27.5981,27.1275,27.1455,26.9755,27.3989,27.0388,27.1529,27.0062,26.633,27.0446,26.9426,27.5475,27.4806,27.1058,27.0718,27.0674,26.8868,26.9083,26.8057,27.4353,27.1495,27.1281,27.0285,27.1158,27.125,27.1463,27.2505,27.2024,27.6243,27.298,27.0827,26.9877,27.0864,27.0405,27.2088,26.8039,27.3968,27.1763,26.9434,27.0468,27.0807,27.1291,27.2236,27.2387,27.0611,26.8713,27.068,26.9659,27.3462,27.6439,26.7878,27.701,27.4172,27.3992,27.2131,26.9941,27.223,27.1813,27.2236,27.3621,27.0395
38,12:36:55 PM,27.0591,26.9407,26.9595,26.9365,27.174,26.848,27.0866,26.9536,27.2838,27.2495,27.1915,27.3466,27.2736,27.139,27.3546,27.1668,27.0448,27.3064,27.1644,27.1606,27.0936,27.1192,27.0396,27.1749,27.116,27.2221,27.4451,27.17,27.0901,27.0413,27.1065,27.0482,27.2942,27.4308,27.5079,27.2066,27.4425,27.405,27.2591,27.3696,27.0052,27.168,27.5923,27.5532,27.3301,27.2453,27.4043,27.3622,26.9022,26.992,27.2094,27.2037,27.8226,27.5731,27.3902,27.3758,27.0086,27.1924,27.3245,27.7746,26.8731,26.9455,27.0185,27.2651,26.8889,27.0599,27.2725,26.7228,26.7621,27.0078,27.458,27.4528,27.2316,27.1286,27.1732,27.0368,26.9008,26.7465,27.3349,27.2379,27.1616,27.1055,26.9111,27.2619,26.8612,27.1466,27.3609,27.5972,27.4404,26.9773,26.9901,26.8765,27.1428,27.3727,26.7547,27.5406,27.3596,27.3746,26.9724,27.0769,27.0594,27.0196,27.2911,27.2687,27.0201,26.9764,27.1186,27.3073,27.4859,26.7927,27.6144,27.4273,27.2186,27.0477,27.0607,27.2329,27.0167,27.1725,27.5184,27.027
39,12:37:15 PM,26.9484,26.9791,27.0585,27.1079,27.1732,26.9805,27.1023,27.2106,27.2239,27.1139,27.1872,27.255,27.3715,27.3952,27.1006,27.0914,27.0681,27.2149,27.3271,27.1449,27.3546,27.1541,26.7336,26.9914,27.002,27.1971,27.4255,27.1685,27.104,26.9772,27.1224,27.1585,27.3635,27.4803,27.4665,27.1185,27.1224,27.0617,27.3528,27.3108,27.104,27.2354,27.5424,27.6753,27.3382,27.1761,27.2969,27.3338,27.03,26.8537,27.2528,27.1919,27.7434,27.7418,27.4416,27.1052,27.0117,27.3259,27.4849,27.4703,27.0729,26.928,26.9852,27.3329,26.9811,27.0685,26.9596,26.5083,27.0492,27.087,27.3607,27.3267,27.0705,26.9535,27.0662,27.0451,27.1259,26.7772,27.1559,27.0609,27.0971,27.0441,27.0069,27.1272,27.0659,27.4152,27.2056,27.369,27.4133,27.0934,27.1665,27.0889,27.0762,27.4368,26.6913,27.4808,27.2806,26.9308,26.9012,27.1189,27.0007,26.9811,27.3081,26.8709,26.9094,27.1252,26.9935,27.2305,27.2987,26.791,27.9651,27.145,27.3349,27.1639,27.1615,27.3455,27.1142,27.3286,27.2497,27.2295
40,12:37:35 PM,26.8847,27.0564,27.0008,27.0525,27.0958,26.9255,27.1709,27.3372,27.1385,27.1243,27.0566,27.3098,27.2994,27.3281,27.1532,27.4226,27.1205,27.2183,27.2633,27.0963,27.2609,27.0975,27.0474,27.0252,26.9372,27.1593,27.512,27.0658,27.0679,27.0629,27.2274,27.0466,27.1886,27.4591,27.0886,27.362,27.1143,27.0989,27.3171,27.342,27.0795,27.1135,27.3357,27.4128,27.339,27.2033,27.1001,27.3296,27.0531,26.8669,27.2706,27.0889,27.9207,27.4653,27.4526,27.1767,27.2553,27.3535,27.4892,27.6251,26.9781,27.2093,27.1279,27.3431,27.0637,27.1831,27.1268,26.6439,27.1009,27.131,27.5174,27.3947,27.4524,26.9956,27.1309,27.0623,26.9069,26.8719,27.4308,27.1407,27.084,27.0961,26.9819,27.1799,27.0129,27.1126,27.3062,27.3395,27.3291,27.1815,26.795,27.0402,27.0082,27.32,26.7162,27.4073,27.4508,27.1797,27.0891,27.2135,26.8931,27.2249,27.1756,27.0216,27.0674,26.9183,27.0519,27.0231,27.5719,27.1355,27.589,27.2751,27.2696,27.259,26.9951,27.416,27.3132,27.1853,27.3267,27.3879
41,12:37:55 PM,26.9158,26.7804,26.8834,27.201,27.2138,26.8769,27.1253,26.9859,27.3819,27.3142,27.3213,27.1935,27.1177,27.474,27.4181,27.1757,27.1814,27.049,27.2585,27.2119,27.3096,26.9968,27.0808,27.0755,26.917,27.2735,27.3441,27.244,27.2527,26.9992,27.2321,27.07,27.2661,27.3284,27.4009,27.4351,27.1086,27.2639,27.255,27.3974,27.0442,27.2589,27.5685,27.3515,27.3859,27.3732,27.3493,27.3994,26.9912,26.8959,27.2271,27.1429,27.7673,27.4999,27.4082,27.3011,27.0202,27.3626,27.4687,27.7589,27.2182,26.9906,26.8858,27.2115,27.1142,27.1335,26.9562,26.7119,26.9662,27.0278,27.3956,27.2141,27.3294,27.1796,26.8542,26.7922,26.9141,26.8044,27.2004,27.2476,27.0323,27.0538,26.9784,27.1476,27.0046,27.2358,27.1635,27.4084,27.4349,27.2419,26.9417,27.2841,27.1127,27.3407,26.9564,27.3463,27.4486,27.1966,26.9608,27.0776,27.0654,27.0545,27.1853,27.2019,26.9977,27.2103,27.2081,27.0794,27.5691,26.9236,27.9059,27.3531,27.3777,27.0939,27.2675,27.2074,27.2294,27.1957,27.331,27.152
42,12:38:15 PM,26.9579,27.1387,26.9228,27.0321,27.232,26.9113,27.1585,27.0403,27.2971,27.2225,27.1545,27.0956,27.2414,27.3986,27.3473,26.9703,27.1499,27.11,27.2349,27.2896,27.3372,27.1523,27.0397,27.1718,26.9816,27.1175,27.2898,27.1584,27.2945,26.9839,27.2643,27.048,27.2845,27.5379,27.3768,27.4461,27.1733,27.3101,27.2332,27.247,26.9757,27.1835,27.4885,27.5291,27.241,27.1682,27.4221,27.3056,27.1337,26.8624,27.2096,27.185,27.907,27.61,27.4483,27.3046,26.8378,27.3599,27.5424,27.7378,26.9727,27.0455,27.0082,27.4293,27.1389,27.2241,26.7796,26.7428,27.0103,27.0311,27.602,27.3674,27.1963,27.0902,27.137,26.9621,27.0066,26.7201,27.2683,27.3357,27.0423,27.0847,26.9994,27.08,27.0724,27.3198,27.0931,27.5288,27.2387,27.2562,26.8919,27.174,26.9385,27.3324,26.8656,27.4279,27.5216,27.1244,26.8451,26.9847,26.9629,27.2548,27.287,27.0324,27.0028,27.0602,27.0581,27.1657,27.5806,27.0897,27.7681,27.4171,27.2744,27.4067,27.2148,27.2486,27.1524,27.3003,27.0592,27.0888
43,12:38:35 PM,26.9292,27.1792,27.0614,27.0461,27.0973,26.9114,27.0127,27.145,27.2486,27.1812,27.0635,27.0345,27.1173,27.2105,27.1477,27.1574,27.0596,27.1902,27.3161,27.3136,27.3597,27.1007,26.9761,27.1288,27.1384,27.2739,27.5943,27.0531,26.9827,26.8773,27.366,27.0614,27.1428,27.4806,27.2777,27.4825,27.1355,27.528,27.3749,27.4853,27.0558,27.1845,27.3511,27.5089,27.3554,27.3143,27.3885,27.3669,26.9533,27.1705,27.1804,27.6599,27.9616,27.5341,27.5243,27.2543,26.8318,27.3495,27.5606,27.6734,27.0315,27.0608,26.933,27.4797,27.2599,27.1117,27.0572,26.7448,27.2363,26.9791,27.4886,27.3853,27.1775,26.9954,27.1217,26.9348,26.7394,26.8785,27.4411,27.3946,27.2046,27.1232,27.067,27.2122,27.1142,27.3465,27.2888,27.3585,27.5277,27.1261,26.8643,26.9623,27.019,27.152,26.8042,27.495,27.3941,27.3352,27.1076,27.1466,27.0834,26.9768,27.2051,27.1279,26.863,26.9578,27.1851,27.1352,27.4316,26.8972,27.639,27.47,27.1991,27.4309,27.1043,27.1685,27.1186,27.4358,27.3191,27.2701
44,12:38:55 PM,26.7902,27.0275,27.1514,27.0062,27.0793,27.074,27.2802,27.05,27.3526,27.2445,27.2376,27.0857,27.2705,27.3444,27.414,27.1918,26.9596,27.09,27.422,27.4045,27.3215,27.167,26.9781,26.8504,27.034,27.1306,27.4054,27.0162,27.2568,27.1628,27.2892,27.2268,27.3968,27.3196,27.1763,27.2941,27.1284,27.4708,27.1781,27.3312,27.0156,27.2244,27.3163,27.3622,27.3566,27.1342,27.3018,27.3629,26.9815,27.0495,27.3928,27.2818,27.8374,27.7112,27.3808,27.2345,26.8282,27.2453,27.4956,27.6743,27.0808,27.0992,27.1622,27.3485,27.0338,27.0332,27.0521,26.7442,27.1195,26.9712,27.6292,27.2987,27.2788,27.2633,27.1395,27.1364,26.8239,26.8512,27.2686,27.474,26.901,27.2158,27.0584,27.3526,27.1078,27.3568,27.2545,27.5178,27.395,27.1444,26.7522,27.2636,27.1944,27.0997,26.7549,27.5364,27.5926,27.1971,27.0085,27.1301,27.1958,27.0456,27.1798,27.0888,26.802,26.9352,26.769,27.323,27.5462,26.9785,27.7411,27.2575,27.2608,27.3033,27.1511,27.332,27.2737,27.261,27.3236,27.2411
45,12:39:15 PM,26.8242,27.1997,26.9982,27.2053,27.0808,27.1635,27.0965,27.1181,27.1917,27.2516,27.23,27.1634,27.1987,27.4005,27.3456,27.1784,27.2523,27.3267,27.2182,27.262,27.0833,27.1549,27.1845,26.9335,26.8183,27.1904,27.4163,27.0808,27.2035,27.1943,27.2948,27.0251,27.3977,27.3263,27.402,27.2764,27.3277,27.4055,27.3582,27.5701,27.0225,26.936,27.4989,27.5842,27.3972,27.2547,27.3815,27.3191,27.0219,27.0428,27.2694,27.3975,27.9857,27.7168,27.4931,27.3966,26.7423,27.2689,27.4875,27.5373,27.0017,27.1418,27.041,27.3946,27.0479,27.1249,27.008,26.6789,26.9736,27.1849,27.4603,27.4614,27.4483,27.1694,27.0858,27.089,26.8221,26.7256,27.3503,27.3558,26.854,26.988,27.158,27.1387,26.9526,27.3144,27.3304,27.6253,27.4491,27.0498,26.885,27.0113,26.9889,27.2991,26.773,27.2295,27.2071,27.0973,27.1048,27.2103,27.1733,27.0797,27.2128,27.0708,26.942,27.101,27.0965,27.2253,27.5612,26.8876,27.7032,27.2943,27.4017,27.2667,27.1077,27.2616,27.2961,27.2567,27.3184,27.0902
46,12:39:35 PM,26.9334,27.037,26.9985,27.0368,26.9527,27.0173,26.9241,27.1295,27.3179,27.4115,27.122,27.3043,27.26,27.3246,27.3358,26.8982,27.2076,27.1516,27.106,27.1736,27.0345,27.2734,27.1278,26.7659,26.9742,27.1275,27.2458,27.188,27.0727,27.0739,27.4534,27.2493,27.2293,27.3813,27.4066,27.3838,27.2186,27.4714,27.1512,27.3542,27.0773,27.2952,27.4307,27.3582,27.2974,27.0895,27.4073,27.1364,26.8818,26.8319,27.2143,27.2827,27.5712,27.6507,27.3587,27.3477,27.1806,27.4772,27.6737,27.3973,27.0174,27.2463,27.1047,27.3139,27.1348,27.1308,27.0303,26.828,27.0938,27.1328,27.4139,27.4887,27.3563,27.2745,27.072,26.8489,26.8889,26.8459,27.1911,27.1845,27.0075,27.0044,27.1447,27.1256,26.9032,27.4127,27.3022,27.3065,27.3825,27.301,27.0767,27.1235,26.9418,27.2859,26.753,27.4819,27.4575,27.1666,27.1541,27.3281,27.116,27.2211,27.3834,27.182,27.05,27.1501,27.1611,27.1775,27.5815,27.0234,27.8017,27.2788,27.3984,27.1957,27.0515,27.4824,27.2926,27.2675,27.262,27.057
47,12:39:55 PM,26.9419,27.0542,27.1886,26.9285,27.0978,27.0022,26.9552,27.2438,27.4333,27.1965,27.0793,27.0328,27.377,27.1954,27.283,27.0946,27.2403,27.1894,27.3188,27.2654,27.2917,27.2076,26.9574,27.247,27.0476,27.1498,27.2516,27.0958,27.1663,27.0571,27.323,27.1722,27.3367,27.4873,27.4906,27.4551,27.2482,27.2947,27.3403,27.594,27.2118,27.2449,27.4818,27.5814,27.2813,27.325,27.3136,27.1872,26.8762,26.982,27.0649,27.1773,27.7795,27.7835,27.3284,27.3952,26.962,27.43,27.4103,27.4786,26.9119,26.9928,26.9409,27.2939,27.1462,27.2241,26.8074,26.7637,27.3023,27.144,27.6048,27.3761,27.3498,27.02,27.0598,26.9886,26.9311,26.9003,27.2515,27.2233,26.938,27.0698,27.0678,27.1483,27.1427,27.4953,27.2464,27.6468,27.3185,27.266,26.9676,27.003,27.1363,27.318,26.8224,27.4441,27.5377,27.2361,27.1056,27.2606,27.0504,27.2106,27.309,26.9084,27.125,27.1048,27.1,27.0439,27.4133,26.8555,27.758,27.5995,27.4212,27.3215,27.3368,27.2147,27.129,27.0552,27.4004,27.3772
48,12:40:15 PM,26.9301,27.1332,26.9125,27.2248,27.0157,26.8313,27.053,27.1812,27.2867,27.4699,27.2333,27.3292,27.4122,27.4588,27.3297,27.0586,27.1489,27.2687,27.4036,27.1906,27.3058,27.0869,27.1362,26.8734,26.8689,27.2551,27.432,27.0541,27.0904,27.0636,27.1619,27.0651,27.3856,27.5782,27.5221,27.282,27.3681,27.3532,27.2821,27.3055,27.0801,27.2027,27.6076,27.4161,27.1799,27.1457,27.2275,27.2819,27.2231,26.7171,27.1911,27.3093,27.8216,27.7103,27.2583,27.142,27.0494,27.5032,27.5691,27.4742,27.1531,27.1838,26.8841,27.3303,27.3469,27.1033,26.9717,26.6598,27.1606,27.1342,27.4153,27.3203,27.2136,27.0961,27.2142,27.0192,26.9432,26.8891,27.2572,27.2626,26.8673,26.937,26.9354,27.1018,27.1306,27.2933,27.2596,27.4104,27.557,27.0789,27.0119,27.0072,27.2378,27.3422,26.7547,27.4748,27.3328,27.2468,27.1918,27.0905,27.1477,26.9585,27.2172,27.1672,27.1305,27.263,27.1411,27.1765,27.3832,26.8198,27.8346,27.2861,27.2488,27.2505,27.0545,27.2724,27.2479,27.394,27.3703,27.1595
49,12:40:35 PM,26.8321,27.0172,26.9646,27.1594,27.2149,27.1486,27.2143,27.3377,27.1398,27.2444,26.9818,27.1007,27.1217,27.3879,27.2043,27.1469,27.3356,27.1727,27.2465,27.3019,27.3896,27.0886,27.1321,26.9711,26.794,27.2018,27.4859,27.127,27.1157,27.1056,27.5081,27.0275,27.3822,27.4555,27.4636,27.1748,27.1218,27.361,27.4454,27.5545,27.1628,27.2453,27.4914,27.5276,27.3487,27.2853,27.2536,27.2175,27.0092,26.9841,27.2079,27.1897,28.0804,27.7001,27.3232,27.1788,26.8454,27.3373,27.5704,27.4209,26.9335,27.205,26.9637,27.3603,27.2183,27.2443,26.977,26.7735,27.0026,27.1212,27.4184,27.2664,27.3965,27.0927,27.0665,27.1777,26.9928,26.7879,27.4723,27.3196,26.9721,26.9964,27.1338,27.1701,26.9502,27.3711,27.29,27.5074,27.4635,27.1548,27.1547,27.0459,26.9612,27.1622,26.972,27.3921,27.3652,27.202,27.0277,27.14,26.9628,27.1464,27.2912,27.0423,26.8549,27.1639,27.1096,27.189,27.4767,27.1359,27.7345,27.4107,27.5634,27.236,27.1677,27.4022,27.3098,27.2014,27.5474,27.2806
50,12:40:55 PM,26.8221,27.1093,27.0449,27.2539,27.0797,27.0972,26.9724,27.0311,27.1547,27.3161,27.1222,27.1783,27.175,27.4115,27.0894,27.027,27.017,27.0522,27.4307,27.4108,27.323,27.3375,27.0758,27.1117,27.1083,27.2355,27.3353,27.0563,27.2416,27.0033,27.3921,27.0473,27.4462,27.4169,27.449,27.3516,27.2538,27.1616,27.2264,27.6144,27.2059,27.2537,27.7545,27.3805,27.293,27.3975,27.3197,27.3961,26.8997,27.0541,27.0021,27.3797,28.0743,27.7907,27.52,27.2529,26.9698,27.3861,27.5772,27.3554,26.8697,27.0525,27.1397,27.4009,27.2411,27.2401,27.006,26.8424,27.2738,27.1884,27.525,27.5898,27.1871,27.0702,26.9342,27.1657,26.9315,26.9162,27.4748,27.0987,27.0796,26.9103,27.07,27.2002,27.0955,27.4158,27.3688,27.6877,27.3815,27.2637,27.1308,27.1303,27.1813,27.1104,26.8068,27.7001,27.5192,27.2269,27.2383,27.1197,27.0594,27.0691,27.3318,27.1327,26.8919,27.0833,26.8621,27.1554,27.6872,26.9825,27.7643,27.3812,27.4078,27.3343,27.0703,27.3149,27.2768,27.1297,27.2068,27.2422
51,12:41:15 PM,26.9584,27.1895,27.1375,27.2095,27.2116,26.9368,26.8829,27.2332,27.0968,27.3145,27.2441,27.2737,27.0554,27.3912,27.0775,27.2521,27.1952,27.3631,27.3726,27.0639,27.282,26.9408,27.0807,26.9015,27.0802,27.1828,27.2747,26.9981,27.2161,26.8902,27.217,27.0437,27.2022,27.3254,27.4561,27.3478,27.3061,27.3548,27.2726,27.4858,27.2082,27.216,27.2901,27.4584,27.3456,27.1908,27.3586,27.4485,27.0976,27.031,27.1611,27.0426,27.9664,27.7231,27.5191,27.2865,27.1568,27.3688,27.6624,27.5354,27.0686,27.1544,27.0962,27.4806,26.9487,27.1772,26.9399,26.7647,27.0986,27.3051,27.5476,27.4565,27.4751,27.0277,27.1586,27.029,26.9088,26.7191,27.161,27.098,26.9601,27.0737,27.1607,27.2069,27.1219,27.3402,27.189,27.5657,27.5903,27.1877,26.8789,27.323,27.1492,27.4572,26.9074,27.3849,27.4163,27.2079,27.1384,27.1097,27.0987,27.0832,27.1383,27.2198,27.0355,27.1536,26.899,27.1732,27.4528,26.8327,27.8007,27.2187,27.3706,27.1292,27.2021,27.2499,27.3632,27.3791,27.4848,27.3274
52,12:41:35 PM,26.9918,27.178,26.9622,27.2191,27.2393,26.8819,26.892,27.1953,27.3749,27.1673,27.2764,27.1881,27.4339,27.2747,27.4252,27.2051,27.3253,27.1571,27.4306,27.3651,27.4074,27.4062,26.9535,26.9851,26.9986,27.0027,27.3127,27.0615,27.1283,27.0289,27.302,27.2253,27.4946,27.4769,27.3379,27.3976,27.2178,27.2967,27.4693,27.5041,27.2863,27.3496,27.5994,27.6706,27.4876,27.2042,27.4478,27.5822,27.0261,26.9378,27.1808,27.3502,27.6902,27.7529,27.5252,27.1475,27.0005,27.3972,27.7064,27.6148,27.0296,27.2004,27.0563,27.2347,27.1283,27.2653,26.9827,26.6026,27.2438,27.1488,27.5712,27.3765,27.3061,27.1806,27.0819,27.0622,26.8432,26.6739,27.2465,27.2403,27.004,27.1525,27.0022,27.2962,27.0004,27.314,27.2503,27.5892,27.5221,27.1936,27.0924,27.2319,27.3012,27.1942,26.8224,27.642,27.3741,27.2001,26.9579,27.1883,26.9906,27.1222,27.2003,27.1524,27.1755,27.0688,27.081,27.2253,27.5048,26.9024,27.8999,27.311,27.3243,27.3432,27.2045,27.4686,27.2795,27.2942,27.4052,27.1869
53,12:41:55 PM,26.8962,27.1296,27.01,27.2756,27.2312,26.9412,26.8917,27.1195,27.2566,27.2669,27.2663,27.3098,27.1853,27.4101,27.3621,26.9551,27.1718,27.2408,27.4284,27.2519,27.1654,27.0853,27.2519,27.0969,26.998,27.2063,27.49,27.0543,27.0459,27.0208,27.4627,27.242,27.2565,27.2114,27.4167,27.2695,27.0907,27.5416,27.3237,27.2886,27.0582,27.1862,27.3446,27.5809,27.474,27.4326,27.3277,27.3967,26.9595,26.8501,27.1489,27.2049,27.724,27.7649,27.6959,27.2102,27.0264,27.3571,27.6772,27.5165,27.0214,27.1475,26.9704,27.4299,27.0705,27.3036,26.9228,26.7311,27.2744,27.0539,27.3719,27.45,27.1427,26.9874,27.1172,26.8662,27.1218,26.9259,27.3341,27.3849,27.1376,27.1321,27.0849,27.3345,27.2442,27.2076,27.2437,27.5173,27.5114,27.1091,26.8273,27.0324,27.1483,27.3106,26.9043,27.5915,27.2836,27.149,27.0245,27.2187,27.0286,27.1894,27.2281,26.994,27.1878,27.0039,26.9067,27.2237,27.5126,26.9084,27.6877,27.4014,27.3314,27.2964,27.1878,27.2371,27.2164,27.5007,27.4419,27.1089
54,12:42:15 PM,26.8368,26.9871,26.8685,27.1766,27.1371,26.9973,27.046,27.1023,27.1387,27.169,27.1038,26.9179,27.336,27.2237,27.2671,27.3188,27.1072,27.3331,27.2281,27.5205,27.2003,26.9786,26.9499,27.0183,27.1662,27.2793,27.5609,27.1479,27.0434,26.9942,27.4075,27.0524,27.258,27.4673,27.2415,27.3275,27.1401,27.2279,27.1042,27.2912,27.0809,27.3174,27.4752,27.3037,27.2775,27.3003,27.2629,27.1268,27.0055,27.0398,27.2479,27.1784,27.9555,27.8381,27.4971,27.3167,27.1441,27.401,27.7533,27.566,26.9902,27.0457,26.8327,27.3282,27.1036,27.3165,26.965,26.9235,27.0738,27.2007,27.5454,27.3404,27.1919,27.1603,27.2191,26.9724,26.7982,26.8974,27.4382,27.3019,27.0085,27.0763,27.3095,27.2822,27.1447,27.1839,27.1629,27.455,27.4675,27.1439,27.116,27.1395,27.1532,27.246,26.9637,27.6362,27.4809,27.1789,27.1784,27.2187,27.145,27.2402,27.1999,27.3528,27.0893,27.0293,27.0587,27.414,27.6127,27.1283,27.9607,27.346,27.4511,27.4334,27.3292,27.3133,27.2745,27.3468,27.3717,27.2678
55,12:42:35 PM,26.9438,27.1435,27.0132,27.3921,27.0638,27.0021,27.2261,27.1714,27.3556,27.402,27.1336,27.2758,27.1722,27.2708,27.4347,27.1315,27.0768,27.1311,27.3703,27.3022,27.2296,27.2233,27.0583,27.0675,27.0188,27.0015,27.2951,27.0528,27.1845,27.113,27.3341,26.9035,27.0851,27.5056,27.3456,27.4087,27.3002,27.2835,27.3947,27.5612,27.2449,27.0399,27.3047,27.749,27.5391,27.1245,27.5549,27.2981,26.7614,26.922,27.4212,27.329,27.878,27.8572,27.4241,27.3678,26.9183,27.2991,27.7204,27.6406,27.0145,27.1737,27.0008,27.5035,27.0988,27.2173,27.0598,26.899,27.1665,27.0249,27.5731,27.3602,27.3493,27.3028,27.3265,26.9662,26.8112,26.8587,27.2878,27.3085,26.7671,26.8892,27.2114,27.1781,27.1956,27.1284,27.2581,27.5851,27.4386,27.0602,27.0033,27.0711,27.2304,27.535,26.8457,27.2964,27.3829,27.1969,27.284,27.3696,27.2192,27.1929,27.3017,26.9882,27.0005,27.08,26.9492,27.2047,27.5591,26.871,27.8504,27.2542,27.4043,27.3431,27.1261,27.2032,27.3018,27.6208,27.5185,27.0403
56,12:42:55 PM,27.0997,27.1351,26.8591,27.2415,27.2447,26.8865,26.9464,27.2223,27.4382,27.45,27.2423,27.1728,27.2112,27.377,27.4032,27.0734,27.0417,27.0964,27.4463,27.2984,27.2721,27.2623,26.8755,27.3277,26.9543,27.1197,27.4105,27.031,27.0782,27.0175,27.2545,26.8584,27.3298,27.4296,27.4404,27.2644,27.0675,27.2323,27.4111,27.4792,27.1522,27.4215,27.421,27.5098,27.4706,27.269,27.3481,27.5059,27.168,26.9685,27.087,27.6123,27.9376,27.7044,27.3559,27.0873,27.0094,27.4674,27.787,27.5293,27.0663,27.0315,27.1426,27.2488,27.1922,27.2222,27.0639,26.7965,26.9605,26.9482,27.4539,27.3888,27.0777,26.9544,27.0899,27.1243,26.9085,26.7028,27.3647,27.2637,27.0581,26.9475,27.1117,27.3949,27.0347,27.3284,27.3107,27.809,27.6047,27.1434,27.2195,27.1915,27.0757,27.2468,26.8698,27.4799,27.5263,27.2601,27.0962,27.139,26.9357,27.2095,27.3638,27.2309,26.9291,26.9041,26.9391,27.1694,27.5871,27.0032,27.6128,27.315,27.3637,27.2427,27.0697,27.5018,26.92,27.355,27.2853,27.0922
57,12:43:15 PM,27.0418,27.0004,26.7358,27.1137,27.2481,26.9609,27.0256,27.1681,27.3298,27.3026,27.1962,27.1448,27.3492,27.1381,27.2278,27.1476,27.1314,27.2259,27.3582,27.2411,27.3353,27.1585,27.1438,27.0766,26.9919,27.2809,27.4915,27.1105,27.2309,27.2061,27.4105,27.0505,27.2919,27.5105,27.3387,27.3783,27.1688,27.4064,27.5287,27.836,27.1739,27.2361,27.4311,27.5726,27.1766,27.2888,27.3023,27.25,26.9733,26.8563,27.2359,27.331,28.1417,27.831,27.3281,27.3222,26.9757,27.3035,27.6799,27.6842,27.1414,27.0426,27.1163,27.541,27.1257,27.2471,27.1431,26.7262,27.1167,27.1538,27.472,27.1815,27.3346,27.0888,27.1956,27.0922,26.9356,27.0099,27.4955,27.372,27.0412,26.9001,27.2444,27.3835,27.1773,27.368,27.2379,27.5191,27.4319,27.0006,27.1374,27.1381,27.2274,27.3507,26.8013,27.4826,27.4204,27.1746,27.1733,27.178,27.1004,26.9988,27.2071,27.3739,27.044,26.9417,26.9236,27.1725,27.3973,26.8297,27.7107,27.2045,27.3305,27.2176,27.1352,27.3044,27.3657,27.3322,27.2652,27.0641
58,12:43:35 PM,27.092,27.0605,27.1622,27.0089,27.2439,26.8566,27.0181,27.1656,27.4005,27.2849,27.2367,27.1185,27.1767,27.4468,27.4022,26.8843,26.9909,27.1085,27.2484,27.3942,27.4688,27.1625,26.9077,27.072,27.0314,27.1464,27.337,26.907,27.0035,27.1634,27.4597,26.9565,27.3015,27.2669,27.6012,27.3282,27.3475,27.4017,27.3626,27.3578,27.2315,27.2851,27.5592,27.3021,27.5341,27.2119,27.3203,27.3836,27.1288,27.1386,27.3093,27.2359,28.1091,27.7886,27.5519,27.3545,27.0228,27.4807,27.4831,27.3986,27.1469,27.1528,27.139,27.5708,27.305,27.1323,27.0294,26.6103,27.059,27.311,27.3497,27.3625,27.3573,27.0541,27.1378,27.1841,26.9062,26.7902,27.4087,27.3165,27.0736,27.0569,26.8749,27.1767,27.1011,27.2427,27.4894,27.6491,27.2232,27.1889,26.9348,27.2003,27.2339,27.3361,27.0256,27.3752,27.4161,27.1063,27.0289,27.1774,27.2161,27.1507,27.3372,27.1707,27.1729,27.066,27.1397,27.2798,27.5848,27.0799,27.7898,27.409,27.3679,27.1151,27.2882,27.2299,27.1852,27.2676,27.3855,27.2321
59,12:43:55 PM,26.8646,27.0387,26.878,27.145,27.1398,27.0526,27.1226,27.2785,27.3442,27.2119,27.0994,27.2562,27.1604,27.3626,27.2433,27.0161,27.004,27.2376,27.2112,27.1776,27.2102,27.152,26.9143,27.1207,27.0417,27.1871,27.4406,27.2115,27.315,27.1402,27.3567,27.0911,27.372,27.4958,27.3043,27.51,27.2108,27.3331,27.38,27.5886,27.1094,27.2884,27.5444,27.7628,27.3641,27.1577,27.3862,27.5152,26.9301,26.8704,27.2969,27.3255,28.0004,27.7914,27.6568,27.122,26.9626,27.4255,27.5365,27.4654,27.0537,27.0203,27.0625,27.3594,27.168,27.2593,27.2164,26.7595,27.2249,27.1425,27.5438,27.4324,27.2568,27.0762,27.1697,27.1906,26.9004,26.7101,27.2855,27.3398,27.0678,27.0029,27.1207,27.3997,27.1569,27.4056,27.3341,27.4972,27.4517,27.143,27.1158,27.2119,27.0108,27.16,27.0383,27.5423,27.4488,27.2928,27.2146,27.2769,27.1841,27.154,27.318,27.1855,27.0858,26.9479,26.9896,27.2365,27.4912,27.1157,27.7207,27.4725,27.2882,27.5189,27.3206,27.4044,27.2301,27.3862,27.3071,27.2215
60,12:44:15 PM,27.1294,26.9514,26.9343,27.4117,27.2927,26.8607,27.0774,27.3129,27.2982,27.2464,27.3464,27.2465,27.2243,27.4851,27.2265,27.2421,27.1519,27.0915,27.3499,27.1218,27.233,27.3018,27.0778,26.8056,26.9573,27.0925,27.4249,26.9937,27.0988,27.2918,27.3341,27.0282,27.2066,27.4978,27.4676,27.4008,27.2925,27.5035,27.612,27.4733,26.9908,27.1424,27.3087,27.478,27.3588,27.369,27.2751,27.1943,26.9705,26.9714,27.0714,27.2307,27.9709,27.7825,27.3244,27.2997,27.0755,27.2481,27.7277,27.2979,27.1679,27.2438,27.026,27.3807,27.2228,27.1787,27.0587,26.6483,27.2766,27.056,27.5194,27.27,27.3141,27.0324,27.1413,26.9778,26.9135,27.0429,27.1862,27.3928,26.9857,27.2702,27.3236,27.207,26.9844,27.3906,27.4155,27.5521,27.3153,26.9713,27.1301,27.0153,27.1324,27.4059,26.9238,27.4317,27.3054,27.2825,27.1209,27.3214,27.1482,27.1315,27.1076,27.2304,27.0603,27.0805,26.9877,27.1579,27.5577,27.1971,27.8735,27.4816,27.4597,27.3577,27.0832,27.2849,27.1743,27.3176,27.5259,27.145
61,12:44:35 PM,27.0724,27.081,27.145,27.1248,27.1477,27.0112,27.0057,27.1004,27.3487,27.2428,27.0876,27.1915,27.2952,27.3719,27.3639,27.2209,27.3263,27.1547,27.3457,27.2833,27.1921,27.3331,27.0452,26.9578,26.9892,27.1125,27.4497,27.0144,27.3711,27.1899,27.4025,27.0951,27.3127,27.3648,27.4227,27.4072,27.2419,27.3393,27.3626,27.7065,27.1253,27.3946,27.5094,27.6015,27.3402,27.1857,27.396,27.6054,27.0659,26.9495,27.1818,27.005,27.9653,27.7509,27.3438,27.1176,26.979,27.2464,27.6927,27.6774,27.0436,27.1732,26.9852,27.609,27.0847,27.3446,27.0398,26.7291,27.2148,27.1249,27.4624,27.3195,27.2563,27.0942,27.2504,27.0803,27.032,26.9333,27.504,27.3678,27.1023,27.0217,27.0799,27.3927,27.1212,27.3289,27.4395,27.5086,27.2981,26.9909,26.9406,27.1277,27.2914,27.4119,26.8884,27.547,27.3194,27.1968,27.1535,27.2461,27.1427,27.0615,27.4363,27.0966,27.0221,27.1436,27.2184,27.3306,27.5441,26.9706,27.7386,27.3982,27.3614,27.3438,27.2893,27.156,27.3413,27.2968,27.1267,27.3364
62,12:44:55 PM,26.8695,27.1547,26.7627,27.1378,27.2791,26.7947,27.1024,27.2547,27.2238,27.2765,27.2535,27.0653,27.1072,27.544,27.5556,27.1229,27.2493,27.155,27.442,27.2774,27.2098,27.3103,27.1096,27.242,26.9095,27.1691,27.3108,27.0307,27.0748,27.2783,27.3615,27.0912,27.4741,27.4097,27.3932,27.1575,27.2929,27.3788,27.264,27.4203,27.1096,27.2296,27.5962,27.7512,27.4254,27.1903,27.2906,27.2576,27.04,26.732,27.3261,27.283,28.0393,27.921,27.4705,27.2966,26.9842,27.4531,27.5126,27.3057,27.2175,27.1277,27.0271,27.3875,27.1775,27.1898,27.0055,26.7401,27.0567,27.0936,27.6119,27.3105,27.2814,27.1766,27.0604,27.1143,26.9766,26.8926,27.4309,27.2529,26.9938,27.0285,26.9877,27.1849,26.9963,27.2941,27.2719,27.5194,27.5019,27.019,26.9483,26.9709,27.1283,27.4638,26.9388,27.6657,27.609,27.1899,27.0621,27.3541,26.8733,27.2955,27.3929,27.0249,27.1841,26.9869,27.1322,27.2586,27.5903,26.9869,27.6889,27.51,27.4252,27.4569,27.1481,27.1773,27.1146,27.3328,27.3931,27.2598
63,12:45:15 PM,26.9746,27.0927,27.178,27.2241,27.1136,26.9263,27.1313,27.2704,27.3668,27.3216,26.992,27.1469,27.2264,27.2327,27.3126,27.1505,27.3112,27.1863,27.4401,27.4056,27.4238,27.1902,27.0731,27.1943,26.8097,27.0169,27.4077,27.1422,27.0964,27.1315,27.4114,26.9498,27.3477,27.4143,27.4918,27.3985,27.2979,27.3012,27.506,27.3452,26.9988,27.3272,27.4392,27.4674,27.3224,27.4722,27.3989,27.4076,27.0863,26.9527,27.3886,27.3327,28.0904,27.6703,27.5505,27.0359,27.0032,27.4113,27.7868,27.6005,27.0339,27.0556,27.0851,27.4271,27.1586,27.2506,27.1772,26.6535,27.2486,27.1565,27.4583,27.3498,27.2627,26.9806,27.1051,27.0745,26.9066,26.9116,27.4583,27.2543,27.136,27.0873,27.3394,27.2932,27.136,27.2905,27.2391,27.5239,27.4179,27.1474,27.0376,27.1071,27.0909,27.3824,26.8497,27.456,27.4428,27.1425,27.0826,27.3244,27.0925,26.884,27.3928,27.3364,27.1219,27.0921,27.0852,27.4573,27.6566,27.0263,27.7662,27.4059,27.5297,27.2922,27.2374,27.4191,27.1014,27.4088,27.3862,27.2945
64,12:45:35 PM,27.0595,27.1328,27.0646,27.1688,27.3068,26.9351,27.0029,27.2394,27.4894,27.2963,27.0839,27.2651,27.2473,27.3918,27.4314,27.1666,27.0164,27.2706,27.3186,27.4018,27.353,27.3436,26.7791,27.0965,26.9249,27.1705,27.4365,27.2039,27.4682,27.0241,27.2259,26.9627,27.3436,27.4116,27.199,27.4865,27.1951,27.2386,27.5248,27.4209,26.9051,27.1263,27.6687,27.4958,27.4684,27.2793,27.2602,27.3166,26.8545,27.0565,27.2421,27.2782,27.9343,27.7064,27.3332,27.3766,27.0673,27.3545,27.7488,27.8353,26.8986,26.9598,27.1462,27.4579,27.0617,27.1974,27.141,26.9597,27.1093,27.0771,27.4076,27.3311,27.3286,27.2104,27.1112,27.077,26.9502,26.9506,27.3442,27.1265,27.0436,27.0265,27.1555,27.2157,27.1853,27.2449,27.2395,27.5884,27.378,27.2323,27.1636,27.1159,27.1772,27.3205,26.8205,27.6922,27.3295,27.2477,26.9948,27.128,26.9705,27.2609,27.2628,27.1851,26.9829,27.2916,26.8785,27.2327,27.4905,26.95,27.8996,27.3924,27.4833,27.3963,27.2738,27.3562,27.1728,27.4731,27.2465,27.2468
65,12:45:55 PM,27.0364,27.0099,27.2176,27.3071,26.9917,26.9915,26.9911,27.2953,27.3364,27.3773,27.3397,27.3123,27.0885,27.2901,27.3421,27.1471,27.19,27.2604,27.2597,27.4078,27.4673,27.2239,27.0245,27.3082,27.0801,27.1445,27.2646,27.0715,27.1129,27.1817,27.3938,26.9766,27.3496,27.5384,27.3742,27.4149,27.278,27.4335,27.2804,27.4618,27.2464,27.5356,27.4998,27.5328,27.4321,27.2518,27.3251,27.3429,26.9438,26.8107,27.0904,27.2338,28.0477,27.6188,27.2927,27.2189,26.9796,27.3559,27.8852,27.7482,27.0472,27.253,27.0492,27.3989,27.2025,27.3049,27.0978,26.7109,27.1557,27.249,27.6678,27.2218,27.289,26.9764,27.2883,27.0702,26.8734,26.9049,27.4951,27.4639,27.0002,27.0776,27.2152,27.4699,27.283,27.2937,27.3352,27.5526,27.5119,27.2568,27.0805,27.1229,27.0707,27.3924,26.8544,27.4172,27.4479,27.169,27.3426,27.2867,27.0121,27.0599,27.2627,27.3435,27.0663,26.9273,27.0794,27.4181,27.5629,26.8975,27.8813,27.49,27.43,27.2951,27.1455,27.1348,27.3848,27.3217,27.5471,27.1966
66,12:46:15 PM,26.8729,26.859,27.1567,27.3692,27.2986,27.0376,26.9912,27.3519,27.4656,27.1167,27.0737,27.087,27.1214,27.1867,27.3353,27.4235,27.1124,27.352,27.5944,27.3491,27.2356,27.3211,27.2837,27.1752,27.0421,27.0136,27.4043,26.9917,27.2398,27.1761,27.2752,27.1033,27.3539,27.2264,27.3326,27.1991,27.3395,27.1561,27.4297,27.3616,27.0943,27.2538,27.6205,27.4321,27.3945,27.2581,27.4249,27.5128,27.1428,27.0181,27.2612,27.3967,27.9902,27.8683,27.3021,27.2001,26.9173,27.375,27.5649,27.7608,27.266,27.1819,27.2199,27.4897,27.2709,27.3316,27.2396,26.8728,27.017,27.2433,27.606,27.3593,27.3983,27.0467,27.1543,27.1129,27.1126,26.9246,27.3819,27.4205,27.056,27.0539,27.3081,27.2662,27.0703,27.2986,27.4647,27.5051,27.5508,26.9123,27.0612,27.3354,27.1566,27.4387,26.9699,27.3726,27.4699,27.197,27.2998,27.2007,27.0409,27.1539,27.2441,27.0738,27.1014,27.0636,27.0,27.1862,27.6302,26.8966,27.7456,27.3621,27.3601,27.3836,27.2573,27.3627,27.3037,27.5095,27.2679,27.0425
67,12:46:35 PM,26.9081,27.0514,27.0558,27.3054,27.3531,26.764,26.974,27.0964,27.5887,27.3808,27.3006,27.2603,27.4522,27.56,27.3578,27.1659,27.0446,27.2928,27.2999,27.3368,26.9786,27.1361,26.9599,27.2094,27.0695,27.3114,27.3767,27.1678,27.3524,27.2482,27.3253,27.2662,27.3656,27.3535,27.274,27.2374,27.3176,27.324,27.3059,27.564,26.9539,27.2105,27.3803,27.5945,27.4787,27.2099,27.4382,27.478,26.934,27.0698,27.0737,27.2656,27.9639,27.7043,27.4253,27.2199,27.0345,27.3614,27.66,27.7879,27.1059,27.1023,27.3082,27.441,27.1873,27.1662,27.0679,26.7553,27.2496,27.2013,27.4172,27.4239,27.3339,27.0663,27.2568,27.0495,27.1144,26.9871,27.3929,27.4329,27.0577,27.0539,27.078,27.2717,27.2909,27.167,27.3405,27.5366,27.5339,27.2343,26.8447,27.2747,26.9911,27.0955,27.0157,27.5289,27.3986,27.2842,27.2541,27.0967,27.09,27.1845,27.0956,27.2581,27.1996,27.1303,27.0375,27.286,27.6211,27.1456,27.7907,27.5912,27.4061,27.3826,27.2566,27.2171,27.2876,27.3672,27.4564,27.2172
68,12:46:55 PM,26.9662,27.0417,27.1655,27.2878,27.1097,27.0231,27.0907,27.0938,27.5021,27.2367,27.1547,27.1268,27.1695,27.4703,27.2893,27.0348,27.1833,27.2095,27.3686,27.3711,27.3937,27.2387,27.0011,27.2252,26.9485,27.0457,27.2284,26.9879,27.3555,27.0248,27.3967,26.9532,27.3457,27.3445,27.5094,27.5278,27.3033,27.3648,27.5763,27.5238,27.1754,27.3316,27.5278,27.4626,27.417,27.3153,27.4655,27.4473,26.9282,27.1872,27.2903,27.4196,28.1014,27.7603,27.3069,27.3856,27.1431,27.5953,27.6034,27.7677,27.0591,27.2303,27.0817,27.5364,27.2143,27.3781,27.186,26.831,27.1943,27.2936,27.5944,27.449,27.2846,27.124,27.1243,27.2269,26.8482,27.0868,27.3861,27.4337,27.1893,27.0635,26.9166,27.2047,27.226,27.3542,27.4472,27.4773,27.2225,26.965,26.9485,27.1017,27.0679,27.3423,26.8486,27.5133,27.3324,27.2892,27.2006,27.0256,26.9343,27.2219,27.1712,27.0701,27.1047,27.236,27.0925,27.2906,27.5281,26.8696,27.9014,27.4306,27.4791,27.3715,27.3054,27.4165,27.1181,27.3527,27.3017,27.2702
69,12:47:15 PM,26.9381,27.0128,26.9497,27.2879,27.3306,27.0987,26.997,27.247,27.4477,27.1707,27.1512,27.3027,27.2546,27.5558,27.2852,27.3705,27.1488,27.324,27.3835,27.2423,27.113,27.2684,27.0123,27.0525,26.9684,26.9615,27.3579,27.29,27.1833,27.41,27.1979,26.8903,27.3288,27.504,27.2959,27.4569,27.2595,27.1823,27.3295,27.5427,27.097,27.4531,27.4775,27.557,27.3681,27.0763,27.4466,27.3619,27.0008,27.0827,27.2242,27.3516,27.9512,27.7475,27.4993,27.1684,26.8177,27.3203,27.7292,27.6449,27.0698,27.0586,27.1127,27.4937,27.2398,27.0996,27.0001,26.8933,27.2455,27.1991,27.5764,27.2533,27.3899,27.0051,27.1204,27.1447,26.9379,26.7996,27.3956,27.3996,27.1,26.9392,27.2461,27.3107,27.2307,27.542,27.3481,27.596,27.5303,27.1374,27.2,27.0251,27.2495,27.3711,26.8164,27.4807,27.4482,27.265,27.2573,27.2893,26.8564,27.1651,27.1439,26.9091,27.0147,27.1563,27.1587,27.3333,27.4357,27.0133,27.7862,27.6718,27.4293,27.3931,27.1904,27.4255,27.2828,27.3262,27.4667,27.2999
70,12:47:35 PM,27.1218,26.8954,27.162,27.1565,27.2866,27.0768,27.1706,27.2669,27.4174,27.4366,27.1678,27.2255,27.2722,27.3761,27.2246,27.0468,27.3377,27.1672,27.2457,27.2417,27.3058,27.1488,26.9027,26.9631,26.9211,27.0619,27.1999,27.1979,27.1242,26.9664,27.4338,27.0775,27.4246,27.4189,27.3602,27.4206,27.0063,27.402,27.3633,27.5508,27.1094,27.1905,27.5553,27.586,27.3359,27.5333,27.4315,27.2787,27.0989,27.1106,27.2241,27.5257,28.0653,27.6328,27.4396,27.392,27.0616,27.5633,27.8736,27.7261,27.031,27.079,27.0404,27.7137,27.1704,27.4817,26.9064,26.9156,27.1839,27.1989,27.5002,27.2017,27.448,27.2396,27.1803,27.1231,26.8991,26.9383,27.6757,27.3743,27.0871,26.8893,27.1043,27.3742,27.2631,27.3471,27.3143,27.4008,27.5343,27.2453,26.8583,27.186,27.1882,27.4353,26.7715,27.5703,27.3636,27.1587,27.1287,27.2005,26.9589,27.0105,27.1984,27.0351,27.0352,27.0315,27.0567,27.3523,27.4754,26.802,27.617,27.541,27.6217,27.3455,27.2439,27.4267,27.2837,27.4249,27.4692,27.3521
71,12:47:55 PM,27.1013,27.0213,26.9873,27.467,27.2732,26.8853,26.9017,27.1789,27.356,27.3817,27.2864,27.1983,27.3584,27.4599,27.4044,27.1019,27.2734,27.0426,27.3175,27.4443,27.2428,27.4695,27.0801,27.1061,26.8476,27.1942,27.2516,27.1373,27.0825,27.089,27.4537,27.2256,27.2696,27.4642,27.3471,27.334,27.1569,27.4907,27.3884,27.6587,27.0655,27.1928,27.5998,27.5785,27.3626,27.2913,27.3247,27.3336,27.1347,27.1647,27.1745,27.5698,28.0689,27.56,27.4186,27.4407,26.7929,27.4887,27.7989,27.6851,26.8319,27.1578,27.1337,27.546,27.3218,27.2458,27.0378,26.8181,27.2139,27.0834,27.4685,27.2375,27.3417,27.204,27.0108,27.2941,26.8603,26.9621,27.3487,27.2836,27.1583,27.3909,27.2413,27.1249,27.1797,27.295,27.2541,27.6263,27.5592,27.372,27.0551,27.2555,27.085,27.415,26.9197,27.4928,27.2538,27.215,27.1116,27.3798,27.1286,27.0586,27.217,27.3406,27.3204,27.2719,27.1066,27.3938,27.3771,26.8935,27.9544,27.5521,27.4647,27.4876,27.3306,27.2113,27.2979,27.3766,27.5058,27.2009
72,12:48:15 PM,27.0211,26.9928,27.116,27.2681,27.1938,26.9557,27.1651,27.0229,27.3424,27.4289,27.267,27.1533,27.4206,27.4837,27.3241,27.1332,27.108,27.517,27.5072,27.4676,27.1588,27.2417,26.9306,27.0677,27.0102,27.027,27.3691,27.2172,27.0676,27.2409,27.3957,27.0275,27.3612,27.6094,27.5039,27.1987,27.4914,27.4417,27.2381,27.383,27.1612,27.1539,27.6748,27.6215,27.1096,27.2737,27.5221,27.5315,27.0911,26.9691,27.3828,27.4078,27.9581,27.9773,27.3403,27.345,27.0174,27.3319,27.9379,27.693,26.8595,27.0332,27.0993,27.4819,27.1624,27.2911,27.0312,26.713,27.046,27.1653,27.4172,27.1159,27.1279,27.1075,27.1705,27.175,26.8453,27.0385,27.5805,27.4322,27.1033,26.9557,27.1667,27.2763,27.2756,27.3112,27.3192,27.5308,27.5546,26.9632,27.1463,27.0583,27.2029,27.334,26.9477,27.3535,27.4456,27.3985,27.1526,27.1796,27.103,27.211,27.4457,27.0544,26.8616,27.1174,27.1132,27.3547,27.5876,26.8644,27.895,27.4448,27.7982,27.3155,27.2898,27.4102,27.2194,27.5429,27.1232,27.0551
73,12:48:35 PM,27.0636,27.0811,27.0458,27.1325,27.3226,26.8147,27.2541,27.2883,27.5167,27.4024,27.0811,27.2529,26.9998,27.4032,27.348,27.2242,27.0925,27.1414,27.3781,27.1571,27.4047,27.2328,27.098,27.1261,27.1597,27.1336,27.4044,27.2252,27.0857,27.0811,27.3758,27.0873,27.2627,27.4914,27.4777,27.3056,27.1737,27.3844,27.4302,27.5051,27.2002,27.1861,27.7771,27.6097,27.5033,27.0686,27.2506,27.6032,26.9644,26.8773,27.2276,27.2824,28.0949,27.4824,27.3493,27.4359,27.2791,27.3841,27.6268,27.5733,27.0428,27.0437,27.1417,27.674,27.2259,27.2899,26.9971,26.9497,27.1645,27.1554,27.6027,27.5814,27.3829,27.1927,27.1685,27.2965,27.0081,26.8491,27.4631,27.2554,27.1503,27.0169,27.1494,27.1402,27.278,27.2443,27.2029,27.6662,27.6361,27.1858,27.0441,27.1025,27.0763,27.2203,26.9875,27.5845,27.3911,27.1222,27.1723,27.1383,27.0294,27.149,27.3802,27.0351,27.108,27.1228,27.156,27.1995,27.6879,27.0565,27.8128,27.288,27.435,27.4532,27.2882,27.3951,27.3402,27.4889,27.4948,27.2285
74,12:48:55 PM,26.7536,26.9559,27.0378,27.2592,27.1529,27.1947,27.0028,27.3938,27.5871,27.3833,27.4088,27.0953,27.2087,27.71,27.4099,27.1316,26.9835,27.1411,27.3164,27.4562,27.3322,27.2627,26.8972,27.1193,26.9099,27.1997,27.2948,27.3166,27.348,27.1502,27.4379,27.202,27.4646,27.5379,27.5003,27.444,27.1259,27.4968,27.4314,27.5914,27.2245,27.402,27.5018,27.7699,27.3679,27.3076,27.5475,27.383,27.2207,26.9835,27.407,27.2936,27.9848,27.5039,27.2081,27.43,27.0288,27.4569,27.8022,27.6641,27.1815,27.1427,27.0519,27.5259,27.1966,27.1469,27.0934,27.0745,27.2031,27.201,27.692,27.3764,27.4792,27.2013,27.1403,27.2913,26.9175,27.1116,27.4817,27.3805,27.0708,26.9968,27.1516,27.3153,27.1178,27.5776,27.2435,27.6139,27.4374,27.1635,27.0211,27.0644,27.3104,27.4238,26.9236,27.7314,27.5728,27.2161,27.2684,27.0852,27.0889,27.2526,27.285,27.2531,27.0151,27.3174,27.1211,27.2095,27.8282,27.1445,27.816,27.5808,27.4442,27.4361,27.2381,27.3421,27.4236,27.5727,27.6261,27.1743
75,12:49:15 PM,27.0132,27.2014,27.0959,27.2201,27.0037,26.8504,27.1255,27.2666,27.421,27.3233,27.3631,27.2001,27.2454,27.5099,27.2201,27.0832,27.3118,27.2271,27.2911,27.3577,27.1779,27.2261,26.9775,27.1376,27.0288,27.2968,27.3702,27.0753,27.0907,27.1555,27.4447,27.0491,27.4354,27.4504,27.4971,27.3399,27.2475,27.4179,27.5484,27.4451,27.0163,27.2764,27.4695,27.5275,27.4819,27.1141,27.5969,27.5733,27.16,27.0015,27.2746,27.2642,28.0159,27.8179,27.2913,27.3174,27.0974,27.5328,27.7511,27.5786,27.0443,27.1485,27.0418,27.3847,27.2556,27.309,26.9936,26.8623,27.311,27.0579,27.5813,27.3099,27.4834,27.2854,27.1829,27.2344,26.9423,26.9407,27.3553,27.1951,26.9605,26.963,27.0763,27.3801,27.2016,27.5895,27.6126,27.7151,27.4961,27.2169,27.0728,27.3624,27.0714,27.2862,26.701,27.633,27.512,27.4994,27.2357,27.1266,27.2162,27.2317,27.3186,27.0848,27.0961,27.1309,27.0347,27.232,27.7199,27.0139,27.8611,27.458,27.5503,27.4518,27.316,27.2152,27.3394,27.4526,27.5547,27.3154
76,12:49:35 PM,26.9675,27.0243,27.2013,27.3164,27.3179,26.939,26.9907,27.1705,27.5356,27.2598,27.2303,27.2825,27.3274,27.6261,27.3416,27.0931,27.1995,27.3053,27.3964,27.3984,27.3194,27.1402,27.135,27.132,27.1353,27.1502,27.4175,27.0961,27.3347,27.1562,27.4363,27.1821,27.292,27.4434,27.4886,27.3541,27.2381,27.5925,27.4377,27.7066,27.0679,27.3199,27.5865,27.5883,27.3444,27.2661,27.6509,27.6289,27.316,27.1562,27.0874,27.3265,27.9493,27.4835,27.4197,27.3659,27.1366,27.5087,27.9149,27.5305,27.0608,26.8981,27.172,27.3199,27.1456,26.9705,27.0723,26.8653,27.4667,27.1929,27.447,27.3893,27.5165,27.3282,27.1356,27.166,26.9022,26.829,27.3833,27.4306,27.1775,27.2405,27.205,27.3898,27.0951,27.4784,27.4644,27.6862,27.5757,27.2008,27.1049,26.981,27.2372,27.3725,26.9599,27.46,27.5145,27.3597,27.1277,27.2658,27.1473,27.2434,27.3719,27.3622,26.9795,27.327,27.0745,27.4187,27.719,27.228,27.7468,27.4942,27.576,27.3571,27.0736,27.4983,27.1737,27.4754,27.4705,26.9948
77,12:49:55 PM,27.0301,26.9785,27.2419,27.3809,27.0765,27.005,27.1433,27.2899,27.4735,27.3592,27.2941,27.0993,27.2073,27.5786,27.3915,27.0724,27.0356,27.3718,27.129,27.3869,27.2094,27.151,27.0559,27.0409,27.2502,26.9966,27.2475,27.0818,27.2093,27.1911,27.3583,27.3374,27.481,27.3376,27.5178,27.367,27.2722,27.4306,27.5098,27.4554,27.2186,27.3142,27.6375,27.5552,27.3589,27.0889,27.4234,27.4182,27.157,26.9485,27.1803,27.4159,28.0576,27.8607,27.3827,27.2696,27.0277,27.3969,27.647,27.4814,27.094,27.0005,27.1775,27.4369,27.2581,27.1417,27.0673,26.9991,26.9797,27.1143,27.5767,27.2867,27.3462,27.0473,27.1059,26.9678,26.9671,26.9547,27.387,27.3328,27.0074,27.188,27.1858,27.2198,27.0812,27.5092,27.263,27.4684,27.7218,27.3257,27.1138,27.1607,27.2095,27.4018,27.0605,27.5997,27.3162,27.3474,27.3397,27.2804,27.0951,27.302,27.5934,27.0845,27.0848,27.2178,27.1432,27.5126,27.7854,27.0405,28.0074,27.5995,27.6371,27.4942,27.4156,27.3629,27.2853,27.7319,27.5326,27.2865
78,12:50:15 PM,27.0769,26.9523,27.0709,27.1988,27.106,26.9843,27.1752,27.3058,27.5292,27.2209,27.2209,27.313,27.1804,27.4483,27.2938,27.2377,27.0586,27.2259,27.5264,27.2779,27.1652,27.4439,26.9391,27.1744,26.9884,27.1796,27.5067,27.1751,27.1892,27.1046,27.4508,27.274,27.4452,27.4124,27.4695,27.4138,27.2729,27.4365,27.444,27.5593,27.2641,27.4624,27.4517,27.6251,27.456,27.2615,27.4424,27.4867,27.1504,26.9526,27.2208,27.1511,27.9448,27.9431,27.6174,27.3482,27.0742,27.5993,27.8606,27.6305,26.9603,27.0757,27.3185,27.454,27.2084,27.2522,27.1352,26.9635,27.328,27.0678,27.4452,27.3867,27.2833,27.2145,27.2885,27.0375,26.9347,27.014,27.614,27.2661,27.0889,26.9934,27.3083,27.2733,27.1851,27.3805,27.279,27.6474,27.4658,27.174,27.0114,27.2559,27.3,27.3758,27.0682,27.4442,27.5299,27.4014,27.1925,27.2493,26.9469,27.003,27.3963,27.2447,27.0523,27.3165,27.0208,27.3324,27.9847,27.0245,28.0675,27.4284,27.4738,27.4208,27.3195,27.3097,27.1755,27.381,27.4835,27.4084
79,12:50:35 PM,26.9888,27.1228,27.1282,27.2875,27.2515,26.8894,27.1144,27.3017,27.5371,27.331,27.3091,27.1045,27.1653,27.558,27.5787,27.0937,27.2819,27.378,27.1498,27.1945,27.1154,27.1972,27.1528,27.1127,27.0819,27.1174,27.106,27.4719,27.2782,26.9155,27.452,27.0735,27.4917,27.2983,27.5677,27.2617,27.1755,27.3866,27.6273,27.6231,27.0189,27.4064,27.4418,27.6508,27.3833,27.3413,27.2507,27.2229,26.871,27.2018,27.1893,27.2698,27.9847,27.471,27.3902,27.3343,27.1425,27.7725,27.8235,27.8828,27.008,27.2467,27.0475,27.5683,27.1287,27.2897,27.1864,26.7754,27.1748,27.1133,27.4853,27.3013,27.3994,27.2972,27.0026,27.0256,27.0459,27.1484,27.367,27.4791,27.2358,27.0843,27.4544,27.2195,27.1258,27.3399,27.2587,27.5809,27.5231,27.3446,27.082,27.5023,27.2772,27.6114,26.9289,27.4624,27.4464,27.3425,27.1863,27.3896,27.1746,27.0671,27.3754,27.3068,27.0777,27.242,27.2383,27.331,27.7775,27.1261,27.8567,27.4779,27.4921,27.3963,27.244,27.4705,27.2657,27.5281,27.5211,27.4056
80,12:50:55 PM,27.2524,27.0222,26.8909,27.2711,27.2621,27.0008,26.9895,27.3191,27.3576,27.1773,27.3017,27.0918,27.4976,27.3805,27.2651,27.098,27.2045,27.4157,27.4991,27.35,27.367,27.1254,27.0762,27.1335,27.0923,27.1384,27.2531,27.1928,27.1516,27.086,27.3758,27.2956,27.4335,27.3853,27.6051,27.4518,27.196,27.3713,27.4839,27.5478,27.1739,27.4009,27.6599,27.6008,27.5574,27.2648,27.2187,27.6535,27.1043,26.9879,27.2855,27.2502,27.7232,27.7048,27.4115,27.395,27.0889,27.7072,27.8575,27.5524,27.2765,27.2246,27.3066,27.4181,27.3985,27.2518,27.038,27.0358,27.0665,26.9399,27.5358,27.401,27.3066,27.2498,27.1114,26.9954,26.9599,26.9997,27.4634,27.4422,26.9719,27.1082,27.3114,27.3248,27.2942,27.4721,27.3585,27.6122,27.642,27.3045,26.9116,27.2664,27.3427,27.4769,26.959,27.5606,27.5111,27.2783,27.1958,26.9822,27.104,27.1374,27.4522,27.2796,27.0773,27.1125,27.1523,27.3086,27.7025,27.1549,27.9398,27.4559,27.6465,27.2834,27.4746,27.4398,27.3327,27.3898,27.4246,27.382
81,12:51:15 PM,26.9724,26.9855,27.1008,27.2472,27.2158,26.8848,27.1429,27.4163,27.5294,27.4983,27.243,27.3169,27.3699,27.4486,27.3272,27.302,27.3018,27.2885,27.5398,27.2591,27.337,27.1384,27.1929,27.2064,27.0386,27.325,27.4182,27.3411,27.1622,27.2215,27.6633,27.3951,27.5792,27.3937,27.3722,27.3818,27.4782,27.3767,27.5884,27.4159,27.0576,27.3022,27.9302,27.6164,27.3895,27.2257,27.3986,27.573,27.0597,27.0762,27.2246,27.519,27.7078,27.6702,27.474,27.3172,27.1229,27.8132,28.1726,27.7382,27.1069,27.1389,27.1183,27.7081,27.2648,27.2625,27.0398,26.9155,27.3468,27.2663,27.6518,27.5788,27.4564,27.2972,27.2157,27.1922,27.074,27.005,27.3762,27.2853,27.1298,26.9016,27.1871,27.3681,27.078,27.3732,27.5315,27.7004,27.5417,27.4817,27.0746,27.2456,27.3012,27.4937,27.0878,27.8621,27.7078,27.3799,27.2787,26.9822,27.2245,27.3142,27.7408,27.3115,27.129,27.0134,27.1863,27.2886,27.8161,26.9733,28.0411,27.4454,27.6158,27.4055,27.1136,27.2493,27.145,27.6645,27.4354,27.3715
82,12:51:35 PM,27.0368,27.0702,26.9667,27.2215,27.2397,27.1451,27.1009,27.3888,27.2483,27.3676,27.098,27.1099,27.2471,27.3256,27.3578,27.2897,27.2869,27.2429,27.3599,27.2541,27.2995,27.137,27.2118,27.3491,27.1401,27.0617,27.519,27.182,27.4088,27.2127,27.2693,27.2171,27.5088,27.3195,27.6016,27.4202,27.536,27.4537,27.5801,27.4491,27.2785,27.3177,27.7297,27.69,27.4833,27.2591,27.388,27.6187,27.3329,27.2008,27.0535,27.4024,28.0066,27.5941,27.3981,27.4104,27.0479,27.6918,27.7042,27.5186,27.1993,27.1161,27.2393,27.6365,27.2109,27.1767,27.064,27.1139,27.3954,27.3408,27.5385,27.4262,27.2834,27.3595,27.1213,27.0909,26.8632,27.0227,27.4885,27.5889,27.1591,27.1154,27.3455,27.184,27.2415,27.2993,27.6234,27.6634,27.6199,27.0568,26.9349,27.3819,27.4005,27.471,26.9366,27.501,27.7094,27.3384,27.4011,27.188,27.0153,27.3383,27.4789,27.2498,27.205,27.1195,26.9037,27.3795,27.7656,27.2497,27.8995,27.3313,27.4436,27.3889,27.2429,27.3051,27.3608,27.5205,27.574,27.3781
83,12:51:55 PM,27.1235,27.2339,27.1002,27.4276,27.288,27.096,27.2968,27.2,27.3377,27.52,27.2155,27.2084,27.3818,27.4566,27.5291,27.2164,27.2159,27.1625,27.5285,27.2938,27.3824,27.3017,27.2086,27.2034,27.0585,27.1922,27.4031,27.3751,27.2807,27.1308,27.2579,27.2529,27.4118,27.4235,27.4991,27.4092,27.3999,27.5884,27.4643,27.5659,27.226,27.4688,27.7518,27.7643,27.4762,27.1402,27.3813,27.5398,27.1546,26.9824,27.1973,27.5434,27.7915,27.5763,27.333,27.229,27.0576,27.6066,27.9845,27.5647,27.1645,27.1551,27.2314,27.6356,27.1793,27.2257,27.1569,26.9374,27.1427,26.9894,27.5946,27.2965,27.4067,27.3168,27.1523,27.4553,27.216,26.9819,27.5542,27.3878,27.15,27.1558,27.2404,27.1812,27.2906,27.3642,27.3927,27.5629,27.4499,27.1899,26.7539,27.2017,27.3468,27.5132,26.9562,27.6026,27.3951,27.4442,27.1632,27.0053,27.1002,27.324,27.2461,27.2265,27.3914,27.341,27.2734,27.3048,27.8202,26.8934,27.9041,27.3376,27.6255,27.505,27.0929,27.3643,27.493,27.5523,27.5263,27.4188
84,12:52:15 PM,26.8761,27.1597,27.1007,27.3651,27.1485,27.1219,27.2048,27.311,27.3859,27.287,27.4413,27.2608,27.4233,27.5034,27.2757,27.027,27.3256,27.5824,27.45,27.4614,27.4186,27.3458,27.0549,27.325,27.0174,27.259,27.4237,27.272,27.4202,27.2962,27.4131,27.1573,27.6109,27.3738,27.4841,27.2304,27.1545,27.4611,27.579,27.5252,27.0666,27.3106,27.7662,27.7,27.5739,27.353,27.4927,27.4298,27.1124,26.8915,27.1254,27.6167,28.0579,27.873,27.4254,27.3492,26.9961,27.6129,27.88,27.6303,27.0469,27.2326,27.2167,27.3901,27.3714,27.3815,27.0007,26.9026,27.1371,27.1805,27.6662,27.367,27.6466,27.2742,27.2452,27.1945,27.0146,26.835,27.4891,27.3885,27.1331,27.0949,27.2945,27.2123,27.2082,27.4972,27.3744,27.538,27.6471,27.1536,27.1612,27.1996,27.2491,27.5002,26.9968,27.5421,27.542,27.3612,27.2413,27.0735,27.1675,27.1156,27.2899,27.2314,27.2079,27.0939,27.1746,27.3328,27.5166,26.7726,27.8364,27.3683,27.5059,27.3773,27.476,27.3204,27.2425,27.5946,27.6042,27.3391
85,12:52:35 PM,27.1125,27.1523,27.1107,27.1806,27.2128,26.9495,27.2342,27.2344,27.5199,27.537,27.2314,27.3317,27.5154,27.6354,27.4736,27.1199,27.2535,27.3732,27.4495,27.4144,27.4208,27.5511,27.283,27.1854,26.9631,27.1113,27.395,27.1479,27.0645,27.1869,27.2527,27.2304,27.4251,27.5436,27.5706,27.4601,27.3673,27.4102,27.4551,27.4152,27.1596,27.4001,27.6385,27.4624,27.5027,27.4,27.3606,27.3839,27.2309,26.9975,27.0756,27.4679,27.9998,27.5717,27.5348,27.2593,27.0378,27.6389,28.005,27.7616,27.2575,27.0737,27.1985,27.7698,27.2387,27.2067,27.2566,26.8262,27.3061,27.0933,27.5072,27.4464,27.414,27.1975,27.1937,27.2156,27.1387,26.9688,27.3009,27.4528,27.1357,27.0117,27.1374,27.2717,27.1483,27.7259,27.5091,27.6133,27.6271,27.4402,27.0524,27.0393,27.331,27.4033,26.9668,27.5643,27.6678,27.388,27.1446,27.2804,27.129,27.2887,27.4528,27.2545,27.0896,27.0842,27.3099,27.1995,27.6697,27.0687,27.8523,27.3191,27.5165,27.5267,27.395,27.4703,27.1682,27.5525,27.5469,27.3028
86,12:52:55 PM,27.2244,27.2766,27.1212,27.382,27.323,27.0495,27.1506,27.3806,27.4588,27.4129,27.2642,27.2,27.3621,27.611,27.3564,27.2295,27.3618,27.2861,27.6269,27.3855,27.5401,27.3062,27.2271,27.1708,26.9977,27.251,27.2741,27.3067,27.125,27.2174,27.7247,27.1996,27.5831,27.5102,27.4228,27.1829,27.1867,27.4349,27.381,27.6457,27.0905,27.4834,27.6924,27.7362,27.7747,27.2113,27.3665,27.3954,27.2511,26.9947,27.3109,27.4926,27.9225,27.6178,27.392,27.2604,26.9258,27.791,27.9568,27.8918,27.0995,27.3186,27.0023,27.4638,27.2619,27.261,27.0115,26.8922,27.1005,27.2243,27.5455,27.421,27.3229,27.4164,27.1568,27.0178,27.1642,27.1435,27.5407,27.4545,26.981,27.0264,27.3602,27.281,27.2576,27.5125,27.5019,27.6985,27.4677,27.2388,27.1578,27.1744,27.2944,27.5959,27.2695,27.64,27.6463,27.5294,27.3441,27.1159,27.1097,27.3518,27.3066,27.355,27.2462,27.1545,27.1564,27.4354,27.6889,27.1133,27.8413,27.4731,27.4247,27.6638,27.3061,27.4214,27.2214,27.8023,27.504,27.2498
87,12:53:15 PM,27.0531,27.199,27.1764,27.2501,27.3552,26.6752,27.0821,27.3721,27.4927,27.3209,27.3503,27.2008,27.2796,27.6385,27.3417,27.1921,27.3872,27.2991,27.3566,27.2465,27.3143,27.4706,27.18,27.0487,26.9793,27.1623,27.3008,27.3903,27.251,27.1763,27.4401,27.2568,27.6446,27.3017,27.671,27.4742,27.3528,27.5,27.4468,27.5743,27.0844,27.5592,27.8244,27.6727,27.3579,27.3572,27.478,27.6469,27.1915,27.0774,27.3051,27.4347,27.7331,27.4908,27.613,27.279,27.2488,27.6483,27.8599,27.6876,27.3636,27.2567,27.3231,27.71,27.2535,27.2726,27.0623,26.7677,27.2165,27.0291,27.5642,27.5347,27.5772,27.1668,27.1663,27.0681,27.0853,27.0536,27.5257,27.2673,27.2335,27.2112,27.2355,27.3921,27.1538,27.6284,27.5279,27.6306,27.4294,27.426,27.251,27.3468,27.3739,27.447,27.0202,27.595,27.5515,27.3304,27.1998,27.3034,27.3513,27.0804,27.3714,27.049,27.1392,27.0967,26.9911,27.4785,27.6436,27.1362,27.7857,27.5916,27.4351,27.3496,27.1637,27.4241,27.3371,27.5502,27.4101,27.3302
88,12:53:35 PM,26.9275,26.966,27.1922,27.3718,26.9932,26.9833,27.1054,27.4725,27.3362,27.4099,27.262,27.3515,27.444,27.525,27.3842,27.3306,27.1911,27.3807,27.491,27.2927,27.1867,27.4766,27.2416,27.312,27.0008,27.2126,27.346,27.2153,27.2429,27.2214,27.4498,27.2304,27.5353,27.3977,27.3231,27.4565,27.4549,27.548,27.5629,27.6717,27.1205,27.496,27.8059,27.7574,27.4646,27.4705,27.6651,27.5836,27.1536,27.0278,27.2207,27.6324,27.8327,27.4683,27.3857,27.3977,27.1936,27.7366,27.848,27.5048,27.1758,27.2917,27.2574,27.5362,27.3305,27.3323,27.2345,26.9799,27.3481,27.2755,27.813,27.482,27.546,27.2801,27.1446,27.2462,27.1526,26.9336,27.4593,27.3523,27.2735,27.0659,27.3657,27.176,27.4121,27.2397,27.3279,27.6059,27.6485,27.1849,27.1057,27.2697,27.4666,27.538,27.0166,27.7419,27.559,27.3328,27.2191,27.3174,27.231,27.2603,27.3862,27.4332,27.1222,27.3219,27.2467,27.3801,27.4727,27.1508,27.8537,27.553,27.5486,27.2813,27.3832,27.541,27.2477,27.5936,27.5298,27.1868
89,12:53:55 PM,27.2764,27.2768,27.2459,27.5894,27.2866,27.0415,27.4813,27.4759,27.5761,27.182,27.2019,27.3176,27.4485,27.529,27.1548,27.267,27.2471,27.3768,27.3435,27.2625,27.225,27.4953,27.2383,27.2794,27.1714,27.1761,27.4941,27.2194,27.3636,27.3485,27.5463,27.1752,27.3111,27.4858,27.483,27.4642,27.425,27.6133,27.6286,27.6772,27.186,27.4112,27.6354,27.7083,27.4706,27.4438,27.5411,27.5141,26.9293,27.0278,27.2447,27.3363,27.734,27.5045,27.3611,27.2624,27.1197,27.9739,28.1072,27.4807,26.9843,27.325,27.2889,27.5963,27.1671,27.2061,27.1815,27.0746,27.4165,27.4274,27.6299,27.3872,27.5507,27.3705,27.272,27.225,27.016,27.0749,27.3969,27.3633,27.2294,27.1831,27.2338,27.5272,27.1069,27.4931,27.5429,27.8144,27.7455,27.3337,27.2122,27.3604,27.3081,27.7228,27.0318,27.6457,27.8041,27.7012,27.1344,27.138,27.0808,27.225,27.4131,27.4645,27.0343,27.2009,27.226,27.348,27.6609,26.8385,27.9611,27.4873,27.7442,27.4677,27.4263,27.4316,27.3343,27.627,27.6741,27.3035
90,12:54:15 PM,27.0391,27.1959,27.1358,27.465,27.1969,26.9848,27.2927,27.2452,27.4453,27.4716,27.2367,27.1849,27.3893,27.4182,27.2832,27.0898,27.3359,27.4341,27.3856,27.3355,27.2378,27.3598,27.3478,27.2108,27.018,27.3166,27.4205,27.345,27.2705,27.0903,27.4273,27.2391,27.5539,27.6955,27.4689,27.3402,27.3154,27.7093,27.7288,27.6237,27.2337,27.5463,27.8211,27.7567,27.3457,27.3382,27.6294,27.5099,27.0635,27.0243,27.2102,27.4114,27.7472,27.5378,27.3963,27.4284,27.0132,27.5291,27.7406,27.5705,27.1365,27.2994,27.2104,27.6198,27.3048,27.1276,26.9889,26.9854,27.3543,27.1813,27.6757,27.4791,27.641,27.222,27.0817,27.0371,27.0803,26.8893,27.4493,27.467,27.3048,27.2259,27.3637,27.2438,27.0893,27.4419,27.3584,27.6614,27.608,27.1434,27.0676,27.2625,27.3936,27.3933,26.9747,27.4747,27.7184,27.6423,27.1981,27.1856,27.0869,27.2173,27.2098,27.3829,27.1752,27.296,27.2023,27.1104,27.7633,27.1824,27.8515,27.5376,27.5255,27.3804,27.36,27.4862,27.5487,27.6686,27.6074,27.2399
91,12:54:35 PM,27.0002,27.0239,27.2213,27.4871,27.4325,27.085,27.2813,27.2223,27.6576,27.43,27.3575,27.3375,27.4862,27.5428,27.3714,27.1575,27.1017,27.4745,27.4487,27.1416,27.4824,27.4107,27.2761,27.1786,27.0541,27.0565,27.3578,27.2266,27.1271,27.1775,27.4282,27.0742,27.347,27.3829,27.5167,27.2834,27.2974,27.4212,27.5829,27.5994,27.0323,27.5355,27.7959,27.6042,27.3738,27.3584,27.4411,27.6085,27.181,26.9797,27.1941,27.3968,27.7574,27.8314,27.5693,27.3178,27.0491,27.5907,27.8732,27.5176,27.2687,27.3595,27.1136,27.644,27.2695,27.1356,27.0333,26.9604,27.366,27.2929,27.7813,27.3832,27.4895,27.1681,27.044,27.2542,26.9977,26.9062,27.4738,27.3873,27.2826,27.2085,27.2165,27.137,27.3602,27.6303,27.403,27.7641,27.7221,27.1532,27.0901,27.2985,27.3283,27.6708,27.0977,27.6663,27.6471,27.4965,27.1748,27.3763,27.1295,27.3261,27.498,27.3707,27.2039,27.1987,27.1277,27.4717,27.7878,26.9519,27.9811,27.3578,27.4536,27.6596,27.2499,27.3925,27.3881,27.6078,27.6679,27.3547
92,12:54:55 PM,27.1874,27.143,27.2345,27.141,27.1587,27.0562,27.2662,27.5236,27.6706,27.2469,27.4196,27.3076,27.3805,27.4295,27.3073,27.3035,27.3056,27.3253,27.3702,27.2212,27.3219,27.378,27.3663,27.1901,26.8855,27.3236,27.5917,27.2398,27.3795,27.4655,27.4687,27.2721,27.4077,27.3891,27.5978,27.376,27.2622,27.6723,27.5471,27.4845,27.0868,27.4602,27.8032,27.859,27.5804,27.5032,27.4937,27.5031,27.043,26.9421,27.0764,27.3924,27.5229,27.6739,27.3636,27.4693,27.2494,27.7918,27.9225,27.5333,26.9801,27.2694,27.3215,27.7142,27.3311,27.2907,27.1516,26.8547,27.282,27.161,27.6952,27.357,27.413,27.3366,27.2554,27.1809,26.9202,27.1177,27.5352,27.3973,27.1835,27.3572,27.4319,27.2422,27.1868,27.5381,27.4603,27.7024,27.822,27.1888,27.2264,27.2069,27.4785,27.4122,26.9291,27.4717,27.5699,27.3959,27.2141,27.339,27.0722,27.1975,27.5297,27.3425,27.2011,27.1455,27.0895,27.5865,27.8316,27.0116,28.0666,27.5643,27.8654,27.6063,27.2563,27.359,27.1389,27.5016,27.7504,27.2507
93,12:55:15 PM,27.2595,27.2752,27.2835,27.3834,27.2388,27.1071,27.2745,27.4333,27.5047,27.3089,27.1213,27.2224,27.3247,27.4196,27.2764,27.151,27.3713,27.4815,27.3905,27.3269,27.3265,27.4878,27.0614,27.0727,26.9219,27.249,27.5839,27.3395,27.264,27.2174,27.4623,27.2365,27.6094,27.5127,27.3856,27.4197,27.1533,27.4877,27.6041,27.4669,27.3098,27.5434,27.6161,27.6517,27.4537,27.1999,27.3531,27.5208,27.1722,26.9734,27.2867,27.3384,27.6795,27.5932,27.4054,27.5587,27.0928,27.7409,28.0041,27.4331,26.9419,27.2545,27.186,27.6527,27.1839,27.4298,26.9762,27.057,27.2657,27.2983,27.7892,27.3203,27.4498,27.2712,27.0969,27.0673,27.1523,27.02,27.6069,27.3897,27.2196,27.1831,27.3907,27.2539,27.2992,27.4604,27.3906,27.7808,27.5717,27.1419,27.0729,27.2878,27.233,27.3999,27.0096,27.5863,27.6855,27.3612,27.6256,27.1501,27.2025,27.1593,27.3988,27.3892,27.1648,27.1833,27.2778,27.5262,27.9116,27.116,27.7905,27.4938,27.6566,27.4309,27.3796,27.426,27.3012,27.6723,27.4503,27.2328
94,12:55:35 PM,27.2108,27.346,27.042,27.5051,27.2248,26.8555,27.345,27.3599,27.4504,27.3912,27.1091,27.2769,27.212,27.4585,27.1012,27.261,27.1531,27.4144,27.3993,27.3389,27.3787,27.3096,27.0542,27.0429,27.1544,27.0945,27.2986,27.2612,27.2113,27.1612,27.2763,27.2085,27.7142,27.5474,27.3403,27.3338,27.1937,27.6267,27.4057,27.5716,27.0389,27.2721,27.8059,27.5774,27.4233,27.0884,27.4797,27.5603,27.1817,26.9095,27.0901,27.1904,27.4942,27.822,27.5052,27.4598,27.2218,27.8194,27.6103,27.5562,27.1655,27.247,27.2071,27.6529,27.3344,27.2554,27.1281,27.0675,27.3414,27.2595,27.671,27.5684,27.5899,27.2699,27.3021,27.021,26.9274,27.1281,27.5323,27.4041,27.284,27.126,27.4713,27.3352,27.1562,27.6905,27.4586,27.624,27.7297,27.3405,26.9724,27.1687,27.3558,27.5905,27.0191,27.4844,27.535,27.2722,27.3651,27.3491,27.1887,27.3959,27.5012,27.4473,27.0697,27.3687,27.2796,27.4699,27.8284,27.222,28.008,27.4742,27.6001,27.4786,27.4531,27.4146,27.3119,27.7273,27.5017,27.1937
95,12:55:55 PM,26.8734,27.0934,27.2222,27.2043,27.2567,27.0428,27.248,27.2682,27.4328,27.2225,27.3118,27.2822,27.2992,27.4373,27.5961,27.0777,27.3003,27.3604,27.5117,27.376,27.4992,27.3324,27.2234,27.1719,27.0118,27.2948,27.5246,27.2572,27.3982,27.1354,27.4303,27.4442,27.4512,27.524,27.635,27.6855,27.3944,27.563,27.5859,27.4825,27.0472,27.4271,27.772,27.7258,27.6304,27.3478,27.5863,27.5709,27.2835,27.1105,27.1207,27.2515,27.5792,27.8204,27.4628,27.1664,27.3927,27.5505,27.5422,27.6132,27.1287,27.2523,27.12,27.4581,27.2522,27.3488,27.2578,26.9748,27.3267,27.3252,27.598,27.5058,27.4607,27.5044,27.0888,27.045,27.1733,26.9687,27.4493,27.2554,27.1457,27.241,27.3091,27.4149,27.3383,27.255,27.2666,27.6693,27.4718,27.2453,27.2266,26.9998,27.3731,27.5078,26.8516,27.6291,27.5104,27.3298,27.3553,27.149,27.2825,27.1726,27.4553,27.5016,27.1579,27.2337,27.1737,27.5475,27.7288,27.0743,27.9988,27.5526,27.6228,27.4218,27.5061,27.293,27.2032,27.6169,27.7559,27.3616
96,12:56:15 PM,27.3937,27.0627,27.1886,27.3606,27.2539,27.0245,27.2588,27.4904,27.392,27.4303,27.3605,27.3147,27.3229,27.6089,27.2942,27.3556,27.1713,27.4479,27.4804,27.2353,27.4102,27.3536,27.2333,27.1392,26.965,27.0387,27.6298,27.1674,27.399,27.1812,27.47,27.2266,27.6212,27.5121,27.4056,27.4445,27.221,27.558,27.539,27.5058,27.1866,27.4667,27.9643,27.6656,27.5745,27.4723,27.5782,27.6824,27.0927,27.1583,27.2464,27.2841,27.4068,27.9978,27.5019,27.2932,27.1866,27.4854,27.815,27.5433,27.2932,27.1745,27.3218,27.5465,27.3452,27.3724,27.1245,27.0159,27.3617,27.2379,27.7226,27.6232,27.6836,27.1654,27.19,27.0102,27.1421,27.0033,27.6498,27.3395,27.2697,27.1217,27.461,27.4103,27.2251,27.4811,27.4304,27.7186,27.716,27.2119,27.1119,27.2618,27.4724,27.381,26.8432,27.5174,27.5806,27.4805,27.3874,27.1734,27.1598,27.0479,27.3537,27.3811,27.1483,27.3318,27.0823,27.4359,27.6539,27.0168,27.7895,27.4052,27.5686,27.797,27.3577,27.5012,27.3136,27.6786,27.5861,27.4836
97,12:56:35 PM,27.0336,27.1831,27.3613,27.3721,27.3284,27.0194,27.116,27.432,27.5784,27.3119,27.4421,27.2094,27.7137,27.4577,27.3245,27.2438,27.3209,27.3881,27.7312,27.4327,27.4324,27.4957,27.3943,27.3168,27.1318,27.1584,27.5843,27.2722,27.255,27.1185,27.38,27.2893,27.5979,27.6229,27.4944,27.3434,27.3444,27.6241,27.359,27.482,26.8902,27.4192,27.8059,27.7341,27.4988,27.2909,27.5865,27.6052,26.9844,26.9455,27.3558,27.3343,27.7773,27.8506,27.5385,27.4293,27.1129,27.3919,27.8194,27.6954,27.1401,27.2915,27.1857,27.5494,27.4438,27.1503,27.1723,27.0009,27.1795,27.4027,27.7544,27.5403,27.4664,27.3265,27.1672,27.0161,27.1041,26.9907,27.4938,27.3772,27.3573,27.1876,27.3157,27.349,27.1683,27.3403,27.2268,27.8225,27.6471,27.2072,27.1999,27.2469,27.5527,27.6307,26.9241,27.7317,27.4611,27.5302,27.3024,27.2639,27.0972,27.0921,27.4988,27.4072,26.9993,27.204,27.2106,27.5741,27.7904,27.0065,27.7378,27.4976,27.5737,27.4767,27.2746,27.3938,27.1252,27.6309,27.3948,27.2955
98,12:56:55 PM,26.918,27.1613,27.0994,27.2638,27.1582,27.0418,27.3404,27.4702,27.4135,27.4277,27.2426,27.3225,27.3439,27.5661,27.4468,27.0584,27.3556,27.5053,27.7404,27.314,27.4846,27.2973,27.2724,27.2819,27.0302,27.2462,27.5197,27.3991,27.2983,27.2861,27.4986,27.2917,27.4788,27.4306,27.5489,27.4122,27.4703,27.5718,27.3782,27.4677,27.2901,27.3143,27.7865,27.7212,27.4554,27.4242,27.7018,27.5262,27.2248,27.2275,27.342,27.4158,27.6293,27.8647,27.4642,27.2646,27.0917,27.5763,27.7511,27.5903,27.1059,27.093,27.3162,27.6489,27.2075,27.404,27.1632,27.1147,27.2599,27.2139,27.6746,27.6615,27.5756,27.2916,27.0899,27.1586,27.1503,27.0107,27.5794,27.2614,27.1541,27.2741,27.3461,27.2775,27.3616,27.6838,27.5417,27.6503,27.7227,27.392,27.2447,27.12,27.2788,27.6454,26.8306,27.6211,27.6462,27.2992,27.3493,27.0887,27.2463,27.3448,27.3918,27.1688,27.1733,27.2399,27.0493,27.4991,27.8953,27.0716,27.8552,27.4826,27.528,27.6874,27.3187,27.3407,27.5131,27.5832,27.6243,27.5419
99,12:57:15 PM,26.8246,27.284,27.0526,27.1077,27.0883,27.2232,27.1346,27.5049,27.5669,27.2874,27.4259,27.2474,27.6254,27.4633,27.3376,27.2469,27.3189,27.4914,27.4505,27.2979,27.5061,27.3359,27.3881,27.0634,27.1644,27.3138,27.5638,27.417,27.2959,27.1428,27.3635,27.4122,27.6837,27.4122,27.5075,27.2987,27.4459,27.8197,27.5243,27.6975,27.1473,27.3056,27.8763,27.6686,27.5212,27.4653,27.4582,27.5718,27.2668,26.8623,27.2843,27.3997,27.4776,28.0942,27.5118,27.3263,27.1668,27.7753,27.707,27.3494,27.1106,27.2667,27.314,27.6642,27.3388,27.4744,27.3486,27.0796,27.284,27.2147,27.6312,27.6785,27.6927,27.4798,27.0862,27.1599,27.0691,27.1878,27.4969,27.3966,27.4324,27.2334,27.259,27.4481,27.3187,27.5018,27.5615,27.5645,27.7813,27.2789,27.1381,27.2015,27.3114,27.515,27.1697,27.5349,27.4206,27.5047,27.3379,27.372,27.1866,27.3569,27.5345,27.2501,27.1179,27.1298,27.1322,27.3649,27.779,27.097,28.166,27.37,27.5199,27.6175,27.4306,27.1869,27.4791,27.6039,27.4095,27.3294
100,12:57:35 PM,27.1837,27.3049,27.2891,27.2849,27.2829,27.0065,27.2076,27.4111,27.5485,27.5163,27.4232,27.1515,27.2299,27.5336,27.3453,26.9901,27.4633,27.4643,27.2953,27.3382,27.5217,27.2638,27.1054,27.3693,27.0685,27.008,27.5484,27.3288,27.333,27.2467,27.569,27.4556,27.5313,27.5188,27.6492,27.4814,27.2759,27.429,27.5706,27.5247,27.3306,27.4676,27.6507,27.7608,27.4798,27.3958,27.5661,27.6637,27.3333,26.9417,27.0998,27.1835,27.4664,28.1784,27.5614,27.2858,27.2972,27.5495,27.7464,27.5965,27.0603,27.4361,27.0704,27.4416,27.2809,27.5048,27.082,26.9702,27.5048,27.0905,27.6707,27.4613,27.4841,27.3236,27.1253,27.1246,26.9408,27.0415,27.478,27.4691,27.3063,27.1636,27.2856,27.2855,27.4188,27.5096,27.5275,27.6106,27.6729,27.3172,27.1678,27.5277,27.3674,27.5564,26.9394,27.5815,27.5794,27.4423,27.3183,27.2306,27.3553,27.3217,27.4596,27.5007,27.1337,27.2073,27.2033,27.5141,27.8376,27.2461,27.9306,27.5173,27.584,27.5277,27.2819,27.5884,27.3785,27.5667,27.6586,27.4046
101,12:57:55 PM,27.0882,27.1164,27.0984,27.3762,27.2511,27.124,27.3337,27.517,27.2386,27.5436,27.2847,27.3003,27.4812,27.4807,27.4783,27.182,27.4108,27.3738,27.3743,27.3767,27.38,27.4043,27.3575,27.2944,26.9997,27.1661,27.3955,27.3733,27.3849,27.0674,27.4074,27.2062,27.5239,27.5734,27.6192,27.4747,27.429,27.5618,27.3995,27.5849,27.2172,27.35,27.7993,27.716,27.3754,27.4657,27.6769,27.5033,27.2672,27.0909,27.3158,27.3317,27.585,28.0808,27.3484,27.3318,27.2381,27.5575,27.9474,27.6376,27.1444,27.1436,27.3178,27.5841,27.3508,27.4128,27.0151,27.0638,27.2371,27.1999,27.7216,27.5335,27.5271,27.386,27.1624,27.1932,27.3281,27.0785,27.4728,27.4512,27.4478,27.2919,27.3969,27.3051,27.2248,27.4288,27.3602,27.7211,27.5499,27.1512,27.308,27.1345,27.3568,27.5346,27.0892,27.4868,27.8359,27.4298,27.4585,27.358,26.9237,27.3233,27.3552,27.2659,27.2185,27.0047,27.0619,27.5632,27.8011,27.0164,27.887,27.4202,27.7429,27.687,27.6319,27.4318,27.3352,27.5467,27.4944,27.3587
102,12:58:15 PM,27.0698,27.208,27.0947,27.315,27.1842,27.0338,27.0445,27.5698,27.516,27.2761,27.2138,27.4323,27.3801,27.4151,27.3529,27.2067,27.3506,27.4238,27.5477,27.3011,27.5206,27.4236,27.4666,27.1728,27.0979,27.1595,27.6056,27.4623,27.3639,27.0977,27.5682,27.0984,27.5511,27.4159,27.5517,27.3957,27.3771,27.7253,27.425,27.6784,27.1276,27.288,27.7599,27.7801,27.4724,27.3706,27.6024,27.4628,27.1852,27.1669,27.295,27.1203,27.5869,28.2945,27.6001,27.3395,27.0965,27.8178,27.8918,27.5896,27.0039,27.1253,27.2003,27.6306,27.4953,27.1261,27.0608,27.004,27.3667,27.288,27.7251,27.6562,27.7166,27.4567,27.0576,26.9284,27.0152,27.1593,27.4756,27.4367,27.1332,27.2922,27.3074,27.1305,27.2226,27.28,27.4041,27.8722,27.7807,27.2237,27.232,27.2005,27.3864,27.4864,26.8661,27.5937,27.5277,27.3776,27.4061,27.2095,27.0383,27.2904,27.6085,27.2929,27.1009,27.1593,26.9784,27.2955,27.69,27.1035,28.0625,27.5776,27.5554,27.4032,27.2979,27.3105,27.2083,27.6325,27.6348,27.2328
103,12:58:35 PM,26.9846,27.293,27.2617,27.3553,27.1692,27.0109,27.325,27.3785,27.5788,27.3209,27.2676,27.4981,27.4018,27.6839,27.4484,27.147,27.3278,27.4783,27.3479,27.3454,27.4312,27.3027,27.2303,27.0313,27.0458,27.1238,27.5504,27.3055,27.334,27.2123,27.2889,27.1374,27.745,27.4723,27.8368,27.3611,27.3219,27.5505,27.5313,27.5356,27.0938,27.4865,27.9332,27.8709,27.5529,27.1864,27.5941,27.7347,27.3367,27.0267,27.1543,27.3152,27.5186,28.0257,27.5106,27.4018,27.1328,27.5327,27.8078,27.4878,27.0637,27.2955,27.173,27.6295,27.3192,27.3229,27.1815,26.9672,27.2167,27.2311,27.82,27.3977,27.4785,27.411,27.124,27.3084,27.1962,27.1364,27.527,27.6453,27.2169,27.2625,27.448,27.2118,27.2355,27.5839,27.5517,27.6902,27.5607,27.4061,27.1948,27.2392,27.3691,27.635,27.0522,27.4854,27.7036,27.549,27.348,27.1215,27.4667,27.2459,27.5809,27.3726,27.1618,27.3463,26.9924,27.4229,27.7919,27.1721,28.0528,27.3738,27.5139,27.5107,27.328,27.4978,27.5093,27.635,27.6701,27.2521
104,12:58:55 PM,27.0448,27.2263,27.1159,27.3223,27.3335,26.9863,27.1646,27.5933,27.6634,27.2906,27.2646,27.3003,27.5832,27.6286,27.4817,27.2932,27.3151,27.3231,27.3186,27.4923,27.3124,27.285,27.3074,27.2463,27.0583,27.2621,27.432,27.3115,27.3979,27.1273,27.3447,27.1216,27.5906,27.4432,27.5589,27.4977,27.4951,27.51,27.646,27.5315,27.0669,27.4667,27.7601,27.6702,27.6243,27.3662,27.5652,27.7085,27.1071,27.0579,27.3887,27.3085,27.5604,28.2517,27.6817,27.4015,27.2597,27.531,27.7391,27.661,27.1242,27.2029,27.3345,27.5815,27.1277,27.327,27.1062,27.0356,27.5784,27.083,27.5944,27.4643,27.5715,27.3624,27.1899,27.0699,27.0535,27.112,27.5908,27.275,27.2483,27.1377,27.3492,27.2527,27.1511,27.52,27.4574,27.7669,27.6503,27.1971,27.1877,27.1399,27.5812,27.5826,27.2782,27.3541,27.6937,27.6761,27.3238,27.3546,27.1577,27.2752,27.2958,27.3684,27.3768,27.0591,27.1721,27.4825,27.8484,27.0439,27.9176,27.5119,27.6419,27.4301,27.2455,27.2821,27.3628,27.4623,27.6839,27.4794
105,12:59:15 PM,27.1841,27.2101,27.2722,27.3735,27.2599,26.9563,27.1917,27.5355,27.3607,27.3881,27.292,27.3373,27.4063,27.5007,27.3336,27.3397,27.4818,27.3598,27.6033,27.4457,27.4265,27.3727,27.2943,27.2259,27.1579,27.4447,27.5017,27.3502,27.3312,27.2203,27.3568,27.47,27.4406,27.5287,27.4339,27.3151,27.5173,27.4365,27.4901,27.6124,27.2117,27.4127,27.4872,27.6266,27.5371,27.3996,27.3605,27.5527,27.1294,27.0079,27.1413,27.1689,27.4952,28.3788,27.5301,27.2532,27.2525,27.6137,27.7464,27.6714,27.1266,27.264,27.3926,27.6957,27.3168,27.4464,27.1853,26.946,27.3237,27.0147,27.6707,27.4446,27.3928,27.3578,27.3549,27.1503,27.1184,27.0046,27.5791,27.3462,27.3144,27.2595,27.228,27.224,27.2318,27.3683,27.6181,27.6127,27.7282,27.1302,27.1922,27.0773,27.283,27.6326,26.8865,27.5412,27.4884,27.3719,27.274,27.2394,27.128,27.3561,27.585,27.3337,27.2173,27.0712,27.1082,27.4616,27.6209,27.0339,27.7958,27.6314,27.4927,27.594,27.4629,27.5306,27.4624,27.5964,27.6599,27.2454
106,12:59:35 PM,27.0458,27.0376,27.1357,27.478,27.3396,27.0263,27.2614,27.4524,27.61,27.3414,27.2552,27.1933,27.4345,27.5325,27.2933,27.0961,27.2697,27.53,27.7271,27.4098,27.4223,27.4019,27.2174,27.2073,27.0426,27.1771,27.2898,27.393,27.2545,27.0849,27.4503,27.218,27.6371,27.4839,27.6811,27.4422,27.4434,27.5585,27.6747,27.5065,27.2882,27.2133,27.7439,27.7037,27.4911,27.2431,27.2515,27.6297,27.2176,26.9307,27.427,27.1837,27.5138,28.0858,27.6428,27.3494,27.2444,27.6251,27.8171,27.4528,27.1444,27.1299,27.2156,27.5404,27.3074,27.1346,27.1536,26.9823,27.1843,27.2087,27.6421,27.4288,27.4871,27.4404,27.1093,27.304,27.1933,27.0239,27.5927,27.5109,27.1722,27.3473,27.5259,27.2986,27.3755,27.5261,27.3587,27.829,27.623,27.1375,27.0737,27.2985,27.2873,27.4938,27.0001,27.5458,27.536,27.5376,27.3388,27.3808,26.9855,27.4118,27.4947,27.3241,27.2013,27.2324,27.2138,27.5857,27.8433,27.1328,27.9373,27.6065,27.8365,27.5109,27.4109,27.4517,27.3714,27.7895,27.6596,27.4723
107,12:59:55 PM,27.2246,27.2022,27.2812,27.3631,27.2501,27.1236,27.2513,27.346,27.621,27.4024,27.2565,27.3182,27.455,27.4675,27.4148,27.238,27.3827,27.4806,27.7335,27.4806,27.6175,27.3179,27.3796,27.2229,27.0724,27.1504,27.4028,27.2732,27.2747,27.2327,27.4506,27.3526,27.585,27.3441,27.6141,27.5998,27.3947,27.5788,27.6675,27.4948,27.3126,27.4395,27.5941,27.72,27.615,27.3847,27.494,27.5845,27.2168,27.1307,27.355,27.3279,27.3794,28.2438,27.5415,27.4983,27.3281,27.6546,27.8327,27.3635,27.0326,27.3503,27.105,27.492,27.3119,27.2308,27.1403,26.8586,27.3,27.3008,27.566,27.6084,27.6207,27.3094,27.3999,27.0165,27.0522,27.0172,27.5069,27.3943,27.148,27.1642,27.5276,27.1932,27.2735,27.588,27.369,27.79,27.7246,27.3116,27.1213,27.3815,27.3769,27.4814,27.0444,27.4424,27.6439,27.6313,27.3625,27.4185,27.1901,27.2853,27.6205,27.4077,27.182,27.2735,27.2051,27.2868,27.773,27.0631,28.0242,27.6123,27.6059,27.7296,27.4179,27.3521,27.364,27.7499,27.7328,27.3095
108,1:00:15 PM,27.1659,27.2715,27.2288,27.2838,27.2232,27.1434,27.1785,27.4212,27.574,27.3447,27.4634,27.188,27.4065,27.7178,27.4382,27.218,27.3865,27.4476,27.4806,27.4955,27.3957,27.3188,27.1646,27.2769,27.0414,27.3555,27.5276,27.3264,27.2699,27.1429,27.4249,27.0554,27.5996,27.6526,27.5766,27.5323,27.5355,27.5905,27.6002,27.6505,27.1754,27.5511,27.7183,27.757,27.567,27.3857,27.5501,27.7513,27.3204,26.8667,27.0814,27.1809,27.3457,28.3594,27.5422,27.3219,27.0296,27.6124,27.7381,27.5764,27.113,27.2067,27.2253,27.663,27.3508,27.3498,27.0693,27.0399,27.2956,27.2377,27.6458,27.3143,27.6064,27.4488,27.0753,27.0679,27.1039,27.1282,27.5519,27.5858,27.3245,27.1856,27.1697,27.4613,27.3719,27.4597,27.466,27.7852,27.8167,27.1634,27.111,27.2896,27.3185,27.42,26.954,27.6747,27.7121,27.4415,27.5856,27.2131,27.1785,27.2868,27.5953,27.5081,27.1051,27.145,27.2482,27.4632,27.81,27.1686,28.1578,27.4308,27.6663,27.5621,27.324,27.5261,27.2984,27.4752,27.616,27.4436
109,1:00:35 PM,26.8463,27.1281,27.2786,27.4056,27.2724,27.3398,27.1749,27.3815,27.5348,27.6228,27.0872,27.1715,27.5828,27.626,27.2632,27.2465,27.4941,27.5098,27.4774,27.6224,27.4471,27.4751,27.4432,27.1916,27.0744,27.2045,27.5335,27.5178,27.4144,27.1145,27.4945,27.338,27.6574,27.6885,27.4863,27.3895,27.4427,27.5977,27.6053,27.5325,27.3253,27.5007,27.5907,27.6488,27.5102,27.4808,27.5423,27.3931,27.3167,27.1281,27.2219,27.2195,27.4678,28.2784,27.6904,27.4294,27.0707,27.6267,27.7988,27.6195,27.0565,27.1987,27.4007,27.5932,27.4114,27.1751,27.0877,26.9203,27.4696,27.0171,27.8084,27.4043,27.5789,27.265,27.3454,26.8674,27.1175,26.9754,27.5262,27.5573,27.3216,27.2302,27.3097,27.2515,27.35,27.4586,27.5197,27.7805,27.8109,27.1569,27.0391,27.06,27.5022,27.47,27.1497,27.4088,27.6027,27.5057,27.2809,27.4541,26.9992,27.3354,27.5569,27.2855,27.197,27.2873,27.206,27.5448,27.5856,27.0007,27.9735,27.4336,27.6983,27.5639,27.6608,27.45,27.4022,27.5553,27.7253,27.5089
110,1:00:55 PM,27.0361,27.1426,27.1724,27.493,27.2941,27.1136,27.2424,27.291,27.678,27.405,27.397,27.3603,27.3283,27.3547,27.3781,27.1347,27.2828,27.362,27.5832,27.2813,27.4129,27.2541,27.3937,27.4019,27.0821,27.2023,27.4621,27.2956,27.2323,27.1352,27.576,27.3748,27.7175,27.4471,27.6342,27.4745,27.4006,27.6473,27.4829,27.5434,27.0248,27.3485,27.942,27.8553,27.528,27.4464,27.7991,27.7514,27.2004,27.1161,27.1921,27.1326,27.5239,28.3073,27.7351,27.3086,26.8784,27.6897,27.7115,27.7213,27.2106,27.195,27.2041,27.7755,27.2231,27.2698,27.2549,26.9784,27.2668,27.1711,27.6044,27.5674,27.6266,27.3489,27.2069,27.2304,27.0301,26.878,27.5985,27.5257,27.273,27.1081,27.4664,27.2973,27.4591,27.557,27.3897,27.7065,27.6729,27.2364,27.0204,27.248,27.3615,27.5303,27.2242,27.5807,27.5901,27.5223,27.3691,27.2381,27.118,27.261,27.5047,27.3857,27.115,27.1763,27.0907,27.4059,27.7164,27.089,27.9284,27.6092,27.7278,27.5696,27.6114,27.6662,27.2957,27.5105,27.6797,27.4188
111,1:01:15 PM,27.1091,27.1193,27.2598,27.4504,27.3177,27.085,27.1828,27.4708,27.6699,27.5563,27.2621,27.4711,27.5211,27.4717,27.4303,27.2418,27.3652,27.402,27.4548,27.5399,27.5527,27.3514,27.1093,27.2042,27.1083,27.1939,27.5094,27.2667,27.2533,27.2048,27.3768,27.4178,27.5732,27.5211,27.7886,27.3791,27.3505,27.5505,27.8336,27.5434,27.3765,27.5972,27.8891,27.7925,27.5168,27.3656,27.5323,27.7295,27.2151,27.1039,27.2154,27.2198,27.5414,28.2011,27.6791,27.4987,27.3542,27.6718,27.6958,27.4147,27.1058,27.0501,27.4174,27.7761,27.2224,27.413,27.1241,27.0261,27.3111,27.2561,27.6683,27.495,27.609,27.1785,27.0771,27.2074,27.2106,27.0523,27.3633,27.6322,27.2583,27.3965,27.47,27.3778,27.2182,27.2866,27.5321,27.6244,27.7687,27.25,27.2132,27.1941,27.4541,27.5773,27.0189,27.6562,27.6207,27.4747,27.2759,27.077,27.0422,27.4397,27.5013,27.3407,27.174,27.1702,27.1346,27.4882,27.8358,27.117,27.9751,27.5839,27.7206,27.6654,27.3145,27.3587,27.4235,27.6355,27.5214,27.1862
112,1:01:35 PM,27.3111,27.2594,27.2937,27.2661,27.1262,26.9384,27.0324,27.4942,27.4568,27.4758,27.284,27.1926,27.4489,27.3515,27.5368,27.1642,27.3317,27.4657,27.5674,27.4853,27.4061,27.06,27.4418,27.1239,27.0366,27.287,27.512,27.3988,27.4071,27.2723,27.5757,27.3507,27.4524,27.5433,27.7481,27.2007,27.4286,27.5996,27.7333,27.6431,27.2581,27.6558,27.7554,27.6947,27.3711,27.2916,27.4628,27.7939,27.2106,27.0767,27.4339,27.174,27.4408,28.2694,27.496,27.4419,27.2271,27.6469,27.8206,27.8135,27.0319,27.1983,27.5186,27.7076,27.2873,27.1362,27.1244,27.0324,27.3921,27.1787,27.7073,27.6033,27.4148,27.355,27.3214,27.0331,27.1245,27.1389,27.6605,27.5277,27.3072,27.1801,27.3623,27.4432,27.3262,27.5797,27.5141,27.6419,27.7558,27.161,27.1216,27.1156,27.3306,27.3178,27.0807,27.414,27.4538,27.5126,27.4845,27.3233,27.1715,27.297,27.4195,27.3838,27.0598,27.1202,27.27,27.645,27.7695,27.2443,28.0595,27.5643,27.783,27.6142,27.4058,27.4074,27.2898,27.6181,27.5908,27.4148
113,1:01:55 PM,26.9156,27.1088,27.3332,27.2523,27.3898,27.0351,27.2836,27.5106,27.4646,27.5271,27.2104,27.23,27.369,27.45,27.5708,27.2287,27.3951,27.4046,27.4513,27.5848,27.3875,27.2507,27.3203,27.2429,27.1616,27.1153,27.2591,27.2308,27.31,27.4035,27.5,27.2619,27.5449,27.5332,27.4857,27.5528,27.5155,27.5578,27.4727,27.6408,27.148,27.3706,27.7187,27.7374,27.6547,27.4692,27.6051,27.6603,27.0957,27.1372,27.2378,27.2351,27.2348,28.2578,27.5593,27.3157,26.9985,27.4565,27.6654,27.7217,27.1564,27.2545,27.3213,27.6442,27.482,27.3861,27.1574,26.9785,27.4546,27.1825,27.5771,27.5297,27.5201,27.3368,27.3228,27.1395,27.2278,26.8308,27.5827,27.5836,27.279,27.0149,27.4055,27.2379,27.2487,27.4757,27.4477,27.8132,27.8409,27.2616,27.0196,27.2633,27.3773,27.6087,27.0581,27.6263,27.5033,27.4839,27.525,27.1914,27.1564,27.4122,27.399,27.2855,27.2586,27.3288,26.9751,27.4338,27.9441,27.1273,28.1663,27.3759,27.5413,27.8337,27.3526,27.2594,27.3782,27.5898,27.6469,27.232
114,1:02:15 PM,27.1129,27.1982,27.1716,27.543,27.3421,27.073,27.2924,27.4394,27.425,27.3514,27.3738,27.2625,27.3825,27.485,27.4523,27.2407,27.3235,27.4133,27.6431,27.492,27.2989,27.1952,27.3179,27.1921,27.1589,27.1255,27.4282,27.3991,27.4433,27.3076,27.5523,27.3861,27.877,27.6001,27.7726,27.5534,27.3056,27.6306,27.6339,27.7902,27.3001,27.2023,27.7568,27.841,27.5738,27.4236,27.511,27.6143,26.8775,27.1367,27.4244,27.2054,27.3998,28.5346,27.5401,27.5104,27.2937,27.7074,27.7607,27.6092,27.1963,27.1088,27.5466,27.735,27.3132,27.329,27.0553,26.973,27.3276,27.3749,27.6699,27.3005,27.7331,27.3608,27.2203,27.0083,26.9745,27.2382,27.6847,27.3919,27.2989,27.1375,27.306,27.3171,27.1579,27.4119,27.4537,27.6147,27.6531,27.3446,27.1749,27.078,27.405,27.5219,27.0154,27.6305,27.6612,27.4488,27.3263,27.1825,27.0412,27.4074,27.4525,27.2355,27.2108,27.2167,27.1458,27.3311,27.7829,27.0626,28.0366,27.5431,27.7303,27.73,27.2687,27.5808,27.5023,27.5627,27.575,27.2932
115,1:02:35 PM,27.1502,26.9735,27.1593,27.3318,27.3172,27.2392,27.2512,27.3439,27.5149,27.4857,26.9996,27.3693,27.3756,27.6546,27.4243,27.2619,27.5246,27.2451,27.5347,27.5792,27.3862,27.2068,27.1628,27.1142,27.1332,27.2639,27.497,27.379,27.274,27.4055,27.6443,27.2135,27.6603,27.4147,27.8839,27.2889,27.517,27.6658,27.638,27.5819,27.2785,27.3992,27.8057,27.5769,27.5186,27.3316,27.6146,27.8531,27.0604,27.1263,27.2098,27.0228,27.3697,28.129,27.8052,27.351,27.146,27.6231,27.6845,27.6334,27.2036,27.1553,27.2656,27.6495,27.3762,27.3847,27.144,26.9837,27.3615,27.2977,27.4431,27.4699,27.6872,27.5558,27.3189,27.0361,27.0585,27.1023,27.5994,27.4138,27.516,27.1414,27.4446,27.2208,27.2469,27.4478,27.3821,27.6442,27.6632,27.3922,27.2577,27.3076,27.1854,27.6219,27.0112,27.5154,27.3856,27.4386,27.3695,27.3456,27.1525,27.3251,27.5257,27.4543,27.3493,27.0651,27.0873,27.4876,28.0309,27.2755,27.9357,27.6382,27.5928,27.4772,27.4057,27.5763,27.4799,27.6951,27.3955,27.2546
116,1:02:55 PM,27.1172,27.3368,27.2296,27.1265,27.215,26.9758,27.1799,27.4903,27.6723,27.3451,27.3727,27.2566,27.4921,27.5773,27.4407,27.0391,27.2627,27.2701,27.6511,27.5212,27.5177,27.3283,27.2282,27.3785,27.3134,27.1547,27.3861,27.2728,27.33,27.329,27.5137,27.4395,27.7339,27.3471,27.7454,27.4762,27.4364,27.4554,27.6136,27.5436,27.2382,27.3162,27.7137,27.7951,27.3493,27.4209,27.5802,27.7699,27.0995,27.2193,27.3484,27.2418,27.4221,28.3492,27.8594,27.3178,27.1281,27.6509,27.775,27.6735,27.1851,27.3545,27.1431,27.7728,27.4491,27.4043,27.2036,26.8898,27.599,27.2527,27.7814,27.5537,27.5223,27.2282,27.2746,27.0495,27.0241,27.0466,27.6651,27.5747,27.2288,27.1643,27.3363,27.3947,27.1148,27.5274,27.4379,27.6372,27.5212,27.255,27.1563,27.2653,27.3369,27.5383,26.9702,27.5411,27.7297,27.5369,27.3294,27.4826,27.0908,27.2077,27.5093,27.3879,27.151,27.0962,27.1076,27.5696,27.6619,27.2717,27.8857,27.4375,27.7396,27.5821,27.4725,27.3887,27.301,27.7727,27.7422,27.3881
117,1:03:15 PM,27.0389,27.3751,27.2365,27.2556,27.3707,27.0274,27.305,27.4464,27.4397,27.5392,27.2499,27.5143,27.4952,27.4593,27.5328,27.3135,27.2628,27.6663,27.5268,27.503,27.1881,27.3585,27.2668,27.2254,27.1404,27.1421,27.2103,27.4254,27.303,27.1399,27.6338,27.189,27.4808,27.3144,27.6917,27.4777,27.4034,27.6953,27.6407,27.44,27.2455,27.4224,27.5955,27.8506,27.5689,27.3476,27.4758,27.8212,27.2551,26.9432,27.3228,27.4136,27.4393,28.6086,27.67,27.2096,27.221,27.824,27.5821,27.5401,27.095,27.0364,27.1986,27.7524,27.252,27.2083,27.1765,26.9526,27.7103,27.2177,27.8263,27.394,27.5171,27.5251,27.3534,27.1,27.2554,27.0518,27.4284,27.4954,27.3124,27.3795,27.3821,27.3951,27.4861,27.3999,27.6668,27.6473,27.6739,27.2062,27.1254,27.1863,27.3429,27.5856,27.2423,27.5931,27.3668,27.3388,27.214,27.5119,26.7924,27.5036,27.4809,27.4102,27.1877,27.2005,27.2052,27.4384,27.745,26.984,28.0402,27.4883,27.5676,27.4292,27.479,27.5168,27.4142,27.6248,27.7196,27.4008
118,1:03:35 PM,27.0839,27.1586,27.0366,27.4168,27.4765,27.2206,27.0895,27.4375,27.4344,27.4537,27.4746,27.4093,27.4769,27.613,27.6552,27.2235,26.9545,27.4267,27.3976,27.4339,27.431,27.1814,27.2647,27.4167,27.227,27.2287,27.424,27.3781,27.4552,27.541,27.6251,27.0001,27.6713,27.346,27.6245,27.3754,27.4703,27.6869,27.5765,27.6417,27.2503,27.3096,27.7031,27.9206,27.4931,27.5569,27.5599,27.8055,27.0986,27.0803,27.3484,27.2069,27.3496,28.2967,27.5999,27.2124,27.0974,27.7405,27.7349,27.4508,26.9608,27.2482,27.3353,27.6585,27.4327,27.2288,27.0639,26.8647,27.4597,27.3345,27.5286,27.6365,27.6391,27.3884,27.3527,27.0361,27.0881,27.0741,27.4652,27.5565,27.3685,27.3934,27.4033,27.3932,27.1566,27.3157,27.3297,27.8252,27.9743,27.2948,27.2584,27.2888,27.4241,27.6939,26.945,27.6402,27.6741,27.2943,27.4156,27.4091,26.9379,27.4683,27.6259,27.596,27.0817,27.1446,27.171,27.5342,27.7805,27.1544,27.8786,27.5855,27.7493,27.5666,27.4275,27.5222,27.4179,27.4426,27.6972,27.4333
119,1:03:55 PM,27.0458,27.3844,27.3128,27.3502,27.3182,27.0362,27.292,27.5083,27.5172,27.5602,27.1523,27.3717,27.4969,27.6306,27.499,27.2167,27.3869,27.3879,27.4549,27.4856,27.3149,27.3974,27.2697,27.257,27.2058,27.313,27.5389,27.312,27.3467,27.4255,27.5836,27.3434,27.6506,27.5645,27.7354,27.4263,27.4441,27.5792,27.94,27.7571,27.2278,27.4567,27.7767,27.6704,27.5817,27.3257,27.5625,27.5153,27.2864,27.1131,27.1209,27.1499,27.4853,28.4389,27.855,27.3332,27.0816,27.6219,27.6497,27.5209,27.1199,27.2577,27.3613,27.6338,27.2359,27.3523,27.0244,27.0336,27.2965,27.3591,27.7119,27.4272,27.6738,27.2927,27.2265,27.1388,27.0627,27.0771,27.612,27.2937,27.268,27.1629,27.4434,27.3799,27.0765,27.3604,27.4919,27.7203,27.8029,27.3719,27.209,27.2114,27.3665,27.4847,27.1904,27.6787,27.6988,27.3228,27.3726,27.44,27.0337,27.2422,27.4675,27.5197,27.1059,27.1545,26.8782,27.6418,27.7662,27.0679,28.0247,27.6393,27.5184,27.4884,27.3745,27.5036,27.2523,27.6135,27.7469,27.3053
120,1:04:15 PM,27.1193,27.1809,27.1992,27.4943,27.4701,27.093,27.1796,27.4246,27.6804,27.6036,27.3662,27.5073,27.4766,27.6022,27.3859,27.2946,27.255,27.3684,27.5311,27.4764,27.5445,27.2197,27.2449,27.3179,27.0711,27.1593,27.5401,27.348,27.4086,27.2231,27.4835,27.2576,27.6077,27.6373,27.7952,27.2938,27.2429,27.5691,27.6998,27.5915,27.1386,27.5045,27.5478,27.7683,27.5208,27.314,27.7509,27.5453,27.0564,27.3124,27.3077,27.0072,27.3911,28.301,27.6149,27.2096,27.0847,27.547,27.903,27.5438,27.1914,27.165,27.4326,27.541,27.5018,27.2625,27.2135,26.7972,27.399,27.3049,27.6944,27.4835,27.6649,27.1524,27.3626,27.144,27.0834,27.0042,27.5915,27.5879,27.3333,27.1799,27.4357,27.2136,27.2286,27.4326,27.4749,27.7556,27.7162,27.2908,26.9894,27.2395,27.3126,27.73,26.8723,27.4225,27.564,27.6754,27.3644,27.3474,27.0301,27.3284,27.4386,27.449,27.3951,27.0951,27.2255,27.4075,27.9321,27.0142,27.9586,27.4815,27.5178,27.6173,27.2841,27.4661,27.4436,27.8114,27.5915,27.2181
121,1:04:35 PM,27.0649,27.2189,27.353,27.1756,27.5634,27.1103,27.2578,27.5193,27.6038,27.5039,27.1483,27.3469,27.2692,27.4889,27.5629,27.2458,27.4641,27.4516,27.6578,27.6173,27.3691,27.325,27.2442,27.2291,27.1311,27.259,27.4476,27.4723,27.284,27.2691,27.5315,27.1605,27.5013,27.6237,27.8132,27.2173,27.5167,27.5037,27.5618,27.5339,27.2647,27.422,27.7417,27.7946,27.6306,27.468,27.4229,27.4288,27.1293,26.9699,27.2759,27.1184,27.438,28.4705,27.917,27.072,27.1803,27.7364,27.8009,27.7021,27.1829,27.2648,27.3434,27.5549,27.292,27.3298,27.0111,27.1607,27.3149,27.1037,27.6329,27.5097,27.5673,27.3551,27.1953,27.2033,27.0899,26.9557,27.6041,27.6613,27.4526,27.4196,27.2898,27.3884,27.209,27.6066,27.4411,27.7874,27.5739,27.2357,27.1515,27.1933,27.6174,27.5943,27.2056,27.7615,27.4742,27.3199,27.306,27.5076,27.2936,27.2817,27.5259,27.5196,27.3744,27.0657,27.0105,27.6028,27.9713,27.0479,27.9108,27.5792,27.5251,27.6636,27.5739,27.5366,27.3967,27.6698,27.5322,27.383
122,1:04:55 PM,27.0458,27.1057,27.4213,27.2828,27.4998,27.0218,27.1683,27.3946,27.6578,27.6099,27.2567,27.1985,27.4697,27.3137,27.4151,27.2776,27.3781,27.6665,27.5169,27.4819,27.4067,27.2542,27.4549,27.1539,27.1174,27.2347,27.3734,27.3294,27.2621,27.2486,27.5935,27.1493,27.5884,27.3838,27.584,27.2671,27.4805,27.5801,27.3074,27.6579,27.1358,27.3442,27.7202,27.7899,27.5407,27.3459,27.4315,27.6956,27.0925,27.1064,27.326,27.1077,27.417,28.274,27.6996,27.348,27.1101,27.6835,27.6341,27.6666,27.161,27.2394,27.2747,27.5216,27.3539,27.5041,27.057,26.9863,27.4519,27.3693,27.6819,27.5872,27.4654,27.2906,27.3301,27.1485,27.0808,27.1523,27.5333,27.3692,27.2861,27.3998,27.3938,27.2766,27.2809,27.6833,27.3438,27.8075,27.6394,27.1846,27.1891,27.0984,27.238,27.5826,27.0241,27.3815,27.7398,27.4484,27.2981,27.4212,27.071,27.4384,27.5126,27.451,27.1757,27.379,27.2118,27.6835,27.5991,27.2047,27.9478,27.4373,27.6938,27.5292,27.4036,27.3241,27.3712,27.6768,27.9246,27.5117
123,1:05:15 PM,27.2225,27.2463,27.2833,27.3987,27.2487,27.0709,26.9081,27.6494,27.7442,27.5151,27.2053,27.2168,27.2731,27.5888,27.4243,27.1411,27.2542,27.44,27.6719,27.4035,27.3838,27.2492,27.4882,27.1529,27.3342,27.2056,27.442,27.4333,27.2337,27.3305,27.5203,27.1974,27.6747,27.5208,27.6386,27.4591,27.3926,27.8064,27.6489,27.4627,27.0035,27.4444,27.6672,27.7362,27.7606,27.4168,27.6369,27.6802,27.3147,27.0193,27.089,27.1704,27.4089,28.4582,27.5553,27.2306,27.0869,27.6589,27.7659,27.6087,27.1817,27.2973,27.3079,27.4652,27.4787,27.4469,27.2468,26.8358,27.4457,27.3276,27.4825,27.5168,27.3648,27.5597,27.2556,26.9465,27.1907,27.041,27.7634,27.4127,27.3473,27.0976,27.3213,27.2074,27.3056,27.501,27.4649,27.8632,27.745,27.3066,26.9604,27.2724,27.2996,27.6408,27.1366,27.6509,27.6665,27.4657,27.2738,27.5072,27.1085,27.3655,27.5472,27.63,27.1689,27.1381,27.2981,27.5616,27.6996,27.1241,28.1067,27.5626,27.8656,27.6736,27.428,27.4283,27.443,27.5072,27.7198,27.4444
124,1:05:35 PM,27.0101,27.2075,27.1471,27.4602,27.2496,27.1314,27.1516,27.4543,27.5801,27.3697,27.3405,27.2902,27.4362,27.6154,27.4554,27.3393,27.4947,27.5438,27.5118,27.4663,27.593,27.4299,27.4261,27.2367,27.1163,27.3286,27.402,27.4544,27.3026,27.2525,27.5598,27.0573,27.6489,27.536,27.5474,27.3306,27.4475,27.4756,27.4286,27.6251,27.1302,27.3014,27.711,27.6097,27.7415,27.3733,27.5183,27.605,27.1382,27.2027,27.2852,27.3773,27.3733,28.3372,27.8596,27.4707,27.1799,27.5877,27.6392,27.5402,27.1357,27.2995,27.291,27.4784,27.2684,27.399,27.0396,26.9405,27.2395,27.2876,27.6157,27.5646,27.6837,27.4289,27.5326,26.97,27.2564,27.1094,27.6067,27.5969,27.3759,27.2166,27.4472,27.0216,27.3615,27.2929,27.4672,27.5607,27.7222,27.4934,27.1776,27.1487,27.2123,27.6345,27.0365,27.6142,27.6969,27.5482,27.2524,27.411,27.195,27.2709,27.5708,27.3966,27.1452,27.1555,27.2709,27.4672,27.7153,27.1758,28.0055,27.4935,27.446,27.6904,27.4691,27.4267,27.5305,27.6441,27.6788,27.497
125,1:05:55 PM,26.9621,27.235,27.2619,27.2828,27.2814,27.0138,27.2145,27.5563,27.5519,27.361,27.2515,27.3338,27.4636,27.6177,27.2403,27.2611,27.1688,27.4413,27.4778,27.5695,27.3899,27.2085,27.3082,27.1999,27.4048,27.3073,27.5989,27.3701,27.2966,27.278,27.5528,27.1531,27.6619,27.5712,27.7222,27.4634,27.4058,27.5064,27.676,27.7722,27.2846,27.5669,27.8128,27.7469,27.7975,27.5533,27.6648,27.5174,27.0459,27.0955,27.1866,27.1416,27.3536,28.4716,27.7621,27.2809,27.1948,27.7002,27.6797,27.6249,27.1204,27.0248,27.2559,27.816,27.365,27.4503,27.203,27.0287,27.3967,27.3945,27.6311,27.4553,27.5618,27.4937,27.2479,27.1989,26.8202,27.1835,27.5452,27.6314,27.5065,27.0966,27.4858,27.3043,27.4165,27.5471,27.5269,27.7012,27.5485,27.4039,27.1291,27.2326,27.3934,27.5874,27.1494,27.6741,27.5897,27.3088,27.2028,27.5409,27.0372,27.141,27.6599,27.3415,27.2483,27.2278,27.2986,27.4034,27.9595,27.1533,27.9469,27.4456,27.7333,27.7585,27.2712,27.39,27.302,27.6761,27.6664,27.4119
126,1:06:15 PM,27.0202,27.0698,27.1955,27.2566,27.2465,27.0304,27.1283,27.4257,27.4955,27.6696,27.4842,27.3855,27.5025,27.6112,27.5357,27.2175,27.1986,27.4981,27.8178,27.6025,27.4325,27.4207,27.2773,27.2022,27.4782,27.3476,27.3833,27.343,27.1533,27.382,27.3826,27.1505,27.6348,27.4401,27.6574,27.4629,27.4359,27.6232,27.7068,27.5306,27.143,27.321,27.7911,27.6162,27.6874,27.4445,27.391,27.4901,27.1752,27.1068,27.4024,27.0606,27.3111,28.3082,27.7005,27.3238,27.0429,27.6539,27.5996,27.4555,26.9817,27.3507,27.2588,27.6753,27.3626,27.3786,27.2146,27.0588,27.3707,27.3338,27.7449,27.569,27.6312,27.5671,27.4339,27.0978,27.1482,27.2355,27.4238,27.4926,27.3324,27.2991,27.3705,27.2574,27.3381,27.5519,27.4782,27.6993,27.6541,27.3721,27.145,27.1779,27.4646,27.8228,26.9858,27.5004,27.5073,27.6369,27.4257,27.331,27.1085,27.2325,27.5465,27.6168,27.1924,27.294,27.0571,27.5896,27.9385,27.1323,27.9491,27.6948,27.5819,27.5082,27.5445,27.5339,27.2153,27.5031,27.5884,27.4685
127,1:06:35 PM,27.3035,27.0886,27.3234,27.4679,27.314,26.9932,27.1091,27.48,27.5429,27.4064,27.1809,27.1738,27.5007,27.4957,27.5313,27.233,27.3633,27.4341,27.5582,27.6811,27.5205,27.2752,27.2661,27.172,27.1495,27.1941,27.6224,27.4071,27.3668,27.322,27.5562,27.1852,27.6669,27.5284,27.639,27.292,27.2142,27.5195,27.5841,27.6917,27.3851,27.3518,27.6735,27.8471,27.7424,27.3776,27.2584,27.5142,27.1857,27.3021,27.3302,27.3399,27.4129,28.4894,27.6232,27.4047,27.1677,27.8582,27.7584,27.4161,27.0028,27.2788,27.2928,27.792,27.5532,27.2832,26.9881,26.7993,27.5989,27.3712,27.667,27.4257,27.6083,27.5593,27.4079,26.986,27.1466,26.8687,27.5962,27.3619,27.3433,27.4146,27.3222,27.2656,27.3852,27.2657,27.4259,27.775,27.5955,27.3948,27.3486,27.2962,27.3832,27.534,27.236,27.4485,27.5636,27.4038,27.3127,27.1641,27.0849,27.3595,27.5634,27.5021,27.1459,26.937,27.0901,27.7115,27.803,26.9047,27.9427,27.4242,27.6026,27.5778,27.5549,27.3995,27.2796,27.6307,27.713,27.5195
128,1:06:55 PM,27.2513,26.8894,27.3323,27.5082,27.5198,26.9075,26.9964,27.4513,27.6594,27.7117,27.3468,27.3375,27.6033,27.7832,27.5547,27.1833,27.2074,27.677,27.4803,27.5257,27.3423,27.0715,27.4456,27.1389,27.3871,27.1585,27.3436,27.3442,27.3634,27.3585,27.7539,27.2228,27.6541,27.5694,27.6465,27.4481,27.5657,27.5373,27.4659,27.5106,27.1951,27.5266,27.7029,27.6463,27.6194,27.4687,27.4944,27.7161,27.0974,27.2197,27.1375,27.3595,27.4133,28.446,27.813,27.4579,27.2365,27.5378,27.7668,27.5652,27.2038,27.1152,27.199,27.5641,27.3991,27.2088,27.014,27.1119,27.3673,27.426,27.5869,27.41,27.5962,27.4753,27.4757,27.2526,26.7945,27.1522,27.6043,27.448,27.2543,27.156,27.4647,27.1712,27.2152,27.5737,27.3849,27.7792,27.6776,27.3559,27.1863,27.3009,27.1887,27.6322,27.1006,27.6236,27.6191,27.4557,27.3375,27.441,27.2045,27.1521,27.7026,27.2313,27.3488,27.2176,26.901,27.6021,27.6508,27.0462,28.0101,27.4683,27.6556,27.5502,27.2591,27.3575,27.3359,27.5529,27.5246,27.6025
129,1:07:15 PM,26.8466,27.0114,27.2847,27.4208,27.3679,27.1433,27.2157,27.5034,27.6014,27.4795,27.2957,27.3269,27.615,27.4931,27.5616,27.2251,27.3497,27.4361,27.5931,27.5416,27.3655,27.47,27.226,27.2794,27.3164,27.1593,27.1986,27.1595,27.3448,27.3835,27.5851,27.157,27.6819,27.3492,27.8613,27.4499,27.3989,27.4482,27.6449,27.8033,27.1708,27.2934,27.6784,27.7691,27.5855,27.2138,27.4895,27.4103,27.2735,27.3572,27.2924,26.9746,27.6047,28.4414,27.8263,27.3877,27.0723,27.6136,27.7588,27.6147,27.1586,27.1068,27.4841,27.7067,27.4739,27.4156,27.2735,26.9566,27.4689,27.3181,27.683,27.5195,27.621,27.4431,27.3403,27.1902,27.0237,27.1558,27.573,27.5699,27.3261,27.1455,27.2895,27.2486,27.3437,27.5002,27.4024,27.7926,27.8301,27.4205,27.4086,27.2405,27.2277,27.811,26.9578,27.5009,27.6958,27.3637,27.2771,27.3951,26.9754,27.2743,27.715,27.4155,27.2039,27.1411,27.1245,27.5537,27.8033,27.0506,27.7811,27.558,27.7587,27.7551,27.4421,27.3772,27.3791,27.7822,27.7853,27.5745
130,1:07:35 PM,27.0481,27.2092,27.3397,27.412,27.3194,26.9845,27.2217,27.3055,27.6048,27.6347,27.0543,27.3993,27.4303,27.4961,27.8008,27.2283,27.2651,27.5537,27.4799,27.5533,27.4115,27.2336,27.4706,27.0799,26.9586,27.2294,27.3218,27.4037,27.4846,27.3758,27.5505,27.3316,27.6511,27.6987,27.7013,27.3425,27.4706,27.5343,27.6888,27.58,27.0796,27.4771,27.7382,27.861,27.5944,27.4711,27.3368,27.6566,27.3155,27.2185,27.249,27.1854,27.6692,28.5075,27.6751,27.1698,27.2095,27.4389,27.8226,27.9597,26.995,27.2214,27.3857,27.5652,27.4117,27.249,27.1874,26.9072,27.5035,27.3423,27.6943,27.6531,27.5121,27.3223,27.49,27.1069,27.124,27.0135,27.7021,27.5569,27.3652,27.1643,27.5149,27.2563,27.3281,27.347,27.4826,27.6744,27.6118,27.3651,27.1729,27.4111,27.4303,27.5096,27.3131,27.7615,27.6616,27.3648,27.4091,27.3949,27.042,27.2602,27.567,27.4057,27.3279,27.2004,27.1105,27.4354,27.9629,27.1403,27.9349,27.4604,27.68,27.7439,27.35,27.4495,27.4369,27.6163,27.6708,27.3685
131,1:07:55 PM,27.144,27.1978,27.0436,27.2292,27.2605,27.0097,27.1471,27.4826,27.6931,27.5367,27.2131,27.3657,27.4863,27.5015,27.5738,27.2686,27.386,27.4696,27.3711,27.5745,27.3846,27.2184,27.1411,27.3086,27.2669,27.2365,27.4126,27.3213,27.4164,27.2066,27.3443,27.3083,27.5901,27.413,27.6173,27.2191,27.3885,27.5636,27.7624,27.4049,27.2412,27.4351,27.7437,27.8081,27.8348,27.4203,27.5127,27.6859,27.3184,27.1505,27.4274,26.9494,27.468,28.1904,27.8889,27.4171,27.1005,27.4699,27.7555,27.6357,26.9602,27.3607,27.3041,27.3905,27.2279,27.4059,27.1259,27.1604,27.3269,27.5663,27.5094,27.4358,27.7183,27.2467,27.4316,27.0157,27.1768,27.1143,27.6088,27.51,27.3118,27.2167,27.1986,27.2743,27.4372,27.4139,27.3599,27.7804,27.7506,27.3695,27.3294,27.0747,27.2784,27.7748,27.027,27.5546,27.4593,27.2639,27.364,27.3673,27.1268,27.2261,27.5937,27.2796,27.3685,27.1925,27.198,27.3124,27.7354,27.0376,28.0283,27.5753,27.6686,27.7802,27.538,27.4857,27.3081,27.5479,27.5827,27.5001
132,1:08:15 PM,27.1285,27.1059,27.3458,27.3651,27.5073,26.9801,27.141,27.6422,27.727,27.8038,27.2546,27.1799,27.5285,27.5582,27.5424,27.3062,27.1814,27.3802,27.6712,27.3584,27.3439,27.3894,27.2712,27.3696,27.1977,27.3386,27.7122,27.2913,27.4676,27.2753,27.4304,27.1553,27.5312,27.4887,27.6041,27.4198,27.3519,27.6955,27.7833,27.5169,27.2668,27.2734,27.7338,27.809,27.6135,27.3026,27.2128,27.6198,27.2863,27.2732,27.2742,27.259,27.7882,28.5112,27.8976,27.4396,27.2255,27.5797,27.7627,27.8241,27.0479,27.2646,27.3846,27.651,27.2681,27.3106,27.228,27.1058,27.2753,27.3475,27.6138,27.3993,27.592,27.3786,27.397,27.1557,27.0125,27.0115,27.8394,27.6327,27.4663,27.1505,27.362,27.4768,27.2727,27.4767,27.5619,27.7264,27.7162,27.395,27.2956,27.2256,27.5287,27.5876,27.3203,27.5412,27.6378,27.5926,27.4364,27.4445,26.989,27.0723,27.6597,27.4591,27.2174,27.1703,27.2559,27.3634,27.9459,26.9495,27.9427,27.5722,27.7132,27.5471,27.3602,27.3334,27.5357,27.5538,27.6926,27.5274
133,1:08:35 PM,27.1645,27.1897,27.3594,27.4429,27.6392,27.0764,27.1145,27.5217,27.6861,27.5857,27.3164,27.4171,27.6283,27.5794,27.4401,27.3027,27.3621,27.5867,27.4123,27.5638,27.4795,27.3936,27.1498,27.3902,27.1691,27.1254,27.446,27.3606,27.3828,27.3936,27.5441,27.2744,27.4466,27.6624,27.8278,27.4491,27.2507,27.5079,27.6867,27.759,27.1461,27.4927,27.5779,27.8068,27.6026,27.539,27.6185,27.7265,27.1976,27.1276,27.4027,27.295,27.8487,28.4385,27.7674,27.2192,27.1397,27.413,27.8236,27.8275,27.3709,27.1734,27.2996,27.5485,27.3768,27.2029,27.2204,27.0434,27.2737,27.5205,27.7425,27.5915,27.7583,27.4891,27.3052,27.023,27.0908,27.0396,27.6499,27.5276,27.287,27.2636,27.2984,27.4896,27.2761,27.3418,27.5586,27.7922,27.5469,27.1366,27.1961,27.2367,27.5506,27.4934,27.0745,27.6162,27.605,27.3319,27.2636,27.2818,26.9,27.4757,27.5872,27.459,27.2256,27.356,27.1431,27.3538,27.7557,27.332,28.0078,27.6316,27.6717,27.5785,27.3385,27.2813,27.2467,27.669,27.6891,27.528
134,1:08:55 PM,27.0427,27.2159,27.1873,27.2689,27.3975,27.2296,27.1959,27.3017,27.7016,27.6383,27.1353,27.2823,27.6458,27.5778,27.5514,26.914,27.2466,27.4766,27.5231,27.5836,27.2608,27.3221,27.2177,27.406,27.2788,27.2961,27.5661,27.3508,27.4517,27.334,27.5892,27.2515,27.5964,27.5974,27.7518,27.3589,27.4316,27.4645,27.6705,27.745,27.2155,27.3511,27.7075,27.4752,27.5837,27.4479,27.4613,27.7439,26.9583,27.3344,27.1147,27.1698,27.7743,28.1968,27.7969,27.3457,26.8843,27.498,27.8635,27.7561,27.0236,27.2033,27.1909,27.7051,27.3408,27.2664,27.2017,26.9987,27.5794,27.3074,27.6948,27.4627,27.6498,27.3711,27.4844,26.9152,27.0053,27.0986,27.5219,27.5024,27.4533,27.2109,27.4454,27.4428,27.358,27.4901,27.6208,27.8373,27.8754,27.2514,27.2184,27.2165,27.2035,27.7276,27.1851,27.4991,27.5276,27.4366,27.5116,27.3831,27.0738,27.4121,27.7084,27.2509,27.2328,27.0084,27.2654,27.5438,27.6129,27.1625,27.9334,27.6418,27.6379,27.6314,27.4845,27.3459,27.2798,27.8382,27.6504,27.5122
135,1:09:15 PM,27.2608,27.2471,27.5236,27.4176,27.3716,27.0286,27.2826,27.418,27.4733,27.6703,27.2308,27.11,27.4728,27.7331,27.5748,27.438,27.3388,27.521,27.5286,27.5093,27.2818,27.4058,27.3836,27.442,27.3971,27.1358,27.4883,27.1477,27.245,27.5043,27.5834,27.0393,27.5948,27.5078,27.6558,27.4637,27.2982,27.5925,27.8121,27.7028,27.2427,27.3887,27.6772,27.8775,27.769,27.5652,27.4405,27.5583,27.2539,27.3698,27.2582,27.1497,27.7646,27.9609,27.7507,27.3312,27.1716,27.5665,27.8521,27.8244,27.0676,27.4408,27.5632,27.6585,27.4305,27.4419,27.0671,27.0258,27.3447,27.4673,27.652,27.5402,27.5688,27.413,27.3479,27.0819,27.0405,27.0552,27.4603,27.6173,27.3934,27.1769,27.4394,27.2022,27.3936,27.3782,27.3509,27.8258,27.5973,27.2029,27.2477,27.2012,27.6355,27.8061,27.328,27.5136,27.3609,27.6497,27.4717,27.5008,27.0939,27.3837,27.2518,27.5553,27.2993,27.1534,27.1818,27.548,27.735,27.1929,27.7472,27.5378,27.7836,27.7108,27.4997,27.5484,27.1602,27.6474,27.7244,27.2402
136,1:09:35 PM,27.0522,27.1964,27.4202,27.3968,27.4699,27.1959,27.21,27.4751,27.7319,27.5253,27.3792,27.3643,27.558,27.5383,27.5799,27.2754,27.2316,27.4689,27.7113,27.5067,27.4321,27.3372,27.5373,27.1845,27.6809,27.1698,27.4089,27.2522,27.3662,27.2836,27.4934,27.1555,27.6457,27.5929,27.8071,27.5042,27.4732,27.5454,27.5687,27.7616,27.1151,27.3275,27.7599,27.6472,27.7378,27.2505,27.3794,27.7947,27.2184,27.1144,27.2776,27.0878,27.7806,28.1799,27.9503,27.449,27.1416,27.4563,27.7931,27.6855,27.0966,27.2313,27.3188,27.8638,27.3606,27.1189,27.1263,27.0278,27.4607,27.3419,27.6586,27.5162,27.6994,27.5579,27.4803,27.272,27.1571,27.2412,27.7511,27.3805,27.2504,27.1763,27.4941,27.5051,27.1321,27.4139,27.3851,27.6882,27.8589,27.314,27.1337,27.2902,27.4582,27.5,27.2748,27.6213,27.6246,27.3666,27.4353,27.496,27.1069,27.3573,27.6514,27.3259,27.2699,27.2938,27.274,27.4428,27.7754,27.1639,27.9552,27.4799,27.8527,27.525,27.4192,27.2563,27.3108,27.4944,27.6876,27.5177
137,1:09:55 PM,27.1562,27.053,27.3073,27.4951,27.4337,27.0052,27.2188,27.5553,27.5845,27.4824,27.2596,27.1988,27.66,27.5236,27.6035,27.1348,27.2505,27.4464,27.4474,27.4284,27.2492,27.4336,27.4357,27.2971,27.2009,27.3824,27.6508,27.3359,27.2588,27.3889,27.4934,27.2188,27.5819,27.5048,27.6295,27.1886,27.3903,27.5213,27.6802,27.7665,27.2851,27.5284,27.7615,27.6444,27.5775,27.3501,27.5907,27.6992,27.4143,27.2008,27.3579,27.4241,27.9975,28.1959,27.8647,27.3101,27.1555,27.6373,27.9181,27.7222,26.968,27.2013,27.395,27.7515,27.4155,27.3557,27.1418,26.9185,27.5576,27.658,27.6415,27.6198,27.5831,27.3892,27.41,27.2005,26.9859,26.9378,27.5493,27.4328,27.1618,27.2461,27.3997,27.3886,27.2684,27.4732,27.2647,27.7117,27.6462,27.2284,27.2562,27.3538,27.4211,27.6714,27.2197,27.4982,27.547,27.4629,27.1302,27.3094,27.1952,27.1087,27.6366,27.5622,27.2505,27.056,27.1668,27.4488,27.8117,27.1339,27.9782,27.5266,27.5668,27.4728,27.5506,27.4751,27.4364,27.6005,27.7184,27.1561
138,1:10:15 PM,26.896,27.2379,27.1634,27.306,27.486,26.9139,27.1274,27.52,27.5269,27.5519,27.3795,27.267,27.6502,27.429,27.4285,27.0907,27.2727,27.4121,27.4114,27.6366,27.1907,27.347,27.3994,27.2915,27.345,27.3273,27.4866,27.5839,27.2747,27.2189,27.4797,27.2278,27.4099,27.532,27.7918,27.5447,27.4049,27.4573,27.693,27.5031,27.2224,27.3582,27.6653,27.6795,27.7446,27.3534,27.5276,27.6662,27.1856,27.2796,27.3097,27.2381,27.9742,28.2523,27.8381,27.4015,27.1495,27.6246,27.798,27.8552,27.0823,27.0374,27.2383,27.6956,27.4011,27.3265,27.0493,27.1114,27.4913,27.2463,27.6394,27.5883,27.5171,27.3433,27.1504,27.0975,27.0128,27.0745,27.608,27.3648,27.2755,27.1752,27.274,27.4189,27.3963,27.5245,27.4006,27.792,27.7379,27.2736,27.0806,27.1893,27.3229,27.5823,27.269,27.4742,27.4112,27.4685,27.1517,27.296,27.3119,27.2767,27.5105,27.4073,27.2012,27.1754,27.3365,27.5493,27.7572,26.9784,27.8916,27.4881,27.5719,27.6749,27.4673,27.3427,27.4661,27.661,27.6704,27.5286
139,1:10:35 PM,27.0867,27.331,27.0957,27.5226,27.4636,26.9247,27.2597,27.572,27.5535,27.4926,27.3829,27.4095,27.4721,27.6338,27.4536,27.2313,27.3159,27.3935,27.5463,27.5317,27.5371,27.2127,27.4435,27.3786,27.2499,27.1202,27.4751,27.4414,27.2561,27.4297,27.5065,27.3772,27.4581,27.3208,27.5969,27.277,27.4866,27.5835,27.4607,27.7091,27.3047,27.2102,27.8425,27.5557,27.4801,27.4672,27.5213,27.7593,27.1753,27.246,27.2019,27.4878,28.0526,28.0681,27.5292,27.329,26.9787,27.6499,27.9012,27.6142,27.1375,27.2785,27.2325,27.611,27.3664,27.246,27.1878,27.1179,27.4236,27.2795,27.4753,27.4563,27.6409,27.5565,27.4377,27.1359,27.2117,27.0721,27.4818,27.5934,27.1978,27.3497,27.417,27.3781,27.5794,27.316,27.524,27.8099,27.6518,27.338,27.268,27.2,27.2687,27.6213,27.0519,27.6147,27.6,27.3404,27.5419,27.4115,27.1573,27.2544,27.578,27.1754,27.2104,27.1546,27.5285,27.5179,27.8298,27.0954,28.0427,27.7808,27.5965,27.589,27.4682,27.54,27.476,27.6368,27.6328,27.5375
140,1:10:55 PM,27.1463,27.3915,27.3457,27.2121,27.2961,27.1383,27.2907,27.4031,27.6129,27.5708,27.3425,27.1839,27.529,27.6454,27.55,27.2968,27.3146,27.5015,27.4971,27.5847,27.5909,27.4028,27.465,27.3263,27.0973,27.0773,27.4581,27.228,27.3387,27.2689,27.675,27.3293,27.6688,27.7264,27.5865,27.4764,27.2165,27.5327,27.4716,27.6686,27.2638,27.3881,27.663,27.8292,27.4609,27.3192,27.5962,27.5703,27.2293,27.2213,27.3097,27.5292,27.9343,28.0053,27.6385,27.4271,27.1522,27.6403,27.8366,27.7572,27.2157,27.1014,27.3412,27.7057,27.3989,27.2986,27.0466,27.011,27.5338,27.3748,27.6243,27.4836,27.6339,27.3578,27.4505,27.2573,27.11,26.9768,27.6586,27.5894,27.3152,27.169,27.258,27.292,27.1449,27.4809,27.3978,27.7168,27.6687,27.467,27.1513,27.1872,27.3553,27.4607,27.1694,27.5765,27.3375,27.5361,27.4749,27.355,27.0178,27.452,27.3391,27.5526,27.2743,27.2144,27.2327,27.6699,27.8524,27.2048,27.8864,27.5894,27.5404,27.7786,27.4799,27.534,27.5081,27.5315,27.6707,27.3641
141,1:11:15 PM,26.9957,27.1703,27.3241,27.6266,27.4176,26.9971,27.3569,27.5878,27.6419,27.532,27.1733,27.185,27.4421,27.405,27.449,27.2458,27.2514,27.536,27.41,27.5844,27.4346,27.446,27.521,27.4447,27.2465,27.2492,27.5454,27.3677,27.3336,27.1863,27.4204,27.1949,27.7261,27.54,27.6638,27.2622,27.3847,27.5934,27.3783,27.814,26.9739,27.399,27.6631,27.8072,27.7152,27.0938,27.5727,27.5839,27.1781,27.1068,27.3073,27.4628,27.8915,28.144,27.658,27.501,27.0944,27.7136,27.741,27.9195,27.0819,27.1652,27.2539,27.6787,27.3647,27.154,27.2705,27.0666,27.3347,27.3717,27.5271,27.611,27.5082,27.4816,27.3006,27.159,27.0595,27.0647,27.55,27.617,27.411,27.0797,27.4313,27.3021,27.2128,27.5428,27.5933,27.7767,27.6923,27.5657,27.2305,27.3394,27.3972,27.4893,27.1946,27.5616,27.526,27.342,27.2339,27.3746,27.2304,27.1484,27.5875,27.4431,27.1907,27.2347,27.3825,27.5459,27.9128,27.2198,27.9487,27.6639,27.5044,27.649,27.4994,27.2858,27.3565,27.4211,27.6854,27.4862
142,1:11:35 PM,26.9939,27.1307,27.1421,27.3425,27.3928,27.0651,27.2706,27.3646,27.5828,27.581,27.4256,27.2482,27.5495,27.7423,27.7461,27.1965,27.2132,27.4,27.6156,27.5031,27.4694,27.1215,27.3493,27.234,27.4655,27.3408,27.5058,27.3262,27.5717,27.2843,27.6699,27.4279,27.4125,27.6118,27.644,27.3574,27.3429,27.4253,27.7181,27.757,27.3239,27.3541,27.9084,27.7386,27.5555,27.37,27.7704,27.5839,27.0869,27.2145,27.2624,27.3,28.0686,27.9199,27.8507,27.2868,27.1807,27.8006,27.994,27.8949,27.1256,27.1836,27.6257,27.6047,27.3661,27.2885,27.2886,26.9783,27.3991,27.2602,27.6148,27.535,27.5289,27.4266,27.2793,27.2544,27.0136,27.1933,27.6521,27.3706,27.3873,27.3121,27.3525,27.4489,27.2216,27.4716,27.5326,27.7058,27.9412,27.5007,27.1876,27.3169,27.3338,27.4504,27.2102,27.5617,27.5108,27.4152,27.418,27.4785,27.2737,27.3375,27.5459,27.385,27.1779,27.4069,27.3458,27.4311,27.804,27.123,28.1043,27.6587,27.6649,27.765,27.5227,27.51,27.4434,27.6915,27.7211,27.3764
143,1:11:55 PM,27.1724,27.033,27.2326,27.2495,27.5233,26.9426,27.2169,27.4571,27.4064,27.6117,27.3405,27.1567,27.5043,27.7839,27.5479,27.1064,27.2949,27.5311,27.6692,27.5027,27.3094,27.4319,27.3591,27.22,27.2808,27.37,27.502,27.3977,27.2621,27.4679,27.4787,27.338,27.6876,27.3135,27.6385,27.3627,27.4278,27.5854,27.6809,27.6324,27.2668,27.512,27.8229,27.6136,27.7383,27.2396,27.663,27.6932,27.2708,27.2477,27.2707,27.3732,28.007,27.9378,27.6364,27.419,27.2437,27.6908,28.0567,27.7617,27.1173,27.0954,27.2344,27.5303,27.5058,27.4366,27.1824,27.0528,27.2105,27.526,27.8072,27.5621,27.5936,27.5241,27.3235,27.3199,27.0296,27.1166,27.7555,27.4045,27.2455,27.2606,27.2887,27.408,27.539,27.3828,27.4969,27.7627,27.7974,27.3693,27.3343,27.2011,27.3835,27.5924,27.0381,27.5261,27.5487,27.5215,27.3999,27.5846,27.1133,27.4646,27.5433,27.5139,27.2206,27.1337,27.2165,27.6263,27.8581,27.1701,28.066,27.4923,27.6834,27.7253,27.4044,27.4432,27.4268,27.5239,27.5345,27.18
144,1:12:15 PM,26.9535,27.2316,27.1768,27.1528,27.6761,27.1467,27.0086,27.4994,27.6011,27.3311,27.4379,27.239,27.4032,27.638,27.2352,27.2139,27.3996,27.4593,27.7448,27.3469,27.4762,27.4572,27.1932,27.0895,27.3724,27.1593,27.3279,27.2187,27.4353,27.3986,27.6962,27.4374,27.7265,27.5377,27.6802,27.2933,27.4259,27.786,27.4593,27.6473,27.1043,27.5455,27.8725,27.8405,27.6915,27.5979,27.7136,27.6588,27.3231,27.294,27.4853,27.4509,27.8924,27.7737,27.6072,27.3872,27.1674,27.7207,28.0999,27.7289,27.1989,27.203,27.1085,27.9023,27.3789,27.2474,27.1238,27.0152,27.321,27.4013,27.5969,27.5236,27.4972,27.2578,27.3923,27.2945,27.1522,27.1755,27.8562,27.5135,27.1556,27.1609,27.3695,27.5039,27.2041,27.6104,27.5041,27.7899,27.6419,27.3319,27.1892,27.3828,27.3736,27.5283,27.2211,27.6284,27.4761,27.3483,27.2469,27.3551,27.2013,27.2669,27.6922,27.6266,27.3462,27.4464,27.1207,27.5161,27.8779,27.27,27.752,27.5859,27.6637,27.6623,27.6634,27.3538,27.3409,27.5351,27.622,27.4201
145,1:12:35 PM,27.0575,27.2831,27.1242,27.2998,27.2848,27.1604,27.3239,27.3139,27.5187,27.6004,27.3351,27.4822,27.4374,27.461,27.4604,27.1537,27.1912,27.5498,27.6053,27.3888,27.3315,27.3862,27.3626,27.2501,27.2382,27.2524,27.3392,27.3298,27.2567,27.2282,27.5575,27.3497,27.6567,27.4625,27.5643,27.3499,27.5222,27.6084,27.5945,27.6965,27.3448,27.4929,27.7086,27.6852,27.7023,27.3829,27.7229,27.759,27.2556,27.2229,27.1717,27.3891,27.9329,27.7087,27.7505,27.5495,27.2059,27.561,27.8567,27.6759,26.9881,27.2969,27.4291,27.7778,27.4279,27.1992,27.2308,27.0406,27.485,27.4389,27.6354,27.467,27.5649,27.3514,27.4948,27.1542,27.1142,27.1568,27.6049,27.5375,27.4516,27.2419,27.4598,27.4979,27.3806,27.6517,27.4967,27.7942,27.9051,27.4323,27.2487,27.2863,27.3342,27.6093,27.0842,27.5193,27.6959,27.4065,27.2841,27.3237,27.1596,27.4077,27.4292,27.4088,27.1869,27.3136,27.2314,27.4464,27.7638,27.1573,27.9069,27.6512,27.5448,27.5481,27.3577,27.4722,27.4935,27.685,27.619,27.4438
146,1:12:55 PM,27.0903,27.1977,27.1149,27.3922,27.2811,27.0961,27.3691,27.2847,27.3631,27.2887,27.2278,27.3572,27.4403,27.6387,27.3055,27.3071,27.3537,27.563,27.5817,27.4638,27.2711,27.4071,27.2936,27.3383,27.0507,27.1853,27.5371,27.346,27.5289,27.4727,27.4389,27.4722,27.5056,27.5194,27.5627,27.5064,27.4527,27.5698,27.6785,27.6587,27.1367,27.4108,27.8618,27.6827,27.5531,27.4893,27.491,27.7367,27.1521,27.2092,27.2494,27.587,27.8656,27.6154,27.5849,27.5155,27.2027,27.4921,27.7516,27.8249,27.2448,27.2312,27.2362,27.7052,27.4843,27.3107,27.2846,27.1876,27.5105,27.2132,27.5364,27.7662,27.6562,27.4581,27.2173,27.1701,27.2894,27.2051,27.5812,27.4842,27.2132,27.1958,27.4936,27.4344,27.3361,27.3448,27.3714,27.6175,27.6401,27.1935,27.3812,27.3169,27.4498,27.506,27.2822,27.424,27.4091,27.4376,27.0558,27.4032,27.2793,27.2147,27.5154,27.2984,26.999,27.2981,27.2978,27.4968,27.9387,27.0437,28.219,27.543,27.6026,27.6337,27.5435,27.5881,27.4366,27.5808,27.5854,27.4162
147,1:13:15 PM,27.1287,27.1963,27.3741,27.3611,27.3281,27.1914,27.2495,27.4089,27.4436,27.39,27.3945,27.3409,27.5234,27.5716,27.499,27.1791,27.4416,27.3032,27.5002,27.5377,27.3782,27.4125,27.2623,27.4553,27.3959,27.0553,27.619,27.5084,27.423,27.4516,27.4951,27.2785,27.6446,27.6247,27.6179,27.2675,27.3579,27.5341,27.3736,27.6007,27.3075,27.3957,27.5794,27.7572,27.4623,27.327,27.6121,27.6756,27.0944,27.2008,27.2037,27.5248,27.773,27.7524,27.5945,27.455,27.1505,27.6772,27.7133,27.5839,27.158,27.2295,27.2795,27.7125,27.5864,27.2026,27.2699,26.9752,27.5332,27.4506,27.6651,27.3837,27.6315,27.394,27.4322,27.3183,27.2609,27.1319,27.7782,27.426,27.3089,27.2298,27.3155,27.3789,27.2869,27.5287,27.6301,27.7818,27.6951,27.2739,27.0492,27.1548,27.3439,27.651,27.0996,27.5631,27.6876,27.6188,27.3483,27.5148,27.089,27.3306,27.583,27.2646,27.2134,27.2426,27.2423,27.5044,27.7031,27.0613,28.1121,27.6777,27.75,27.4022,27.3185,27.3377,27.5213,27.7005,27.7556,27.6303
148,1:13:35 PM,27.1576,27.1444,27.3416,27.5052,27.4511,27.1154,27.3339,27.4416,27.5601,27.4818,27.3921,27.4242,27.4562,27.4248,27.4264,27.2737,27.3936,27.2856,27.4903,27.4574,27.4497,27.3286,27.3472,27.1217,27.2866,27.3919,27.569,27.2293,27.4722,27.4573,27.5706,27.324,27.7361,27.7029,27.5954,27.4566,27.4405,27.564,27.4813,27.7321,27.3897,27.4874,27.9257,27.6588,27.7596,27.4111,27.7428,27.5457,27.2061,27.3111,27.4357,27.2616,27.9635,27.7342,27.5792,27.4869,27.2907,27.5913,27.7255,27.6051,26.9924,27.3653,27.2384,27.8427,27.3795,27.3193,27.1137,26.9516,27.417,27.2853,27.7948,27.6439,27.8239,27.4401,27.3388,27.2171,27.0356,27.2613,27.5402,27.4948,27.2167,27.1436,27.4607,27.2947,27.366,27.5442,27.6647,27.8612,27.8197,27.2609,27.3096,27.2354,27.4078,27.6161,27.1581,27.8242,27.5915,27.4145,27.512,27.178,27.2335,27.2536,27.7194,27.3096,27.0607,27.3056,27.1383,27.4651,27.7444,27.0516,27.9731,27.4715,27.7549,27.5052,27.3707,27.5606,27.2799,27.7527,27.6691,27.2757
149,1:13:55 PM,27.1588,26.9865,27.4429,27.2686,27.4722,27.0358,27.2091,27.3038,27.6246,27.6425,27.3502,27.3114,27.4504,27.541,27.4216,27.2093,27.3857,27.5433,27.578,27.513,27.2886,27.4384,27.3088,27.057,27.347,27.2475,27.5827,27.2033,27.3391,27.3824,27.59,27.1806,27.7194,27.4719,27.5815,27.5332,27.3147,27.626,27.5736,27.5841,27.119,27.5171,27.7568,27.839,27.4857,27.5513,27.6278,27.7032,27.2027,27.2854,27.1949,27.1178,27.655,27.5256,27.582,27.4212,27.1732,27.5216,27.888,27.6443,27.117,27.2564,27.2622,27.5663,27.1813,27.1813,27.0551,27.0402,27.2461,27.3465,27.6046,27.7343,27.5578,27.5499,27.1912,27.0976,27.148,26.8569,27.33,27.3534,27.399,27.3178,27.4278,27.2623,27.3883,27.4094,27.5459,27.5931,27.6188,27.1174,27.1263,27.5062,27.1441,27.7111,27.2407,27.7614,27.4533,27.4461,27.236,27.2513,27.1265,27.3022,27.492,27.4954,27.4136,27.2981,27.3711,27.5806,28.0374,26.918,27.8931,27.6392,27.5387,27.6538,27.4454,27.4673,27.3287,27.5408,27.6214,27.3285
150,1:14:15 PM,27.0965,27.1348,27.1805,27.3611,27.3522,26.9653,27.2511,27.5341,27.5377,27.5193,27.0116,27.2098,27.5328,27.4843,27.5715,27.1072,27.4163,27.6357,27.6281,27.4907,27.5399,27.233,27.293,27.2092,27.3733,27.1187,27.6762,27.4354,27.2122,27.3113,27.5487,27.2811,27.8981,27.653,27.6189,27.2943,27.4307,27.6098,27.3924,27.586,27.3739,27.4847,27.6542,27.9238,27.525,27.5026,27.681,27.7707,27.345,27.1417,27.2661,27.285,27.5348,27.7592,27.6299,27.2309,27.3375,27.562,27.8098,27.5321,27.1416,27.1892,27.1491,27.6971,27.3323,27.3213,27.0623,27.086,27.5971,27.0906,27.7144,27.5746,27.7082,27.3286,27.1383,27.3263,26.9805,27.1579,27.4355,27.6433,27.2277,27.1926,27.3778,27.3087,27.2573,27.431,27.5285,27.8441,27.7663,27.4172,27.3513,27.1046,27.3435,27.5482,27.0426,27.6884,27.6424,27.6225,27.3303,27.2757,27.131,27.3233,27.5333,27.3815,27.0714,27.4336,27.2139,27.5414,27.8979,26.9525,28.0624,27.4734,27.5857,27.3572,27.6183,27.4429,27.4664,27.5199,27.5956,27.4593
151,1:14:35 PM,27.1539,27.2011,27.2625,27.3807,27.439,26.9733,27.4081,27.4711,27.4425,27.3241,27.2977,27.5065,27.3197,27.4945,27.4419,27.1705,27.2372,27.5415,27.6375,27.1878,27.5666,27.3095,27.4193,27.1723,27.1795,27.1633,27.6038,27.4464,27.5719,27.383,27.6142,27.301,27.5575,27.8339,27.4966,27.5393,27.4147,27.5786,27.8553,27.4368,27.1294,27.3719,27.7716,27.9061,27.5968,27.4726,27.6557,27.7293,27.1119,26.9534,27.2307,27.5746,27.5152,27.637,27.366,27.484,26.9748,27.6171,27.8541,27.5581,27.1789,27.1956,27.445,27.7201,27.4173,27.597,27.3522,26.9837,27.2723,27.4411,27.6531,27.6303,27.5967,27.4594,27.1888,27.2954,27.028,27.1037,27.6285,27.425,27.4701,27.2703,27.5578,27.3699,27.2682,27.5446,27.5144,27.6171,27.6191,27.2529,27.1678,27.5455,27.2446,27.5391,27.1849,27.5559,27.4771,27.668,27.4596,27.311,27.1671,27.3465,27.6161,27.3952,27.2164,27.2881,27.1765,27.5311,27.8693,27.1319,28.053,27.5104,27.6162,27.6212,27.6319,27.3013,27.434,27.4699,27.5447,27.3748
152,1:14:55 PM,27.1323,27.2496,27.2022,27.2812,27.2917,26.967,27.3793,27.3201,27.4231,27.4223,27.4667,27.318,27.5386,27.5845,27.366,27.1621,27.4496,27.5826,27.5842,27.4762,27.4297,27.4549,27.161,27.2776,27.1868,27.1022,27.6328,27.3309,27.5079,27.1641,27.4909,27.2821,27.4779,27.5599,27.641,27.4151,27.4502,27.7087,27.5323,27.4301,27.2504,27.5532,27.6293,27.6143,27.496,27.3753,27.4896,27.5975,27.1291,27.203,27.1494,27.3582,27.5636,27.4959,27.6013,27.263,27.1144,27.5956,27.9973,27.5944,27.3862,27.2108,27.1697,27.7055,27.4531,27.2468,27.1718,27.0885,27.4119,27.2252,27.9288,27.6756,27.6427,27.3611,27.4003,27.2304,27.0199,27.1079,27.4929,27.2798,27.133,27.2635,27.3595,27.3165,27.2931,27.4662,27.6715,27.7189,27.6991,27.2341,27.0858,27.2909,27.2787,27.6306,27.1823,27.7091,27.6881,27.5211,27.2567,27.1263,27.3346,27.2261,27.5532,27.4955,27.1083,27.281,27.07,27.6158,27.8008,27.224,27.9801,27.215,27.6986,27.4757,27.5076,27.4773,27.4867,27.527,27.6916,27.4299
153,1:15:15 PM,27.2233,27.2103,27.3087,27.372,27.413,27.1502,27.2101,27.5553,27.4175,27.3914,27.3753,27.3647,27.4085,27.5477,27.3801,27.2669,27.3345,27.3934,27.6385,27.3311,27.3852,27.437,27.4164,27.078,26.9888,27.3106,27.4103,27.3535,27.2693,27.307,27.5576,27.3048,27.6582,27.5466,27.4927,27.5887,27.6302,27.5522,27.5451,27.7359,27.1553,27.5882,27.7069,27.7935,27.576,27.3063,27.6345,27.73,27.1444,27.1922,27.2799,27.2452,27.7397,27.4559,27.3104,27.399,27.271,27.7612,27.934,27.5352,27.2515,27.0977,27.2856,27.8193,27.2895,27.5547,27.2083,26.8866,27.3819,27.254,27.7557,27.5538,27.6718,27.4472,27.1164,27.1033,27.0808,27.1991,27.7552,27.4109,27.344,27.3046,27.2184,27.4299,27.4182,27.4593,27.6332,27.9341,27.6728,27.1843,27.2158,27.389,27.3922,27.6091,27.0728,27.4811,27.4477,27.4368,27.401,27.304,27.0593,27.2997,27.3782,27.1811,27.1363,27.2438,27.3601,27.352,27.746,27.1982,27.8521,27.6168,27.619,27.6013,27.1747,27.5456,27.4699,27.7307,27.5346,27.4376
154,1:15:35 PM,27.1574,27.1513,27.1804,27.3109,27.3304,26.9732,27.1671,27.3995,27.6795,27.5148,27.3765,27.1577,27.4094,27.4234,27.2319,27.1618,27.3423,27.5106,27.291,27.4898,27.5002,27.3815,27.2726,27.1685,27.1559,27.2715,27.5381,27.4503,27.3473,27.1736,27.6477,27.3832,27.4964,27.5027,27.5198,27.4758,27.4969,27.6694,27.6565,27.6365,27.3584,27.471,27.7708,27.7458,27.6121,27.4825,27.4018,27.7309,27.1401,27.3068,27.3689,27.442,27.4225,27.5075,27.479,27.2456,27.0818,27.5081,27.8302,27.5053,27.11,27.2246,27.2534,27.6683,27.4305,27.1866,27.0512,27.0761,27.4711,27.2188,27.8121,27.3854,27.5932,27.3304,27.3248,27.2234,27.1202,27.1707,27.5794,27.4552,27.4943,27.2448,27.4185,27.2966,27.3502,27.5219,27.5291,27.5974,27.6283,27.1363,27.0524,27.373,27.3175,27.8285,27.1028,27.607,27.617,27.3633,27.0929,27.2974,27.138,27.3422,27.4571,27.3483,27.3343,27.2879,27.2774,27.5281,27.8093,26.9553,27.9454,27.7634,27.5756,27.6302,27.3086,27.5519,27.3903,27.5877,27.4991,27.4545
155,1:15:55 PM,27.1396,27.1293,27.2181,27.4548,27.1928,27.2027,27.2285,27.433,27.5808,27.417,27.1459,27.472,27.4386,27.5381,27.4279,27.2478,27.1673,27.5019,27.4255,27.5318,27.3273,27.6767,27.1744,27.2564,27.1694,27.2676,27.4573,27.3421,27.4969,27.3401,27.3911,27.3034,27.735,27.673,27.5596,27.5544,27.3824,27.6115,27.5969,27.5497,27.2096,27.7596,27.6032,27.5021,27.607,27.3725,27.6654,27.6624,27.1114,27.2291,27.4074,27.197,27.5024,27.4659,27.6194,27.5148,27.188,27.6275,27.9176,27.6136,27.226,27.2634,27.2864,27.6828,27.4276,27.4684,27.2958,27.238,27.2501,27.3586,27.5304,27.6951,27.5235,27.3309,27.2176,27.1651,27.0684,27.2027,27.4973,27.2386,27.2453,27.2942,27.4334,27.2868,27.3832,27.6454,27.488,27.6631,27.5863,27.1912,27.2485,27.3612,27.3766,27.5163,26.6931,27.6058,27.5721,27.4656,27.1981,27.453,27.0286,27.4092,27.4145,27.3477,27.2064,27.1369,27.2491,27.6667,27.7168,27.15,27.9639,27.7642,27.8512,27.5222,27.4471,27.514,27.4679,27.4962,27.4652,27.2205
156,1:16:15 PM,27.0619,27.1394,27.2798,27.4376,27.4598,27.1756,27.1638,27.368,27.5914,27.6116,27.419,27.4128,27.3293,27.6923,27.3475,27.1678,27.4196,27.5138,27.4516,27.5078,27.6011,27.332,27.4567,27.2564,27.25,27.0974,27.535,27.3381,27.2919,27.181,27.3977,27.2249,27.9163,27.5162,27.4555,27.4501,27.4172,27.5356,27.5351,27.5859,27.2292,27.4403,27.6456,27.8955,27.6154,27.3231,27.5709,27.6161,27.1951,27.0751,27.1733,27.389,27.2544,27.4147,27.464,27.5711,27.2295,27.8134,27.6498,27.509,27.2245,27.1657,27.2778,27.6569,27.4172,27.4416,27.0335,26.8543,27.4114,27.308,27.7906,27.5541,27.5911,27.4114,27.3038,27.1497,27.035,26.9791,27.5658,27.5489,27.4502,27.1863,27.4179,27.2903,27.1152,27.4495,27.5015,27.7303,27.4656,27.0947,27.0401,27.2688,27.3664,27.5153,26.9801,27.9079,27.6571,27.5057,27.3567,27.1049,27.1068,27.3685,27.669,27.6037,27.1087,27.1983,27.2619,27.4253,27.8748,26.9452,27.8743,27.5375,27.8133,27.7555,27.4091,27.4028,27.4785,27.5399,27.5264,27.3714
157,1:16:35 PM,27.0831,27.1306,27.159,27.4495,27.2988,26.982,27.3028,27.2788,27.6246,27.517,27.3189,27.2334,27.3749,27.5675,27.5016,27.2438,27.2282,27.4924,27.4955,27.4386,27.3379,27.5302,27.2578,27.102,27.1457,27.3692,27.4772,27.2855,27.1512,27.2653,27.5362,27.2589,27.7498,27.7178,27.5495,27.4413,27.4866,27.548,27.6042,27.5764,27.2358,27.5595,27.6842,27.7479,27.4758,27.5006,27.3398,27.8812,27.0273,27.0088,27.2272,27.1088,27.4634,27.4895,27.5682,27.5034,27.2296,27.6287,27.7778,27.6545,27.1568,27.4377,27.4774,27.696,27.261,27.4044,27.2354,27.1446,27.2671,27.3505,27.5318,27.4169,27.6344,27.4639,27.1202,27.089,26.958,27.0106,27.5968,27.4067,27.19,27.3502,27.3877,27.4408,27.3441,27.4895,27.6863,27.7796,27.5097,27.1812,27.1647,27.1879,27.2713,27.4322,27.0093,27.5694,27.5558,27.5767,27.0977,27.1896,27.3288,27.289,27.6417,27.4012,27.1539,27.2962,27.2166,27.5184,27.9286,26.8316,28.1752,27.4866,27.5826,27.6181,27.633,27.4894,27.3495,27.556,27.6319,27.5412
158,1:16:55 PM,27.188,27.1682,27.2281,27.3187,27.4051,27.0141,27.015,27.426,27.5183,27.4721,27.2747,27.3868,27.3816,27.472,27.5655,27.3103,27.3538,27.6203,27.3128,27.4742,27.5221,27.4151,27.0292,27.1849,27.2237,27.0997,27.3295,27.3112,27.4113,27.3344,27.4332,27.0089,27.4808,27.3964,27.3447,27.3251,27.3916,27.6047,27.3581,27.3645,27.2919,27.5008,27.7712,27.6625,27.5265,27.2977,27.6099,27.6096,27.0851,27.3258,27.2673,27.1466,27.4913,27.5157,27.5566,27.3035,27.0338,27.7369,27.8014,27.4771,27.222,27.1503,27.3096,27.6063,27.3198,27.333,27.1915,26.7454,27.2201,27.3969,27.6295,27.6453,27.6812,27.2926,27.405,27.132,27.0783,27.1936,27.5797,27.3431,27.1614,27.1331,27.3243,27.4633,27.2491,27.362,27.5119,27.9186,27.9006,27.2522,27.1317,27.3983,27.3131,27.5841,26.8889,27.4596,27.6021,27.503,27.1349,27.2001,27.0773,27.4309,27.5856,27.4553,27.2228,27.1507,27.2733,27.5477,27.7206,26.8646,27.9929,27.5254,27.4471,27.6721,27.5518,27.3635,27.3908,27.3212,27.6953,27.4219
159,1:17:15 PM,27.1555,27.2605,27.044,27.2526,27.3532,26.9759,27.0881,27.477,27.4312,27.5305,27.293,27.3711,27.4553,27.5216,27.4176,27.2493,27.4415,27.4918,27.5953,27.5652,27.5466,27.5397,27.5473,27.1149,26.9044,27.0511,27.6322,27.3885,27.5634,27.2403,27.4843,27.4066,27.6853,27.6018,27.5399,27.6074,27.3143,27.5997,27.6241,27.494,27.1153,27.4933,27.662,27.7532,27.6351,27.4907,27.4927,27.5686,27.1882,27.0385,27.2981,27.2485,27.4935,27.3676,27.4476,27.5058,27.0369,27.6129,27.9152,27.5955,27.2499,27.3404,27.4697,27.5959,27.3325,27.4051,27.1879,27.0436,27.2847,27.2264,27.8086,27.582,27.5769,27.6085,27.0975,27.2852,27.2081,27.023,27.6068,27.1552,27.3235,27.2835,27.5173,27.3315,27.2463,27.4462,27.4518,27.7273,27.4778,27.1515,27.0755,27.1775,27.2358,27.5248,26.8372,27.4365,27.6676,27.4676,27.2987,27.1286,27.2098,27.4143,27.5015,27.2623,27.1187,27.1948,27.2372,27.5256,27.7955,26.949,28.1244,27.4446,27.6973,27.6677,27.3079,27.3947,27.2158,27.6582,27.6666,27.5887
160,1:17:35 PM,26.8957,27.2271,27.2486,27.3913,27.3051,27.1527,27.2463,27.5258,27.6029,27.4904,27.1608,27.3179,27.4156,27.6567,27.3518,27.2282,27.4818,27.4383,27.4969,27.397,27.2761,27.3022,27.3078,27.3072,27.2506,27.0548,27.6371,27.3173,27.2947,27.3535,27.5973,27.4006,27.7386,27.3318,27.5784,27.3682,27.4352,27.5658,27.4328,27.4283,27.253,27.3801,27.4531,27.7914,27.542,27.4047,27.5696,27.564,27.0228,27.1075,27.2556,27.1477,27.4429,27.4116,27.5076,27.5264,27.1506,27.5968,27.7921,27.5519,27.2172,27.2896,27.198,27.4737,27.3646,27.217,27.0958,27.104,27.4642,27.1746,27.7045,27.407,27.7243,27.2978,27.2269,27.1331,26.9702,26.928,27.5787,27.4289,27.2045,27.3846,27.4194,27.3631,27.3468,27.4426,27.4913,27.7847,27.5367,27.1402,27.1427,27.1257,27.2191,27.4971,26.9593,27.7729,27.6332,27.3461,27.2879,27.2332,27.2414,27.3041,27.6785,27.4199,27.0434,27.4029,27.2998,27.5809,27.9554,26.968,28.1452,27.4943,27.6122,27.566,27.4451,27.4678,27.3192,27.581,27.5509,27.3234
161,1:17:55 PM,27.1152,27.3512,27.2055,27.1394,27.3756,26.9291,27.1513,27.4463,27.4632,27.5477,27.369,27.1632,27.4899,27.4511,27.5116,27.3174,27.1117,27.557,27.4847,27.5304,27.3585,27.1782,27.0463,27.052,26.9502,27.2698,27.4452,27.1681,27.3672,27.212,27.344,27.0011,27.7265,27.6999,27.425,27.3313,27.4487,27.7557,27.5431,27.4665,27.202,27.2403,27.6621,27.681,27.696,27.5062,27.6013,27.4279,27.0216,27.1363,27.4942,27.2745,27.4089,27.2357,27.2733,27.2459,27.1428,27.5405,27.7741,27.5729,27.1302,27.2769,27.2039,27.647,27.2856,27.156,27.2002,26.8212,27.3628,27.153,27.7193,27.5143,27.5955,27.4163,27.1395,27.194,26.9818,27.1394,27.5999,27.2101,27.0234,27.1499,27.4166,27.4749,27.1915,27.55,27.4526,27.6463,27.5795,27.172,27.3299,27.2314,27.0606,27.4399,26.8744,27.6994,27.5346,27.3538,27.2381,27.2633,27.2767,27.212,27.3717,27.3504,27.2225,27.1315,27.2941,27.4926,27.8534,26.9742,27.9971,27.6283,27.5429,27.6197,27.4916,27.3709,27.3881,27.7431,27.6803,27.3424
162,1:18:15 PM,27.0008,27.1645,27.1733,27.2742,27.2674,27.3175,27.3885,27.3901,27.5587,27.4182,27.277,27.2452,27.4983,27.4804,27.4621,27.2505,27.3353,27.5924,27.2655,27.1781,27.4547,27.427,27.2965,27.196,27.0374,27.1041,27.6037,27.0699,27.3234,27.1401,27.4052,27.4386,27.4452,27.6644,27.4307,27.2846,27.3832,27.5376,27.3857,27.2641,27.311,27.4671,27.7134,27.7648,27.5925,27.4726,27.5792,27.6518,27.0587,27.1912,27.2521,27.2883,27.5401,27.485,27.3212,27.3408,27.1614,27.8004,27.7565,27.3283,27.0852,27.2456,27.4602,27.6549,27.2146,27.3323,27.2374,27.1141,27.4947,27.3253,27.8741,27.4623,27.4803,27.5527,27.1779,27.1625,27.0945,27.078,27.6409,27.3256,27.3988,27.1911,27.3458,27.2375,27.2962,27.5202,27.4177,27.6893,27.5864,27.1103,27.4107,27.2147,27.3184,27.3299,26.9558,27.6177,27.6111,27.4304,27.312,27.0476,27.3484,27.3542,27.7953,27.379,27.1894,27.3231,27.2756,27.3492,27.8636,26.9456,27.8929,27.6307,27.689,27.4541,27.3285,27.4904,27.2441,27.5717,27.4558,27.1822
163,1:18:35 PM,27.0179,27.265,27.1478,27.3103,27.3327,26.8614,27.126,27.3863,27.5464,27.383,27.2616,27.4309,27.5243,27.5311,27.4577,27.1698,27.3635,27.4983,27.5351,27.4837,27.5614,27.3307,27.2815,27.1233,27.2185,27.2374,27.5109,27.3262,27.4827,27.1405,27.4669,27.174,27.5951,27.4377,27.3542,27.4312,27.4584,27.4482,27.5229,27.5602,27.3839,27.3883,27.6504,27.7254,27.4972,27.4392,27.5783,27.6564,27.3555,27.1128,27.2078,27.3167,27.4792,27.4073,27.2903,27.2944,27.3357,27.6535,27.5746,27.4378,26.9888,27.1814,27.3665,27.4162,27.3398,27.4164,27.2602,27.1503,27.4219,27.2808,27.8526,27.5992,27.6812,27.3389,27.347,27.2641,27.1209,27.2452,27.6384,27.3943,27.2327,27.3533,27.361,27.352,27.4483,27.5777,27.6122,27.6095,27.4597,27.0702,27.2372,27.2395,27.3565,27.3302,27.191,27.728,27.6053,27.2399,27.0389,27.0816,27.1619,27.309,27.5265,27.5453,27.1694,27.3357,27.3187,27.4165,27.7508,26.8791,27.9872,27.7027,27.6712,27.7847,27.3566,27.6188,27.3185,27.5527,27.7003,27.2774
164,1:18:55 PM,26.9576,27.0982,27.1162,27.0289,27.3054,27.0108,27.0996,27.5155,27.6474,27.4865,27.2434,27.2644,27.337,27.5382,27.2473,27.1056,27.3249,27.3436,27.3843,27.362,27.4304,27.2602,27.1654,27.1509,27.1767,27.223,27.4096,27.2837,27.4692,27.0309,27.462,27.3298,27.5771,27.4397,27.3566,27.4103,27.3998,27.5452,27.4945,27.4463,27.2032,27.4217,27.6352,27.6928,27.4363,27.2993,27.5786,27.7031,26.956,27.0319,27.3762,27.3034,27.5433,27.1226,27.29,27.3879,26.9253,27.6937,27.5708,27.6452,27.0829,27.1307,27.3949,27.4157,27.3424,27.3047,27.1398,27.2036,27.275,27.3017,27.4406,27.4266,27.3466,27.4007,27.1799,27.0493,26.9528,26.9163,27.678,27.3925,27.263,27.3566,27.3266,27.4129,27.2444,27.6719,27.5922,27.786,27.5915,27.2156,27.0526,27.171,27.253,27.4532,27.0419,27.6456,27.596,27.3244,26.96,27.1975,27.2742,27.403,27.342,27.561,27.1154,27.1417,27.2317,27.4475,27.9153,27.1825,28.0479,27.7495,27.7113,27.4413,27.4082,27.4734,27.333,27.4557,27.4686,27.2896
165,1:19:15 PM,27.3435,27.1383,27.1448,27.2526,27.1563,27.026,27.0892,27.4938,27.5091,27.3042,27.3607,27.3711,27.4166,27.5051,27.4548,27.2511,27.1605,27.5388,27.5419,27.2001,27.4759,27.4851,27.4444,27.1129,26.9994,27.2299,27.4592,27.3269,27.044,27.109,27.3793,27.1908,27.5278,27.5072,27.4192,27.4649,27.4365,27.6826,27.4847,27.4577,27.2698,27.2957,27.4722,27.7261,27.5949,27.5085,27.5378,27.5784,27.0938,26.952,27.4411,27.1815,27.3487,27.2353,27.2767,27.2794,27.1761,27.5301,27.7125,27.5261,27.2456,27.2928,27.2942,27.5653,27.2719,27.3696,27.283,26.8964,27.2889,27.2169,27.7377,27.4297,27.2768,27.4315,27.0724,27.3816,27.1442,27.1657,27.7069,27.3185,27.2816,27.2623,27.3835,27.2001,27.1275,27.5371,27.4834,27.6804,27.3829,27.1259,27.3368,27.3897,27.2106,27.3813,26.8798,27.7488,27.7368,27.4061,27.3258,27.2938,27.2454,27.4096,27.5892,27.3179,27.1592,27.2534,27.3147,27.5255,27.7417,26.9753,28.1992,27.4127,27.5698,27.5361,27.3534,27.5615,27.264,27.5548,27.4359,27.3342
166,1:19:35 PM,27.0415,27.2597,27.2424,27.4343,27.1689,27.1677,27.3685,27.3646,27.5319,27.4367,27.1179,27.3739,27.3919,27.5236,27.2128,27.3653,27.2098,27.3492,27.5954,27.4092,27.3964,27.5042,27.305,27.1047,27.3297,27.2454,27.6485,27.1713,27.4197,27.2736,27.3066,27.1607,27.5087,27.544,27.3703,27.3334,27.3957,27.6232,27.4307,27.5086,27.196,27.3859,27.4785,27.4487,27.4692,27.5695,27.5754,27.6211,27.0048,27.0895,27.2245,27.1167,27.4693,27.3077,27.344,27.2896,26.9783,27.6346,27.705,27.3181,27.4086,27.1781,27.3601,27.414,27.2327,27.447,27.4116,26.8962,27.2421,27.2472,27.7963,27.6153,27.5241,27.1804,27.1456,27.0354,27.1135,27.134,27.6739,27.3785,27.3044,27.2068,27.3875,27.3046,27.2442,27.5201,27.5792,27.7045,27.6287,27.136,27.1386,27.2731,27.2373,27.5123,26.9545,27.6287,27.5027,27.4008,27.1284,27.2259,27.0473,27.3913,27.376,27.4574,27.1882,27.2911,27.2527,27.4889,27.7197,26.9516,28.1164,27.4455,27.7993,27.6665,27.6338,27.4792,27.4914,27.5163,27.581,27.3027
167,1:19:55 PM,27.0457,27.1298,27.1438,27.2626,27.3948,27.0055,27.1197,27.4316,27.5489,27.439,27.2287,27.2481,27.3735,27.401,27.4035,27.1588,27.2617,27.4269,27.361,27.3088,27.2789,27.4179,27.2837,26.9622,26.9218,27.2347,27.5936,27.3263,27.2076,27.2553,27.4384,27.2285,27.4459,27.6683,27.5869,27.3674,27.6332,27.6351,27.4955,27.5847,27.3064,27.5499,27.7613,27.7268,27.5156,27.412,27.6771,27.5344,27.0605,27.2374,27.4429,27.2665,27.4387,27.2757,27.3525,27.4644,27.0962,27.6097,27.8229,27.2693,27.0479,27.4761,27.3203,27.3842,27.0334,27.276,27.0812,27.0792,27.1846,27.2777,27.7341,27.5468,27.391,27.2539,27.158,27.1195,27.4232,27.328,27.5805,27.3627,27.3134,27.4204,27.5153,27.2162,27.1422,27.6145,27.3285,27.8089,27.5649,27.0529,27.0966,27.3344,27.2756,27.2861,27.0503,27.6154,27.7168,27.4853,27.1558,27.137,27.0972,27.3516,27.3378,27.4957,27.075,27.2221,27.4514,27.4415,27.6916,26.973,28.138,27.4468,27.7388,27.5861,27.4409,27.295,27.3909,27.7023,27.6421,27.4374
168,1:20:15 PM,27.3054,27.1173,27.1964,27.3785,27.1509,27.1112,27.3258,27.3307,27.4561,27.241,27.2537,27.2224,27.2877,27.5789,27.3086,27.2665,27.2818,27.3373,27.2785,27.3574,27.407,27.2871,27.4344,26.9983,27.046,27.1883,27.5807,27.2333,27.4208,27.2419,27.449,27.1329,27.6793,27.519,27.1994,27.4677,27.4942,27.4742,27.7155,27.5174,27.1505,27.4916,27.5441,27.8518,27.5733,27.4833,27.551,27.9091,27.0909,27.1342,27.3758,27.3311,27.2492,27.4499,27.5224,27.3764,27.2161,27.4926,27.8643,27.3369,27.4649,27.2707,27.1831,27.3778,27.2642,27.5129,27.105,26.9466,27.3618,27.3365,27.7443,27.6398,27.5387,27.4576,27.0223,27.114,26.9291,27.0377,27.5443,27.3753,27.2822,27.3016,27.315,27.3795,27.2126,27.6396,27.565,27.5902,27.6476,27.0868,27.0841,27.1269,27.1539,27.5077,27.119,27.8513,27.5338,27.4319,27.1206,26.9907,27.2814,27.2967,27.6682,27.4134,27.074,27.3392,27.2124,27.4762,27.7968,27.1559,28.1452,27.4866,27.7877,27.5428,27.3819,27.2006,27.4066,27.5085,27.4605,27.2336
169,1:20:35 PM,27.18,26.9288,27.268,27.3038,27.2941,27.0101,27.4119,27.3914,27.7474,27.3522,27.396,27.4131,27.3176,27.3896,27.3367,27.4276,27.3352,27.5346,27.44,27.3476,27.4985,27.4486,27.2691,27.1223,27.1379,27.2192,27.4271,27.2193,27.3808,27.125,27.4638,27.317,27.6589,27.3692,27.4254,27.3433,27.3831,27.6839,27.3994,27.3414,27.1046,27.4438,27.7348,27.6815,27.5523,27.4889,27.5979,27.5631,27.2221,27.2043,27.2417,27.5025,27.4273,27.2204,27.3031,27.3943,27.2017,27.5527,27.5911,27.3889,27.1866,27.1609,27.2102,27.5815,27.3667,27.1997,27.2025,27.0405,27.3256,27.3227,27.7025,27.7487,27.5871,27.1963,27.2179,27.2713,27.0242,27.2229,27.5646,27.3888,27.2865,27.1541,27.3818,27.3307,27.2175,27.6082,27.5798,27.7567,27.4719,27.2145,27.1114,27.3928,27.0964,27.5263,26.9458,27.5284,27.4151,27.2902,27.1379,27.1281,27.4043,27.2189,27.5202,27.3244,27.2203,27.2882,27.219,27.6115,27.8802,27.1006,28.0969,27.718,27.5104,27.3092,27.3026,27.3602,27.4161,27.4584,27.5586,27.3683
170,1:20:55 PM,27.0992,27.2574,27.208,27.3079,27.2308,27.0523,27.2869,27.3126,27.5986,27.3363,27.4225,27.3818,27.3105,27.4582,27.3363,27.1857,27.3078,27.3508,27.3433,27.388,27.4886,27.3544,27.3384,27.1097,26.9822,27.2597,27.4331,27.2122,27.2695,27.4443,27.6407,27.3259,27.4302,27.4292,27.3445,27.4614,27.6039,27.4956,27.3683,27.4983,27.1469,27.4409,27.7158,27.7779,27.5213,27.5195,27.5705,27.7024,27.0629,27.1741,27.3931,27.3639,27.4182,27.1687,27.3019,27.2219,27.2673,27.6139,27.7401,27.1926,27.1446,27.3319,27.1727,27.5507,27.2544,27.472,27.3708,27.0284,27.1525,27.2571,27.723,27.5598,27.7709,27.3543,27.3529,27.1726,27.0381,27.2191,27.518,27.1963,27.1346,27.1908,27.4333,27.5069,27.2077,27.5151,27.5712,27.8578,27.5507,27.0715,27.2311,27.2348,27.1915,27.5396,26.9591,27.5128,27.577,27.3871,27.2113,27.2527,27.0377,27.4673,27.2968,27.4427,27.2347,27.1857,27.3774,27.4631,27.6747,26.9948,28.0101,27.544,27.6221,27.5347,27.3331,27.3811,27.3799,27.5418,27.5886,27.3452
171,1:21:15 PM,27.1105,27.0763,27.2228,27.378,27.3416,27.1414,27.2131,27.257,27.4413,27.4149,27.2836,27.2843,27.4409,27.3148,27.2502,27.2849,27.2109,27.4819,27.4279,27.2672,27.4769,27.264,27.3485,27.1114,27.0785,27.1755,27.444,27.3223,27.4312,27.0812,27.3492,27.422,27.5519,27.5857,27.4585,27.5265,27.444,27.3869,27.4993,27.2727,27.2044,27.4109,27.638,27.7038,27.6464,27.4119,27.5217,27.6493,27.0719,27.0377,27.2115,27.4106,27.4166,27.1397,27.4206,27.5701,27.158,27.5495,27.613,27.456,27.1085,27.382,27.3028,27.6651,27.249,27.3542,27.3119,27.0709,27.3591,27.2477,27.6752,27.6325,27.6415,27.321,27.0997,27.1547,27.0248,26.9771,27.6305,27.3215,27.2143,27.0196,27.4672,27.4918,27.2156,27.789,27.4362,27.8089,27.3942,27.1135,27.1521,27.2022,27.4859,27.5426,26.9376,27.7083,27.6393,27.3215,27.321,27.1768,27.1308,27.1974,27.5846,27.2709,27.1774,27.2508,27.0691,27.6025,27.8401,26.8659,27.9724,27.6252,27.6644,27.6214,27.5241,27.568,27.5083,27.4894,27.4364,27.4995
172,1:21:35 PM,27.0613,27.2491,27.2136,27.1478,27.3111,27.0952,27.3362,27.4121,27.2787,27.4965,27.4196,27.5219,27.4439,27.3866,27.2589,27.2206,27.3627,27.3933,27.327,27.2231,27.6248,27.1946,27.336,26.9497,26.9988,27.1623,27.4059,27.3779,27.2213,27.2455,27.2201,27.1396,27.6664,27.616,27.6341,27.4723,27.452,27.4626,27.5199,27.4796,27.2582,27.4069,27.731,27.5891,27.6756,27.5467,27.6072,27.6376,27.0326,27.107,27.148,27.2892,27.3854,27.1714,27.315,27.4023,27.0401,27.5528,27.8528,27.4426,27.2077,27.3043,27.3165,27.6981,27.2934,27.3131,27.1451,26.9594,27.346,27.0897,27.6041,27.6394,27.6315,27.3026,27.1276,27.3207,27.2291,26.9587,27.6282,27.3683,27.1412,27.2724,27.3203,27.3452,27.1348,27.49,27.5382,27.7108,27.6779,27.3201,27.1215,27.2005,27.1637,27.6303,27.0638,27.7078,27.6446,27.2737,27.0555,27.0944,27.171,27.3647,27.4956,27.3079,26.8116,27.3304,27.1569,27.4451,27.786,26.9699,28.0573,27.5948,27.4109,27.4511,27.5975,27.6995,27.3674,27.5348,27.6278,27.2547
173,1:21:55 PM,27.029,27.2257,27.1858,27.0695,27.2399,26.9821,26.9821,27.4256,27.6888,27.3555,27.2017,27.5437,27.2569,27.5809,27.227,27.214,27.3522,27.2795,27.4582,27.1891,27.4401,27.2787,27.2829,26.8908,27.02,27.2603,27.4988,27.1244,27.1235,26.9512,27.4693,27.3168,27.5235,27.723,27.4658,27.4327,27.4008,27.6976,27.3151,27.5488,27.1958,27.2402,27.6886,27.6968,27.4384,27.6182,27.505,27.5531,27.0801,27.1407,27.2007,27.2976,27.2719,27.1978,27.1927,27.3798,27.2213,27.4011,27.61,27.4686,27.0715,27.2628,27.2174,27.6455,27.1455,27.562,27.2037,27.0543,27.2818,27.2605,27.7006,27.5644,27.7159,27.2418,27.0172,27.335,27.3268,27.0794,27.619,27.3011,27.1717,27.1067,27.4511,27.3255,26.993,27.5832,27.4533,27.7648,27.4715,27.1855,27.2296,27.2402,27.2162,27.4627,26.8652,27.6162,27.5816,27.4532,27.0603,27.0078,27.3456,27.3059,27.5602,27.3475,26.9651,27.1615,27.265,27.6491,27.8404,27.0578,27.9425,27.5688,27.5382,27.5513,27.293,27.4205,27.4289,27.3735,27.4919,27.4456
174,1:22:15 PM,27.0248,27.2617,27.095,27.1926,27.3633,27.1956,27.166,27.3589,27.4189,27.3586,27.2664,27.481,27.4636,27.4231,27.3341,27.2423,27.2607,27.4151,27.3985,27.329,27.4203,27.4714,27.4147,27.0655,27.1599,27.5612,27.5155,27.1998,27.3056,27.0205,27.4527,27.3555,27.5057,27.5955,27.3601,27.5332,27.3771,27.4488,27.4986,27.5523,27.2396,27.3461,27.5859,27.6004,27.4916,27.4191,27.5903,27.5881,27.2087,27.0249,27.3456,27.2854,27.2168,27.2248,27.3945,27.3093,26.9259,27.4009,27.643,27.3357,27.324,27.2886,27.1995,27.5323,27.3746,27.201,27.1819,26.9649,27.2544,27.3481,27.7481,27.4916,27.681,27.2527,27.0914,27.1118,26.9944,27.0079,27.862,27.3436,27.3199,27.1628,27.4651,27.4011,27.2947,27.5689,27.311,27.6929,27.516,27.279,27.2592,27.2904,27.0889,27.4542,26.874,27.6474,27.7285,27.519,27.1706,27.1793,27.249,27.4789,27.5369,27.3216,27.1148,27.3353,27.2361,27.2938,27.6959,26.8791,28.0503,27.6836,27.7173,27.6445,27.4743,27.3723,27.3295,27.4521,27.4362,27.388
175,1:22:35 PM,26.9438,27.4086,27.259,27.4032,27.3181,27.1832,27.0937,27.3827,27.5713,27.2747,27.3776,27.4119,27.4485,27.4125,27.1166,27.2758,27.3657,27.6251,27.5424,27.1523,27.2403,27.1612,27.3123,26.9888,27.0422,27.3094,27.6031,27.325,27.1275,27.0997,27.4246,27.3381,27.4215,27.724,27.3672,27.2951,27.2989,27.4761,27.4618,27.5516,27.115,27.3779,27.4581,27.724,27.4606,27.3927,27.7552,27.8096,27.1843,27.1167,27.342,27.2468,27.34,27.2058,27.3448,27.4649,26.9654,27.4239,27.6186,27.1566,27.118,27.152,27.2024,27.6055,27.1758,27.3969,27.0868,26.7168,27.3385,27.2936,27.5668,27.4535,27.7452,27.1277,27.0009,27.0493,27.1926,27.1157,27.4536,27.3778,27.0392,27.3223,27.3158,27.3769,27.1475,27.5017,27.4197,27.7423,27.5444,27.2094,27.2406,27.2554,27.2306,27.2905,27.0056,27.7083,27.6055,27.4277,27.1825,27.2551,27.1681,27.1631,27.3337,27.3898,27.0693,27.3084,27.3663,27.4029,27.6159,27.0784,28.0493,27.575,27.5566,27.6537,27.2203,27.4826,27.4444,27.4365,27.7541,27.4886
176,1:22:55 PM,27.0207,27.0026,27.3614,27.2803,27.1236,26.8653,27.0818,27.4985,27.4896,27.26,27.1892,27.2503,27.3492,27.4091,27.3871,27.4469,27.206,27.1955,27.2428,27.2655,27.5098,27.2397,27.2805,27.056,27.0993,27.3079,27.7156,27.1878,27.2923,27.1937,27.433,27.2214,27.5846,27.5722,27.5274,27.4867,27.2664,27.5042,27.3433,27.3614,27.1966,27.46,27.6321,27.6825,27.6064,27.453,27.6294,27.7799,27.1527,27.0561,27.3703,27.1095,27.4095,27.3834,27.1507,27.3787,27.2201,27.6523,27.5961,27.4397,26.9608,27.3417,27.1586,27.6134,27.0951,27.3311,27.0191,26.8536,27.4539,27.176,27.7208,27.5809,27.5716,27.347,27.009,27.2727,27.0537,26.9959,27.547,27.2838,27.1583,27.2541,27.3549,27.6557,27.3609,27.4355,27.3159,27.8016,27.5099,27.1699,27.0645,27.3318,27.2628,27.4878,26.8425,27.6211,27.588,27.3842,27.1158,27.0358,27.1304,27.2796,27.423,27.439,27.1256,27.2761,27.3978,27.6401,27.6524,26.9474,27.9814,27.5423,27.5343,27.6243,27.3101,27.4733,27.4002,27.6102,27.4939,27.4112
177,1:23:15 PM,27.3014,27.1777,27.0777,27.487,27.4209,27.1248,27.115,27.3841,27.4402,27.3507,27.2613,27.3659,27.4357,27.5522,27.2938,27.4185,27.3401,27.387,27.4769,27.3077,27.4876,27.2545,27.2897,26.9939,27.1571,27.2963,27.4662,27.3036,27.262,26.9937,27.4488,27.2735,27.5752,27.6579,27.4086,27.3977,27.3167,27.7679,27.3886,27.3524,27.2299,27.6598,27.4919,27.8281,27.4747,27.3878,27.4959,27.7794,27.1913,27.0275,27.3142,27.1689,27.3084,27.126,27.296,27.5659,27.1244,27.6203,27.6571,27.6869,27.2921,27.3201,27.1595,27.4347,27.1456,27.1453,27.0864,26.8304,27.1229,27.2356,27.6129,27.3533,27.6399,27.3271,27.1044,27.0517,27.1863,27.1379,27.6058,27.2822,27.1371,27.2615,27.283,27.4059,26.9923,27.7841,27.4411,27.6278,27.6621,27.201,26.9371,27.3213,27.3579,27.3931,26.9196,27.694,27.7335,27.3463,27.1412,27.0063,27.2653,27.3576,27.2996,27.3409,26.985,27.4005,27.2676,27.5861,27.6458,26.9883,28.1086,27.5814,27.6315,27.4717,27.3938,27.4377,27.3474,27.3108,27.5932,27.2681
178,1:23:35 PM,26.9948,27.0481,27.3473,27.3579,27.2858,27.18,27.1285,27.4259,27.5031,27.4014,27.22,27.3082,27.2249,27.4364,27.2254,27.1578,27.14,27.3101,27.4554,27.192,27.3598,27.4572,27.2716,26.9859,26.896,27.2568,27.4575,27.34,27.5522,27.1712,27.4771,27.4105,27.4837,27.4954,27.455,27.538,27.5035,27.4693,27.3913,27.3203,27.2029,27.3736,27.8437,27.4465,27.309,27.2263,27.4684,27.6394,27.0717,26.9807,27.1844,27.3261,27.4332,27.3058,27.2899,27.1361,27.183,27.5072,27.4393,27.3657,27.0694,27.2414,27.2227,27.6031,27.2573,27.278,27.3328,27.0705,27.3018,27.3514,27.401,27.5483,27.452,27.3492,26.803,27.2097,27.0381,26.9623,27.478,27.146,27.107,27.3103,27.3469,27.4116,27.2054,27.527,27.3966,27.8275,27.6623,27.0896,27.1739,27.3868,27.1282,27.2053,26.7506,27.7708,27.5437,27.199,27.2387,27.1776,27.334,27.1478,27.5525,27.2402,26.9077,27.1061,27.079,27.5805,27.623,26.9745,28.0876,27.5801,27.5318,27.3733,27.2665,27.4882,27.39,27.5049,27.8028,27.4789
179,1:23:55 PM,27.1667,27.1993,27.1615,27.2882,27.3321,27.1526,27.0235,27.4186,27.3631,27.2426,27.3129,27.4209,27.6413,27.358,27.22,27.1508,27.31,27.3907,27.421,27.1373,27.446,27.3254,27.3185,26.9762,26.9636,27.2634,27.6017,27.1812,27.2497,27.1371,27.5147,27.3661,27.5552,27.6451,27.2404,27.5004,27.2207,27.5886,27.7773,27.2235,27.4553,27.4277,27.7028,27.5836,27.6051,27.4356,27.6311,27.4911,27.1955,27.208,27.5385,27.2273,27.3342,27.128,27.2825,27.4459,27.2268,27.5328,27.8537,27.4784,27.1511,27.2876,27.2015,27.6012,27.0126,27.2625,27.0711,27.0401,27.296,27.0733,27.6045,27.6876,27.6298,27.1481,27.1686,27.1212,26.9749,27.2006,27.7992,27.4823,27.1667,27.1862,27.1977,27.5444,27.244,27.532,27.5843,27.6627,27.4731,27.0845,27.228,27.3133,27.3057,27.3878,26.8977,27.5739,27.7023,27.4035,27.1663,27.0861,27.309,27.4002,27.4032,27.4522,27.1073,27.1755,27.2583,27.533,27.8148,27.0151,28.0273,27.6557,27.665,27.5794,27.3052,27.5056,27.2435,27.5636,27.5141,27.1798
180,1:24:15 PM,27.0591,27.1123,27.0306,27.4117,27.2021,27.0632,26.9233,27.44,27.5695,27.2436,27.2302,27.1871,27.3084,27.3845,27.323,27.2421,27.3685,27.4969,27.3633,27.1921,27.4063,27.4614,27.1692,27.1223,26.9724,27.3936,27.4415,27.0618,27.1661,27.1322,27.3184,27.288,27.4599,27.6723,27.3536,27.3748,27.3358,27.5433,27.3241,27.4693,27.265,27.1182,27.616,27.5961,27.4625,27.3932,27.4902,27.678,27.0265,26.9171,27.2493,27.349,27.4181,27.1113,27.3623,27.4892,26.9642,27.656,27.488,27.2264,27.1726,27.3774,27.4937,27.4195,27.0981,27.3789,27.2031,27.0109,27.2596,27.2882,27.6184,27.3654,27.3916,27.3643,27.0405,27.2666,26.9998,27.0753,27.5682,27.2261,27.2555,27.3485,27.4432,27.2323,27.1515,27.6501,27.4943,27.7499,27.5454,27.0336,27.2666,27.1853,27.5063,27.5289,26.8404,27.6418,27.7297,27.344,27.0397,26.9935,27.1757,27.3317,27.2405,27.3933,27.0807,27.296,27.0439,27.4302,27.6112,26.9109,28.0356,27.3437,27.8299,27.4092,27.4311,27.449,27.426,27.5274,27.5399,27.1854
181,1:24:35 PM,27.1912,27.1288,27.2171,27.2492,27.1807,27.1832,27.1563,27.322,27.4848,27.2226,27.5044,27.5732,27.4086,27.4795,27.4416,27.2929,27.3856,27.3527,27.3538,27.3698,27.2752,27.2864,27.1184,27.1122,26.9856,27.1758,27.5706,27.3012,27.3047,27.3436,27.1527,27.2823,27.3246,27.6143,27.481,27.3255,27.4046,27.5864,27.2593,27.445,27.2453,27.6817,27.7786,27.7012,27.5044,27.4636,27.4706,27.5629,27.0986,27.0827,27.3551,27.2262,27.3407,27.2037,27.3035,27.3553,27.1144,27.442,27.7236,27.2926,27.294,27.2768,27.2378,27.3669,27.3463,27.3788,27.1473,26.9274,27.2346,27.232,27.8296,27.6339,27.4841,27.3221,27.0817,27.0695,27.0469,26.9734,27.5567,27.4226,27.167,27.0744,27.3675,27.4394,27.1152,27.552,27.4563,27.5387,27.5472,27.1343,27.2682,27.332,27.1192,27.4024,26.9014,27.7397,27.5627,27.441,26.9981,27.1721,27.001,27.4184,27.4823,27.2573,27.1086,27.2048,27.0808,27.4008,27.7539,26.9144,28.0741,27.4499,27.5915,27.395,27.1213,27.6063,27.355,27.5531,27.4736,27.3425
182,1:24:55 PM,27.1919,27.2759,27.2149,27.1204,27.1465,27.102,27.1808,27.1975,27.4115,27.3048,27.3902,27.1459,27.3087,27.4883,27.245,27.1947,27.1725,27.4273,27.5075,27.2727,27.3466,27.5813,27.3773,26.9204,27.0961,27.2028,27.5017,27.1562,27.1396,26.9917,27.2862,27.3359,27.5017,27.6347,27.2702,27.4897,27.6153,27.4896,27.4042,27.4329,27.2093,27.3529,27.6589,27.6966,27.5981,27.3243,27.3091,27.5358,27.1595,26.8208,27.1935,27.1129,27.1887,27.1504,27.3394,27.3829,27.2339,27.4684,27.758,27.2816,27.1612,27.2802,27.2013,27.6119,27.1833,27.4019,27.3513,27.0291,27.0662,27.2812,27.5381,27.6143,27.38,27.0941,27.1396,27.2567,27.2399,27.0758,27.6288,27.293,27.218,27.2859,27.2582,27.363,27.0582,27.5445,27.5124,27.5973,27.3449,27.1504,27.1082,27.3273,27.2511,27.4576,27.1708,27.6126,27.5106,27.4945,27.1454,27.1891,27.1607,27.1183,27.4072,27.2813,27.3503,27.2211,27.1907,27.4222,27.525,26.8619,28.0883,27.4422,27.6791,27.4971,27.2082,27.5864,27.4592,27.406,27.3427,27.2993
183,1:25:15 PM,26.9963,27.1849,27.2697,27.3279,27.3735,27.1954,27.2561,27.4156,27.3769,27.3183,27.2519,27.3111,27.3309,27.5048,27.3985,27.318,27.0535,27.4291,27.2782,27.3026,27.2812,27.4079,27.1586,27.0424,27.2006,27.3708,27.4531,27.2712,27.3391,27.0817,27.3726,27.1714,27.5784,27.4531,27.4652,27.5406,27.3943,27.671,27.4177,27.363,27.2154,27.4669,27.6561,27.6786,27.5738,27.3288,27.5937,27.5499,26.9446,27.0834,27.2643,27.1587,27.4516,27.0115,27.1001,27.5289,27.104,27.3672,27.5998,27.2243,27.1508,27.2829,27.1743,27.6364,27.1137,27.2453,27.0774,27.0429,27.278,27.0365,28.0736,27.3788,27.4523,27.3239,27.398,27.0805,27.1583,27.1818,27.4782,27.1815,27.0699,27.1312,27.3936,27.5067,27.1609,27.6076,27.4766,27.7683,27.7754,27.0673,27.2957,27.3545,27.5252,27.6054,26.7935,27.5953,27.5779,27.4596,27.2918,27.0649,27.2093,27.3955,27.1944,27.1453,27.078,27.2511,27.167,27.4933,27.7139,27.1888,28.2716,27.3827,27.529,27.6314,27.3736,27.4126,27.4651,27.3601,27.5975,27.5427
184,1:25:35 PM,27.1545,27.1199,26.9867,27.1721,27.2167,27.0672,27.1313,27.51,27.5412,27.2353,27.2849,27.2135,27.5792,27.3639,27.3478,27.2405,27.422,27.2531,27.2311,27.4003,27.459,27.2189,27.1151,26.9808,27.0793,27.3,27.4076,27.2967,27.2224,27.0999,27.2808,27.3468,27.3904,27.5992,27.4418,27.4536,27.3424,27.5187,27.4845,27.3032,27.287,27.4336,27.7342,27.8908,27.4217,27.4089,27.4405,27.5957,27.1749,27.1091,27.4094,27.1996,27.1236,26.8884,27.2697,27.4617,26.8868,27.344,27.6617,27.4462,27.0162,27.2456,27.3003,27.5086,27.1141,27.2463,27.2788,26.8356,27.3903,26.9656,27.7053,27.5012,27.4601,27.3668,26.9044,26.9893,27.0475,26.7512,27.6847,27.2195,27.174,27.2352,27.1841,27.4176,27.304,27.4772,27.471,27.5988,27.5297,26.8263,27.0871,27.2126,27.3576,27.4127,26.9997,27.745,27.7391,27.4917,27.1974,27.3217,27.3233,27.3333,27.4197,27.2702,27.021,27.2936,27.3588,27.4617,27.736,27.02,27.8309,27.522,27.4991,27.6318,27.2928,27.6106,27.3531,27.6033,27.5657,27.1791
185,1:25:55 PM,27.1185,27.2279,27.13,27.494,27.2039,26.968,27.2338,27.4624,27.387,27.3054,27.4172,27.4743,27.2724,27.3197,27.2474,27.2376,27.2511,27.3919,27.4254,27.3947,27.4291,27.4931,27.426,27.0254,27.1041,27.2406,27.328,27.2163,27.2073,27.0422,27.3164,27.0585,27.4806,27.6089,27.1841,27.3321,27.4206,27.5282,27.3251,27.493,27.0873,27.3412,27.7734,27.6402,27.3175,27.3188,27.395,27.5238,27.0567,26.9147,27.2312,27.383,27.4831,27.0895,27.3427,27.4541,27.1966,27.6825,27.7303,27.3384,27.3433,27.2993,27.3732,27.6155,27.2359,27.5613,27.2825,26.9025,27.0892,27.289,27.7737,27.5655,27.4873,27.1622,26.9994,27.2642,27.0874,27.1461,27.6182,27.3238,27.3284,27.1724,27.4294,27.4077,27.3677,27.4598,27.4713,27.6389,27.5857,27.0225,27.3057,27.2646,27.3532,27.5305,26.9658,27.5801,27.6065,27.2872,27.2036,27.1648,27.2192,27.3857,27.513,27.355,27.0033,27.3077,27.338,27.5867,27.6108,26.8789,28.0332,27.3124,27.6541,27.4495,27.3251,27.5761,27.3427,27.6877,27.6827,27.0487
186,1:26:15 PM,26.8473,27.1778,27.2214,27.4951,27.2618,26.9527,27.0392,27.3544,27.3181,27.4778,27.4008,27.3175,27.165,27.7204,27.3962,27.2262,27.2185,27.368,27.2522,27.3365,27.4859,27.3361,27.1832,27.1208,26.8346,27.1794,27.6295,27.2376,27.284,27.1287,27.3073,27.2807,27.4806,27.6263,27.3787,27.4006,27.3256,27.6923,27.4979,27.3367,27.326,27.6093,27.6211,27.5519,27.3035,27.3723,27.3459,27.41,27.3185,26.86,27.4154,27.2246,27.3401,27.0558,27.233,27.2768,27.1216,27.5299,27.6586,27.1777,27.2834,27.0944,27.3467,27.6066,27.1932,27.2768,27.2451,26.9259,27.3237,27.1596,27.6691,27.6282,27.3981,27.1681,27.0386,27.1795,27.1429,27.0726,27.324,27.3084,27.1728,27.134,27.2209,27.5457,26.9185,27.474,27.7151,27.6682,27.4226,27.0333,27.2611,27.3064,27.2225,27.2169,27.0857,27.8071,27.6512,27.3544,27.1123,27.0646,27.2072,27.4525,27.3021,27.4126,27.079,27.2382,27.2639,27.3633,27.632,27.0513,28.142,27.5443,27.666,27.3287,27.2427,27.3326,27.4057,27.8331,27.3245,27.2988
187,1:26:35 PM,26.9744,26.9166,27.268,27.1603,27.0922,26.9376,27.042,27.2907,27.4258,27.4158,27.3051,27.2865,27.5069,27.3327,27.2024,27.1733,27.3535,27.4232,27.4582,27.3524,27.6357,27.4201,27.3596,27.1362,26.815,27.3313,27.6287,27.4737,27.3576,27.0824,27.3828,27.2952,27.4816,27.4716,27.2995,27.3442,27.4216,27.3739,27.3975,27.3995,27.1861,27.3173,27.6993,27.6356,27.5127,27.4557,27.5682,27.6823,27.0646,27.0859,27.3058,27.1291,27.3984,27.168,27.3018,27.4417,27.1167,27.5525,27.5847,27.0302,27.1141,27.3163,27.2762,27.7428,27.1683,27.4977,27.323,26.9412,27.18,27.1606,27.6436,27.6646,27.4845,27.1546,27.181,27.1414,27.0071,27.0938,27.4676,27.2365,27.1302,27.194,27.4353,27.3554,26.9648,27.4849,27.4228,27.616,27.2653,26.9702,27.1526,27.3872,27.1293,27.4102,26.7542,27.4694,27.657,27.4807,27.2096,27.0395,27.0838,27.3918,27.4161,27.3559,26.8898,27.213,27.1777,27.5234,27.6413,26.9831,28.1061,27.4534,27.703,27.4333,27.3882,27.4294,27.3431,27.5186,27.5667,27.2834
188,1:26:55 PM,27.0104,27.0618,27.1139,27.2816,27.3301,26.9663,27.1916,27.3851,27.4058,27.356,27.0616,27.2209,27.1824,27.3951,27.276,27.255,27.2275,27.4592,27.3952,27.4023,27.3733,27.3625,27.4049,27.04,26.7156,27.3467,27.6039,27.3077,27.1154,27.2287,27.2739,27.2206,27.4886,27.37,27.475,27.479,27.4347,27.7064,27.1399,27.3094,27.3012,27.2942,27.7046,27.6559,27.2722,27.5284,27.4018,27.3825,27.0784,26.9583,27.3104,27.3444,27.3185,27.1313,27.1649,27.3541,27.2235,27.4274,27.438,27.4516,27.1475,27.3758,27.0568,27.4152,27.2342,27.3649,27.1607,26.7994,27.3059,26.9925,27.6052,27.4625,27.3261,27.135,27.1501,27.0814,27.0357,26.9984,27.6406,27.3061,27.1038,27.2585,27.4215,27.2795,27.0766,27.5352,27.5818,27.6485,27.6026,27.2828,27.1514,27.1244,27.2498,27.5321,26.8678,27.5242,27.5558,27.3873,27.1323,27.1238,27.3508,27.2759,27.2444,27.2993,26.9604,27.331,27.3102,27.2709,27.8451,27.0663,27.9432,27.4003,27.4891,27.3114,27.36,27.4106,27.4748,27.357,27.4273,27.1644
189,1:27:15 PM,27.194,27.2481,27.0423,27.3029,27.2943,26.9737,27.1655,27.3338,27.5548,27.2288,27.4427,27.2439,27.4417,27.3092,27.2445,27.2206,27.2493,27.3366,27.3275,27.2126,27.4238,27.3997,27.0553,27.1396,27.1224,27.2798,27.6273,27.162,27.1811,27.1389,27.2152,27.2972,27.6484,27.3319,27.3687,27.5624,27.3032,27.629,27.5089,27.3395,27.0634,27.2406,27.5445,27.5962,27.3887,27.6125,27.7887,27.6768,27.0259,27.0005,27.2801,27.2097,27.3275,27.0124,27.2437,27.3146,27.1952,27.5279,27.5981,27.245,27.0622,27.318,27.2919,27.5622,27.25,27.3455,27.1033,27.0122,27.3032,27.2197,27.6841,27.6509,27.487,27.2751,26.9151,27.161,27.1018,27.1812,27.6047,27.2693,27.117,27.1846,27.3488,27.2743,27.1561,27.6386,27.8518,27.7387,27.3089,26.9179,27.1959,27.2792,27.2859,27.4221,26.9208,27.6493,27.5394,27.3072,27.0684,26.9626,27.1942,27.2934,27.4242,27.4606,26.9686,26.948,27.1648,27.2393,27.6708,26.917,28.1147,27.56,27.6426,27.3721,27.403,27.5796,27.3292,27.442,27.5295,27.1896
190,1:27:35 PM,26.9689,27.2252,27.0449,27.3989,27.2546,27.1411,27.1345,27.3952,27.3757,27.2339,27.2923,27.2285,27.3592,27.5841,27.1164,27.3122,27.1715,27.2893,27.4154,27.1683,27.5361,27.6031,27.2712,26.915,26.9775,27.2455,27.5695,27.2707,27.3273,27.1674,27.3352,27.4095,27.5567,27.672,27.4773,27.4728,27.4022,27.4974,27.2913,27.4867,27.2426,27.4474,27.7013,27.4663,27.4718,27.4494,27.3623,27.663,27.0637,26.9866,27.3395,27.3012,27.2413,26.9961,27.2982,27.5647,27.1638,27.5717,27.4545,27.1508,27.4121,27.421,27.4013,27.6813,26.9735,27.2752,27.1054,26.8569,27.1969,27.0772,27.8775,27.5476,27.4711,27.16,26.8746,27.135,27.094,27.093,27.5721,27.1893,27.1831,27.1746,27.2984,27.3274,27.2366,27.63,27.5041,27.6894,27.4115,26.892,27.3172,27.5029,27.3548,27.2691,26.902,27.6556,27.5338,27.3609,27.0354,27.0319,27.0485,27.4349,27.3312,27.0986,27.1318,27.2159,27.1042,27.5428,27.3739,26.9988,27.9493,27.434,27.5959,27.4134,27.1624,27.302,27.3943,27.2828,27.3939,27.0648
191,1:27:55 PM,27.2599,27.165,27.1935,27.206,27.2952,27.1485,27.112,27.4403,27.4715,27.2223,27.3274,27.334,27.2863,27.3809,27.2785,27.1715,27.3271,27.4418,27.2744,27.398,27.5879,27.247,27.0535,27.0767,27.0452,27.4629,27.5211,27.4126,27.3515,27.1825,27.3054,27.2309,27.4242,27.7636,27.3536,27.3369,27.3346,27.4412,27.3275,27.262,27.173,27.485,27.604,27.7031,27.3361,27.368,27.5963,27.5754,26.9336,26.8835,27.4534,27.2007,27.3102,26.9683,27.1194,27.4715,27.0724,27.476,27.6329,27.307,27.2095,27.2407,27.2237,27.4046,27.1255,27.397,26.9232,26.9593,27.1744,27.0773,27.6066,27.516,27.4711,27.2878,26.939,27.2004,27.1555,26.8512,27.7578,27.2837,27.2045,27.3273,27.4191,27.5618,27.0286,27.5093,27.5448,27.5294,27.4959,27.0639,27.2351,27.1207,27.1878,27.3036,26.9077,27.5651,27.6478,27.2988,26.9684,26.9316,27.3181,27.4242,27.3036,27.3201,27.083,27.2692,27.1046,27.3754,27.6546,26.9897,27.9869,27.5,27.6882,27.5428,27.2576,27.5099,27.2893,27.338,27.4507,27.2231
192,1:28:15 PM,27.0877,27.1911,26.9766,27.1623,27.0872,27.0786,27.1291,27.5118,27.4579,27.3675,27.2708,27.4315,27.3578,27.2616,27.2967,27.0686,27.1651,27.3459,27.3416,27.1319,27.4784,27.3308,27.2244,27.023,26.9537,27.3314,27.3846,27.2085,27.1368,27.2432,27.3563,27.2083,27.4417,27.5865,27.1631,27.2399,27.6081,27.6695,27.3318,27.2359,27.1738,27.4457,27.6145,27.696,27.4973,27.3709,27.5218,27.5614,26.9398,26.9033,27.3581,27.29,27.1655,26.8557,27.1902,27.5476,27.119,27.466,27.5139,27.3372,27.2895,27.1925,27.1624,27.5385,27.249,27.397,27.1141,26.9331,27.1161,27.1889,27.6793,27.6801,27.6126,27.1931,27.0204,27.1033,27.0397,26.9621,27.3804,27.0861,26.9818,27.29,27.5239,27.4241,27.0865,27.2645,27.5612,27.7225,27.3849,27.0202,27.0167,27.2052,27.1948,27.191,26.8694,27.3405,27.5945,27.3821,27.1187,27.2282,27.2759,27.1896,27.3618,27.3132,27.1068,27.1484,27.1547,27.507,27.5922,26.9194,27.951,27.5293,27.6033,27.3475,27.2949,27.4984,27.3442,27.5402,27.6255,27.1672
193,1:28:35 PM,26.9211,27.2271,27.1457,27.1433,27.2468,27.0218,27.1811,27.2727,27.5504,27.2921,27.2991,27.3813,27.2281,27.5535,27.032,27.0499,27.2533,27.4034,27.4606,27.1408,27.366,27.2128,27.1082,26.9738,26.8137,27.0387,27.624,27.3119,27.187,27.1211,27.4391,27.2672,27.5571,27.6017,27.3346,27.4575,27.4009,27.617,27.4136,27.2415,27.2444,27.2854,27.6177,27.4542,27.1755,27.5313,27.2448,27.5948,27.0724,26.9502,27.2299,27.2791,27.361,27.0497,27.319,27.2842,26.9574,27.5154,27.517,27.3154,27.237,27.2852,27.236,27.5971,27.3376,27.2771,27.1238,27.0968,27.2417,27.0867,27.5725,27.5826,27.4514,27.2731,27.1382,27.1673,26.9842,27.0602,27.5201,27.3694,27.0777,27.0441,27.3699,27.2633,27.2421,27.4468,27.5674,27.7905,27.4469,27.3183,27.146,27.2205,27.113,27.4483,26.8433,27.3923,27.6785,27.4987,26.9766,27.0508,27.0434,27.2874,27.461,27.2519,27.3225,27.3366,27.2442,27.4046,27.755,26.8387,28.0213,27.6383,27.4176,27.5564,27.2491,27.3643,27.251,27.3722,27.47,27.0454
194,1:28:55 PM,27.0649,27.393,27.1278,27.3631,27.0877,27.0029,27.2174,27.2243,27.5926,27.1927,27.4463,27.3031,27.3691,27.4336,27.1963,27.1841,27.3923,27.36,27.2761,27.1369,27.5402,27.3854,27.1782,26.9894,27.0708,27.305,27.6836,27.1954,27.0061,27.1505,27.2635,27.2761,27.6022,27.4363,27.3683,27.4793,27.5733,27.5677,27.4152,27.5126,27.0292,27.3911,27.5221,27.6504,27.3604,27.5039,27.5363,27.5151,26.9595,26.7819,27.5204,27.0849,27.3253,27.0466,27.2545,27.3648,26.9725,27.6977,27.6192,27.1972,27.2188,27.3151,27.0306,27.4262,27.1227,27.1166,27.239,26.7661,27.1493,27.0599,27.8006,27.5067,27.535,27.1599,26.8681,27.3814,27.0455,27.1516,27.3437,27.2804,27.1835,27.1174,27.2919,27.3,27.1523,27.4154,27.4849,27.674,27.5502,27.1429,27.1642,27.3138,27.1685,27.3445,26.9468,27.6285,27.5062,27.307,27.1628,26.9251,27.0992,27.4197,27.3665,27.2385,27.0068,27.2505,27.027,27.355,27.7777,26.8095,27.8853,27.5703,27.6845,27.4743,27.2277,27.5118,27.5493,27.5264,27.2605,27.4562
195,1:29:15 PM,27.103,27.3879,27.2227,27.0253,27.2532,27.0061,27.0745,27.5372,27.3558,27.3922,27.3204,27.3063,27.3507,27.1664,27.2578,27.275,27.2545,27.47,27.3665,27.2584,27.4965,27.3418,27.3299,27.0133,26.9761,27.1922,27.4732,27.2091,27.1602,27.2089,27.3978,27.1796,27.5393,27.4235,27.3573,27.5239,27.462,27.4925,27.3297,27.4016,27.1341,27.5599,27.5622,27.7432,27.4463,27.5083,27.6392,27.3823,27.0575,26.9005,27.2335,27.2615,27.5063,27.0112,27.0439,27.4563,26.884,27.4671,27.5378,27.2826,27.1659,27.4046,27.054,27.2687,27.2337,27.2671,27.2355,26.7646,27.1154,26.875,27.5197,27.5522,27.2745,27.1491,27.1534,27.2898,27.0945,26.8794,27.5401,27.2871,27.1839,27.3703,27.4645,27.3829,27.0993,27.4213,27.4503,27.5962,27.439,27.0798,27.1169,27.3252,27.1811,27.4293,26.744,27.6596,27.552,27.1911,27.1693,27.2306,27.4464,27.3014,27.3239,27.2806,27.027,27.2209,27.1507,27.4564,27.6004,27.0221,27.9326,27.4744,27.5343,27.3349,27.1665,27.5287,27.0849,27.651,27.3376,27.1755
196,1:29:35 PM,27.1465,27.2453,27.0089,27.1135,26.9828,27.2164,27.0835,27.4088,27.3514,27.3264,27.2779,27.3105,27.2356,27.3344,27.2092,27.3873,27.2769,27.4386,27.3426,27.1862,27.4648,27.4609,27.1102,26.9009,26.8692,27.3426,27.5757,27.1877,27.2792,27.0185,27.3697,27.231,27.3634,27.5612,27.3362,27.3597,27.2711,27.308,27.3304,27.2735,27.1046,27.4702,27.4257,27.5337,27.3004,27.452,27.6815,27.4408,26.9667,26.8195,27.4269,27.3362,27.2135,27.179,27.1014,27.2929,27.1765,27.5099,27.4805,27.3176,27.1633,27.1529,27.2593,27.4779,27.0383,27.4396,27.351,26.7718,27.4072,27.246,27.7211,27.5888,27.5455,27.1519,26.9967,27.0551,27.0567,26.8424,27.5229,27.3313,27.0583,27.4059,27.3518,27.1986,27.1431,27.3023,27.516,27.9081,27.5251,26.9153,27.1283,27.289,27.3106,27.3237,26.9335,27.4819,27.4221,27.4954,26.9731,27.1499,27.0925,27.1935,27.4178,27.4198,26.9853,27.203,26.8886,27.3435,27.6316,26.7991,28.1029,27.5001,27.6269,27.4927,27.1766,27.278,27.3816,27.4114,27.5857,27.3031
197,1:29:55 PM,27.3431,27.2324,27.0756,27.272,27.2166,27.1181,27.2256,27.2665,27.6923,27.2854,27.2431,27.2029,27.2145,27.346,27.2481,27.2236,27.3189,27.3475,27.2607,27.2897,27.5235,27.3921,27.3175,27.1456,26.9938,27.3135,27.6408,27.4412,27.2778,27.1201,27.238,27.2566,27.5501,27.5238,27.2639,27.4319,27.2326,27.5978,27.3106,27.3277,27.2322,27.4822,27.5886,27.7126,27.2808,27.2586,27.5455,27.5298,27.0806,26.774,27.0141,27.3614,27.2881,27.1318,27.4102,27.4833,27.0084,27.5378,27.5239,27.11,27.2464,27.149,27.2099,27.5163,27.1884,27.3831,27.1687,26.9033,27.3873,27.3411,27.8227,27.6205,27.5105,27.192,27.0042,27.1451,27.029,27.1158,27.5213,27.2746,27.0004,27.1674,27.3348,27.313,27.0779,27.5553,27.5413,27.5252,27.4832,26.9778,27.0982,27.145,27.2489,27.4984,26.7897,27.6762,27.4584,27.4046,27.0528,27.0747,26.9916,27.5101,27.3131,27.3687,26.9292,27.2629,27.0904,27.4541,27.4426,27.0072,27.9488,27.3867,27.5197,27.4718,27.4321,27.4798,27.3613,27.2857,27.5431,27.2857
198,1:30:15 PM,27.1854,27.1446,27.1098,27.2296,27.0732,27.0107,27.2616,27.3993,27.2445,27.4232,27.3605,27.2537,27.4028,27.5274,27.2945,27.3686,27.3266,27.4299,27.3554,27.335,27.4808,27.3966,27.2859,27.1321,26.7379,27.2516,27.5725,27.2522,27.174,27.0064,27.3275,27.2471,27.5327,27.6918,27.2341,27.435,27.5337,27.3629,27.3593,27.2098,27.2504,27.3708,27.7306,27.6103,27.38,27.5344,27.5857,27.4907,26.992,26.8105,27.1767,27.3756,27.1262,26.9768,27.0638,27.4381,27.3474,27.511,27.4039,27.2349,27.1954,27.3193,27.3418,27.3029,26.9871,27.3438,27.4023,26.8348,27.1611,27.1348,27.7045,27.5103,27.4053,27.0581,27.1469,27.1435,26.8953,26.9028,27.5704,27.1708,27.0924,27.2317,27.2519,27.396,27.0131,27.6887,27.4495,27.6693,27.3769,27.1887,27.1342,27.2692,27.2022,27.3277,26.9215,27.5599,27.7075,27.2051,26.9467,27.1023,27.2224,27.3278,27.4176,27.1307,26.8433,26.9488,27.1981,27.5771,27.4686,27.03,28.0266,27.5352,27.4516,27.4757,26.901,27.6142,27.2331,27.5752,27.3654,27.1602
199,1:30:35 PM,26.9679,27.2886,27.0266,27.056,27.3343,26.9511,27.1348,27.5015,27.3452,27.363,27.3643,27.409,27.3489,27.4068,27.5187,27.2114,27.0824,27.3526,27.3511,27.2787,27.3391,27.2981,27.1889,26.8828,27.038,27.1217,27.4691,27.0815,27.1684,26.9197,27.2503,27.1765,27.4869,27.6258,27.1032,27.3419,27.5604,27.4814,27.345,27.2685,27.2086,27.2886,27.5586,27.7143,27.3233,27.4928,27.6293,27.5329,27.1043,26.7929,27.3027,27.2903,27.3068,26.9666,27.2069,27.4556,27.1234,27.2658,27.5181,27.2526,27.079,27.3622,27.2829,27.5714,27.0224,27.3273,27.1036,27.0672,27.1413,27.0715,27.8114,27.5919,27.4929,27.2809,26.8616,26.9705,27.0642,26.9758,27.5936,27.1481,27.1318,27.2305,27.1801,27.1418,27.1365,27.3776,27.511,27.6529,27.3941,27.153,27.1625,27.1863,27.1865,27.3985,26.9306,27.5448,27.623,27.3579,27.1904,27.0727,27.3061,27.2897,27.413,27.1102,26.9185,27.2691,27.0817,27.4871,27.6231,26.8108,28.2567,27.4532,27.55,27.4258,27.2334,27.4026,27.4783,27.3455,27.522,27.1464
200,1:30:55 PM,26.8983,27.4538,27.0047,27.3046,26.9841,27.2362,27.1724,27.1161,27.4702,27.2267,27.1495,27.3009,27.2186,27.3508,27.1422,27.2907,27.2568,27.5489,27.4414,27.0206,27.45,27.3708,27.3015,26.9399,26.9857,27.3437,27.4531,27.3024,26.9389,27.2367,27.2374,27.2816,27.6512,27.6073,27.3342,27.4409,27.4735,27.5542,27.3418,27.3039,27.2651,27.3209,27.6388,27.5747,27.4948,27.4001,27.3958,27.5979,26.7819,26.9943,27.1719,27.3324,27.1927,26.925,27.1768,27.224,27.1125,27.5961,27.4686,27.3703,27.3873,27.3967,27.1597,27.3954,27.2021,27.198,27.1704,26.8271,27.1121,27.1114,27.681,27.5282,27.5077,27.1795,27.061,27.1692,27.0354,27.0834,27.4007,27.2413,27.1279,27.1164,27.313,27.2596,27.0393,27.3698,27.421,27.8137,27.4019,27.0853,27.1344,27.3381,27.3382,27.2953,26.6154,27.6188,27.7199,27.3322,27.0015,27.0062,27.1797,27.3512,27.4216,27.103,27.0063,27.1009,27.2698,27.3606,27.6677,26.7355,28.0633,27.5001,27.4996,27.2612,27.2727,27.2981,27.2521,27.3138,27.3758,27.1361
201,1:31:15 PM,27.1616,27.196,27.0245,27.2193,27.0937,27.0346,27.125,27.6509,27.3757,27.0604,27.3517,27.5207,27.2496,27.4414,27.3873,27.3446,27.1357,27.2735,27.3723,27.2889,27.5064,27.3209,27.2203,26.8869,26.7268,27.2989,27.5754,27.0818,27.1197,27.2001,27.3681,27.3989,27.474,27.6365,27.271,27.4885,27.481,27.4492,27.4825,27.4901,27.3008,27.4134,27.6105,27.5964,27.3259,27.5631,27.4563,27.638,26.9069,27.0208,27.2979,27.1668,27.3021,26.9934,26.9814,27.1787,27.2015,27.4308,27.4573,27.1051,27.2208,27.3594,27.1347,27.3571,27.2608,27.4495,27.123,26.8968,27.273,27.0798,27.8178,27.4982,27.6639,27.2094,26.9805,26.9831,27.0163,26.9962,27.6732,27.2304,27.135,27.2539,27.0027,27.4347,27.159,27.4709,27.3964,27.7141,27.4747,26.8939,27.2217,27.2821,27.1911,27.3442,26.7518,27.7045,27.6365,27.312,27.0296,26.7407,26.9884,27.344,27.3938,27.3382,27.0227,27.1967,27.3229,27.4339,27.7255,26.96,28.191,27.4835,27.7108,27.2167,27.0908,27.4682,27.4275,27.2069,27.503,27.1895
202,1:31:35 PM,26.9897,27.1239,27.3055,27.4773,27.2703,26.8219,27.2331,27.174,27.4021,27.3646,27.2124,27.2979,27.3651,27.4213,27.1968,27.1972,27.1398,27.1277,27.3823,26.9714,27.4415,27.4268,27.3243,27.0099,26.8861,27.3497,27.6404,27.3718,27.3606,26.9931,27.4173,27.2699,27.4703,27.5831,27.3107,27.3035,27.4545,27.5105,27.2542,27.2276,27.1523,27.3523,27.5612,27.5212,27.3766,27.4162,27.6673,27.6143,26.9931,26.7615,27.373,27.1373,27.2705,26.8606,27.4037,27.3386,27.0607,27.6281,27.4198,27.2964,27.1682,27.2591,27.1365,27.4919,27.2331,27.498,27.1192,26.9779,27.3307,27.1616,27.5893,27.629,27.6091,27.0716,26.8062,26.9477,27.0997,26.818,27.5496,27.0862,26.9108,27.0602,27.3079,27.3611,26.858,27.657,27.378,27.5974,27.5194,26.9075,27.2334,27.3151,27.0607,27.4009,26.9084,27.5344,27.674,27.3669,26.963,26.7806,27.034,27.2743,27.4608,27.1104,26.9618,27.2063,27.0825,27.3915,27.779,26.9122,27.9641,27.4885,27.7479,27.22,27.2417,27.3428,27.1998,27.3509,27.4221,27.0075
203,1:31:55 PM,27.1064,27.3224,27.0586,27.108,27.2413,27.1195,27.1716,27.46,27.4253,27.3731,27.1382,27.3331,27.2867,27.2669,27.2228,27.2013,27.3107,27.389,27.3574,27.1683,27.1626,27.4158,27.241,26.8616,26.9521,27.2478,27.4284,27.1195,27.1541,27.1255,27.2294,27.2522,27.6562,27.4231,27.2592,27.4236,27.4437,27.4613,27.4631,27.2936,27.1096,27.3557,27.6265,27.6561,27.3035,27.2579,27.5046,27.5728,27.0734,27.0208,27.2966,27.1403,27.2781,26.9506,27.1734,27.3203,27.2282,27.4057,27.4497,27.0864,27.294,27.4386,27.2979,27.3594,27.127,27.3244,27.1846,26.8206,26.9971,27.0087,27.651,27.283,27.5366,27.0895,27.2868,27.1335,27.1808,27.0153,27.7879,27.226,27.0026,27.2729,27.4143,27.3697,27.1113,27.5793,27.5159,27.5978,27.4084,27.0135,27.0849,27.15,27.2796,27.396,26.8362,27.5238,27.651,27.2059,26.9676,26.9684,27.2287,27.3355,27.4118,27.1648,26.9741,27.1956,27.0787,27.3834,27.7192,26.8343,27.874,27.503,27.4728,27.3537,27.1958,27.4932,27.3269,27.4108,27.6375,27.1873
204,1:32:15 PM,27.1054,27.3076,26.8573,27.0786,27.1064,27.0925,27.2839,27.1736,27.4733,27.2158,27.371,27.2692,27.4015,27.4499,27.023,27.1526,27.1886,27.4985,27.3703,27.2123,27.5365,27.2462,27.1399,27.0665,26.9589,27.3549,27.5145,27.2178,27.2986,26.8266,27.3028,27.2054,27.5264,27.4434,27.4027,27.6281,27.2406,27.3781,27.3898,27.3291,27.4018,27.4441,27.5282,27.4809,27.2778,27.4323,27.4594,27.613,26.9224,26.9475,27.491,27.1669,27.333,26.9621,27.2341,27.2897,27.1143,27.4746,27.6226,27.3185,27.3239,27.1614,27.3231,27.1641,27.1452,27.4937,27.3361,26.7886,27.1726,27.0525,27.7257,27.6354,27.377,27.3091,26.8735,27.0075,27.0332,26.9533,27.3501,27.2538,27.1786,27.3647,27.2154,27.5071,26.9893,27.4071,27.5838,27.6725,27.5155,26.995,27.2656,27.1863,27.3436,27.1483,26.7749,27.751,27.456,27.4901,27.1992,26.9873,27.3891,27.2422,27.5291,27.3715,26.9494,27.354,27.1767,27.3978,27.3983,26.9809,27.8894,27.4936,27.5502,27.3956,27.193,27.5591,27.3379,27.6297,27.3582,27.2213
205,1:32:35 PM,27.1369,27.0199,26.7692,27.361,27.3377,26.9725,26.9475,27.3633,27.6972,27.0975,27.3511,27.4715,27.1815,27.4809,27.2112,27.2752,27.3222,27.4504,27.3819,27.2245,27.5322,27.1753,26.9961,26.8881,26.936,27.2537,27.33,27.1528,27.1291,27.0505,27.3505,27.3425,27.5173,27.5284,27.3703,27.3305,27.2968,27.5633,27.3243,27.485,27.2552,27.3031,27.3977,27.5173,27.2524,27.4656,27.5799,27.5506,27.1764,27.0904,27.2377,26.9618,27.1101,26.9879,27.1485,27.153,26.8792,27.5735,27.4126,27.0637,27.0963,27.469,27.1344,27.3956,27.2262,27.2209,27.0753,26.9029,27.05,27.0909,27.6381,27.4219,27.4394,27.2165,27.0188,26.8493,26.8336,26.9303,27.4925,27.2649,27.2192,27.2358,27.1393,26.9958,27.173,27.2474,27.352,27.4511,27.2435,26.9677,26.9635,27.3005,27.1827,27.3401,26.6429,27.4813,27.6909,27.1385,27.1466,26.8966,27.0624,27.2795,27.2941,27.1806,26.9674,27.2637,27.0498,27.3513,27.65,26.8609,27.8085,27.2911,27.4379,27.5657,27.1309,27.2381,27.3611,27.3277,27.5603,27.2337
206,1:32:55 PM,26.7591,26.7752,26.8721,27.1282,27.0348,27.123,27.1819,27.2926,27.3513,27.2109,27.2751,27.3846,27.3116,27.3593,26.9262,27.1704,27.1589,27.2959,27.0997,27.1444,27.2775,27.2646,27.1856,26.7803,26.6791,26.9484,27.1203,26.7282,26.685,26.8393,27.2193,27.2907,27.712,27.5744,27.2525,27.305,27.3348,27.2866,27.1837,27.1513,27.2886,27.4034,27.4364,27.6925,27.356,27.4126,27.4541,27.4435,26.7773,27.0277,26.9337,26.5091,27.0573,26.6683,27.2503,26.8458,26.9238,27.5661,27.5953,27.1983,27.2456,27.154,27.152,27.48,27.0113,27.4593,26.9404,26.7786,27.2102,27.2691,27.2898,27.5248,27.6033,27.0572,27.0469,26.6207,26.6721,26.9402,27.1364,27.0674,27.0699,27.1645,26.7113,26.8172,26.8627,26.9088,27.0774,27.631,27.2595,26.9278,26.6155,27.0767,27.1756,27.3622,26.8232,27.2698,27.3382,27.343,27.0269,26.9735,27.1819,27.169,27.119,27.2195,26.8416,27.0888,27.0012,27.1576,27.5314,26.6464,27.6006,27.1339,27.3594,27.3811,27.172,26.8177,27.361,27.1475,27.3493,27.358
207,1:33:15 PM,26.5664,26.8487,26.7982,27.0121,27.1363,26.9922,27.002,27.3286,27.4218,26.965,27.1604,27.1655,27.3107,27.1403,27.0633,27.1704,27.2464,27.1249,27.0971,26.9713,27.5161,27.3592,27.23,26.6546,26.8903,26.6924,27.1659,26.6799,26.7462,26.9662,27.2318,27.0373,27.4682,27.4093,27.0785,27.2571,27.2327,27.4008,27.3251,27.1984,26.972,27.311,27.3674,27.4073,27.1494,27.4947,27.3755,27.2928,27.0504,26.8176,26.6746,26.6489,26.9442,26.6884,27.0756,26.81,26.6221,27.6346,27.4698,27.0874,27.1805,27.2982,26.981,27.2233,27.117,27.3235,27.2564,26.8353,27.2498,27.109,27.1921,27.2918,27.3005,27.3223,26.9499,26.6602,26.5918,26.8213,26.9906,27.0186,27.1195,26.911,26.8681,26.5301,26.8148,26.9237,26.6616,27.1314,27.0807,26.8429,26.4469,26.9512,26.8852,27.1445,26.7112,27.0963,27.3884,27.205,26.839,26.871,26.9977,27.0668,27.0483,27.029,26.6882,26.9662,27.0338,26.9905,27.3104,26.788,27.1901,26.7226,27.5164,27.227,27.1325,26.3914,27.1621,27.4737,27.474,27.313
208,1:33:35 PM,26.0517,26.653,26.4985,26.9306,27.1698,27.0053,27.0245,27.2468,27.2698,27.0987,26.8933,27.1287,27.0389,27.2162,26.9776,27.0654,26.9505,27.1838,27.2474,26.7341,27.4362,27.0702,27.2087,26.5913,26.6004,26.3905,26.5234,26.3328,26.4394,26.8586,27.2517,27.1737,27.4938,27.5279,27.2252,27.139,27.2356,27.3066,27.0931,27.1115,27.1948,27.1941,27.3456,27.527,27.0123,27.3329,27.4867,27.5353,26.9707,26.63,26.4786,26.1584,26.6179,26.5582,27.1813,25.9734,26.4008,27.5323,27.481,26.9036,27.1023,26.9836,27.0485,27.3677,26.9817,27.3498,26.8229,26.897,27.4596,26.8842,26.1792,27.0606,27.1855,27.0408,26.6539,26.2545,26.2237,26.818,26.8331,27.0534,27.0644,26.4996,26.6936,26.3964,26.7483,26.1572,26.4329,26.4878,27.0598,26.6265,25.595,26.4811,26.5427,27.015,26.5532,26.5075,26.7374,27.0595,26.9121,26.5403,26.9332,27.0238,27.171,27.0095,26.7943,26.3958,27.024,27.0105,27.3272,26.6912,26.5856,26.7892,27.2943,27.3914,27.153,26.2403,26.8702,27.1818,27.4207,27.0674
209,1:33:55 PM,26.1283,26.0949,26.0825,26.3879,26.8669,26.6673,26.5939,27.333,27.0654,27.1367,26.6896,26.6181,27.0782,26.9621,26.9296,26.9191,26.951,27.1727,27.4422,26.5831,27.2363,26.7848,27.0686,26.268,26.5427,26.022,26.5381,25.9691,26.2577,26.9556,26.8802,27.1244,27.2887,27.0648,26.9357,26.8033,27.1127,27.034,26.931,26.9446,26.9621,27.2781,27.1533,27.4352,27.2283,27.2171,27.401,27.5223,26.6936,26.5912,26.282,25.8253,26.5351,26.3622,27.1234,25.942,26.6749,27.3551,27.2454,26.8659,26.939,26.9815,26.9196,27.3209,26.8726,27.1753,26.9368,26.7219,27.074,26.9153,26.2958,26.8211,27.0043,26.7977,26.8368,26.1756,26.0853,26.6503,26.7563,26.9983,26.7394,26.521,26.5042,26.1933,26.8215,25.8683,26.3465,26.7012,26.7192,26.7699,25.581,26.4624,26.2353,26.7837,26.8484,26.1948,26.3687,26.9238,26.7499,26.5691,26.539,26.7293,26.7101,26.8491,26.71,26.479,26.8944,26.6542,27.577,26.649,26.0138,26.7138,27.1068,26.9541,27.0075,25.5285,26.7785,26.2322,26.9222,26.9495
210,1:34:15 PM,25.5722,25.7836,25.7965,26.3098,26.9014,26.6586,26.8647,27.1446,26.914,26.9721,26.6586,26.5749,26.784,26.884,26.6927,26.928,27.0591,27.019,27.2574,26.7445,26.9854,27.2395,26.9887,26.336,26.4776,25.5916,26.0304,25.6357,26.0235,26.85,26.6516,26.5446,27.0198,26.836,27.1698,26.8654,26.9036,26.9566,26.5643,26.626,26.7725,26.8898,27.2503,27.3883,27.046,27.0197,27.2374,27.3821,26.805,26.6284,25.7763,25.467,26.2927,26.095,26.8592,25.4524,26.4107,27.175,27.3452,26.788,26.7309,26.8757,26.6864,26.9553,26.9691,26.8122,26.6672,26.5585,26.9667,27.0505,25.9104,26.8164,26.7055,26.9757,26.7928,25.6843,26.0126,26.4067,26.6407,26.989,26.7986,26.0331,25.5895,25.3888,26.8152,25.8141,26.282,26.6189,27.0263,26.7108,25.4093,26.0625,26.2091,26.6723,26.643,26.1671,26.2698,26.6247,26.5265,26.079,26.359,26.9154,26.7703,26.9719,26.6951,26.4092,26.502,26.389,27.1722,26.5802,26.075,26.1023,26.9112,26.9237,26.6723,25.4562,26.4736,26.4033,26.8367,26.6736
211,1:34:35 PM,25.3673,25.3954,25.4889,26.4045,26.9774,26.3313,26.8351,26.8828,26.9565,26.9663,26.2897,26.6507,26.1913,26.2993,26.6032,26.8765,26.6819,27.0051,26.8161,26.6894,26.8724,26.899,26.9734,26.0221,26.4142,25.4235,25.8602,25.5492,25.891,26.6532,26.5783,26.6358,27.1642,26.6901,27.0789,26.423,26.7575,26.4077,26.6314,26.3979,26.5554,26.6766,27.1011,27.2521,27.0663,27.0763,27.039,27.363,26.7173,26.5706,25.6335,25.169,26.0258,25.8662,26.7591,25.0683,26.4283,26.6591,27.0109,26.7914,26.6656,26.7603,26.7808,26.9287,26.7183,26.7962,26.2567,26.4587,26.809,26.8994,25.9009,26.5881,26.4092,26.7848,26.5445,25.4167,25.6535,26.3013,26.5656,26.8413,26.7215,26.0177,25.933,25.3677,26.7073,25.4074,25.6795,26.1528,26.8295,26.4735,24.9276,25.8705,26.2582,26.3844,26.6164,25.6576,26.1501,26.2873,26.1608,26.4742,26.3647,26.5109,26.641,26.7285,26.4568,26.0396,26.4053,26.086,27.254,26.5883,25.8363,25.5703,26.762,26.7364,26.5329,25.0683,26.1967,26.3322,26.6428,26.3932
212,1:34:55 PM,25.1078,25.2348,25.2901,26.309,26.8346,26.0784,25.9354,26.7569,26.9904,26.7328,25.8914,26.013,25.9985,26.2984,26.7074,26.6538,26.6337,26.8377,26.9137,26.4853,26.5512,26.4946,26.9093,26.0802,26.2675,25.3048,25.3389,25.1324,25.7719,26.6035,26.3823,26.623,26.7694,26.7418,26.9288,26.255,26.6794,26.2565,26.2982,26.313,26.7293,26.4226,26.3922,27.2929,27.1222,27.1461,27.0313,27.1203,26.6241,26.3671,25.4637,25.1832,25.9965,26.0025,26.7602,24.9166,26.1199,27.003,27.1278,26.5187,26.1444,26.582,26.5419,26.5282,26.6997,26.6362,26.2508,26.0345,26.8803,26.9105,25.4062,26.4954,25.8886,26.8338,26.508,25.3626,25.4595,26.0764,26.5194,26.7412,26.5052,25.641,25.3272,25.3391,26.6851,25.0896,25.7299,26.0921,26.1779,26.3306,24.8968,25.74,25.8403,26.139,26.4535,25.6828,25.9881,26.2456,25.8058,25.9977,26.104,26.4213,26.0108,25.9991,26.4082,25.3226,26.1599,26.3875,26.774,26.3925,25.4388,25.6273,26.5055,26.6316,26.38,24.7126,26.0844,26.1014,26.2475,26.2844
213,1:35:15 PM,24.8879,25.1166,25.054,25.9411,26.6657,26.0087,25.8269,26.6405,26.9471,26.9911,25.6524,26.1269,26.0341,25.9354,26.6279,26.4234,26.7017,26.9291,26.7222,26.3469,25.9643,26.2045,26.7682,25.9044,26.1523,25.2114,25.4458,24.901,24.9933,26.6781,26.2935,26.2958,26.6999,26.1046,26.896,26.1742,26.6069,26.1406,26.0516,26.2479,26.4729,26.1843,26.4642,26.9934,26.8495,26.9619,27.0985,27.0963,26.3185,26.4829,25.1134,24.7019,25.5671,25.682,26.6692,24.7889,26.0817,26.7908,26.9637,26.4618,26.1269,26.5227,26.3871,26.3609,26.5084,26.4166,25.9366,26.1087,26.5958,26.6433,25.2581,26.1284,26.1886,26.6846,26.3884,25.0571,25.2959,26.0451,25.8334,26.4645,26.5739,25.244,24.8881,24.6535,26.4113,24.527,25.3289,25.8313,25.5624,25.8954,24.6729,25.6006,26.0311,26.2935,26.3578,25.532,25.9578,26.2025,25.6777,25.5449,25.9567,26.396,26.0546,26.1287,26.0465,25.5805,26.1435,25.6153,26.7867,26.3866,25.222,24.9206,26.4116,26.3701,26.1676,24.2409,25.4937,25.9735,26.075,26.2253
214,1:35:35 PM,24.593,24.8378,24.8303,25.5398,26.4678,25.9499,25.8117,26.6327,26.7171,26.6532,25.4736,25.9099,25.6272,25.6364,26.3095,26.5296,26.3257,26.4673,26.6029,26.1032,26.2634,25.9383,26.5688,25.5311,25.9857,24.7326,24.9632,24.5882,25.0536,26.5142,26.6479,26.2172,26.3926,26.254,26.6652,26.1039,26.2673,25.9276,25.7992,25.8819,26.4541,26.3652,26.4899,26.8788,26.4988,26.8741,26.7693,26.9313,26.4351,26.1954,25.0535,24.5094,25.5804,25.3351,26.6121,24.3744,25.4016,26.5286,26.6426,26.5119,25.8531,26.2158,26.1195,26.0629,26.5899,26.2354,25.5861,25.9143,26.2745,26.4773,25.0125,25.816,25.8822,26.3879,26.0894,24.6052,24.9137,25.7311,26.029,26.3664,26.5925,25.1317,24.6709,24.7306,26.3573,24.3468,24.9463,25.8502,25.8567,26.051,24.4759,25.1397,25.6107,25.6947,26.406,25.2528,25.7061,25.73,25.3668,25.3508,25.7264,25.9814,25.5258,26.1294,25.8573,24.7838,25.9611,25.3708,26.2445,26.2998,24.9473,24.7264,26.1003,26.098,26.0094,24.5116,25.6357,25.8063,26.0137,26.0352
215,1:35:55 PM,24.5838,24.7858,24.6318,25.4083,26.4013,25.5044,25.7243,26.22,26.8261,26.6868,25.1874,25.7436,25.3508,25.5726,26.0983,26.2689,26.2025,26.3425,26.609,25.8694,25.8262,25.5694,26.6039,24.9597,25.7332,24.4901,24.9841,24.2142,24.817,26.1856,25.8493,26.3103,26.1758,26.1406,26.713,25.9121,26.1588,25.6082,25.1507,25.4433,25.8741,25.8131,26.0778,26.527,26.4619,26.4532,26.5999,26.9999,26.3392,25.9446,24.9673,24.3802,25.0992,25.5286,26.4957,24.5742,25.3056,26.5105,26.5467,26.0231,26.06,25.8856,26.0001,25.7644,26.4353,26.0954,25.3098,25.3233,26.3514,26.3509,24.8942,25.6979,25.6308,26.2166,26.213,24.5397,24.6811,25.8199,25.4518,26.3405,26.1989,24.886,25.1337,24.7088,26.3812,24.2042,24.9144,25.4059,25.4813,25.8066,24.2267,25.0215,24.7458,25.5949,26.334,24.7187,25.4719,25.2228,25.119,24.9688,25.4316,25.7646,25.8045,26.1425,26.2999,25.2794,25.4643,25.5463,26.4694,26.1648,24.8789,24.3821,25.7933,25.9217,25.6509,24.1071,25.5876,25.7089,25.7096,25.8605
216,1:36:15 PM,24.2302,24.7169,24.5022,25.1981,26.3832,25.5271,25.3488,26.2565,26.2873,26.5117,25.2539,25.3674,25.3137,25.4703,25.978,26.0236,26.1042,26.3482,26.3844,25.6988,25.7821,25.3112,26.2082,24.6384,25.3983,24.2966,24.8394,24.2808,24.8353,26.1016,26.0722,25.8582,25.796,25.4261,26.5982,25.7352,25.8261,25.4935,25.2916,25.3206,25.8619,25.7221,25.9683,26.3714,26.1582,26.4603,26.5836,26.7929,26.2458,25.7674,24.6341,24.033,25.3333,25.2495,26.2167,24.133,25.1254,26.1358,26.4652,25.9715,25.8221,25.8161,25.8263,25.6162,26.0302,25.9214,25.0724,25.4693,26.1769,26.3212,24.5598,25.2583,25.3345,26.0711,25.826,24.3598,24.4981,25.4006,25.7879,26.0307,26.2107,24.9328,24.5448,23.88,26.2106,24.0749,24.7803,25.4599,25.2064,25.8287,23.8302,24.7502,24.7449,25.1999,26.0733,24.5342,25.036,25.3083,24.7487,24.7775,25.4612,25.7329,25.4019,25.7537,25.1245,24.4851,25.4743,25.2633,25.8882,25.6563,24.6945,24.5377,25.7223,25.8598,25.7113,23.6687,25.238,25.407,25.4783,25.6259
217,1:36:35 PM,24.075,24.2909,24.2562,24.9787,26.2894,25.5106,25.4822,26.3387,26.199,26.3913,24.9947,25.3155,25.1036,25.2949,25.6977,25.9389,25.8043,25.9163,26.2691,25.7856,25.8866,25.5403,26.0937,24.5083,25.2258,24.3247,24.6146,24.1258,24.4109,26.2008,25.7447,26.0879,25.9395,25.5183,26.4773,25.1761,25.8844,25.1879,25.001,25.2102,25.8241,25.4087,25.8307,26.3151,26.3802,25.9325,26.0678,26.5629,26.1849,25.6402,24.5594,23.732,24.9007,24.9495,26.0667,23.9512,25.0169,26.2722,26.374,25.8998,25.6537,25.7567,25.7527,25.4385,26.2023,25.6879,24.9959,25.4345,25.7919,25.9477,24.0045,25.1091,25.0091,25.6871,25.5437,24.0702,24.3566,25.3824,25.4447,25.9976,26.0707,24.6345,24.5264,24.0383,25.8332,23.4916,24.2614,24.9325,24.8537,25.2103,23.6585,24.4386,24.7632,25.1634,25.8499,24.5266,24.6656,25.3134,24.7307,24.7176,25.2485,25.4298,25.3691,25.5594,25.4339,24.2475,25.1473,24.7367,25.6722,25.8095,24.2279,24.1467,25.4914,25.3322,25.4177,23.2027,25.2522,25.1827,25.2588,25.4215
218,1:36:55 PM,23.8993,24.1978,24.0828,24.86,26.0647,25.3459,25.1013,26.3309,26.0862,26.2174,24.7346,25.2362,24.8474,25.2076,25.3972,25.6696,25.5658,25.9285,26.0688,25.6617,25.8792,25.2521,25.9976,24.6481,25.0989,23.8043,24.4595,23.8917,24.7772,25.5772,25.866,25.5698,25.8623,25.3863,26.3277,25.0771,25.6846,25.3346,24.8441,24.7876,25.5641,25.2939,25.3008,26.3224,25.8904,26.1176,25.9626,26.4969,26.0381,25.4602,23.8963,23.5446,24.6772,24.6843,25.984,23.9588,24.9602,25.9184,26.1927,25.4399,25.0753,25.8603,25.3647,25.1852,26.1654,25.5314,24.8111,25.2769,25.9976,25.9441,24.1045,25.1488,25.2891,25.6981,25.5169,23.802,23.9214,25.4622,25.3655,26.156,25.8867,24.438,24.3195,23.5636,25.8039,23.3503,24.0451,24.602,24.4813,25.138,23.3243,24.2131,24.4068,24.9997,25.772,24.4258,24.8327,25.1215,24.3342,24.5074,25.0242,25.156,24.964,25.3144,25.3669,24.0093,24.9956,24.6228,25.8486,25.901,23.8543,24.1927,25.3774,25.3111,25.1558,23.2774,25.0666,24.9152,25.2473,25.5148
219,1:37:15 PM,23.6362,23.6702,23.7134,24.6348,25.7083,24.9187,24.7535,25.7323,25.9919,26.2064,24.6215,24.9129,24.7867,24.9032,25.287,25.625,25.4313,25.9958,26.0299,25.5675,25.3406,25.4858,26.1817,24.6651,25.0238,24.087,24.119,23.7128,24.1547,25.9311,25.4025,24.9856,25.6816,24.8621,26.2837,24.9566,25.5068,24.9217,24.6975,24.7535,25.3496,25.1414,25.5391,25.9484,26.3569,25.908,25.4614,26.3799,25.8486,25.3327,24.143,23.4838,24.329,24.4299,25.8863,23.573,24.4633,25.8886,25.8065,25.4915,25.038,25.5635,25.0975,25.065,25.9048,25.2337,24.7325,24.98,25.7137,25.7972,24.0382,24.8803,24.8015,25.8079,25.4929,23.9088,23.8842,25.1948,24.9581,25.5775,25.375,24.124,23.6012,23.2086,25.7103,23.6102,24.0973,24.2616,24.6715,24.9004,23.5912,24.2075,24.0055,24.8583,25.4728,24.0894,24.495,25.1478,24.6094,24.6024,24.8264,25.2347,25.1267,25.3056,25.3538,23.9954,24.6582,24.548,25.4194,25.8109,23.7392,24.0867,25.3209,25.2762,24.8923,23.0987,24.5257,24.7609,25.0577,25.2332
220,1:37:35 PM,23.573,23.7806,23.6104,24.6114,25.935,25.1504,24.6111,25.8235,25.6956,25.996,24.61,24.7093,24.5958,24.5209,25.2041,25.5079,25.234,25.667,25.9048,25.1701,25.4335,25.1433,25.9355,24.4088,24.8371,23.8919,23.9373,23.5228,23.9736,25.3736,25.3452,25.1305,25.5081,25.2874,25.9802,24.9081,25.2408,24.8129,24.6931,24.8018,24.9192,25.0175,25.1033,25.8792,25.8975,26.0917,25.7094,26.2231,25.6666,25.1269,23.9811,23.3711,24.5242,24.5258,25.8502,23.4808,24.3456,25.7009,25.6943,25.2148,25.0118,25.3011,25.293,24.9196,25.6407,25.2429,24.4442,24.9122,25.6105,25.5907,23.5807,24.5771,24.6664,25.4667,25.5593,23.5868,24.0072,25.0655,24.5171,25.5397,25.4684,23.9485,23.9818,23.242,25.4576,23.4348,23.8,24.4927,24.4309,24.8281,22.9172,23.9218,23.9078,24.4518,25.5465,23.7081,24.3572,25.0171,24.2093,24.0882,24.678,24.8159,24.8954,24.8535,24.9605,24.2497,24.578,24.177,25.1799,25.6708,24.013,23.6907,24.8544,25.3638,25.0724,23.1,24.5388,24.9264,24.9193,24.9918
221,1:37:55 PM,23.2971,23.5986,23.4986,24.5704,25.55,24.6217,24.5093,25.3723,25.6877,25.9123,24.3125,24.4382,24.2566,24.4342,24.8308,25.418,25.2779,25.3737,25.745,25.1453,25.356,24.8653,25.5765,23.8439,24.1406,23.6062,23.9827,23.117,23.914,25.2992,25.1969,25.2406,25.2128,24.9216,25.9365,24.7908,25.0545,24.6445,24.2735,24.4716,25.1577,25.0959,24.4369,25.6826,25.7442,25.9196,25.5046,25.8486,25.5176,25.1797,23.808,23.0807,23.9838,24.2938,25.4705,23.2699,23.8864,25.3267,25.5441,24.7139,24.8371,24.9576,25.3303,24.5533,25.4545,25.2577,24.4336,24.8096,25.2772,25.5753,23.4258,24.7677,24.546,25.2589,25.3916,23.477,23.6011,24.837,24.5902,25.5003,25.173,23.9505,23.7908,23.3584,25.3873,22.97,23.6956,24.5499,24.6063,24.7733,23.1425,23.8661,23.5903,24.3004,25.249,23.737,24.137,24.6249,24.0959,23.8161,24.4507,24.5749,24.61,24.966,25.057,24.0839,24.7399,24.3542,24.9935,25.4771,23.6118,23.4329,24.9148,25.0993,25.1295,23.0136,24.0336,24.6308,24.7361,24.7125
222,1:38:15 PM,23.5146,23.4841,23.4077,24.2479,25.3778,24.375,24.7381,25.3579,25.7793,25.6315,24.1714,24.3576,24.1458,24.133,24.6276,25.0677,25.1084,25.1821,25.6983,25.1079,24.6911,24.2542,25.1125,23.6888,24.5525,23.4107,23.7466,23.5116,23.8134,25.3926,25.1977,24.7748,25.263,24.6358,25.912,24.4895,24.6408,24.4448,23.8797,23.8401,24.7076,24.7093,24.8292,25.7468,26.101,25.3147,25.1887,25.9013,25.4452,24.8578,23.6248,23.0952,23.974,24.2501,25.6201,23.3783,23.8192,25.1527,25.3399,24.9152,24.8057,25.0293,24.7859,24.4512,25.2774,25.1161,24.4308,24.7339,25.2334,25.2847,23.5265,24.3247,24.1031,24.8487,24.9878,23.1479,23.5778,24.6526,24.3171,25.2938,25.2832,23.4562,23.2234,22.8084,25.2874,22.9638,23.365,24.2012,24.4822,24.7768,22.9949,23.5443,23.461,24.5523,25.1192,23.5804,23.6276,24.3081,23.896,23.57,24.2716,24.4406,24.3541,24.8467,25.0667,23.8793,24.5994,24.5042,25.1096,25.5302,23.5588,23.1519,24.6014,24.9615,24.7969,22.6958,23.7655,24.4525,24.6012,24.6852
223,1:38:35 PM,23.257,23.4552,23.2584,23.9656,25.3096,24.319,24.4408,25.3852,25.6692,25.8314,24.2675,24.2985,24.0685,24.0261,24.3499,25.0212,25.0329,25.3123,25.5293,25.0515,24.3363,24.1683,24.8895,23.5789,24.3333,23.2572,23.462,23.2007,23.3546,24.9618,24.7804,24.5716,25.2417,24.5749,25.7444,24.345,24.8097,24.1807,23.8969,24.2562,25.0067,24.4871,24.7854,25.6166,25.801,25.1936,24.9606,25.8748,25.6267,24.7151,23.22,22.8052,24.1171,24.1516,25.6411,22.9355,24.3441,24.9193,25.1295,24.5507,24.6675,25.1425,24.6081,24.3277,25.2875,24.6657,24.1961,24.2964,25.0277,25.2886,23.2167,24.1984,23.7489,24.6101,24.558,23.0016,23.2674,24.2276,23.9671,25.1509,25.0799,23.4956,23.2726,22.521,25.0752,23.0919,23.3701,24.3307,24.3685,24.888,23.0078,23.4085,23.0827,24.3808,25.2839,23.2901,23.5251,24.1359,23.7797,23.7915,24.3991,24.4694,24.3233,24.3534,25.1493,23.8355,24.1738,23.9646,24.5802,25.1317,23.2555,23.2592,24.506,24.5852,24.47,22.8802,24.083,24.2711,24.516,24.6888
224,1:38:55 PM,23.0769,23.2704,23.05,23.8689,25.2484,24.2947,24.6308,25.2303,25.2875,25.5348,24.04,23.9766,23.7826,24.1357,24.267,24.5725,24.7926,25.2227,25.4362,24.7022,23.9988,23.9419,24.7985,23.7222,24.1279,23.1002,23.377,22.9484,23.3779,24.7627,24.5325,24.5901,24.9619,24.2806,25.5162,24.2794,24.3757,24.2866,23.9917,23.9635,24.8047,24.4154,24.6689,25.6818,25.6171,25.2436,24.918,25.8263,25.205,24.5078,23.0757,22.5612,23.61,23.5881,25.3138,22.7196,23.9526,24.7527,24.8944,24.6279,24.6218,24.8495,24.8368,24.1839,24.9353,24.5649,23.967,24.2917,24.9156,25.3869,22.9369,23.9989,24.0234,25.0565,25.0048,22.89,23.1987,24.2371,24.1797,25.1397,24.9674,23.2739,23.0526,22.7192,24.6843,22.7521,23.6547,24.0341,24.1253,25.136,22.7293,23.3716,23.502,24.0579,25.3822,23.1021,23.1928,24.3743,23.3499,23.6372,23.8229,24.3092,24.3517,24.6424,25.0254,23.633,24.4878,23.8046,24.5675,25.3874,23.3467,23.07,24.3285,24.5332,24.4487,22.658,23.6741,23.7838,24.2866,24.4199
225,1:39:15 PM,22.9419,23.1393,22.9882,23.6785,24.9853,24.2135,23.9976,25.1886,25.5669,25.4925,23.8273,23.875,23.6507,23.6745,24.1103,24.8018,24.5399,24.6524,24.9511,24.9936,24.1505,24.0134,24.6572,23.1454,24.3755,23.1421,23.4108,22.932,23.3349,24.9252,24.6934,24.1525,24.9775,24.3149,25.326,24.1986,24.4375,23.9491,24.0298,23.7468,24.288,24.3224,24.3555,25.3509,25.5709,25.0618,24.8237,25.6593,25.1853,24.8702,23.0552,22.4331,23.3855,23.9879,25.2484,22.7615,23.7808,24.7933,25.0559,24.5457,24.1633,24.7172,24.6876,24.0928,25.0897,24.5355,23.7747,24.2293,24.9725,25.2727,22.9775,23.6848,23.9198,24.6847,24.8823,22.8612,22.8372,24.0615,24.112,24.8146,24.8404,23.1588,22.7734,22.3841,24.7921,22.8246,23.3198,24.3817,24.1768,24.961,22.3352,23.1772,23.0736,23.9434,24.9781,23.072,23.3169,23.9419,23.4674,23.7806,23.6266,24.0066,23.9577,24.0985,24.9677,23.6545,24.0149,23.7742,24.6795,25.6256,23.022,22.7276,24.0716,24.1619,23.9988,22.588,23.6538,24.1794,24.3008,24.4024
226,1:39:35 PM,23.0089,23.0052,23.1091,23.7364,24.8232,23.8993,23.891,25.1902,25.0113,25.1868,23.614,23.7307,23.6309,23.6635,24.2157,24.5519,24.642,24.5283,24.8755,24.4899,23.6934,23.4634,24.1446,23.2762,24.1008,22.7625,23.2279,22.6214,23.2382,24.433,24.5738,24.5059,24.8347,24.2606,25.1832,23.8834,24.4483,23.9232,23.6204,23.7976,24.4859,24.3322,24.1546,25.1296,25.4456,24.8508,24.7469,25.2087,25.0556,24.2446,22.6293,22.2155,23.474,23.7579,25.1448,22.6421,23.7389,24.5812,24.869,24.3166,24.2501,24.622,24.1033,24.1307,24.9223,24.3928,23.8865,23.8917,24.5102,25.105,23.1122,23.9051,23.7724,24.4252,24.8579,22.6932,22.8094,24.0716,23.761,24.984,24.747,22.939,23.2083,22.3487,24.7174,22.8503,23.1175,23.6918,23.8551,24.7046,22.364,23.0427,23.1999,23.7539,24.8213,23.1917,23.2405,24.0904,23.3209,24.1849,23.7124,23.7072,23.9066,23.8045,24.2499,23.2333,23.8119,23.722,23.7935,25.1549,23.2946,22.9908,24.2169,24.087,24.1434,22.1636,23.1592,23.7816,24.1725,24.1683
227,1:39:55 PM,22.8217,22.9503,22.8971,23.6147,24.5905,23.7488,23.854,24.8551,25.1682,25.1125,23.5261,23.7637,23.5545,23.5983,23.9581,24.3404,24.2847,24.4138,24.9752,24.5833,23.8886,23.7563,24.3206,23.3342,23.9848,22.8925,23.179,22.6534,23.4404,24.3938,24.1131,24.0318,24.7467,24.2335,24.893,23.7535,24.2021,23.7168,23.2682,23.3071,24.2347,23.9824,24.222,25.135,25.491,24.808,24.6236,25.451,24.9253,24.2236,23.0979,22.271,23.197,23.7087,25.1816,22.6562,23.4728,24.7231,24.5266,24.0189,24.2982,24.3658,24.274,23.6554,24.6843,24.4123,23.4435,23.7586,24.315,24.9248,23.1386,23.9246,23.6138,24.3159,23.9688,22.7874,22.9854,23.8621,23.7501,24.8861,24.4026,22.5352,22.6295,22.4448,24.5754,22.3382,23.1163,23.5932,23.8469,24.8353,22.5073,22.8287,22.9207,23.6119,24.8066,22.9366,23.0676,23.5306,23.3837,23.3149,23.6691,23.8887,23.9208,24.0309,24.6169,23.5128,23.9098,23.2902,24.1157,25.0815,22.8558,22.6994,23.6875,23.7551,23.6615,22.1884,23.3,23.8357,24.0618,24.1368
228,1:40:15 PM,22.7207,22.794,22.7372,23.4079,24.6445,24.0773,23.7988,25.1211,25.0284,25.2152,23.4474,23.586,23.4369,23.2797,23.9947,24.173,24.2627,24.5917,24.9278,24.4873,23.4676,23.5442,24.6055,23.2164,24.0375,22.9809,22.9536,22.5668,22.776,24.3676,24.5688,24.0924,24.4302,23.8133,25.0654,23.6339,24.235,23.6815,23.3684,23.3905,24.2123,23.687,24.0706,24.5063,25.3566,24.6934,24.3753,25.3286,24.7398,24.2067,22.6831,22.3931,23.0017,23.5094,24.8603,23.1521,23.1375,24.5727,24.9324,24.3841,24.2347,24.0927,24.1048,23.8387,24.7303,24.2254,23.5412,23.6692,24.3348,24.9385,22.733,23.5341,23.8299,24.479,24.0291,22.3355,22.5994,23.7962,23.6265,24.4159,24.4498,22.6363,22.6356,22.4497,24.5412,21.9883,22.9357,23.5568,23.2349,24.4956,22.398,22.7791,22.8178,23.9673,24.7064,22.6613,22.9538,23.9075,23.1544,23.2623,23.1737,23.6627,23.5022,23.933,24.1417,23.1271,23.5457,23.4507,24.2496,24.9231,22.844,22.5328,23.8302,23.7897,24.0809,22.1186,23.3439,23.3216,23.7607,24.036
229,1:40:35 PM,22.5207,22.3399,22.669,23.0711,24.5554,23.7974,23.9554,24.6684,24.6894,24.9505,23.6161,23.3075,23.3845,23.4562,23.6527,23.926,24.3074,24.2593,24.7947,24.2123,23.8805,23.7007,24.5066,23.0105,23.9268,22.5621,22.7997,22.0854,22.8717,24.2916,24.3123,23.9154,24.4684,24.1315,25.0366,23.7203,23.8792,23.6161,23.4228,23.5443,24.0763,23.7124,24.0015,24.7376,25.0967,24.5233,24.2011,25.0976,24.4974,24.4391,22.5357,22.0254,22.7248,23.298,24.5488,22.4529,23.4354,24.3341,24.5591,24.0629,23.7443,24.3,23.9341,23.8149,24.512,24.0251,23.4737,23.4871,24.0743,24.7597,22.3993,23.5874,23.5591,24.2355,24.1871,22.4555,22.6622,23.7426,23.515,24.5462,24.2444,22.5734,22.7172,22.1128,24.5036,22.2575,22.7268,23.5392,23.2535,24.1156,22.2141,22.6472,22.9808,23.7139,24.546,22.6119,23.2442,23.2797,23.2424,22.9733,22.9945,23.5534,23.5007,23.9306,24.5431,22.912,23.3999,23.1793,23.9373,25.0395,22.6621,22.6403,23.7664,23.5953,23.5891,22.0085,23.1823,23.2884,23.5498,23.9351
230,1:40:55 PM,22.3927,22.5554,22.4159,23.3161,24.5196,23.7903,23.6603,24.5878,24.6201,24.9722,23.3274,23.2042,23.3336,23.1604,23.6873,24.0538,24.1382,24.4376,24.6792,24.1429,23.5015,23.4454,24.3605,22.9863,23.8667,22.7489,22.7759,22.0582,22.6402,24.1589,23.959,23.8808,24.0874,24.0336,24.7329,23.5274,23.7061,23.4842,23.4255,23.3491,23.8209,23.7849,23.7291,24.5786,24.9596,24.409,24.3252,24.9546,24.4459,24.2724,22.5434,21.9204,22.9996,23.115,24.526,22.35,23.2689,24.2374,24.2645,24.1436,23.9304,24.0189,24.0785,23.6092,24.275,23.8942,23.3209,23.4081,24.014,24.7556,22.2122,23.4565,23.7003,24.1442,24.1895,22.1569,22.4892,23.4385,23.3961,24.391,24.0044,22.6778,22.5556,21.9991,24.6614,22.2128,22.7011,23.6233,23.4742,24.2028,22.1705,22.7161,22.9047,23.6278,24.6637,22.3705,22.817,23.2573,23.1569,23.6273,23.0841,23.2459,23.3882,23.676,24.1589,23.149,23.698,23.2645,24.0054,25.0283,22.8293,22.3685,23.468,23.6891,23.5879,22.0809,23.0955,23.3375,23.4649,23.8263
231,1:41:15 PM,22.4422,22.5691,22.2201,23.1166,24.2142,23.5065,24.2388,24.7321,24.8454,24.8663,23.3158,23.2267,23.0074,23.1047,23.5612,23.9288,24.0067,24.1626,24.5445,24.1967,23.588,23.1998,24.0828,22.9335,23.7654,22.4241,22.7606,22.2768,22.8213,24.0772,23.8161,23.9585,24.0624,24.0474,24.8865,23.626,23.8517,23.3309,22.9974,23.115,23.9733,23.4885,23.6738,24.5572,24.7057,24.3791,24.3408,24.8796,24.4115,23.94,22.3649,21.7115,22.9784,23.0206,24.4473,22.6987,22.9593,24.0754,24.1998,23.9316,24.2716,23.9603,23.9493,23.7844,24.2073,24.2187,23.4887,23.1146,23.8704,24.5606,22.6022,23.4388,23.5737,24.3503,24.0684,22.207,22.3212,23.2739,23.1501,24.2064,24.046,22.4806,22.7402,21.998,24.3392,22.2179,22.579,23.3861,23.4341,24.3543,22.2373,22.5364,22.676,23.4058,24.4358,22.5328,22.4133,23.2677,23.0279,23.396,22.9299,23.0116,23.4911,23.441,24.2338,22.8032,23.5421,23.2096,24.2316,25.0558,22.6537,22.5238,23.644,23.6416,23.3651,21.643,22.9539,22.93,23.4778,23.7695
232,1:41:35 PM,22.1804,22.2564,22.2715,23.1586,24.3544,23.4034,23.1439,24.5016,24.3555,24.6648,23.028,23.2286,23.3764,23.3301,23.445,23.7369,24.002,24.1283,24.4139,24.0074,23.6941,23.3548,24.0909,23.0907,23.7133,22.29,22.4939,21.9955,22.5713,23.8242,23.9864,23.4431,24.2707,23.3255,24.7599,23.5054,23.6188,23.2908,23.0762,23.4116,23.8469,23.636,23.672,24.688,24.5663,24.1568,23.9835,24.7125,24.0191,23.9787,22.068,21.8381,22.5702,22.9112,24.524,22.4774,23.282,23.9408,24.1749,23.8259,24.1245,23.9966,23.6099,23.235,24.1388,23.8028,23.0733,23.3141,24.015,24.3967,22.4233,23.0301,23.2915,24.1621,23.7776,22.0651,22.2537,23.1279,23.0104,23.9602,23.714,22.2414,22.1526,21.8507,24.2389,21.9146,22.5115,23.5094,23.6566,24.0069,21.9281,22.171,22.6109,23.4935,24.1387,22.3341,22.7148,23.5035,22.9243,22.845,22.9904,23.1225,23.1951,23.4311,24.0397,22.7696,23.1193,23.2099,23.9412,24.7126,22.6984,22.3301,23.4266,23.469,23.6192,21.9198,22.8989,23.2962,23.2609,23.5738
233,1:41:55 PM,22.2514,22.5425,22.3145,23.0128,24.0389,23.5177,23.3809,24.3518,24.0161,24.5823,23.2007,23.1895,22.8487,23.056,23.5528,23.8378,24.1427,23.881,24.4282,23.955,23.3509,23.2154,24.0147,23.2274,23.6166,22.2823,22.6184,22.4327,22.6162,23.8182,23.6644,23.4297,23.961,23.7686,24.6717,23.5917,23.5663,23.3877,23.3305,23.43,23.5243,23.3603,23.5529,24.4643,24.713,24.1342,24.123,24.5825,24.0584,24.0274,22.0785,21.9949,22.6272,22.9659,24.2597,22.4539,23.2655,24.008,24.0438,23.695,23.55,23.8728,23.6098,23.4554,24.1338,23.9014,23.3431,23.2426,23.7812,24.2773,22.3844,23.4285,23.4612,24.0285,24.2265,21.9238,22.1031,23.0982,23.0101,24.0776,23.7355,22.3983,22.1937,21.8316,24.0439,21.9995,22.6628,23.2833,23.3837,24.0191,21.975,22.2921,22.6909,23.418,24.0421,22.2932,22.5341,23.2402,23.2312,22.6788,22.7687,22.9234,22.8746,23.3557,24.0089,22.6764,23.1556,23.182,23.7726,24.5021,22.667,22.1806,23.2828,23.4882,23.1701,21.8281,22.8013,23.0625,23.2899,23.794
234,1:42:15 PM,22.4459,22.2284,22.1658,22.7709,23.9786,23.4234,22.9647,24.0534,24.3117,24.5951,23.194,23.0375,22.6863,23.1537,23.3209,23.8097,23.7517,23.7768,24.2858,23.9135,23.3893,23.109,23.8551,22.8079,23.6442,22.2473,22.4955,22.1276,22.2591,23.4926,23.7486,23.8694,24.014,24.0246,24.7395,23.4997,23.2238,23.2151,22.758,22.6211,23.5761,23.4392,23.7343,24.4342,24.35,24.0352,24.0539,24.564,23.8711,23.8227,22.2819,22.0029,22.5117,22.7134,24.1622,22.2454,23.1181,23.8717,23.8161,23.6026,23.4864,23.6165,23.5999,23.2523,24.0701,23.7106,22.8957,23.0332,23.8706,24.1819,22.0976,22.8613,23.2981,23.8194,23.9075,21.9006,22.0763,22.925,22.8923,23.9255,23.6168,22.2008,22.214,21.7394,24.1333,21.9432,22.5079,23.2362,23.3134,24.5847,21.8829,22.1838,22.2578,23.166,24.1794,22.0241,22.624,22.8014,22.4865,23.0187,22.7352,23.0554,22.9099,23.2061,23.4677,22.333,23.0715,22.9557,23.8146,24.7409,22.4011,21.888,23.0564,23.3466,22.9818,21.6804,22.6664,22.6838,23.2684,23.5675
235,1:42:35 PM,22.3542,22.2509,22.0776,22.8896,23.8282,23.142,22.8991,23.9787,24.2577,24.4525,22.9763,23.0101,23.0062,22.8382,23.0258,23.4063,23.6965,23.8104,24.1433,23.8169,23.5755,22.9263,24.0262,22.7454,23.3697,22.1131,22.2393,21.7648,22.0766,23.6292,23.6952,23.6091,23.8022,23.7844,24.4784,23.2854,23.3709,23.2295,22.8587,22.7696,23.3691,23.0362,23.3422,24.6132,24.2825,23.9257,23.7144,24.4765,23.6718,23.8225,22.0356,21.6842,22.2313,22.6351,24.1394,22.3268,22.6026,23.668,23.8601,23.1859,23.5454,23.6962,23.3941,23.2115,23.9778,23.3346,22.8483,22.9885,23.546,24.2285,22.3664,23.0174,22.9819,23.5934,24.0083,21.6848,22.0071,22.8561,22.8478,23.8118,23.6748,22.1869,22.4676,21.7805,24.0853,21.6182,22.1465,22.9688,22.9115,23.6555,21.5457,21.9865,22.342,23.3651,24.291,22.1226,21.9221,22.7215,22.7172,23.0175,22.6309,22.8165,23.0072,23.0715,23.8679,22.4874,22.8235,22.6809,23.1476,24.6597,22.2477,22.0249,23.0285,23.1432,23.0766,21.5531,22.5755,22.958,23.1781,23.2695
236,1:42:55 PM,22.2198,22.2715,22.0784,22.6299,23.7697,23.1831,22.8201,24.1371,24.0364,24.0037,22.9397,22.8966,22.8417,22.5859,23.3654,23.6238,23.6498,23.6316,23.9477,23.6519,23.2359,22.899,23.6297,22.7393,23.4308,21.9474,22.2084,21.9255,22.2267,23.3715,23.7391,23.6653,23.7341,23.4215,24.5392,23.1191,23.1835,23.1082,22.7834,22.8479,23.2818,23.1722,23.3539,24.1487,24.5416,23.6952,23.5939,24.2685,23.6106,23.637,22.0976,21.6945,22.177,22.4769,23.9781,22.026,22.9364,23.4996,23.7153,23.8026,23.1021,23.5053,23.3747,23.2156,24.0413,23.5349,23.0189,23.0882,23.4841,24.2178,21.8917,23.0962,23.1133,23.6648,24.0049,21.7731,22.108,22.6676,22.4832,23.6563,23.4201,21.9145,21.8946,21.4068,23.8315,21.7597,22.4442,23.0447,22.8944,23.9826,21.7283,21.9074,22.4222,23.382,24.0274,22.0334,22.5344,22.7388,22.6022,22.6989,22.3123,22.7035,22.8494,23.109,23.7133,22.2297,22.8218,22.5326,23.3988,24.8263,22.1683,21.9408,23.1736,23.0596,23.0923,21.5775,22.5105,22.7835,23.0479,23.4618
237,1:43:15 PM,22.0078,22.2393,22.2195,22.5915,23.6729,23.0347,23.0421,23.8683,24.1328,24.1147,22.8379,22.7437,22.658,23.0108,22.9621,23.3725,23.7773,23.6994,24.06,23.8543,23.3097,22.917,23.4398,22.6618,23.5109,21.7932,22.3332,21.9557,21.9789,23.1793,23.2526,23.2453,23.4842,23.3845,24.4114,23.1576,23.3566,23.1245,23.0081,22.814,23.3851,23.3731,23.7548,24.2917,24.6082,23.8427,23.7121,24.2228,23.6411,23.7045,21.8488,21.609,22.3161,22.4472,23.9827,21.9409,22.79,23.4477,23.7136,23.3826,23.5159,23.5436,22.968,23.1473,23.827,23.5872,22.6505,22.7002,23.3894,23.7938,22.0221,22.7157,22.993,23.6487,23.879,21.7103,21.7928,22.5075,22.6658,23.5957,23.5247,21.9333,21.6215,21.7286,23.851,21.6462,22.2641,22.9307,23.2085,23.883,21.6285,21.7651,22.2533,23.0024,24.1365,21.7438,22.2098,22.8669,22.3066,23.094,22.3339,22.6488,22.6389,23.0195,22.8043,22.0838,22.5902,22.6414,23.6501,24.8761,22.1707,21.8542,22.8951,23.0789,22.6891,21.6207,22.3729,22.849,22.9599,23.4381
238,1:43:35 PM,21.8477,22.1322,21.9583,22.5963,23.6023,22.8574,22.7723,23.7876,23.8705,24.0589,22.9657,22.8275,22.6932,22.968,23.1092,23.3802,23.704,23.4841,23.9326,23.4401,22.8314,22.828,23.4591,22.6477,23.4704,21.9542,22.06,22.0484,22.1297,23.2382,23.4487,23.1894,23.6242,23.3069,24.2964,22.888,23.2469,23.2139,22.8465,22.9983,23.5185,23.133,23.5723,24.4028,24.4179,23.8301,23.8017,23.8434,23.7343,23.6481,21.932,21.6768,22.1741,22.1029,23.6086,22.016,22.6047,23.4864,23.8145,23.4714,22.6513,23.1284,23.0894,23.0615,23.8982,23.2991,22.6292,22.9145,23.2781,23.8618,21.741,22.7898,22.8754,23.5063,23.5159,21.6649,21.8541,22.6879,22.4899,23.6872,23.3331,21.818,21.9656,21.4804,24.019,21.6638,22.1379,22.7593,22.7963,23.7812,21.2975,21.9405,22.0988,22.8779,23.9812,21.5108,22.0981,22.639,22.3584,22.4175,22.3638,22.496,22.612,22.8155,23.7207,21.9225,22.8109,22.5848,23.0481,24.603,22.2685,21.8801,22.7619,23.0533,22.7668,21.4949,22.6418,22.9705,23.0226,23.2669
239,1:43:55 PM,21.9325,22.0527,21.9826,22.4948,23.4509,22.5571,22.7353,23.7279,23.6945,23.8629,22.8118,22.9252,22.4926,22.8004,23.1306,23.2879,23.3239,23.2119,23.7491,23.4709,22.8429,22.5744,23.0864,22.5573,23.3944,21.9069,21.9611,21.7262,22.0857,23.0485,23.1823,22.7993,23.2126,23.2239,24.0428,22.9284,23.2586,23.0398,22.967,22.6172,23.238,23.1607,23.3708,24.3124,24.3035,23.461,23.6695,24.0455,23.6492,23.4587,21.5709,21.0656,22.0104,22.4158,23.684,21.7722,22.6899,23.2777,23.3712,23.0345,22.7156,23.1695,23.1455,22.8568,23.898,23.3486,22.7413,22.4826,23.3653,24.0696,21.7676,22.4889,23.0488,23.4615,23.8587,21.6391,21.9329,22.5799,22.4141,23.4742,23.3366,21.7901,21.6876,21.4085,23.5471,21.7367,22.0227,22.802,22.6851,23.4067,21.4919,21.5467,22.0593,22.945,23.6236,21.6842,22.1529,22.9224,22.6102,22.7321,22.0974,22.3892,22.5335,22.9292,23.14,22.0902,22.7296,22.414,23.1302,24.067,22.1463,22.0707,22.7206,23.1532,22.8581,21.3419,22.3303,22.6717,22.8894,23.0547
240,1:44:15 PM,21.9892,21.9749,21.9764,22.4312,23.4264,22.7834,22.4403,23.4437,23.9533,23.8269,22.7001,22.8449,22.4165,22.8028,23.1732,23.2084,23.5375,23.4247,23.5972,23.4827,22.5317,22.6055,23.4806,22.5113,23.194,21.8376,22.2091,22.0546,22.2592,23.177,23.0536,23.1728,23.2363,23.159,24.0342,22.9349,23.1567,22.7915,22.8967,22.9122,23.5606,23.0012,23.3902,24.196,24.3222,23.5661,23.5458,23.9471,23.5183,23.5224,21.7692,21.4224,22.0179,22.4401,23.8011,21.9218,22.6374,23.1428,23.3928,23.3128,22.6956,23.1375,23.0234,23.1451,23.7051,23.2188,22.6949,22.6074,23.1086,23.2465,21.8302,22.5537,22.8867,23.5403,23.3281,21.4401,21.8053,22.4511,22.3285,23.3596,23.1322,21.6662,21.7685,21.353,23.3552,21.5845,22.2169,22.5275,23.0254,24.1593,21.5187,21.8238,22.1205,22.7442,23.68,21.7492,21.9076,22.394,22.1183,22.4259,22.2436,22.4981,22.4956,22.8949,23.5582,22.1525,22.4018,22.5443,23.1325,24.145,22.0754,21.5943,22.8008,22.831,22.751,21.1484,22.513,22.8521,23.0987,23.4018
241,1:44:35 PM,21.8815,22.0064,21.8786,22.4145,23.1274,22.7787,22.5737,23.2779,23.6697,23.6644,22.6677,22.6105,22.7013,22.6439,22.924,22.8682,23.4246,23.2283,23.5362,23.2901,22.2535,22.3566,23.1504,21.9686,23.0281,21.8378,22.0263,21.8485,22.2988,22.9438,22.6854,22.8616,23.0577,23.0813,24.0069,22.7831,22.9417,22.6883,22.433,22.8721,23.2783,23.15,23.5123,24.2117,24.2552,23.5245,23.1539,23.8691,23.3082,23.4091,21.5248,21.2095,21.8542,22.1499,23.6851,22.0478,22.6947,23.0614,23.3767,23.3301,22.7051,23.0506,22.7853,22.925,23.6439,23.0291,22.5123,22.6546,23.2986,23.6821,22.1563,22.4692,22.8436,23.279,23.4358,21.3823,21.6258,22.3622,22.3369,23.1152,23.1552,21.7366,22.1563,21.4026,23.6337,21.5805,21.9535,22.7481,22.8379,23.71,21.282,21.4953,21.6786,22.7204,23.5204,21.5069,22.0494,22.4267,22.0397,22.3113,22.1836,22.295,22.4615,22.8568,23.6314,21.9658,22.4328,22.3508,23.1372,24.7138,22.0891,21.8471,22.9369,22.6098,22.5832,21.1599,22.2917,22.8042,22.6612,23.0766
242,1:44:55 PM,21.7323,21.8127,21.8857,22.2507,23.4356,22.9378,22.4912,23.0338,23.7875,23.7413,22.5875,22.518,22.3252,22.3828,22.6493,23.0238,23.0774,23.0529,23.6214,23.369,22.3826,22.2871,23.0755,22.1962,22.9749,21.726,22.0093,21.6937,21.9889,22.9732,23.1875,22.7001,23.181,23.2177,23.7673,22.4136,22.9733,22.6455,22.3952,22.4269,23.1768,23.102,23.0982,23.8344,23.9802,23.4685,23.261,23.8921,23.3873,23.3869,21.5598,21.2265,22.0498,22.2725,23.4147,21.7644,22.7733,23.0271,22.9308,23.2956,23.139,23.0527,22.8257,22.9226,23.7243,22.7881,22.3421,22.4408,23.079,23.7368,21.8319,22.4942,22.6436,23.1809,23.4859,21.5833,21.7323,22.5236,22.6338,23.3701,23.0637,21.5677,21.9212,21.4658,23.3449,21.3312,21.9277,22.6117,22.7261,23.9134,21.0951,21.6436,22.1041,22.8695,23.5081,21.4761,22.3308,22.5085,22.331,22.0367,22.1422,22.2523,22.5628,22.5558,23.2115,21.9593,22.4623,22.3701,22.9494,24.521,22.0022,21.7058,22.6091,22.7305,22.4239,21.292,22.1868,22.5149,22.6406,23.1917
243,1:45:15 PM,21.6087,21.6213,21.6557,22.2303,23.1781,22.7089,22.5807,23.2254,23.5924,23.7906,22.3604,22.2991,22.2106,22.4248,22.8162,22.9987,23.0043,23.3091,23.4334,23.4069,22.7653,22.6276,23.1967,22.2242,23.1353,21.6764,21.9791,21.5571,21.7531,22.9238,23.0376,22.6116,23.1301,22.8087,23.7881,22.6306,22.9448,22.47,22.3899,22.5338,23.0594,22.8664,23.0262,23.9538,23.8032,23.2545,23.3238,23.6877,23.1757,23.2088,21.5298,20.9604,21.8662,22.1786,23.4765,22.4103,22.5186,22.9216,23.2667,23.0889,22.7807,23.0045,22.7672,22.7094,23.654,23.0201,22.2483,22.4478,22.9883,23.3142,21.5143,22.3996,22.531,23.2696,23.5465,21.3597,21.5777,22.2031,22.092,23.0876,22.7812,21.2207,21.6535,20.8429,22.9587,21.6164,21.9493,22.7604,22.9073,24.2644,21.2401,21.3479,21.89,22.9439,23.5765,21.3951,22.2151,22.7977,22.3211,22.1232,22.1896,22.2682,22.4394,22.5413,23.2612,22.0238,22.3307,22.3759,22.9817,24.9002,21.9807,21.9853,22.5698,22.7312,22.253,21.2126,22.1016,22.1196,22.6116,23.3851
244,1:45:35 PM,21.6644,21.9833,21.4024,22.1319,23.1269,22.6914,22.4061,23.3946,23.1589,23.7779,22.6055,22.435,22.3474,22.4189,22.5982,23.0023,22.9451,23.1041,23.5378,23.5457,22.7174,22.3428,23.0205,22.3394,23.0865,21.6004,21.8336,21.455,21.7007,22.61,22.7218,22.8677,23.0489,23.0799,23.7575,22.6243,22.8105,22.4912,22.7579,22.5252,22.9058,22.7273,23.0514,23.8825,24.2144,23.1574,23.3025,23.3097,23.3166,23.4368,21.3829,21.1473,21.7683,21.93,23.4375,22.0171,22.5551,22.9857,23.1277,23.1681,22.4014,23.1862,22.4338,22.8809,23.5012,22.7228,22.1702,22.4414,22.7664,23.3982,21.45,22.2787,22.6713,23.3064,23.176,21.2274,21.1189,22.306,22.0011,23.1782,22.6707,21.4526,21.5132,21.1843,23.2606,21.5064,21.7747,22.4479,23.0185,23.9717,21.0797,21.4816,22.0435,22.7991,23.4375,21.5672,21.9165,22.7065,21.9866,21.9967,22.1703,21.8757,22.3428,22.6824,22.854,21.7026,22.1116,22.0838,23.286,24.8803,22.0131,21.6216,22.5762,22.467,22.4044,21.2158,21.7704,22.4056,22.7094,23.0546
245,1:45:55 PM,21.6107,21.7392,21.7336,22.0792,23.0258,22.3957,22.2994,23.5991,23.5157,23.5028,22.5142,22.4782,22.1427,22.3824,22.7651,22.8135,23.0279,23.1399,23.3478,23.2695,22.5485,22.4439,23.0361,22.2528,23.2337,21.524,21.7291,21.4529,21.4712,22.8477,22.7725,22.4804,22.9924,22.7694,23.8069,22.7089,22.6783,22.5895,22.4171,22.2348,23.1108,22.6291,22.7967,23.4798,24.3764,22.9362,23.3895,23.5591,23.0272,23.3957,21.3676,21.1328,21.6921,21.7989,23.467,21.9507,22.4425,23.0462,23.0979,23.0612,22.7253,23.0215,22.7681,22.8542,23.353,22.8173,22.2319,22.4123,22.8047,23.6165,21.6114,22.3655,22.5054,22.9881,23.2507,21.3235,21.5229,22.079,22.0894,22.9695,22.8368,21.289,21.5409,21.0005,23.2845,21.388,21.9561,22.5675,22.739,23.7997,21.2322,21.3487,21.4791,22.5343,23.3811,21.2768,21.6538,22.128,21.9115,22.0797,21.9299,21.9298,22.2982,22.4216,22.9854,21.468,21.9955,22.0494,23.1354,24.4418,21.8196,21.7122,22.3266,22.3366,22.3641,20.9081,21.9361,22.4908,22.5628,22.8897
246,1:46:15 PM,21.7783,21.6465,21.6951,21.8403,22.976,22.5769,22.5309,23.1093,23.6138,23.6174,22.3305,22.5814,22.1168,22.2732,22.5681,22.8002,23.0343,23.2471,23.4067,23.4061,22.3674,22.3451,23.0984,22.2295,23.101,21.7244,21.7746,21.5981,21.785,22.7842,22.9865,22.4336,23.177,22.7762,23.6779,22.4235,22.7134,22.5845,22.3223,22.6924,22.8182,22.6287,22.7162,23.7073,23.9568,23.1187,23.2469,23.5106,22.7972,23.1532,21.5204,21.1599,21.6087,21.9195,23.256,21.5701,22.3106,22.8575,23.0762,22.9779,22.5063,22.8863,22.4247,22.6456,23.6071,22.6572,22.1784,22.2517,22.8393,23.4579,21.9755,22.4761,22.2783,22.9797,23.0841,21.6198,21.5474,22.1486,21.9168,22.9324,22.8656,21.4035,21.4665,21.2173,23.3086,21.3046,21.6769,22.6932,22.8467,23.7899,21.1733,21.3334,21.3784,22.5118,23.304,21.3383,21.8792,22.2739,21.7546,22.3094,21.853,22.0006,22.2146,22.6275,23.1691,21.9255,22.265,22.3019,22.7196,24.1636,21.7587,21.8116,22.6065,22.5276,22.3158,21.0228,21.9914,21.9874,22.4754,22.9881
247,1:46:35 PM,21.4738,21.605,21.6607,22.1173,22.7334,22.4938,22.4192,23.1105,23.2294,23.3607,22.2907,22.3679,22.0255,22.2159,22.5678,22.6376,22.8948,23.0768,23.2165,23.281,22.3249,21.9437,22.5984,21.6209,22.894,21.5232,21.9685,21.67,21.7876,22.6291,22.7566,22.7636,23.0052,22.6752,23.6352,22.5818,22.5287,22.5745,22.1443,22.171,22.9539,22.7384,22.806,23.4883,23.8727,22.9756,23.1424,23.4502,22.9287,23.0064,21.3586,21.1846,21.2384,21.8405,23.1481,21.4297,22.3918,22.6642,23.299,22.818,22.5861,22.7715,22.3314,22.6268,23.4419,22.5219,22.2335,22.1204,22.8687,23.2854,21.4606,22.0845,22.435,22.7506,23.1924,21.1462,21.2511,21.935,22.0716,22.7713,22.8548,21.2933,21.4652,21.09,23.3801,21.1826,21.7805,22.5353,22.9024,23.7384,20.9212,21.336,21.6229,22.4494,23.3326,21.427,21.723,21.9604,21.6157,22.0578,21.8709,22.0055,22.0216,22.3987,23.3601,21.6727,21.914,22.4066,22.6364,24.3329,21.7259,21.3445,22.4928,22.3014,22.1576,20.7494,21.5242,22.196,22.687,23.2182
248,1:46:55 PM,21.7018,21.5851,21.5062,21.9096,22.7337,22.4998,22.1067,22.8973,23.3061,23.5163,22.2838,22.1998,22.1235,22.2272,22.4465,22.4538,23.0493,22.9147,23.3961,23.2709,21.8763,22.0421,22.5383,21.9923,22.9815,21.4997,21.7021,21.3309,21.8207,22.3117,22.6378,22.5738,22.8363,22.9103,23.5476,22.3388,22.5646,22.4312,22.5168,22.4227,22.8259,22.8844,22.5938,23.671,23.942,22.9266,23.1056,23.388,23.0446,23.098,21.2891,21.0379,21.6414,21.8778,23.1071,21.6504,22.2527,22.564,23.0554,23.07,22.4984,22.7913,22.3535,22.4814,23.2983,22.5556,22.2449,22.0428,22.6125,23.3188,21.3067,22.0556,22.377,22.7864,23.0771,21.2369,21.3947,21.9418,21.9375,22.679,22.6051,21.0226,21.7097,21.0351,23.1074,21.0356,21.6936,22.2169,22.6519,23.7388,21.0797,21.298,21.3768,22.5114,23.1574,21.1655,21.5915,22.0228,21.7992,22.1223,21.6255,21.8626,22.2383,22.0682,22.7369,21.919,21.9525,22.35,22.3808,24.3732,21.7383,21.4882,22.1786,22.0695,22.3535,21.0096,21.7183,22.1718,22.4821,22.8226
249,1:47:15 PM,21.7264,21.598,21.4232,21.8617,22.7087,22.3519,22.2848,23.15,23.2954,23.4204,22.4135,22.3664,21.9969,22.1083,22.3823,22.5782,22.7483,22.7534,23.1086,23.3745,22.2639,22.1219,22.6217,21.7146,23.036,21.6449,21.5931,21.5764,21.8375,22.8685,22.9451,22.6564,22.6539,22.9036,23.564,22.3108,22.5773,22.4023,22.1807,22.2004,22.709,22.6032,22.9243,23.8373,23.8047,22.8949,22.83,23.1754,23.006,23.3146,21.413,21.1261,21.4305,21.6964,23.0782,21.6547,22.4173,22.7595,22.7641,22.6777,22.4222,22.7353,22.4954,22.5789,23.3942,22.7674,22.1586,22.1724,22.5995,23.0302,21.4322,21.9986,22.5119,22.856,23.1766,20.959,21.35,21.7545,21.973,22.7385,22.7313,21.0366,21.1416,20.9869,23.1925,21.0358,21.6453,22.4297,22.3918,23.3187,21.0109,20.9818,21.3709,22.2363,23.1913,21.104,21.5293,22.0525,21.6383,22.1678,21.6002,21.9431,22.1731,22.0402,22.9721,21.5181,21.8267,21.9557,22.7832,24.4363,21.5196,21.4474,22.376,22.4219,22.3487,20.9,21.5364,22.0874,22.6344,23.0058
250,1:47:35 PM,21.4257,21.2255,21.3894,21.7531,22.5189,22.5755,22.4438,22.8664,23.2946,23.3826,22.3768,22.0484,21.815,22.2159,22.5369,22.4735,22.7654,22.7244,23.0667,23.3239,21.8887,21.9666,22.6284,21.8407,22.9156,21.5326,21.6038,21.149,21.3999,22.6727,22.8025,22.5095,22.7228,22.7882,23.4496,22.1921,22.5182,22.2266,22.148,22.0304,22.5797,22.498,22.7441,23.5784,23.8198,22.7943,23.0102,23.2168,22.7246,23.1828,21.2148,20.9871,21.3921,21.74,23.001,21.6119,22.1968,22.7947,22.8373,22.7843,22.5358,22.8177,22.4403,22.4372,23.2868,22.5128,22.1609,22.198,22.4396,23.0926,21.1298,22.041,22.464,22.9544,23.28,21.1901,21.0731,21.8469,21.6891,22.7165,22.7627,21.0085,21.9724,20.9939,23.2131,21.4184,21.8469,22.3219,22.2534,23.4741,21.1608,21.2226,21.4436,22.114,23.2437,21.0136,21.3861,21.6885,21.5684,22.3363,21.7179,21.7626,21.957,22.152,22.9227,21.8122,21.9175,21.8568,22.8001,24.9597,21.7725,21.3413,22.142,22.2162,22.4016,20.9288,21.6975,22.1323,22.3068,22.8036
251,1:47:55 PM,21.532,21.7017,21.4671,21.8959,22.4607,22.1672,22.0949,22.7413,23.3243,23.4699,22.2075,22.303,21.8181,21.908,22.421,22.4822,22.8053,22.7009,22.9187,23.3153,22.3813,22.042,22.6106,22.0875,22.8526,21.284,21.5976,21.5281,21.6434,22.4708,22.5055,22.4689,22.6098,22.9466,23.3447,22.1849,22.3828,22.3226,22.0898,22.1163,22.5661,22.6067,22.9326,23.5696,23.7701,22.7876,22.7024,23.1723,22.695,23.1846,21.0244,20.7933,21.4382,21.5984,22.8299,21.5496,22.3067,22.5355,22.8795,22.6491,22.2966,22.5666,22.4588,22.3752,23.3071,22.4432,22.0085,21.8324,22.5026,23.1763,21.3453,21.8615,22.3795,22.6703,23.0028,21.0233,21.0565,21.9219,21.8906,22.5801,22.5507,21.3068,21.421,21.0455,22.9504,21.1609,21.6757,22.1802,22.4869,23.5693,20.9905,20.9605,21.189,22.1784,23.0275,20.9865,21.3894,21.9157,21.5382,21.9946,21.5042,21.8342,22.1563,22.0458,22.7635,21.6979,21.9146,21.9032,22.7481,23.8155,21.7502,21.6118,22.0939,22.2861,22.5454,20.6478,21.5961,21.8512,22.5083,22.843
252,1:48:15 PM,21.2892,21.72,21.427,21.9776,22.3659,22.3485,22.4667,22.9114,22.9554,23.0938,22.1846,22.2619,21.8115,21.8915,22.3717,22.2933,22.6522,22.6153,23.1717,23.411,21.9674,21.8874,22.3096,21.7831,22.889,21.4048,21.786,21.1986,21.4155,22.3457,22.6741,22.2829,22.5747,22.4952,23.1776,22.3542,22.4723,22.3483,22.3361,22.2588,22.5116,22.4566,23.0294,23.2932,23.7458,22.769,22.8047,23.1381,22.782,22.9348,21.2304,21.0507,21.3201,21.5147,23.0283,21.5195,22.105,22.4833,22.8862,23.0757,22.2605,22.5424,22.0301,22.3503,23.2808,22.7223,22.141,21.8523,22.595,23.0514,21.3474,21.7885,22.3066,22.5217,22.8523,21.0321,20.8805,21.5122,21.5468,22.5559,22.6146,20.8147,21.5586,20.9403,22.4702,21.3134,21.7095,22.2555,22.3938,23.7278,20.8756,21.1268,21.3966,22.2051,23.1259,21.1345,21.5798,21.7619,21.9197,22.2013,21.6911,21.581,22.1026,21.9387,22.5171,21.318,22.0201,22.1685,22.3575,23.6247,21.6966,21.4912,22.2148,22.2889,22.1507,21.1628,21.6234,22.2034,22.3745,22.8447
253,1:48:35 PM,21.2024,21.4374,21.3811,21.7257,22.4571,22.3501,22.0269,22.9837,22.8502,23.1122,21.9651,22.3246,22.1431,22.3394,22.5469,22.5538,22.753,22.7857,23.0251,23.0731,21.989,22.1658,22.4427,22.0442,22.9882,21.3625,21.4826,21.2009,21.2693,22.1634,22.5366,22.3525,22.5179,22.4239,23.1991,22.5317,22.3404,22.4314,22.3357,22.0975,22.8863,22.4645,22.5778,23.3939,23.585,22.8062,22.7511,22.991,22.6118,22.9896,21.1984,20.7684,21.2456,21.4341,22.9063,21.1779,22.3395,22.5972,22.6076,22.5754,22.1427,22.5504,22.1297,22.6345,23.2611,22.4965,21.9582,21.9795,22.5632,23.1334,21.4613,22.0565,22.305,22.5938,22.9908,21.1527,21.0994,21.6727,21.7515,22.4949,22.4266,21.0335,21.8281,21.0419,22.7546,21.1151,21.4835,22.0265,22.2115,23.1853,20.8087,20.9504,21.23,22.3941,23.2901,20.9791,21.2821,21.9754,21.8064,22.4697,21.7514,21.6472,21.8738,22.0741,23.2459,21.8942,21.7804,21.9172,22.6497,24.4171,21.627,21.3742,22.0429,22.0881,22.1882,21.0559,21.7672,22.1454,22.521,22.9793
254,1:48:55 PM,21.4472,21.585,21.3097,21.6112,22.2765,21.9499,21.6553,22.5075,22.9645,23.0766,22.153,22.0901,21.9777,22.1788,22.3997,22.3534,22.8128,22.7928,22.8723,23.0359,22.0416,22.0822,22.5337,22.0755,22.7006,21.5108,21.5578,21.2472,21.4544,21.9,22.5196,22.2289,22.5918,22.2992,23.2498,22.117,22.4378,22.312,22.1756,22.4066,22.5526,22.493,22.5946,23.6153,23.6872,22.704,22.8318,23.0241,22.4028,22.8805,20.9474,20.9073,21.2662,21.4255,22.5982,21.3472,22.2459,22.4943,22.5046,22.9336,22.0966,22.1211,22.1626,22.3663,22.9952,22.4956,21.9586,21.9625,22.4488,22.9817,21.1451,21.8653,22.1698,22.446,22.7065,21.0195,21.0072,21.759,21.5897,22.3684,22.4037,20.8169,21.3853,20.8525,22.788,21.0613,21.6532,22.2208,22.394,23.3632,20.9092,21.0593,21.4504,22.6214,23.1492,21.0421,20.9447,21.8334,21.7718,22.2224,21.524,21.622,22.0759,21.8921,22.6592,21.3881,21.8653,21.9303,22.4388,23.7468,21.438,21.5048,21.9851,22.1544,22.278,21.0357,21.6362,22.0326,22.353,22.5529
255,1:49:15 PM,21.2035,21.3808,21.0792,21.5067,22.3916,22.2272,21.867,22.526,22.8793,22.9209,21.9267,22.2647,21.9673,22.2012,22.1268,22.1714,22.5772,22.5883,22.8902,23.1493,21.7225,22.2696,22.6342,21.9544,22.6024,21.3813,21.4853,21.1969,21.6335,22.2086,22.5553,22.1344,22.2082,22.3773,23.0498,22.2483,22.2321,22.4241,22.5293,22.5436,22.6601,22.6397,22.6518,23.3269,23.6761,22.5398,22.6829,23.0319,22.6086,23.1521,21.1957,20.9571,21.3565,21.671,22.6724,21.5373,22.0553,22.2559,22.7373,22.7358,22.0165,22.2133,21.9906,22.5717,23.3473,22.3122,21.849,21.7099,22.256,23.1842,21.2719,21.7865,22.2428,22.4818,23.0976,21.0376,21.1826,21.6704,22.033,22.238,22.4285,21.0317,21.5989,20.8454,22.6879,21.005,21.3677,22.0688,22.3595,23.5509,20.6014,21.1135,21.6921,21.8823,23.2251,20.7523,21.038,21.4777,21.4947,21.5523,21.6948,21.6521,21.8294,22.116,22.904,21.6202,21.6916,21.9063,22.5726,23.9898,21.4962,21.6451,22.0265,21.9366,22.2617,20.8318,21.4495,21.8789,22.2006,22.6229
256,1:49:35 PM,21.0852,21.1776,21.0194,21.5091,22.2274,22.1558,22.1499,22.4681,22.7913,23.0214,21.8751,21.759,21.8795,22.1349,22.5317,22.2923,22.5914,22.4817,22.7426,23.3728,22.0279,22.1637,22.3984,21.8106,22.9234,21.2506,21.4983,21.0477,21.3983,22.1647,22.1786,22.1729,22.4804,22.4263,23.2312,22.0949,22.4298,22.2127,22.1527,22.6242,22.6909,22.3087,22.4316,23.1905,23.5543,22.693,22.7812,22.9955,22.6389,22.8823,21.1192,20.7004,21.0801,21.5153,22.7007,21.2078,22.1287,22.3551,22.6998,22.6161,22.0087,22.3526,21.981,22.4574,23.244,22.0,21.824,21.6514,22.3708,23.1017,21.1156,21.8104,22.0474,22.4566,22.8829,21.0302,21.2584,21.4307,21.8266,22.3711,22.3374,20.9505,21.4112,20.7695,22.7449,20.939,21.47,22.1979,22.5351,23.7594,20.6902,20.8359,21.1069,22.147,23.132,21.0393,21.1647,21.8975,21.5322,22.3486,21.4287,21.6848,21.8389,22.0593,22.7578,21.5353,21.9511,21.9806,22.3224,24.4389,21.4548,21.307,22.0757,22.0206,22.2934,20.7477,21.6568,21.6893,22.0241,22.5453
257,1:49:55 PM,21.1818,21.5023,21.1973,21.7307,22.4529,22.0432,21.9158,22.7403,23.0163,22.8779,21.9962,21.953,21.8798,22.0546,22.2613,22.0909,22.4753,22.306,22.8811,22.9528,21.9517,21.7784,22.1506,22.0068,22.7418,21.1214,21.367,21.2204,21.4163,22.2863,22.2722,21.9415,22.4925,22.2209,23.2795,22.0403,22.1934,22.1553,22.247,21.9951,22.6609,22.4744,22.5646,23.1634,23.6579,22.5769,22.7848,22.9825,22.5498,23.1175,21.1289,20.5533,21.2451,21.4925,22.7527,21.2002,22.0897,22.2947,22.5347,22.8844,22.1417,22.3064,21.95,22.175,23.1116,22.1241,21.771,21.6489,22.2635,22.9503,21.2343,21.5534,22.1429,22.3199,22.8189,20.8169,21.0466,21.6006,21.6595,22.1665,22.2154,20.9743,21.1497,21.1102,22.6993,20.993,21.634,22.0829,22.4398,23.2296,20.8683,20.719,21.2264,21.9395,22.8453,20.6974,21.2292,21.6672,21.2676,22.2093,21.396,21.4418,21.9491,21.8495,23.166,21.5199,21.7751,21.6947,22.2864,24.1179,21.335,21.3953,21.9755,21.8458,21.9393,20.6742,21.5622,21.8596,22.2393,22.3246
258,1:50:15 PM,21.1143,21.3637,21.3276,21.4976,22.4427,22.0746,21.8922,22.1761,22.3945,22.8465,21.9974,21.9177,21.6361,21.9453,22.5489,22.2808,22.4103,22.4791,22.8528,22.8437,22.0552,22.0628,22.1598,21.8325,22.5865,21.1995,21.4543,21.0055,21.4335,22.0272,22.5415,21.8043,22.3234,22.4117,23.1937,22.1322,22.3279,22.0952,22.2859,22.0509,22.1324,22.3774,22.6009,23.3402,23.4669,22.4763,22.7667,22.7782,22.3888,22.9577,21.0249,20.6495,21.2072,21.3354,22.5668,21.3688,21.8187,22.3014,22.5863,22.7276,22.1189,22.1866,22.0868,22.3509,23.223,22.2953,21.7526,21.6688,22.2997,22.8122,21.2247,22.1089,22.1115,22.4443,22.7798,20.8712,21.246,21.5928,21.7039,22.2236,22.2739,20.8707,21.4578,20.6837,22.3289,20.9729,21.3071,22.0557,22.0386,23.4726,20.5351,20.8222,21.3113,22.4214,23.3382,20.7932,21.2747,21.7527,21.548,22.0524,21.4933,21.7171,21.7519,21.952,22.298,21.5918,21.7931,21.9578,22.162,23.8299,21.5092,21.3157,22.0945,21.9445,22.3496,20.459,21.3744,21.6961,22.1515,22.2812
259,1:50:35 PM,21.0164,21.2796,21.1948,21.5209,22.2252,22.0398,22.0981,22.49,22.617,22.5922,21.9176,21.7618,21.7586,22.0052,22.1691,22.1664,22.3747,22.5807,22.8582,23.1327,21.979,22.1534,22.2837,22.1022,22.7006,21.0162,21.2975,21.526,21.5082,22.0789,22.0947,22.2329,22.4329,22.5335,22.9268,22.3004,22.0977,22.1188,22.0852,21.8784,22.3645,22.4573,22.4157,23.0944,23.5848,22.413,22.6469,22.7608,22.5401,22.9956,20.7333,20.7414,21.1081,21.4545,22.5674,21.226,22.0173,22.4481,22.3346,22.5116,22.0018,22.2522,21.8374,22.3394,23.4197,21.9723,21.6651,21.7275,22.2529,22.9349,21.2145,21.7266,22.0039,22.308,22.7083,20.6828,20.9985,21.4096,21.5558,22.2634,22.3031,20.9639,21.6827,20.6347,22.6719,20.7664,21.2956,21.9296,22.1918,23.9257,20.6868,20.7489,20.7572,22.1527,23.0396,20.8622,21.0826,21.703,21.7329,21.4822,21.2527,21.4008,21.5811,21.7404,22.5452,20.8312,21.6289,21.6766,22.0811,24.09,21.4015,21.1821,21.9844,21.8025,22.3132,20.5155,21.366,21.8438,22.091,22.297
260,1:50:55 PM,21.0453,21.3869,21.0971,21.5544,22.2918,22.0608,21.8276,22.3617,22.7317,22.5781,21.9251,21.9429,21.5963,22.0162,22.3867,22.0583,22.4968,22.3282,22.651,22.886,21.8867,21.6545,22.2837,21.6341,22.4902,21.1269,21.2871,21.1299,21.4582,22.0588,22.1186,21.9801,22.2554,22.3551,23.2835,21.812,22.1946,22.1241,22.1542,21.9832,22.4312,22.4012,22.2449,23.1558,23.399,22.4718,22.4683,22.7842,22.3446,22.9843,20.5763,20.7652,21.1036,21.4908,22.4817,21.1487,22.0798,22.4619,22.3376,22.5258,21.8314,21.978,22.0511,22.1265,23.1504,22.2889,21.8316,21.8411,22.2468,22.9786,21.0836,21.7152,22.0233,22.4124,22.7663,20.7752,20.9237,21.6135,21.5271,22.3747,22.4216,20.9409,21.5165,20.4659,22.409,20.8704,21.2681,21.8274,22.2271,23.8038,20.4814,20.7209,20.7864,22.3241,23.1628,20.7943,21.1444,21.6403,21.4721,21.8843,21.2442,21.6001,21.3788,21.9604,22.5433,21.2801,21.7455,21.6884,22.096,24.0225,21.1823,21.2402,21.9631,21.7579,21.931,20.5928,21.3926,22.0817,22.2402,22.5095
261,1:51:15 PM,21.0905,21.1487,20.957,21.554,22.3092,22.0953,21.9263,22.1535,22.7827,22.6184,21.8208,21.6605,21.4864,21.6413,22.1748,22.1864,22.2949,22.722,22.5698,23.1,21.8289,21.7698,22.2082,21.7844,22.5426,21.3136,21.2918,20.7979,21.4987,22.2337,22.3724,22.0458,22.3263,22.5068,23.0011,21.9394,21.9493,22.16,21.7373,21.9857,22.5038,22.4875,22.3369,23.1657,23.5499,22.5519,22.5214,22.6763,22.4217,22.6586,20.791,20.734,21.0608,21.3955,22.5946,20.8357,22.0427,22.0627,22.3696,22.5655,22.0609,22.0813,21.9799,22.1888,23.034,22.0704,21.6245,21.4963,22.1922,22.8517,21.0181,21.7782,22.2129,22.1407,22.2127,20.7561,20.8273,21.4516,21.3405,22.0881,22.0898,20.9012,21.4787,20.6219,22.5122,20.6467,21.2574,21.7972,22.1851,23.5033,20.6043,20.6516,20.7754,22.0795,23.1082,20.6286,21.0287,21.6101,21.6229,21.8124,21.3373,21.4127,21.7248,21.7095,22.7246,21.3651,21.6961,21.908,22.1673,24.0746,21.3241,21.4538,21.835,22.0268,21.7542,20.5233,21.4241,21.4953,21.9254,22.2947
262,1:51:35 PM,21.0208,21.368,20.9426,21.3573,22.2963,22.0161,21.7778,22.2972,22.7911,22.6203,21.7614,21.857,21.4982,21.8,22.1726,22.2434,22.4927,22.145,22.627,22.9114,21.9443,21.5201,22.1416,21.2626,22.6505,20.9557,21.0725,21.2196,21.1995,21.809,22.4775,21.7903,22.2806,22.2812,23.0932,21.9862,21.8728,21.7886,21.7535,21.906,22.3247,22.2119,22.3854,23.0253,23.341,22.3872,22.5407,22.6223,22.3144,22.8178,20.9553,20.663,21.0214,21.4243,22.3329,21.4142,21.8946,22.3016,22.3664,22.0466,21.8091,22.1237,21.9383,22.0786,23.0413,22.2175,21.751,21.7508,22.0903,22.751,20.7052,21.8475,21.8523,22.0362,22.5271,20.8066,20.9046,21.2111,21.477,22.1542,22.1267,20.6551,21.3261,20.6552,22.3235,20.9526,21.2844,22.0105,22.3719,23.7062,20.5913,20.8279,21.048,22.526,23.0114,20.6629,20.8028,21.6968,21.5254,21.6615,21.3504,21.3812,21.6711,21.6653,22.5102,21.316,21.5277,21.8204,22.1086,24.4368,21.3518,21.4129,21.8372,21.7646,21.9447,20.7313,21.2297,21.6585,22.008,22.5239
263,1:51:55 PM,20.8458,20.9556,20.9488,21.3029,22.0171,22.0231,21.744,22.1892,22.4193,22.5837,21.6546,21.7606,21.6361,21.5668,22.3122,22.1498,22.3185,22.5737,22.4246,22.9387,21.5939,21.8946,22.0768,21.648,22.4081,20.9247,21.2763,20.9642,21.2814,21.969,21.8453,22.1357,22.1147,22.101,22.8436,21.8566,22.0647,21.9096,21.8276,21.8573,22.3978,22.3702,22.1392,23.0364,23.5422,22.2613,22.3684,22.7498,22.4007,22.9762,20.6388,20.5549,20.9271,21.2151,22.5812,20.9017,21.7907,21.9302,22.2442,22.4819,21.8202,22.1272,21.651,22.0233,22.8847,22.1453,21.6622,21.2478,21.8781,23.0814,21.1108,21.5686,21.8168,22.2958,22.3153,20.8305,20.7222,21.36,21.318,22.1074,22.1044,20.5982,21.3283,20.4303,22.1519,20.6208,21.0294,21.8168,22.0561,23.208,20.6924,20.7675,20.3322,21.99,23.049,20.7553,21.0366,21.6543,21.7289,21.6492,21.347,21.441,21.4253,21.7123,22.26,21.1138,21.7387,21.8202,22.0131,23.3187,21.245,21.2112,21.8432,21.7175,21.562,20.4086,21.2998,21.7697,22.1495,22.5217
264,1:52:15 PM,21.0422,21.1424,21.0639,21.373,22.2577,22.0065,21.6427,22.38,22.4151,22.6398,21.7021,21.6022,21.5302,21.6159,22.1742,22.1449,22.2506,22.1794,22.4016,22.9751,21.7594,21.7591,22.1384,21.5199,22.4923,20.9296,21.3977,20.9674,21.16,21.829,22.0901,21.9423,22.4445,22.205,22.8844,21.6744,21.9608,21.9483,21.825,22.0735,22.2902,22.1759,22.327,22.8074,23.4869,22.4279,22.4874,22.6643,22.2284,22.735,20.8985,20.5754,20.9788,21.3799,22.4626,21.0888,21.8161,22.1416,22.4941,22.4137,21.7994,22.1396,21.6929,22.0432,22.8614,22.086,21.5793,21.485,22.0009,22.9275,20.5478,21.4126,21.9462,22.0311,22.466,20.4913,20.8518,21.2632,21.2211,21.9001,22.0523,20.8248,21.5592,20.5523,22.5301,20.7971,21.0046,21.9719,21.8122,23.1176,20.5291,20.542,20.9495,21.8652,22.9016,20.7227,20.8499,21.5002,21.3178,21.7693,21.3871,21.3705,21.5152,21.4879,22.2607,20.9326,21.4808,21.5785,21.8626,23.7892,21.4035,21.1106,21.7862,21.7302,21.418,20.6434,21.2309,21.5772,21.9526,22.483
265,1:52:35 PM,21.128,21.0,21.1295,21.4078,22.084,21.7923,21.6276,22.2903,22.3523,22.4615,21.7144,21.6392,21.684,21.6465,21.8949,22.0253,22.1144,22.141,22.4715,22.6447,21.5065,21.413,21.931,21.733,22.4079,20.9996,21.4074,20.7905,21.4851,21.9559,22.3011,21.8749,22.1531,22.2122,23.0095,21.7535,22.0288,21.9182,21.9654,21.772,22.2018,22.1734,22.1127,23.1827,23.2594,22.1865,22.3758,22.553,22.0715,22.6709,20.8451,20.6862,20.8206,21.0553,22.433,20.6917,21.7816,22.227,22.4384,22.4061,21.8546,21.8972,21.7601,21.8491,22.703,21.8646,21.5734,21.5456,21.8341,22.738,21.0928,21.2398,21.845,22.0416,22.3999,20.7752,20.8794,21.1845,21.2758,22.18,22.0241,20.6235,21.1471,20.5301,22.3726,20.7269,21.276,21.8117,21.9852,23.7596,20.2218,20.4845,20.5962,22.0082,22.9805,20.6174,20.9911,21.2673,21.1238,21.0523,21.2301,21.1957,21.3525,21.5249,22.4317,21.0039,21.4886,21.5798,22.2966,24.1356,20.9666,21.1317,21.9748,21.7097,21.5465,20.4575,21.0999,21.4703,21.9523,22.2456
266,1:52:55 PM,20.9706,21.0908,20.9459,21.4275,22.0393,21.8258,21.7158,22.3442,22.5124,22.6953,21.7571,21.7347,21.3473,21.4142,21.9766,21.998,22.1948,22.3288,22.5057,22.91,21.6268,21.8434,22.0071,21.829,22.4044,21.0649,21.3004,21.3306,21.167,21.8865,22.0122,21.7524,22.3617,22.0404,22.8877,21.7507,22.0047,21.7306,21.4558,21.556,21.8492,21.8598,22.1896,22.7967,23.2176,22.1037,22.314,22.6338,22.0203,22.2685,20.5549,20.7627,20.9111,21.132,22.3678,21.373,21.7086,22.0395,22.2304,22.2973,21.7499,22.1194,21.6567,21.8908,23.0896,21.7988,21.6277,21.426,22.1409,22.5358,21.0401,21.5546,21.728,22.0135,22.2715,20.5715,20.6072,21.3169,21.2836,21.9879,21.8817,20.5072,20.9828,20.3429,22.2067,20.6019,21.2025,21.5988,21.9305,23.1339,20.4588,20.4353,21.2776,22.2224,23.0796,20.5735,21.172,21.2691,21.3514,21.9483,21.1154,21.307,21.3381,21.8232,22.4041,21.1018,21.4767,21.2783,21.8858,23.454,21.1976,21.0753,21.6148,21.6362,21.8086,20.3652,21.1002,21.6691,21.9739,22.2309
267,1:53:15 PM,21.0821,20.7239,20.9145,21.313,21.8092,21.5344,21.2633,22.0985,22.2427,22.6138,21.5855,21.5462,21.3188,21.5494,22.1114,21.7868,22.0451,22.0637,22.259,22.626,21.7682,21.5707,21.9759,22.0445,22.499,20.7424,21.1012,20.6994,20.8539,21.792,22.0129,21.7202,22.1284,21.8873,22.8639,21.877,21.8338,21.7876,21.6552,21.771,21.9877,21.923,21.9328,22.9356,23.3804,22.0418,22.3666,22.4379,22.1816,22.4925,20.6267,20.3879,20.9191,21.0536,22.3174,20.8845,21.8217,22.0081,22.2185,22.5053,21.7512,21.8463,21.7789,21.9419,22.8979,21.7441,21.6411,21.4753,21.9859,22.6421,20.8372,21.4321,21.862,22.1039,22.4308,20.7174,20.6673,21.225,21.1683,21.8392,22.0945,20.5268,21.1038,20.1561,22.2201,20.6017,21.1783,21.9585,22.0965,22.9641,20.339,20.4522,20.8015,22.0517,22.7561,20.7637,21.0528,21.1438,21.1859,21.3465,21.0829,21.2127,21.3496,21.7178,22.4998,20.9973,21.3094,21.5517,21.8773,24.011,20.9941,20.9843,21.6509,21.8024,21.5732,20.7132,21.2105,21.6052,22.0921,22.2348
268,1:53:35 PM,20.8531,21.0907,20.9681,21.2395,22.0965,21.8358,21.3132,22.0387,22.4198,22.5235,21.7315,21.5831,21.6497,21.7483,22.1034,21.7034,22.1237,22.0465,22.2403,22.827,21.418,21.5284,21.7424,21.8422,22.5581,20.7957,21.1119,20.8122,21.0062,21.8095,21.8171,21.4939,22.1538,21.9251,23.0366,21.8567,21.977,21.894,21.841,21.8158,22.0509,21.9957,21.9801,22.7629,23.2706,22.1609,22.1732,22.481,22.05,22.5909,20.5312,20.5511,20.9112,21.0006,22.2449,20.9558,21.5781,21.9653,22.2911,22.1763,21.6779,21.7355,21.3557,21.8185,22.8874,21.8819,21.4942,21.4299,22.0614,22.5084,20.5241,21.2659,21.5016,22.1581,22.436,20.5791,20.4873,21.1214,21.1801,21.958,21.9577,20.7189,21.0613,20.1789,22.7503,20.2572,20.7452,21.7171,21.742,23.1533,20.1149,20.4993,20.8087,21.8539,23.0113,20.557,20.9125,21.5141,21.1334,21.7258,21.0797,21.1407,21.3932,21.4,22.4167,20.9992,21.1576,21.4002,21.7862,23.5865,21.2258,21.1814,21.5552,21.8112,21.7336,20.4124,21.2088,21.6261,21.8159,22.2969
269,1:53:55 PM,20.8685,20.9567,20.8034,21.2368,21.9531,21.7641,21.2957,22.0993,22.3243,22.5139,21.7587,21.7834,21.3286,21.496,22.0095,21.8112,22.0357,22.0215,22.6597,22.5521,21.5995,21.8061,21.9612,21.4823,22.4364,20.7991,21.0737,20.9512,21.0038,21.5421,21.3322,21.7712,22.0513,22.1327,22.8153,22.0002,21.9462,21.7138,21.2256,21.6961,21.9363,21.9856,21.8891,22.8792,23.4117,22.0794,22.3982,22.4827,21.9038,22.4592,20.7481,20.4216,21.0525,21.3178,22.2958,20.8102,21.9354,22.0021,22.1317,22.2225,21.8175,21.8067,21.7174,21.8879,22.8184,21.9259,21.5766,21.2412,21.8732,22.456,20.5624,21.3619,21.7729,22.1617,22.2216,20.4638,20.764,20.9755,21.3267,21.9259,21.9477,20.4746,20.7824,20.3287,22.4664,20.4687,21.3897,21.7447,21.7483,22.9794,20.2616,20.317,20.4599,22.04,22.8758,20.4724,20.7131,21.4757,21.1392,21.3019,21.0443,21.1876,21.3922,21.2779,22.5003,20.9484,21.4046,21.3718,22.1552,23.9795,20.98,21.1286,21.5826,21.6906,21.7071,20.3597,20.8184,21.3212,21.8635,22.2387
270,1:54:15 PM,20.6455,20.7735,20.7894,21.3466,21.6674,21.4783,21.1993,21.9501,22.2572,22.4137,21.4806,21.3932,21.1628,21.5389,21.9427,21.6703,22.0204,22.017,22.4262,22.7057,21.772,21.5809,21.9376,21.308,22.4183,20.7203,20.9252,20.7446,21.1489,21.7521,21.9867,21.4937,21.9309,22.0163,22.7673,21.8201,21.7893,21.6803,21.8179,21.8046,22.0053,21.9628,22.0037,22.9337,22.9633,22.0904,22.4106,22.4445,21.9149,22.4268,20.6821,20.6988,20.7627,21.1145,22.0171,20.5921,21.7059,21.968,22.024,22.2342,21.6455,21.7341,21.7827,21.7555,22.9259,21.7862,21.4592,21.3455,21.8405,22.6851,20.7011,21.2352,21.7954,21.6549,22.1316,20.5789,20.4746,20.9394,21.2551,21.7715,21.8956,20.7004,20.8618,20.4992,22.4031,20.6131,20.7589,21.5087,21.7241,22.9458,20.4368,20.7197,20.2175,21.9613,22.9512,20.1429,20.9657,21.3824,21.2904,21.8795,20.9594,21.0765,21.2244,21.5199,22.1445,20.9399,21.2989,21.5813,22.0194,23.7694,21.3713,20.74,21.7069,21.5092,21.8138,20.3146,21.2953,21.5888,21.9563,22.0847
271,1:54:35 PM,20.8259,21.0142,20.68,21.3295,21.7974,21.6946,21.6401,21.9113,22.2523,22.4059,21.4515,21.4593,21.3514,21.4308,21.8372,21.7805,21.9075,21.9887,22.5332,22.6854,21.6255,21.5707,22.171,21.6727,22.196,20.6532,21.0199,20.8593,21.0145,21.6934,21.842,21.7058,22.0316,21.8972,22.8196,21.5819,21.7144,21.7537,21.8539,21.9675,22.0736,21.7862,22.0282,22.7904,23.2408,22.0973,22.2684,22.2051,22.0228,22.3913,20.491,20.2093,20.6379,21.0199,22.1204,20.7306,21.5195,21.8709,22.1874,22.1905,21.5978,21.7815,21.4603,21.907,22.9806,21.8453,21.3255,21.1759,21.7906,22.3308,20.9202,21.0665,21.6178,21.9963,22.326,20.4275,20.4836,21.0271,21.1178,21.7123,21.718,20.4997,21.0067,20.3656,22.3188,20.5662,20.9248,21.5071,21.6924,23.1967,20.0239,20.3296,20.8293,21.6538,22.6064,20.3728,20.8234,21.3279,21.1923,21.4248,21.0002,21.0064,21.3694,21.2894,22.1789,20.6572,21.2806,21.3256,22.1431,23.2155,21.0497,20.9797,21.3926,21.7455,21.4104,20.2682,21.1966,21.4555,21.8919,22.2289
272,1:54:55 PM,20.7114,20.7811,20.6574,21.0756,21.5784,21.6304,21.3222,21.8443,22.0302,22.3906,21.5641,21.691,21.7307,21.8236,21.8395,21.8821,21.9025,21.9688,22.3319,22.5859,21.5576,21.7178,22.1428,21.496,22.3224,20.8081,20.9861,20.4338,20.7908,21.7303,21.7758,21.5059,21.8296,21.7702,22.7451,21.6966,21.9171,21.8237,21.7773,21.5834,22.1961,21.9788,21.888,22.5998,23.2144,22.0361,22.1081,22.3014,22.0738,22.6251,20.3828,20.1941,20.7133,20.9631,22.0516,20.7078,21.3796,21.8407,22.1747,22.2622,21.5514,21.8728,21.4187,22.0006,22.8261,21.9359,21.3022,21.0975,21.7779,22.6076,20.4599,21.3917,21.9938,21.9113,22.4645,20.4186,20.4039,21.0736,20.8706,21.8122,21.9361,20.453,21.1533,20.3213,22.0925,20.593,20.943,21.5093,21.7764,22.8718,20.2422,20.451,20.9231,21.9302,22.6314,20.2611,20.9135,21.0373,20.948,21.3456,20.8825,21.1416,21.0461,21.3197,22.3161,21.0321,21.393,21.392,22.3756,23.6261,21.0407,20.8871,21.628,21.4873,21.3622,20.3384,20.9328,21.6476,21.8096,22.0292
273,1:55:15 PM,20.8841,20.7764,20.6783,21.269,21.7278,21.3329,21.3932,21.8725,22.2036,22.3698,21.7458,21.4574,21.3589,21.4773,21.9793,21.7248,21.9042,22.0039,22.181,22.6008,21.5758,21.5034,21.7665,21.207,22.4789,20.7951,20.997,20.762,21.0094,21.8327,21.6979,21.721,21.9843,21.9653,22.5068,21.5005,21.638,21.6255,21.8464,22.2395,21.8274,21.9084,21.9142,22.6854,23.168,21.8757,22.2644,22.4704,21.8531,22.1653,20.6097,20.3952,20.7556,20.8806,22.1939,20.681,21.364,21.6248,22.0344,22.0154,21.7675,21.6358,21.4057,21.6157,22.8499,21.7436,21.5945,21.2569,22.196,22.7826,20.794,21.4301,21.6893,22.0578,22.0793,20.4025,20.6047,20.9101,21.1323,21.5639,21.8783,20.6364,20.7032,20.1405,22.2369,20.3224,20.8154,21.2023,21.6086,22.4353,20.1998,20.5025,20.4954,21.7969,22.638,20.3897,20.7912,21.2431,20.8623,21.2775,20.844,21.0547,21.1531,21.1214,22.1989,21.1134,21.2072,21.4067,22.2654,23.5473,21.1667,20.9195,21.5163,21.5417,21.5136,20.5783,20.8866,21.2977,21.8768,22.3255
274,1:55:35 PM,20.8876,20.9913,20.6892,21.0575,21.701,21.7395,21.3941,21.6268,21.74,22.1041,21.427,21.2858,21.1141,21.3484,21.8363,21.7781,21.9494,21.9976,22.111,22.6486,21.4722,21.4741,21.7587,21.4576,22.35,20.6678,20.8431,20.8571,21.0333,21.3478,22.0684,21.5266,22.0726,22.2997,22.7013,21.5899,21.5899,21.7088,21.7011,22.0152,21.9645,21.811,22.161,22.813,23.1771,22.0049,22.3285,22.4332,21.8543,22.5441,20.3987,20.2431,20.4469,20.8645,22.0486,21.207,21.3564,21.979,21.8925,22.0659,21.5633,21.661,21.45,21.74,22.6375,21.8917,21.35,21.1463,21.7135,22.6999,20.5824,21.3186,21.306,21.8749,22.1716,20.3798,20.3843,20.8123,21.1576,21.8724,22.0366,20.6319,20.8942,20.0767,22.2646,20.5495,20.7405,21.7415,21.8259,22.9371,20.138,20.188,20.4824,21.6916,22.6758,20.5954,20.7401,20.9886,20.6291,21.8589,20.8256,20.8537,21.2573,21.4013,22.1755,20.9342,21.01,21.2707,22.2117,23.2485,21.0487,20.937,21.3479,21.3556,21.9218,20.0204,20.9829,21.4449,21.7291,22.0523
275,1:55:55 PM,20.8152,20.5659,20.8182,21.0081,21.4928,21.5582,20.9414,21.5707,21.8782,22.1327,21.3182,21.5902,21.0518,21.468,21.7257,21.6129,21.7535,21.6973,22.3033,22.6042,21.6419,21.3592,21.5061,21.3305,22.1399,20.5564,20.8748,20.4636,20.7679,21.4399,21.9032,21.7524,21.9934,21.8966,22.6701,21.5228,21.6624,21.7206,21.3539,21.3593,21.8109,21.7172,21.9104,22.571,22.9862,22.0457,22.2152,22.2666,21.8182,22.3404,20.3284,19.8841,20.6143,20.9561,22.15,20.5245,21.4098,21.7868,21.8388,22.037,21.5449,21.6891,21.5918,21.8071,22.6424,21.6911,21.3565,21.3608,21.7117,22.5907,20.5509,21.4844,21.7696,22.1143,22.2983,20.309,20.5482,20.9642,21.0437,21.6501,21.9397,20.2804,20.4687,20.2024,22.3949,20.6596,20.9144,21.5041,21.9258,23.0851,20.0659,20.3075,20.8525,21.6366,22.6518,20.347,20.8267,20.9932,21.1344,21.1744,20.972,20.6681,21.2308,21.3744,22.1523,20.9721,21.2057,21.2066,21.9576,23.2299,20.992,20.7229,21.3822,21.487,21.5828,20.2982,20.9925,21.0992,21.876,22.1502
276,1:56:15 PM,20.3212,20.5027,20.5954,21.0239,21.5027,21.4777,21.3397,21.8078,22.1124,22.1777,21.4768,21.3394,20.9732,21.3044,21.6479,21.657,21.8444,21.8462,22.1267,22.4656,21.5585,21.4989,21.6368,21.3386,22.409,20.4448,20.678,20.4276,20.8303,21.3777,22.0178,21.4918,21.8583,21.635,22.6844,21.451,21.6862,21.3369,21.5822,21.3452,22.012,21.7144,21.885,22.6484,23.1261,22.0915,22.0646,22.1702,21.7044,22.4252,20.1598,20.211,20.4889,20.7342,21.8339,20.8465,21.3874,21.8266,21.9623,21.967,21.3809,21.4515,21.486,21.9528,22.4571,21.6765,21.3163,21.2392,21.5812,22.3459,20.5237,21.1509,21.504,21.8001,21.8895,20.335,20.2633,20.8163,20.9923,21.6392,21.9532,20.2908,20.5187,20.0895,22.4004,20.4032,20.9717,21.7468,21.942,23.1304,20.1939,20.5356,21.07,21.3575,22.4265,20.3619,20.5412,21.0907,20.9659,20.9353,20.9205,21.0585,21.1793,21.2866,22.4536,21.034,21.1959,21.2854,21.8048,23.4616,20.7307,20.7704,21.2522,21.1896,21.6589,20.0712,20.948,21.3184,21.8625,22.1441
277,1:56:35 PM,20.5758,20.589,20.687,21.2742,21.7605,21.304,21.3344,21.8298,22.0638,22.2997,21.4182,21.4774,21.06,21.3991,21.6426,21.6567,21.8024,21.6917,22.1442,22.4401,21.2711,21.2707,21.7376,21.3027,22.1645,20.3638,20.6711,20.4444,20.7031,21.4562,22.0293,21.4167,21.9021,21.9706,22.4567,21.5345,21.4202,21.5002,21.6344,21.8576,21.9101,21.8383,21.8026,22.6613,22.7453,21.7647,21.9595,22.2984,21.8734,22.3461,20.4322,20.0849,20.7027,20.8008,22.1341,20.4127,21.4968,21.596,21.8483,22.2962,21.2515,21.6493,21.1651,21.7371,22.5705,21.5546,21.3063,21.2027,21.6035,22.4861,20.6415,21.3422,21.2877,21.6884,22.0626,20.4924,20.4724,20.768,21.058,21.6094,21.8001,20.3645,20.8923,20.1382,22.2055,20.3958,20.6774,21.4421,21.7344,23.1985,20.2736,20.3187,20.8459,21.658,22.6909,20.4485,20.5325,20.6885,21.167,21.5082,20.7494,20.7992,21.1552,21.1955,21.96,20.9974,21.0749,21.1075,21.9319,23.6698,20.7955,20.5887,21.2719,21.3041,21.2124,20.1477,20.9996,21.025,21.5568,21.9439
278,1:56:55 PM,20.4685,20.6486,20.7084,21.1319,21.5777,21.628,21.1346,21.7597,22.0209,22.2044,21.5526,21.1677,21.1943,21.2223,21.2927,21.6361,21.7048,21.8238,22.2744,22.381,21.3733,21.1251,21.7772,21.2671,22.1294,20.7499,20.8617,20.4838,20.8176,21.4864,21.7623,21.5233,21.6817,21.7872,22.71,21.7013,21.3377,21.3965,21.4541,21.6858,21.8516,21.9081,21.9953,22.5852,22.8925,21.8953,22.0915,22.1014,21.6267,22.2865,20.4564,20.0826,20.481,20.7513,21.8902,20.9997,21.5135,21.6988,21.9552,21.7904,21.475,21.4428,21.3076,21.6487,22.7895,21.5533,21.1343,20.9948,21.4586,22.3878,20.5264,21.1261,21.4029,21.6399,22.1048,20.2326,20.4391,20.8377,21.154,21.573,21.6065,20.5345,21.2872,20.3133,22.1895,20.1562,20.9791,21.3799,21.6565,22.8041,20.2319,20.312,20.5596,21.6324,22.3901,20.2664,20.3255,20.9919,20.7937,21.8598,20.9471,20.9788,21.0335,21.085,21.885,20.884,21.055,21.2494,21.9116,23.2842,21.0945,20.5817,21.4362,21.3456,21.5141,20.1072,20.7245,20.3121,21.5786,22.1424
279,1:57:15 PM,20.4583,20.7347,20.3325,21.0914,21.7715,21.4505,21.1095,21.8831,22.1388,22.2657,21.2574,21.0827,21.0307,21.2019,21.3936,21.4001,21.355,21.7304,21.9052,22.4024,21.2885,21.3104,21.6463,21.3928,21.9339,20.3533,20.6452,20.8697,20.9274,21.6495,21.6835,21.6642,21.7333,22.0655,22.5727,21.7605,21.6077,21.4576,21.3998,21.3255,21.7368,21.7004,21.9505,22.5708,22.964,21.629,21.8932,22.0062,21.6227,22.2859,20.32,19.86,20.4744,20.7898,22.0361,20.8049,21.3256,21.7889,21.7921,22.0978,21.3819,21.5145,21.4146,21.8604,22.4828,21.8603,21.2024,20.9591,21.5558,22.5703,20.6947,21.0776,21.6157,21.5977,21.8573,20.401,20.4412,20.8235,20.7819,21.5943,21.4997,20.0827,20.7152,19.9769,21.7929,20.5564,20.6811,21.2724,21.4863,22.9941,20.1954,20.3465,20.8685,21.7309,22.4483,20.3887,20.6013,21.2494,20.9238,21.194,20.7737,20.803,21.0198,21.1867,22.0047,20.7743,21.1297,21.2307,22.1891,23.3762,20.8399,20.8368,21.5144,21.4281,21.0446,19.8228,20.8858,20.6821,21.4003,22.0813
280,1:57:35 PM,20.5478,20.8092,20.4833,20.9981,21.6433,21.484,21.454,21.7754,22.2745,22.2465,21.5799,21.3783,21.1995,21.2777,21.1672,21.3623,21.589,21.7022,22.0381,22.0345,21.4859,21.3572,21.5651,21.2082,21.9294,20.4589,20.7622,20.578,20.6582,21.4821,21.3697,21.2419,21.7867,21.9751,22.6271,21.5453,21.7048,21.5061,21.4771,21.553,21.8142,21.6108,21.7301,22.4353,22.7058,21.8076,22.0169,21.9271,21.9055,22.0581,20.4509,19.9108,20.5399,20.6604,22.0461,20.5709,21.329,21.7344,21.9024,22.1441,21.5645,21.3826,21.4926,21.5867,22.5074,21.652,21.1358,21.1776,21.6394,22.364,20.4265,20.9423,21.443,21.4579,21.8423,20.1609,20.2247,20.807,20.8557,21.3723,21.5891,20.2861,20.8983,20.2889,22.047,20.2805,20.5997,21.6061,21.6622,22.7281,19.9998,20.2312,20.4567,21.704,22.3484,20.4681,20.5838,21.0281,21.2464,21.0334,20.5872,20.8564,20.9762,20.8625,21.6941,20.5869,20.9232,21.0176,21.8458,23.7019,20.6883,20.6534,21.4888,21.2873,21.2984,20.1194,20.8684,21.3473,21.828,22.0362
281,1:57:55 PM,20.5599,20.4253,20.4719,21.1281,21.3371,21.65,21.1477,21.6733,22.0369,22.2632,21.2743,21.3003,21.2309,21.002,21.2801,21.3837,21.5054,21.6928,21.9466,22.3379,21.5055,21.1887,21.6433,21.2346,22.1558,20.3444,20.7862,20.6669,20.6375,21.4752,21.763,21.6043,21.9594,21.8059,22.5336,21.7671,21.4737,21.4343,21.1808,21.4003,21.3253,21.5261,21.7035,22.3387,22.7994,21.8667,21.8647,22.0501,21.9357,22.2829,20.3286,20.1047,20.5398,20.7617,22.0423,20.7083,21.2499,21.757,21.9727,21.8978,21.6441,21.4584,21.4074,21.6166,22.239,21.4643,21.0492,21.1486,21.5153,22.1163,20.5048,21.253,21.2857,21.7159,21.8974,20.3371,20.354,20.5741,20.7957,21.6711,21.5155,20.3521,20.426,19.738,22.0706,20.0684,20.4867,21.2693,21.594,23.0955,20.2456,20.0477,20.6136,21.368,22.8921,20.6445,21.1905,21.0275,20.7651,20.9349,20.6953,20.816,20.9805,21.0482,21.5327,20.6045,21.0865,21.1559,21.6856,23.113,20.7286,20.7996,21.253,21.254,20.9929,20.1724,20.8644,20.9379,21.7248,22.185
282,1:58:15 PM,20.4289,20.6232,20.6002,20.9007,21.5524,21.5205,21.2574,21.6428,22.1792,22.1764,21.3026,21.2945,21.1232,21.0544,21.4301,21.2675,21.4544,21.6368,22.1044,22.2584,21.137,21.2522,21.6517,21.313,22.0922,20.3368,20.6569,20.3678,20.762,21.4107,21.6971,21.6686,21.9988,21.6477,22.6558,21.4572,21.4838,21.0919,21.1517,21.5418,21.5225,21.5668,21.8528,22.3628,22.8832,21.7898,21.8912,22.1124,21.7157,22.1547,20.2876,20.1488,20.373,20.7715,21.7643,21.0508,21.0283,21.5932,21.8909,22.0689,21.6943,21.3081,21.1834,21.5164,22.6623,21.4368,21.1328,20.9661,21.5501,22.2087,20.3766,21.0366,21.2717,21.7876,22.0009,20.096,19.9884,20.7545,20.6548,21.6182,21.6074,20.0541,20.1954,19.8245,22.3103,20.246,20.7743,21.4907,21.8916,22.5617,20.0842,20.2405,20.8182,21.3927,22.6726,20.2774,20.5572,21.1436,20.7658,20.769,20.7483,20.822,20.8922,21.029,22.027,20.6688,21.001,21.1598,21.7669,23.5427,20.8205,20.598,21.1228,21.2318,21.2046,20.0183,20.7544,21.1664,21.5507,21.9525
283,1:58:35 PM,20.6445,20.4637,20.4232,20.7091,21.5748,21.5498,21.2262,21.8811,22.1669,22.2101,21.3052,21.1047,20.8181,21.3217,21.4435,21.5784,21.4355,21.9736,22.0926,22.386,21.2267,21.1545,21.6046,21.3209,21.9945,20.6066,20.7368,20.3748,20.4825,21.5135,21.8045,21.351,21.9857,21.8705,22.5743,21.5438,21.501,21.4258,21.2553,21.2687,21.6124,21.4972,21.6713,22.0235,22.9002,21.8898,21.998,22.0662,21.6399,22.3105,20.3274,20.1173,20.4961,20.7255,21.7613,20.839,21.4454,21.6951,21.7232,21.6687,21.8211,21.6079,21.3136,21.4669,22.3264,21.6712,20.9493,20.8692,21.591,22.1431,20.6133,21.1691,21.3012,21.7706,22.2027,20.1358,20.1127,20.6742,21.1183,21.5829,21.3668,20.1833,20.2849,20.1687,21.9594,20.2916,20.9089,21.1897,21.7487,22.5913,19.7384,20.1871,20.6848,21.5085,22.5744,20.2626,20.6382,20.8227,20.5961,21.3257,20.8,20.7598,20.9762,21.1881,21.9577,20.5691,21.0917,21.0051,21.5192,23.3414,20.9474,20.9718,21.0816,21.2815,21.2336,19.9453,20.7222,21.0443,21.7186,22.0599
284,1:58:55 PM,20.3937,20.452,20.4752,20.7797,21.491,21.4638,21.0516,21.9155,21.9311,22.3384,21.3685,21.2203,21.0379,21.4258,21.3245,21.2118,21.444,21.7951,21.9227,22.4557,21.5265,21.1481,21.489,21.2861,21.9492,20.4362,20.6368,20.5177,20.8256,21.2642,21.6152,21.3241,21.8483,21.5472,22.5832,21.4556,21.312,21.2584,21.3702,21.3442,21.4656,21.4193,21.8311,22.4344,22.6956,21.7343,22.0315,22.0243,21.4695,22.1895,20.2431,20.0176,20.6384,20.7463,21.8089,20.4675,21.2308,21.747,21.8946,22.0566,21.3908,21.5279,21.3781,21.691,22.6217,21.5328,21.0148,20.8603,21.4865,22.3312,20.6293,21.262,21.3034,21.7197,22.1914,20.203,20.3346,20.7634,21.1048,21.4894,21.6406,20.1169,20.3889,20.1766,21.6311,20.253,20.4218,21.5757,21.6248,23.1199,19.8678,20.0017,20.4249,21.3275,22.3301,20.0936,20.4424,20.8677,20.8448,21.1997,20.7839,20.7752,20.9932,21.0921,22.0632,20.6681,21.019,20.9307,21.6067,22.5529,20.6414,20.6973,21.2064,21.2977,21.0665,20.1349,20.8146,21.2988,21.7682,22.0486
285,1:59:15 PM,20.6533,20.5531,20.5413,20.7836,21.4436,21.4437,21.0895,21.6871,22.1451,22.2007,21.1023,21.1814,21.0366,21.228,21.4236,21.3891,21.5138,21.6528,21.7692,22.2709,21.1299,20.991,21.5196,21.2153,22.0622,20.6288,20.9261,20.6666,20.5592,21.2721,21.8052,21.2733,21.8499,21.5114,22.5105,21.3711,21.3673,21.2752,21.1323,21.1143,21.6112,21.7087,21.4311,22.485,22.6098,21.5556,21.7529,22.1125,21.4961,22.283,20.5655,20.0481,20.3505,20.6604,21.8069,20.8261,21.2251,21.5538,21.6223,21.6362,21.1597,21.3931,21.4093,21.4519,22.2418,21.524,21.1058,21.0021,21.4408,22.0989,20.0936,21.0019,21.4218,21.694,22.4161,20.1927,20.0357,20.7841,20.6788,21.4984,21.3988,20.2333,20.3393,20.1766,21.9197,20.1556,20.7064,21.4293,21.5464,23.1247,20.3031,20.0704,20.2238,21.0775,22.2577,19.9406,20.481,21.2113,20.757,20.7404,20.6886,20.5824,21.0232,21.0689,21.9274,20.5416,20.7964,21.0705,21.4153,22.6818,21.0737,20.8421,20.9641,21.1421,21.6215,19.8132,20.7057,21.0195,21.8024,22.011
286,1:59:35 PM,20.5322,20.6739,20.439,20.8171,21.5336,21.2776,20.6776,21.848,21.7753,22.047,21.2204,21.297,21.0091,21.3415,21.5126,21.2339,21.4791,21.5791,21.8221,22.4182,20.9892,21.0047,21.3869,21.1557,22.0134,20.3909,20.7719,20.3678,20.5826,21.2608,21.651,21.3832,21.4515,21.6196,22.5509,21.3863,21.4629,21.3998,21.2026,21.5038,21.5166,21.6126,21.5058,22.3228,22.5078,21.701,22.1357,22.0135,21.2517,22.0436,20.2487,19.8436,20.4082,20.5854,21.6911,20.5305,21.1108,21.3492,22.0066,21.7997,21.1891,21.5406,21.0423,21.5722,22.2516,21.6849,21.0372,20.9855,21.4564,22.2064,20.5415,20.9161,21.5305,21.6428,22.276,20.2279,20.2237,20.5489,20.9577,21.2458,21.731,20.2746,20.8967,20.1261,21.9474,20.281,20.4233,21.1739,21.8715,23.0076,19.955,19.8258,20.5625,21.817,22.5319,20.0999,20.5553,21.0647,21.1873,21.4889,20.597,20.6396,21.0904,21.0454,21.8625,20.4555,20.9021,20.9988,21.2558,23.4533,20.6479,20.773,21.0945,21.4847,21.349,20.0565,20.6018,20.9598,21.1569,21.4527
287,1:59:55 PM,20.4748,20.3017,20.2476,20.8662,21.3392,21.0765,20.9725,21.5899,21.8516,22.0379,21.178,21.1192,21.0557,21.342,21.3369,21.2772,21.6184,21.5434,21.688,22.3058,21.1217,21.1498,21.6617,21.3323,22.0339,20.4223,20.5646,20.4362,20.417,21.3824,21.6877,21.2957,21.5513,21.483,22.5692,21.3601,21.5154,21.4662,21.0781,21.5523,21.6027,21.506,21.8421,22.1341,22.9425,21.6029,21.8768,21.9333,21.6601,22.0123,20.3073,20.1632,20.4795,20.5203,21.6208,20.3419,21.1886,21.3749,21.7834,21.6194,21.2986,21.4442,21.2102,21.4738,22.0041,21.5812,21.0616,20.9856,21.2597,22.3175,20.5056,21.1829,21.4091,21.6464,22.1933,20.0205,20.1756,20.6093,20.6985,21.2996,21.5229,20.1029,20.3989,19.7003,21.708,20.0215,20.5508,21.0609,21.2595,22.8735,20.0809,20.0543,20.5568,21.3202,22.4192,20.346,20.311,20.7347,20.8566,21.2185,20.6501,20.7076,21.043,20.9153,21.7712,20.2999,20.8822,21.0112,21.3569,22.8325,20.5468,20.6339,21.2061,21.0688,21.0679,20.0631,20.6439,21.1997,21.3047,21.8441
288,2:00:15 PM,20.5722,20.4209,20.3102,20.8728,21.6655,21.2974,20.9637,21.5887,21.7552,21.9885,21.0812,21.1717,20.8909,21.2411,21.3152,21.3038,21.6146,21.6847,21.8935,22.3356,21.3882,21.1755,21.266,21.3194,22.2547,20.3599,20.5167,20.0886,20.7447,21.1833,21.3527,21.2508,21.574,21.7949,22.4703,21.1073,21.3936,21.2805,21.1588,21.5711,21.6543,21.5927,21.912,22.1553,22.9745,21.639,21.8624,21.8824,21.6777,21.8687,19.9204,19.76,20.3111,20.7238,21.8558,20.7092,21.2522,21.6099,21.7968,21.9908,20.9871,21.2936,21.1824,21.4924,22.2826,21.2962,20.8771,21.044,21.2027,22.0638,20.1592,20.8284,21.3594,21.4299,21.7576,20.2519,20.1427,20.4081,20.4604,21.2759,21.4519,20.262,21.0707,20.0074,21.8725,20.4123,20.8028,21.1366,21.544,22.635,19.8154,20.0249,20.3361,21.188,22.2426,20.0912,20.4057,20.7081,20.341,20.96,20.5205,20.5495,21.1419,21.228,21.8743,20.4378,20.9226,21.0883,21.4193,23.6419,20.9036,20.6175,21.4219,21.3209,20.9938,19.7719,20.6402,20.7358,21.2078,21.9007
289,2:00:35 PM,20.1685,20.3741,20.1107,20.925,21.3017,21.3226,20.8263,21.5241,21.8309,22.1098,21.1012,20.9223,21.0091,21.0038,21.3041,21.4077,21.5767,21.4107,21.8454,22.2003,21.1515,21.1339,21.4065,20.8614,21.9832,20.3052,20.6166,20.2487,20.3034,21.067,21.3379,21.084,21.6624,21.8337,22.4157,21.2418,21.2692,21.0623,21.2151,21.5388,21.5136,21.5119,21.5603,22.1246,22.5448,21.6055,21.815,21.8306,21.5843,21.9395,20.1171,19.6902,20.3292,20.4468,21.6631,20.3129,21.0805,21.421,21.8841,21.7204,21.4451,21.3257,21.3327,21.312,22.2361,21.4923,20.8166,20.8237,21.219,22.4004,20.2114,20.7999,21.0944,21.4218,21.542,19.9482,20.1525,20.4086,20.525,21.2754,21.3291,20.2491,20.6265,19.6902,21.9252,20.2175,20.213,20.9739,21.2473,22.2798,20.087,20.0885,20.449,21.2051,22.5337,20.1347,20.1108,20.8724,20.2087,20.6418,20.5898,20.6366,20.872,20.8468,21.4136,20.3187,20.6678,20.9403,21.28,23.7001,20.7333,20.3419,21.0338,21.1605,21.0497,20.132,20.8326,20.8555,21.3502,21.8822
290,2:00:55 PM,20.153,20.3442,20.3606,20.715,21.3993,21.1891,20.9418,21.5974,21.7686,22.0142,21.0864,21.1039,21.0384,20.9444,21.1665,21.2539,21.3618,21.6068,21.5763,22.1474,21.0018,21.1624,21.4321,20.8432,21.8522,20.2697,20.3462,19.9615,20.2992,21.0642,21.5233,21.2034,21.7291,21.3623,22.4017,21.1291,21.1471,21.2043,21.2388,20.9302,21.2939,21.3714,21.5016,22.0052,22.875,21.4471,21.9543,21.8598,21.4599,21.6663,20.1538,20.049,20.2277,20.6402,21.7125,20.5506,21.1478,21.4334,21.543,21.6543,21.2528,21.1131,20.9651,21.3061,22.1404,21.3201,20.853,20.9306,21.4579,22.0648,20.6087,20.881,20.9836,21.3002,21.5303,20.1,19.956,20.5537,20.5584,21.3897,21.2421,20.0641,20.7861,19.7642,22.0637,20.124,20.3806,21.1108,21.3099,22.6711,19.7813,20.0678,20.1961,21.7026,22.4263,20.096,20.527,20.7581,20.4132,20.851,20.4819,20.5841,20.8439,20.85,21.8368,20.5335,21.0034,20.9151,21.3979,23.552,20.5208,20.5712,21.0531,21.0006,20.8879,19.9923,20.7794,21.0646,21.3562,21.6735
291,2:01:15 PM,20.2474,20.4262,20.3063,20.684,21.5323,21.303,20.9329,21.5574,21.8546,21.7979,21.0471,20.8899,20.9507,21.1964,21.1002,21.3495,21.686,21.5577,21.7451,22.1827,21.2769,20.9253,21.5486,21.0994,21.8158,20.4329,20.4634,20.0551,20.455,21.2833,21.8331,21.0836,21.7719,21.6365,22.3426,21.2755,21.3392,21.4604,20.942,21.0795,21.2177,21.475,21.6918,22.0688,22.4778,21.4894,21.7455,21.9632,21.4877,21.8415,20.1568,20.0577,20.2377,20.4971,21.5758,20.2749,21.0443,21.3031,21.687,21.7316,21.1789,21.5686,21.0256,21.1911,22.0175,21.4809,21.0378,20.8797,21.1289,22.1331,20.1992,20.8879,21.3337,21.4601,21.9698,20.0627,20.1318,20.7455,20.8591,21.086,21.3903,20.2336,20.8727,19.9906,21.945,20.0895,20.3708,21.1656,21.146,22.4327,20.0794,20.0497,20.4261,21.525,22.4385,20.0589,20.332,20.706,20.4472,20.62,20.3922,20.583,20.7698,20.9224,21.9279,20.2097,20.8055,20.8561,21.4049,23.3776,20.4793,20.577,21.0644,21.0217,21.0229,19.5663,20.3238,21.1491,21.235,21.7559
292,2:01:35 PM,20.3321,20.4007,20.2074,20.7901,21.2543,20.974,20.7212,21.1056,21.7212,21.9007,21.0542,21.2411,21.1065,21.2409,21.3589,20.9748,21.4684,21.4054,21.6433,22.2172,21.096,20.9738,21.3939,21.1935,22.1404,20.3739,20.6067,20.4742,20.3096,21.0356,21.5293,21.1238,21.6672,21.2322,22.4089,21.3305,21.2969,21.5004,21.1387,21.348,21.441,21.4053,21.6815,22.0352,22.7575,21.6112,21.6922,21.9153,21.5921,21.9515,20.0221,19.8759,20.219,20.3682,21.5431,20.5432,21.1017,21.2401,21.6606,21.7805,21.2249,21.1189,21.0793,21.4112,22.0874,21.4361,21.0226,20.9078,21.2788,22.5466,20.0632,20.7852,21.3271,21.3807,22.2258,19.9377,19.9062,20.4437,20.6907,21.2113,21.3421,20.198,20.6727,20.0784,21.9341,20.083,20.5029,21.0328,21.1081,22.6343,19.7564,20.0813,20.3727,21.3523,22.4649,20.0199,19.8653,20.7886,20.9107,20.8237,20.5049,20.6481,20.8639,21.0999,21.7866,20.5264,20.8645,20.7545,21.2908,22.6447,20.618,20.0617,20.9861,20.9842,21.0407,19.9495,20.6653,20.6359,21.4187,21.9029
293,2:01:55 PM,20.2749,20.4541,20.221,20.7014,21.2575,20.9296,20.8164,21.0418,21.6778,21.7218,21.0113,21.0966,20.8253,21.4351,21.5032,21.1703,21.4019,21.3225,21.7206,22.1504,21.1689,20.8131,21.3695,20.8684,22.0511,20.2529,20.4256,20.2502,20.4961,21.1022,21.4535,20.95,21.4069,21.5893,22.1221,21.1594,21.1934,21.2584,21.4865,21.6241,21.4817,21.3273,21.1248,22.2968,22.6808,21.4798,21.5437,21.8875,21.3374,22.004,19.9201,19.6226,19.9896,20.5359,21.5137,20.2474,21.2182,21.4559,21.5561,21.8922,21.0782,21.171,21.1813,21.1519,22.1465,21.3757,20.9152,20.6354,21.2495,22.151,20.174,20.7127,21.3583,21.4259,21.8251,20.1045,19.8698,20.5527,20.4045,21.2253,21.2249,19.9782,20.8212,20.0795,22.0375,20.1391,20.558,21.3581,21.2664,23.0198,19.7816,19.8885,20.2436,21.2653,22.2845,19.8454,20.412,20.6252,20.3746,20.7577,20.5023,20.7306,20.6778,20.818,21.483,20.3863,20.8162,20.5308,21.205,23.1038,20.6189,20.2039,20.959,20.8753,21.0119,19.8491,20.4363,20.742,21.3179,21.9139
294,2:02:15 PM,20.1132,20.3737,20.3618,20.8603,21.178,21.1505,20.6929,21.3218,21.597,21.6351,21.0878,21.1295,20.893,21.3777,21.3017,21.032,21.5216,21.5244,21.6965,21.9591,21.2651,21.0412,21.4266,21.066,21.8592,20.3707,20.4415,20.334,20.6155,21.2914,21.1661,21.1043,21.4168,21.4101,22.0781,21.1623,21.1055,21.2832,21.5044,21.4914,21.7921,21.6122,21.5967,22.3864,22.8538,21.3991,21.694,21.8066,21.3693,21.8018,19.9997,19.8475,20.1899,20.6759,21.5503,20.0705,21.0312,21.3772,21.4259,21.6974,21.1599,20.9136,20.9253,21.4785,22.1267,21.29,20.7317,20.8403,21.2904,22.0952,20.1371,20.993,21.1609,21.5044,21.9282,19.9404,19.989,20.5492,20.7686,21.1672,21.5006,20.0356,20.4672,20.0738,21.7948,20.1499,20.3487,20.9047,21.2232,22.7924,19.585,19.9714,20.0289,21.598,22.0382,19.9595,19.9715,21.0047,20.6401,21.4474,20.3649,20.4234,20.6759,20.785,21.553,20.4363,20.6333,20.7401,21.0602,23.6638,20.4668,20.4715,20.8089,20.7712,20.7872,20.1404,20.8187,20.7037,21.3436,21.7054
295,2:02:35 PM,20.2977,20.132,20.1913,20.6298,21.0973,21.1377,20.6086,20.9886,21.3715,21.301,21.0451,20.8635,20.8548,20.8749,21.5995,21.1763,21.4123,21.3644,21.5852,22.2545,20.9921,20.9284,21.0942,20.9848,21.9254,19.826,20.1342,20.1577,20.7593,21.2028,21.1868,20.9472,21.1934,21.6024,22.3734,21.198,21.2107,21.1886,21.1414,21.2391,21.271,21.249,21.53,22.1823,22.5711,21.7135,21.8826,21.8924,21.3769,22.0553,20.069,19.6942,20.1156,20.349,21.7153,19.9108,20.8421,21.2923,21.3984,21.6,21.1488,21.1721,20.861,21.4624,22.2892,21.4713,20.928,20.6932,21.2237,22.1203,20.1885,20.5665,21.0947,21.477,21.8248,19.98,19.8143,20.5373,20.4033,21.2853,21.2714,20.12,20.5803,19.7954,21.7126,19.9329,20.2494,20.6721,20.8869,22.7915,19.6804,19.9658,19.8972,21.802,22.2968,19.787,20.1013,20.7717,20.7942,21.3786,20.4129,20.4607,20.7663,20.8883,22.0444,20.4646,20.8446,21.0156,21.7641,23.0709,20.471,20.3196,20.9452,20.9423,21.2358,19.9511,20.615,20.9444,21.2647,21.6704
296,2:02:55 PM,20.0133,20.1574,20.3014,20.5818,21.2776,20.8837,20.6846,21.1779,21.3778,21.5381,20.9042,21.0452,20.5452,21.2034,21.3471,20.9369,21.3794,21.3186,21.7384,22.1006,20.8986,20.8222,21.2246,21.0785,21.886,20.1211,20.4287,20.3789,20.4125,21.0648,21.4937,21.0024,21.4028,21.3524,22.0819,21.1456,21.0048,21.1818,20.8704,21.14,21.4622,21.3428,21.5984,22.12,22.5723,21.7135,21.8413,21.7046,21.45,22.0,20.0592,19.6249,20.2073,20.2513,21.4792,20.278,20.9607,21.0998,21.4053,21.5239,21.2032,21.0513,20.5925,21.2443,22.1905,21.2573,20.6496,20.5234,21.2694,21.8247,20.3498,20.7685,21.0859,21.4545,21.6044,19.8821,20.0493,20.5168,20.503,21.4962,21.2435,20.024,20.4751,19.9764,21.9865,20.1357,20.5042,20.954,21.1257,22.5738,19.6575,19.9603,20.3054,21.443,22.2651,19.7532,20.5194,20.59,20.5565,20.7428,20.468,20.6702,20.7029,20.7988,21.6259,20.1071,20.7598,20.8814,21.3102,23.5572,20.4405,20.2485,20.7085,21.0106,21.1486,19.6305,20.5687,20.7916,21.3587,21.8103
297,2:03:15 PM,20.2064,20.1385,20.1942,20.7645,21.3477,20.9958,20.8526,21.1927,21.5881,21.576,20.9808,20.6821,20.6047,20.932,21.4814,21.0864,21.4452,21.5916,21.7747,22.1991,21.1208,20.9105,21.4094,21.0656,21.8852,19.8583,20.2696,20.2263,20.5618,21.0936,21.1476,20.8831,21.523,21.3585,22.164,21.0989,21.071,20.9283,21.1122,21.2152,21.391,21.1722,21.3803,22.1073,22.5946,21.5865,21.6707,21.5547,21.3851,21.6783,20.1479,19.6686,20.2213,20.4384,21.4522,20.2079,20.9896,21.1973,21.4013,21.7405,21.3507,21.2529,20.9499,21.4317,22.0631,21.0301,20.6929,20.6672,21.0836,21.7635,20.5198,20.7287,21.0722,21.3031,21.8924,19.7929,19.6227,20.5618,20.4308,21.1613,21.3457,19.9723,19.8602,19.5885,21.9367,19.8828,20.2732,20.879,21.1504,22.5018,19.5576,19.8712,20.3082,21.3502,22.2954,19.8284,20.0767,20.4844,20.5245,21.2208,20.2597,20.4068,20.7071,20.7738,21.6966,20.4294,20.734,20.9925,21.4392,23.5218,20.2655,20.2591,20.8583,20.831,20.8405,19.8869,20.6288,21.0321,21.3496,21.6397
298,2:03:35 PM,20.0385,20.0887,20.3868,20.7056,21.3198,20.8149,20.5798,21.3955,21.5386,21.5539,20.8845,20.6158,20.5445,20.687,21.1461,20.9374,21.2215,21.3957,21.8042,21.9948,21.1473,20.8906,21.3346,21.0305,21.8666,20.0498,20.3401,19.9782,20.6083,21.071,21.3442,20.9709,21.4812,21.7208,22.2194,21.0283,21.0396,20.9672,20.7429,20.822,21.1246,21.1428,21.492,21.9912,22.3973,21.542,21.7088,21.6034,21.4791,21.9668,19.8549,19.5828,20.1688,20.2764,21.5453,20.036,20.7711,21.198,21.6402,21.3599,21.1061,21.0914,21.0403,21.2468,22.0622,21.2441,20.8538,20.5175,20.9933,21.9708,20.0737,20.7461,20.9831,21.3631,21.9007,19.8064,19.8018,20.3439,20.61,21.2502,21.1774,19.9368,20.4961,19.7564,21.9184,20.027,20.6215,21.2458,21.2165,22.6376,19.6687,19.8015,20.1942,21.471,22.4799,19.7325,20.1166,20.6968,20.5304,21.2087,20.389,20.2767,20.5108,21.0128,21.7075,20.561,20.8151,20.8083,21.5265,23.4526,20.2424,20.1325,20.8461,20.7528,20.595,19.5344,20.513,20.9275,21.1292,21.6634
299,2:03:55 PM,20.2647,19.9707,19.8416,20.4959,21.1648,20.9894,20.735,21.5345,21.6907,21.4096,20.6896,20.7991,20.6474,20.6236,21.3673,21.0482,21.4824,21.4766,21.6089,21.7993,21.1651,20.79,21.0509,20.6127,21.7726,19.9216,20.1482,20.12,20.5704,21.0877,21.263,21.0552,21.5757,21.5481,22.2434,20.9691,21.2393,21.0688,21.2222,21.1666,21.4739,21.2836,21.3137,21.9299,22.3525,21.6453,21.663,21.5663,21.3998,22.0296,19.819,19.6236,20.027,20.2752,21.5827,19.9524,20.9569,21.1358,21.2519,21.4054,21.0025,21.1732,20.9458,21.0948,22.1835,21.221,20.6089,20.4716,21.0869,21.8842,19.8703,20.8435,21.3181,21.1518,21.8481,19.7588,19.8032,20.2749,20.4096,21.3366,21.2485,19.5749,20.3297,19.6832,21.6506,19.9137,20.3537,20.7245,20.7858,22.8923,19.4317,19.8006,20.0962,21.2466,22.269,19.7613,20.1816,20.9396,20.3877,20.8683,20.2659,20.4766,20.5511,20.8508,21.6402,20.388,20.6674,20.6706,21.3627,23.2471,20.4245,20.208,21.0112,20.7904,21.2182,19.9795,20.5106,20.6774,21.3025,21.4575
300,2:04:15 PM,20.0876,20.2486,19.8722,20.4924,21.1825,20.8516,21.0097,21.4199,21.6117,21.5865,20.8606,20.7497,20.8496,20.8868,21.2603,21.0102,21.5306,21.2106,21.5666,22.0024,20.8702,20.9493,21.3272,20.823,21.7017,20.2098,20.3529,20.218,20.4118,21.0241,21.1907,21.0981,21.5012,21.4579,22.0636,21.2419,21.2334,20.9664,21.0132,21.1716,21.2676,21.208,21.4266,21.8336,22.4698,21.4812,21.6685,21.7303,21.2939,21.9286,19.9203,19.4267,20.0393,20.4515,21.5543,20.2539,20.9784,21.3763,21.3417,21.4814,21.1752,21.0785,20.9089,21.1399,22.1289,21.2786,20.6495,20.5668,21.2029,21.8741,20.3007,20.5276,21.1847,21.1405,21.9729,19.7409,19.7721,20.2329,20.3828,21.4193,21.0813,19.8149,20.5469,19.6964,21.7909,20.1002,19.9027,20.8984,21.3985,22.1373,19.6859,19.8677,20.3561,21.1613,22.2079,19.819,20.2906,20.5183,20.6793,20.8369,20.452,20.4785,20.4212,20.831,21.6564,20.4876,20.6894,20.7729,21.4559,23.1585,20.1639,20.2321,20.9854,21.1331,21.055,19.6854,20.7099,20.6705,20.9427,21.6973
301,2:04:35 PM,20.1653,20.0855,20.1619,20.328,21.3428,21.0748,20.8389,21.4358,21.4608,21.7764,20.9627,20.6337,20.5341,20.7663,21.0981,20.8505,21.2432,21.3511,21.5853,21.965,21.1873,21.1778,21.1328,20.9665,21.7401,20.1945,20.2147,20.1439,20.3946,21.0958,21.4013,20.8742,21.4504,21.7053,22.2679,21.0741,20.9081,20.849,20.9061,21.0257,21.318,21.2399,21.3298,21.8247,22.4031,21.4632,21.5547,21.6625,21.2828,21.7487,20.1604,19.5128,19.9836,20.3452,21.4688,20.7385,20.7818,21.2174,21.3851,21.1095,21.1768,20.9316,20.6585,21.2365,22.0558,21.198,20.5625,20.714,20.9702,21.6446,19.7608,20.5191,21.1041,21.1872,21.7065,19.9217,19.874,20.3619,20.7239,21.0502,21.0499,19.932,20.1035,19.7301,21.9853,19.7981,20.5481,20.9627,20.9913,22.4329,19.5775,19.8653,19.5733,20.6069,22.0088,20.0459,20.1401,20.6022,20.3077,20.9863,20.1845,20.2541,20.6613,20.3063,21.5345,20.3457,20.6001,20.754,21.0634,22.8365,20.1978,20.1947,20.9352,20.8002,20.6301,19.6952,20.4775,20.7693,21.0602,21.4519
302,2:04:55 PM,20.2553,20.1209,19.8759,20.3273,21.1994,21.1467,20.8641,21.4388,21.7208,21.7745,20.7071,20.7309,20.5795,20.752,21.3113,21.1829,21.34,21.3904,21.545,21.9225,21.0224,20.8575,21.0647,20.4033,21.7542,19.9049,20.3496,20.1293,20.1493,21.0781,21.4818,20.884,21.5862,21.2451,22.1418,20.9752,21.1471,20.8785,21.1564,21.0895,21.2597,21.3107,21.5304,21.9156,22.4598,21.3664,21.5738,21.6085,21.2211,21.8289,19.8356,19.4611,19.8974,20.3766,21.3909,20.4094,20.9417,21.0991,21.559,21.4467,21.2471,21.1527,20.7563,21.2085,21.9932,21.0609,20.6039,20.6169,21.1746,21.459,20.0578,20.6456,21.0811,21.1495,22.0222,19.588,19.9008,20.2692,20.5748,20.9591,21.2522,20.1109,20.2709,19.6613,22.0442,20.0529,20.4783,21.1167,21.2089,22.329,19.6939,19.8336,20.0162,21.1075,22.1188,19.7426,20.0459,20.4379,20.0765,21.2899,20.4234,20.4277,20.5448,20.6655,21.8824,20.5112,20.6102,20.5944,21.7805,23.2576,20.5159,20.0616,20.6653,20.6307,20.9928,19.5198,20.2241,20.5267,21.0338,21.5071
303,2:05:15 PM,20.1598,20.1676,20.2228,20.4387,21.2055,20.8863,20.785,21.1207,21.6316,21.6431,20.7791,20.7395,20.4599,20.7461,21.1687,20.9051,21.2171,21.1784,21.7499,22.1497,20.8719,20.813,21.0978,21.0855,21.9187,20.1307,20.5192,20.2541,19.9488,20.9403,21.2948,20.8124,21.4555,21.2149,22.0521,20.7315,20.8903,21.0098,21.3894,21.4675,21.2995,21.2974,21.371,21.9139,22.5447,21.0437,21.7088,21.6049,21.2175,21.8468,20.042,19.7724,20.0021,20.3091,21.3899,20.2113,20.949,21.2452,21.2929,21.8759,21.0473,20.9871,20.6887,21.1605,22.3219,20.971,20.5069,20.6908,21.0908,21.5741,20.0501,20.6533,20.9058,21.1862,21.7719,19.8084,20.0091,20.2142,20.2886,20.9717,21.168,19.5648,20.2415,19.6242,21.7856,20.2642,20.1575,20.9283,20.9746,22.8069,19.6516,19.5269,19.882,20.9244,22.0622,19.8055,20.0342,20.3345,20.3852,20.716,20.3533,20.4104,20.5636,20.7797,21.5396,20.3494,20.6675,20.6617,21.0005,23.1585,20.2773,20.069,20.7616,20.5466,21.0326,19.5291,20.2171,20.572,20.9382,21.4307
304,2:05:35 PM,20.1524,20.1482,20.2211,20.3796,21.0743,20.8069,20.5875,21.331,21.7128,21.5136,20.911,20.6988,20.4589,20.6196,20.9096,21.0887,21.162,21.2425,21.7103,21.9598,20.7411,20.9722,21.1108,20.5215,21.7979,19.8429,20.1615,20.11,20.0541,20.8849,21.2952,20.9578,21.4026,21.4519,22.0769,20.9954,20.8995,20.998,20.8546,21.152,21.3911,21.3691,21.3805,21.8924,22.2839,21.4119,21.5726,21.7254,21.2865,21.6023,19.875,19.8062,20.109,20.3516,21.5373,19.994,20.5895,21.2039,21.2477,21.5273,20.8988,21.0859,20.8651,21.1929,21.8952,20.9555,20.8756,20.5412,20.9815,21.5685,20.0233,20.5905,21.0849,21.169,21.6094,19.7505,20.0376,20.2105,20.5215,21.1349,21.219,19.6912,20.1931,19.9472,21.9495,19.7653,20.0146,20.5061,21.0695,22.3255,19.5353,19.8026,19.8294,20.9882,21.9828,19.6974,20.0089,20.4169,20.7672,20.8605,20.2911,20.3159,20.7061,20.8247,21.2094,20.3318,20.4699,20.5914,21.1025,23.0546,20.2594,20.1751,20.6418,20.7874,21.0352,19.6451,20.3806,20.7359,21.0612,21.3599
305,2:05:55 PM,20.1653,20.1448,20.1021,20.5165,21.0766,20.839,20.2221,21.1714,21.1973,21.4735,21.0159,20.741,20.8178,20.7519,21.1117,20.9047,21.2438,21.1509,21.4421,21.8576,20.5982,20.8567,21.1325,20.7722,21.6545,20.0649,20.1714,19.8551,20.021,20.6372,21.0926,20.9862,21.174,21.3373,22.1891,20.9137,20.9661,20.9009,20.7373,20.5751,21.0488,20.9613,21.4075,21.9974,22.3907,21.1042,21.5805,21.7382,21.1839,21.5235,19.9734,19.5152,20.1866,20.2786,21.2773,20.1782,20.7152,20.8933,21.5742,21.3214,20.5932,21.0608,20.8095,21.134,22.0787,21.0722,20.7038,20.4595,21.2254,21.6618,20.0895,20.459,21.1313,21.1088,21.6762,19.7144,19.6249,20.283,20.5286,21.107,21.0806,19.8241,20.1411,19.686,21.6514,19.8326,20.3348,20.6064,21.0481,21.9596,19.3356,19.6016,20.1804,21.0261,22.0228,19.708,19.888,20.6458,20.4423,20.6667,20.1816,20.3899,20.4097,20.7575,21.8346,20.2887,20.5018,20.7569,21.2195,23.3368,20.3197,19.9542,20.8,20.5757,20.8842,19.3934,20.112,20.4971,21.1407,21.3046
306,2:06:15 PM,19.7687,20.1347,20.1961,20.59,21.0395,20.9513,20.5751,21.3311,21.2634,21.1277,20.6251,20.6328,20.6609,20.4719,20.9453,20.9766,21.1149,21.3114,21.6364,21.8648,21.0087,20.8799,20.9971,20.7224,21.4709,19.8482,20.0649,20.0275,20.4461,20.9275,20.8718,20.8467,21.3329,21.4064,21.778,20.9048,21.0558,20.8974,20.6707,20.6597,21.0405,21.0114,21.1805,21.8502,22.2771,21.3688,21.4639,21.6663,21.1563,21.377,19.7073,19.6179,20.0464,20.1701,21.259,19.8292,20.5496,20.9241,21.3212,21.309,21.1252,20.8196,20.6016,21.031,21.8254,21.1153,20.7178,20.6184,20.988,21.6739,20.0283,20.5921,21.0073,21.0048,20.9039,19.7023,19.6494,20.2586,20.4107,20.9535,20.9694,19.7246,20.3897,19.6999,21.6358,19.7434,20.1723,20.9345,21.0914,22.7271,19.5366,19.7949,20.3958,21.3353,21.9683,19.6997,20.1432,20.4085,20.256,21.1075,20.4907,20.3779,20.4874,20.7841,21.3941,20.0284,20.5187,20.6008,21.1074,23.8473,20.3442,19.9828,20.8156,20.6317,20.6995,19.7939,20.3449,20.6335,20.8996,21.3855
307,2:06:35 PM,19.8073,19.7817,19.8696,20.4117,21.2937,20.8049,20.5635,21.184,21.1933,21.5504,20.6829,20.6941,20.5985,20.81,20.9116,20.9236,21.1613,21.3093,21.5466,21.9324,20.743,20.7869,20.9607,20.8841,21.6697,20.08,19.8663,20.0196,20.2187,20.8933,21.2644,20.8439,21.3744,21.2936,21.9776,21.0557,21.0028,20.6143,20.877,20.7507,21.0743,20.8889,21.1236,21.7999,22.1779,21.5298,21.4862,21.5716,21.1941,21.6418,19.7757,19.1953,19.9536,20.0654,21.3313,19.7467,20.2927,21.1239,21.1093,21.4324,20.893,21.1423,20.672,20.9805,21.8502,21.275,20.7116,20.5874,20.9759,21.5052,19.879,20.3434,20.7395,20.9393,21.541,19.6304,19.4514,20.1074,20.2454,20.9805,21.1081,19.523,20.1842,19.4692,21.4369,19.6583,20.1283,20.7622,20.8475,22.0022,19.3149,19.6813,20.3492,21.1371,21.9055,19.7589,20.2333,20.3671,20.1209,20.2775,20.1782,20.2186,20.2617,20.3723,21.2579,19.909,20.405,20.6768,20.9946,23.403,20.2054,19.8552,20.4717,20.6528,20.8658,19.5616,20.4759,20.4572,20.9286,21.6024
308,2:06:55 PM,19.8699,19.7492,20.0959,20.5039,21.1299,20.6728,20.4914,21.2098,21.3793,21.6283,20.6013,20.5018,20.3617,20.9347,20.7921,20.9226,21.2171,21.0127,21.388,21.7957,20.9699,20.8472,21.1124,21.0107,21.7598,19.8242,19.9948,19.8977,19.905,20.9181,21.2433,20.6634,21.3257,21.0014,22.1136,20.9859,20.691,20.772,20.5726,20.8625,21.2444,21.1148,21.0609,21.8129,22.342,21.4823,21.3946,21.4891,21.251,21.5893,19.677,19.3519,19.758,20.1907,21.1277,19.9806,20.6718,21.129,21.4581,21.6199,20.8466,21.0392,20.6789,21.013,22.0945,21.2641,20.4598,20.2066,20.9867,21.6154,19.8523,20.5153,20.9721,21.0971,21.6138,19.6364,19.7243,20.1097,20.5463,20.9585,21.106,19.4665,20.2278,19.6764,21.4107,19.6848,20.0746,20.8935,20.9367,22.096,19.6066,19.7168,19.9468,21.068,22.1634,19.6943,20.1475,20.5244,20.4375,20.8061,20.0331,20.2757,20.4715,20.6094,21.2678,20.1287,20.4113,20.3934,20.8493,23.8541,20.0922,19.985,20.5918,20.6872,20.3436,19.7571,20.303,20.3826,20.8233,21.3212
309,2:07:15 PM,19.9674,19.8799,20.2875,20.5284,20.9928,20.5658,20.6126,21.2531,21.2068,21.2703,20.7202,20.4244,20.3935,20.4911,20.9394,20.7668,21.0389,21.1563,21.332,22.1003,21.0816,20.856,21.1754,20.7271,21.618,19.813,20.2547,19.9284,20.245,20.8832,20.9129,20.9441,21.3644,21.4346,22.0221,20.7235,20.8963,20.7423,20.6504,20.6242,21.1881,20.9486,21.0912,21.748,22.316,21.3261,21.3476,21.5187,21.2559,21.6868,19.7174,19.4423,19.9774,19.946,21.3715,20.0522,20.6498,21.1387,21.3344,21.3271,21.0709,20.9454,20.6845,21.006,21.8917,20.8803,20.7457,20.298,20.9657,21.6798,20.0516,20.4388,20.7867,20.8384,21.6161,19.6958,19.6021,19.8939,20.2924,21.043,21.0973,19.5728,20.455,19.3005,21.7957,19.6531,20.0287,20.543,20.8351,22.027,19.5217,19.7379,20.0767,20.764,22.0068,19.7057,20.2594,20.3654,20.43,20.7014,20.0622,20.3497,20.3524,20.5063,21.4268,20.2861,20.6538,20.5375,20.9833,23.3045,20.0999,20.0444,20.763,20.7235,21.1134,19.8249,20.1705,20.315,20.8729,21.3296
310,2:07:35 PM,20.0853,20.0134,20.3039,20.4466,20.9735,20.6809,20.3072,20.9878,21.2608,21.421,20.5947,20.9021,20.806,20.6514,21.0784,21.0146,21.3426,21.3199,21.5459,22.0811,21.0222,20.8311,20.9721,20.6198,21.4228,20.1806,20.2799,19.9782,20.0318,20.8102,21.1317,20.4857,21.1887,21.0796,21.979,20.8577,21.0754,21.0257,20.7807,21.1469,21.3664,21.0505,21.1124,21.7397,22.2645,21.2143,21.3062,21.425,21.0813,21.3814,19.8581,19.3318,19.7742,19.8416,21.2949,20.2651,20.7,20.9669,21.278,21.3179,20.6036,20.8278,20.5199,20.8406,21.8535,21.1456,20.6137,20.41,20.9487,21.5793,20.0799,20.4869,20.8544,20.9079,21.5411,19.6384,19.4661,20.1914,20.4253,20.9433,21.1491,19.5244,19.9139,19.4219,21.3671,19.5699,20.2111,21.0992,21.0044,22.6981,19.6278,19.6248,19.5269,20.9322,21.9082,19.3931,19.8219,20.2457,20.084,20.6631,20.1299,20.0758,20.4141,20.6194,21.5234,20.1262,20.4491,20.7739,20.8611,23.1611,20.0692,19.9945,20.4079,20.7649,20.903,19.526,20.1774,20.6471,20.8778,21.0824
311,2:07:55 PM,19.8901,19.9144,19.8081,20.3076,21.077,20.7536,20.3764,20.8731,21.0148,21.0916,20.8584,20.9102,20.4191,20.6562,21.0731,20.8719,21.1847,21.1611,21.4599,21.8962,20.8621,20.898,20.8929,20.2736,21.6018,19.8903,20.09,19.9596,20.2303,20.6606,20.8761,20.8126,21.1476,21.1726,21.86,20.7651,20.8997,20.8347,20.9683,20.9576,21.4902,21.2048,21.2313,21.7144,22.2712,21.4865,21.4935,21.5828,21.1774,21.5154,19.8015,19.3036,19.9789,20.2573,21.2307,20.2343,20.6599,21.059,21.0528,21.2677,20.8497,20.9359,20.6078,20.9166,21.9075,21.0648,20.6637,20.2957,21.0009,21.7185,19.8543,20.5662,20.8644,21.0411,21.5435,19.719,19.6079,20.0788,20.4813,20.925,20.9183,19.5318,20.1352,19.7006,21.4048,19.764,19.89,20.7166,20.8083,21.99,19.4577,19.9224,20.0907,21.0576,21.9361,19.461,20.1094,20.3795,20.2178,20.3311,20.2142,20.023,20.4954,20.2488,21.0141,19.7727,20.3712,20.6166,20.9109,23.6097,19.9022,20.0369,20.5793,20.5355,20.9913,19.3833,20.1519,20.3626,20.8998,21.2613
312,2:08:15 PM,19.9842,20.1128,19.9237,20.5787,21.0973,20.7284,20.3634,20.7981,21.1862,21.2633,20.6686,20.6558,20.3957,20.5875,20.9236,20.849,21.0998,20.7953,21.3613,21.8783,20.7185,20.6924,20.7968,20.7832,21.3453,20.0051,20.1553,20.0887,20.0821,20.7823,21.1516,20.7333,21.3136,21.379,21.9417,20.8065,20.5778,20.8447,20.8698,20.8331,21.036,21.0965,21.1227,21.8434,22.2269,21.2952,21.3997,21.5216,21.1364,21.3619,19.6887,19.5691,19.9799,19.9623,21.0439,19.6919,20.7009,20.8751,21.39,21.0521,20.7331,20.9332,20.5837,21.0146,21.737,20.8251,20.3242,20.2843,20.8332,21.449,19.9373,20.5515,20.7694,20.8527,21.1531,19.7352,19.8445,20.092,20.2069,20.9614,20.8635,19.6829,20.0939,19.6565,21.2183,19.6894,20.0033,20.6198,20.8666,22.1398,19.4794,19.6714,19.775,20.7864,21.9049,19.628,20.0785,20.1707,19.7805,20.2848,20.0403,20.1786,20.214,20.5537,21.3602,19.7723,20.1586,20.4592,21.1594,22.9663,20.3118,20.1462,20.629,20.5618,20.8631,19.0984,20.1753,20.5312,20.729,21.3507
313,2:08:35 PM,19.9435,19.9838,19.9192,20.4492,21.1083,20.636,20.8531,21.0291,21.2687,21.2931,20.6011,20.5679,20.3596,20.6412,20.7899,20.8551,20.9769,21.1456,21.3573,21.824,20.4702,20.4957,20.7652,20.624,21.4405,19.8837,20.1246,19.9259,20.1772,20.8602,20.8482,20.852,21.0142,21.1633,21.754,20.7062,20.7597,20.7115,20.7151,20.5564,21.0948,21.141,20.9047,21.7934,22.2063,21.243,21.3021,21.3386,20.9618,21.5453,19.6011,19.6534,19.8349,19.9896,21.1231,20.0681,20.69,20.9406,21.072,21.0782,20.9635,20.6941,20.8204,21.06,21.7727,20.9651,20.5597,20.1808,20.8416,21.6903,19.6243,20.3789,20.7634,20.8788,21.4325,19.6669,19.4878,20.1526,20.212,20.9749,20.883,19.5596,20.0048,19.0549,21.2477,19.8654,20.2945,20.7951,20.988,22.2658,19.3903,19.4793,19.726,20.7948,21.9049,19.6002,19.8104,20.1406,19.8671,20.5917,20.1053,20.1654,20.4789,20.6029,21.7808,20.31,20.2827,20.4448,21.4008,23.2765,20.1103,19.8084,20.7227,20.7727,20.4418,19.4007,20.1704,20.3647,20.6503,21.1476
314,2:08:55 PM,19.6691,19.999,19.6162,20.3666,20.9358,20.6303,20.5009,21.1033,21.3682,21.5615,20.7571,20.46,20.3602,20.4892,20.8666,20.8369,21.0062,21.0676,21.3271,21.5897,20.6746,20.2457,20.8193,20.543,21.4711,19.6235,20.0408,19.652,20.0354,20.7678,21.1658,20.3245,21.2929,21.0087,21.8119,20.764,20.7896,20.5929,20.7551,20.6881,21.1031,20.8858,21.0154,21.8461,21.8698,21.1279,21.3649,21.1799,20.9201,21.2779,19.5635,19.5074,19.8392,20.0425,21.0163,19.6552,20.6793,21.0345,21.0394,21.1037,20.7082,20.6764,20.5644,20.8735,21.6229,20.7099,20.5074,20.3724,20.6524,21.7334,19.4707,20.3117,20.7783,21.0026,21.5627,19.4604,19.4392,20.0528,20.2258,20.7777,21.0164,19.4374,20.0464,19.5056,21.2066,19.6518,20.2219,20.5984,20.938,22.5782,19.4306,19.5774,19.9846,20.7798,21.8291,19.4528,19.9166,20.0769,19.9592,20.721,19.9222,20.1729,20.094,20.4172,21.2027,19.5354,20.4341,20.3197,21.3353,23.1993,19.9075,19.9628,20.5393,20.5736,20.6633,19.458,20.1413,20.4838,20.995,21.2286
315,2:09:15 PM,20.111,20.0976,19.8711,20.3601,20.9846,20.5349,20.4102,20.7591,21.5031,21.3338,20.6179,20.4331,20.5453,20.5853,21.0409,20.5989,21.0423,20.6488,21.4092,21.7361,20.5079,20.48,20.8428,20.2811,21.4983,19.849,20.0505,19.9277,19.9786,20.6596,20.768,20.5806,21.0634,20.7252,21.739,20.7414,20.9182,20.9699,20.7551,20.9214,21.042,21.0168,20.9053,21.8257,22.1341,20.907,21.2261,21.4338,20.8665,21.3442,19.6095,19.341,20.0185,19.917,21.1469,20.0635,20.3333,21.0732,20.9295,21.1734,20.6779,20.5455,20.4359,21.0849,21.5282,20.7642,20.429,20.3666,20.9138,21.5787,19.7834,20.139,20.8495,20.975,21.5041,19.5194,19.5198,19.7816,20.4015,20.747,20.8417,19.6776,20.1693,19.4163,20.8893,19.7036,20.081,20.8332,20.8061,22.6138,19.4914,19.3892,19.9125,20.6066,21.8566,19.4886,19.9769,19.9998,19.9459,21.2063,20.0828,20.1493,20.3954,20.3829,21.2895,20.0201,20.4154,20.4226,20.7723,23.1951,20.1514,20.3759,20.7339,20.3201,20.5474,19.3029,20.2601,20.3608,20.7083,21.0961
316,2:09:35 PM,20.0542,19.9906,19.8683,20.3173,20.9532,20.3963,20.7017,21.0059,21.2215,21.3876,20.5026,20.68,20.5979,20.7034,20.6514,20.615,20.8842,20.9258,21.1671,21.8843,20.6483,20.4736,20.7832,20.487,21.4585,19.5849,20.1792,19.9958,19.9333,20.7142,20.8661,20.4658,20.9918,21.0486,21.8495,20.5615,20.8377,20.5985,20.9967,20.893,21.177,20.9531,21.206,21.5199,22.115,21.2224,21.1689,21.2877,21.0886,21.5434,19.5581,19.3919,19.6576,19.8963,21.1093,19.8112,20.5793,20.8971,20.972,21.6751,20.5071,20.5792,20.4594,21.0452,21.6422,20.718,20.3903,20.3067,20.5174,21.4356,19.6649,20.2458,20.6292,20.7681,21.4479,19.6463,19.462,20.0067,20.2985,20.7202,20.7231,19.3775,20.182,19.4227,21.2997,19.5925,20.0813,20.8015,20.5331,22.3447,19.3528,19.6144,19.5121,20.5248,21.6843,19.5605,19.6358,20.0375,19.9707,20.1106,20.0526,20.2481,20.0645,20.4731,21.1473,20.0656,20.6103,20.4513,21.0324,21.8765,20.1968,19.7655,20.3898,20.6272,20.8359,19.6917,20.1172,20.3898,20.8222,21.2395
317,2:09:55 PM,20.0492,19.9716,19.9287,20.1169,20.7534,20.4435,20.2834,20.7213,21.3497,21.1289,20.5372,20.5908,20.5614,20.7514,21.1153,20.7006,20.8733,20.9866,21.1848,21.6086,20.3631,20.1398,20.4656,20.5005,21.5592,19.8567,20.0064,19.7794,20.0388,20.562,20.9891,20.5877,20.7364,21.1042,21.6591,20.6167,20.7795,20.8935,20.9849,20.6536,21.1165,20.9912,20.7723,21.6144,22.0016,21.1644,21.1264,21.2152,20.8476,21.2728,19.6236,19.4303,19.8479,20.1256,21.0945,19.9647,20.3321,20.7186,20.7559,21.2106,20.321,20.529,20.5541,21.0503,21.7753,20.8126,20.3037,20.2059,20.7035,21.5247,19.6416,20.1308,20.8074,20.7159,21.0144,19.6067,19.6888,20.0432,20.2989,20.7324,20.7977,19.5848,20.2199,19.6312,21.4148,19.4605,19.9814,20.5989,20.7881,22.5806,19.3883,19.4804,19.8635,20.8843,21.63,19.5352,19.4698,19.8134,19.8392,20.2032,20.0325,19.9058,20.4568,20.4035,21.1132,20.1776,20.3309,20.3661,20.8991,22.7653,20.1644,19.7775,20.3039,20.5553,21.0265,19.4141,19.9297,20.3319,20.5805,21.191
318,2:10:15 PM,19.9346,20.0109,19.5866,20.1727,20.8618,20.4767,20.3028,20.4393,20.8854,21.1114,20.7268,20.6508,20.4084,20.7527,21.1632,20.4032,20.8217,20.868,21.3422,21.69,20.7464,20.6356,20.7443,20.5075,21.395,19.8882,20.0356,20.0318,19.7858,20.3951,20.8651,20.5877,20.6435,20.9781,21.7042,20.6839,20.6003,20.7769,20.9467,20.9493,21.1179,21.012,20.9195,21.5489,22.1099,21.1596,21.3682,21.2235,21.0523,21.0353,19.5596,19.1831,19.8852,19.8738,20.9572,19.8545,20.3,20.6592,21.1478,21.6506,20.7932,20.5986,20.3573,20.8749,21.6237,20.792,20.3838,20.2659,20.6775,21.4944,19.6752,20.5398,20.7239,20.6588,20.8487,19.3711,19.5406,19.807,20.0915,20.576,20.9077,19.4476,19.8848,18.8834,21.238,19.4409,20.0808,20.6057,20.9235,22.6317,18.9307,19.4175,20.0232,20.6815,21.7763,19.47,19.6371,20.2539,20.0334,20.7197,20.0779,20.2421,20.3684,20.2692,21.4657,20.1954,20.3184,20.5813,20.9636,23.012,20.0303,19.653,20.3348,20.4384,20.7578,19.2721,19.976,20.2261,20.7512,21.1111
319,2:10:35 PM,19.7367,19.9781,19.5689,20.1157,20.7949,20.3495,20.4019,20.828,21.0075,21.11,20.5263,20.5472,20.1211,20.7476,21.1275,20.805,20.8132,20.8234,21.2115,21.678,20.7034,20.5711,20.7855,20.4871,21.2951,19.747,19.6357,19.6204,20.0229,20.8005,20.6989,20.7376,20.7692,20.9925,21.8717,20.6295,20.8556,20.77,20.6912,21.2622,20.9471,20.82,21.1892,21.5844,21.9529,20.9302,21.2608,21.2889,20.8951,21.3107,19.3952,18.8709,19.734,19.8272,20.9443,19.9467,20.4741,20.8207,20.9632,21.2401,20.426,20.7391,20.3999,20.7663,21.3915,20.7864,20.3705,20.2651,20.8032,21.5455,19.7079,20.3525,20.7321,20.6607,21.2105,19.4342,19.4231,20.02,20.2093,20.8352,20.8879,19.3134,19.7715,19.4642,20.9079,19.4675,19.939,20.495,20.8211,21.9464,19.0809,19.4932,20.1171,20.6555,21.9055,19.3668,19.9574,20.197,20.3063,20.8816,20.0048,20.1852,20.3095,20.5258,20.8138,20.0888,20.3017,20.2916,21.618,23.1807,19.8365,19.8113,20.3901,20.4787,20.8258,19.2979,19.9495,20.5448,20.7327,21.3576
320,2:10:55 PM,19.763,19.9494,19.8017,20.056,20.7209,20.4684,19.938,20.8286,20.9337,20.8577,20.6339,20.437,20.2962,20.9117,21.1548,20.5387,20.7802,21.0215,21.2233,21.706,20.4954,20.2802,20.6986,20.5994,21.3591,19.5374,19.8651,19.4538,20.0906,20.4957,20.6642,20.4311,20.7988,21.0803,21.6128,20.6384,20.6218,20.655,20.6505,20.9526,20.8715,20.8319,21.1521,21.4648,22.0853,21.1889,21.3162,21.3353,20.9184,21.3329,19.2726,19.2774,19.6496,19.8219,21.038,19.625,20.4901,20.6743,20.8864,20.9882,20.5999,20.6768,20.3463,20.8233,21.5068,20.5299,20.224,20.0285,20.7436,21.4883,19.9837,20.1364,20.6714,20.5383,21.3856,19.2367,19.3598,19.9916,20.1184,20.7207,20.7338,19.4113,19.987,19.1505,21.2532,19.4174,19.977,20.4483,20.6891,21.9,19.2664,19.3882,19.7149,20.8916,21.8256,19.6455,20.2095,20.1738,20.1359,20.5308,19.8051,19.9367,19.9848,20.3162,21.367,19.704,20.0337,20.2841,21.3162,23.2264,19.9306,19.9709,20.4657,20.6645,20.6603,19.3554,19.9248,20.4783,20.7319,21.3006
321,2:11:15 PM,19.4579,19.6355,19.8336,20.5689,20.6995,20.4461,20.5538,20.7485,21.0133,20.8936,20.5931,20.0955,20.2091,20.661,20.9944,20.4479,20.9023,20.7007,21.1304,21.6756,20.7349,20.4453,20.8558,20.5469,21.5541,19.7733,19.8932,20.0988,20.1128,20.7131,20.6303,20.7421,21.0388,20.9432,21.7931,20.6148,20.6239,20.6193,20.6247,21.0072,21.1683,20.8941,21.0615,21.5209,22.1598,21.0594,21.2432,21.1681,20.7836,21.397,19.3767,19.3592,19.6806,19.7279,21.0342,19.5647,20.3977,20.9104,20.9569,21.5584,20.5437,20.5309,20.1441,20.7845,21.7107,20.7351,20.1627,20.0847,20.822,21.6056,19.6795,20.1203,20.7277,20.722,21.4143,19.4858,19.3394,19.9056,19.9781,20.6212,20.6786,19.33,19.8949,19.1974,21.2644,19.5911,19.9203,20.6359,20.4049,21.5537,19.1575,19.434,19.7566,20.8443,21.7429,19.4695,20.1187,20.0581,20.197,20.9179,19.9404,19.9784,20.3157,20.3242,21.3686,19.7919,19.9092,20.4612,20.9449,23.0611,19.8374,19.7648,20.3099,20.3573,20.4791,19.0265,19.9789,20.3081,20.6357,21.2487
322,2:11:35 PM,19.5819,19.4513,19.7137,20.2988,20.8586,20.5283,20.1072,21.0122,21.1928,20.9033,20.4163,20.2306,20.3772,20.6502,20.9944,20.5885,20.8462,21.0023,21.2768,21.7103,20.6864,20.4461,20.8521,20.9228,21.5034,19.5411,19.9971,19.6063,20.2147,20.6521,20.7804,20.3445,20.9024,20.8617,21.6253,20.5659,20.5778,20.3555,20.2327,20.3936,21.0123,20.8461,21.1533,21.662,22.1456,21.0178,21.3743,21.1136,20.8389,21.2606,19.3049,19.084,19.5983,19.8653,21.0791,19.7721,20.3183,20.7205,20.814,21.1186,20.5126,20.6063,20.3618,20.9346,21.7715,20.6995,20.348,20.0143,20.5709,21.3121,19.7894,20.841,20.5183,20.778,20.9222,19.3054,19.2123,19.8689,20.1301,20.8726,20.577,19.346,19.8137,19.0567,21.315,19.5525,19.93,20.406,20.664,22.1515,19.331,19.3986,19.6891,20.6114,21.8282,19.525,20.0636,20.4672,19.9195,20.5322,19.9684,19.7885,20.0876,20.2481,21.2458,19.8524,19.9921,20.4721,21.233,23.2243,20.0602,19.7021,20.2087,20.4676,20.4751,19.1991,20.0587,20.2638,20.5351,21.0299
323,2:11:55 PM,19.643,19.754,19.6955,20.102,20.6713,20.3738,20.1685,20.6994,20.9235,21.2598,20.4108,20.4925,20.1861,20.4368,21.0864,20.5371,20.9603,21.0783,21.2677,21.4126,20.7909,20.5087,20.9201,20.7785,21.4434,19.8543,20.0993,19.5739,19.77,20.5864,20.5412,20.5712,20.8438,20.9814,21.8695,20.5231,20.5395,20.4451,20.6103,21.1446,20.6461,20.7478,20.8842,21.6652,22.1616,21.22,21.1543,21.0665,20.883,21.5106,19.6181,19.3527,19.3729,20.1173,20.9197,19.8757,20.3262,20.6813,20.8888,21.2721,20.6728,20.5179,20.3129,20.6949,22.0172,20.5238,20.3216,20.3215,20.6666,21.419,19.4783,20.3442,20.5363,20.8032,21.183,19.6051,19.2974,19.7654,19.9107,20.9879,20.7403,19.4958,20.04,19.4379,21.6724,19.5827,19.9276,20.7004,21.1487,21.884,19.3216,19.381,19.7809,20.8416,22.0152,19.4023,19.651,20.1005,19.6103,20.3232,19.7652,19.7967,20.071,20.4456,21.2932,19.8431,20.2477,20.2406,20.9823,22.9087,20.0233,19.6537,20.4926,20.2676,20.9324,19.3002,19.9672,20.1994,20.7533,20.9417
324,2:12:15 PM,19.9414,19.7926,19.9352,20.1423,20.7905,20.4817,20.5637,20.9735,20.9781,21.0977,20.438,20.3983,20.225,20.5506,20.8511,20.6159,20.9588,20.7906,21.2908,21.5585,20.4687,20.5308,20.7764,20.328,21.3518,19.6101,19.9142,19.848,20.1702,20.5041,20.6524,20.5324,21.0114,20.9926,21.5494,20.665,20.6738,20.3246,20.3401,20.4135,20.757,20.8301,20.9476,21.4583,21.6931,20.8765,21.149,21.1707,20.7461,21.4376,19.6797,19.3442,19.6552,20.0516,20.8359,19.8743,20.2761,20.8571,21.1017,21.2846,20.8907,20.5563,20.55,20.7731,21.7365,20.5825,20.2427,20.1278,20.5229,21.4693,19.3628,20.1269,20.4569,20.7182,21.0069,19.6639,19.364,19.8997,20.0288,20.7118,20.7757,19.241,19.7341,19.5072,21.4479,19.5045,19.8326,20.5119,20.6891,21.8555,19.3287,19.364,19.7322,20.4711,21.9316,19.312,19.7551,20.0106,19.9659,20.2866,19.8874,19.915,20.2393,20.16,21.085,19.877,20.1279,20.4071,20.8912,23.2868,19.7104,19.741,20.3948,20.5946,20.5223,19.1246,20.035,20.2755,20.8692,20.9531
325,2:12:35 PM,19.8853,19.7836,19.8974,20.1206,20.6509,20.6613,20.3753,20.9525,20.8716,21.1072,20.5408,20.1702,20.1498,20.422,20.6381,20.4631,20.7712,20.5921,21.1103,21.7046,20.3172,20.325,20.6991,20.3116,21.3145,19.6584,19.9726,19.7763,19.946,20.5909,20.9337,20.4686,20.9269,20.6972,21.589,20.3752,20.5675,20.4673,20.3846,20.3084,20.7643,20.5815,20.7891,21.4805,22.0319,21.1185,21.0892,21.2148,20.6083,21.433,19.615,19.183,19.6703,19.9493,20.8556,19.8225,20.3595,20.7557,21.0102,20.9993,20.7066,20.6078,20.5112,20.7233,21.7846,20.5132,20.3085,20.0085,20.6933,21.417,20.0346,20.1826,20.5923,20.6606,21.0228,19.5249,19.7951,19.7971,19.7543,20.56,20.6933,19.3855,19.7376,19.408,21.3161,19.4158,19.7223,20.5564,20.4317,21.5721,19.3751,19.5603,20.1892,20.6579,21.8831,19.5268,19.9608,19.7742,19.9883,20.8003,19.7882,19.8734,20.0995,20.139,21.1139,19.8928,20.0673,20.1531,20.6367,23.3136,19.8397,19.6822,20.3562,20.2912,20.478,19.1436,20.0175,20.4701,20.8387,20.9919
326,2:12:55 PM,19.8506,19.8397,19.5677,20.0244,20.5931,20.2411,20.0638,20.697,21.1501,21.321,20.4744,20.4979,20.4112,20.5847,20.5569,20.3527,20.9304,20.7994,21.0409,21.5408,20.5287,20.2724,20.7801,20.4773,21.3105,19.3695,20.1283,19.678,19.7512,20.6099,20.5972,20.2754,20.8539,20.6972,21.6031,20.5828,20.6532,20.5312,20.3262,20.5927,20.9337,20.9589,20.7892,21.5775,21.9808,21.0918,21.2632,21.3168,20.8879,21.4379,19.319,19.2232,19.4825,19.7171,20.8461,19.5357,20.1119,20.6868,20.9567,20.9968,20.4612,20.6041,20.3835,20.5944,21.6509,20.5077,20.3206,20.1983,20.6745,21.4978,19.7322,20.1144,20.7383,20.8088,21.3721,19.1657,19.1836,19.8276,19.9878,20.5803,20.448,19.3535,19.8316,19.1523,21.6091,19.4171,19.8311,20.3027,20.5611,22.0962,19.1346,19.4255,19.7846,20.7764,21.5644,19.4363,19.7509,19.9594,20.1466,20.6501,19.8089,19.9059,20.0243,20.0152,21.1803,19.7641,20.0752,20.1693,21.6385,22.8903,20.0061,19.8284,20.3687,20.7143,20.2505,19.1343,19.9885,20.3977,20.5403,21.0542
327,2:13:15 PM,19.757,19.6326,19.5567,20.0952,20.602,20.3746,19.8432,20.3484,20.8666,20.8348,20.4461,20.468,20.3135,20.7244,20.896,20.5903,20.7003,20.9896,21.0571,21.6058,20.578,20.5691,20.6209,20.2426,21.2193,19.8439,19.9132,19.7583,19.9391,20.7001,20.5517,20.1425,20.801,20.7679,21.5132,20.4429,20.4462,20.5688,20.5095,20.8972,20.8641,20.9993,20.756,21.6484,21.8168,21.1303,21.0814,21.1972,20.7415,21.3518,19.1883,19.2823,19.4057,19.7576,20.9595,19.7393,20.149,20.7626,20.7276,20.9156,20.4066,20.5414,20.3571,20.5744,21.4956,20.6787,20.337,20.146,20.5505,21.3507,19.5385,20.4932,20.6869,20.7624,21.2845,19.25,19.1196,19.6422,19.8788,20.6541,20.548,19.3842,19.9633,19.179,21.1273,19.5992,19.7994,20.258,20.6965,22.2297,19.1405,19.23,19.6332,20.8888,21.8342,19.123,20.1156,20.2937,20.2802,20.2775,19.8634,19.9732,19.9305,20.2263,20.8381,19.8712,19.9813,20.1567,20.9936,22.9619,19.9864,19.9245,20.4138,20.3998,20.14,19.3105,19.976,20.1854,20.7285,21.003
328,2:13:35 PM,19.5722,19.6028,19.4588,20.0418,20.8474,20.4339,20.1822,20.4993,20.7047,20.7527,20.5209,20.4107,20.2895,20.3467,20.7159,20.5805,20.671,20.7456,21.0035,21.5506,20.6124,20.4666,20.7355,20.2935,21.2568,19.3601,19.7183,19.6868,20.1432,20.5377,20.3963,20.3334,20.6255,20.7826,21.5957,20.449,20.7168,20.5871,20.639,20.7938,20.6723,20.7075,20.8403,21.4698,22.0708,21.1848,21.1254,21.0126,20.6882,21.0255,19.2677,19.1251,19.8021,19.7351,20.9771,19.5527,20.2727,20.6886,20.7778,20.9716,20.7008,20.467,20.4029,20.8354,21.7405,20.8214,20.1368,19.8559,20.3769,21.4448,19.6843,20.3025,20.5384,20.6129,21.2547,19.1686,19.3258,19.8568,20.0961,20.6078,20.5323,19.162,20.234,19.2543,22.0435,19.3407,19.8664,20.54,20.8581,22.3198,19.2591,19.333,20.0879,20.7689,21.7361,19.5099,19.94,20.0537,20.2117,20.1862,19.8497,19.7849,20.1444,20.1258,20.5711,19.6829,19.8255,20.5123,21.0735,22.921,19.7333,19.707,20.2937,20.2402,20.4279,19.4347,20.1466,20.0944,20.5842,21.0401
329,2:13:55 PM,19.55,19.7267,19.3918,20.0132,20.5621,20.5999,20.1972,20.6868,21.2653,20.8764,20.4121,20.197,20.0128,20.355,20.5151,20.4108,20.6904,20.8216,21.0794,21.4449,20.8793,20.6428,20.7447,20.6254,21.3118,19.4698,19.6315,19.527,19.9084,20.5001,20.7683,20.4476,20.6981,20.7772,21.6362,20.6212,20.705,20.4694,20.4831,20.3396,20.7359,20.8476,20.7512,21.55,21.8274,20.9791,21.145,21.2698,20.7802,21.0388,19.2923,19.1339,19.4948,19.6096,20.7601,19.581,20.5304,20.8401,20.8269,21.1463,20.6304,20.506,20.3607,20.7197,21.4907,20.7637,20.0494,20.0424,20.5532,21.8407,20.0224,20.4636,20.501,20.7555,21.0707,19.292,19.3591,19.9038,20.2452,20.6108,20.5312,19.424,19.8747,19.1974,21.6285,19.2931,19.8572,20.5247,20.7882,21.9867,19.3234,19.2113,19.7847,21.3432,21.7343,19.3702,20.2531,20.0904,19.8869,20.61,19.7487,19.8734,20.0363,20.1841,21.0302,19.4755,20.0873,20.1424,20.8445,23.1623,19.822,19.7089,20.2677,20.4499,20.363,19.3774,19.8851,20.2674,20.5927,20.9964
330,2:14:15 PM,19.6331,19.6135,19.6448,20.0892,20.6685,20.3315,20.1498,20.7757,21.0203,21.0319,20.5038,20.4021,20.0643,20.2019,20.6383,20.4406,20.7599,20.8579,21.0379,21.542,20.9345,20.7151,20.644,20.5476,21.331,19.6568,19.8995,19.4073,19.8967,20.5499,20.651,20.5599,20.9193,20.9623,21.4581,20.5289,20.5328,20.4992,20.4407,20.3632,20.7992,20.5265,20.8487,21.6284,21.8979,20.9544,21.0185,21.1364,20.8723,21.2432,19.4801,19.2358,19.5732,19.6957,20.7547,19.4133,20.2961,20.6649,20.6747,20.861,20.4896,20.4654,20.2153,20.5459,21.5844,20.6767,20.291,20.1703,20.5146,21.3655,19.621,20.4155,20.6629,20.8215,21.0672,19.1052,19.3322,19.7923,20.0129,20.63,20.5679,19.413,19.9421,19.0941,22.1313,19.2634,19.7801,20.2478,20.6933,21.8496,19.0768,19.3092,19.9197,20.9793,21.9482,19.566,20.1579,20.207,20.059,20.752,19.8292,19.6936,19.9344,20.0415,20.6886,19.6028,20.1295,20.3273,20.58,22.9825,19.8334,19.7867,20.5808,20.3423,20.2626,19.3913,19.8309,20.162,20.5613,21.2851
331,2:14:35 PM,19.4906,19.8383,19.5839,19.8619,20.631,20.3273,20.2759,20.7438,20.8657,21.0428,20.6288,20.1985,20.1232,20.1772,20.7163,20.5083,20.8203,20.952,21.1157,21.5045,20.9666,20.7181,20.7379,20.6823,21.2429,19.3604,19.7877,19.4451,19.6477,20.2346,21.1013,20.3321,20.7315,20.95,21.5896,20.4449,20.4093,20.4619,20.9604,20.7609,20.8822,20.8378,20.8321,21.5878,22.0692,21.1244,21.3331,20.9772,20.9704,21.1917,19.2382,19.1611,19.5075,19.6777,20.9524,19.7116,20.3066,20.6351,21.0448,20.9681,20.1203,20.4302,20.14,20.7885,21.479,20.6243,20.148,19.9918,20.4819,21.3753,19.5962,20.3715,20.5597,20.5638,21.3468,19.3484,19.2536,19.8879,19.9436,20.4923,20.3472,19.4174,19.6144,19.106,21.4733,19.3783,19.6136,20.5727,20.6644,21.9625,19.1408,19.494,19.6185,20.6986,21.817,19.2981,19.8444,19.9539,20.0101,20.7515,19.7897,19.8337,19.8518,20.0138,21.1203,19.4741,20.0114,20.1353,20.8816,23.1544,19.8027,19.7516,20.3488,20.2252,20.6348,19.0577,19.7896,20.0051,20.3993,21.2022
332,2:14:55 PM,19.4493,19.5995,19.6118,20.2612,20.5801,20.564,20.3497,20.6047,21.1223,21.1061,20.138,20.1285,20.2431,20.3816,20.5342,20.4141,20.6783,20.6927,21.1187,21.6193,20.4583,20.4627,20.7792,20.5623,21.1377,19.5014,19.8128,19.5228,19.9736,20.3733,20.9258,20.2378,21.0147,20.9022,21.5201,20.482,20.346,20.5728,20.4339,20.39,20.7424,20.605,20.6431,21.4238,21.7589,21.146,21.1474,21.1909,20.5208,21.3582,19.401,19.1192,19.5316,19.8879,20.7702,20.0275,20.1407,20.7077,20.9155,20.9456,20.6208,20.5408,20.4142,20.6192,21.5241,20.9013,20.1996,19.9782,20.4488,21.1574,19.8146,20.3492,20.5015,20.6205,21.1264,19.3928,19.2566,19.7197,19.8964,20.6327,20.4652,19.3521,20.192,19.1714,21.6578,19.4798,19.7904,20.2952,20.7286,22.2001,19.3094,19.3771,19.7325,20.5816,21.7488,19.2393,20.2091,20.083,19.9969,20.6671,19.7457,19.7677,19.9127,20.1536,21.0972,19.7122,20.041,20.3069,20.9688,22.515,19.9132,19.7569,20.2965,20.3875,20.5445,19.3529,19.9626,20.153,20.5249,21.0717
333,2:15:15 PM,19.729,19.8318,19.5877,20.0114,20.5759,20.3653,20.3668,20.6709,21.0573,21.1257,19.9712,20.1198,20.1788,20.3066,20.7501,20.4241,20.8059,20.6543,21.2883,21.338,20.7005,20.5048,20.663,20.5083,21.1716,19.6415,19.8509,19.5985,19.7704,20.3896,20.8101,20.7463,21.0049,20.7923,21.6236,20.358,20.4021,20.3989,20.2854,20.2707,20.484,20.7476,20.761,21.5668,21.7526,20.9896,21.149,21.1728,20.6478,21.3257,19.4656,19.1336,19.6711,19.6405,20.8051,19.6834,20.3277,20.7386,20.9171,20.9967,20.5962,20.5855,20.3228,20.3889,21.5259,20.3254,20.2268,20.1594,20.5929,20.9223,19.7435,20.3467,20.5573,20.5334,21.2711,19.4405,19.4532,19.7177,19.9686,20.5471,20.6772,19.345,19.5029,19.0858,21.585,19.4196,19.8904,20.3719,20.6567,21.9136,19.1367,19.4154,19.9526,20.4692,21.5717,19.3354,20.1994,20.0959,19.7421,20.6355,19.6971,19.7867,20.0085,20.267,21.6731,19.7919,20.1655,20.231,21.8071,23.0595,20.0246,20.0629,20.5544,20.4683,20.899,19.3367,19.6893,20.1672,20.5937,21.032
334,2:15:35 PM,19.6264,19.7799,19.559,20.0838,20.4748,20.2823,20.1154,20.9265,21.0541,21.1608,20.2032,20.5212,20.2771,20.4568,20.6444,20.3855,20.8094,20.7479,21.1063,21.6158,20.6405,20.392,20.7605,20.3714,21.3769,19.5111,20.0095,19.7216,19.7196,20.4411,20.6933,20.3514,21.1432,20.6163,21.5727,20.5428,20.4366,20.5413,20.4643,20.5307,20.6639,20.7244,20.7446,21.5658,21.9581,20.8796,20.997,21.0592,20.7838,21.2705,19.6477,19.3166,19.4817,19.5388,20.7794,19.9286,20.3361,20.6396,20.8364,20.7884,20.5231,20.4259,20.4585,20.5749,21.492,20.5622,20.2489,19.8824,20.4475,21.032,19.5097,19.8981,20.6366,20.6397,21.1853,19.2442,19.1996,19.7391,19.8449,20.585,20.5751,19.3036,19.5489,19.0095,21.3277,19.3301,20.0461,20.2518,20.6915,22.0567,19.0332,19.3347,19.2641,20.3335,21.5016,19.2644,19.512,19.7973,19.7986,20.487,19.7563,19.7608,20.0825,20.0385,21.1232,19.7641,20.0593,20.1377,20.9978,22.761,19.9744,19.603,20.2128,20.5563,20.3842,19.2868,19.8142,20.2962,20.9959,21.2236
335,2:15:55 PM,19.7362,19.6308,19.6538,19.9706,20.6175,20.2792,20.2719,20.4158,20.6596,20.9908,20.2212,20.3291,20.1723,20.2775,20.6793,20.731,20.7242,20.8148,21.0988,21.3011,20.227,20.3372,20.4464,20.58,21.2319,19.5454,19.6727,19.711,19.7868,20.2867,21.0175,20.2909,20.802,20.9348,21.5084,20.5775,20.5212,20.4174,20.6527,20.7639,20.6148,20.7685,20.7456,21.2564,21.7601,20.9789,21.0326,21.0513,20.6185,21.186,19.364,19.3135,19.5472,19.792,20.9199,19.759,20.2912,20.6691,20.8238,21.3046,20.5573,20.4473,20.1409,20.5606,21.8113,20.6583,20.1905,20.1937,20.7623,21.1109,19.6697,20.192,20.4764,20.6664,21.2844,19.4197,19.2664,19.7303,19.7311,20.4384,20.442,19.2354,19.6454,19.2817,21.3806,19.4276,19.9388,20.3242,20.9475,22.1039,19.2833,19.3894,19.6606,20.5783,21.4897,19.3847,19.4907,20.1488,19.7235,20.5898,19.7445,19.6344,19.9021,20.1415,21.4337,19.6275,19.949,20.1637,20.9824,22.9284,19.8567,19.6016,20.0991,20.2642,20.8201,19.2753,20.0859,20.0113,20.6515,21.0701
336,2:16:15 PM,19.665,19.8445,19.5828,20.213,20.5392,20.5737,20.3136,20.5646,21.0141,21.0654,20.6396,20.2176,19.8987,20.2712,20.4427,20.4724,20.6916,20.7512,21.0246,21.3812,20.4571,20.3399,20.5514,20.1237,21.135,19.6858,19.7128,19.6914,20.0297,20.3395,20.5608,20.6449,20.6728,20.9606,21.5638,20.446,20.5295,20.3029,20.5275,20.5122,20.8068,20.6651,20.7646,21.3439,21.9918,20.9346,21.1317,21.1336,20.7311,21.1681,19.45,19.0795,19.5355,19.7768,20.9608,19.7172,20.3654,20.5174,20.6984,20.8781,20.3916,20.4072,20.2116,20.6137,21.5555,20.2819,20.0827,19.8042,20.4197,21.5578,19.4934,20.2144,20.3275,20.4611,20.9911,19.2325,19.3466,19.5231,20.021,20.4473,20.558,19.3671,19.9082,19.1759,21.2501,19.5307,19.5857,20.4632,20.7601,22.2385,19.1357,19.2523,19.3055,20.5689,21.4684,19.4739,19.5368,20.0188,20.0086,21.0944,19.9488,19.8756,20.0783,20.0836,21.0022,19.6752,19.994,20.5212,20.8458,22.1859,19.8783,20.1065,20.481,20.097,20.2525,19.3739,19.9443,20.0429,20.5785,21.433
337,2:16:35 PM,19.2963,19.7474,19.5593,20.2512,20.7076,20.3257,20.3569,20.7674,20.7351,20.8314,20.4108,20.2994,20.0194,20.07,20.4201,20.4945,20.6774,20.6872,21.1052,21.5713,20.2952,20.4152,20.756,20.5709,21.0923,19.4826,19.722,19.7384,19.732,20.5476,20.7603,20.49,21.0534,20.8368,21.6814,20.5828,20.3836,20.5438,20.2378,20.5277,20.7373,20.6716,20.5296,21.3173,21.8229,20.9498,21.2562,21.0312,20.6909,21.2559,19.2177,19.1179,19.5501,19.7111,20.8881,19.5584,20.173,20.6188,20.9615,21.0282,20.6016,20.5511,20.3255,20.6513,21.4306,20.3685,20.4029,19.9493,20.7767,21.2089,19.7351,20.1978,20.4261,20.5699,21.0943,19.1132,19.2608,19.7636,19.8539,20.6871,20.5936,19.2562,20.0017,19.2334,21.3962,19.3567,19.6835,20.1909,20.5892,22.0162,19.1974,19.3724,19.6067,20.6118,21.4937,19.6632,19.7126,19.8121,20.0856,19.6894,19.7274,19.7171,19.9896,20.1444,20.6745,19.7022,19.9115,20.3331,20.8642,22.6699,19.8833,19.7926,20.1746,20.3843,20.3546,19.2214,20.014,20.3574,20.7254,20.9997
338,2:16:55 PM,19.5971,19.6501,19.5598,19.8868,20.7206,20.4425,20.1062,20.756,21.13,21.2127,20.3775,20.0723,19.871,20.1096,20.6708,20.3085,20.8033,20.8836,21.1296,21.4051,20.5782,20.3874,20.5652,20.4302,21.1926,19.5745,19.8182,19.5654,19.7479,20.3694,20.9086,20.3743,20.9936,20.6762,21.5474,20.3425,20.326,20.3425,20.2366,20.647,20.7562,20.7626,20.6036,21.5209,21.7757,20.9746,21.2334,20.6643,20.8401,21.0804,19.3704,19.3502,19.5625,19.4932,20.7161,19.8773,20.2555,20.7836,20.822,20.9898,20.7022,20.3256,20.5051,20.5715,21.3425,20.6656,20.1841,19.838,20.5949,21.3182,19.4578,20.2502,20.7151,20.5803,20.9513,19.225,19.2168,19.7174,19.8014,20.4788,20.538,19.3835,19.8197,19.2627,21.6072,19.335,19.6231,20.3977,20.6502,21.4979,19.0243,19.2686,19.4401,20.4929,21.7156,19.4242,19.5727,19.8573,19.6168,20.7429,19.5901,19.7181,20.1304,20.0498,20.6895,19.8276,19.8458,20.2781,20.596,22.5506,19.8515,19.7558,20.3113,20.2861,20.4439,19.1695,19.7661,20.0931,20.4643,21.1437
339,2:17:15 PM,19.7462,19.7728,19.6835,19.9288,20.5132,20.5456,20.3581,20.6483,20.9855,21.0107,20.4578,20.3223,20.0978,20.2857,20.4022,20.3049,20.6213,20.8877,20.97,21.5596,20.3664,20.4151,20.5216,20.3424,21.1814,19.589,19.8097,19.4317,19.8273,20.3347,20.702,20.3882,20.8971,20.9186,21.7918,20.4744,20.6765,20.4092,20.1649,20.2864,20.7923,20.766,20.5461,21.2263,21.5929,20.8691,21.1161,21.0336,20.6795,21.3383,19.4896,19.1574,19.4896,19.776,20.6497,19.4621,20.3793,20.6054,21.1362,21.5161,20.4433,20.4432,20.369,20.8616,21.6715,20.6367,20.2832,20.0636,20.488,21.4411,19.8897,20.0588,20.484,20.453,21.2102,19.5499,19.3498,19.8113,19.9731,20.4907,20.6905,19.1977,19.9846,19.1222,21.3839,19.7054,19.8788,20.4228,20.8592,22.0196,19.3769,19.3178,19.7396,20.6126,21.6239,19.1597,19.3843,19.9368,19.8968,20.3633,19.7826,19.8355,20.1282,19.9245,20.7467,19.7419,20.0618,20.0192,20.7061,22.4334,19.8809,20.0536,20.3369,20.2768,20.5291,19.569,20.0522,20.064,20.5813,20.8245
340,2:17:35 PM,19.746,19.6584,19.7738,19.8934,20.6507,20.3707,20.3752,20.8649,20.9536,21.1299,20.5479,20.3123,20.0433,20.109,20.2331,20.3364,20.8691,20.5967,21.1109,21.668,20.5087,20.2872,20.4515,20.3399,21.2026,19.6412,19.7972,19.7889,19.9092,20.1063,20.7456,20.606,21.1203,20.8897,21.4617,20.531,20.333,20.3743,20.5519,19.9673,20.7585,20.9135,20.7196,21.4565,21.7674,20.7537,21.1091,21.1785,20.467,21.368,19.5189,19.3609,19.6213,19.9222,20.7135,19.4352,20.3149,20.5217,20.9864,21.1185,20.5678,20.4537,20.4993,20.6342,21.4528,20.8309,20.0186,19.9904,20.4133,21.3442,19.7836,20.2895,20.4835,20.6311,21.1471,19.5555,19.3351,19.6571,19.9231,20.6916,20.5371,19.4748,19.5072,19.1143,21.2565,19.3728,19.8976,20.6849,20.7699,21.96,19.2922,19.3198,19.9715,20.5864,21.6293,19.2165,19.5241,19.856,19.5945,19.9876,19.681,19.7965,20.145,20.0518,20.9193,19.9736,20.0148,20.5302,20.8186,22.5978,19.9708,19.8053,20.3472,20.3317,20.3259,19.4734,20.0401,20.0554,20.4079,21.1683
341,2:17:55 PM,19.8337,19.819,19.5435,20.0537,20.559,20.2626,20.1649,20.7677,20.8664,21.3768,20.5096,19.9349,20.376,20.3721,20.4034,20.5383,20.5933,20.8216,20.8393,21.4862,20.5671,20.291,20.726,20.4844,21.1691,19.4883,19.8313,19.824,19.856,20.3239,20.9174,20.3823,20.7917,20.7323,21.5557,20.5217,20.5541,20.464,20.4184,20.5932,20.7685,20.604,20.5284,21.2837,21.7109,20.7303,21.1265,20.9211,20.5826,21.0237,19.426,19.2598,19.5656,19.6547,20.6957,19.648,20.153,20.74,20.8741,21.2272,20.3572,20.3419,20.2637,20.4133,21.6544,20.3226,20.2235,19.9517,20.4639,21.1161,19.6949,20.1267,20.5783,20.3708,20.8899,19.3878,19.363,19.6594,19.7597,20.5557,20.7764,19.2605,19.8902,19.0505,20.9814,19.3576,19.9132,20.6567,20.7175,21.59,18.9953,19.3694,19.3304,20.6777,21.7461,19.3794,19.5564,19.7746,19.5505,20.6579,19.7907,19.7139,20.1262,19.9489,20.6558,19.8656,19.8937,20.2855,20.9841,22.8237,19.9326,19.61,20.3088,20.4435,20.4317,19.337,20.0185,20.1924,20.7001,21.4081
342,2:18:15 PM,19.6687,19.6421,19.7381,19.8696,20.4634,20.3761,20.2419,20.6155,21.1099,21.1026,20.3742,20.3547,20.1448,20.2074,20.2649,20.3535,20.8762,20.4686,20.9746,21.4781,20.5445,20.4563,20.5376,20.8519,21.103,19.6399,19.6424,19.537,19.5661,20.2631,20.6088,20.2737,20.5501,20.8979,21.5187,20.1947,20.2971,20.2818,20.1887,20.4102,20.6755,20.5595,20.7915,21.2205,21.7914,20.9047,20.7493,20.948,20.6852,21.1408,19.4084,19.2063,19.5418,19.6641,20.6204,19.7405,20.2213,20.623,20.8403,20.8027,20.556,20.3709,20.3033,20.6777,21.3173,20.4008,20.2582,19.9791,20.6429,21.2634,19.5931,20.1501,20.7146,20.5624,21.1882,19.4612,19.4255,19.7055,20.2214,20.5029,20.4345,19.4538,20.0423,19.2236,20.8841,19.8108,19.8248,20.4943,20.8172,22.2939,19.3425,19.2892,19.8236,20.5416,21.9522,19.352,19.9225,19.961,19.8038,20.5266,19.7545,19.7792,19.9914,20.1874,20.8748,19.8101,20.0826,20.2114,20.7779,22.6974,19.9056,19.746,20.2723,20.1955,20.2254,19.2928,19.8346,20.2967,20.7523,21.2398
343,2:18:35 PM,19.6648,19.4767,19.6736,19.8936,20.3577,20.2003,20.2382,20.7129,20.8448,21.0191,20.4037,20.1018,20.2404,20.4975,20.4457,20.4045,20.7777,20.7821,20.7397,21.4371,20.6871,20.3857,20.559,20.5664,21.3087,19.7556,19.6993,19.5973,19.8709,20.2741,20.8187,20.2315,20.8691,20.8249,21.3923,20.4976,20.3469,20.3766,20.3624,20.9974,20.6373,20.6337,20.7956,21.2725,21.7032,20.8421,21.1005,21.0905,20.5308,21.1152,19.4519,19.4708,19.4179,19.7104,20.7074,19.8385,20.3134,20.7531,20.8249,20.9522,20.5343,20.5533,20.2137,20.6038,21.6739,20.6247,20.2476,19.9347,20.5955,21.1724,19.7651,20.135,20.4833,20.5463,21.0888,19.4125,19.209,19.8772,20.0005,20.573,20.4485,19.5216,19.9273,19.3401,20.8766,19.5045,19.864,20.625,20.953,22.2168,19.2556,19.5296,19.5306,20.8202,21.5079,19.5639,19.5203,20.179,19.8906,20.2675,19.764,19.6827,19.9307,20.1789,20.8425,19.9898,20.0673,20.2419,20.564,22.3327,19.7739,20.114,20.3112,20.0519,20.3368,19.2478,19.86,20.2661,20.5671,21.0062
344,2:18:55 PM,19.6088,19.6367,19.5305,20.0858,20.7882,20.4316,20.1424,20.7688,20.997,20.7559,20.2773,20.049,19.9152,20.2201,20.1532,20.3828,20.6652,20.8371,20.8396,21.5504,20.4827,20.4053,20.5323,20.4832,21.1178,19.5873,19.7423,19.628,19.7324,20.3024,20.5018,20.2935,20.9214,20.8773,21.5323,20.3528,20.4234,20.5799,20.2391,20.2241,20.861,20.5546,20.9869,21.3599,21.7144,20.8888,20.8738,20.8446,20.6628,21.189,19.5035,19.338,19.4716,19.7326,20.7126,20.0042,20.3902,20.8169,20.8426,21.0915,20.5896,20.5086,20.0805,20.4589,21.3963,20.6782,20.1394,19.9123,20.3326,21.2446,19.7493,19.9909,20.6457,20.5386,21.0655,19.3468,19.384,19.7226,19.8831,20.3916,20.5938,19.2794,20.2705,19.1639,20.923,19.4935,19.9093,20.3714,20.9449,22.4724,19.1559,19.2495,19.7765,20.3513,21.4845,19.3231,19.3531,19.8314,19.8743,20.4213,19.5707,19.7442,19.9006,19.9392,20.8086,19.9703,20.141,20.1823,20.4352,22.5068,20.1889,19.9961,20.3813,20.1102,20.6135,19.1284,19.799,20.2589,20.6085,21.1949
345,2:19:15 PM,19.588,19.9694,19.6706,19.972,20.4152,20.4062,19.909,20.5576,20.9415,21.0008,20.3106,20.3687,20.1758,20.0964,20.4865,20.3248,20.6458,20.3892,20.8576,21.5616,20.4281,20.574,20.4845,20.588,21.1717,19.5593,19.9074,19.7282,19.6266,20.2976,20.8423,20.3123,20.852,20.674,21.6486,20.4186,20.6555,20.675,20.4719,20.8755,20.5486,20.6606,20.9892,21.2674,21.6573,20.8143,20.871,21.0069,20.717,21.3736,19.4911,19.1353,19.6736,19.6276,20.7586,20.0729,20.3744,20.439,20.5556,21.1693,20.2158,20.441,20.0234,20.753,21.15,20.4372,20.2757,19.8689,20.5304,21.0713,19.6712,19.9295,20.5684,20.8468,20.9237,19.4402,19.4406,19.4601,19.7701,20.4994,20.5901,19.0976,19.6393,18.9709,20.9792,19.5312,19.7377,20.606,20.9283,21.7819,19.3288,19.3659,19.7066,20.6642,21.2945,19.292,19.5191,19.9006,19.802,20.7734,19.7163,19.781,20.0125,19.9785,20.8184,19.8009,19.9968,20.2666,20.8949,22.6527,20.1516,19.9989,20.3819,20.5004,21.0792,19.2585,19.8839,20.3828,20.6997,21.0775
346,2:19:35 PM,19.7746,19.7515,19.6151,20.1078,20.5091,20.5614,20.0417,20.591,20.9674,20.9377,20.4289,20.2323,20.1064,20.0173,20.508,20.3823,20.7653,20.4808,20.9935,21.4398,20.4581,20.299,20.3016,20.2358,21.0162,19.6186,19.6727,19.8199,19.7979,20.2594,20.5039,20.2873,20.9064,20.7355,21.486,20.4306,20.3272,20.3079,20.4514,20.4751,20.5708,20.6195,20.6202,21.2038,21.8906,20.783,20.978,20.8746,20.4665,21.1215,19.535,19.0118,19.4382,19.6276,20.8463,19.9242,20.2319,20.5399,20.8907,20.9592,20.4054,20.4602,20.0483,20.6245,21.9119,20.5544,20.1377,20.0793,20.6305,21.11,19.4423,20.0965,20.3891,20.3862,20.9077,19.3601,19.3941,19.6117,19.9402,20.4137,20.6211,19.3317,20.1617,19.0886,20.9197,19.5831,19.8502,20.4977,20.7581,22.2753,19.4699,19.2319,19.4146,20.3186,21.3766,19.2298,19.5682,19.6491,19.5498,20.1111,19.7367,19.9148,20.1328,20.0451,20.5699,19.9193,19.9695,20.2498,20.6148,22.4086,19.8551,19.7998,20.3624,20.2224,20.6278,19.4382,19.8906,20.3647,20.5909,20.9536
347,2:19:55 PM,19.4725,19.6521,19.6246,19.9025,20.4733,20.4121,20.3913,20.6064,20.7765,20.9617,20.4435,20.3292,19.9436,20.3891,20.5852,20.5042,20.4609,20.6207,20.994,21.4714,20.4745,20.2557,20.3556,20.8286,21.0802,19.2011,19.6643,19.5218,19.918,20.2786,20.5666,20.191,20.7862,20.6971,21.33,20.4348,20.4408,20.6184,20.2726,20.4771,20.6261,20.5616,20.7724,21.2329,21.6663,20.8967,21.1687,20.9503,20.4809,21.0542,19.421,19.0988,19.3437,19.6914,20.6935,19.9358,20.4329,20.5767,20.8868,21.0928,20.2234,20.3401,20.2629,20.8785,21.3851,20.4502,20.3577,19.8915,20.4463,21.1938,19.6249,20.0623,20.3932,20.5065,20.9492,19.4589,19.3216,19.6819,19.9571,20.493,20.6533,19.3042,19.5755,19.1751,21.0259,19.5009,19.8905,20.276,20.8052,22.2469,19.1728,19.2399,19.7191,20.6666,21.3104,19.4883,19.744,19.995,19.7748,20.1538,19.6835,19.6623,19.908,20.1455,20.7945,19.6313,20.0735,20.4115,20.8299,22.6689,20.0305,20.064,20.1538,20.2274,20.2338,19.4337,20.017,20.5067,20.5616,20.9476
348,2:20:15 PM,19.9216,19.6648,19.5475,20.0525,20.3957,20.4513,20.2504,20.6003,20.9115,20.775,20.3426,20.2874,19.8828,20.3674,20.5625,20.1915,20.435,20.5517,20.8263,21.2788,20.4518,20.3202,20.5691,20.4042,21.0736,19.8241,19.7461,19.6371,19.954,20.1998,20.3311,20.2187,20.9294,20.9226,21.3559,20.2804,20.3939,20.6101,20.3372,20.3872,20.8414,20.6216,20.8811,21.2408,21.7564,20.7012,20.9583,21.0021,20.526,21.0397,19.494,19.3691,19.494,19.8864,20.8215,19.7543,20.291,20.4769,20.8883,21.1678,20.4595,20.3542,20.1633,20.6627,21.4783,20.5427,20.1635,19.8673,20.314,20.9965,19.4987,19.8618,20.3459,20.5237,20.9313,19.337,19.4236,19.6388,19.9666,20.3855,20.5112,19.4201,19.9962,19.4517,21.0838,19.5302,19.6776,20.5614,20.8949,21.8895,19.2115,19.2768,19.6313,20.6195,21.3013,19.2273,19.3264,19.5676,19.6574,20.2113,19.6637,19.8866,19.9247,20.0133,21.2016,19.7297,20.2903,20.1859,21.8033,22.6178,20.0148,19.6322,20.497,20.3727,20.5962,19.2968,19.9429,20.0438,20.6121,20.9615
349,2:20:35 PM,19.8544,19.5411,19.3904,20.0893,20.4656,20.2948,19.9014,20.6764,20.8468,20.9975,20.2242,20.3424,19.8863,20.1569,20.3768,20.3906,20.4571,20.6435,20.8546,21.468,20.4046,20.2426,20.5864,20.5261,21.0451,19.8373,19.854,19.5659,19.716,20.3775,20.5176,20.3099,20.8984,20.6679,21.4114,20.5227,20.4731,20.3797,20.3273,20.0057,20.7278,20.6825,20.9571,21.3911,21.8278,20.8482,20.8967,20.8181,20.6664,21.1416,19.4974,19.2871,19.6405,19.6067,20.8331,19.8478,20.3371,20.6879,20.7928,21.0547,20.4012,20.4329,20.2682,20.6326,21.7142,20.6232,20.2973,20.022,20.3677,21.0416,19.5899,20.3007,20.3481,20.3671,20.9352,19.4671,19.512,19.6526,19.9262,20.42,20.6752,19.4527,20.1131,19.4687,21.0947,19.4558,19.8841,20.3014,20.8838,21.99,19.2083,19.242,19.5983,20.399,21.5086,19.3157,19.414,19.8492,19.8388,19.9606,19.8767,19.8348,20.0896,20.1831,20.8898,19.7547,20.1243,20.3784,20.9227,22.9133,19.8725,19.842,20.2686,20.4637,20.356,19.3922,19.9776,20.3725,20.6468,20.9981
350,2:20:55 PM,19.5548,19.5885,19.661,19.8919,20.4707,20.4074,20.0365,20.3499,20.8161,21.0565,20.1148,20.1956,20.0725,20.3515,20.6287,20.3891,20.738,20.7032,20.7853,21.4126,20.6258,20.3853,20.397,20.6227,21.0801,19.7133,19.763,19.501,19.8467,20.2862,20.7492,20.448,20.8162,20.941,21.5229,20.4712,20.3292,20.4073,20.3829,20.5469,20.3651,20.6152,20.7207,21.4298,21.6514,20.9868,20.8642,20.9652,20.5742,21.1367,19.2948,19.1046,19.6923,19.6676,20.8324,19.8645,20.2934,20.5556,20.6805,20.8273,20.3771,20.2983,20.2612,20.8357,21.3947,20.3782,19.9739,20.009,20.3495,21.2262,19.6191,20.1056,20.4792,20.5331,20.8038,19.3146,19.2765,19.6861,19.8775,20.5667,20.6791,19.3763,20.0125,19.4489,20.9093,19.4159,19.9158,20.3724,20.7534,22.348,19.123,19.2709,19.6195,20.4663,21.5326,19.4202,19.4005,19.8676,19.8284,20.0979,19.8048,19.9252,19.8866,20.2765,21.0659,19.6243,20.0589,20.4851,20.7483,22.7614,19.907,19.8772,20.3117,20.2012,20.5152,19.4581,20.0821,20.2471,20.675,20.9108
351,2:21:15 PM,19.5849,19.6724,19.4869,19.8318,20.2906,20.4596,20.2296,20.6533,20.6664,20.9201,20.1775,20.0512,20.1844,20.2077,20.6517,20.3604,20.4915,20.7668,20.8353,21.5,20.547,20.374,20.4967,20.2636,20.9649,19.565,19.6174,19.4768,20.0071,20.211,20.7169,20.3879,20.861,20.8433,21.4248,20.23,20.4469,20.6812,20.6452,20.9668,20.8348,20.4738,20.6988,21.3542,21.9304,20.9749,21.0616,21.0459,20.6616,20.9912,19.411,19.0099,19.361,19.5697,20.6822,19.5906,20.2908,20.6096,20.8483,20.8004,20.4469,20.3237,20.17,20.6446,21.4845,20.4276,20.2193,19.9162,20.4127,21.032,19.4491,20.0947,20.3808,20.4931,21.161,19.3238,19.2276,19.7039,19.9156,20.3928,20.5539,19.2305,20.129,19.2018,21.144,19.4517,19.6387,20.3308,20.5034,21.9618,19.1869,19.4289,19.3593,20.5256,21.5511,19.4816,19.697,19.8471,19.9056,19.964,19.607,19.7613,19.9135,20.0123,20.8052,19.5158,20.1173,20.2389,20.958,22.6868,19.9995,19.9082,20.3583,20.4616,20.4369,19.3484,20.0137,20.3373,20.8165,21.1766
352,2:21:35 PM,19.4924,19.7231,19.7493,19.7985,20.3516,20.5667,20.2181,20.561,20.8309,20.9363,20.4162,20.2727,20.0591,20.5056,20.6149,20.3758,20.6705,20.5809,21.0317,21.329,20.5997,20.4257,20.5037,20.3255,21.0853,19.6056,19.7106,19.3543,19.8199,20.0781,20.57,20.4256,20.8834,20.9486,21.6179,20.3959,20.4329,20.482,20.3069,20.5551,20.6599,20.7418,20.7302,21.2294,21.8627,20.8402,21.0793,20.8651,20.9039,21.1061,19.4049,19.4283,19.4326,19.6759,20.669,19.9951,20.2663,20.4502,20.8147,21.0154,20.3639,20.3942,20.2863,20.611,21.3738,20.4429,20.1354,19.9388,20.3302,21.1632,19.964,20.1218,20.3844,20.353,21.143,19.1451,19.3487,19.7429,19.9582,20.6071,20.5167,19.297,19.7157,19.1403,21.3506,19.4137,19.8779,20.3503,20.7409,21.7959,19.2854,19.2554,19.7908,20.4612,21.6942,19.4942,20.0337,20.0002,19.8944,19.8051,19.7589,19.784,20.1109,19.8996,21.2452,19.6325,19.8463,20.09,21.0985,22.8073,20.1001,19.8362,20.3635,20.2592,20.1372,19.3725,19.868,20.1163,20.5331,21.1506
353,2:21:55 PM,19.3903,19.5121,19.5363,19.9658,20.3844,20.2137,20.0131,20.6347,20.7505,20.9371,20.373,20.211,20.0942,20.3156,20.5951,20.2976,20.7879,20.6787,20.8536,21.4551,20.5646,20.5439,20.3412,20.1809,21.061,19.3751,19.7806,19.4822,19.8981,20.2834,20.6701,20.2667,20.8053,20.5181,21.4882,20.5266,20.5184,20.5117,20.7105,21.0721,20.581,20.4264,20.523,21.2148,21.6047,20.8245,20.9332,20.9767,20.531,20.9901,19.56,19.3297,19.4584,19.7249,20.718,19.9203,20.1864,20.5873,20.926,21.0864,20.0301,20.5158,20.2505,20.6243,21.2309,20.5239,20.1488,19.9469,20.4458,21.1943,19.566,20.0774,20.4077,20.4904,21.1681,19.2234,19.2424,19.5036,19.759,20.2882,20.539,19.3224,19.878,19.1403,20.9435,19.5223,19.7545,20.609,20.6188,21.975,19.062,19.1567,19.9981,20.2793,21.6969,19.5373,19.5067,19.933,19.6998,20.6156,19.7495,19.9585,20.129,20.1085,20.7707,19.9751,19.9307,20.1872,20.6743,22.4357,19.8345,19.9261,20.2849,20.4238,20.475,19.1803,19.6887,19.9377,20.6365,21.0677
354,2:22:15 PM,19.6427,19.4796,19.5693,19.8851,20.2854,20.334,20.2243,20.6055,20.7025,20.8241,20.1137,20.3245,20.0403,20.5601,20.6245,20.3525,20.6325,20.679,20.763,21.2704,20.6669,20.3687,20.4,20.5468,21.1728,19.5956,19.7108,19.3914,19.9547,20.2666,20.8665,20.3107,20.9184,20.7118,21.5262,20.4917,20.4092,20.4977,20.6152,20.8011,20.7516,20.5948,20.9928,21.2177,21.5845,20.7373,20.9338,21.0012,20.4958,21.2328,19.354,19.1128,19.5768,19.7057,20.5924,19.7354,20.2841,20.4562,20.7336,20.9433,20.0689,20.3915,19.984,20.7179,21.4907,20.544,20.2786,19.6804,20.4751,21.1138,19.7003,20.2165,20.5669,20.6508,21.0996,19.3897,19.3447,19.7202,19.9575,20.3994,20.4579,19.3602,19.864,19.5725,21.1255,19.5277,19.7521,20.3005,20.4136,21.4677,19.0831,19.1489,19.4807,20.6986,21.5088,19.4082,19.7548,19.967,19.9659,19.7771,19.7446,19.7872,20.0693,20.0483,20.9112,19.817,19.8979,20.1799,21.0899,22.4066,20.0483,19.9155,20.3247,20.2456,20.1262,19.402,19.821,20.0608,20.6384,21.3748
355,2:22:35 PM,19.4131,19.6063,19.5605,20.1013,20.3742,20.145,20.2123,20.6656,20.8228,20.9229,20.2439,20.1461,19.94,20.588,20.8347,20.3862,20.4804,20.7327,21.0016,21.4423,20.5679,20.4513,20.3829,20.3526,21.0177,19.4985,19.7398,19.6023,19.7882,20.2057,20.5664,19.888,20.8855,20.6915,21.4296,20.3735,20.346,20.3726,20.9658,20.9635,20.7382,20.3751,20.7626,21.155,21.6514,20.8215,21.0839,21.0867,20.648,21.3129,19.3297,19.1836,19.3875,19.5563,20.7085,19.5934,20.2548,20.747,20.8065,21.0487,20.3538,20.425,20.2072,20.3883,21.4865,20.4588,20.2602,20.0064,20.5646,21.0124,19.4988,19.9776,20.4993,20.2986,21.073,19.3987,19.489,19.5667,19.9076,20.5806,20.8008,19.5072,20.1215,19.3261,21.3948,19.5948,19.7416,20.4203,20.4441,21.9424,19.21,19.1457,19.5083,20.6835,21.4464,19.516,19.703,20.073,20.0722,20.313,19.5255,19.6857,19.9873,20.0593,20.7108,19.9676,20.0711,20.3239,20.7331,22.6045,19.9919,19.8282,20.3805,20.2133,20.8689,19.4842,19.7861,20.0662,20.374,21.1053
356,2:22:55 PM,19.7862,19.6318,19.4264,19.9373,20.4899,20.3447,20.0064,20.6575,20.8161,20.908,20.3509,20.3017,20.3206,20.4292,20.8056,20.5096,20.7465,20.3908,21.0539,21.5182,20.5756,20.547,20.6368,20.3278,21.1482,19.5773,19.7263,19.3371,19.6492,20.371,20.6321,20.2926,20.5455,20.5314,21.4303,20.3236,20.7151,20.788,20.6094,20.8801,20.5895,20.5724,20.8022,21.4959,21.5241,20.8381,20.8835,20.9304,20.7607,21.3609,19.3161,19.2051,19.5216,19.783,20.6373,19.617,20.2948,20.5712,20.8393,21.1963,20.3203,20.3093,20.3464,20.5112,21.3787,20.5999,20.3208,19.8794,20.3753,21.1219,20.1169,20.28,20.4758,20.4807,20.6535,19.285,19.4175,19.8494,20.2649,20.4944,20.5471,19.357,19.6831,19.2888,21.3555,19.5477,19.7369,20.3961,20.5915,22.0778,19.1582,19.3776,19.468,20.4405,21.5646,19.3934,19.6404,19.8639,19.5728,20.1984,19.95,19.7161,19.9498,20.1994,20.7942,19.3981,20.1126,20.1987,20.5771,22.7436,20.0774,19.7929,20.3724,20.2439,20.23,19.53,19.9445,20.5077,20.6488,20.9154
357,2:23:15 PM,19.6163,19.7209,19.4746,20.0185,20.6451,20.2922,19.9828,20.5061,20.6372,20.9058,20.1825,20.1419,20.2236,20.3847,20.7897,20.5723,20.7272,20.7283,20.8853,21.5446,20.5669,20.5857,20.4241,20.5817,21.0301,19.7291,19.9774,19.6778,20.061,20.2007,20.5882,20.6253,20.6666,20.8671,21.7496,20.4684,20.2412,20.606,20.4502,20.7611,20.5916,20.632,20.7676,21.3049,21.7175,20.672,21.0843,21.0339,20.6331,21.1186,19.5122,19.1365,19.3485,19.7541,20.8036,20.0913,20.1672,20.5072,20.9912,20.8463,20.4473,20.4717,20.0692,20.6598,21.2302,20.5833,20.1092,19.9842,20.4749,21.1061,20.1735,20.4646,20.6586,20.4687,21.2575,19.3731,19.4618,19.6099,19.8814,20.3178,20.5507,19.455,19.992,19.1381,21.3485,19.4956,19.8435,20.3066,20.4956,21.5147,19.0535,19.368,19.6938,20.4616,21.5068,19.5203,19.7905,19.6877,19.4704,19.9329,19.6653,19.795,20.0034,20.1582,21.4524,19.8567,20.3179,20.2031,20.667,22.3157,19.9028,20.1737,20.3735,20.3058,20.2526,19.3543,19.8662,20.2713,20.5673,20.9777
358,2:23:35 PM,19.5598,19.6443,19.381,19.8862,20.5448,20.2137,19.8983,20.5122,20.7764,20.8793,20.2498,20.1462,20.0304,20.2687,20.7398,20.2002,20.6569,20.3929,20.9709,21.2127,20.6776,20.596,20.6414,20.399,21.1541,19.6274,19.7467,19.4629,19.915,20.3038,20.4337,20.3474,20.8262,20.7199,21.2294,20.3499,20.5216,20.4211,20.3269,20.2333,20.724,20.7626,20.8615,21.2156,21.635,20.8702,21.009,21.0085,20.5492,21.2927,19.4858,19.1639,19.4162,19.5842,20.5773,19.7596,20.2629,20.5052,20.7433,21.1178,20.0781,20.1913,20.13,20.652,21.4116,20.6209,20.0981,19.9574,20.262,21.1027,20.0161,20.1453,20.646,20.4304,20.8858,19.2289,19.2997,19.7732,19.8741,20.4108,20.4659,19.1892,19.7582,19.3825,21.3351,19.4508,19.9088,20.2111,20.496,22.1842,19.3404,19.4512,19.6736,20.5439,21.5539,19.2039,19.6394,19.9813,20.0293,20.3893,19.7808,19.8023,19.9974,20.0801,20.6049,19.7969,20.0251,20.2893,20.8704,22.175,20.0126,19.9697,20.3055,20.3789,20.3206,19.3322,19.9191,20.3386,20.559,20.837
359,2:23:55 PM,19.5944,19.625,19.433,20.0704,20.4079,20.2674,20.0874,20.5267,20.9488,20.9013,20.3648,20.155,19.8356,20.199,20.644,20.3686,20.7575,20.9245,20.8733,21.3021,20.5955,20.5721,20.5794,20.1009,21.1004,19.6618,19.6309,19.6721,20.0973,20.1404,20.377,20.253,20.7167,20.8041,21.5047,20.4029,20.2109,20.3277,20.509,20.6112,20.9147,20.5365,20.6751,21.375,21.8778,20.7839,20.9225,21.0789,20.4486,21.1616,19.2475,19.2094,19.4464,19.7119,20.6296,19.8686,20.0814,20.4178,20.7208,20.7662,20.4261,20.4375,20.2392,20.762,21.2751,20.4797,20.212,19.8766,20.3715,21.1539,19.691,20.0941,20.2807,20.5108,20.9235,19.5085,19.4593,19.577,19.8961,20.711,20.5709,19.367,19.6641,19.2914,20.9339,19.3301,19.7914,20.195,20.3145,22.2075,19.2223,19.1536,19.7932,20.5519,21.4041,19.3315,19.7563,19.8728,19.6112,20.2882,19.7274,19.8327,19.8643,19.7727,20.8977,19.8105,19.8844,20.2937,20.7213,22.6208,19.792,19.6887,20.5316,20.3182,20.4518,19.5141,19.7317,20.2823,20.6218,21.1618
360,2:24:15 PM,19.53,19.4947,19.5798,20.1148,20.5318,20.2047,19.8665,20.5368,20.6241,20.891,20.4321,20.273,20.1042,20.5053,20.4246,20.3085,20.5153,20.6932,21.0563,21.355,20.472,20.3299,20.5108,20.4661,20.9169,19.8652,19.9498,19.8187,19.7914,20.4053,20.8188,20.3172,20.8538,20.713,21.4904,20.5974,20.4101,20.4979,20.2921,20.6005,20.6695,20.7025,20.7601,21.1893,21.7054,20.9128,21.1045,21.0184,20.5831,21.2543,19.5895,19.1474,19.4905,19.6128,20.6864,20.118,20.2891,20.6222,20.9127,20.9283,20.2352,20.3566,20.1515,20.5157,21.3189,20.4498,20.2844,20.1901,20.4248,21.0818,20.1575,20.1795,20.6165,20.5964,20.8446,19.3754,19.3851,19.8066,19.9922,20.5808,20.6942,19.3102,19.502,19.448,21.2455,19.4883,19.9157,20.5258,20.508,21.5772,19.2244,19.2193,19.4625,20.4539,21.704,19.2909,19.5914,19.9689,19.5507,20.4871,19.692,19.7807,20.177,20.1491,20.9743,19.4919,20.0385,20.1896,20.8512,21.9802,19.853,19.8538,20.304,20.2024,20.4322,19.5797,19.8115,20.3244,20.6644,21.0475
361,2:24:35 PM,19.609,19.6851,19.6351,20.0813,20.5216,20.3427,20.2446,20.6531,20.8422,20.8713,20.3444,20.2447,20.2599,20.5393,20.6574,20.3642,20.4625,20.7161,20.8806,21.4803,20.7976,20.4431,20.4754,20.3687,20.915,19.5161,19.8591,19.5829,19.7484,20.4314,20.4661,20.2422,20.718,20.6183,21.3956,20.5059,20.3517,20.5569,20.6814,21.0746,20.5863,20.6903,20.9866,21.2658,21.6207,20.6817,20.9343,20.857,20.5554,21.2101,19.3966,19.4886,19.4361,19.5208,20.6298,19.6884,20.1703,20.4243,20.8451,20.9802,20.6534,20.3393,20.2761,20.6868,21.349,20.3732,20.1417,19.785,20.4395,21.1543,19.5057,20.13,20.4682,20.6244,20.7913,19.3583,19.2765,19.727,19.8167,20.4501,20.6629,19.5071,20.012,19.5833,21.1439,19.6497,20.0445,20.3644,20.5709,22.1201,19.2078,19.3468,19.7135,20.3467,21.478,19.4617,19.5999,19.8587,19.5307,20.324,19.6185,19.9732,20.0317,20.0402,21.1498,19.6874,20.1817,20.3406,20.4928,22.6395,19.8398,19.9172,20.2157,20.3034,20.2563,19.3752,19.914,20.4691,20.6276,21.0905
362,2:24:55 PM,19.587,19.4176,19.4983,20.0764,20.471,20.3987,20.1785,20.6742,20.9281,20.8691,20.5309,20.3293,20.179,20.3548,20.4842,20.5239,20.6871,20.6227,20.857,21.3675,20.3575,20.2714,20.6083,20.4638,20.9823,19.6666,19.9923,19.7979,19.7353,20.3006,20.5214,20.3597,20.7348,20.9278,21.3149,20.433,20.3843,20.4288,20.6791,20.7649,20.6589,20.7483,20.7632,21.2648,21.7448,20.7322,20.9611,20.9425,20.8453,21.1374,19.4607,19.4496,19.6155,19.6445,20.681,19.8463,20.1272,20.4715,20.8273,20.9166,20.3539,20.21,20.0476,20.6951,21.4727,20.6379,20.1019,19.8018,20.4751,21.121,19.8984,20.2986,20.4619,20.2516,20.6895,19.4877,19.5063,19.8111,20.1795,20.391,20.5401,19.2755,19.7761,19.3437,21.2577,19.5081,19.9648,20.4906,20.4469,21.9337,19.4142,19.3088,19.4723,20.7783,21.7093,19.3297,19.6889,20.1576,19.8034,20.2155,19.7244,19.6712,20.0881,19.9356,20.921,20.0944,19.98,20.2441,21.039,22.8081,20.0601,19.9847,20.3569,20.3877,20.3594,19.4182,19.8693,20.2416,20.4222,20.9074
363,2:25:15 PM,19.7263,19.6124,19.5211,20.0111,20.6013,20.3685,20.4156,20.5912,20.8682,20.8564,20.2788,20.3783,19.9803,20.4053,20.8444,20.2906,20.6099,20.7573,20.7141,21.5151,20.5577,20.3819,20.6028,20.6567,21.115,19.515,19.9538,19.6822,20.0727,20.312,20.4697,20.4106,20.8069,20.8273,21.3661,20.4357,20.2691,20.3266,20.8322,21.1429,20.6563,20.7951,20.799,21.0833,21.7572,20.9176,21.0339,21.0502,20.6359,21.1425,19.3989,19.2801,19.4324,19.6856,20.6662,19.6175,20.1452,20.5253,20.8685,21.1449,20.3167,20.1594,20.2509,20.6276,21.2382,20.3385,20.1727,19.9462,20.5929,21.051,20.0558,20.312,20.5795,20.5521,21.0571,19.1776,19.2909,19.7692,19.9191,20.4052,20.4159,19.3646,19.7415,19.3827,21.1628,19.4957,19.8736,20.1526,20.549,21.6443,19.1685,19.4364,19.8233,20.5221,21.8146,19.4919,19.6763,19.9068,19.9127,20.321,19.8716,19.8357,19.835,20.0539,20.9963,19.5993,20.0795,20.2049,20.5705,22.7255,19.9232,19.8326,20.4907,20.3157,20.3224,19.5563,20.0574,20.2085,20.5494,20.9377
364,2:25:35 PM,19.6146,19.4576,19.5818,19.9657,20.4782,20.44,20.1549,20.5252,20.9523,20.8938,20.4022,20.1961,20.2212,20.3808,20.84,20.2556,20.7047,20.4614,20.969,21.467,20.4624,20.1854,20.6062,20.3133,20.9248,19.7324,19.6769,19.7673,19.7095,20.1216,20.6723,20.2759,20.9307,20.7247,21.3536,20.7753,20.3932,20.3838,20.4811,20.77,20.7672,20.7798,20.6919,21.3415,21.6686,20.7709,21.1567,20.8894,20.6198,20.9664,19.3897,19.2,19.6937,19.7022,20.6999,20.0681,20.5358,20.6962,20.7076,21.148,20.3209,20.4029,20.1625,20.5914,21.2073,20.7268,20.1427,19.9329,20.4279,21.3058,19.6151,20.0218,20.4179,20.4458,21.2156,19.2541,19.3177,19.6324,19.9124,20.5411,20.4668,19.4033,20.1391,19.2127,21.1222,19.6091,19.8951,20.3947,20.5445,21.8991,19.2673,19.3701,19.6267,20.5243,21.6285,19.3688,19.6155,19.7369,19.7429,20.1185,19.8796,19.7295,19.9255,20.036,21.2736,19.5824,19.9456,20.3247,20.7835,22.7631,20.1539,19.7407,20.3541,20.2649,20.456,19.3797,20.1064,20.2877,20.6498,21.1263
365,2:25:55 PM,19.6454,19.7138,19.7459,20.0283,20.3916,20.2956,20.1114,20.6075,20.8834,20.7392,20.2465,20.2417,20.2532,20.199,20.7312,20.5602,20.7738,20.4621,20.9119,21.366,20.3639,20.4383,20.5073,20.5502,21.16,19.6435,19.9322,19.6131,19.6937,20.2112,20.416,20.3883,20.791,20.5788,21.472,20.3612,20.4096,20.5401,20.5862,20.6487,20.6865,20.6442,20.9451,21.2987,21.5448,20.9174,20.9015,21.0254,20.5205,21.029,19.4896,19.2807,19.7105,19.7339,20.6013,19.8814,20.2221,20.7516,20.8852,21.1508,20.1855,20.4658,20.3224,20.5185,21.221,20.4977,20.2921,19.8623,20.3728,21.1604,19.8301,20.2564,20.6036,20.5761,21.004,19.5029,19.3282,19.5462,19.9377,20.5754,20.5254,19.5814,20.3621,19.4331,20.9408,19.432,19.8817,20.5233,20.8276,22.0497,19.455,19.0905,19.9446,20.6232,21.6272,19.4959,19.5783,19.878,20.0705,20.4,19.6711,19.7701,20.0005,20.0542,21.6575,19.7535,20.3117,20.2734,20.599,22.7059,19.9585,19.788,20.3523,20.4846,20.4759,19.7313,19.9733,20.4536,20.7139,21.0552
366,2:26:15 PM,19.4768,19.3613,19.7534,19.9795,20.3559,20.3372,19.9458,20.5631,20.9246,20.6592,20.3302,20.2791,19.8468,20.2213,20.4539,20.4043,20.5023,20.6006,20.7354,21.14,20.4097,20.3786,20.5747,20.4032,21.0757,19.6114,19.8512,19.6981,19.8995,20.1567,20.6381,20.3408,20.6668,20.8061,21.2124,20.5147,20.286,20.3119,20.2003,20.3095,20.5923,20.4273,20.5116,21.0719,21.6183,20.7858,21.0675,21.107,20.6244,20.9756,19.2959,19.1657,19.6721,19.6567,20.7906,19.607,20.3365,20.7588,20.8702,21.0736,20.5818,20.3878,20.1971,20.5574,21.8208,20.7085,20.1079,20.0137,20.2213,21.0022,19.807,20.38,20.6932,20.6086,21.1675,19.3881,19.2605,19.7735,19.9878,20.3926,20.3929,19.3534,20.2891,19.1803,20.6402,19.3951,19.9204,20.3142,20.5631,22.3103,19.2905,19.1557,19.6254,20.5953,21.5989,19.5349,19.9379,19.8327,19.8394,20.5419,19.7338,20.0386,20.0667,20.1532,20.8174,19.583,20.1079,20.0478,20.6273,22.3956,19.9887,19.7603,20.1827,20.3043,20.6288,19.4199,20.0158,20.2379,20.6237,21.2264
367,2:26:35 PM,19.592,19.6358,19.3253,19.8554,20.3442,20.3244,20.1643,20.5826,21.1035,20.8932,20.3336,20.0795,20.1449,20.3934,20.6753,20.5048,20.6024,20.8417,20.8987,21.1748,20.4808,20.5329,20.4417,20.4169,21.0305,19.352,19.6656,19.6171,19.6481,20.2586,20.6029,20.1627,20.753,20.8063,21.2909,20.3427,20.3649,20.5732,20.2172,20.6933,20.4729,20.6629,20.7781,21.358,21.7483,20.9332,21.0035,20.9639,20.4979,20.9424,19.3679,19.2063,19.6386,19.7084,20.6574,19.6621,20.3256,20.453,20.923,21.4068,20.2567,20.3737,20.1849,20.6301,21.6918,20.5697,20.4139,19.8339,20.3671,21.1979,19.5008,20.155,20.5268,20.4968,21.0829,19.3169,19.3923,19.7211,19.9642,20.3089,20.3521,19.3248,19.9268,19.0754,21.0191,19.5032,19.7661,20.4966,20.8425,21.7283,19.2296,19.3466,19.5689,20.358,21.675,19.4996,19.3164,19.6833,19.7686,19.9822,19.6357,19.8422,20.1919,20.0158,21.5047,19.6219,20.1063,20.2767,20.7267,22.3431,19.998,19.656,20.2755,20.3134,20.5156,19.2853,19.9269,20.315,20.7222,21.1114
368,2:26:55 PM,19.8207,19.4101,19.6974,20.0743,20.3287,20.2708,20.3631,20.6485,20.7443,20.9538,20.4526,20.0794,20.1903,20.3812,20.6163,20.2603,20.6414,20.9534,20.9765,21.4024,20.6732,20.2731,20.5741,20.8462,20.9736,19.6638,19.9894,19.8476,19.7297,20.0868,20.3468,20.4422,20.8591,20.5339,21.4374,20.3421,20.399,20.498,20.3535,20.9778,20.8079,20.7411,20.557,21.2251,21.7813,20.758,21.0348,20.9908,20.5042,21.0014,19.5429,19.2934,19.465,19.5954,20.652,19.6486,20.189,20.7456,20.7539,20.9421,20.1574,20.3211,20.1886,20.6805,21.4913,20.6452,20.1235,19.9165,20.7765,21.2796,19.7612,20.3305,20.6506,20.6082,21.0983,19.5082,19.4312,19.7047,20.2878,20.379,20.3834,19.3214,20.0181,19.4437,20.9489,19.7336,19.7485,20.379,20.6332,22.1045,19.237,19.2874,19.6321,20.4891,21.7491,19.4202,19.5854,20.1524,20.1232,19.7744,19.6464,19.8468,20.0357,20.1785,21.0982,19.6724,19.863,20.2489,20.6894,22.002,20.1174,19.9519,20.169,20.2889,20.6532,19.6905,20.0102,20.3883,20.5442,21.0289
369,2:27:15 PM,19.7716,19.5285,19.4725,19.7474,20.317,20.2862,20.2058,20.6532,20.8675,21.0113,20.383,20.2815,20.1251,20.5224,20.7528,20.3435,20.7446,20.6692,20.97,21.3163,20.5205,20.4077,20.487,20.4994,20.9748,19.6036,19.9154,19.5129,20.0414,20.2328,20.9033,20.3798,20.8375,20.9048,21.394,20.5439,20.4188,20.5023,20.8415,21.0556,20.4685,20.4304,20.8523,21.4229,21.6727,20.7146,21.0211,20.9013,20.6938,21.1761,19.5815,19.0294,19.7296,19.8851,20.706,20.0296,20.3158,20.6649,20.8273,21.0925,20.2391,20.3808,20.098,20.6374,21.1933,20.4272,20.0995,19.8527,20.5747,20.9574,19.8616,20.0642,20.4004,20.5761,21.0147,19.4253,19.2469,19.6414,20.0299,20.4222,20.6457,19.3406,20.2729,19.1795,20.909,19.6782,19.9881,20.5599,20.8364,21.8172,19.3988,19.4447,19.5229,20.056,22.1177,19.3905,19.9336,19.9383,19.8001,19.8378,19.7693,19.5683,20.1402,20.0556,20.6576,19.646,20.0673,20.0551,20.9055,21.7996,20.0375,20.1347,20.1902,20.3421,20.4782,19.281,19.869,20.02,20.4497,20.7963
370,2:27:35 PM,19.6117,19.7474,19.5408,20.0997,20.3513,20.2697,20.2255,20.6313,20.8449,20.8916,20.3404,20.2948,19.9784,20.131,20.4478,20.4611,20.8128,20.7868,20.7436,21.4251,20.2771,20.5642,20.5231,20.4064,21.1263,19.6759,19.8926,19.8511,19.8336,20.31,20.5994,20.4824,20.7247,21.0149,21.4072,20.2848,20.4653,20.5674,20.3307,20.7274,20.8371,20.6676,20.8793,21.0854,21.6619,20.8238,21.094,20.8953,20.6922,21.0533,19.6355,19.2866,19.6849,19.9232,20.6192,19.7572,20.3152,20.6308,20.8853,21.3711,20.2751,20.3153,19.9607,20.7259,21.3687,20.4583,20.1675,19.9299,20.4462,21.0376,19.8883,20.3088,20.5471,20.5314,20.759,19.525,19.3746,19.6454,20.0474,20.6714,20.6076,19.3127,20.0327,19.6011,21.0105,19.6204,19.8414,20.7858,21.0422,21.9238,19.4049,19.4436,19.8425,20.7669,21.8448,19.5092,19.8171,20.0566,19.9732,19.7457,19.9546,19.8897,19.9523,20.3034,21.0411,19.6158,19.9031,20.3987,20.6778,21.6281,20.0567,19.8419,20.3616,20.4336,20.1598,19.4465,20.2988,20.1405,20.6195,20.8619
371,2:27:55 PM,19.8385,19.6967,19.6445,19.9424,20.5413,20.3011,20.3874,20.6882,20.883,20.9683,20.1807,20.2218,20.0929,20.2438,20.4346,20.4515,20.6983,20.4195,21.0388,21.1728,20.5804,20.6921,20.5388,20.2465,20.8576,19.659,20.0599,19.8035,20.0899,20.2098,20.6068,20.3822,20.9462,20.6883,21.4235,20.1886,20.3795,20.2652,20.3351,20.4508,20.6945,20.5187,20.5526,21.1592,21.6866,20.8045,21.063,20.9701,20.7574,20.9766,19.779,19.6725,19.4044,19.7137,20.6039,19.6814,20.1259,20.5224,20.7518,20.7081,20.459,20.2925,20.102,20.4696,21.3685,20.6692,20.3394,19.9081,20.5236,21.0223,20.0354,20.2162,20.645,20.6996,21.125,19.3756,19.4674,19.5897,19.8846,20.4655,20.5179,19.3375,19.8875,19.1602,20.9757,19.5034,19.7531,20.5897,20.7301,21.6828,19.0199,19.4015,20.0481,20.7308,21.8354,19.4595,19.7007,20.0841,19.9445,19.862,19.7067,19.8386,19.8821,20.0692,20.7272,19.8346,20.0707,20.3247,20.4114,22.4784,20.0029,19.7602,20.3431,20.4508,20.7424,19.2228,19.8117,20.0379,20.5083,20.8255
372,2:28:15 PM,19.5959,19.7271,19.5012,20.11,20.3788,20.2823,20.3888,20.7476,20.8194,20.9115,20.4965,20.0206,19.7942,20.2307,20.5082,20.4606,20.5287,20.8022,20.9498,21.1322,20.664,20.5364,20.5824,20.2838,20.8144,19.4077,19.9615,19.778,19.9272,20.2128,20.4073,20.3872,20.9162,20.8779,21.4351,20.2588,20.3939,20.4643,20.5399,20.7136,20.6131,20.6271,20.9037,21.2457,21.7619,20.6839,20.9825,20.9604,20.5446,21.2205,19.6787,19.2144,19.5621,19.8511,20.6873,19.7654,20.3647,20.6282,20.9668,21.3157,20.3183,20.3807,20.191,20.8597,21.2625,20.4591,20.2912,19.8435,20.3889,21.1793,19.7979,20.2883,20.3748,20.5082,20.8727,19.3953,19.6003,19.7451,20.0132,20.5111,20.532,19.5321,19.7646,19.3113,20.5061,19.5455,19.9252,20.5768,20.8287,22.6853,19.3796,19.3234,19.8887,20.4206,21.9024,19.4368,19.7414,19.9221,19.6611,20.3379,19.832,19.8516,20.1058,19.9955,20.8603,19.6669,20.1401,20.4703,20.7667,22.8978,19.9845,19.8132,20.271,20.2572,20.3435,19.5391,20.1724,20.2738,20.5612,20.9311
373,2:28:35 PM,19.6237,19.555,19.5709,20.0094,20.3443,20.3884,20.1837,20.7838,20.6355,20.6635,20.2996,20.3092,20.0428,20.2852,20.6237,20.6313,20.6781,20.4307,20.7937,21.4195,20.7009,20.3427,20.2836,20.1748,21.062,19.5406,19.7693,19.5475,19.8804,20.3113,20.671,20.4869,20.5536,20.8234,21.4495,20.4219,20.4571,20.4614,20.4985,20.3411,20.7196,20.7599,20.7656,21.4468,21.954,20.8327,20.9445,20.9492,20.6817,20.9731,19.5506,19.1558,19.5467,19.6267,20.467,20.0673,20.0666,20.4683,20.8822,21.0581,20.3681,20.4871,20.0939,20.5465,21.5034,20.433,20.3126,19.9243,20.6141,21.1983,19.7423,20.4652,20.6255,20.5943,20.6748,19.1557,19.4875,19.8088,19.9199,20.5244,20.5736,19.5159,19.7101,19.1444,20.9988,19.6893,20.057,20.5338,20.6803,21.5868,19.4057,19.4157,19.4621,20.7062,21.9913,19.5537,19.8994,20.014,19.7163,20.477,19.597,19.9716,19.8064,20.2156,21.3644,19.806,19.8675,20.5075,20.6479,22.6092,20.1827,19.7718,20.3205,20.5391,20.4911,19.5039,19.7945,20.3119,20.4487,20.9587
374,2:28:55 PM,19.4618,19.6892,19.6932,19.8996,20.5407,20.4261,20.5158,20.5935,20.7078,20.906,20.3884,20.2671,19.9708,20.213,20.5021,20.5496,20.6546,20.3835,20.797,21.272,20.6406,20.5422,20.4844,19.9423,21.0948,19.4313,19.8561,19.6165,19.7873,20.0253,20.781,20.2281,20.8783,20.7467,21.1952,20.4367,20.444,20.6419,20.3767,20.564,20.65,20.7325,20.8411,21.1775,21.577,20.8572,21.1414,20.9965,20.4985,20.9297,19.4496,19.3595,19.4336,19.6004,20.661,19.9531,20.2734,20.4689,20.6979,21.119,20.5944,20.4476,20.1926,20.6945,21.3666,20.5825,20.1323,19.7651,20.4181,20.9885,19.7555,20.2262,20.378,20.4108,20.5662,19.4386,19.3831,19.7054,19.9007,20.4663,20.5378,19.3004,19.7853,19.3182,20.7075,19.7331,19.9062,20.4932,20.7405,22.4513,19.1587,19.3166,19.7476,20.5894,21.9516,19.5522,19.9262,19.7992,19.7261,19.7728,19.5733,19.9004,19.9109,20.1043,20.7885,19.5622,19.9704,20.1437,21.4347,22.9998,20.1532,19.7591,20.2994,20.4016,20.3956,19.3669,19.709,20.2588,20.6028,21.1111
375,2:29:15 PM,19.7066,19.5138,19.7486,19.8817,20.2628,20.468,20.5296,20.654,20.8929,20.7958,20.4517,20.1364,20.1241,20.2063,20.559,20.4417,20.8115,20.6924,20.8145,21.2981,20.5105,20.3659,20.5723,20.4406,21.1633,19.4399,19.9746,19.4983,19.7831,20.2124,20.579,20.14,21.083,21.0156,21.2899,20.5613,20.3716,20.469,20.6001,20.3283,20.6499,20.6179,20.764,21.1193,21.6696,20.6283,21.1263,21.0481,20.53,21.118,19.4307,19.3988,19.6123,19.7671,20.705,19.7358,20.2648,20.5102,20.8785,21.0999,20.4505,20.3767,20.0794,20.5852,21.3488,20.7596,20.2093,19.7545,20.401,21.0234,19.6896,20.1274,20.4776,20.567,20.8139,19.4382,19.4248,19.9583,19.8334,20.4546,20.7613,19.6106,19.9771,19.2843,20.7489,19.6067,19.8047,20.3528,20.5374,22.4572,19.189,19.1972,19.8509,20.4424,21.848,19.4527,19.627,20.0207,19.7514,19.7717,19.7386,19.8665,20.0667,20.0925,21.0898,19.7316,20.0824,20.2015,20.5766,22.8424,20.1335,19.7709,20.5291,20.2771,20.1833,19.3404,20.1932,20.2722,20.6126,21.1578
376,2:29:35 PM,19.5341,19.5424,19.5094,20.0022,20.6027,20.3937,20.1266,20.6387,20.872,20.9665,20.1963,20.1396,19.817,20.2677,20.5739,20.4596,20.5383,20.5493,20.8149,21.1387,20.5086,20.358,20.5618,20.4049,20.9856,19.6784,19.8767,19.5535,19.634,20.2627,20.6362,20.3966,20.951,20.7776,21.4164,20.519,20.3871,20.3218,20.3431,20.7551,20.7971,20.6629,20.5503,21.3073,21.7909,20.7432,21.0109,21.019,20.3113,21.0162,19.5668,19.2526,19.6831,19.7271,20.7846,20.3095,20.4554,20.4275,20.8336,20.9517,20.6229,20.3345,19.9875,20.4775,21.6272,20.524,20.2221,19.857,20.4197,20.9501,19.6079,20.103,20.6684,20.586,20.7425,19.601,19.3568,19.7813,19.8801,20.4226,20.543,19.6565,19.9188,19.5617,20.6686,19.639,19.9632,20.4451,20.7695,22.1173,19.1373,19.2585,19.701,20.5314,21.9928,19.4,19.4065,19.7273,19.7777,20.23,19.6459,19.8017,20.1608,20.0988,21.366,19.6381,19.8784,20.1474,20.6104,23.0813,20.0454,20.1597,20.3707,20.4343,20.3621,19.3949,20.1477,20.3595,20.7302,21.0965
377,2:29:55 PM,19.7258,19.7374,19.839,20.1133,20.2348,20.4396,20.297,20.4971,20.9186,21.0028,20.2171,20.1818,20.1423,20.0769,20.271,20.4105,20.7415,20.5246,20.8855,21.2109,20.4277,20.4036,20.6305,20.7104,20.905,19.6996,19.8527,19.6008,19.7451,20.307,20.6633,20.4533,20.7793,20.7417,21.4204,20.5153,20.5164,20.3304,20.1822,20.3456,20.637,20.5129,20.6053,21.1186,21.6598,20.716,20.9718,20.8741,20.6823,21.1097,19.7488,19.4565,19.7863,19.7237,20.5168,19.8687,20.2587,20.4223,20.8261,20.5882,20.3536,20.3025,20.1863,20.563,21.3519,20.5502,20.1439,19.7645,20.4015,21.1346,20.0237,20.2779,20.5587,20.5001,20.765,19.4893,19.5199,19.7917,19.9907,20.489,20.5193,19.4172,19.8464,19.5163,20.7678,19.8194,19.8695,20.4829,20.7649,21.9235,19.2438,19.3361,19.802,20.4891,21.9201,19.527,19.7869,19.8549,19.9943,19.8992,19.8121,19.891,20.0298,20.0138,20.8999,19.8046,19.91,20.4325,21.3938,23.1718,20.1548,19.8298,20.3394,20.2198,20.276,19.291,19.8305,20.3759,20.6098,21.3274
378,2:30:15 PM,19.6961,19.4637,19.3242,19.8677,20.4371,20.4788,20.0753,20.5337,20.915,21.1677,20.3323,20.3297,20.1558,20.2852,20.6716,20.3263,20.467,20.5325,20.8847,21.3516,20.3919,20.3677,20.3345,20.4707,21.194,19.7199,19.9593,19.5223,19.696,20.2851,20.6917,20.3296,20.8184,20.989,21.4125,20.4526,20.4848,20.2471,20.1925,20.2322,20.6844,20.405,20.7716,21.1668,21.657,20.7335,20.8393,21.0544,20.4426,21.0106,19.5348,19.2808,19.6838,19.6669,20.49,19.7104,20.231,20.617,20.8139,21.1065,20.4038,20.2516,20.3678,20.7012,21.4767,20.6694,20.2277,19.8319,20.5151,21.0784,19.6375,20.1334,20.5909,20.5872,20.9996,19.4544,19.6171,19.8108,20.0263,20.4965,20.5505,19.4737,20.3416,19.5461,20.8027,19.6612,19.8705,20.6843,20.8576,22.3971,19.347,19.2409,19.7173,20.4203,21.815,19.3829,19.6451,20.0091,19.6999,19.863,19.7777,19.8496,20.0347,19.9079,20.7325,20.0159,20.4755,20.359,21.1159,22.8792,20.0333,19.9054,20.1419,20.2049,20.2801,19.2278,19.9535,20.1903,20.5779,20.9336
379,2:30:35 PM,19.7776,19.841,19.7582,20.1273,20.2462,20.3359,20.2203,20.5021,20.6679,20.9048,20.1987,20.2634,20.0081,20.1581,20.3916,20.3467,20.7247,20.6641,20.8124,21.4339,20.3126,20.5074,20.3873,20.1588,20.9212,19.7151,19.8155,19.802,19.667,20.181,20.6255,20.1524,20.8192,20.7499,21.3305,20.3968,20.2371,20.2105,20.2018,20.5847,20.6674,20.458,20.6841,21.1579,21.6601,20.6861,20.8621,20.8564,20.5891,21.1971,19.7297,19.4103,19.5775,19.7711,20.7773,19.905,20.3342,20.5433,20.9231,21.0843,20.4704,20.2522,20.2526,20.6722,21.7518,20.7038,20.0523,19.8544,20.3451,21.036,19.6698,20.011,20.5649,20.4594,20.7877,19.481,19.6068,19.756,19.8769,20.6164,20.573,19.3855,19.8804,19.5277,20.93,19.6314,20.0153,20.5297,20.6298,22.1142,19.2128,19.4697,19.8712,20.2447,21.6814,19.4697,19.3578,19.9519,19.7446,20.0733,19.843,19.7893,20.0568,20.1017,20.9244,19.9949,20.1712,20.3085,20.7824,22.4734,20.1501,19.8544,20.2158,20.2289,20.5251,19.5521,20.0285,19.9934,21.1307,21.3747
380,2:30:55 PM,19.6644,19.6801,19.7808,20.0128,20.2505,20.3708,20.2909,20.6214,20.9539,20.8923,20.5295,20.3811,20.0218,20.2183,20.388,20.2802,20.5621,20.5562,20.8358,21.4961,20.4317,20.4393,20.5121,20.3042,21.053,19.6965,19.7926,19.7192,20.0391,20.5405,20.4298,20.4364,20.9241,20.9243,21.3666,20.5906,20.2592,20.1997,20.4164,20.3398,20.4333,20.6832,20.6001,21.0864,21.5633,20.6701,21.0413,20.9248,20.6083,21.1529,19.6603,19.3399,19.706,19.6951,20.5396,19.6728,20.259,20.5645,20.886,21.1072,20.3068,20.5286,20.0764,20.4984,21.3168,20.477,20.3136,19.9441,20.3619,21.1834,19.5705,20.2136,20.5714,20.6532,20.8742,19.548,19.523,19.6761,20.064,20.4389,20.4267,19.2436,19.8061,19.322,20.7449,19.6048,19.7915,20.456,20.8549,22.0754,19.2512,19.5634,19.6616,20.952,21.8374,19.4105,19.7437,19.875,19.8113,19.563,19.8832,19.88,19.9721,20.1284,21.1139,20.0183,20.1366,20.266,20.9991,22.7672,19.9886,19.9753,20.5207,20.4784,20.4632,19.4781,19.9835,20.2301,21.0256,21.2168
381,2:31:15 PM,19.7527,19.749,19.59,20.0386,20.2828,20.2666,20.279,20.5125,20.6123,20.9707,20.404,20.2658,19.8757,20.2451,20.3685,20.3867,20.4724,20.6032,21.0071,21.2154,20.4046,20.5178,20.451,20.2987,20.8448,19.6364,20.0084,19.6867,19.8805,20.1068,20.9367,20.2282,20.7855,20.7206,21.1861,20.3887,20.2799,20.4685,20.2827,20.4612,20.7753,20.561,20.7959,21.1923,21.6942,20.674,20.7846,20.9566,20.7991,20.9426,19.3768,19.5228,19.4389,19.5049,20.5994,19.8512,20.257,20.894,20.7549,20.9619,20.4087,20.3688,20.3384,20.5693,21.3723,20.4783,20.1876,19.8869,20.3798,21.0755,19.7418,20.0667,20.4891,20.5104,20.967,19.5465,19.3644,19.6706,20.1329,20.4397,20.4512,19.3758,20.1444,19.327,20.9056,19.797,20.0289,20.4631,21.0017,22.3412,19.3787,19.401,19.8393,20.3693,21.8263,19.4606,19.4875,19.6641,19.6516,19.7361,19.7536,19.8562,20.0939,20.0515,21.2483,19.6745,20.0218,20.2258,20.7918,22.7029,20.0737,20.1479,20.372,20.7364,21.2171,19.8247,20.065,20.3761,21.1005,21.2909
382,2:31:35 PM,19.7034,19.6703,19.7827,19.8859,20.5697,20.3061,20.18,20.5105,20.9822,21.0241,20.3703,20.3116,19.9779,20.1166,20.1453,20.2734,20.6112,20.7145,20.7378,21.3987,20.5366,20.3779,20.5018,20.3185,20.9925,19.8126,20.2797,19.6284,19.9694,20.2032,20.5367,20.418,20.9179,20.7487,21.3067,20.5093,20.2755,20.6354,20.2519,20.6217,20.5515,20.6177,20.7758,21.1975,21.6154,20.6522,20.8544,20.9309,20.7634,20.989,19.5767,19.514,19.9084,19.7821,20.5943,19.9338,20.3152,20.5474,20.9522,20.6276,20.3295,20.356,20.0819,20.6152,21.4488,20.5749,20.3122,20.09,20.37,20.8576,19.6338,20.2534,20.6246,20.3743,20.7184,19.7963,19.5743,19.7512,20.1499,20.5119,20.4791,19.4997,20.0274,19.3988,20.6234,19.7119,19.9645,20.663,20.6713,21.9784,19.4198,19.4874,19.6935,20.5678,21.7319,19.4886,19.7121,19.8,19.8621,20.2819,19.7985,19.8695,20.1554,20.0113,21.5196,19.8825,20.1247,20.3828,20.9225,22.8873,20.1155,20.3357,20.4695,20.3402,20.5919,19.502,20.0228,20.586,20.6724,21.2137
383,2:31:55 PM,19.8031,19.7496,19.764,19.9792,20.416,20.401,20.3477,20.7274,20.9776,20.9435,20.3189,20.4047,20.1423,20.1636,20.4678,20.2556,20.6092,20.6241,20.9189,21.1685,20.4109,20.1961,20.5339,20.1738,20.9664,19.8293,20.0821,19.6608,19.7975,20.3295,20.8016,20.328,20.9438,20.8071,21.2899,20.353,20.437,20.2936,20.2909,20.3519,20.4398,20.6062,20.8184,21.333,21.657,20.4941,20.8498,20.8825,20.5561,20.9863,19.6078,19.4871,19.5815,19.744,20.5804,19.7145,20.2577,20.6936,20.8991,21.1453,20.4893,20.4092,20.3394,20.5451,21.3311,20.3448,20.1912,19.8892,20.4677,21.0025,19.897,20.183,20.5499,20.5002,20.6805,19.7532,19.5926,19.8018,20.1166,20.6553,20.378,19.5024,20.2251,19.5771,20.8339,19.697,20.0553,20.8447,21.3392,22.4408,19.3345,19.4744,19.8839,20.6391,21.7411,19.5833,19.6569,20.022,20.0489,20.0981,20.1797,19.7114,20.0213,20.0855,21.2017,19.687,20.1744,20.4133,20.8291,22.859,20.1115,19.9608,20.1614,20.3292,20.4771,19.532,20.0236,20.3832,20.5575,21.118
384,2:32:15 PM,19.7522,20.0526,19.8577,20.1065,20.3942,20.3684,20.2368,20.588,20.8342,20.8993,20.3687,20.3364,20.0398,20.3989,20.1957,20.4595,20.3229,20.668,20.7899,21.5495,20.5345,20.4998,20.4584,20.4181,21.066,19.6858,19.9624,19.7909,19.8405,20.2731,20.9499,20.447,20.8375,20.8741,21.5762,20.5086,20.368,20.4295,20.3151,20.5504,20.761,20.5083,20.8074,21.1059,21.7743,20.7095,20.9951,21.1104,20.5529,21.294,19.6104,19.4245,19.7008,19.8237,20.7163,19.8119,20.3188,20.663,20.7371,20.7063,20.3803,20.4431,20.1095,20.7127,21.6025,20.5754,20.3603,19.8176,20.4971,21.3713,19.7235,20.413,20.624,20.645,20.6258,19.6453,19.5042,19.7581,19.9283,20.5153,20.7081,19.382,19.9438,19.3452,20.7127,19.5951,19.9835,20.7074,20.971,22.3601,19.1206,19.5623,20.0221,20.543,21.8323,19.3392,19.591,19.7436,19.7613,19.9742,19.8206,19.8717,20.1925,19.9823,20.937,19.7388,20.2207,20.2332,21.0088,22.2697,20.1675,19.7517,20.2952,20.5319,20.6404,19.6542,19.942,20.2825,20.4868,21.0176
385,2:32:35 PM,19.6967,19.8404,19.624,19.8183,20.3803,20.4188,20.2675,20.763,20.7801,20.9977,20.272,20.3252,20.0924,20.3123,20.5703,20.2965,20.5079,20.6849,20.9323,21.1397,20.6165,20.5433,20.5412,20.4221,20.9206,19.4348,19.8544,19.7742,20.1687,20.3704,20.7277,20.2145,20.8643,20.8552,21.3433,20.2563,20.6221,20.5336,20.8774,20.8996,20.576,20.6835,20.5422,21.0527,21.5454,20.8499,20.6815,20.7648,20.3885,20.9904,19.4446,19.4791,19.839,19.8505,20.5699,19.7521,20.2451,20.5695,20.8513,20.9251,20.4822,20.3184,20.1582,20.6987,21.6256,20.466,20.3057,20.1242,20.5211,21.2893,20.2645,20.2639,20.3281,20.591,20.9169,19.4344,19.4894,19.7489,20.0215,20.5033,20.4488,19.7042,20.0066,19.4148,20.6794,19.7854,19.9434,20.4896,21.1784,22.6762,19.5223,19.5593,19.5117,20.5453,21.6645,19.6675,19.7436,20.1632,20.0025,20.3932,19.8295,19.8871,20.1501,20.2071,20.985,19.8467,20.1522,20.1915,20.7789,22.7222,19.9727,19.9066,20.5344,20.4275,20.4836,19.3839,19.8687,20.1299,20.7277,21.1298
386,2:32:55 PM,19.8291,19.9194,19.5741,20.0521,20.2257,20.3232,19.9066,20.8332,20.9826,20.9826,20.3078,20.2983,19.9449,20.4699,20.7285,20.4581,20.5381,20.6813,20.7362,21.2037,20.4926,20.6079,20.617,20.5425,20.9524,19.527,19.8358,19.7355,19.7009,20.2798,20.549,20.2802,20.9645,20.5739,21.4123,20.6419,20.4284,20.6136,20.6626,21.0151,20.6904,20.7776,20.9124,21.1071,21.8111,20.7061,20.9269,20.9445,20.602,21.0046,19.578,19.4441,19.5906,19.6698,20.6816,19.7541,20.4793,20.7207,20.9542,21.1807,20.2395,20.3689,20.1217,20.4017,21.4472,20.5878,20.1775,19.7598,20.2925,21.0987,19.9176,20.1124,20.394,20.5578,20.6676,19.354,19.3223,19.9804,20.0893,20.5358,20.5017,19.5424,19.9864,19.4511,20.6042,19.7339,19.7903,20.6687,20.9079,22.2764,19.5875,19.4757,19.5917,20.4346,21.7361,19.9095,19.7108,20.0031,19.7664,19.8952,19.903,19.8263,20.0491,20.0898,21.0657,19.7079,20.2275,20.3753,20.8553,22.655,20.0305,19.9545,20.1924,20.3108,20.7708,19.769,20.0077,20.4397,20.7428,21.2022
387,2:33:15 PM,19.8617,19.8392,19.5988,20.1041,20.4504,20.3728,20.0421,20.5118,20.8708,20.877,20.7409,20.3407,20.2252,20.4143,20.7852,20.3981,20.7495,20.9363,20.9666,21.3028,20.5215,20.6142,20.49,20.5762,20.7488,19.5883,19.9437,19.8415,19.7709,20.1377,20.7611,20.5385,20.9053,20.6949,21.3482,20.5158,20.3808,20.59,20.5938,20.8799,20.6538,20.9154,20.8228,21.1977,21.6546,20.7967,21.0061,20.8525,20.619,21.0605,19.6746,19.2481,19.8312,19.8511,20.6562,19.6087,20.3097,20.3608,20.8363,20.8227,20.2813,20.3519,20.2368,20.7667,21.3069,20.5893,20.1344,20.0072,20.5829,21.2622,19.7846,20.3896,20.6527,20.4115,21.0292,19.6875,19.2802,19.7523,20.2119,20.588,20.3595,19.5633,20.0236,19.3841,20.7074,19.825,19.9782,20.4683,21.087,22.1476,19.4513,19.3788,19.9776,20.6495,21.6661,19.7589,19.8772,20.0406,20.1334,20.1454,19.7387,19.9222,20.0559,20.1162,20.8946,19.944,20.3453,20.5396,20.9378,22.7468,20.0431,19.9695,20.3844,20.396,20.8933,19.416,20.0394,20.4066,20.7523,21.0041
388,2:33:35 PM,19.9368,19.6134,19.7982,20.0103,20.307,20.2589,20.4092,20.6925,20.8304,20.7908,20.496,20.3111,20.2099,20.6493,20.3825,20.3866,20.7731,20.6879,20.7801,21.396,20.8458,20.5937,20.5161,20.1644,21.0759,19.4053,19.9465,19.6295,19.8894,20.3676,20.3618,20.2842,20.7442,20.8607,21.2503,20.4779,20.4374,20.6859,20.3334,20.5274,20.6225,20.7542,20.7896,21.3558,21.562,20.7684,21.0874,20.9208,20.5779,20.8969,19.666,19.6056,19.6687,19.8818,20.642,19.8992,20.274,20.7759,20.826,20.8269,20.3214,20.2976,20.1244,20.761,21.377,20.5861,20.2174,20.0296,20.437,21.2262,19.9761,20.213,20.5875,20.6017,20.9464,19.4739,19.5786,19.7461,20.241,20.3945,20.5697,19.6003,20.2586,19.4606,20.8254,19.8992,20.0101,20.6084,20.7455,22.1578,19.4706,19.3486,19.7234,20.4572,21.7586,19.5178,19.8052,20.1377,19.9123,19.9373,19.806,19.7609,20.3842,20.2209,20.8722,19.9219,20.0865,20.14,20.7628,22.4329,20.1704,20.1316,20.402,20.4108,20.6839,19.6368,20.2945,20.2682,20.7725,21.0067
389,2:33:55 PM,19.6863,19.8802,19.8739,20.1131,20.4826,20.3507,20.4317,20.81,20.749,20.8666,20.3734,20.2662,20.2304,20.5391,20.6848,20.3604,20.5207,20.7325,20.9101,21.5159,20.4789,20.3215,20.7408,20.6017,20.9518,19.7425,20.0827,19.9344,20.0066,20.3,20.5449,20.2417,20.6901,20.8148,21.3076,20.6206,20.457,20.6655,20.4971,21.0769,20.7317,20.734,20.7964,21.2947,21.7955,20.7778,21.226,20.9807,20.4658,21.0186,19.7454,19.285,19.7664,19.6413,20.6941,19.7575,20.4156,20.5315,20.8899,20.8353,20.5667,20.4918,20.2908,20.6876,21.2365,20.5369,20.22,19.897,20.4491,21.3163,20.0008,20.2505,20.7,20.4998,21.0611,19.5642,19.2413,19.8027,20.2051,20.4188,20.6363,19.391,20.0518,19.5711,21.0612,19.7479,20.1096,20.465,20.7428,22.2201,19.5407,19.4677,19.9969,20.6915,21.8246,19.635,19.7081,19.8298,19.9211,20.4373,20.2237,19.934,20.1748,20.1915,21.1679,19.655,20.2615,20.6167,20.8888,22.8382,20.1033,20.035,20.4574,20.4718,20.6655,19.8248,20.1532,20.32,20.9141,21.1862
390,2:34:15 PM,19.8753,19.7634,19.6774,19.8614,20.5501,20.2906,20.333,20.779,20.9274,20.8165,20.4986,20.2957,20.0698,20.4246,20.4465,20.4879,20.6966,20.8224,20.9524,21.1622,20.6055,20.3547,20.6025,20.308,21.0585,19.778,20.013,19.6509,19.8947,20.4013,20.8624,20.2146,20.9178,20.6294,21.5352,20.52,20.5385,20.6102,20.4788,20.6534,20.8129,20.7907,20.9158,21.4272,21.5466,20.8015,21.099,21.0549,20.7555,20.8936,19.5601,19.2768,19.6371,19.7444,20.8508,20.1388,20.3023,20.5343,20.8709,20.9367,20.3531,20.5626,20.3469,20.8664,21.5452,20.7252,20.3312,19.8564,20.4944,21.2683,19.9577,20.4241,20.4523,20.5477,21.1045,19.57,19.6119,19.781,20.0938,20.5778,20.4639,19.4815,19.9784,19.4197,20.7973,19.9512,20.1225,20.7545,21.2081,21.9173,19.1287,19.3621,19.657,20.5113,21.68,19.5305,19.6221,19.6865,19.7101,19.9955,19.7668,19.7119,20.0167,20.1795,21.0835,19.6956,20.213,20.5821,21.0829,22.5518,20.2159,20.0234,20.6061,20.5378,20.995,19.5093,20.0342,20.2637,20.7542,21.0659
391,2:34:35 PM,19.9611,19.8399,19.7077,20.1033,20.3707,20.3579,20.4734,20.6898,21.058,20.9022,20.3482,20.3538,20.2048,20.3394,20.4378,20.3047,20.2899,20.7424,20.879,21.3091,20.3802,20.3904,20.4759,20.3429,20.8179,19.7279,20.0683,19.6866,19.6986,20.192,20.836,20.2604,20.9044,20.8919,21.3208,20.7779,20.3012,20.5046,20.3363,20.4698,20.5037,20.5926,20.9171,21.2209,21.5277,20.6781,20.8213,20.8637,20.6285,21.1059,19.6324,19.4563,19.8462,19.721,20.5565,20.214,20.4898,20.5234,20.9079,20.9695,20.3354,20.3203,20.2186,20.6847,21.3667,20.7363,20.1428,20.0851,20.3713,20.9186,19.7966,20.5562,20.6646,20.5688,21.0871,19.735,19.4105,19.7292,20.2443,20.3952,20.4506,19.7394,20.0481,19.735,20.6817,19.7714,20.3211,20.7619,21.4438,22.0083,19.5076,19.5901,19.8287,20.6941,21.891,19.5863,19.5826,19.8036,19.7062,19.7244,19.8297,19.7802,20.2766,20.1228,20.9863,19.9377,20.221,20.477,20.8051,22.5044,20.2468,20.1013,20.3673,20.2014,20.5994,19.7949,19.9718,20.3572,20.8494,21.0868
392,2:34:55 PM,19.8316,19.6959,20.0782,20.0864,20.3743,20.4814,20.4579,20.7469,20.7865,21.0232,20.4519,20.3964,20.2097,20.0815,20.2658,20.4482,20.7532,20.6436,20.9267,21.2509,20.5669,20.5535,20.4167,20.0999,20.7259,19.9324,19.9312,19.8102,19.973,20.3711,20.7577,20.3016,20.9283,20.8544,21.1281,20.7849,20.5458,20.5395,20.6123,20.2489,20.648,20.6784,20.8136,21.1805,21.609,20.8298,21.0771,20.9963,20.5967,21.1932,19.8877,19.3752,19.6051,19.6426,20.8012,20.0251,20.2999,20.6809,20.834,20.7981,20.5214,20.3904,20.205,20.7977,21.441,20.6761,20.254,20.061,20.4216,21.0553,19.7894,20.3548,20.5984,20.387,21.0646,19.7255,19.6093,19.8889,20.224,20.5383,20.5077,19.7849,20.2579,19.8364,20.8172,19.7104,20.0976,20.8429,21.4692,22.152,19.4951,19.5668,19.2385,20.6412,21.5597,19.4786,19.5106,19.9103,19.9836,20.0209,19.9139,19.7128,20.4215,19.9981,20.8684,20.1548,20.3409,20.3589,20.7919,22.1159,20.2619,20.2136,20.4604,20.3494,20.7155,19.4791,19.9506,20.1368,20.7666,21.5854
393,2:35:15 PM,19.6653,19.8445,19.8759,20.277,20.3495,20.4196,20.2884,20.6895,20.9904,21.1292,20.3632,20.3637,20.1506,20.2612,20.4486,20.4864,20.6748,20.7174,20.8344,21.5601,20.561,20.2119,20.5926,20.5739,20.9387,19.5984,19.9111,19.7925,19.6883,20.2041,20.478,20.3735,20.9933,21.0453,21.2171,20.688,20.4816,20.4984,20.3851,20.2848,20.6031,20.6637,20.809,21.2579,21.8031,20.6732,21.0586,20.9264,20.6063,20.865,19.7313,19.5133,19.6365,19.4961,20.6079,20.0162,20.2946,20.5328,21.1155,21.0176,20.4321,20.2365,20.2999,20.86,21.1969,20.6085,20.2233,20.0298,20.4449,21.1428,19.8032,20.0574,20.3286,20.6899,20.7225,19.8126,19.7418,19.8607,20.0139,20.5275,20.6653,19.7909,20.2837,19.825,20.7978,19.8472,19.9326,20.6745,21.2271,22.1734,19.5053,19.551,20.0938,20.4938,21.7556,19.6372,19.6681,19.852,19.976,19.8035,19.8484,20.1075,20.0346,20.1308,20.8171,19.9992,20.2258,20.7708,20.91,22.587,20.0243,20.1201,20.5744,20.4898,20.3768,19.6541,20.1834,20.6208,20.8085,21.1828
394,2:35:35 PM,20.1489,20.0184,20.007,20.1002,20.3734,20.3022,20.521,20.769,20.8876,20.9134,20.4965,20.3839,20.0998,20.3309,20.5464,20.4356,20.5919,20.7092,20.8302,21.2915,20.6023,20.3979,20.6262,20.317,20.8626,19.8805,20.2293,19.9983,20.0407,20.0823,20.6488,20.3669,20.8127,20.7953,21.1644,20.6031,20.3014,20.547,20.6402,20.8116,20.5075,20.7918,20.6259,21.2178,21.7879,20.8932,21.0413,20.953,20.6428,21.0248,19.7577,19.4635,19.8508,19.8641,20.5131,20.0832,20.3967,20.6692,20.9529,20.9547,20.2704,20.5464,20.1309,20.7676,21.7342,20.7578,20.4343,20.1353,20.5737,21.068,20.0872,20.4752,20.8389,20.3796,20.764,19.7258,19.6713,19.9138,20.1121,20.4701,20.6011,19.6484,19.9748,19.4573,20.8702,19.9628,19.9632,20.7143,21.2722,22.5871,19.3911,19.5665,19.6354,20.4516,21.4363,19.38,19.4619,19.8734,20.0386,19.7539,19.9549,19.8599,20.2951,20.2743,20.9721,19.8609,20.0261,20.2847,20.8812,22.9478,20.1382,19.977,20.5335,20.3535,20.5038,19.4103,20.2521,20.3957,20.7346,21.0863
395,2:35:55 PM,19.9045,20.0063,19.7434,20.0977,20.4543,20.5158,20.247,20.52,20.8383,20.9204,20.481,20.4616,20.2786,20.4343,20.5834,20.4818,20.7531,20.5972,20.7778,21.1977,20.4798,20.4337,20.6819,20.203,20.753,19.9824,20.1328,19.786,20.1465,20.3731,20.8677,20.5243,20.9815,21.0079,21.3793,20.4698,20.6479,20.6022,20.3642,20.5822,20.7273,20.5111,20.7459,21.2378,21.6149,20.6453,20.9095,21.0246,20.5364,21.0892,19.8363,19.579,19.8717,19.8998,20.9047,20.0567,20.3629,20.8431,21.046,20.9031,20.4326,20.4551,20.2815,20.5392,21.5033,20.6743,20.476,19.9973,20.6213,21.3237,19.7476,20.3172,20.687,20.6895,20.857,19.7739,19.3611,19.9589,20.1489,20.4346,20.6823,19.6832,20.2873,19.7147,20.8325,20.0216,20.2734,20.796,21.1574,22.0777,19.3199,19.5089,19.696,20.6501,21.6403,19.6735,19.7473,20.07,20.1106,20.1599,19.8428,20.0573,20.318,20.1605,20.8424,19.9493,20.2822,20.5697,20.884,22.4095,20.4273,20.3303,20.5336,20.3849,20.5612,19.849,20.1174,20.3532,20.7509,21.1965
396,2:36:15 PM,19.7117,19.9849,19.669,20.1449,20.5128,20.3634,20.0652,20.7231,20.7201,20.9503,20.3139,20.4618,19.9562,20.4261,20.429,20.2845,20.6958,20.7828,20.9215,21.2227,20.6574,20.4692,20.5705,20.3502,20.7636,19.7866,20.0319,19.8557,19.9812,20.2479,20.6263,20.2289,20.9624,20.6782,21.2844,20.401,20.6998,20.6424,20.4098,20.6724,20.6922,20.8593,20.7574,21.2544,21.7031,20.8025,21.0123,21.1002,20.5985,20.9825,19.9039,19.5693,19.8326,19.8755,20.6956,19.9212,20.3989,20.6666,20.8454,21.1191,20.3882,20.3453,20.2514,20.8434,21.5598,20.6385,20.3257,20.0247,20.6429,21.1894,19.8474,20.3351,20.9261,20.4331,20.7865,19.5266,19.7952,19.7274,20.2074,20.6719,20.4104,19.7917,20.2738,19.6471,20.6227,19.7699,19.9346,20.7599,21.1055,22.0903,19.2795,19.7094,19.8322,20.6745,21.7205,19.7735,19.6723,20.0167,20.0266,20.3589,19.8154,20.0826,20.1491,20.2922,21.1167,19.7417,20.3305,20.6281,20.9487,22.7769,19.993,20.4755,20.5772,20.5097,20.6424,19.5802,20.2614,20.6008,20.545,21.057
397,2:36:35 PM,19.7957,20.1303,19.6378,20.0001,20.3316,20.5298,20.3203,20.6256,20.8748,21.0139,20.3456,20.308,20.5102,20.2658,20.5804,20.8291,20.6736,20.5504,20.9124,21.5583,20.6359,20.6199,20.5916,20.5078,21.0217,19.8668,20.1526,19.8543,19.8589,20.2324,20.6072,20.5943,21.06,20.9464,21.2487,20.5406,20.407,20.635,20.7124,20.8319,20.7692,20.6442,20.8479,21.2924,21.9226,20.753,21.0912,20.9264,20.5037,21.1455,19.5983,19.5752,19.6027,19.7528,20.786,20.0965,20.3674,20.8271,20.9555,20.8685,20.1755,20.3882,19.9409,20.6943,21.2318,20.3561,20.2353,19.9732,20.5099,21.4437,20.0949,20.3752,20.7717,20.6463,20.6697,19.5959,19.4452,19.8234,20.1863,20.5771,20.5323,19.6901,20.1226,19.4673,20.8723,19.8606,20.1342,20.5728,20.7015,21.7768,19.2668,19.497,19.5655,20.9051,21.7759,19.5848,19.9005,20.0847,19.9721,19.7593,19.8773,20.175,20.1988,20.4045,20.8957,19.8567,20.2269,20.5044,20.8697,22.6605,20.2219,20.267,20.3781,20.2045,20.6115,19.739,20.1273,20.3479,20.8775,21.4414
398,2:36:55 PM,19.8769,19.8908,19.8069,20.1871,20.2404,20.3977,20.2284,20.8336,20.8237,20.8413,20.4391,20.2395,20.0081,20.3624,20.7878,20.4037,20.7845,20.7757,20.8452,21.4687,20.6604,20.2687,20.6096,20.6022,21.1141,19.8841,20.0646,19.9131,19.9986,20.0902,20.4276,20.3617,20.7833,20.8977,21.4708,20.6072,20.4182,20.5886,20.5264,21.1007,20.5976,20.8112,20.6196,21.4101,21.6638,20.9012,20.9109,20.9047,20.6683,21.1572,19.5705,19.4449,19.8931,19.9125,20.7627,19.9026,20.2305,20.6093,20.9657,21.2965,20.5994,20.4301,20.3666,20.9013,21.3416,20.8813,20.4315,20.1907,20.5032,21.277,19.7151,20.4212,20.5875,20.555,20.8234,19.6921,19.428,19.9225,20.1853,20.7186,20.5396,19.9024,20.5978,19.6889,21.159,19.8224,19.9327,20.7507,21.1585,22.1817,19.5906,19.5894,19.877,20.5625,21.796,19.6363,19.8679,20.093,20.0613,20.7243,20.0133,19.9255,20.2138,20.1841,20.8581,19.7564,20.2801,20.6664,20.8319,22.8465,20.4015,19.7928,20.348,20.4401,20.6391,19.647,20.1153,20.4158,20.7849,21.0819
399,2:37:15 PM,19.9121,19.911,19.8743,20.2107,20.4298,20.4829,20.2252,20.4657,20.826,21.0319,20.4325,20.3505,20.16,20.4097,20.6901,20.4433,20.6798,20.6496,20.9022,21.5106,20.666,20.5387,20.7249,20.4763,20.8623,19.6998,20.0045,19.582,20.0208,20.3105,20.6569,20.3505,20.7811,21.0361,21.4075,20.5657,20.5744,20.6117,20.7125,20.9093,20.7111,20.7807,20.7927,21.245,21.7312,20.938,21.0688,21.1146,20.6306,21.1218,19.7073,19.4996,19.949,19.7066,20.9321,20.1945,20.2507,20.6025,20.95,21.2247,20.4465,20.3512,20.1601,20.7343,21.4426,20.7884,20.1602,19.9284,20.5393,21.4088,19.9026,20.4621,20.7562,20.5659,20.8793,19.6213,19.6464,19.8823,20.2849,20.4373,20.4412,19.4511,20.1074,19.5171,21.0095,19.8932,20.11,20.9155,21.1723,22.0471,19.4225,19.4158,19.9684,20.4029,21.8774,19.7207,19.7482,20.0722,19.77,20.2307,19.7939,19.9731,20.1415,20.2825,21.1798,19.8315,20.4205,20.4443,20.695,22.1327,20.106,20.2048,20.3416,20.1957,20.5805,19.5278,20.0843,20.2979,20.6972,21.2418
400,2:37:35 PM,19.6112,19.8586,19.7838,20.2796,20.5286,20.3637,20.4294,20.599,20.9539,20.8884,20.5078,20.3987,20.2035,20.6831,20.4331,20.5948,20.6494,20.6757,20.9708,21.4696,20.664,20.5238,20.6737,20.4863,21.033,19.7706,20.0952,19.6912,19.9355,20.3161,20.8082,20.3845,20.9684,20.9046,21.3325,20.4539,20.5329,20.3585,20.3626,20.7087,20.8494,20.847,20.9599,21.3017,21.6837,20.9091,20.9437,21.0952,20.6324,21.0732,19.6902,19.7088,19.7805,19.7882,20.6048,19.7856,20.5142,20.7441,21.1503,21.0221,20.4567,20.4256,20.1851,20.7887,21.4276,20.6243,20.2567,19.9733,20.5241,21.1098,19.938,20.2659,20.6999,20.366,20.7956,19.7379,19.4939,19.9671,20.2655,20.7015,20.7137,19.7135,20.313,19.674,20.9531,19.956,20.0797,20.5918,21.0893,22.2339,19.4649,19.5708,19.7878,20.6081,21.9107,19.5946,19.7816,19.8466,19.8941,20.2849,19.7996,20.0368,20.3704,20.1491,20.8481,19.924,20.2987,20.5367,21.015,22.5455,20.5361,19.9942,20.4045,20.2626,20.8108,19.4204,20.0544,20.2731,20.8784,21.0089
401,2:37:55 PM,20.1422,19.653,19.6799,20.2139,20.4829,20.4151,20.3062,20.7018,20.7854,20.886,20.4728,20.3644,20.1891,20.1132,20.5793,20.4669,20.6874,20.6611,20.8195,21.2641,20.6627,20.3232,20.6463,20.4363,20.9129,19.6456,20.1192,19.6302,19.8558,20.2566,20.6961,20.5715,20.9498,20.9021,21.0894,20.8022,20.743,20.5299,20.3386,20.6791,20.6484,20.5952,20.7651,21.2779,21.6212,20.9856,21.021,20.9875,20.6906,21.2797,19.6783,19.5333,19.5901,19.8913,20.7167,19.7988,20.3538,20.7252,20.7925,21.1492,20.6146,20.3802,20.3868,20.8817,21.487,20.7245,20.3022,19.9213,20.5035,21.2536,19.9125,20.3939,20.6434,20.5848,20.8384,19.9777,19.7488,19.9284,20.2993,20.808,20.5177,19.8838,20.4168,19.9296,21.2749,20.032,20.0478,20.8435,21.4135,22.2366,19.4709,19.6116,20.1454,20.7258,22.0322,19.6981,19.7697,20.1237,20.165,19.9152,20.0251,20.1413,20.4848,20.2868,21.0815,20.0885,20.443,20.4933,20.7439,22.0706,20.2601,20.1191,20.5404,20.5608,20.6718,19.5729,20.4655,20.4105,20.8741,21.188
402,2:38:15 PM,19.8875,19.965,19.815,20.1295,20.4548,20.4309,20.3045,20.8149,20.789,20.8457,20.5397,20.4364,20.2629,20.4042,20.5238,20.6009,20.6497,20.7382,20.8357,21.2729,20.7859,20.6803,20.7049,20.559,20.9026,19.7736,20.064,20.0006,19.8778,20.2882,20.7713,20.553,20.716,20.8625,21.4403,20.7074,20.4664,20.4918,20.4584,20.9893,20.7369,20.7995,20.7494,21.0402,21.7739,20.8189,20.996,21.0852,20.6351,21.3304,19.6032,19.5267,19.7443,19.6038,20.6582,19.9237,20.3361,20.8582,20.8682,21.2458,20.5567,20.3979,20.2587,20.6899,21.7102,20.6871,20.2664,19.951,20.5085,20.8209,20.0834,20.4994,20.5046,20.6025,20.5215,19.5456,19.4266,19.9805,20.1221,20.7364,20.5709,19.6973,20.0422,19.642,20.9715,19.58,20.0803,20.3438,20.775,21.8354,19.5303,19.591,19.8863,20.8226,21.8357,19.7854,19.9548,20.0319,19.9237,20.3543,20.0017,20.0636,20.4555,20.2771,21.3426,20.2725,20.1637,20.4988,21.2953,22.6824,20.118,20.1882,20.4788,20.4806,20.475,19.8289,20.2431,20.6519,20.9258,21.4356
403,2:38:35 PM,19.8358,19.983,19.7246,20.1459,20.3146,20.4348,20.4251,20.6073,20.8451,20.9646,20.4132,20.3245,19.8992,20.2512,20.6961,20.4235,20.7415,21.0006,21.0901,21.6295,20.8042,20.4324,20.5515,20.5544,20.9991,19.542,20.1196,19.7664,20.123,20.3803,20.8128,20.7511,20.9822,20.8273,21.4883,20.6398,20.4931,20.3378,20.7625,20.9603,20.8945,21.0053,20.9495,21.0359,21.5806,20.9087,21.1575,21.134,20.832,21.0558,19.794,19.5922,19.6702,19.873,20.5542,19.941,20.4079,20.8801,20.7147,20.8772,20.2963,20.4832,20.4037,20.6875,21.8213,20.469,20.2303,19.9128,20.6039,21.1955,19.9236,20.3788,20.6244,20.683,21.0418,19.7884,19.6615,19.8017,20.2832,20.6235,20.5535,19.619,20.197,19.5566,20.872,19.8817,20.0825,20.9135,21.4814,22.3263,19.43,19.6333,20.0325,20.7275,21.6953,19.4917,19.7229,20.002,20.1056,20.3653,19.9672,19.9471,20.3428,20.325,21.4776,19.8854,20.5075,20.2017,21.5323,22.9936,20.04,20.1322,20.6378,20.5813,20.8101,19.6372,20.0667,20.2094,20.7866,21.501
404,2:38:55 PM,19.8923,19.7536,19.7793,20.1193,20.4024,20.4519,20.3105,20.6204,20.7618,20.9767,20.4632,20.3237,20.0332,20.3072,20.5188,20.5125,20.6791,20.7021,20.8692,21.3813,20.729,20.5814,20.6156,20.426,20.8446,19.8306,19.9855,19.5957,19.8706,20.3286,20.4351,20.1949,20.9173,21.0423,21.458,20.8216,20.5558,20.7143,20.4979,20.8199,20.6868,20.8803,21.0008,21.3215,21.748,20.7985,21.0121,21.0789,20.6722,21.1082,19.5728,19.3344,19.5678,19.8722,20.8302,19.9031,20.4698,20.7722,21.0973,20.7927,20.429,20.4687,20.1616,20.6164,21.5674,20.5895,20.1119,20.0516,20.444,21.3568,19.845,20.4591,20.4795,20.7357,20.9874,19.4718,19.5979,19.7456,20.4208,20.6228,20.4265,19.6619,20.1226,19.4648,20.7045,19.8035,20.0806,20.5797,21.032,21.9439,19.4894,19.6721,19.8078,20.6687,21.8086,19.7111,19.9083,20.0856,20.0754,20.6952,20.1169,20.098,20.0571,20.3591,20.9166,20.0877,20.3509,20.5587,20.8593,22.584,20.2129,19.7939,20.406,20.4232,20.6768,19.7335,20.1461,20.307,20.652,21.2452
405,2:39:15 PM,20.0438,19.7872,19.9972,20.0631,20.349,20.4442,20.1321,20.6199,20.837,20.8305,20.2186,20.4249,20.1456,20.4962,20.4374,20.4197,20.7956,20.8014,21.0032,21.6153,20.7996,20.5356,20.7377,20.5824,20.8302,19.7219,20.0978,19.7883,20.0159,20.3062,20.6651,20.652,20.9173,20.9507,21.3672,20.6699,20.5642,20.4802,20.6772,20.8304,20.7411,20.7129,20.7082,21.3237,21.7977,21.0085,21.0374,21.1433,20.6161,21.1416,19.784,19.5156,19.993,20.1138,20.7688,20.1554,20.2351,20.7318,20.9407,20.9026,20.4296,20.4103,20.0993,20.6479,21.4301,20.6758,20.3479,20.2565,20.6205,21.3917,20.1039,20.4584,20.6748,20.6644,20.942,19.6684,19.7169,19.8402,20.3077,20.6876,20.5669,19.7791,20.0172,19.4635,21.0154,19.7455,20.0066,20.6662,20.7669,22.3865,19.2181,19.6053,19.8278,20.5748,22.0379,19.8822,19.8491,20.0805,20.2628,20.2658,19.9617,20.1039,20.1283,20.2559,21.0108,20.1259,20.263,20.3844,20.8369,22.6895,20.2386,20.2707,20.4207,20.4749,20.761,19.6529,19.9627,20.503,20.8958,21.2967
406,2:39:35 PM,19.8678,19.864,19.8349,20.2281,20.4046,20.559,20.2557,20.7362,20.9096,20.7342,20.4257,20.3511,20.3657,20.5243,20.5551,20.3994,20.747,20.7185,21.0419,21.4923,20.5197,20.4886,20.6026,20.4352,20.8208,20.0173,20.019,19.6826,19.9841,20.4439,20.5046,20.2642,20.8788,21.049,21.6921,20.6259,20.7125,20.6754,20.6659,21.0183,20.613,20.694,20.801,21.4808,21.714,20.886,21.1403,21.1615,20.6813,21.0787,19.6247,19.4321,19.8488,19.7794,20.6918,19.9918,20.327,20.6597,20.6315,20.6802,20.4259,20.3385,20.4802,20.9485,21.6449,20.7166,20.273,19.9074,20.7416,21.4007,19.9944,20.3382,20.9227,20.4817,20.6896,19.6385,19.634,20.0441,19.9534,20.6826,20.7869,19.7965,20.2662,19.7519,20.8721,19.8498,20.0931,20.7231,20.8151,21.7332,19.4407,19.3152,20.0291,20.6621,21.9334,19.7998,19.906,20.2333,20.0777,20.4548,19.9271,20.1448,20.0011,20.1791,21.3085,19.8334,20.4299,20.7309,21.0082,22.8778,20.4893,20.2573,20.5861,20.5388,20.8001,19.5644,20.044,20.562,20.7845,21.4281
407,2:39:55 PM,19.8601,19.8183,19.8922,20.1122,20.5306,20.6216,20.4629,20.9699,20.8878,20.9217,20.4408,20.3879,20.3842,20.1183,20.4384,20.4594,20.8441,20.7496,21.1418,21.7491,20.6524,20.4309,20.6518,20.3469,20.8716,19.79,20.0707,19.967,20.34,20.4939,20.4279,20.6916,21.0562,21.16,21.2123,20.5343,20.4265,20.4707,20.623,20.5171,20.8282,20.6983,20.7504,21.183,21.6326,20.8047,20.9662,20.8766,20.5742,21.161,19.8042,19.5788,19.88,19.979,20.7025,20.3772,20.2644,20.6831,21.0722,20.7623,20.4743,20.3631,20.2471,20.865,21.6181,20.5837,20.2833,20.2662,20.6211,21.3625,19.7057,20.4096,20.6051,20.526,20.7546,19.855,19.6548,20.0687,20.2596,20.3909,20.819,19.7083,20.1794,19.7057,20.8072,19.9789,20.154,21.1134,21.3733,21.9227,19.2184,19.5924,19.464,20.5015,21.7563,19.7358,19.5548,20.1274,20.1655,20.1887,20.0839,19.8345,20.1602,20.157,21.3662,20.0577,20.3298,20.4383,21.2189,22.97,20.3375,20.2704,20.4979,20.4416,20.6627,19.6846,20.2018,20.3251,21.093,21.4232
408,2:40:15 PM,19.7486,19.8383,19.8182,20.2083,20.4793,20.3749,20.3898,20.6988,21.0558,20.8884,20.4693,20.4626,20.1518,20.4617,20.3497,20.8108,20.8009,20.7574,20.7632,21.4443,20.6213,20.5572,20.6748,20.6056,21.0914,19.9168,20.0568,19.6409,20.0551,20.046,20.3922,20.5573,20.8374,21.1869,21.4682,20.7042,20.3897,20.3061,20.3548,20.7129,20.6501,20.7952,20.7764,21.3158,21.7713,20.9251,21.1562,21.2682,20.5911,21.1087,19.8275,19.4623,19.8908,19.9372,20.6574,20.0197,20.5747,20.5462,21.08,21.2659,20.6298,20.5481,20.3642,20.8338,21.9257,20.6506,20.1036,20.0287,20.54,21.0807,19.9442,20.2891,20.5123,20.8359,20.7472,19.9366,19.6164,19.9533,20.0538,20.8378,20.8677,19.618,20.4671,19.7193,20.8829,19.9845,20.3143,20.939,21.3817,21.9737,19.4771,19.5853,19.7545,20.5286,21.6872,19.468,19.4991,20.134,20.2374,20.3959,19.8903,20.0193,20.1267,20.4077,21.2241,20.0964,20.3563,20.4124,21.0922,23.0128,20.2753,20.0117,20.5101,20.6087,20.7077,19.424,20.219,20.6679,21.0867,21.4568
409,2:40:35 PM,20.1032,20.1792,19.7643,20.217,20.4206,20.5642,20.3574,20.789,21.0424,20.9597,20.5119,20.4146,20.0308,20.2699,20.445,20.6717,20.7255,20.7217,20.803,21.3388,20.5274,20.3446,20.7348,20.2707,20.9175,20.113,20.1676,19.9733,20.0885,20.4051,20.6789,20.3382,20.7906,20.9698,21.4021,20.5319,20.5192,20.56,20.1622,20.3503,20.7774,20.8425,20.9139,21.3472,21.5922,20.8139,21.1144,20.8779,20.5184,21.0274,19.6042,19.6415,19.7704,19.8942,20.7145,20.0312,20.4696,20.6331,21.0825,21.1722,20.5351,20.5627,20.3666,20.9793,21.6848,20.6124,20.2749,20.0272,20.5951,21.1251,20.0651,20.5009,20.5786,20.4261,20.6528,19.575,19.9303,19.8899,20.0586,20.7709,20.7243,19.6757,19.8626,19.6998,20.7747,19.9721,20.0812,20.6861,21.1859,22.4121,19.6387,19.5786,19.9751,20.5131,21.8702,19.735,19.4519,19.8081,20.1457,19.8374,19.9926,20.0804,20.3913,20.3083,21.1875,20.1855,20.3089,20.7636,20.9544,22.1775,20.2168,20.0692,20.6367,20.7448,20.4987,19.6099,20.4301,20.2607,20.7264,21.333
410,2:40:55 PM,19.7028,19.7114,19.753,20.3132,20.4586,20.6514,20.1821,20.6229,20.8807,20.8232,20.6505,20.476,20.322,20.2816,20.5347,20.4333,20.6152,20.4694,20.9961,21.3897,20.696,20.3357,20.55,20.5354,20.7144,19.7045,20.0511,19.7032,19.9208,20.2013,20.7608,20.3649,20.9883,20.9802,21.4406,20.7473,20.3584,20.5842,20.4262,20.6095,20.8676,20.8312,20.7847,21.261,21.7028,20.9048,21.0243,21.0828,20.7028,21.0315,19.6595,19.5127,19.6796,19.8258,20.7739,19.9282,20.3569,20.8231,20.9235,21.0439,20.5528,20.4547,20.2176,20.7648,21.5477,20.8311,20.2973,19.8414,20.7515,21.2019,19.9821,20.4493,20.5945,20.6568,20.8486,19.6921,19.6308,20.0186,20.1523,20.5691,20.4366,19.6845,20.0086,19.4902,20.9146,19.7746,20.1314,20.9349,21.5617,22.1724,19.633,19.3313,19.7403,20.666,21.9213,19.8174,19.6745,20.1174,20.2033,20.0633,19.9017,19.9125,20.0886,20.3248,21.161,19.9089,20.3013,20.6575,21.0529,22.3883,20.0823,19.7594,20.555,20.4069,21.1198,19.4929,20.1955,20.5249,21.0165,21.4093
411,2:41:15 PM,19.8181,19.8788,19.6466,20.0114,20.3954,20.5005,20.1845,20.7624,20.7638,20.6853,20.4248,20.43,20.2333,20.3392,20.5657,20.3871,20.7122,20.966,20.9013,21.4169,20.6089,20.4806,20.6077,20.6014,20.8504,19.6097,20.0855,20.0356,20.043,20.3371,20.6459,20.437,20.9131,21.0187,21.4122,20.6556,20.6094,20.5346,20.4976,21.179,20.8802,20.825,20.6688,21.2871,21.6536,20.6829,21.2875,20.9489,20.8326,21.014,19.566,19.5127,19.6532,19.8221,20.9644,20.0469,20.377,20.4744,20.95,21.2444,20.4797,20.3752,20.3182,20.8114,21.342,20.683,20.1795,19.8954,20.4507,21.2673,19.8033,20.4476,20.4664,20.6559,20.9015,19.5452,19.3482,19.8271,20.3915,20.575,20.5696,19.9466,20.4021,19.4425,20.6843,19.8491,19.9818,20.7099,21.1921,22.43,19.6845,19.743,19.6948,20.7192,21.7171,19.7277,19.8036,20.2149,20.1588,20.2955,19.9916,19.9815,20.0511,20.3416,21.1565,19.7127,20.229,20.567,20.6881,21.889,20.1574,20.0751,20.5484,20.5643,20.9579,19.7861,20.3838,20.5568,20.7947,21.4029
412,2:41:35 PM,19.7126,19.7131,19.7823,20.2953,20.356,20.5245,20.2747,20.8129,20.8347,20.7302,20.3556,20.5392,20.1584,20.4163,20.4015,20.4367,20.5492,20.6852,20.6963,21.3931,20.7016,20.6977,20.6014,20.5357,20.7889,19.8715,20.0221,19.8628,20.011,20.3255,20.2371,20.2623,20.6888,20.9266,21.3404,20.4857,20.538,20.5862,20.2632,20.8869,20.6094,20.6682,20.869,21.4011,21.6262,20.9477,21.1301,20.9056,20.6066,21.1155,19.8254,19.5296,19.7038,19.668,20.689,20.2214,20.5795,20.6351,21.034,21.0646,20.4081,20.422,20.3989,20.7835,21.1867,20.8035,20.4682,20.1365,20.524,21.0973,19.9262,20.529,20.6588,20.7591,20.5743,19.8791,19.6565,20.0516,20.3368,20.7037,20.4938,19.7385,20.3039,19.5702,20.5052,19.9682,19.9239,20.6645,21.1959,22.444,19.2436,19.5299,19.9529,20.6235,21.7716,19.7319,19.7528,20.0341,20.1898,20.1595,19.9708,20.1152,20.2017,20.3448,20.7474,19.949,19.9789,20.3356,21.3155,22.2625,20.1884,20.1408,20.7292,20.6152,20.4979,19.8666,20.0204,20.5025,20.847,21.3645
413,2:41:55 PM,19.8595,19.7073,19.6581,20.2174,20.4155,20.4466,20.2762,20.8104,20.9758,20.9943,20.4548,20.3687,20.2292,20.3773,20.6038,20.6431,20.7898,20.7342,20.8135,21.3886,20.3499,20.6153,20.6493,20.2269,20.8545,19.708,19.9464,19.8298,19.6619,20.42,20.7752,20.3718,21.0092,20.8672,21.5611,20.5309,20.4896,20.5107,20.7248,20.6041,20.7678,20.7442,20.7517,21.2863,21.5517,20.7428,21.26,21.0958,20.6641,21.0252,19.624,19.4669,19.7643,19.8601,20.811,19.9475,20.3429,20.8036,20.7937,21.1038,20.5209,20.5872,20.2804,20.6382,21.8896,20.7273,20.2996,20.0957,20.7498,21.6305,20.1515,20.3996,20.6046,20.7582,20.7511,19.646,19.4913,19.8888,20.0637,20.616,20.5313,19.8545,20.2716,19.396,21.2889,19.7415,20.1943,20.9682,21.5149,22.4454,19.5086,19.4927,19.9232,20.7021,22.0258,19.5945,19.5879,20.0004,19.9757,19.9102,19.919,19.9044,20.2881,20.0494,20.9757,19.8626,20.3697,20.3996,20.8989,22.7257,20.1665,20.1868,20.4826,20.5835,20.6595,19.91,20.1914,20.4546,20.9383,21.3309
414,2:42:15 PM,19.7897,19.6561,19.7254,20.0867,20.6481,20.4263,20.1532,20.6928,20.8569,20.9324,20.4593,20.4284,20.2372,20.2354,20.4283,20.4146,20.6912,20.7006,20.8707,21.1652,20.6389,20.3948,20.6994,20.3042,20.8846,19.6864,20.143,19.4946,20.0429,20.2662,20.7423,20.4883,20.9928,20.8827,21.5289,20.5263,20.4984,20.325,20.1654,20.4737,20.6092,20.8579,20.6387,21.3542,21.4524,20.6511,21.0776,20.8571,20.7784,21.0294,19.7286,19.7293,19.8086,19.9664,20.7847,20.2221,20.2711,20.6491,21.005,21.3089,20.5127,20.3512,20.2405,20.89,21.8525,20.705,20.4136,19.9,20.5837,21.2577,20.3595,20.3375,20.6954,20.5378,20.8108,19.8235,19.6463,19.9164,20.2797,20.5741,20.5453,19.7313,20.1001,19.5301,20.9521,19.7758,20.1641,20.6248,21.1916,22.3094,19.4764,19.5865,19.5106,20.6685,21.7394,19.5301,19.7277,19.9182,20.0107,20.3369,20.1312,20.0684,20.2572,20.2534,20.5827,19.9397,20.3672,20.4669,20.7738,22.6324,20.4188,20.1389,20.2987,20.6166,20.8039,19.5711,20.2616,20.7142,21.1505,21.1415
415,2:42:35 PM,19.8445,19.9967,19.7333,20.0398,20.5468,20.4339,20.3999,20.7395,21.032,20.9501,20.4212,20.5408,20.4013,20.1975,20.6363,20.4972,20.9089,20.8253,21.0016,21.4074,20.6509,20.7689,20.5444,20.5301,20.8047,19.8654,20.068,19.6614,19.912,20.3329,20.6947,20.4025,21.0173,21.1791,21.5877,20.646,20.5437,20.6395,20.5388,21.1337,20.6622,20.7509,20.9945,21.4034,21.6748,20.9189,21.0651,21.252,20.5538,20.9569,19.888,19.5767,19.6523,19.6255,20.6884,20.1936,20.6957,20.6499,20.9417,21.0369,20.2601,20.5501,20.3029,20.7371,21.5445,20.6153,20.2512,20.0055,20.6968,21.3231,19.8973,20.4704,20.6833,20.4863,20.8706,19.3945,19.3356,19.665,20.1663,20.8238,20.4795,19.5407,19.9934,19.4519,20.7994,19.7912,20.1777,20.5686,20.9362,22.2671,19.3858,19.3779,19.6797,20.6492,21.9486,19.5224,19.9292,20.0476,19.9027,20.7172,19.7984,19.8733,20.3165,20.5062,22.0227,19.9022,20.1588,20.4903,21.4001,22.727,20.196,20.1731,20.5314,20.5937,20.8567,19.7129,20.1789,20.5203,20.9202,21.1163
416,2:42:55 PM,19.7763,19.7343,19.8236,19.9354,20.4419,20.4732,20.3017,20.6994,20.7603,20.8704,20.4134,20.4446,20.5349,20.5717,20.6172,20.6201,20.8135,20.8343,20.834,21.3761,20.7614,20.7158,20.7375,20.2013,20.837,19.6035,19.9272,19.719,19.778,20.2503,20.8612,20.3834,20.6698,21.0349,21.4246,20.6654,20.5305,20.539,20.5641,20.7489,20.7874,20.6194,21.0517,21.3514,21.5285,20.7231,21.0402,20.9392,20.5486,20.9466,19.6179,19.4998,19.9366,19.9138,20.8336,19.8267,20.4275,20.6698,21.0813,21.1872,20.5844,20.506,20.2691,20.8747,21.3571,20.6651,20.3678,20.1176,20.5487,21.3863,20.1185,20.6088,20.757,20.5806,20.8166,19.6104,19.5283,19.8547,20.4617,20.3514,20.5291,19.6683,20.3222,19.378,21.0284,19.7874,19.9577,20.8149,20.7317,22.6308,19.3024,19.563,19.6632,20.6787,22.2064,19.7394,19.9359,20.2093,19.8196,20.4612,19.8313,19.8234,20.1048,20.3424,21.0079,19.754,20.2142,20.4292,20.9276,22.3959,20.3342,20.015,20.635,20.4275,20.7669,19.7843,20.2042,20.5362,20.8228,21.0735
417,2:43:15 PM,19.883,19.6788,19.7206,20.1127,20.5181,20.3504,20.3311,20.5797,21.0992,20.8499,20.3692,20.4076,20.4006,20.7246,20.7017,20.6426,20.8699,20.7409,20.8959,21.4564,20.5827,20.6201,20.6864,20.4722,20.893,19.9007,20.0119,19.7871,19.7997,20.2616,20.6452,20.3411,20.8903,20.7973,21.4571,20.7417,20.5481,20.7121,20.8043,20.7316,20.7464,21.0074,20.9555,21.182,21.6546,20.71,21.1056,20.8787,20.6492,21.0738,19.7627,19.7983,19.6957,19.8483,20.8378,19.9548,20.5004,20.6774,20.7953,21.0074,20.4582,20.3224,20.2402,20.8597,21.3997,20.6395,20.3319,20.1283,20.5818,21.53,19.622,20.579,20.7972,20.6381,20.9906,19.5492,19.6926,19.7803,20.0019,20.5124,20.7214,19.7546,20.0832,19.6085,20.7242,19.8521,20.222,20.535,20.8345,22.1182,19.6116,19.5399,19.5121,20.6617,22.0679,19.5432,19.5399,19.7787,20.0134,20.0427,19.9763,19.9214,20.134,20.4156,20.9716,19.9603,20.2402,20.59,20.928,22.7005,20.3272,20.0542,20.7043,20.3517,21.0665,19.8347,20.1979,20.1923,20.6539,21.3775
418,2:43:35 PM,19.9699,19.7361,19.9026,19.9775,20.4348,20.4231,20.1729,20.6989,20.9864,20.9343,20.5293,20.4766,20.2374,20.6008,20.6544,20.5803,20.8446,20.7707,20.7934,21.6976,20.3854,20.4118,20.6761,20.6028,20.7492,19.8069,20.1766,19.8405,20.026,20.2282,20.8632,20.4293,20.7318,20.8665,21.4974,20.6964,20.4162,20.591,20.6801,20.7879,20.9517,20.7222,20.7794,21.2258,21.5807,20.8774,20.9018,20.8073,20.844,20.8647,19.8647,19.7148,19.6056,19.7435,20.659,20.0838,20.3569,20.746,20.9446,21.2234,20.3588,20.4811,20.2275,20.7795,21.4253,20.5943,20.2264,19.947,20.5819,21.3292,19.799,20.4791,20.627,20.5449,20.7866,19.6415,19.3508,19.8843,20.1915,20.5937,20.4979,19.5365,20.3735,19.5186,21.0144,19.9187,20.2574,20.6925,21.2718,22.6817,19.6435,19.56,19.6347,20.7685,21.993,19.7404,19.4141,19.7351,19.8018,19.8871,20.0545,20.0863,20.1547,20.1962,21.3761,19.8932,20.2112,20.3171,21.0502,22.2502,20.3431,20.1175,20.5321,20.3293,20.8016,19.5143,20.165,20.2681,20.7527,21.3283
419,2:43:55 PM,19.8574,19.8328,19.511,20.127,20.6538,20.2495,20.3227,20.5876,20.8833,20.8035,20.4751,20.135,20.3004,20.4856,20.6742,20.7148,20.8604,20.9596,20.8575,21.1238,20.75,20.6775,20.5096,20.2803,20.9015,19.6499,20.0202,19.7932,19.8148,20.2901,20.5364,20.3684,20.7722,20.8105,21.434,20.5401,20.4521,20.613,20.5504,20.9598,20.7964,20.7915,20.9631,21.3274,21.2809,20.97,20.9983,21.0686,20.6937,20.9556,19.8988,19.5612,19.6275,19.875,20.8048,20.024,20.3739,20.7642,20.8861,21.2552,20.3713,20.463,20.2247,20.7166,21.5888,20.7807,20.1513,20.0977,20.531,21.3322,20.1871,20.5432,20.75,20.6103,20.7612,19.2698,19.5764,19.9634,20.0886,20.563,20.6076,19.5188,19.8478,19.3046,20.6256,19.7944,20.0676,20.5209,21.059,22.3934,19.6327,19.6579,19.7553,20.5764,21.7914,19.597,19.7375,20.0735,19.9907,19.9386,20.0604,20.037,20.0609,20.3407,20.7851,19.7652,20.1855,20.4025,20.8274,23.0809,20.2979,19.9817,20.5033,20.4594,20.51,19.614,20.2285,20.2062,20.7218,21.1632
420,2:44:15 PM,19.8599,19.9287,19.8322,20.02,20.3617,20.3381,20.2996,20.7444,20.9537,20.9862,20.6482,20.3076,20.1309,20.5662,20.3716,20.517,20.6521,20.5112,20.9344,21.1181,20.4248,20.5092,20.9051,20.0075,20.6599,19.9458,20.154,19.6261,19.6918,20.1476,20.6258,20.5215,20.7616,20.8457,21.1996,20.6215,20.7542,20.615,20.5794,20.5103,20.5278,20.5781,20.7818,21.2753,21.8954,20.9264,21.0501,20.8107,20.6044,20.8536,19.7425,19.5942,19.7526,19.8972,20.7128,20.0168,20.2662,20.7898,20.9741,20.8237,20.6488,20.4562,20.2883,20.5877,21.3903,20.5884,20.2553,19.9802,20.5804,21.0775,20.0628,20.7122,20.7925,20.5949,20.9667,19.4818,19.3715,19.9612,20.4497,20.5354,20.6184,19.5375,19.874,19.5924,20.6898,19.5917,20.1205,20.4743,20.8986,22.1852,19.4673,19.4339,19.7424,20.4103,21.9433,19.5893,19.9156,19.8674,19.6698,20.2434,20.0617,19.7708,20.0318,20.3389,20.8975,19.8412,20.0266,20.3474,21.191,22.7177,20.1411,20.1241,20.3951,20.4876,20.8292,19.8924,20.3096,20.5363,20.891,21.3389
421,2:44:35 PM,19.8857,20.0921,19.8817,20.0616,20.3847,20.5175,20.3325,20.6043,20.8158,21.0025,20.4065,20.4838,20.1047,20.4225,20.3458,20.5156,20.8259,20.7905,20.7391,21.2151,20.5406,20.6553,20.6142,20.3178,20.9212,19.6926,19.9036,19.7838,20.0027,20.2907,20.3904,20.372,21.0272,21.0091,21.2658,20.5102,20.5275,20.4386,20.1885,20.4041,20.6051,20.862,20.6489,21.164,21.5735,20.6706,21.0032,21.0769,20.5894,21.143,19.6866,19.492,19.7795,19.5934,20.6907,19.8473,20.3515,20.6635,20.9182,21.0437,20.5299,20.5204,20.2859,20.6874,21.3749,20.8071,20.297,20.0933,20.4676,21.1599,20.0007,20.5893,20.7439,20.7199,20.7879,19.8108,19.595,19.7518,20.3268,20.6689,20.5893,19.6884,20.2601,19.4508,20.7551,19.9928,20.0794,20.8417,21.0456,22.1402,19.4877,19.5834,19.6543,20.5497,22.0049,19.4771,19.7126,19.9782,19.8705,20.1028,19.7743,19.9673,20.1695,20.0008,21.9255,19.8652,20.0388,20.3858,21.5269,22.5007,20.184,20.0833,20.487,20.5502,20.7917,19.938,20.1123,20.4782,20.8051,21.3732
422,2:44:55 PM,19.9585,20.0529,19.8521,19.9844,20.191,20.3415,20.3684,20.8927,20.9405,20.8168,20.4074,20.4443,20.1645,20.5055,20.2575,20.4314,20.934,20.6593,20.9351,21.3325,20.4092,20.2177,20.7769,20.6329,20.7818,19.8015,19.8311,19.7648,19.8947,20.3794,20.7193,20.3446,21.1055,20.7663,21.3364,20.4837,20.6128,20.6349,20.4411,20.7341,20.8688,20.7115,20.3994,21.2317,21.7794,20.9058,21.1481,21.0836,20.5314,20.9671,19.5945,19.5484,19.6774,19.8844,20.7865,19.9846,20.4077,20.8799,20.9705,20.9967,20.4114,20.4817,20.2718,20.8444,21.7042,20.4328,20.1843,20.2274,20.4893,21.3514,19.6361,20.4369,20.593,20.5211,20.9033,19.5306,19.5812,19.669,20.0699,20.6794,20.5837,19.6915,20.4817,19.7339,20.9008,19.8104,20.0804,20.9957,21.2583,22.9065,19.3248,19.6209,19.5787,20.7575,21.84,19.5465,19.4388,20.1893,19.9926,19.7552,19.9268,19.8709,20.2133,20.3368,21.1656,19.8142,20.0735,20.4377,20.7409,21.904,20.2083,20.1987,20.4115,20.59,21.2076,19.7372,20.0704,20.5495,20.7422,21.5254
423,2:45:15 PM,19.938,19.8606,20.0292,20.2262,20.2173,20.4345,20.2807,20.7851,20.6959,20.95,20.23,20.2133,19.9756,20.4769,20.3365,20.2844,20.6492,20.6546,20.8364,21.2906,20.8232,20.7009,20.4979,20.4031,20.7173,19.9344,20.1145,19.8783,20.075,20.0653,20.609,20.5279,20.8301,21.1312,21.3425,20.4532,20.5258,20.608,20.6434,20.7857,20.7983,20.4853,20.7152,21.3819,21.4618,20.7576,21.1137,21.0161,20.7333,21.0912,19.7741,19.4375,19.7939,19.8002,20.8961,20.2887,20.507,20.6561,20.7233,21.3009,20.4439,20.4003,20.1989,20.7776,21.5479,20.5001,20.3557,20.0082,20.6883,21.3142,19.7082,20.3744,20.7018,20.6468,20.6357,19.7682,19.7901,19.5754,20.0924,20.6554,20.5577,19.656,20.3026,19.6331,20.8956,19.7139,19.9853,20.9612,21.2065,22.4146,19.457,19.5238,19.4293,20.3891,21.3417,19.4013,19.634,20.1014,20.0927,19.7939,19.817,20.2702,20.2935,20.0829,21.3302,19.9407,20.15,20.3156,21.0386,22.1354,20.345,20.2701,20.4674,20.5262,20.686,19.7331,20.2493,20.525,20.8566,21.408
424,2:45:35 PM,19.8823,19.746,19.7479,19.9862,20.2816,20.2946,20.2716,20.5676,20.8873,20.9908,20.3131,20.4224,20.1516,20.191,20.2624,20.6404,20.6328,20.7751,20.7067,21.2578,20.628,20.3703,20.5659,20.3799,20.8774,19.7373,20.1714,19.7693,19.9905,20.2334,20.7127,20.3432,20.6652,20.7844,21.4158,20.5857,20.5338,20.5462,20.2425,20.5911,20.6408,20.7821,20.9188,21.1054,21.443,20.7497,21.0006,20.9949,20.6893,20.9339,19.7293,19.5901,19.8479,19.7182,20.8132,20.095,20.4863,20.5711,21.0465,21.3137,20.5971,20.2568,20.1923,20.7653,21.8531,20.4986,20.2385,20.0643,20.5388,21.2366,19.8927,20.6087,20.4509,20.4741,20.7837,19.7179,19.4788,19.7112,20.1362,20.9203,20.8013,19.6755,20.3094,19.7943,21.0795,19.7024,19.7864,20.9431,21.3547,21.9113,19.6334,19.4558,19.7059,20.7421,21.642,19.5013,19.5597,20.2581,20.0008,20.5896,20.0321,20.014,19.9961,20.1347,20.9641,19.8598,20.2732,20.4661,20.9895,22.4348,20.2841,20.0445,20.4797,20.5637,20.6373,19.8053,20.2274,20.4306,20.8465,21.5098
425,2:45:55 PM,19.9187,19.7532,19.8265,19.9082,20.4475,20.2603,20.1812,20.5785,20.6768,20.8201,20.3155,20.5334,20.2636,20.5049,20.8553,20.5324,20.9572,20.6981,21.0037,21.5146,20.6321,20.6832,20.6723,20.4614,20.7237,19.5578,19.9118,19.7691,19.8952,20.215,20.5851,20.1783,20.7697,20.7345,21.4967,20.5232,20.5541,20.8063,20.7815,21.0677,20.7535,20.7786,21.0624,21.16,21.5524,20.8126,21.1286,21.0766,20.5001,20.9743,19.657,19.5359,19.5794,19.9039,20.6973,20.2053,20.3497,20.6514,20.9253,20.6065,20.2319,20.3288,20.0973,20.595,21.605,20.4613,20.3862,20.1209,20.5068,21.3026,19.8118,20.3011,20.5067,20.4511,21.0817,19.4482,19.4974,19.8655,20.1349,20.7841,20.6826,19.613,20.0362,19.5775,20.786,19.5353,20.0207,20.7167,21.2332,22.4329,19.5457,19.5026,19.6809,20.4004,21.7272,19.6727,19.7605,20.245,20.0378,20.3116,20.0735,19.9283,20.2215,20.3229,21.1791,19.9106,20.3914,20.5511,21.5301,22.5928,20.1722,19.7586,20.3749,20.4629,20.469,19.5689,20.0616,20.4168,20.8821,21.1719
426,2:46:15 PM,19.752,19.8352,19.5535,19.9333,20.3145,20.3681,20.1974,20.5492,20.746,20.7219,20.5102,20.5449,20.2998,20.5186,20.9627,20.5623,20.5809,20.845,20.8183,21.3821,20.4426,20.2829,20.5573,20.7156,21.0574,19.6471,19.8743,19.6309,19.903,20.2879,20.7885,20.4744,20.7746,20.6263,21.5619,20.6231,20.8746,20.5289,20.6164,21.2342,20.6835,20.6763,20.8822,20.9971,21.683,20.7607,21.0592,20.9649,20.6151,21.1205,19.6777,19.4332,19.6389,19.7276,20.8384,20.0674,20.4347,20.5289,20.9271,21.2478,20.4971,20.3444,20.3608,20.855,21.7275,20.4977,20.1913,20.0549,20.5602,21.0901,19.7137,20.4515,20.5842,20.5212,20.6535,19.632,19.5619,19.7026,20.0323,20.534,20.7336,19.761,20.4197,19.6654,21.1312,19.8373,20.1134,20.9265,21.2943,22.614,19.3805,19.5567,19.8535,20.5315,21.9457,19.5653,19.508,20.066,20.1837,19.9889,20.1444,20.0665,20.1202,20.2384,21.6039,19.7902,19.8227,20.2764,20.9912,22.3717,20.0482,20.0122,20.3892,20.2684,20.7522,19.2348,20.1948,20.0204,20.7279,20.9457
427,2:46:35 PM,19.7593,19.8375,19.6812,20.0994,20.3897,20.4623,20.3112,20.3891,20.6324,20.9635,20.2969,20.5319,20.3171,20.5022,20.9914,20.6352,20.746,20.6532,20.8131,21.4963,20.5586,20.5345,20.7034,20.4703,20.7771,19.6451,19.9753,19.617,19.8422,20.1203,20.7735,20.3206,20.5046,20.8581,21.4887,20.5566,20.5195,20.6711,20.8164,21.0241,20.6962,20.6563,20.6724,21.2057,21.4991,20.9506,21.1708,21.2264,20.7038,20.963,19.7905,19.5059,19.5903,19.7207,20.6699,19.7165,20.3451,20.6332,20.8093,21.3304,20.3271,20.3779,20.3172,20.7302,21.5169,20.4447,20.1051,20.0341,20.5216,21.2335,19.8995,20.3257,20.6843,20.4745,20.9646,19.6756,19.481,19.8169,20.2829,20.5411,20.5043,19.8108,20.5984,19.6161,21.0705,19.736,19.8972,20.4366,21.2432,22.5451,19.5515,19.395,19.7309,20.8203,21.8231,19.5283,19.718,20.0307,20.1183,20.1116,20.0095,19.9884,20.3427,20.1191,21.0939,19.9714,20.2009,20.396,20.9093,22.959,20.2184,20.2239,20.4207,20.5747,20.4436,19.6382,20.0535,20.6991,20.6888,21.4002
428,2:46:55 PM,19.6602,19.958,19.8935,20.1646,20.3884,20.2102,20.1826,20.4999,20.8008,20.8808,20.3657,20.5288,20.3905,20.477,20.9094,20.3461,20.6567,20.6204,20.7595,21.3972,20.7279,20.5278,20.7008,20.6124,21.0718,19.7993,19.9009,19.718,19.7854,20.3391,20.7054,20.1423,20.6751,20.8367,21.3269,20.728,20.6346,20.6029,20.5631,20.3775,20.6442,20.5954,20.8733,21.1455,21.646,20.7906,20.9351,21.0232,20.6366,21.0012,19.8254,19.3567,19.9511,19.7835,20.8834,19.6526,20.5092,20.4998,20.7078,21.2153,20.4339,20.223,20.2285,20.7269,21.425,20.4903,20.1488,20.0796,20.5601,21.3143,19.869,20.4665,20.6364,20.7245,20.9981,19.8234,19.6192,19.8155,20.064,20.6875,20.6839,19.4311,19.8816,19.4443,21.0406,19.6368,20.1419,20.7181,20.9866,22.171,19.4431,19.3198,19.4706,20.5384,21.7613,19.781,19.7147,20.1781,20.144,19.9978,19.8987,19.9002,20.1961,20.3942,20.9929,20.1493,20.3058,20.5053,21.001,22.4243,20.189,20.1561,20.3614,20.4293,20.3894,19.7314,20.1103,20.5406,20.9721,21.2907
429,2:47:15 PM,19.5955,19.9022,19.8239,20.1447,20.2896,20.3954,20.0875,20.5746,20.6057,20.679,20.5258,20.3641,20.2613,20.6258,20.859,20.5703,20.9407,20.71,20.8602,21.4018,20.6728,20.4331,20.6125,20.1277,21.0706,19.8107,19.9036,19.8718,19.9561,20.4246,20.6225,20.3719,20.5586,20.8517,21.3202,20.6434,20.7677,20.589,20.5989,21.0142,20.7067,20.8303,20.6797,21.2499,21.537,20.8404,21.1047,21.03,20.5519,20.9965,19.6192,19.4494,19.6435,20.0007,20.8121,19.8478,20.3746,20.4769,20.9781,21.5164,20.336,20.3244,20.3613,20.6892,21.7269,20.5248,20.0883,20.0921,20.6261,21.155,20.0866,20.2923,20.632,20.5409,21.0757,19.4524,19.4819,19.9253,20.3892,20.5113,20.4507,19.7871,20.5304,19.6093,21.1478,19.7033,20.1479,20.4628,21.155,22.2023,19.2487,19.5146,19.8142,20.5008,21.7904,19.4789,19.7506,20.0227,19.7473,19.8937,20.049,20.1102,20.1109,20.3924,21.2324,19.939,20.4241,20.7174,20.9451,21.6872,20.3578,20.0937,20.6218,20.4093,20.5971,19.78,20.0085,20.4552,20.9067,21.2198
430,2:47:35 PM,19.5857,19.7102,19.7791,20.2031,20.3063,20.4767,20.232,20.8171,20.644,20.5104,20.46,20.5167,20.1115,20.2751,20.6289,20.6886,20.5624,20.8318,20.8835,21.6109,20.7807,20.5389,20.5605,20.559,20.9315,19.8485,20.0802,19.9366,20.0177,20.3726,20.6554,20.4706,20.8201,20.9842,21.3394,20.5586,20.5043,20.4727,20.4892,20.7978,20.6726,20.6154,20.7939,21.2331,21.8438,20.8786,21.0934,20.9824,20.4712,20.9369,19.4888,19.5596,19.6616,19.8308,20.6871,19.9376,20.2484,20.5658,20.9349,21.2636,20.3822,20.4035,20.2037,20.751,21.8088,20.4148,20.4269,19.9157,20.598,21.1499,19.933,20.4342,20.591,20.4639,20.9896,19.5189,19.4649,19.9955,20.1078,20.6704,20.3952,19.8298,20.3055,19.4677,21.2305,19.8021,20.1514,20.5911,21.0906,22.4522,19.4974,19.2961,19.4745,20.5877,21.8189,19.5963,20.0302,20.0248,20.0559,20.5316,19.8024,19.9822,20.1366,20.2436,21.1955,20.0306,20.2856,20.5836,20.796,22.8122,20.3471,19.9462,20.4119,20.5696,20.7507,19.5109,20.2537,20.4586,21.0798,21.3076
431,2:47:55 PM,19.6547,19.6867,19.7639,19.9572,20.4983,20.4166,20.0586,20.9586,21.0182,20.7675,20.3915,20.3675,20.0759,20.4208,20.301,20.49,20.5084,20.6772,20.7721,21.4031,20.7836,20.5806,20.8994,20.7144,21.0752,19.7788,19.9485,20.0582,19.8152,20.2616,20.6872,20.458,20.5669,20.9884,21.4658,20.6008,20.6353,20.6131,20.3828,20.7533,20.5657,20.7383,20.9937,21.3441,21.8612,20.8482,21.0746,21.0259,20.5792,21.1336,19.7216,19.3439,19.7665,19.8995,21.0338,19.8142,20.3215,20.6023,20.7505,21.0635,20.4121,20.332,20.1259,20.7651,21.4202,20.5148,20.1383,20.0125,20.5421,21.227,19.9963,20.5565,20.6553,20.4375,20.8721,19.6391,19.6051,19.6546,20.0734,20.7675,20.7027,19.5051,20.0106,19.5004,21.0428,19.7286,20.1191,20.545,20.9437,22.4824,19.3597,19.5496,19.7275,20.6487,21.8402,19.7947,19.6479,19.9243,20.0563,20.4125,19.8985,20.0452,20.1319,20.2116,21.2253,19.7262,20.2502,20.4918,21.0771,22.8303,20.1792,19.9552,20.2317,20.3547,20.2796,19.1831,20.2872,20.0934,20.6467,21.094
432,2:48:15 PM,19.9024,19.8266,19.962,20.0177,20.381,20.1306,20.3362,20.7641,20.923,20.8815,20.4758,20.4775,20.414,20.4191,20.6497,20.4901,20.8043,20.5764,20.9034,21.55,20.4765,20.6676,20.7468,20.5091,20.7968,19.7824,20.0303,19.8984,20.0719,20.4039,20.5894,20.299,20.602,21.0358,21.4085,20.6869,20.5888,20.6054,20.8911,21.0914,20.5565,20.7911,20.6362,21.2436,21.6349,20.8419,20.9337,21.0081,20.5022,21.0259,19.7064,19.465,19.8014,19.677,21.0981,20.1327,20.3591,20.6013,20.8355,21.0694,20.4334,20.5266,20.1973,20.7516,21.8847,20.64,20.3506,20.0383,20.4917,21.1253,19.6944,20.248,20.6197,20.6506,21.0883,19.584,19.4957,19.8503,19.9962,20.5823,20.4482,19.8187,20.2654,19.5636,20.8484,19.8286,19.9825,20.5723,21.2241,21.8327,19.5886,19.3133,19.6015,20.3205,21.9114,19.5043,19.7955,19.8707,20.2324,20.06,20.1573,19.9619,20.1736,20.3505,20.9993,19.7962,20.2993,20.5848,20.9193,22.078,20.2984,19.9233,20.5529,20.4467,20.7199,19.5256,20.1063,20.6934,20.8037,21.2798
433,2:48:35 PM,19.9556,19.784,20.0369,20.3156,20.59,20.4429,20.3427,20.735,20.7635,20.8124,20.2801,20.4596,20.0271,20.521,20.7401,20.4722,20.4316,20.7536,21.0388,21.546,20.74,20.6075,20.632,20.5077,21.0467,20.0447,19.9648,19.9177,20.2547,20.4137,20.8145,20.5409,20.8807,20.9886,21.4885,20.6154,20.7793,20.451,20.5949,20.9176,20.7017,20.885,20.6791,21.2462,21.5033,20.652,20.83,20.9213,20.6095,21.0383,19.6319,19.4784,19.827,19.9625,20.6673,19.9699,20.6683,20.7186,20.798,21.1864,20.5829,20.602,20.1982,20.6434,21.7137,20.817,20.3294,20.0847,20.496,21.1724,19.9945,20.4982,20.727,20.2587,20.7426,19.7093,19.6926,19.6887,20.1327,20.6844,20.661,19.6209,20.4761,19.6594,20.9514,19.7982,20.1629,20.6934,20.9525,22.5236,19.1887,19.4706,19.856,20.6986,21.8854,19.4753,19.7935,20.0766,19.9985,20.0748,19.8403,19.9017,20.1641,20.3086,21.4252,19.8517,20.2315,20.5221,21.2065,22.4162,20.0193,19.8251,20.3648,20.3047,20.3925,19.6198,20.0533,20.549,20.6963,21.3071
434,2:48:55 PM,19.8106,19.9,20.121,20.2793,20.6225,20.5504,20.2692,20.7296,20.7607,20.6424,20.4511,20.4193,20.1482,20.4731,20.7214,20.6988,20.6734,20.6845,20.9765,21.5703,20.5501,20.5068,20.5596,20.4253,21.0625,19.8257,19.9948,19.6441,19.9086,20.3929,20.6604,20.603,20.7696,21.0141,21.8683,20.728,20.533,20.3111,20.3864,20.5208,20.8079,20.7006,20.8251,21.4373,21.7054,20.7148,21.1859,21.1507,20.6474,21.0687,19.5598,19.4049,19.7128,19.9016,20.6647,19.8864,20.2079,20.677,21.0481,21.214,20.3895,20.311,20.1717,20.9778,21.6629,20.5597,20.2505,20.1216,20.5542,21.3481,19.8653,20.4971,20.6695,20.4866,20.8596,19.4931,19.4191,19.7609,19.9187,20.5363,20.4918,19.479,20.051,19.5875,20.977,19.9965,20.1072,20.4926,20.9772,22.2246,19.61,19.6481,19.721,20.7208,21.8374,19.7133,19.885,19.9784,20.1143,20.1753,19.8965,19.8309,20.468,20.259,21.3139,20.1734,19.9911,20.3163,20.9289,22.535,20.2177,20.0929,20.5924,20.4977,20.3087,19.7336,20.1496,20.1276,20.595,21.2101
435,2:49:15 PM,19.8639,19.7037,19.9009,20.2122,20.6381,20.5263,20.2414,20.6277,20.8611,20.6647,20.4071,20.4276,20.0057,20.4772,20.6276,20.5515,20.7406,20.7313,20.9941,21.6235,20.4505,20.4733,20.9155,20.7824,20.9779,19.7128,19.8539,19.8185,20.071,20.4687,20.814,20.3486,20.8093,21.0375,21.6898,20.5416,20.5061,20.6218,20.3725,20.7202,20.8248,20.7312,20.8008,21.3089,21.7116,20.8531,21.1253,20.9161,20.7805,21.1788,19.587,19.3017,19.7002,19.7162,20.5758,19.7103,20.4109,20.6555,20.9088,21.5356,20.5985,20.3327,20.2419,20.6405,21.7016,20.7117,20.2872,20.0565,20.4285,21.1139,20.0386,20.4764,20.7316,20.7655,20.8106,19.6126,19.6434,19.8822,20.0456,20.4628,20.4359,19.5682,20.1083,19.6398,21.1174,19.7912,20.0586,20.4352,20.6938,21.976,19.3343,19.3948,19.5709,20.5771,21.8125,19.6033,19.6549,19.9115,20.0818,19.8883,19.9879,20.1235,20.2002,20.4221,21.3498,19.9459,20.3475,20.3846,20.9135,22.8575,20.1312,20.0188,20.3691,20.4463,20.3869,19.713,20.2178,20.5918,20.6584,20.994
436,2:49:35 PM,19.7676,19.717,19.7579,20.1236,20.6852,20.3745,20.2604,20.572,20.8665,20.7039,20.501,20.4398,20.0899,20.2607,20.7764,20.5623,20.6399,20.6757,20.8014,21.3622,20.5455,20.608,20.463,20.3339,20.9534,19.729,19.987,19.74,19.9604,20.5431,20.6085,20.6407,20.855,21.0412,21.605,20.4812,20.5571,20.7001,20.328,20.5071,20.5796,20.7688,20.7394,21.1544,21.7936,20.7466,20.9349,20.9608,20.5726,20.9608,19.795,19.4722,19.7459,19.7607,20.9131,20.2055,20.2977,20.6179,20.8291,20.8088,20.3435,20.5683,20.4382,20.6712,21.6003,20.5608,20.3239,19.9966,20.5953,21.3705,19.7404,20.4271,20.5195,20.6485,21.1592,19.4854,19.3206,20.0491,19.8855,20.7517,20.5627,19.5812,20.1211,19.4823,20.8084,19.9545,19.9963,20.5244,20.7357,22.2202,19.5007,19.4472,19.4705,20.5297,21.6181,19.4805,19.7897,20.0632,19.9351,19.9054,19.9767,19.9461,20.1396,20.3456,21.6402,20.1756,20.2369,20.5155,20.7632,22.756,20.2444,20.377,20.4416,20.426,20.5572,19.6355,20.2792,20.5081,20.6296,21.226
437,2:49:55 PM,19.6994,19.8564,19.8302,20.1276,20.4733,20.2243,20.3343,20.7145,20.9405,20.903,20.3402,20.1956,20.2779,20.133,20.7238,20.4081,20.7622,20.7111,20.9166,21.4806,20.6308,20.5308,20.6781,20.6918,21.0018,19.7478,20.0673,19.8639,19.8937,20.2589,20.3045,20.3189,20.7985,20.9597,21.5465,20.4713,20.5646,20.3794,20.2615,20.4284,20.6365,20.6992,20.908,21.1832,21.512,20.9221,20.9167,20.8867,20.6594,21.3168,19.5373,19.6592,19.766,19.5876,20.5793,19.8526,20.2902,20.5909,21.0863,21.2692,20.2665,20.2334,20.2173,20.9039,21.9241,20.5107,20.2538,20.0474,20.514,21.4441,19.85,20.3721,20.6509,20.604,20.9926,19.5586,19.3334,19.9034,20.1078,20.6272,20.5784,19.5628,20.0803,19.552,20.9087,19.6813,20.0683,20.4574,21.0621,22.5743,19.6084,19.4765,19.4674,20.5458,21.6852,19.6511,19.7284,20.1416,20.0915,20.626,19.8932,20.0448,20.078,20.2187,22.0261,19.7509,20.2447,20.3959,20.8479,22.0479,20.2094,20.1883,20.3595,20.5697,20.1895,19.6316,20.189,20.4142,20.6912,20.9839
438,2:50:15 PM,19.6381,19.8433,19.8233,20.1131,20.5458,20.4123,20.0772,20.4817,20.5159,20.8754,20.3868,20.2553,20.2664,20.5331,20.5471,20.4392,20.7441,20.798,21.1458,21.3164,20.5558,20.4894,20.6184,20.3696,21.0403,20.0452,19.9251,19.8803,20.1102,20.2477,20.7742,20.4354,20.7364,20.7487,21.4874,20.5089,20.7858,20.7665,20.5458,20.8328,20.7561,20.7146,20.6344,21.047,21.7021,20.8831,20.9061,20.8844,20.4644,20.8898,19.5151,19.3943,19.5886,19.8476,20.6158,19.8006,20.3981,20.8311,20.9429,21.1057,20.3811,20.5785,20.2222,20.739,21.5132,20.4007,20.1867,20.0423,20.4242,21.3244,19.8098,20.2847,20.5418,20.3655,21.0155,19.4807,19.4561,19.5702,20.0194,20.8165,20.4691,19.438,20.1048,19.4057,21.0991,19.7904,20.0361,20.6728,20.7207,22.5189,19.5189,19.6285,19.6696,20.3962,21.9277,19.5402,19.5772,20.0769,19.9101,19.6765,19.9602,20.0101,20.2475,20.1598,21.649,19.9438,20.3286,20.5381,20.8669,22.9049,20.2321,20.4777,20.4677,20.2446,20.6606,19.6164,20.1548,20.2611,21.0018,21.249
439,2:50:35 PM,19.6872,19.936,19.7745,20.0935,20.4563,20.3314,19.9787,20.5461,20.5188,20.7572,20.4542,20.3523,20.2854,20.3531,20.757,20.6374,20.5491,20.5808,20.9623,21.5636,20.458,20.4377,20.4761,20.4963,21.0606,20.0104,19.9303,19.806,19.8399,20.3662,20.7927,20.5872,20.8222,20.7973,21.3625,20.3201,20.5652,20.5853,20.5178,20.6539,20.6807,20.7339,20.7614,21.1329,21.5749,20.8822,20.8358,20.9116,20.6331,20.9516,19.6386,19.3446,19.7485,19.6709,20.6257,19.8851,20.4752,20.6552,20.8243,20.9436,20.6168,20.3793,20.2851,20.6531,21.4134,20.401,20.0975,19.9052,20.6978,21.4138,19.995,20.5612,20.7785,20.5215,21.1702,19.4508,19.4548,19.9812,20.0977,20.6078,20.6494,19.4177,19.9802,19.5665,20.9019,19.7385,19.9883,20.6182,20.5221,22.521,19.3989,19.7206,19.7835,20.4756,21.7704,19.618,19.8018,19.8969,20.0674,19.8897,19.8905,19.8296,20.1166,20.3083,21.1409,19.9197,20.0578,20.4873,20.7504,22.663,20.1944,19.9541,20.5083,20.3392,20.4983,19.3268,20.0146,20.1609,20.7167,21.1313
440,2:50:55 PM,19.6134,20.0277,19.782,20.2485,20.5835,20.3337,20.0106,20.385,20.6871,20.4388,20.5841,20.4275,20.4844,20.6692,20.8258,20.5302,20.6194,20.6266,21.0653,21.49,20.6809,20.4112,20.4343,20.2496,21.1455,19.5163,19.8509,19.4685,19.9175,20.4439,20.6147,20.4041,20.6161,20.8579,21.4338,20.466,20.5228,20.6186,20.6705,20.6921,20.9337,20.7341,20.9136,21.092,21.7441,20.8705,21.1005,20.8347,20.6037,21.159,19.5586,19.2367,19.5096,19.9121,20.5986,19.618,20.2552,20.7523,21.0306,21.2292,20.301,20.3298,20.085,20.6093,21.5044,20.4901,20.3988,20.0271,20.6027,21.1007,19.7955,20.4694,20.7532,20.4206,20.901,19.7463,19.6288,19.836,19.9922,20.3691,20.5674,19.5364,20.2151,19.2907,20.5848,19.8294,19.7684,20.3411,20.8868,22.5573,19.2983,19.4192,19.516,20.2426,21.8383,19.5094,19.8509,20.197,19.9443,20.5385,19.7328,19.8355,20.2927,20.1958,22.1674,19.8921,20.2259,20.4851,21.083,22.6713,20.274,19.9933,20.3965,20.3268,20.4183,19.6359,20.2969,20.5119,20.6804,21.1712
441,2:51:15 PM,19.6217,19.775,19.795,20.2412,20.599,20.286,20.2156,20.5419,20.8622,20.7705,20.5916,20.179,20.2863,20.3879,20.5842,20.407,20.6933,20.8108,20.8913,21.4882,20.5921,20.4562,20.5842,20.6137,20.9539,19.5532,19.9746,19.5461,19.9775,20.4818,20.6621,20.3574,20.673,20.6166,21.3923,20.4978,20.258,20.4168,20.3913,20.7784,20.8228,20.7434,20.7354,21.2338,21.6468,20.8786,20.7928,21.1174,20.6664,20.9097,19.8155,19.6105,19.6585,19.8136,20.5633,19.959,20.3935,20.5552,20.8725,21.2697,20.3135,20.3853,20.4037,20.9211,21.8449,20.5659,20.322,20.1665,20.5059,21.1096,19.7554,20.1876,20.6551,20.5042,21.0439,19.7203,19.3792,19.9578,19.9805,20.5494,20.5874,19.5288,20.3951,19.2075,21.2116,19.5668,20.0361,20.634,21.1111,22.2372,19.3115,19.4425,19.4359,20.2101,21.9521,19.3476,19.5263,19.9333,19.9551,20.1802,19.8517,19.9259,20.3183,20.2906,21.1714,19.9497,20.1624,20.4291,20.835,22.7944,20.1262,20.236,20.517,20.2284,20.3081,19.5974,20.2386,20.2206,20.8014,21.093
442,2:51:35 PM,19.7063,19.9483,19.8361,20.3088,20.362,20.3536,19.9211,20.677,20.769,20.4755,20.4523,20.3844,20.1121,20.4344,20.6321,20.5811,20.54,20.7175,20.7499,21.6192,20.8873,20.1961,20.7766,20.4997,21.0088,19.8225,19.8878,19.8889,20.069,20.3203,20.7749,20.4354,20.69,20.8295,21.4677,20.556,20.6646,20.4975,20.509,20.8096,20.6799,20.7019,20.8149,21.297,21.6617,20.9213,21.0333,20.9464,20.7599,21.1046,19.6503,19.4628,19.6642,19.8173,20.6352,19.7522,20.4644,20.7788,20.9411,20.8938,20.451,20.4047,20.1311,20.9482,21.4767,20.511,20.3102,19.9721,20.5089,21.2596,20.2457,20.6186,20.7914,20.6279,20.8863,19.4042,19.4244,19.7856,20.1565,20.4528,20.7307,19.6039,20.1225,19.6,20.6608,19.9283,20.1956,20.6392,21.2183,22.3238,19.5093,19.6319,19.6401,20.7503,21.8156,19.6884,19.6708,20.0424,19.7996,19.9039,19.8316,20.0683,20.0953,20.1557,21.0479,20.055,20.2888,20.4189,20.5353,22.5546,20.1955,20.2233,20.5345,20.3778,20.5285,19.7245,20.2402,20.4184,20.7819,20.843
443,2:51:55 PM,19.7679,19.883,19.8419,20.2128,20.5138,20.2525,20.4522,20.7759,20.6233,20.5015,20.5181,20.4063,20.1912,20.27,20.6452,20.4585,20.7334,20.6694,20.8897,21.3921,20.4735,20.398,20.4413,20.304,21.1332,19.779,19.8751,19.9525,20.0716,20.522,20.5704,20.4237,20.7467,20.7316,21.4374,20.7436,20.6439,20.3518,20.5411,20.554,20.7835,20.5759,20.7348,20.9854,21.6507,20.8514,21.0287,21.0317,20.5213,20.95,19.7256,19.4036,19.5745,19.823,20.7851,20.2524,20.4985,20.7172,20.9036,21.3039,20.3537,20.2092,20.3686,20.7485,21.4511,20.2638,20.3096,19.9599,20.3794,21.2748,19.616,20.3791,20.4796,20.345,21.0233,19.4332,19.6909,19.9148,19.9207,20.4029,20.6234,19.6002,20.333,19.5095,20.8172,20.0466,20.0116,20.842,21.0412,22.3535,19.4898,19.5399,19.8993,20.5636,21.723,19.5143,19.9548,20.1081,20.0366,19.9719,19.9977,19.8797,20.2416,20.0805,21.4706,19.9686,20.354,20.2528,20.9387,22.8181,20.2839,20.2321,20.5007,20.4572,20.3774,19.4707,20.1028,20.0613,20.9245,21.4899
444,2:52:15 PM,19.7645,19.878,19.6276,20.1794,20.4971,20.3175,20.3336,20.6497,20.7814,20.6851,20.5227,20.5714,20.1761,20.1985,20.5864,20.2361,20.5705,20.6237,20.86,21.4215,20.7565,20.6024,20.4245,20.38,20.9851,19.5934,19.7384,19.7439,19.9122,20.3612,20.7981,20.3219,20.7849,20.8991,21.4314,20.4826,20.4892,20.5156,20.2965,20.4462,20.6981,20.8592,20.7583,21.3494,21.5994,20.7541,20.9217,21.0222,20.5901,20.919,19.6195,19.2715,19.583,19.9038,20.8093,20.0352,20.4694,20.4841,20.9971,20.9069,20.5335,20.3498,20.3254,20.616,21.714,20.3933,20.2113,19.8543,20.4121,21.3317,19.7445,20.1582,20.7517,20.5499,20.8775,19.5387,19.4555,19.8875,20.068,20.577,20.4137,19.6964,19.661,19.5964,20.938,19.5642,20.1687,20.8211,21.1469,22.1179,19.4583,19.4686,19.5968,20.6192,21.8713,19.5557,19.8973,20.2146,20.0199,20.179,19.9131,19.8842,20.1796,20.3804,20.66,19.8722,20.1889,20.4777,20.5851,21.8206,20.0938,19.9588,20.3705,20.2894,20.5229,19.6294,20.2314,20.4239,20.9725,21.303
445,2:52:35 PM,19.8025,19.7872,19.8599,20.1503,20.5324,20.3074,20.1065,20.7576,21.0268,20.7204,20.4053,20.2398,20.0789,20.0978,20.5573,20.3967,20.7697,20.6193,20.7411,21.4163,20.4488,20.4048,20.3969,20.4693,20.9816,19.7399,19.9424,19.6967,19.9239,20.479,20.9792,20.141,20.7209,20.8336,21.5053,20.4184,20.6711,20.4858,20.4813,20.4641,20.6076,20.827,20.6697,21.1491,21.6553,20.7301,21.165,20.9264,20.7064,20.7093,19.6163,19.5388,19.7444,19.8168,20.5157,19.8962,20.4081,20.678,20.9667,20.8198,20.3593,20.394,20.2222,20.8433,21.6426,20.4708,20.2639,19.8445,20.5795,21.2028,20.3282,20.5314,20.6152,20.5439,20.7961,19.4982,19.4742,19.8496,20.0041,20.6342,20.538,19.5124,19.7961,19.4929,20.9511,19.752,19.9551,20.4592,20.743,22.1121,19.1913,19.3892,19.7407,20.5066,21.7446,19.5235,19.5626,20.1215,19.9953,19.5552,19.7794,19.9167,20.213,20.3692,21.2824,19.8478,20.1375,20.39,20.7147,22.763,20.4376,19.6872,20.4288,20.2455,20.716,19.5108,20.1165,20.3404,20.9237,21.1918
446,2:52:55 PM,19.6119,19.8836,19.5338,19.9662,20.4601,20.391,20.5606,20.6861,20.8158,20.6815,20.4636,20.2857,20.0621,20.4118,20.3631,20.508,20.6705,20.7731,20.8357,21.2329,20.6507,20.3245,20.5331,20.2533,21.0123,19.6426,20.0402,19.8517,19.7883,20.2307,20.7713,20.2597,20.9333,20.7299,21.5693,20.6325,20.5884,20.6287,20.3564,20.49,20.5435,20.6797,20.7812,21.0867,21.6335,20.8092,21.1317,21.0318,20.5785,20.9442,19.5934,19.3869,19.7535,19.7208,20.5778,19.7108,20.211,20.5756,21.0883,20.7091,20.3371,20.3802,20.4447,20.6016,21.6218,20.6281,20.2312,19.8857,20.5972,21.148,19.6557,20.624,20.7203,20.5037,21.1172,19.5974,19.4981,19.671,19.8916,20.7424,20.4096,19.4777,19.8361,19.5127,20.833,19.7837,20.1343,20.5756,21.016,22.2934,19.4552,19.4575,19.7828,20.691,21.7726,19.6287,19.6223,19.9948,20.0647,20.1206,19.9769,19.8586,20.3169,20.0977,21.3892,19.9892,20.2116,20.5016,20.9384,21.7072,20.2158,20.2,20.3802,20.2289,20.6916,19.4456,20.1357,20.4707,20.8595,21.2065
447,2:53:15 PM,19.723,19.9259,19.693,20.2135,20.513,20.4019,20.2297,20.6973,20.8117,20.6277,20.5545,20.2166,20.0586,20.4511,20.5166,20.3394,20.6709,20.8243,20.7917,21.4253,20.4494,20.5363,20.6861,20.4325,21.0147,19.6402,20.1247,19.4879,19.8068,20.1434,20.772,20.3586,20.6448,20.7099,21.3902,20.4616,20.4745,20.567,20.3306,21.1222,20.7796,20.9131,20.8471,21.3874,21.638,20.7382,20.9163,20.986,20.7362,20.8786,19.7934,19.427,19.592,19.9218,20.6679,20.2043,20.2602,20.6529,21.0106,21.0516,20.4239,20.2927,20.1403,20.6946,21.678,20.7497,20.3602,19.9298,20.4091,21.3068,19.6762,20.5115,20.8256,20.3511,21.0422,19.5889,19.6708,19.7491,19.9329,20.627,20.4337,19.7106,20.2564,19.5789,21.1554,19.7596,20.0522,20.5837,20.9026,22.4623,19.4598,19.4223,19.6796,20.2873,21.8924,19.3534,19.6117,20.1385,19.842,20.1414,19.8999,19.9925,20.0905,20.1118,21.1433,19.9249,20.3241,20.406,20.7163,22.0858,20.3482,20.3684,20.3984,20.2981,20.8868,19.5779,19.7225,20.2504,20.8399,21.483
448,2:53:35 PM,19.6872,19.7636,19.6809,20.063,20.1477,20.3385,20.1038,20.5647,20.8109,20.816,20.4652,20.1529,20.1542,20.4366,20.8448,20.5002,20.6547,20.7549,20.8119,21.5128,20.673,20.5362,20.4838,20.5067,21.2042,19.8029,19.7304,19.5239,19.5856,20.3054,20.609,20.3249,20.917,20.5792,21.4642,20.4619,20.7039,20.3774,20.8298,21.002,20.7705,20.555,20.5668,21.1067,21.4628,20.781,20.9804,20.7673,20.585,21.1315,19.551,19.674,19.6615,19.6725,20.7694,19.7307,20.1727,20.5742,20.9903,20.8733,20.3183,20.4408,20.1202,20.6539,21.4579,20.5276,20.0813,20.0553,20.5895,21.1094,19.8178,20.319,20.5278,20.495,20.9914,19.8182,19.7027,19.7653,20.1098,20.5949,20.3338,19.6223,20.2999,19.6577,20.6244,19.7143,19.9651,20.486,20.7005,22.5355,19.2165,19.5121,19.8043,20.6072,21.8199,19.4422,19.7729,20.0285,20.0635,20.3372,19.9215,20.0318,20.2957,20.2291,21.3432,19.7682,20.0915,20.4875,21.1743,22.8144,20.2254,20.0934,20.4949,20.496,20.7095,19.6519,20.1466,20.5182,20.8523,21.2192
449,2:53:55 PM,19.6784,19.7636,19.54,20.1662,20.2795,20.3561,20.3327,20.5356,20.8231,20.5718,20.6795,20.2004,20.3624,20.6268,20.849,20.5316,20.6649,20.8467,20.9385,21.5363,20.8079,20.5538,20.4662,20.5607,21.0234,19.835,20.1165,19.7572,19.9646,20.3825,20.5083,20.3613,20.9192,20.9958,21.4761,20.4084,20.606,20.6389,20.6369,21.0754,20.73,20.7965,20.8723,21.1071,21.776,20.7327,21.0111,20.9408,20.6519,20.9697,19.6642,19.6917,19.6773,19.6874,20.757,19.7747,20.4856,20.6361,20.9289,21.2664,20.5492,20.4464,20.2294,20.9464,21.5514,20.5598,20.2849,20.0824,20.4259,21.1669,19.8257,20.2802,20.5721,20.4813,21.0782,19.7556,19.4885,19.7706,19.9868,20.581,20.6587,19.5511,20.3585,19.7081,21.1501,19.9967,20.0655,21.0396,21.1587,22.2332,19.5581,19.4706,19.449,20.7061,21.8315,19.4499,19.5898,19.9331,19.8327,19.964,19.9245,19.9354,20.1148,20.4294,21.048,19.9487,20.2272,20.587,21.137,22.7822,20.3474,20.1758,20.3256,20.5323,21.0521,19.7673,20.3729,20.6085,20.7101,21.2101
450,2:54:15 PM,19.6059,19.8058,19.7591,19.7992,20.4266,20.2965,20.1155,20.6919,20.765,20.5346,20.573,20.4368,20.1897,20.5294,20.9562,20.5725,20.6779,20.5163,21.0199,21.6343,20.6456,20.4726,20.5502,20.278,20.8902,19.6294,19.8632,19.7454,19.745,20.4072,20.6549,20.517,20.8497,20.8334,21.5347,20.6299,20.5177,20.7005,20.687,21.2922,20.611,20.7245,20.6896,21.0997,21.7842,20.9263,20.8846,21.1509,20.6372,20.9515,19.7168,19.3457,19.6958,19.8657,20.695,19.8392,20.5609,20.5847,20.9912,21.1779,20.4729,20.5943,20.1507,20.8012,21.5652,20.5239,20.1545,19.9721,20.5274,21.1251,20.034,20.4459,20.7497,20.3718,20.9939,19.7033,19.3921,19.8004,19.9888,20.7039,20.5362,19.6057,20.3582,19.5029,21.1576,19.8693,20.0558,20.3219,20.944,22.1692,19.4886,19.5022,19.6458,20.8541,21.8542,19.5443,19.6446,19.9716,19.9747,19.8443,20.0138,19.8176,20.2869,20.3234,21.2767,19.9077,20.3064,20.3966,20.9657,23.0319,19.9986,19.6878,20.4716,20.2798,20.453,19.5575,20.0372,20.5926,20.935,21.1709
451,2:54:35 PM,19.7379,19.844,19.5766,20.1439,20.4285,20.6191,20.3895,20.2996,20.898,20.7683,20.2425,20.5223,20.2316,20.4774,20.8403,20.5454,20.5176,20.8352,20.7697,21.3683,20.6889,20.485,20.6956,20.4519,21.0097,19.4505,19.6897,19.6379,19.9682,20.2894,20.6313,20.2632,20.6341,20.8391,21.4057,20.5933,20.5744,20.5906,20.4536,20.5907,20.8267,20.6871,20.5587,21.1202,21.801,20.7698,21.0106,20.7466,20.6503,21.2092,19.5753,19.4246,19.5524,19.7821,20.7109,20.0061,20.4654,20.6388,20.8946,20.872,20.5242,20.2635,20.3705,20.7365,21.521,20.4818,20.3387,19.9631,20.7693,21.287,19.922,20.5927,20.6724,20.4475,21.0216,19.5536,19.6463,19.7524,20.2265,20.6317,20.4721,19.5633,19.9357,19.6781,20.8386,19.7915,19.8229,20.4016,20.9798,22.4635,19.2744,19.5682,19.5057,20.6538,21.9809,19.6709,19.7172,20.1931,19.8205,19.9448,20.0258,20.2074,20.0377,20.333,21.2114,19.9574,20.15,20.4161,21.0948,22.8832,20.0707,19.9822,20.2462,20.6209,20.5833,19.5198,20.0274,20.3518,20.5297,21.432
452,2:54:55 PM,19.6976,19.6258,19.6816,20.0237,20.5758,20.296,20.1474,20.4284,20.5801,20.5344,20.4806,20.2995,20.1782,20.2863,20.8626,20.4376,20.8142,20.618,20.8182,21.4095,20.7661,20.3775,20.598,20.6086,21.0034,19.594,19.693,19.5685,19.7832,20.2806,20.5186,20.4969,20.7586,21.0001,21.3784,20.6166,20.4767,20.5089,20.6813,20.8118,20.7499,20.7502,20.7841,21.2773,21.6386,20.9066,21.0627,21.2433,20.7863,20.9822,19.705,19.4237,19.6249,19.7578,20.5928,20.1086,20.2657,20.9249,20.9079,21.1079,20.5518,20.707,20.1574,20.5767,21.7284,20.5233,20.2437,20.1288,20.6486,21.2889,19.9287,20.2064,20.7295,20.4523,20.9354,19.656,19.513,19.792,20.1,20.5995,20.3099,19.5554,19.9835,19.3984,21.1137,19.7271,19.9731,20.7572,20.7011,22.2646,19.5518,19.6436,19.935,20.4549,21.8488,19.5084,19.6705,20.0015,20.0635,19.9353,19.9714,19.8923,20.1114,20.0429,21.5657,19.9204,20.1536,20.4321,20.8048,22.736,20.2613,20.0901,20.3779,20.3448,20.8758,19.5637,20.1211,20.2467,20.7663,20.9693
453,2:55:15 PM,19.6738,19.7337,19.6817,20.3047,20.3957,20.2462,20.4055,20.8112,20.7944,20.3289,20.4645,20.2406,20.2619,20.3713,20.7561,20.4969,20.763,20.6208,20.8309,21.2986,20.6973,20.754,20.603,20.5699,21.0572,19.5656,20.0116,19.7016,20.0287,20.1183,20.4423,20.4999,20.7485,20.8698,21.5005,20.6578,20.6597,20.4241,20.6667,20.9317,20.8453,20.4654,20.598,21.181,21.6816,20.7971,20.975,21.1403,20.5375,20.8522,19.5558,19.3233,19.555,19.5922,20.691,19.9551,20.2574,20.7139,20.8004,21.0127,20.5147,20.4953,20.2719,20.4384,21.3903,20.8963,20.3293,19.9509,20.4949,21.7783,20.1218,20.4288,20.8393,20.5253,20.9207,19.1936,19.2604,19.717,20.1063,20.6332,20.3683,19.391,20.0174,19.4632,21.1437,19.8464,19.9107,20.526,20.5262,22.3658,19.3342,19.5946,19.9497,20.5904,22.0921,19.6952,19.8643,19.9529,19.9347,19.7724,19.9772,20.0674,20.1302,20.1673,21.458,19.9677,20.1947,20.3179,21.1892,23.0381,20.1048,19.9597,20.5378,20.4467,20.5455,19.5969,19.8844,20.4868,20.7905,21.2134
454,2:55:35 PM,19.3092,19.594,19.7005,19.9176,20.5832,20.5924,20.4967,20.7089,20.7993,20.4422,20.1778,20.3135,20.2729,20.37,20.7877,20.3016,20.6802,20.6425,20.952,21.3941,20.8141,20.6846,20.6563,20.5358,21.1615,19.4987,19.8262,19.5863,19.9111,20.3106,20.4555,20.1736,20.7157,20.7742,21.4039,20.7887,20.5507,20.5572,20.5856,20.8409,20.6145,20.7153,20.8661,21.1653,21.735,20.8466,20.9852,21.1328,20.8248,21.1234,19.4254,19.3839,19.7231,19.7901,20.5352,19.686,20.4123,20.4544,20.7351,20.7914,20.4554,20.3951,20.1634,20.629,21.522,20.5086,20.1639,20.087,20.3288,21.2607,19.9927,20.5661,20.5659,20.4545,20.8592,19.5539,19.5402,19.7831,20.107,20.6876,20.5749,19.7498,20.0074,19.4612,20.8257,19.6775,20.1941,20.3814,20.8829,22.1181,19.5036,19.4552,19.7473,20.4444,22.0884,19.7235,20.2099,20.2448,19.9591,20.3842,20.0191,19.798,20.1344,20.3334,21.307,19.9387,20.1779,20.3008,21.1235,22.8765,19.9624,20.1414,20.6377,20.4733,20.8823,19.8332,20.1001,20.4064,20.7768,21.1076
455,2:55:55 PM,19.472,19.5353,19.6928,20.1321,20.3935,20.4182,20.1424,20.668,20.9768,20.7874,20.491,20.3993,20.1782,20.3514,20.4896,20.4988,20.5631,20.7651,20.9408,21.3861,20.757,20.578,20.4824,20.3547,21.1205,19.5826,19.991,19.6974,19.7709,20.3925,20.6723,20.2293,20.7765,20.9282,21.413,20.6559,20.3244,20.4217,20.6113,20.8332,20.5518,20.6438,20.4812,21.2973,21.8551,20.9416,21.0594,21.1631,20.5713,20.8245,19.5348,19.4947,19.5937,19.8126,20.615,19.7166,20.545,20.4816,21.0473,20.9302,20.583,20.3616,20.1042,20.5153,21.3675,20.6079,20.3388,20.0311,20.5246,21.3348,20.0034,20.4615,20.6549,20.6363,21.0304,19.5041,19.5831,19.6263,19.9393,20.438,20.7427,19.4538,19.8757,19.4563,21.2896,19.7553,20.209,20.4366,20.6348,22.005,19.3278,19.4322,19.8165,20.5479,22.0143,19.5823,20.0074,20.056,19.9279,20.4445,19.7377,20.0199,20.1872,20.0401,21.2632,20.0522,20.5045,20.3823,20.9092,22.5579,20.2332,19.7194,20.3743,20.3387,20.8412,19.7187,20.2277,20.393,20.7513,21.2522
456,2:56:15 PM,19.6722,19.7197,19.7347,20.1278,20.483,20.4051,20.3058,20.8965,21.038,20.9617,20.4874,20.2529,20.0042,20.1937,20.7012,20.445,20.8251,20.6714,20.632,21.4201,20.7057,20.746,20.724,20.3513,20.9838,19.6962,19.8868,19.6947,20.0261,20.0612,20.8611,20.3752,20.9875,20.9947,21.2552,20.4854,20.388,20.4493,20.3032,20.5627,20.722,20.7257,20.8822,21.0899,21.8198,20.7523,20.9262,21.0614,20.5838,21.1299,19.6085,19.2166,19.6712,19.848,20.8924,19.7746,20.205,20.5129,20.9368,21.172,20.5398,20.4608,20.2483,20.8652,21.4487,20.4284,20.2699,20.0389,20.5387,21.3027,20.2008,20.4183,20.9032,20.3961,20.5522,19.5292,19.5813,19.749,20.0008,20.5049,20.4496,19.6276,20.0604,19.4473,20.8748,19.7089,20.2245,20.7459,20.9388,22.3493,19.4737,19.5924,19.9655,20.5947,22.0601,19.6088,19.7309,20.0152,20.0748,19.6949,19.8364,19.8407,20.1835,20.3948,21.4113,19.8373,20.183,20.3828,21.1205,22.7069,20.0439,20.171,20.54,20.3139,20.9316,19.6164,20.2819,20.6418,20.7455,21.1946
457,2:56:35 PM,19.5857,19.7617,19.6639,20.1102,20.415,20.5101,20.5363,20.7116,20.8618,20.9598,20.3671,20.2464,20.1833,20.2554,20.7219,20.6065,20.7935,20.8319,20.9409,21.3963,20.7354,20.5943,20.5591,20.5623,21.0295,19.6523,19.7726,19.5845,19.6408,20.3928,20.6981,20.3652,21.022,20.8285,21.5274,20.5066,20.601,20.3993,20.6222,20.7032,20.7313,20.7116,20.8408,21.3469,21.6054,20.6048,20.8592,21.1132,20.6239,21.2365,19.7828,19.2294,19.6204,19.8809,20.8044,19.7506,20.2616,20.8126,20.9994,20.6562,20.6268,20.3071,20.1953,20.6469,21.4184,20.4467,20.3085,20.0423,20.6269,21.2105,19.7002,20.5006,20.7878,20.4602,20.8882,19.6222,19.5755,19.7349,20.1915,20.3552,20.6653,19.6835,20.0733,19.5928,21.1538,20.0408,19.9973,20.7948,20.9636,21.8208,19.3196,19.5223,19.7215,20.65,21.8519,19.8536,19.746,19.9026,19.8694,20.1588,20.0063,19.8313,20.1853,20.3336,20.8305,19.8512,20.1043,20.6758,20.8148,22.2898,20.5019,20.1973,20.3863,20.3039,20.7972,19.5583,20.0483,20.2532,20.6006,21.164
458,2:56:55 PM,19.5109,19.9862,19.8208,20.2596,20.6922,20.3726,20.3223,20.6767,20.7994,20.8563,20.274,20.483,20.0659,20.1203,20.3606,20.4318,20.8451,20.6617,20.6943,21.3989,20.8833,20.6601,20.4923,20.3349,21.0154,19.8804,19.8281,19.6617,20.0261,20.1593,20.7038,20.3278,20.9672,21.0169,21.2409,20.4114,20.4718,20.6202,20.3556,20.9178,20.5013,20.6662,20.8963,21.2036,21.6602,20.8955,21.0007,20.8223,20.5095,20.9171,19.6597,19.4012,19.7394,19.8303,20.7153,20.0506,20.4013,20.6736,20.8343,20.6993,20.618,20.3732,20.2863,20.7271,21.337,20.5118,20.2415,20.0084,20.4296,21.2723,19.9357,20.5376,20.7645,20.5539,20.7253,19.5629,19.4145,19.8924,20.0742,20.6001,20.404,19.5094,19.9984,19.4433,20.6973,19.951,20.148,20.8165,20.8086,22.5551,19.5855,19.5967,19.7615,20.6778,21.9861,19.4793,19.7185,20.0337,19.9133,20.0328,20.0915,19.9157,20.2128,20.1815,21.095,19.8204,20.2631,20.3649,21.057,22.5378,20.213,19.9598,20.3916,20.5033,20.6769,19.5429,20.0685,20.4735,20.5969,21.0759
459,2:57:15 PM,19.6921,19.6353,19.7155,19.9509,20.5587,20.2995,20.3103,20.8999,20.8657,20.9339,20.5766,20.3609,20.2111,20.3312,20.3137,20.3972,20.6322,20.7366,20.836,21.1476,20.4753,20.5694,20.6308,20.3581,20.9141,19.8077,19.9198,19.6626,19.8005,20.3312,20.7417,20.2384,20.8515,20.852,21.4546,20.4039,20.3902,20.4007,20.3959,20.6692,20.6583,20.7159,20.8095,21.0859,21.5227,20.7561,21.0457,20.9629,20.5328,21.0515,19.6461,19.2458,19.6826,19.7219,20.6214,20.1714,20.3735,20.8713,20.9155,20.9089,20.5002,20.3824,20.28,20.8989,21.4939,20.3523,20.5068,20.0277,20.4774,21.2568,19.6995,20.4399,20.6508,20.4376,20.8558,19.607,19.5293,19.8446,20.0501,20.6545,20.3528,19.7505,20.3088,19.6991,20.7938,19.6697,20.1529,20.6705,21.0562,22.4403,19.4644,19.5035,19.7181,20.2421,22.0179,19.4586,19.6579,20.0665,19.7968,19.7305,19.9442,20.0295,19.9669,20.2624,21.1151,19.9175,20.2053,20.5547,21.1478,22.925,20.2183,19.8698,20.4877,20.5711,20.5179,19.5247,20.2253,20.2083,20.74,21.1733
460,2:57:35 PM,19.7599,19.5185,19.9705,20.0592,20.4586,20.4674,20.2439,20.8517,20.9448,20.7526,20.4105,20.3201,19.8558,20.1571,20.7251,20.4227,20.7272,20.5875,20.8728,21.3375,20.3157,20.3821,20.2854,20.2466,20.8177,19.7397,19.9969,19.7937,20.0964,20.5129,20.4676,20.5361,20.8116,20.9844,21.3776,20.6943,20.5564,20.4817,20.2465,20.1972,20.7607,20.6998,20.6208,20.9684,21.6078,20.7961,21.1039,20.9594,20.5099,20.8954,19.6602,19.2133,19.7465,19.7151,20.6705,19.7885,20.3367,20.5444,20.9883,20.6348,20.6128,20.252,20.2531,20.7182,21.4,20.3617,20.3204,20.0361,20.4544,21.4155,19.8533,20.2838,20.5818,20.671,20.7877,19.6257,19.6249,19.9184,20.246,20.7799,20.7493,19.3974,20.5216,19.2486,21.3455,19.5154,20.0309,20.7394,20.7782,22.2836,19.468,19.5544,19.2683,20.519,21.7407,19.6915,19.8167,19.9645,20.1476,20.1042,19.8083,19.8383,20.1555,20.208,21.5246,19.7873,20.244,20.2674,21.2877,22.9488,19.9809,20.0415,20.273,20.4024,21.0679,19.5271,20.2588,20.3837,20.6409,21.1307
461,2:57:55 PM,19.6532,19.7293,19.7351,20.1243,20.1329,20.6052,20.0621,20.8069,20.989,20.9806,20.3974,20.3849,20.0366,20.2124,20.3559,20.6297,20.5644,20.786,20.6461,21.2121,20.5551,20.516,20.6069,20.0514,20.9909,19.657,19.9958,19.9218,20.0793,20.3315,20.8939,20.2985,20.8031,20.6845,21.3692,20.4116,20.4484,20.5573,20.3694,20.5659,20.5212,20.5039,20.6113,20.9201,21.3919,21.0709,21.0235,21.0729,20.5746,21.0104,19.6269,19.4205,19.6784,19.8105,20.8337,19.8784,20.4444,20.6645,20.9647,20.8273,20.4388,20.4445,20.2758,20.6564,21.1782,20.5581,20.2657,19.8766,20.5826,21.176,19.9057,20.2175,20.4469,20.6973,20.7018,19.4385,19.5076,19.8102,20.0045,20.3701,20.5735,19.5345,20.2832,19.6783,21.1018,19.6857,20.0579,20.5955,20.761,21.8909,19.262,19.5797,19.6376,20.4676,22.0877,19.7217,19.8257,20.0274,19.9838,20.4009,19.9382,19.968,20.1953,20.1706,21.1708,19.6805,20.3389,20.4509,20.9058,22.8535,20.2791,19.9992,20.4348,20.4733,20.8014,19.5078,20.222,20.4713,20.7107,20.9599
462,2:58:15 PM,19.7699,19.6617,19.6703,19.9019,20.628,20.3515,20.2074,20.7988,20.7785,20.785,20.3418,20.2481,20.1244,20.5601,20.2836,20.3567,20.7685,20.7789,20.9196,21.3875,20.9363,20.4725,20.5827,20.3343,21.0024,19.7113,19.875,19.6874,19.9639,20.247,20.6328,20.3884,20.6833,20.7519,21.3358,20.6714,20.4643,20.8257,20.6477,20.7541,20.6514,20.419,20.8236,21.0076,21.6673,20.9061,20.8189,20.9481,20.6789,20.8325,19.3697,19.2546,19.8028,19.6908,20.5103,19.976,20.3826,20.7817,20.9243,20.9988,20.6064,20.5156,20.2411,20.8137,21.4841,20.6293,20.3253,19.853,20.4814,21.4336,20.1149,20.4986,20.4969,20.4764,20.8324,19.3514,19.483,19.7912,20.0946,20.3487,20.7117,19.5134,19.9289,19.5516,20.7286,19.6122,20.1312,20.4615,20.965,21.8301,19.3969,19.4551,19.749,20.4966,22.2297,19.5445,19.8588,19.9519,19.9822,20.0494,19.8015,19.9924,20.1159,20.32,22.5282,20.1316,20.1571,20.6815,20.7636,23.019,20.1959,19.9044,20.3646,20.4566,20.8602,19.6331,20.2202,20.5873,20.853,20.9267
463,2:58:35 PM,19.6043,19.6465,19.7426,20.0735,20.4632,20.4515,20.1273,20.6259,20.8436,20.6605,20.4315,20.252,20.3915,20.6272,20.549,20.4641,20.5098,20.8083,21.0418,21.2944,20.5789,20.4368,20.4002,20.3848,21.09,19.6266,19.7357,19.8351,19.8634,20.187,20.2957,20.4559,20.6033,20.8695,21.3901,20.625,20.5697,20.5464,20.4739,20.5205,20.7039,20.7982,20.7772,21.1976,21.6298,20.7844,20.8344,21.061,20.4858,21.0108,19.6087,19.5696,19.5629,19.7964,20.8583,19.9701,20.458,20.4596,20.8377,20.956,20.401,20.2085,19.9962,20.8276,21.4794,20.6137,20.2275,19.9874,20.6108,21.2469,20.0444,20.3152,20.5559,20.6203,21.0387,19.467,19.3212,19.8191,20.1135,20.6077,20.6083,19.5034,20.1749,19.2473,20.992,19.7749,19.9993,20.5901,20.7354,21.7739,19.5102,19.6996,19.7507,20.676,22.1103,19.671,19.8529,20.0625,20.1697,20.3053,19.7524,19.8118,20.1117,20.2916,21.0751,19.7498,19.8218,20.3683,20.8308,22.459,20.2775,19.9494,20.1274,20.4671,20.5768,19.6883,20.123,20.4625,20.572,20.764
464,2:58:55 PM,19.8374,19.747,19.5634,20.0072,20.498,20.4476,20.4961,20.7135,20.9698,20.8112,20.3792,20.2341,20.1877,20.2968,20.7413,20.3571,20.7381,20.8745,20.8706,21.2066,20.6628,20.3841,20.5933,20.1796,20.807,19.8075,19.9098,19.5848,19.7629,20.3682,20.7409,20.1551,20.7801,20.8798,21.3316,20.6121,20.6883,20.5321,20.5874,20.817,20.8027,20.7127,20.7712,21.1619,21.4119,20.8501,20.8111,20.8485,20.5189,21.1177,19.7732,19.1726,19.6656,19.7384,20.5356,19.8035,20.3848,20.6483,20.9391,20.9558,20.318,20.3743,20.3754,20.8801,21.7317,20.5342,20.1102,19.9168,20.4568,21.22,19.9418,20.3721,20.6119,20.638,20.5969,19.5882,19.3855,19.7487,19.7735,20.4967,20.6173,19.6765,19.8671,19.3483,21.1101,19.6301,20.1184,20.6182,20.8879,22.3278,19.2321,19.5855,19.7644,20.5604,22.1433,19.5348,19.6791,19.7407,20.1326,20.1161,19.7507,20.09,20.1477,20.079,20.93,19.9622,20.1466,20.5567,20.6777,22.3012,20.0012,19.8969,20.3346,20.4488,20.2478,19.4318,20.1809,20.1855,20.7377,21.2074
465,2:59:15 PM,19.6877,19.6245,19.9788,20.0341,20.2878,20.3551,20.1459,20.6571,20.7868,20.9338,20.5079,20.3138,20.3352,20.5741,20.5059,20.3236,20.6698,20.5835,20.9866,21.4325,20.6879,20.3383,20.6311,20.5608,20.9618,19.513,19.8127,19.5347,19.977,20.1751,20.6828,20.4459,20.7695,20.891,21.3078,20.7069,20.5423,20.6656,20.6736,20.5216,20.4984,20.5167,20.6312,20.9904,21.5624,20.9015,21.003,20.8208,20.6858,20.9291,19.5881,19.4568,19.8717,19.9049,20.6234,19.8059,20.431,20.5078,20.9498,21.0603,20.4107,20.2605,20.3262,20.6383,21.6451,20.7494,20.2366,19.983,20.5015,20.9867,19.923,20.404,20.5569,20.5068,20.8168,19.5994,19.6763,19.7488,20.1942,20.4489,20.5837,19.5256,20.1279,19.6004,21.0511,19.6595,19.9115,20.5001,20.8825,22.1119,19.4796,19.5631,19.8267,20.377,21.9364,19.4902,19.6697,19.7827,20.1338,20.0443,20.0672,20.0798,20.1392,20.3045,21.1612,19.8819,20.0536,20.3321,21.3125,22.7493,20.0487,19.8602,20.4204,20.434,20.9591,19.7163,20.142,20.275,20.841,21.2323
466,2:59:35 PM,19.8206,19.9348,19.6866,20.2076,20.405,20.5201,20.376,20.5124,20.9113,20.8017,20.5245,20.4488,20.5104,20.6254,20.7348,20.4674,20.7337,20.7304,20.6772,21.3329,20.2861,20.5713,20.5866,20.1165,21.1229,19.6746,19.9246,20.1082,19.884,20.3576,20.3228,20.3071,20.8472,20.73,21.3855,20.239,20.5323,20.5405,20.6855,20.8039,20.5774,20.7878,20.7374,21.1903,21.4771,20.7269,21.0921,20.8825,20.626,20.9753,19.6504,19.4152,19.4981,19.8933,20.6371,19.8711,20.1827,20.4961,20.9648,20.8196,20.159,20.3267,20.2556,20.9664,21.5443,20.5812,20.2711,19.958,20.6414,21.0707,19.5523,20.298,20.633,20.4871,20.744,19.3825,19.6021,19.8375,19.9714,20.5734,20.6587,19.6259,20.3983,19.8344,20.888,19.8685,20.0916,20.8616,21.1715,22.011,19.4767,19.5881,19.5443,20.5802,21.807,19.623,19.476,20.0406,20.0857,20.1047,19.9473,19.8933,20.1264,20.3489,21.5262,19.9241,20.2583,20.2089,20.735,22.7355,20.1541,20.2536,20.3788,20.2782,20.5401,19.5204,20.0836,20.1199,20.5981,21.2628
467,2:59:55 PM,19.9154,19.7787,19.7794,20.1225,20.408,20.3794,20.3039,20.7152,20.9402,21.1402,20.4896,20.3694,20.1517,20.1979,20.4526,20.4767,20.6429,20.7175,20.9867,21.4129,20.6236,20.3432,20.5103,20.2692,20.9273,19.4843,19.8127,19.5015,19.7133,20.2257,20.5737,20.3175,20.8293,20.8523,21.4012,20.5738,20.3963,20.5124,20.4582,20.107,20.7167,20.8212,20.7214,21.2652,21.5981,20.7402,21.0618,21.0362,20.4208,20.848,19.7249,19.1687,19.5536,19.8019,20.7408,19.7632,20.2653,20.6134,20.8521,21.1631,20.2972,20.5777,20.109,20.6371,21.4957,20.2989,20.2434,19.9446,20.5846,21.312,19.7383,20.403,20.5942,20.4848,20.6997,19.516,19.4226,20.0779,19.9965,20.4526,20.5018,19.3416,20.0484,19.3958,20.8922,19.5472,19.9916,20.5622,20.9217,22.731,19.4077,19.5426,19.8437,20.7236,21.6096,19.4236,19.6872,19.5981,19.6149,20.0699,19.7668,20.0616,20.2479,20.1028,20.8225,19.8301,20.2586,20.5749,20.8086,23.2258,19.9707,20.1453,20.5522,20.3105,20.3587,19.5698,19.9429,20.2897,20.8187,21.1093
468,3:00:15 PM,19.8361,19.8262,19.6773,19.9808,20.3697,20.3287,20.1198,20.7164,20.8189,20.901,20.5142,20.413,20.2743,20.4403,20.5772,20.5078,20.3222,20.7757,20.7539,21.2471,20.423,20.1708,20.3532,20.1439,21.0671,19.4597,19.8144,19.8479,19.7569,20.1863,20.2315,20.4612,20.7223,20.7587,21.3691,20.5362,20.626,20.6403,20.3833,20.7224,20.4345,20.7107,20.9195,21.4162,21.423,20.4727,20.9668,20.8655,20.4212,20.7513,19.6677,19.2545,19.8041,19.6925,20.5674,19.7974,20.2332,20.5874,20.7104,21.1084,20.0582,20.6549,20.1772,20.8084,21.5283,20.279,19.9851,19.9659,20.5381,21.1893,19.9438,20.3489,20.8103,20.3,20.7594,19.5713,19.4294,19.788,19.8773,20.5708,20.3717,19.4629,19.7439,19.5297,20.7,19.7286,20.0446,20.5663,21.0624,22.4204,19.4288,19.4598,19.877,20.51,21.6811,19.8185,19.6256,19.7304,19.9644,20.1312,19.8391,19.98,20.0475,20.2128,21.3724,19.8258,20.0333,20.5403,20.9225,22.985,19.9482,20.103,20.4289,20.4391,20.8797,19.648,20.1088,20.2393,20.6306,21.2955
469,3:00:35 PM,19.7968,19.9689,19.6656,20.0877,20.4072,20.2577,19.9711,20.5082,20.9392,20.894,20.5142,20.3777,20.2659,20.1433,20.3987,20.3596,20.5438,20.6857,20.8792,21.1156,20.4909,20.4591,20.2142,20.3768,20.7046,19.8511,20.0215,19.8447,19.9954,20.2385,20.5444,20.2436,20.7985,21.0214,21.3413,20.6376,20.5764,20.6105,20.5867,20.8006,20.7483,20.5543,20.7747,21.2027,21.6753,20.6917,20.9838,21.09,20.7457,20.8326,19.6857,19.3842,19.7084,19.6874,20.4845,19.973,20.3138,20.4965,20.9273,21.105,20.433,20.4119,20.1217,20.7294,21.4269,20.6743,20.3841,20.0943,20.536,21.2119,19.8901,20.3928,20.6444,20.5311,21.335,19.6098,19.5928,19.6318,20.1758,20.6721,20.4011,19.7064,19.9989,19.641,20.7996,19.6948,20.0139,20.5617,20.8384,22.0099,19.4798,19.5924,19.4457,20.5453,21.583,19.6986,19.5305,19.7795,19.7454,20.1645,19.788,20.0247,20.1645,19.9932,21.1938,19.8442,20.0132,20.3558,20.7256,22.2518,20.1241,20.0606,20.6459,20.3516,20.4687,19.6412,20.118,20.4236,20.8581,21.2826
470,3:00:55 PM,19.783,19.7436,19.681,19.9995,20.4308,20.5071,20.0822,20.5844,20.7942,20.7825,20.4556,20.3116,20.0496,20.2201,20.7453,20.1898,20.4128,20.8254,20.9752,21.2543,20.4241,20.4957,20.4764,20.2876,20.8532,19.81,19.8942,19.5822,19.9954,20.2939,20.583,20.3664,20.7264,20.8764,21.2215,20.3902,20.5434,20.6563,20.7392,20.8255,20.5521,20.6559,20.8143,21.1731,21.5614,20.7204,20.9144,20.9427,20.3508,20.8158,19.8231,19.3107,19.7083,19.6896,20.5268,19.7809,20.3947,20.4458,20.8505,20.8934,20.2165,20.4653,20.0722,20.479,21.3512,20.4993,20.032,19.988,20.4029,21.257,19.9058,20.3234,20.4515,20.5264,20.9041,19.4414,19.4666,19.806,20.0137,20.5069,20.6658,19.5845,20.2329,19.4637,20.7119,19.5344,20.0004,20.5038,21.033,22.2475,19.5365,19.5789,19.743,20.4366,21.8225,19.4431,19.8058,19.9948,20.009,20.0681,19.859,20.0209,20.2664,20.264,20.6932,19.8508,20.0214,20.3971,21.0538,22.8424,20.1649,19.8978,20.0932,20.6802,20.7053,19.518,20.1801,20.3752,20.8141,21.2564
471,3:01:15 PM,19.8077,19.7855,19.6638,20.166,20.4062,20.3956,20.1147,20.4578,20.6549,20.8198,20.2514,20.312,20.2174,20.2211,20.6511,20.3414,20.8269,20.6226,20.6973,21.2024,20.7096,20.4561,20.5909,20.3869,20.9541,19.8391,20.0069,19.5429,19.9154,20.2683,20.5955,20.2588,20.4215,20.7242,21.2425,20.3813,20.4372,20.5506,20.3468,20.5098,20.6902,20.6377,20.6294,21.2051,21.7007,20.8874,21.0311,20.9489,20.5365,21.1537,19.6231,19.4415,19.6045,19.5977,20.4959,19.959,20.4029,20.4857,20.7555,20.7548,20.2451,20.3368,20.1542,20.7675,21.2923,20.3833,20.3267,19.9309,20.4675,21.1857,19.9652,20.2012,20.4873,20.4932,20.8721,19.5036,19.5147,19.888,20.0691,20.6555,20.5084,19.6504,19.9159,19.6785,20.9006,19.9004,20.0962,20.7773,20.821,22.459,19.327,19.4781,19.6979,20.7304,21.7349,19.4927,19.6833,19.9029,19.8345,19.9214,19.7166,19.9162,20.0713,20.0933,21.4069,19.8145,19.9407,20.2774,20.9708,22.539,20.17,19.8875,20.4642,20.4365,20.3977,19.6777,20.1141,20.3577,20.8548,21.429
472,3:01:35 PM,19.5906,19.5318,19.7258,20.1357,20.4925,20.1949,20.0674,20.5993,20.6803,20.6436,20.3242,20.3377,20.4372,20.3916,20.5989,20.4624,20.6802,20.6481,20.9628,21.3043,20.6201,20.3879,20.3979,20.4577,20.7654,19.6154,19.8747,19.7415,20.0732,20.2007,20.4177,20.3324,20.5166,20.7696,21.1541,20.4743,20.468,20.4146,20.508,20.5888,20.6962,20.4608,20.6056,21.0966,21.4868,20.6332,20.757,20.8788,20.607,20.891,19.6587,19.4195,19.6948,19.8002,20.6797,19.7624,20.4404,20.5302,21.0067,20.8363,20.3043,20.361,20.2362,20.6513,21.3677,20.5107,20.0327,20.0921,20.4829,21.1172,19.9221,20.3038,20.6035,20.7557,21.038,19.6109,19.3597,19.703,19.8907,20.5182,20.5459,19.3447,20.038,19.2277,20.6456,19.6043,20.0137,20.5775,20.911,22.4466,19.4693,19.509,19.4867,20.6003,21.7454,19.5462,19.8247,20.1878,19.7889,19.9509,19.7639,20.0859,20.035,19.8881,21.0763,19.8873,20.0983,20.2972,21.4645,22.5595,20.2115,20.0247,20.6346,20.3355,20.401,19.7514,20.147,20.4122,20.8177,21.2008
473,3:01:55 PM,19.7725,19.8391,19.6863,20.198,20.341,20.1774,20.1698,20.476,20.6243,20.6521,20.35,20.3141,20.2199,20.4347,20.5781,20.5377,20.6853,20.5925,20.8535,21.1157,20.5097,20.7155,20.517,20.0538,21.025,19.6243,19.7979,19.8831,19.8411,20.2203,20.5038,20.2228,20.5495,20.959,21.2448,20.4391,20.6396,20.5874,20.6319,20.9277,20.6978,20.7603,20.7917,21.1668,21.6275,20.7945,21.1494,20.9,20.6274,20.8597,19.4898,19.4641,19.6594,19.7062,20.4954,19.8713,20.2449,20.616,20.9871,20.9918,20.343,20.0107,20.2304,20.5835,21.6187,20.458,20.1032,19.8428,20.63,21.1169,20.1749,20.4004,20.4891,20.4766,20.7499,19.4483,19.6409,19.902,20.1292,20.3808,20.539,19.6623,20.2778,19.473,20.8602,19.7948,20.0004,20.8023,21.0304,22.2478,19.3195,19.4601,19.6454,20.4437,21.7387,19.5683,19.6062,19.7374,19.8781,20.043,19.8446,19.8485,20.0863,20.131,21.0227,19.7405,20.0785,20.3893,20.7129,22.65,20.1535,20.1861,20.192,20.4961,20.6593,19.5736,20.2323,20.2994,20.8246,21.3078
474,3:02:15 PM,19.8013,19.8251,19.7696,20.0995,20.2209,20.3698,20.2116,20.765,20.8861,20.7004,20.3454,20.2851,20.0217,20.3069,20.5313,20.5156,20.5612,20.7373,20.6484,21.3655,20.4267,20.6162,20.5372,20.2436,20.8476,19.6553,20.1283,19.6378,19.6558,20.4447,20.7126,20.4496,20.7019,20.8012,21.3979,20.5349,20.4781,20.7919,20.6632,20.9084,20.6867,20.6474,20.7244,20.8579,21.7103,21.013,20.9601,20.9463,20.529,20.9079,19.4615,19.3665,19.9546,19.6465,20.6397,19.6196,20.2774,20.6614,21.0122,20.9295,20.277,20.503,20.1312,20.6305,21.4841,20.4445,20.1599,19.9571,20.4617,21.2759,19.7661,20.1887,20.7052,20.2442,20.8893,19.4625,19.4796,19.9066,19.9748,20.644,20.3838,19.596,20.0621,19.5859,21.0562,19.7521,20.1757,20.6445,20.9973,21.704,19.6322,19.3218,19.4148,20.4927,21.7015,19.4709,19.6115,20.0235,19.6598,20.0062,19.8721,19.8573,20.3156,20.1075,21.8095,20.0326,20.2183,20.2779,21.6855,22.416,20.0039,20.0677,20.4965,20.2777,20.8527,19.5885,20.2078,20.5548,20.687,21.0568
475,3:02:35 PM,19.9239,19.7746,19.869,20.2667,20.3347,20.2435,20.2551,20.5764,20.4325,20.6849,20.5177,20.2148,20.1771,20.1701,20.6372,20.404,20.6763,20.6999,20.7918,21.3653,20.6717,20.441,20.5559,20.5253,20.786,19.6654,20.0668,19.8155,20.0408,20.2697,20.9439,20.3021,20.859,20.8178,21.4688,20.392,20.4003,20.4868,20.8093,21.1216,20.5377,20.4745,20.7079,20.8621,21.684,20.7494,20.9024,20.7492,20.6097,20.9358,19.7094,19.549,19.6499,19.6873,20.5681,20.0664,20.301,20.6382,20.9495,21.3573,20.2673,20.2421,20.0669,20.7849,21.5765,20.4246,20.2934,20.189,20.498,21.5112,19.6067,20.4165,20.5939,20.4333,20.9296,19.5566,19.6191,19.8371,19.9698,20.5176,20.4232,19.528,20.4038,19.3601,20.8345,19.9195,20.4284,20.5686,21.0063,22.1099,19.3848,19.3135,19.4139,20.393,21.3588,19.3862,19.6002,19.8308,19.8857,19.9698,19.9868,20.0503,20.06,20.0583,21.0599,19.8187,20.0819,20.2078,20.7931,22.6281,20.0447,20.0543,20.287,20.5615,20.5055,19.5942,20.1375,20.5462,20.6268,21.1041
476,3:02:55 PM,19.7989,19.8366,20.0488,19.9129,20.1876,20.0273,19.9137,20.1876,20.6819,20.868,20.3543,20.3321,20.0536,20.7373,20.4678,20.4517,20.7477,20.849,20.6682,21.2285,20.6674,20.4459,20.5295,20.4077,20.7119,19.8432,20.0193,19.9089,19.9025,20.3429,20.4451,20.4234,20.8797,20.6561,21.337,20.6527,20.6957,20.4752,20.7241,21.1231,20.7101,20.8425,20.7957,21.0993,21.4595,20.9137,20.9296,21.0423,20.5719,20.9691,19.5079,19.4972,19.6052,19.8275,20.6185,20.0249,20.3077,20.5538,20.8834,21.0259,20.3385,20.4835,20.0986,20.6648,21.403,20.5018,20.1418,19.9423,20.4721,21.2206,19.7163,20.4278,20.7363,20.305,20.7307,19.791,19.4116,19.7092,20.013,20.5862,20.7712,19.2961,20.2273,19.6238,20.6511,19.616,20.0134,20.4687,20.6771,21.683,19.4391,19.5923,19.6606,20.3871,21.606,19.574,19.5715,19.7352,19.5819,19.9636,19.8573,19.876,20.1234,19.9816,20.8488,19.9426,20.1077,20.298,20.957,22.433,20.2442,20.047,20.3085,20.3381,20.9781,19.5388,20.0497,20.8326,20.9864,21.1822
477,3:03:15 PM,19.7675,19.7061,19.4427,20.0513,20.3107,20.2867,20.2804,20.3428,20.7415,20.72,20.4859,20.2464,20.1989,20.1632,20.7247,20.4878,20.4462,20.7574,20.7701,21.1706,20.4834,20.4564,20.5856,20.4809,20.8158,19.6417,19.8285,19.5969,19.6406,20.3899,20.3136,20.3815,20.8514,20.6295,21.4744,20.5743,20.5181,20.4783,20.5173,20.9824,20.615,20.5434,20.6292,21.1215,21.4074,20.8604,20.7931,20.8395,20.4388,20.8929,19.7174,19.4777,19.6367,19.6043,20.6365,19.7198,20.2159,20.583,20.9404,21.3647,20.3951,20.2653,20.2866,20.8339,21.7004,20.5812,20.2645,19.8623,20.6963,21.1789,19.8922,20.2311,20.6892,20.5661,20.7555,19.6907,19.5586,19.8261,20.0312,20.3511,20.5344,19.5665,20.0423,19.5924,20.7328,19.6681,19.9851,20.4148,20.9655,22.6855,19.5626,19.4968,19.3549,20.3955,21.5136,19.6231,19.6719,20.2142,19.8776,20.0778,19.8702,20.233,20.1094,20.3485,21.1343,19.5796,20.1843,20.1979,20.7791,22.5115,19.9663,20.078,20.3385,20.2262,21.0461,19.4851,20.0213,20.2938,20.7191,20.996
478,3:03:35 PM,19.8712,19.8437,19.6495,20.1904,20.6149,20.24,20.3036,20.542,20.6624,20.662,20.3629,20.1655,20.048,20.2122,20.4044,20.5859,20.435,20.829,20.7859,21.4527,20.5731,20.6863,20.485,20.139,20.8753,19.4336,19.9813,19.6812,19.8538,20.3154,20.2392,20.3889,20.6149,20.8174,21.4933,20.4224,20.4649,20.5493,20.6924,21.001,20.8442,20.6372,20.953,21.2351,21.4971,20.8347,21.1539,21.0268,20.5454,20.6885,19.4781,19.3226,19.6856,19.7666,20.5866,20.0447,20.2629,20.7233,20.5959,21.256,20.2329,20.2693,20.1997,20.6562,21.6203,20.425,20.0973,20.0182,20.2496,21.1937,19.9338,20.321,20.6082,20.5232,20.8223,19.4369,19.3625,19.7822,19.9029,20.5848,20.5826,19.4818,20.2094,19.4991,20.796,19.513,19.9116,20.5492,20.9267,22.5489,19.3578,19.4899,19.4136,20.801,21.5513,19.4873,19.9133,19.9924,20.0924,20.0842,19.6612,19.8932,20.1743,20.1628,21.5708,19.7155,20.1753,20.4977,20.9038,22.6274,20.0251,19.7651,20.4291,20.2213,20.5923,19.2333,19.8891,20.0834,20.5479,21.1987
479,3:03:55 PM,19.6569,19.9164,19.6365,20.0891,20.3357,20.4344,20.1023,20.5116,20.7162,20.79,20.4269,20.3686,20.3053,20.5588,20.6489,20.4159,20.6142,20.6729,20.8397,21.2557,20.7717,20.4881,20.5262,20.0676,20.781,19.6893,20.0774,19.8598,19.8388,20.3839,20.5984,20.316,20.5747,20.6923,21.4678,20.5509,20.3839,20.6333,20.3877,20.8302,20.538,20.508,20.8608,21.1135,21.6276,20.9219,21.0064,20.8449,20.5324,20.8221,19.6857,19.3341,19.8045,19.65,20.6685,19.9003,20.323,20.4798,20.6933,20.9164,20.3636,20.1925,20.2449,20.8899,21.3767,20.5403,20.0335,19.9127,20.3983,21.0997,19.7613,20.1471,20.6204,20.3748,20.8718,19.5348,19.4643,19.7349,20.0276,20.5351,20.4454,19.5145,20.2328,19.6213,20.6787,19.6177,20.1748,20.5872,21.0362,22.1257,19.2842,19.2713,19.4775,20.6574,21.6888,19.6882,19.5773,20.154,19.9425,20.3765,19.792,19.7495,20.0759,20.2157,20.9501,19.9689,19.9572,20.1398,20.6386,22.1729,20.1363,20.2736,20.3467,20.5009,20.8477,19.2647,20.0474,20.2928,20.688,21.0991
480,3:04:15 PM,19.608,19.6662,19.819,19.8747,20.4817,20.2412,20.1218,20.5236,20.8957,20.645,20.5459,20.2905,20.4436,20.4183,21.1213,20.5448,20.7143,20.5706,20.8125,21.3971,20.7303,20.5329,20.6337,20.3961,21.0536,19.9261,19.9105,19.4739,19.8136,20.3191,20.5303,20.3647,20.7964,20.5619,21.3836,20.4609,20.4845,20.4503,20.5173,21.3091,20.6424,20.839,20.9324,21.2187,21.5281,20.8096,20.9341,21.0112,20.6319,20.8144,19.5416,19.4367,19.6865,19.8547,20.5273,19.8875,20.2748,20.5889,20.8799,21.2026,20.4078,20.2432,19.996,20.5484,21.4004,20.7942,20.2419,20.0634,20.4218,21.3269,19.6101,20.295,20.5451,20.3841,20.73,19.3617,19.615,19.729,20.0315,20.5545,20.6565,19.5967,20.1198,19.6161,20.6324,20.0903,20.1011,20.5899,21.0012,22.1275,19.2391,19.362,19.404,20.579,21.7043,19.5345,19.5064,20.0889,19.8379,19.955,19.9855,19.9993,20.05,20.3539,21.3798,19.8921,20.0294,20.2579,20.7609,22.0969,20.3474,20.2163,20.3502,20.4988,20.8938,19.3391,20.0495,20.3161,20.6508,21.1814
481,3:04:35 PM,19.4569,19.6059,19.9232,20.1198,20.516,20.2516,20.1415,20.4008,20.6591,20.4961,20.3878,20.2467,20.1625,20.0157,20.7589,20.2129,20.4994,20.7519,20.6715,21.5225,20.4372,20.6873,20.6504,20.0507,20.8548,19.5838,19.8549,19.5644,20.233,20.3455,20.1862,20.3026,20.7372,20.8553,21.4899,20.6087,20.4051,20.6073,20.6715,20.7976,20.5163,20.4636,20.7474,21.1698,21.4743,20.8766,20.998,20.8823,20.4619,20.9374,19.6469,19.3593,19.5106,19.8374,20.5642,19.5072,20.1918,20.5582,20.9285,21.1077,20.4753,20.3156,20.0878,20.6671,21.3249,20.52,20.4979,19.8135,20.4079,21.6485,20.0166,20.5131,20.3967,20.3511,20.821,19.4359,19.4336,19.9323,20.1495,20.47,20.4834,19.8133,20.2599,19.4023,20.809,19.553,20.1902,20.5933,20.8542,22.1732,19.3283,19.4912,19.592,20.7343,21.7892,19.8209,19.881,20.0221,19.9259,19.9821,19.8922,19.9092,20.311,20.2015,21.131,19.6498,20.0355,20.2981,20.8258,21.8314,20.3616,20.1506,20.2618,20.5721,20.7116,19.4299,20.1628,20.5444,20.4997,21.0587
482,3:04:55 PM,19.5671,19.7727,19.7018,20.0286,20.2807,20.3619,20.0727,20.5067,20.8723,20.7166,20.2318,20.1547,20.1389,20.1634,20.664,20.3571,20.6943,20.7265,20.9282,21.2724,20.5571,20.6608,20.5498,20.5144,20.8869,19.8373,19.7708,19.6553,19.7512,20.1791,20.6061,20.3622,20.7593,20.6924,21.446,20.544,20.6771,20.6029,20.4429,20.8278,20.6255,20.6314,20.7994,21.252,21.6042,20.9497,20.8468,21.0267,20.479,21.0969,19.6358,19.4756,19.599,19.66,20.5089,19.9505,20.3344,20.437,20.7117,20.8376,20.2485,20.3039,20.2098,20.395,21.6267,20.619,20.2824,19.9529,20.4218,21.2291,19.7861,20.2245,20.4122,20.3408,20.8805,19.4394,19.5082,19.9005,19.9007,20.4527,20.3856,19.3833,19.6891,19.4679,20.6916,19.8175,19.8496,20.4029,20.6936,21.9488,19.2756,19.5875,19.5434,20.9301,21.7394,19.4907,19.7902,20.0609,20.0332,20.0774,20.0831,19.8499,20.1723,20.0992,20.4915,19.7352,19.9011,20.3349,20.5568,22.0635,20.1487,19.8475,20.4112,20.3287,20.5288,19.3467,20.055,20.0429,20.5911,21.0823
483,3:05:15 PM,19.7333,19.6555,19.782,19.8784,20.285,20.3781,20.0487,20.5019,20.6332,20.7792,20.3864,20.5074,20.2571,20.2611,20.5569,20.5539,20.6545,20.6909,20.6912,21.3367,20.6353,20.4903,20.5722,20.2604,20.7416,19.3942,19.8123,19.6723,19.6234,20.2509,20.5626,20.3336,20.6839,20.6826,21.466,20.5132,20.4929,20.4174,20.546,20.8005,20.6904,20.5601,20.8279,21.154,21.5651,20.8313,20.9753,20.8585,20.7072,21.0023,19.5392,19.3751,19.5136,19.788,20.5729,19.6613,20.3252,20.6282,21.0157,21.0035,19.9576,20.2991,20.189,20.8137,21.3402,20.4461,20.0965,19.9792,20.4479,21.2951,19.9326,20.3317,20.678,20.6165,20.9288,19.4644,19.4383,19.6975,20.0809,20.4241,20.3909,19.6076,20.2931,19.5263,20.8078,19.7261,20.0571,20.6875,20.6032,21.9519,19.3717,19.2415,19.6181,20.9528,21.6255,19.4422,19.7089,20.1696,19.8484,20.4676,19.7834,19.9078,20.0861,20.1178,21.3358,19.5096,20.0274,20.0779,20.7268,22.1287,20.084,19.865,20.2834,20.3363,20.7266,19.2499,19.8052,19.9615,20.727,21.1494
484,3:05:35 PM,19.6722,19.7101,19.6984,19.9459,20.6085,20.3493,20.1805,20.5648,20.7776,20.7667,20.3776,20.2054,20.1115,20.2886,20.6204,20.292,20.5184,20.5963,20.7797,21.4619,20.4501,20.5671,20.7597,20.3503,20.6842,19.6379,19.8409,19.5898,20.0508,20.2277,20.6053,20.5486,20.7205,20.7536,21.2447,20.3507,20.567,20.5945,20.1385,20.6661,20.5482,20.5222,20.6941,21.1459,21.3624,20.8514,20.9372,20.8595,20.4954,20.7935,19.7146,19.2389,19.6149,19.7878,20.6714,19.817,20.1265,20.4595,20.6917,21.0066,20.3293,20.2446,20.0715,20.5621,21.2041,20.613,20.0703,19.8018,20.5601,21.031,20.2911,20.3216,20.7082,20.6363,21.0107,19.3515,19.2613,19.7524,20.1533,20.6017,20.7063,19.4367,20.0177,19.5711,20.8821,19.5289,20.1076,20.4581,20.6788,22.1212,19.5598,19.3764,19.8392,20.5988,21.7409,19.6313,19.8896,20.1328,19.6873,20.3897,19.672,19.6797,20.1732,20.1544,21.153,19.7205,20.1833,20.2298,20.691,22.1494,20.0584,19.7591,20.3757,20.2614,20.4375,19.6086,19.8117,20.4846,20.8327,21.1796
485,3:05:55 PM,19.5238,19.6714,19.51,20.253,20.3396,20.408,20.0063,20.5843,20.7915,20.6671,20.299,20.2796,20.1728,20.2795,20.4592,20.5204,20.4881,20.8258,20.7145,21.4987,20.4119,20.21,20.6029,20.3618,20.7796,19.3849,19.8406,19.6674,19.8136,20.248,20.5429,20.2317,20.7363,20.8874,21.3654,20.4119,20.422,20.5617,20.5465,20.5988,20.8077,20.6608,20.9215,21.1145,21.7121,20.7883,21.1792,21.0333,20.5083,20.9738,19.5351,19.3135,19.6008,19.908,20.531,19.6975,20.2602,20.5504,20.704,21.099,20.575,20.1954,20.0122,20.5174,21.2615,20.4273,20.2431,19.8026,20.3865,21.1039,19.6419,19.9839,20.4993,20.315,20.9993,19.5307,19.3404,19.7375,20.0005,20.4435,20.3817,19.265,19.7656,19.4183,20.7626,19.7887,20.088,20.5959,20.9977,21.8997,19.3212,19.3332,19.524,20.2958,21.7517,19.5702,19.8985,20.0868,20.0101,19.9406,19.8658,19.8924,20.1518,20.0337,20.8916,19.9868,20.1584,20.5048,20.4804,22.5353,20.3046,20.0454,20.2914,20.1278,20.762,19.1186,20.0678,20.2573,20.8345,21.1947
486,3:06:15 PM,19.7814,19.705,19.6387,19.9488,20.6012,20.283,20.2659,20.5881,20.8449,20.8366,20.25,20.0938,20.1608,20.1812,20.4524,20.3346,20.3951,20.6285,20.7733,21.273,20.6352,20.6064,20.4357,20.1236,20.6839,19.7971,19.9217,19.7564,20.1216,20.1638,20.5739,20.3927,20.7066,20.7734,21.352,20.4017,20.4083,20.4244,20.3457,20.7256,20.6375,20.6256,20.4948,21.0481,21.6291,20.7268,21.0,20.9294,20.4828,20.8479,19.6572,19.4584,19.782,19.9145,20.4536,19.6413,20.0447,20.4802,20.8947,21.3699,20.4652,20.2313,20.3084,20.6989,21.357,20.5186,20.1791,19.8489,20.4303,21.1514,19.9125,20.3392,20.6033,20.4977,21.0041,19.5731,19.5012,19.6171,20.1073,20.3694,20.4137,19.476,20.0693,19.6507,20.9658,19.6106,19.9205,20.5569,20.9131,21.6763,19.2871,19.3209,19.3516,20.4295,21.567,19.5301,19.8109,19.9876,20.0081,20.0899,19.8675,19.825,20.246,20.1209,21.2855,19.8287,20.0803,20.4449,21.0826,22.6678,19.9535,20.0431,20.2638,20.4508,20.7588,19.3827,19.9491,20.1478,20.6137,20.8937
487,3:06:35 PM,19.7928,19.7285,19.8068,20.0365,20.2425,20.3946,20.1532,20.4825,20.8788,20.6375,20.5598,20.1692,20.0822,20.2544,20.7178,20.6093,20.4496,20.607,20.8705,21.127,20.5811,20.5295,20.6317,20.2959,20.8097,19.7527,19.8888,19.717,20.0153,20.301,20.8882,20.3952,20.7333,20.7101,21.362,20.5349,20.5639,20.595,20.9169,20.6728,20.4332,20.4487,20.8659,21.0415,21.5238,20.8046,20.9008,20.8413,20.5422,20.8276,19.5363,19.4951,19.4891,19.5801,20.4466,19.8823,20.3046,20.4985,20.9157,20.8918,20.3781,20.2757,20.2417,20.7087,21.4029,20.3402,20.2118,19.9944,20.4147,21.1874,19.746,20.3563,20.3152,20.583,20.6965,19.6764,19.4118,19.5223,20.0877,20.5982,20.4275,19.5719,20.0522,19.5963,20.9862,19.7299,20.0384,20.7537,20.8159,21.833,19.5341,19.3967,19.5009,20.3379,21.7507,19.3917,19.5375,19.9521,19.9192,19.6518,19.8152,19.9436,20.1635,20.14,21.052,19.9898,19.9251,20.3449,20.7094,21.7866,20.4121,20.0607,20.3062,20.2782,20.6502,19.7636,20.0378,20.6455,20.4975,21.1253
488,3:06:55 PM,19.7117,20.0036,19.6277,20.0072,20.4622,19.9954,20.3091,20.8709,20.6861,20.6049,20.2229,20.3688,20.2193,20.421,20.4841,20.3383,20.512,20.6122,20.7144,21.3885,20.4242,20.3723,20.4408,20.5021,20.7546,19.9432,19.8817,19.5105,19.8834,20.1985,20.6086,20.227,20.8312,20.9634,21.3829,20.4036,20.3677,20.4995,20.8066,20.842,20.4215,20.4716,20.5858,21.0531,21.4563,20.8248,21.0037,20.9942,20.4921,20.8492,19.5937,19.5184,19.7207,19.7526,20.4163,19.8135,20.1992,20.5349,21.0465,21.4296,20.3791,20.4485,20.1929,20.6463,21.366,20.5908,20.0736,20.0294,20.3658,21.3069,19.6365,20.1896,20.551,20.4757,20.5918,19.6302,19.5637,19.743,19.8379,20.4991,20.4831,19.6871,20.3106,19.5978,21.1684,19.9147,20.0728,20.9083,21.1034,22.2618,19.3834,19.3314,19.379,20.202,21.5277,19.5209,19.3822,19.8233,19.7564,19.8398,20.103,19.9393,20.0399,20.1292,21.9865,20.0866,20.1559,20.2339,20.7579,22.8517,20.2506,19.8588,20.2488,20.3736,20.546,19.6657,20.2885,20.563,20.6041,20.917
489,3:07:15 PM,19.8707,19.8198,19.8256,20.0606,20.2421,20.2952,20.2594,20.4955,20.7235,20.8335,20.597,20.3327,20.1512,20.1684,20.7906,20.3048,20.6105,20.6233,20.8072,21.2544,20.3212,20.5055,20.4995,20.2843,20.7452,19.7658,20.1975,19.6187,19.9303,20.2827,20.7127,20.3082,20.783,20.6816,21.255,20.2886,20.4608,20.353,20.3108,20.6463,20.5132,20.4282,20.6733,21.14,21.4426,20.7716,21.0166,20.8867,20.5417,21.1238,19.6185,19.4254,19.7383,19.7211,20.3492,19.865,20.4576,20.6281,20.9461,21.0997,20.3835,20.2917,20.1959,20.6324,21.3059,20.4085,20.3079,19.9456,20.3292,21.3302,19.9715,20.3778,20.4614,20.4153,20.674,19.603,19.5009,19.6088,19.8628,20.4897,20.4566,19.44,20.0387,19.4816,20.805,19.8268,20.1293,20.7878,21.1919,21.9425,19.3011,19.4369,19.4968,20.4297,21.6314,19.5259,19.7448,19.9619,19.6246,19.7596,19.8485,19.826,20.017,20.2844,21.5662,19.8709,20.0536,20.221,20.8989,23.1421,19.9349,20.0457,20.4156,20.4665,20.4096,19.6657,20.0197,20.0572,20.3316,20.7381
490,3:07:35 PM,19.576,19.8793,19.5878,20.1045,20.4339,20.3344,20.1928,20.6949,20.7481,20.5997,20.5872,20.4036,20.2579,20.2618,20.2535,20.4019,20.6954,20.8064,20.9339,21.39,20.7528,20.2788,20.6134,20.5789,20.8133,19.5112,19.9924,19.6485,20.0177,20.2986,20.5653,20.3102,20.7362,20.9703,21.1088,20.3495,20.7203,20.3202,20.6679,20.914,20.5669,20.626,20.5131,21.1109,21.4019,20.5605,20.7973,20.9183,20.6127,20.8041,19.6902,19.3098,19.621,19.6872,20.6011,19.5275,20.208,20.7593,20.8955,20.8418,20.2338,20.3407,20.2197,20.5807,21.1053,20.5137,20.2226,20.0125,20.6563,21.3591,19.9647,20.2541,20.7346,20.4575,21.0409,19.6523,19.492,19.8783,19.9794,20.5426,20.3468,19.5819,19.8487,19.5186,20.8248,19.5933,20.1867,20.625,21.1046,22.0966,19.2119,19.471,19.229,20.6412,22.0186,19.4164,19.5083,20.0224,19.937,19.7037,19.7774,19.7909,20.2951,20.207,21.5909,19.9617,20.1104,20.597,20.7229,22.2414,20.1536,19.8522,20.2263,20.4922,20.9655,19.3567,20.1445,20.3325,20.7624,21.0882
491,3:07:55 PM,19.7183,19.9271,19.5861,20.0173,20.4444,20.2636,20.159,20.4668,20.6796,20.8242,20.1885,20.1717,20.1511,20.4446,20.407,20.3679,20.8054,20.5581,20.8956,21.4398,20.5445,20.4999,20.5776,20.0637,20.9985,19.5767,19.8984,19.6267,19.6816,20.2987,20.4232,20.4168,20.5374,20.7733,21.144,20.4439,20.4194,20.5991,20.5524,20.6531,20.682,20.583,20.734,21.1401,21.6833,20.6952,21.0694,20.7269,20.5663,21.0322,19.6204,19.4034,19.6633,19.7766,20.4454,19.6856,20.4144,20.6508,20.858,20.9385,20.2308,20.2926,20.0895,20.6261,21.2089,20.4365,20.1319,19.8766,20.5035,21.2623,19.9514,20.5092,20.585,20.3784,20.8533,19.3561,19.4798,19.6755,20.0412,20.71,20.4919,19.3934,19.8931,19.3645,20.7437,19.7402,19.9692,20.4055,20.9669,22.6302,19.5722,19.4343,19.4808,20.5146,21.8223,19.7163,19.5592,19.8063,19.8743,19.666,19.9714,19.6316,20.2226,20.0481,21.0487,19.7924,19.9563,20.2663,20.5381,21.8845,20.0532,19.7482,20.5424,20.3676,20.7528,19.5608,20.0181,20.1459,20.9258,20.7908
492,3:08:15 PM,19.6028,19.79,19.6163,19.8762,20.2807,20.3046,20.2479,20.4814,20.7862,20.8215,20.2857,20.1615,20.1781,20.3097,20.7382,20.3523,20.3949,20.6359,20.8571,21.3101,20.5649,20.2484,20.5222,20.3985,20.8837,19.6747,19.966,19.8129,19.6796,20.0973,20.5304,20.3115,20.7406,20.8979,21.306,20.5012,20.4087,20.3878,20.5248,20.9729,20.6616,20.486,20.8248,21.1183,21.4604,20.877,21.0841,21.096,20.3838,20.9603,19.5076,19.2817,19.462,19.6296,20.2864,20.0771,20.2775,20.6328,20.9196,20.798,20.1808,20.2254,20.0869,20.53,21.4243,20.305,20.2303,19.9061,20.5026,21.2119,19.9909,20.3639,20.5075,20.522,20.7586,19.5602,19.5031,19.7517,19.9782,20.4953,20.3389,19.4704,19.6094,19.4891,20.9029,19.9529,20.0017,20.5148,21.1953,22.2877,19.2367,19.2397,19.786,20.2664,21.9023,19.5558,19.5658,19.4584,19.8031,19.7946,19.9618,19.8175,20.1901,20.0409,20.9541,19.7836,20.0565,20.3188,20.7097,22.9351,20.4221,20.1744,20.4386,20.0309,20.7044,19.6486,20.164,20.237,20.7734,21.0977
493,3:08:35 PM,19.7174,19.7538,19.5376,20.1683,20.4265,20.1253,19.9091,20.324,20.7042,20.7633,20.2691,20.3769,20.0478,20.2641,20.6889,20.2767,20.6097,20.5438,20.8252,21.4212,20.3266,20.4448,20.3357,20.5768,20.8212,19.7825,19.8296,19.7051,19.8061,20.2575,20.3807,20.3369,20.8331,20.8392,21.515,20.4008,20.4999,20.5504,20.707,20.9766,20.5526,20.4444,20.7317,21.1869,21.6426,20.9829,21.0011,20.9725,20.5046,21.0639,19.5984,19.6007,19.6423,19.5252,20.5149,19.9856,20.3306,20.5835,20.8105,21.0304,20.1751,20.1453,20.3248,20.5432,21.3852,20.5711,20.11,19.9005,20.3846,21.4289,19.8132,20.2697,20.6262,20.5819,20.7428,19.4881,19.2832,19.86,20.0911,20.6826,20.5363,19.4,20.0537,19.5566,21.1266,19.8539,20.1406,20.5417,20.6469,22.2724,19.3143,19.3772,20.0147,20.6914,21.9397,19.7206,19.7248,19.9824,20.007,19.6287,19.7247,19.8577,20.1055,20.1109,21.2645,19.7466,20.0488,20.5014,21.032,22.567,20.2803,20.1435,20.5696,20.5293,20.6779,19.4408,19.8917,20.2216,20.7155,21.0656
494,3:08:55 PM,19.9863,19.5889,19.5626,19.9386,20.212,20.3915,19.9689,20.2299,20.7139,20.7368,20.5055,20.289,20.2169,20.3866,20.8158,20.3153,20.6646,20.5819,20.6259,21.2618,20.46,20.4275,20.6699,20.6161,20.8779,19.8361,20.1022,19.8481,20.0228,20.3792,20.5044,20.2428,20.6678,20.7081,21.5925,20.3819,20.4096,20.3936,20.5075,20.9719,20.5595,20.5011,20.4099,21.0346,21.6213,20.599,21.01,20.7388,20.5879,20.878,19.5693,19.3963,19.6816,19.7046,20.6356,19.8188,20.1968,20.5689,20.953,20.6551,20.3639,20.2759,20.0321,20.5469,21.4492,20.559,20.2208,19.9259,20.2983,21.2396,19.7027,20.4294,20.6803,20.4585,20.7603,19.5666,19.5151,19.7459,20.0511,20.473,20.5992,19.4856,20.032,19.7077,20.8764,19.5533,19.7665,20.4945,20.8787,22.3903,19.5325,19.4598,19.1738,20.3069,21.72,19.4478,19.6745,19.9346,19.924,19.9139,19.8786,19.8983,20.0453,20.0839,21.1796,19.8429,20.257,20.4631,20.7609,22.5906,19.8234,19.7768,20.1418,20.458,20.4405,19.5662,20.0961,20.1245,20.7347,21.0471
495,3:09:15 PM,19.5516,19.5448,19.7163,19.8618,20.3124,20.2114,19.9628,20.3794,20.6274,20.4531,20.5487,20.3853,20.1909,20.3277,20.6229,20.4784,20.6475,20.595,20.949,21.3461,20.564,20.473,20.3639,20.1738,20.9784,19.6312,19.9593,19.4892,19.5405,20.3965,20.5018,20.2179,20.7496,20.8404,21.4194,20.4627,20.4564,20.7309,20.6466,21.1473,20.5459,20.7905,20.7012,20.9967,21.6599,21.1152,20.8341,21.0467,20.6125,20.9463,19.5219,19.3377,19.8134,19.4737,20.5754,19.8134,20.2515,20.4677,20.8091,21.1676,20.149,20.2089,20.1464,20.8075,21.4701,20.5968,20.2238,20.0942,20.5506,21.2621,19.8394,20.2888,20.5515,20.6376,21.1208,19.4027,19.5811,19.8247,19.8604,20.5664,20.3917,19.4813,20.1565,19.4667,20.838,19.7048,19.9525,20.442,20.8786,22.099,19.4563,19.4186,19.4126,20.5058,21.6936,19.5654,19.8148,20.0403,19.9973,19.6526,19.8869,20.0004,19.9596,20.0188,21.0286,19.5464,20.1979,20.2775,20.3837,22.5264,19.9926,19.7852,20.3387,20.1892,21.1127,19.6812,20.1603,20.1587,20.5138,21.4218
496,3:09:35 PM,19.6855,19.5842,19.6609,19.834,20.2106,20.2918,19.9328,20.2248,20.6392,20.5608,20.3571,20.2115,20.0346,20.5632,21.1121,20.4482,20.5406,20.7051,20.8339,21.3598,20.5709,20.2946,20.4395,20.0381,20.8073,19.7412,20.0112,19.6088,19.7197,20.2654,20.5444,20.0757,20.6556,20.6603,21.5471,20.2939,20.4729,20.5715,20.5249,20.7144,20.7024,20.6066,20.7458,21.2266,21.6803,20.9767,20.9716,21.0828,20.4071,20.6958,19.6771,19.5044,19.6933,19.4399,20.5573,19.7792,20.121,20.5609,20.8232,20.9538,20.2646,20.2195,20.2359,20.6633,21.4194,20.5173,20.0629,19.7839,20.3655,21.4106,19.9996,20.4376,20.5277,20.28,21.0096,19.4998,19.3828,19.5238,20.0173,20.6088,20.4784,19.4606,19.9337,19.3829,20.9106,19.6945,19.9906,20.2026,20.7617,21.8006,19.1826,19.571,19.8514,20.6507,21.8028,19.8227,19.9052,19.985,19.8535,19.7586,19.8482,19.6651,20.141,20.1106,21.1378,19.7978,20.0845,20.4716,20.7491,22.8581,20.2642,19.9889,20.2173,20.2469,20.6947,19.4963,20.0971,20.4614,20.4937,21.1295
497,3:09:55 PM,19.441,19.5921,19.5846,19.8687,20.3323,20.3194,20.2847,20.3573,20.6037,20.5246,20.5044,20.3547,20.2913,20.4798,20.7278,20.4426,20.6453,20.6754,20.6601,21.3,20.6668,20.645,20.3831,20.3878,20.9431,19.6768,19.8871,19.8087,19.9414,20.3166,20.4054,20.3613,20.5714,20.8947,21.3252,20.5535,20.4765,20.5025,20.3903,20.7998,20.718,20.6514,20.8923,21.2497,21.4889,20.9799,20.935,20.9973,20.5589,21.0259,19.5101,19.2815,19.5737,19.5667,20.6568,19.9324,20.2122,20.452,20.881,21.1543,20.2735,20.1855,20.1041,20.6617,21.5115,20.7081,20.211,20.0616,20.3262,21.4174,19.9708,20.3405,20.7332,20.5619,21.1076,19.5813,19.4694,19.866,20.2104,20.5487,20.5496,19.5607,19.9966,19.5019,21.0514,19.6192,20.0848,20.4818,20.6304,22.1287,19.2281,19.5247,19.6182,20.6937,21.9339,19.5992,19.982,20.0248,19.6523,20.6151,19.8379,20.0414,20.0831,20.0698,20.953,19.7415,20.2649,20.08,20.6886,22.7662,20.2235,19.9234,20.308,20.4935,20.8219,19.5272,20.2089,20.3705,20.7106,21.0632
498,3:10:15 PM,19.6149,19.5198,19.3462,19.8697,20.3282,20.4089,20.3431,20.6455,20.5622,20.484,20.2593,20.1352,19.9849,20.4364,21.0341,20.3891,20.4769,20.5164,20.836,21.3469,20.5842,20.4163,20.5552,20.3506,20.944,19.7493,20.0572,19.6907,19.7904,20.2849,20.3922,20.2796,20.647,20.7863,21.4812,20.2924,20.381,20.3807,20.5496,20.8021,20.7293,20.6351,20.8217,21.3096,21.4784,20.7043,20.9683,20.6831,20.6835,21.179,19.695,19.2933,19.7251,19.5947,20.5185,19.6267,20.2293,20.4375,20.6118,20.6161,20.3588,20.4253,20.194,20.4974,21.3364,20.473,20.2531,19.8459,20.4525,21.2029,19.7512,20.4385,20.4874,20.4723,21.0082,19.5759,19.4604,19.7102,20.0819,20.5382,20.4628,19.3636,20.0582,19.5339,21.1698,19.9278,20.0231,20.5286,20.6999,22.1267,19.3176,19.1811,19.7855,20.7226,21.7493,19.5573,19.7382,19.7355,20.0667,19.9073,19.9491,19.7338,20.0021,20.1353,21.1158,19.6527,20.1976,20.3384,21.2858,22.6087,20.1147,20.0978,20.4158,20.5389,20.8719,19.6321,20.063,20.1276,20.5381,21.2474
499,3:10:35 PM,19.3792,19.5911,19.709,20.202,20.5749,20.0204,19.969,20.5243,20.808,20.7535,20.3645,20.1034,20.0361,19.976,20.7254,20.3376,20.5388,20.6364,20.8002,21.2012,20.6604,20.3831,20.4987,20.0348,20.9633,19.7328,19.8137,19.7381,19.8225,20.2263,20.6091,20.533,20.6593,20.7113,21.4893,20.743,20.5354,20.3504,20.3918,20.1397,20.5573,20.4187,20.6533,21.0749,21.543,20.8442,21.1927,20.8303,20.7752,20.9848,19.5146,19.1615,19.721,19.5391,20.6005,19.6749,20.1044,20.5728,20.712,20.8528,20.5039,20.349,20.0656,20.5484,21.2765,20.4951,20.225,19.9015,20.3252,21.3258,19.971,20.3097,20.5681,20.5408,20.7972,19.4004,19.4885,19.5352,20.1201,20.6244,20.4263,19.67,20.2359,19.5851,21.3246,19.5703,20.0289,20.6048,20.5776,22.1704,19.2542,19.3203,19.8068,20.5912,21.8021,19.4136,19.7337,20.121,19.853,19.9716,19.6249,20.2188,20.1246,20.1376,20.9958,19.6162,19.9691,20.548,20.8513,22.4222,20.0671,20.4248,20.4143,20.2309,20.6304,19.4131,20.0416,20.0235,20.7119,20.8281
500,3:10:55 PM,19.5069,19.8114,19.4794,19.9622,20.4773,20.2257,20.3545,20.4811,20.7622,20.6628,20.4809,20.1743,20.0944,20.2143,20.4559,20.5744,20.4176,20.7962,21.006,21.3176,20.7684,20.2648,20.3856,20.4283,20.9134,19.6001,19.8868,19.6171,20.016,20.1282,20.5638,20.3273,20.929,20.9259,21.3236,20.6499,20.4047,20.4423,20.1644,20.3625,20.7361,20.7293,20.9308,21.3131,21.511,20.7923,20.9027,20.9908,20.5682,21.0071,19.6443,19.3467,19.4848,19.6878,20.5927,19.917,20.3214,20.8126,20.9385,20.8367,20.3739,20.1505,20.0743,20.6875,21.4231,20.3139,20.2061,19.8249,20.3067,21.3231,20.1044,20.141,20.332,20.562,20.8365,19.6738,19.5535,19.5901,19.9447,20.4733,20.5101,19.7929,20.2619,19.5884,20.9937,19.6266,19.9768,20.7605,20.9806,22.3977,19.465,19.3366,19.6092,20.631,21.7324,19.5832,19.9518,19.8626,19.9989,19.9102,19.7818,19.904,20.1822,20.1925,20.9981,19.9239,20.2857,20.3549,21.0202,22.5993,20.2922,19.8317,20.2976,20.286,20.6275,19.9057,20.2323,20.4083,20.5363,21.0445
501,3:11:15 PM,19.6751,19.8625,19.6904,19.9992,20.41,20.1214,20.2475,20.6834,20.5369,20.8376,20.4857,20.0612,20.0162,20.3477,20.6718,20.3538,20.4806,20.9018,20.9204,21.3995,20.785,20.2842,20.4519,20.421,20.8778,19.6789,19.945,19.5595,19.8644,20.12,20.661,20.4424,20.7294,20.8519,21.3636,20.4905,20.4003,20.2874,20.448,20.5525,20.4792,20.539,20.7804,21.0207,21.6225,20.9425,20.8672,20.9834,20.6911,20.7984,19.7514,19.4799,19.6579,19.7478,20.599,19.9901,20.3894,20.7172,20.7051,20.9029,20.2715,20.2636,20.1975,20.466,21.4486,20.5046,20.1274,19.8621,20.5053,21.2085,19.6844,20.1544,20.465,20.8319,20.9045,19.4174,19.5593,19.7788,20.1293,20.5786,20.5229,19.6553,20.0602,19.3788,21.1803,19.8123,20.1417,20.417,20.706,22.3427,19.2794,19.3782,19.1872,20.3202,21.7506,19.3994,19.7133,19.9982,19.9211,19.7153,19.7188,19.8949,20.0334,20.0181,21.3334,19.7904,20.2745,20.2158,21.0576,22.7529,20.1005,20.1222,20.4413,20.4828,20.6631,19.5891,20.2378,20.308,20.7495,21.0015
502,3:11:35 PM,19.8278,19.8944,19.7246,19.9706,20.2978,20.2147,20.4049,20.5468,20.7932,20.7265,20.3343,20.1305,19.9806,20.1669,20.7027,20.3169,20.4975,20.508,20.7416,21.3405,20.7553,20.3419,20.5978,20.466,21.0876,19.9582,19.8195,19.6854,19.9978,20.346,20.4938,20.2466,20.6989,20.9746,21.3308,20.6408,20.5711,20.4758,20.4836,20.8895,20.6543,20.5271,20.6656,21.321,21.4988,20.8169,20.9283,20.8539,20.44,21.0839,19.6411,19.4306,19.5882,19.6024,20.6451,19.7181,20.2815,20.4746,20.8639,20.8525,20.4591,20.483,20.2132,20.6994,21.3283,20.6107,20.2218,19.9705,20.3376,21.1478,19.7572,19.9496,20.6997,20.5721,20.7095,19.4967,19.4443,19.5466,20.0194,20.3759,20.4348,19.5197,20.0341,19.6016,21.0105,19.5995,20.0469,20.5452,20.8283,22.3286,19.2633,19.229,19.5638,20.3989,21.7468,19.512,19.7077,19.9624,19.6923,19.745,19.7269,20.0391,20.2646,20.0826,20.9983,19.812,20.2718,20.3761,20.6053,22.7758,20.1331,20.1124,20.3965,20.4585,20.7085,19.3581,19.977,20.2098,20.6011,21.09
503,3:11:55 PM,19.6988,19.7997,19.6548,20.1081,20.3874,20.3177,20.4215,20.7321,20.912,20.702,20.0322,20.2126,20.1833,20.0872,20.6569,20.2175,20.6049,20.5612,21.0052,21.4601,20.5999,20.2403,20.688,20.2089,20.8989,19.7988,19.8624,19.8336,20.073,20.2451,20.6226,20.3507,20.8436,20.9096,21.3425,20.3976,20.4327,20.6023,20.7935,21.1115,20.4851,20.5464,20.7541,20.993,21.655,20.8209,20.9807,20.8508,20.74,20.8959,19.5466,19.4806,19.7887,19.721,20.5215,20.087,20.4081,20.7321,20.9478,21.0903,20.2475,20.3217,20.1239,20.7403,21.1395,20.3317,20.141,19.792,20.2807,21.0316,20.0865,20.3694,20.3731,20.7114,20.7894,19.4747,19.524,19.7721,19.7883,20.528,20.5284,19.5271,19.9502,19.351,20.7448,19.6663,20.0277,20.5865,20.5152,21.7207,19.2495,19.5379,19.906,20.4877,21.6772,19.4883,19.6879,19.7955,19.9147,19.9951,19.8017,19.8658,20.0674,20.4933,21.1255,19.7115,20.1485,20.3628,20.5321,22.1509,20.1317,19.8014,20.4974,20.52,20.6605,19.315,20.1498,20.5292,20.7641,21.015
504,3:12:15 PM,19.595,19.8542,19.7171,19.9324,20.2999,20.3382,20.0962,20.5492,20.8098,20.6868,20.2447,20.1365,20.2625,20.3882,20.5287,20.4085,20.4297,20.5681,20.6837,21.2519,20.4565,20.1449,20.5833,20.3026,20.9668,19.8368,19.899,19.8963,19.9098,20.2025,20.3055,20.3679,20.9094,20.6661,21.1678,20.4827,20.4562,20.5267,20.6643,20.8433,20.5128,20.5769,20.8688,21.0314,21.4042,20.7548,20.79,21.0782,20.5212,21.051,19.469,19.5332,19.6998,19.6822,20.7044,19.774,20.4131,20.4319,20.7716,20.9687,20.1368,20.2746,20.0694,20.5392,21.2267,20.3245,20.0458,19.8257,20.3767,21.5551,19.8256,20.1676,20.4493,20.7236,20.9194,19.4272,19.521,19.7349,20.0276,20.366,20.5116,19.4797,19.8305,19.2961,20.7556,19.6972,20.0985,20.5165,20.5212,21.9943,19.3118,19.4641,19.6557,20.5716,21.7217,19.6616,19.7532,19.9748,20.0372,19.9571,19.9653,20.0808,20.0585,20.1784,20.9821,20.0421,20.0965,20.1649,20.8349,22.1058,19.9976,19.8399,20.3124,20.4308,20.6371,19.5881,20.1182,20.0847,20.882,20.9619
505,3:12:35 PM,19.7278,19.7197,19.6118,20.0685,20.4616,20.2115,20.1464,20.5677,20.7652,20.6496,20.3394,20.1326,20.1804,20.3926,20.6959,20.2695,20.5628,20.6101,20.8684,21.3098,20.5108,20.3529,20.6394,20.5009,20.9503,19.7356,19.8946,19.6409,19.7062,20.2509,20.8447,20.3601,20.8118,20.9293,21.4416,20.5579,20.4189,20.3819,20.1675,20.6002,20.4535,20.494,20.7725,21.1096,21.4072,20.6289,20.9746,20.8674,20.5841,20.9593,19.6443,19.1951,19.5502,19.7603,20.5192,20.043,20.0966,20.6125,20.8534,21.0029,20.3772,20.2144,20.2185,20.6312,21.5761,20.3931,20.0358,19.8865,20.4668,21.3664,19.6696,20.1275,20.5345,20.4331,20.9148,19.3968,19.5185,19.7521,19.783,20.3642,20.5435,19.5956,20.4751,19.5827,20.5818,19.6526,20.1312,20.5979,20.7942,22.4051,19.4565,19.4296,19.6404,20.5398,21.8056,19.55,19.3725,19.6716,19.9614,20.3913,19.6445,19.9599,20.0504,19.9025,21.0934,19.8559,20.0557,20.3587,21.868,22.1046,20.1898,19.9095,20.3956,20.4397,20.7063,19.5846,19.9413,20.4674,20.7019,21.1491
506,3:12:55 PM,19.8293,19.8141,19.7674,20.1091,20.3178,20.348,19.935,20.4549,20.7801,20.8155,20.3613,20.1267,20.0709,20.1334,20.5469,20.3398,20.407,20.5872,20.7265,21.164,20.6839,20.5131,20.595,20.3828,21.1128,19.5667,19.947,19.6394,19.7391,20.2434,20.6914,20.2034,20.8884,20.7688,21.4331,20.3794,20.3157,20.5838,20.3533,20.6968,20.5414,20.6561,20.684,21.146,21.4346,20.7478,20.9674,20.8596,20.6681,21.0459,19.7511,19.3128,19.8103,19.7303,20.7377,20.0134,20.5105,20.4977,20.6779,20.937,20.3848,20.2627,20.123,20.4701,21.6947,20.5247,20.1611,19.9023,20.3868,21.2052,20.1326,20.424,20.4316,20.6994,20.9795,19.5941,19.5229,19.6917,19.9047,20.486,20.5661,19.8627,19.9866,19.5039,21.0817,19.6833,19.7895,20.649,21.4257,22.3703,19.2467,19.4312,19.2886,20.4527,21.9228,19.4787,19.6478,19.9057,20.0326,20.4189,19.965,19.9266,20.2235,20.2921,20.9054,19.9862,20.1925,20.3678,20.8714,21.9312,20.0917,20.1107,20.4093,20.3105,20.7832,19.5848,19.9308,20.4283,20.7373,20.9616
507,3:13:15 PM,19.8418,19.8242,19.6525,20.1321,20.2446,20.2437,19.921,20.3773,20.9141,21.006,20.4497,20.3358,20.0547,20.4554,20.6401,20.5973,20.3916,20.5818,20.8614,21.4519,20.7316,20.4457,20.5318,20.0632,21.0098,19.8147,19.9772,19.8013,19.8313,20.1866,20.7494,20.3527,20.8717,20.7355,21.4033,20.3586,20.4357,20.3737,20.5543,20.7052,20.4967,20.383,20.5053,21.2818,21.6177,20.7485,20.8905,20.9334,20.4662,20.9995,19.5828,19.2676,19.8402,19.7447,20.6832,19.579,20.2238,20.6706,20.8557,21.0433,20.2324,20.2978,20.1575,20.6609,21.2912,20.5118,20.3543,19.9189,20.4135,21.0518,20.0678,20.4976,20.4982,20.4498,20.9566,19.743,19.6429,19.8764,20.0871,20.2721,20.5782,19.6293,20.0269,19.5895,20.9289,19.6935,20.0469,20.629,20.9292,22.106,19.4099,19.4004,19.5827,20.4364,21.4179,19.394,19.6218,19.9445,19.9171,20.7746,19.7853,19.9789,20.1228,20.0542,20.6783,20.0947,20.0794,20.5038,20.9154,22.1617,20.0328,19.7486,20.3889,20.297,20.8614,19.6973,20.0565,20.4342,20.928,20.914
508,3:13:35 PM,19.8105,19.9185,19.6831,20.1365,20.4034,20.3675,20.0966,20.3215,20.7588,20.7379,20.3057,20.3391,19.9906,20.3986,20.5403,20.4892,20.5705,20.6752,20.8537,21.2463,20.3981,20.3902,20.4023,20.3323,21.194,19.5825,19.808,19.8331,19.8647,20.2459,20.593,20.3365,20.7876,20.6445,21.3582,20.2534,20.3876,20.5241,20.6032,20.936,20.388,20.4799,20.8057,21.0228,21.689,20.7943,20.9531,20.829,20.5754,20.9734,19.7952,19.3231,19.8095,19.6829,20.7489,19.8187,20.3278,20.5644,20.9362,21.1714,20.2475,20.2021,20.059,20.569,21.6892,20.5566,20.1608,19.9327,20.3236,21.3029,19.7859,20.2617,20.4916,20.4296,20.6898,19.7324,19.6024,19.6676,20.066,20.4068,20.5405,19.901,20.1404,19.6641,21.0756,19.8176,20.056,20.472,20.7364,21.9239,19.392,19.4775,19.4783,20.6186,21.6959,19.4911,19.627,19.7476,19.5167,20.0926,20.088,19.8886,20.182,20.0915,20.8139,19.952,20.2641,20.2666,20.6683,22.2728,20.2457,20.0924,20.4165,20.5039,21.406,19.495,19.9607,20.2797,20.9362,21.2228
509,3:13:55 PM,19.8928,19.6184,19.523,20.1004,20.2611,20.3339,20.009,20.3684,20.6639,20.7037,20.3336,20.4507,20.066,20.2496,20.4998,20.5922,20.5448,20.5787,20.8902,21.2407,20.5526,20.1673,20.4945,20.3138,20.9579,19.7226,19.9326,19.6501,19.9962,20.2672,20.7538,20.1609,20.4995,20.8568,21.4192,20.4024,20.1762,20.4867,20.5416,20.7226,20.6317,20.6646,20.808,21.1004,21.4837,20.7332,20.9582,20.8727,20.5799,20.7931,19.8356,19.5318,19.6179,19.6916,20.5641,19.5994,20.2363,20.6729,20.7368,21.1058,20.058,20.2104,20.3187,20.5413,21.6199,20.5148,19.9281,19.9932,20.4679,21.237,19.811,19.9559,20.4941,20.3051,20.8035,19.6902,19.5202,19.6547,20.014,20.4305,20.4441,19.5908,20.4748,19.5968,21.0439,19.5703,20.0382,20.4972,20.8051,22.5458,19.3961,19.4122,19.5553,20.3374,21.6914,19.6185,19.6708,19.846,19.6797,19.56,19.8118,20.0518,20.2242,20.3286,21.2839,19.9702,20.2792,20.3327,20.7482,22.7365,20.196,20.1001,20.4243,20.3937,20.7504,19.5739,20.057,20.4044,20.651,21.2159
510,3:14:15 PM,19.8163,19.6727,19.6111,19.9678,20.4327,20.4888,20.5954,20.6169,20.7555,20.7925,20.4174,20.257,20.0136,20.2539,20.4309,20.4409,20.3939,20.534,20.8467,21.4471,20.5305,20.5438,20.5077,20.2429,21.0897,19.6818,19.5913,19.4272,19.7402,20.1894,20.4887,20.2271,20.7088,20.8167,21.2797,20.4879,20.5009,20.3082,20.2018,20.4053,20.6506,20.6029,20.7322,20.9163,21.7253,20.8184,20.7299,20.8901,20.4743,20.8495,19.5672,19.2277,19.597,19.7334,20.4907,19.7518,20.3471,20.5927,20.8282,20.8965,20.4453,20.4291,20.2367,20.5724,21.3377,20.5214,20.2278,19.6578,20.3115,21.429,19.939,20.276,20.5682,20.5741,20.8642,19.4067,19.3541,19.7292,20.0483,20.5286,20.5523,19.2231,19.8975,19.4326,20.9098,19.6746,20.1044,20.3602,20.6759,21.8549,19.5096,19.5906,19.5321,20.7044,21.7225,19.5788,19.4748,19.8781,19.7711,20.0831,19.8155,19.6797,20.1246,20.071,21.0359,19.7298,20.0963,20.329,20.8372,22.2685,20.1328,19.9895,20.3533,20.3882,20.7954,19.7039,20.1968,20.3205,20.7968,21.2096
511,3:14:35 PM,19.7786,19.8458,19.5722,20.1781,20.4913,20.2772,20.499,20.4691,20.817,20.6773,20.2046,20.1143,19.8707,20.1051,20.6265,20.3295,20.4261,20.5096,20.8301,21.4465,20.6449,20.4201,20.462,20.2471,21.1705,19.7303,19.7079,19.7514,19.8561,20.0423,20.3664,20.3164,20.6632,20.9759,21.2447,20.5243,20.4413,20.2715,20.422,20.6573,20.4651,20.3251,20.7853,21.2231,21.6317,20.6832,21.1054,20.8314,20.6095,21.0388,19.6104,19.6278,19.8283,19.622,20.7365,19.7955,20.0893,20.6577,20.6702,21.0645,20.2937,20.2025,20.1153,20.5881,21.4172,20.4724,20.0547,19.997,20.4392,21.137,20.0534,20.3801,20.5015,20.474,21.04,19.5498,19.4194,19.8084,20.1057,20.4761,20.4883,19.5578,20.0288,19.4264,20.9318,19.6557,20.0938,20.4443,20.8311,22.0174,19.3499,19.5092,19.3612,20.5755,21.8498,19.579,19.5161,19.8434,19.962,19.8938,19.8009,19.838,20.2169,20.0893,22.0826,19.8293,20.0651,20.3418,20.6297,22.6041,20.3474,20.0021,20.5218,20.2384,20.7681,19.7049,19.9309,20.3479,20.8408,21.1707
512,3:14:55 PM,19.6862,19.7765,19.8066,20.0573,20.4399,20.3057,20.3157,20.5276,20.851,20.5992,20.3509,20.132,20.031,20.102,20.4017,20.279,20.4425,20.4708,21.0385,21.5786,20.8664,20.4987,20.6951,20.5629,21.0782,19.6348,19.8283,19.8223,19.7952,20.2496,20.3239,20.4006,20.8956,20.7597,21.3048,20.3773,20.4789,20.3237,20.5322,20.8208,20.4303,20.5952,20.6974,21.1218,21.5124,20.8178,20.9821,20.7734,20.4305,20.9851,19.5587,19.1509,19.6967,19.9073,20.6488,19.8569,20.2748,20.552,20.7941,21.1783,20.2907,20.4421,20.0994,20.6852,21.4877,20.4657,20.0915,19.9037,20.5774,20.9853,19.725,20.1781,20.6157,20.6173,20.834,19.4627,19.3864,19.6245,19.9341,20.3016,20.5089,19.4503,19.9842,19.1457,21.3071,19.6961,20.0531,20.6939,21.3054,22.3279,19.2749,19.2646,19.3235,20.3277,21.7007,19.472,19.7247,19.9579,19.8427,19.8497,19.7884,19.6756,20.0593,20.0346,21.0451,19.7224,20.1124,20.1512,20.5527,21.894,20.2419,19.7844,20.2379,20.1909,20.7393,19.5738,19.9316,20.085,20.5101,21.0962
513,3:15:15 PM,19.7156,19.7948,19.5784,19.9272,20.3482,20.4322,20.3506,20.5465,20.6277,20.9501,20.2585,20.0448,20.1881,20.2867,20.3469,20.4606,20.5346,20.5557,20.915,21.3031,20.3504,20.4614,20.5367,20.2183,20.8141,19.6955,20.0003,19.6588,19.8601,20.3488,20.7317,20.4812,20.5835,20.6776,21.5283,20.3168,20.3269,20.3467,20.544,20.4373,20.3384,20.4504,20.8993,21.0949,21.7634,20.6457,21.0821,20.7693,20.6853,21.0688,19.3203,19.3057,19.5243,19.6296,20.4488,19.9051,20.3043,20.6616,20.8231,21.1361,20.2985,20.3553,20.2919,20.6353,21.2171,20.2694,20.0364,19.9562,20.3674,20.9815,19.7562,20.1159,20.5852,20.6569,20.8042,19.1015,19.363,19.6678,19.7286,20.328,20.6031,19.3101,19.8518,19.238,20.7307,19.6942,19.7425,20.6879,20.8136,22.4448,19.4934,19.455,19.6837,20.4714,21.8314,19.4293,19.5871,19.93,19.749,19.7839,19.727,19.9062,19.9689,20.1876,21.2266,19.7243,19.8771,20.0291,20.8747,22.5165,20.2527,19.8287,20.2523,20.3444,21.1011,19.621,20.113,20.634,20.9522,20.8793
514,3:15:35 PM,19.7421,19.8742,19.7144,20.0565,20.6108,20.3228,20.2524,20.655,20.7509,20.7917,20.1922,20.3342,20.2636,20.3054,20.5805,20.3503,20.5792,20.5896,20.8725,21.2635,20.64,20.4345,20.4945,20.0739,21.1683,19.5288,19.6684,19.624,20.0117,20.245,20.4028,20.4806,20.6596,20.6924,21.3029,20.4929,20.5489,20.3692,20.6942,20.4782,20.5298,20.4005,20.78,21.174,21.5742,20.5824,20.701,21.0969,20.5127,21.0563,19.5984,19.5035,19.5563,19.7283,20.449,19.8259,20.3231,20.5536,20.8546,21.0962,20.1718,20.3464,20.0299,20.6545,21.5475,20.5162,20.3259,19.8143,20.2175,21.327,19.8335,20.3099,20.6595,20.3784,21.0681,19.4785,19.4171,19.7261,20.1012,20.4647,20.7218,19.5922,20.1187,19.3419,20.6728,19.6196,20.0518,20.6895,20.7149,22.1972,19.3193,19.4037,19.3983,20.6426,21.8391,19.4491,19.6815,19.9632,19.749,19.9616,19.8376,20.0734,19.9832,20.2725,21.1685,19.5406,20.1693,20.3586,20.9306,22.3605,20.2319,20.239,20.4648,20.7529,20.6036,19.4683,19.8337,20.3866,20.7303,21.3285
515,3:15:55 PM,19.7935,19.528,19.3798,19.7552,20.3563,20.2136,20.0211,20.3881,20.664,20.8571,20.3853,20.1929,19.9024,20.2202,20.6443,20.3534,20.3657,20.5434,20.8605,21.3225,20.4572,20.367,20.6048,20.3711,20.9876,19.7199,20.1017,19.3607,19.9338,20.1678,20.345,20.408,20.6402,20.6631,21.458,20.3945,20.4778,20.3733,20.5351,20.9851,20.7615,20.7587,20.583,21.1258,21.4092,20.6002,21.0545,20.8121,20.5446,20.9259,19.4863,19.5874,19.7231,19.6985,20.654,19.9308,20.0832,20.3929,20.8255,20.8068,20.3507,20.2137,20.0434,20.7438,21.3331,20.3101,20.248,19.918,20.5795,21.1063,19.7229,19.944,20.7765,20.4453,20.7061,19.7925,19.5791,19.8172,20.0723,20.6285,20.4661,19.6172,20.1229,19.4228,20.7634,19.7245,19.8624,20.4887,20.8244,22.1259,19.4401,19.4804,19.5494,20.5369,21.6355,19.564,19.535,19.9285,19.709,20.5679,19.8218,20.0032,20.0204,19.9896,20.9675,19.787,20.2208,20.3984,20.6401,22.0395,20.2298,20.0093,20.3062,20.2165,20.592,19.4488,19.9286,20.1039,20.5299,21.4036
516,3:16:15 PM,19.7448,19.804,19.4007,20.0822,20.3937,20.2724,20.1607,20.5162,20.8338,20.8973,20.2755,20.1111,20.1454,20.4863,20.4347,20.2495,20.4876,20.5973,20.853,21.535,20.5043,20.4079,20.6296,20.6198,21.0352,19.5997,19.8961,19.6471,19.7901,20.2489,20.7594,20.3909,20.7686,20.6264,21.3608,20.2964,20.2479,20.4636,20.2508,20.3464,20.5619,20.5682,20.8469,21.1908,21.6428,20.644,20.986,21.0587,20.7149,20.8989,19.5278,19.4548,19.6047,19.8408,20.594,19.8415,20.2487,20.624,20.8476,20.9608,20.2317,20.4096,20.2949,20.4534,21.3611,20.4138,20.0194,19.9904,20.45,20.8513,19.7845,20.163,20.5921,20.4259,20.7775,19.3282,19.4714,19.7026,19.9953,20.2845,20.859,19.5274,20.2064,19.3607,20.7428,19.6887,19.9808,20.5572,20.6567,22.1935,19.2808,19.3282,19.5606,20.4107,21.774,19.6675,19.8287,19.999,19.9064,20.1469,19.9002,19.9055,19.9546,19.9848,21.125,19.9017,20.0294,20.498,20.7205,22.3879,20.0849,19.9684,20.4642,20.2713,20.5696,19.4256,19.9397,20.5158,20.6537,21.1315
517,3:16:35 PM,19.8206,19.8888,19.5625,20.0428,20.2354,20.2232,20.1507,20.4133,20.6427,20.9572,20.3333,20.2803,20.0833,20.2685,20.7962,20.3837,20.3655,20.6989,20.7823,21.3576,20.3473,20.2752,20.5544,20.2956,20.7793,19.7645,19.9714,19.8114,19.5412,20.2103,20.5874,20.1595,20.7359,20.8583,21.4937,20.3278,20.4121,20.5011,20.7355,20.8742,20.4277,20.6834,20.7233,21.107,21.4392,20.5328,20.9756,20.9262,20.6265,21.0164,19.589,19.4463,19.5696,19.6981,20.3769,19.7591,20.216,20.5059,20.8378,21.0148,20.3073,20.3786,20.1272,20.7088,21.7293,20.4042,20.118,19.9403,20.5842,21.0845,19.9857,20.2385,20.5565,20.6427,20.755,19.3804,19.5912,19.6261,20.0332,20.3723,20.5238,19.4535,20.0069,19.7534,21.1438,19.7612,20.0589,20.7415,21.2894,21.9781,19.3217,19.6389,19.6741,20.4166,21.8385,19.7143,19.65,19.6422,19.7841,20.1148,19.8857,19.781,20.2665,20.1116,21.2467,20.0739,20.1016,20.5502,21.0323,22.6432,20.1951,20.1253,20.4786,20.4273,20.599,19.4917,20.0458,20.274,20.5022,21.2032
518,3:16:55 PM,19.8038,19.8619,19.6405,19.867,20.1475,20.23,20.1676,20.6461,20.7276,20.747,20.3653,20.2702,20.1176,19.9226,20.32,20.2302,20.4357,20.6433,20.7832,21.5628,20.8217,20.67,20.5723,20.2097,21.0079,19.6966,19.8145,19.6888,19.8804,20.3716,20.686,20.4895,20.7684,20.6455,21.4611,20.4749,20.3964,20.4451,20.3463,20.2459,20.4254,20.5734,20.5811,21.1234,21.6516,20.6124,20.9124,20.8722,20.5249,20.9412,19.6949,19.2487,19.6979,19.663,20.6307,19.6126,20.2344,20.6855,20.796,21.0048,20.4555,20.2972,19.9356,20.5192,21.7392,20.3012,20.3772,19.6909,20.4305,21.0904,19.6329,20.3486,20.4167,20.4657,20.8189,19.5618,19.352,19.8526,20.156,20.6437,20.5881,19.3241,20.1759,19.4258,21.054,19.8356,20.1303,20.3323,20.601,22.2735,19.5199,19.4399,19.6615,20.5135,21.6454,19.3973,19.3662,19.7073,19.8042,19.696,19.8514,19.8854,20.1588,20.1402,20.9247,19.8369,20.0429,20.4281,20.9686,23.0714,20.07,20.0258,20.2617,20.2539,21.0027,19.4267,20.0455,20.2968,20.6379,20.9563
519,3:17:15 PM,19.863,19.8352,19.6633,19.9929,20.4782,20.4036,20.3751,20.611,20.8887,21.003,20.4006,20.2188,19.9972,20.2219,20.3523,20.2719,20.6445,20.4235,20.9709,21.3376,20.579,20.5012,20.5647,20.3518,21.0076,19.5801,19.8912,19.6987,19.7845,20.1437,20.6871,20.2171,20.7503,20.8615,21.5093,20.7372,20.4236,20.477,20.2578,20.8548,20.6235,20.6793,20.4438,20.9712,21.5389,20.8287,20.955,20.9966,20.6833,20.9884,19.6487,19.2432,19.6738,19.6946,20.5405,19.8238,20.3217,20.5734,20.9678,20.96,20.2491,20.2184,20.0706,20.3706,21.4229,20.4249,20.0662,19.6693,20.5287,21.3159,19.9674,20.3946,20.6214,20.5674,20.7162,19.3972,19.4779,20.0149,19.9926,20.4986,20.5163,19.5681,19.7584,19.4327,21.0321,19.6891,20.2393,20.3997,20.5902,21.9695,19.1014,19.386,19.8134,20.3764,21.8139,19.5418,19.8154,19.951,19.6203,19.6371,20.074,19.8032,20.2567,20.0302,21.3308,19.6974,20.1573,20.3521,20.8828,22.318,20.0616,19.8096,20.4133,20.2989,20.5285,19.1901,19.8493,20.1334,20.5636,21.2941
520,3:17:35 PM,19.5015,19.6604,19.7763,19.9442,20.4381,20.2867,20.3124,20.5287,20.7337,20.946,20.2614,20.0658,20.1141,20.3589,20.3879,20.3252,20.4706,20.4404,20.8997,21.2867,20.5396,20.6307,20.6142,20.2992,21.2315,19.6261,19.7659,19.6884,19.8468,20.1625,20.8493,20.3093,20.9286,20.8095,21.2821,20.4578,20.2997,20.4999,20.1778,20.4707,20.5979,20.4114,20.719,21.3208,21.4667,20.7499,20.8338,20.9114,20.4553,21.0066,19.7021,19.4595,19.4351,19.9031,20.5573,19.6112,20.1159,20.5335,20.6663,20.9015,20.5373,20.3058,20.3761,20.6301,21.5153,20.6198,20.2492,19.8876,20.4214,20.9854,19.8005,20.3186,20.6238,20.5649,20.7979,19.5186,19.2338,19.8132,20.0925,20.3146,20.5889,19.6892,19.9469,19.3979,21.3935,19.732,20.1563,20.5428,20.7195,22.1078,19.4224,19.4113,19.7645,20.716,21.6713,19.3178,19.8695,20.1061,19.9244,20.3097,19.9077,19.6579,19.9199,20.0693,20.8094,19.6435,20.2053,20.3709,20.7953,21.8671,20.0987,20.0066,20.5121,20.3479,20.6598,19.408,19.7856,20.0917,20.5078,20.9158
521,3:17:55 PM,19.6525,19.8601,19.6506,20.19,20.1907,20.416,20.1333,20.7846,20.667,20.9164,20.174,20.1492,19.9124,20.2048,20.4058,20.3698,20.4716,20.5512,20.7986,21.2476,20.4546,20.4751,20.4504,20.247,20.7813,19.6293,19.8777,19.7306,19.9537,20.2036,20.4679,20.3987,20.7127,20.6175,21.4364,20.3447,20.2806,20.2154,20.3149,20.9282,20.4673,20.5894,20.5999,21.0699,21.3175,20.6862,20.7494,20.9289,20.5466,21.038,19.6779,19.0566,19.8654,19.7169,20.5495,20.0137,20.3383,20.6838,20.7977,20.5745,20.4055,20.2323,20.0825,20.574,21.3517,20.2698,20.1755,19.8163,20.6017,20.9367,19.9832,20.2277,20.6324,20.3479,20.7376,19.5281,19.3932,19.827,19.8444,20.4146,20.6114,19.5327,19.8843,19.4051,20.8077,19.7988,20.0389,20.4215,20.7563,22.0723,19.2907,19.3237,19.7491,20.3055,21.8572,19.501,19.6117,19.9096,19.7692,20.1553,19.7594,19.8237,20.0389,19.9005,20.7731,19.6876,19.8515,20.3166,20.7044,22.7116,20.1593,20.252,20.4146,20.3636,20.7231,19.9105,20.0691,20.3434,20.9855,21.2114
522,3:18:15 PM,19.4568,19.6602,19.5408,20.0224,20.3173,20.3127,20.1406,20.6218,20.7983,20.7279,20.144,20.3317,20.1389,20.0525,20.5143,20.3323,20.6674,20.5214,20.6783,21.4759,20.5036,20.2532,20.277,20.2481,20.8237,19.6796,20.1268,19.6493,19.8463,20.0884,20.5094,20.3569,20.8149,20.87,21.3626,20.4492,20.4761,20.4656,20.3825,20.8649,20.4878,20.4095,20.6129,21.3261,21.5284,20.6803,20.7869,21.038,20.5231,20.9069,19.4292,19.5602,19.712,19.9968,20.42,19.8492,20.0412,20.5986,20.8863,20.6982,20.3389,20.3459,20.1185,20.7116,21.7199,20.4909,20.2736,19.7558,20.4522,21.0451,20.0621,20.3383,20.3512,20.4552,20.8319,19.3996,19.4856,19.546,19.8338,20.4699,20.4911,19.5084,19.9406,19.6246,20.715,19.6381,19.9503,20.8325,20.8989,21.786,19.4886,19.3321,19.2805,20.2943,21.919,19.5484,19.6681,20.0379,19.8364,19.7495,19.8614,19.8708,20.0067,20.0647,20.9214,19.892,20.0768,20.3764,20.9894,22.5532,20.0284,19.7464,20.2143,20.2975,20.764,19.3375,20.081,20.4302,20.9294,21.2783
523,3:18:35 PM,19.8946,19.645,19.3134,20.1292,20.324,20.4185,20.1883,20.5962,20.9296,20.9503,20.2456,20.0764,19.948,20.1497,20.4134,20.3538,20.571,20.6316,20.7232,21.1867,20.3442,20.4244,20.4906,20.4439,20.9493,19.8272,19.8135,19.5386,19.6611,20.3985,20.9329,20.3918,20.8286,20.6866,21.4367,20.3809,20.212,20.2179,20.2659,20.5479,20.5174,20.5182,20.5366,21.0932,21.453,20.729,20.9512,20.7774,20.5141,20.8666,19.3849,19.3838,19.5788,19.6772,20.4577,19.9133,20.1837,20.6355,20.9316,21.0423,20.1583,20.2365,20.2746,20.4386,21.8321,20.4481,20.2009,19.8808,20.6125,21.0056,19.6822,20.1153,20.5936,20.377,20.7449,19.6742,19.5134,19.5955,20.0331,20.5795,20.4964,19.5395,19.6682,19.3249,20.8508,19.6167,19.9566,20.5604,21.1416,22.7218,19.2941,19.4224,19.2737,20.1758,21.8402,19.6405,19.5634,19.6985,19.7641,19.7016,19.7384,19.7768,20.1647,20.2315,21.0987,19.6748,19.9743,20.3812,20.511,21.7796,19.9744,19.8819,20.2487,20.0917,20.6627,19.3661,19.9305,20.5035,20.5792,21.3781
524,3:18:55 PM,19.7115,19.9327,19.8431,19.7827,20.4386,20.1646,20.3919,20.6812,21.022,21.0027,20.4954,20.206,20.2924,20.1839,20.5152,20.167,20.596,20.4917,20.6831,21.1766,20.236,20.4629,20.4527,20.3063,20.7969,19.8007,19.8521,19.6837,19.7201,20.1575,20.5881,20.2013,20.7649,20.6392,21.3641,20.3815,20.4075,20.4509,20.4589,20.4221,20.6243,20.6763,20.8093,21.1336,21.2915,20.5329,20.7657,20.8246,20.4852,20.6815,19.5456,19.2871,19.5406,19.5021,20.5121,19.8338,20.2742,20.5971,20.8805,20.658,20.3625,20.3314,20.2381,20.5603,21.443,20.4082,20.3259,19.7923,20.2379,21.0856,20.0173,20.4264,20.5238,20.494,20.8037,19.4483,19.205,19.6773,19.7608,20.4365,20.4777,19.2936,20.087,19.2066,20.6488,19.5595,19.9046,20.4956,20.9729,22.3323,19.2535,19.569,19.821,20.5296,21.7324,19.4523,19.3709,20.0196,19.6564,19.6534,19.7531,19.9539,20.081,20.1785,20.8108,19.7963,20.0787,20.2359,20.7939,22.058,20.1619,19.9916,20.2998,20.2421,21.0553,19.4637,20.0904,20.329,20.7646,21.1572
525,3:19:15 PM,19.5212,19.7582,19.6123,19.9594,20.3145,20.1441,19.9836,20.5896,20.4785,20.8671,20.3708,20.1142,20.0351,20.0047,20.5243,20.4696,20.5549,20.6031,20.6811,21.2302,20.6472,20.3153,20.4169,20.3502,20.6636,19.8156,19.8932,19.6072,19.6704,20.2082,20.3035,20.048,20.7781,20.9206,21.275,20.3334,20.4956,20.4347,20.1682,20.4707,20.425,20.5735,20.4471,21.1828,21.1202,20.6094,21.0086,20.8005,20.5807,20.772,19.6291,19.4247,19.6532,19.5833,20.5168,19.5871,20.2862,20.5224,20.8124,21.2519,20.3485,20.1547,20.2788,20.8192,21.5808,20.4303,20.1462,19.7551,20.415,20.9489,19.8373,20.27,20.5544,20.5054,21.0005,19.4075,19.1982,19.7277,19.968,20.5328,20.4266,19.5171,20.3208,19.2461,21.2001,19.8006,20.2189,20.4992,21.0985,22.7614,19.3997,19.2853,19.544,20.4638,21.6985,19.405,19.6431,20.0755,19.8908,20.2787,19.8068,19.7571,20.1765,19.9698,20.7716,19.7925,20.1605,20.1509,20.5699,22.2463,20.0598,19.8157,20.6388,20.3625,20.519,19.306,20.1503,20.1183,20.8321,21.1545
526,3:19:35 PM,19.6813,19.7529,19.8093,19.8749,20.2902,20.1646,20.1141,20.7448,20.7195,20.7589,20.3067,20.3431,20.1311,20.1904,20.51,20.3915,20.7027,20.7561,20.5427,21.4058,20.4108,20.2742,20.5023,20.4036,20.8727,19.5799,19.7928,19.5503,19.8187,20.2321,20.6393,20.175,20.8107,20.7515,21.4221,20.4179,20.2939,20.3691,20.3324,20.5708,20.5057,20.619,20.5757,21.085,21.3302,20.7091,20.8962,20.7654,20.4228,21.0603,19.6539,19.3608,19.5325,19.6522,20.4216,19.7371,20.0843,20.5105,20.6731,20.9172,20.0886,20.2859,19.9262,20.7454,21.4255,20.4014,20.1547,19.8066,20.5627,20.9585,19.9401,20.2247,20.4819,20.4307,20.7929,19.5342,19.2786,19.6108,19.9364,20.4462,20.3875,19.3647,20.0223,19.725,21.517,19.3974,20.0449,20.4488,20.9525,22.4869,19.354,19.4849,19.6869,20.3718,22.0332,19.4356,19.4183,19.9567,19.6514,19.8017,19.8202,19.9712,20.0279,20.1494,21.0485,19.8592,20.3019,20.401,20.9004,22.4752,20.0089,19.8898,20.2353,20.3642,20.8719,19.3748,20.0708,20.2668,20.6545,21.0164
527,3:19:55 PM,19.7288,19.7285,19.5786,19.8176,20.1315,20.0016,20.0421,20.4811,20.6755,20.8417,20.4763,20.2247,20.1011,20.4406,20.8013,20.5761,20.7259,20.5,20.9034,21.4027,20.5244,20.5311,20.4885,20.5354,20.9697,19.7273,19.9196,19.556,19.7045,20.1398,20.8718,20.0524,20.6714,20.439,21.4007,20.5189,20.3463,20.4412,20.587,20.8643,20.5356,20.4714,20.6032,21.1506,21.5079,20.7435,20.826,20.9862,20.5494,20.9683,19.3882,19.4323,19.6531,19.6691,20.5542,19.6804,20.254,20.4057,20.8442,20.9521,20.1745,20.1954,20.0398,20.5428,21.4025,20.5823,20.1086,19.9013,20.4859,20.9361,19.6794,20.289,20.6165,20.4429,21.0745,19.4055,19.4062,19.7119,19.8725,20.4931,20.6417,19.6351,20.1122,19.3992,21.0845,19.6606,20.0745,20.6563,20.7175,22.2229,19.2672,19.3073,19.6118,20.5325,21.7634,19.4067,19.5631,20.0505,19.8145,19.8229,19.7296,19.9064,19.8405,20.2186,21.0686,20.0382,20.0584,20.493,20.7032,22.5944,20.1477,20.026,20.301,20.3337,20.7243,19.7019,20.0169,20.3001,20.5875,20.8659
528,3:20:15 PM,19.6091,19.8381,19.6825,19.984,20.2978,20.1549,20.0785,20.4437,20.6994,20.6738,20.2675,20.0926,20.1975,20.468,20.8513,20.266,20.4416,20.6665,20.6335,21.625,20.5094,20.2834,20.6205,20.4106,20.9107,19.8408,19.6677,19.7557,19.9996,20.1934,20.4917,20.3254,20.883,20.6737,21.2496,20.331,20.6154,20.3477,20.8121,21.0395,20.559,20.6215,20.6101,20.9944,21.4684,20.7861,21.0091,21.0038,20.6167,20.8454,19.5699,19.3889,19.6132,19.6738,20.6553,19.7837,20.2208,20.4591,20.7754,21.3153,20.4377,20.3498,20.0134,20.6417,21.5396,20.5044,20.1895,19.7806,20.5154,21.0355,19.8049,20.269,20.5664,20.2944,20.8516,19.6023,19.1985,19.8637,19.9545,20.542,20.4779,19.6229,20.0765,19.4982,21.1929,19.8753,20.0218,20.5935,21.0287,21.9944,19.2003,19.4432,19.5801,20.4674,21.8313,19.4131,19.787,20.0412,19.6416,19.9562,19.8043,19.8947,20.0628,20.0783,21.1953,19.8999,19.937,20.1671,20.6917,22.8857,20.1303,20.1592,20.3036,20.4003,20.9488,19.6037,19.9369,20.456,20.3523,20.8914
529,3:20:35 PM,19.7706,19.7921,19.7036,20.1052,20.3569,20.1247,20.0498,20.5616,20.7596,20.6705,20.4188,20.1616,20.2311,20.2376,20.4829,20.4973,20.6185,20.6841,20.6974,21.2873,20.4037,20.2594,20.4989,20.5132,21.0566,19.7368,19.9663,19.7227,19.703,20.2148,20.4292,20.2561,20.4632,20.6126,21.4187,20.492,20.2475,20.3764,20.2299,20.5064,20.6647,20.6981,20.8257,21.1211,21.4151,20.6867,20.8295,20.8235,20.5703,21.0424,19.648,19.1849,19.4685,19.7094,20.5743,19.9769,20.2079,20.2057,21.0996,20.8059,20.0573,20.3222,20.2743,20.8018,21.3177,20.4518,20.1119,20.0092,20.2659,21.1707,19.9586,20.2147,20.598,20.4714,20.8545,19.6445,19.3631,19.7649,20.0018,20.3638,20.3373,19.6999,20.1835,19.3949,20.8637,19.875,20.0438,20.5492,20.9852,22.6594,19.2898,19.4185,19.4479,20.4684,21.7405,19.3974,19.8835,20.0057,20.0162,20.2562,19.9686,19.8514,20.0637,19.9927,20.6811,19.6492,20.0643,20.1863,20.7019,22.0,20.2195,20.045,20.3891,20.2779,20.8552,19.2965,20.0207,20.0321,20.6929,20.8988
530,3:20:55 PM,19.8199,19.8446,19.6175,20.2614,20.3905,20.3351,20.1345,20.6957,20.7398,20.7842,20.4475,20.1603,20.1162,20.3167,20.4616,20.2996,20.5719,20.4902,20.7116,21.5514,20.3843,20.2995,20.4035,20.0722,20.9214,19.4174,19.6596,19.6949,19.7727,20.3524,20.8298,20.2969,20.8416,20.7431,21.325,20.3379,20.4242,20.5122,20.1192,20.1132,20.4762,20.5133,20.7193,21.0265,21.0857,20.7289,21.0347,20.9239,20.4405,20.9146,19.5801,19.374,19.6585,19.6245,20.4767,19.6659,20.1851,20.5886,20.7402,20.9117,20.2477,20.3056,19.9446,20.735,21.6134,20.3841,20.2094,19.7716,20.3805,20.9814,19.8031,20.1567,20.4135,20.6052,20.7561,19.4928,19.6308,19.631,20.0087,20.3745,20.2794,19.541,20.243,19.523,20.9443,19.7044,20.0194,20.3347,20.508,22.3062,19.1658,19.4973,19.4702,20.8555,21.6286,19.7093,19.9034,20.0154,19.6743,20.2478,19.8824,19.9437,20.0313,20.1604,21.4996,19.5905,20.1221,20.3951,20.6663,22.6967,19.9898,20.1351,20.2159,20.3164,21.1333,19.3364,19.9589,20.1331,20.5894,21.0169
531,3:21:15 PM,19.625,19.5796,19.5981,20.0002,20.4854,20.241,20.1013,20.461,20.7339,20.5331,20.3088,20.1641,19.9322,20.1495,20.2328,20.4461,20.4775,20.3175,20.6238,21.3012,20.3565,20.1629,20.5813,20.3374,20.9561,19.6077,19.715,19.5414,19.792,20.3707,20.7709,20.3714,20.6261,20.6386,21.4666,20.1469,20.304,20.4072,20.1764,20.4685,20.7048,20.3669,20.7156,21.2206,21.3731,20.5934,20.9649,20.9692,20.5499,20.6611,19.5129,19.2132,19.4043,19.6687,20.5158,19.9629,20.2056,20.8721,20.756,20.6642,20.3164,20.1673,20.0267,20.5129,21.2419,20.3408,20.0638,19.7861,20.2005,21.0213,19.6146,20.2589,20.5473,20.4644,20.5328,19.7785,19.3931,19.8343,20.126,20.5093,20.4626,19.3194,19.8231,19.371,20.6329,19.4831,19.8307,20.2407,20.6559,22.1057,19.4734,19.4394,19.6175,20.771,21.9949,19.4839,19.5424,19.9479,19.7698,20.4104,19.851,19.7617,20.1329,20.1274,20.7618,19.9959,19.9372,20.2025,20.6639,21.8789,20.098,19.6039,20.1021,20.618,21.0083,19.4494,19.8087,20.0636,20.4196,20.8101
532,3:21:35 PM,19.6145,19.7174,19.8246,19.9928,20.3541,20.4915,20.1919,20.6568,20.8266,20.7524,20.3462,20.1267,20.1312,20.3168,20.4709,20.4089,20.519,20.5248,20.7333,21.109,20.5931,20.4877,20.5961,20.4981,21.022,19.812,19.9281,19.8232,19.8358,20.0532,20.5437,20.3945,20.6198,20.8486,21.2391,20.3999,20.3529,20.6681,20.2984,20.5909,20.41,20.6255,20.5623,21.1575,21.3231,20.7496,20.8413,20.7965,20.3532,20.6788,19.4304,19.1504,19.628,19.8706,20.5612,20.1169,20.1164,20.5236,20.8846,20.5667,20.1606,20.3121,20.0726,20.5833,21.4628,20.3007,20.2974,19.9858,20.4862,21.2507,19.9713,20.3048,20.6553,20.2899,20.7441,19.424,19.3906,19.9466,19.7386,20.5828,20.4765,19.4862,20.0376,19.6173,20.886,19.8054,20.0886,20.4685,20.6897,21.5698,19.3639,19.4295,19.9574,20.5492,21.8485,19.362,19.6843,20.0318,19.5187,20.0441,19.599,19.737,20.1675,20.2201,21.5719,19.9952,20.0348,20.2067,21.9177,22.5235,19.9865,19.8155,20.3307,20.4037,20.7565,19.4804,19.8936,20.4217,20.6169,20.9531
533,3:21:55 PM,19.6592,19.75,19.6347,19.9534,20.2567,20.2601,19.9403,20.4872,20.6577,20.739,19.9565,20.3025,19.8672,20.4018,20.4149,20.4606,20.6187,20.3803,20.8327,21.2297,20.5041,20.566,20.5729,20.0482,20.8719,19.6734,19.9316,19.6321,19.9179,20.3056,20.6287,20.5544,20.7551,20.6295,21.2416,20.4603,20.2804,20.5932,20.6229,20.3163,20.482,20.4402,20.7838,21.1121,21.6128,20.7193,20.8265,20.9111,20.4387,21.0764,19.6195,19.568,19.627,19.5618,20.5877,19.9486,20.3298,20.52,20.6353,20.8469,20.1936,20.2101,20.0611,20.6279,21.5558,20.2574,20.0125,20.0277,20.3187,21.3106,19.8899,20.1166,20.3088,20.3916,20.6685,19.335,19.5196,19.7444,20.0279,20.4207,20.3689,19.3038,19.8363,19.3561,20.5095,19.58,19.834,20.3686,20.5635,22.0881,19.2805,19.4034,19.3612,20.3787,21.9498,19.6918,19.4818,19.7192,19.9914,19.6633,19.6707,19.6661,19.9636,20.2077,20.9049,19.7158,20.2446,20.32,21.1698,22.7866,20.1991,19.788,20.3102,20.3774,20.731,19.531,20.0078,20.3184,20.6087,20.7807
534,3:22:15 PM,19.5981,19.7049,19.5352,19.9839,20.3439,20.2717,20.2832,20.545,20.7528,20.6461,20.2817,20.2114,19.9426,20.2539,20.431,20.2954,20.4819,20.5194,20.8669,21.1196,20.7691,20.4445,20.2539,20.3081,20.7925,19.5882,19.7975,19.5507,19.7933,20.1645,20.4636,20.4383,20.6479,20.7901,21.3426,20.5875,20.3008,20.393,20.1465,20.3633,20.6411,20.663,20.5166,21.1415,21.291,20.6769,20.8527,20.9823,20.5315,20.9157,19.5911,19.2285,19.6971,19.661,20.4747,19.7196,20.3692,20.5389,20.7127,20.8133,20.0955,20.369,20.1347,20.5513,21.4466,20.4265,20.2228,19.9992,20.3301,21.2348,19.8859,20.4256,20.6849,20.4565,20.5488,19.2425,19.5484,19.6673,20.2523,20.3964,20.2594,19.3751,20.2311,19.3361,20.6471,19.6414,20.0611,20.433,20.4981,21.9259,19.3265,19.3822,19.4693,20.5926,21.8523,19.3803,19.423,19.5988,19.698,19.8825,19.7734,20.0551,20.0838,20.1109,20.93,19.7779,20.1735,20.2749,20.891,22.5127,19.9453,19.9554,20.3335,20.3051,20.9026,19.5779,19.7288,20.3409,20.9933,21.3072
535,3:22:35 PM,19.5782,19.7041,19.5773,19.9683,20.2858,20.2821,20.4229,20.5339,20.6804,20.7228,20.2236,20.203,20.2224,20.329,20.2941,20.4033,20.5486,20.4561,20.7262,21.239,20.4483,20.4446,20.5981,20.411,20.9601,19.7516,19.8201,19.8997,19.7609,20.2733,20.6375,20.3768,20.6874,20.8126,21.235,20.3211,20.2272,20.3184,20.193,20.3626,20.4104,20.7237,20.7317,21.2315,21.512,20.604,20.9515,20.7353,20.4045,20.8158,19.6283,19.4818,19.4817,19.6943,20.4645,19.7543,20.15,20.7414,20.7358,20.7304,20.2693,20.24,20.1755,20.5399,21.3244,20.3892,20.1601,19.6845,20.3927,21.2859,19.8384,20.1589,20.4989,20.3714,20.4962,19.3008,19.5424,19.5409,20.1025,20.5452,20.5296,19.6252,19.832,19.4891,20.6129,19.6782,19.9798,20.476,20.5397,22.0193,19.1237,19.2411,19.4483,20.6317,21.7677,19.6506,19.5272,20.0204,20.1667,20.0162,19.7528,19.8431,20.0279,20.1752,20.7867,20.0032,20.0874,20.1888,21.1429,22.6876,19.8566,19.9056,20.2763,20.3374,21.2102,19.3138,19.8552,20.3633,20.7084,21.0984
536,3:22:55 PM,19.7462,19.6248,19.4083,19.9739,20.4367,20.2819,20.1986,20.4559,20.8408,20.6587,20.1782,20.2541,20.0756,20.5682,20.0691,20.4672,20.5714,20.6552,20.6909,21.3992,20.4832,20.4657,20.5453,20.5738,20.8817,19.6977,19.8398,19.6391,19.4611,20.0923,20.6965,20.3975,20.8634,20.6384,21.2978,20.2187,20.4189,20.4971,20.7647,20.4899,20.4782,20.4348,20.6011,21.1646,21.2813,20.7585,21.0124,20.8709,20.4022,20.9417,19.3546,19.2825,19.5071,19.8397,20.6247,19.5852,20.2681,20.6185,20.6394,20.9111,20.2454,20.2597,20.0188,20.5643,21.5394,20.6233,20.0852,19.9367,20.411,21.2556,19.5839,20.1171,20.6343,20.374,20.9281,19.2248,19.4493,19.6662,19.8769,20.5298,20.3911,19.5377,19.8353,19.3446,21.1044,19.5327,19.805,20.3647,20.5856,21.8584,19.1822,19.4383,19.4787,20.5323,21.5213,19.6752,19.738,19.8085,20.2507,20.1341,19.7908,20.0948,20.1201,20.0018,21.0197,19.5925,19.9213,20.2294,20.7992,21.9457,19.9897,20.1044,20.2313,20.3319,20.7983,19.2414,20.143,20.1095,20.5777,20.6621
537,3:23:15 PM,19.666,19.4611,19.548,20.1152,20.325,20.2132,20.1228,20.5991,20.8498,20.8301,20.303,20.1978,19.8026,20.1508,20.4302,20.4603,20.6531,20.516,20.8202,21.239,20.6626,20.3614,20.4901,20.1678,21.0611,19.393,19.7755,19.4287,19.6497,20.0951,20.8237,20.3863,20.9606,20.6397,21.248,20.6233,20.6403,20.3661,20.2775,20.5516,20.4804,20.5287,20.6701,21.0247,21.413,20.7118,20.871,20.8837,20.5248,21.0301,19.4731,19.1698,19.3966,19.7202,20.5976,19.6071,20.2929,20.6095,21.0627,20.9003,20.2353,20.1774,20.0564,20.7107,21.4401,20.4308,20.222,19.7949,20.3628,21.0909,19.7559,20.1618,20.4253,20.4722,20.5222,19.2927,19.3975,19.5295,19.9519,20.6298,20.3054,19.4252,19.6387,19.3808,21.5047,19.663,20.0492,20.559,20.9302,22.3879,19.2931,19.4717,19.6516,20.5637,21.8491,19.7494,19.7223,19.9168,20.1519,20.107,19.8612,19.9216,20.1817,19.9471,21.0008,19.6634,19.9506,19.9396,21.3176,22.7561,20.0048,20.1333,20.2306,20.443,20.8648,19.2828,19.8687,20.3811,20.3345,20.9748
538,3:23:35 PM,19.513,19.604,19.6743,19.827,20.4149,20.2928,20.0084,20.5192,20.9186,20.8367,20.1168,20.1156,20.1238,20.281,20.5439,20.4641,20.7047,20.5685,20.7167,21.2542,20.3486,20.3995,20.344,20.4143,20.6783,19.6122,19.7613,19.5979,19.7502,20.2271,20.7074,20.548,20.8783,20.4987,21.1919,20.6148,20.2694,20.4301,20.5288,20.2293,20.5615,20.5319,20.6663,20.9515,21.424,20.6879,20.898,20.9295,20.3333,21.0497,19.4196,19.533,19.6973,19.4987,20.5578,19.673,20.2914,20.6291,20.8402,20.9538,20.1979,20.1678,20.1212,20.6685,21.3602,20.3492,20.0122,19.8667,20.3657,21.5333,19.6975,20.1884,20.4704,20.4437,20.8539,19.474,19.4565,19.459,19.7958,20.248,20.3196,19.3559,19.73,19.3623,21.2844,19.649,19.8875,20.6604,20.647,21.7694,19.2774,19.1836,19.6927,21.1168,21.7108,19.6302,19.768,20.0252,19.9166,20.444,19.8746,19.8437,19.905,20.1496,20.8203,19.8918,20.0746,20.4842,20.749,22.7079,19.9981,20.0421,20.3267,20.4464,20.9392,19.4401,20.0118,20.1284,20.3377,20.806
539,3:23:55 PM,19.4829,19.7632,19.6548,19.9383,20.359,20.2843,20.0596,20.4793,20.7521,21.0274,20.4422,20.2288,20.007,20.093,20.2103,20.3269,20.3269,20.6302,20.7936,21.3489,20.6137,20.5602,20.6923,20.5894,20.917,19.5399,19.8304,19.7355,19.8221,20.1278,20.5591,20.162,20.8368,20.6144,21.1907,20.3942,20.3218,20.3525,20.3794,20.4929,20.444,20.7065,20.4981,20.9409,21.3535,20.5879,21.0524,20.9594,20.539,21.0451,19.6304,19.1654,19.3915,19.4812,20.3391,19.8766,20.1221,20.5243,20.7948,20.7288,20.2582,20.3483,20.1591,20.4271,21.4989,20.4404,20.3159,19.8717,20.2122,21.4723,19.8042,20.0751,20.4942,20.4369,20.5986,19.3699,19.3839,19.6324,19.8256,20.4306,20.4834,19.447,20.1791,19.1496,21.2782,19.6592,19.7782,20.2233,20.5942,22.3196,19.4782,19.3447,19.6557,20.4015,21.9029,19.61,19.7006,20.04,19.7995,20.0099,19.8329,19.6812,20.0027,20.1994,21.5158,19.4914,19.9974,20.0604,21.4508,22.7219,19.8658,20.1264,20.5107,20.1488,20.7142,19.5571,20.1662,20.3453,20.5653,20.8782
540,3:24:15 PM,19.6163,19.6641,19.7267,20.0905,20.2683,20.29,20.2533,20.6686,20.7902,20.7408,20.2207,20.2557,20.0546,20.2753,20.4816,20.5332,20.4064,20.6275,20.7999,21.5296,20.3273,20.5505,20.5653,20.143,20.9189,19.8589,19.6949,19.7121,19.9078,20.1609,20.741,20.281,20.9214,20.7195,21.3257,20.3573,20.2831,20.3842,20.5634,20.9333,20.7214,20.5639,20.6446,21.2244,21.6424,20.6943,20.8333,20.8392,20.4948,21.2,19.6065,19.5281,19.537,19.5912,20.555,19.6622,20.0185,20.5358,20.8902,20.9375,20.352,20.1498,20.0475,20.6695,21.2372,20.2337,20.199,19.7059,20.3989,21.218,19.6295,19.888,20.5236,20.5127,20.6952,19.5244,19.4708,19.789,19.9796,20.5355,20.3172,19.322,20.1123,19.3316,21.352,19.7642,19.9841,20.642,20.8717,22.2862,19.1814,19.2528,19.4746,20.342,21.8178,19.5865,19.5601,19.8794,19.7861,19.8196,19.7517,20.0214,19.922,20.1474,20.9868,19.7694,20.0506,20.2963,20.8203,22.7252,19.9696,19.8527,20.239,20.0745,20.5621,19.3309,20.1516,20.2089,20.7465,21.0178
541,3:24:35 PM,19.634,19.5367,19.6131,20.0593,20.3165,20.0937,20.1327,20.7415,20.9565,20.9134,20.4471,20.0374,19.9956,20.5282,20.457,20.3543,20.7006,20.8218,20.8006,21.4195,20.5574,20.4457,20.6378,20.4485,20.8864,19.5396,19.9358,19.6755,19.6202,20.1721,20.7373,20.3563,20.954,20.6551,21.2662,20.4407,20.3208,20.2246,20.3992,20.5439,20.6477,20.4338,20.6217,21.0667,21.2056,20.7497,20.9066,20.8762,20.4813,20.9175,19.5574,19.224,19.6467,19.8321,20.615,19.6368,20.2158,20.548,20.9422,21.1069,20.3443,20.2402,20.0454,20.6564,21.4115,20.3353,20.0606,19.7545,20.215,21.1331,19.6158,20.2091,20.5829,20.3679,20.7193,19.6127,19.2564,19.6415,19.9628,20.4841,20.3938,19.3997,19.8136,19.4292,20.7213,19.5692,19.8926,20.3955,20.756,22.0421,19.2586,19.4126,19.6787,20.3337,21.7957,19.541,19.6949,19.9076,19.625,20.1598,19.8061,19.9199,19.9717,20.0409,20.7187,19.8061,20.155,20.368,20.6967,22.525,20.0359,19.9148,20.2594,20.151,21.3282,19.4609,19.9176,20.201,20.754,21.0996
542,3:24:55 PM,19.7,19.6672,19.7652,19.9372,20.4333,20.4039,20.0042,20.5963,20.6716,20.8567,20.3153,20.0018,19.7872,20.2236,20.4979,20.3596,20.4001,20.6967,20.7301,21.2544,20.6183,20.3907,20.489,19.9814,20.7385,19.6055,19.7001,19.8608,19.645,20.1078,20.5816,20.2171,20.579,20.8435,21.231,20.4262,20.2575,20.2495,20.6125,20.4903,20.4586,20.5889,20.6136,21.1374,21.3935,20.8019,20.8996,21.0989,20.6326,20.8166,19.5213,19.4126,19.5939,19.6193,20.3987,19.9329,20.1919,20.4532,20.8809,20.6952,20.3192,20.2946,19.9879,20.6749,21.3841,20.2237,20.1255,19.8224,20.5465,21.1241,19.7594,19.9108,20.644,20.548,20.658,19.4344,19.5217,19.6052,19.9481,20.5342,20.5432,19.5306,20.011,19.5484,20.8131,19.641,19.8501,20.5624,20.6236,22.4126,19.3924,19.5025,19.5313,20.2627,21.6957,19.4163,19.6393,20.1546,19.7492,19.9747,19.7733,19.9124,20.0617,20.1469,21.3508,19.8721,19.998,20.4078,20.7816,22.8883,20.1319,19.7906,20.1538,20.2091,20.6285,19.1999,19.9801,20.0141,20.7268,21.0062
543,3:25:15 PM,19.4439,19.6526,19.6097,19.9728,20.353,20.2099,19.9993,20.5938,20.8939,20.9541,20.1617,20.1634,20.1231,20.1389,20.4728,20.2927,20.7158,20.6482,20.8003,21.0132,20.3598,20.4418,20.4004,20.5472,20.8157,19.405,19.8384,19.704,19.643,20.1483,20.6464,20.3191,20.7368,20.682,21.5072,20.3114,20.1275,20.3376,20.3946,20.6596,20.3571,20.4155,20.7545,20.8892,21.6462,20.8276,21.0691,20.9228,20.4754,21.0259,19.4908,19.3328,19.6907,19.6456,20.6372,19.8492,20.1144,20.4572,20.8557,20.9096,20.18,20.2124,19.9581,20.5783,21.4244,20.5607,20.156,19.9173,20.3858,21.1267,19.8704,20.4465,20.3715,20.467,20.6942,19.3142,19.3527,19.6256,19.9476,20.3935,20.2728,19.3689,19.7953,19.288,21.1314,19.4596,20.0089,20.3869,20.5286,22.267,19.1133,19.1994,19.6921,20.2229,21.6421,19.4709,19.5505,19.8657,19.656,20.2542,19.7036,19.8739,20.1402,20.0794,20.8252,19.7519,20.0258,20.3197,20.7425,22.5918,20.1258,20.1088,20.3331,20.3062,20.2378,19.4177,19.8327,20.1398,20.6059,20.9762
544,3:25:35 PM,19.8231,19.6436,19.6435,19.8146,20.2901,20.0937,20.1808,20.6244,20.8442,20.7529,20.2604,20.146,20.0759,20.309,20.4858,20.1501,20.5279,20.6455,20.6612,21.0061,20.3294,20.372,20.3267,20.38,20.8475,19.4425,19.842,19.7569,19.7856,20.0859,20.7414,20.2689,20.6987,20.7986,21.3015,20.395,20.2398,20.3817,20.6013,20.7624,20.394,20.6527,20.6621,20.9551,21.4896,20.6441,20.9541,20.971,20.5854,21.0015,19.4183,19.2897,19.5499,19.5692,20.4542,20.0463,20.0787,20.4381,20.7991,20.6093,20.1142,20.2416,19.9752,20.6804,21.3691,20.2252,20.1646,19.9053,20.2937,21.1614,19.6924,20.0753,20.526,20.6466,21.0853,19.5349,19.4293,19.6131,19.9442,20.4355,20.3446,19.5139,20.1665,19.538,20.56,19.5926,19.8121,20.4109,20.4389,22.2595,19.5011,19.2227,19.3742,20.2359,21.6973,19.5167,19.4091,19.991,19.7651,19.8553,19.7679,19.6043,20.1719,20.0293,20.9885,19.8314,20.0809,20.388,20.6968,22.1187,20.131,20.1781,20.2668,20.2944,20.4998,19.485,20.0793,20.1618,20.5368,20.8488
545,3:25:55 PM,19.8173,19.757,19.8466,20.0123,20.5531,20.303,20.1298,20.6889,20.8136,20.6827,20.1556,20.1753,19.7747,20.2263,20.2223,20.2297,20.3956,20.4638,20.691,21.0616,20.51,20.3459,20.4628,19.9275,20.6565,19.479,19.7729,19.5473,19.6117,20.2632,20.8276,20.3899,20.6714,20.8615,21.4562,20.356,20.244,20.3462,20.3549,20.2342,20.6244,20.597,20.6371,20.932,21.4822,20.7536,20.8516,20.8447,20.5731,20.9174,19.5425,19.2547,19.5114,19.4761,20.664,19.6333,20.2777,20.5199,20.7918,20.8148,20.1825,20.2279,19.921,20.7166,21.3161,20.4454,20.0498,19.846,20.4388,20.9548,19.7366,20.2098,20.425,20.6489,20.5157,19.3526,19.235,19.5994,19.9258,20.4067,20.487,19.5294,20.016,19.2207,20.9731,19.654,19.9435,20.4149,20.6422,22.2881,19.3671,19.2785,19.655,20.4603,21.5694,19.544,19.3857,19.9447,19.5471,19.5982,19.7842,19.9059,20.1927,20.2091,21.9385,19.6536,20.1354,20.3673,21.6015,22.7518,20.191,20.2541,20.4865,20.4291,20.5459,19.5997,19.8433,20.3815,20.7931,21.0076
546,3:26:15 PM,19.7077,19.7572,19.6969,20.1126,20.2856,20.2102,20.1662,20.7547,20.7974,20.7646,20.1484,20.2492,19.9192,20.2093,20.3745,20.326,20.56,20.5402,20.8098,21.0618,20.5206,20.3605,20.3467,20.0586,20.9547,19.7744,19.9108,19.6229,19.7154,20.1794,20.7366,20.2336,20.788,20.6361,21.4313,20.3741,20.4056,20.1751,20.3648,20.293,20.5611,20.4286,20.7085,21.1111,21.5265,20.5505,20.7816,20.8886,20.5631,20.7262,19.4186,19.294,19.4713,19.6675,20.6285,20.0258,20.1711,20.5727,20.8716,20.9387,20.246,20.4176,20.1885,20.6065,21.0204,20.2077,20.0276,19.8496,20.4139,21.2356,19.9913,20.4424,20.5403,20.2625,20.6405,19.3917,19.4467,19.6761,20.0697,20.263,20.3872,19.4535,19.9238,19.3051,21.0159,19.7491,19.7155,20.6379,20.6744,22.1158,19.1146,19.4035,19.7206,20.5433,21.564,19.5723,19.5718,19.7788,19.7887,20.0997,19.679,19.927,20.0837,19.8903,20.714,19.9142,20.1096,20.388,21.1269,22.6761,20.1458,19.868,20.4596,20.3828,21.1691,19.5497,20.2413,20.2545,20.9877,20.8836
547,3:26:35 PM,19.7296,19.539,19.564,19.9238,20.3351,20.4038,19.9553,20.4698,20.8193,20.9029,20.1214,20.0219,19.9447,19.9439,20.2681,20.3139,20.573,20.6797,20.8393,21.1737,20.4324,20.4055,20.5022,20.0017,20.8374,19.6772,19.6865,19.8105,19.6997,20.0008,20.4261,20.2447,20.7367,20.707,21.4428,20.4575,20.2779,20.5061,20.1989,20.1585,20.4039,20.6744,20.5941,21.2195,21.4006,20.5485,20.8614,20.7862,20.4691,20.755,19.4474,19.0735,19.644,19.5845,20.551,19.7995,20.1577,20.4945,20.8717,20.5761,20.1498,20.2656,20.2046,20.3926,21.2702,20.3347,20.0831,19.6337,20.4346,21.2258,19.8446,20.1098,20.3013,20.4196,20.6587,19.4034,19.1364,19.6026,19.8325,20.325,20.321,19.6227,20.2228,19.4004,20.5302,19.8683,19.8091,20.6993,20.7124,22.6597,19.2915,19.4008,19.5621,20.533,21.8049,19.7452,19.5302,19.9321,19.8545,20.3559,19.8019,19.7895,20.2173,20.0753,20.5691,19.5444,19.9921,20.2061,20.5981,22.4113,20.0775,19.9313,20.3413,20.5252,20.9484,19.3235,20.1266,20.1794,20.7556,21.1897
548,3:26:55 PM,19.626,19.5188,19.6537,19.8064,20.3063,20.1755,19.9406,20.5403,20.6588,20.9505,20.1361,20.0614,20.059,20.2724,20.3567,20.3915,20.6111,20.756,20.7133,21.0524,20.4641,20.443,20.3248,20.3174,20.6208,19.6379,19.9011,19.5429,19.7577,20.164,20.481,20.3114,20.8195,20.6335,21.3239,20.5555,20.3452,20.3472,20.4492,20.2066,20.4372,20.5299,20.5864,21.0306,21.3145,20.5741,20.9415,20.8186,20.4847,20.8856,19.6176,19.2696,19.5326,19.574,20.4439,20.0648,20.4265,20.3918,20.8467,20.7685,20.2119,20.2027,20.1167,20.3718,21.1757,20.2696,20.2161,19.7652,20.3396,21.1418,19.7165,19.9918,20.3178,20.3292,20.6975,19.5476,19.4035,19.7557,20.0576,20.4297,20.5785,19.6391,20.0991,19.2446,20.6103,19.5903,19.8994,20.7033,20.6203,22.2294,19.1573,19.4203,19.6508,20.5845,21.9347,19.4775,19.5166,19.6698,19.8131,20.4233,19.6211,19.8775,19.9116,20.1951,21.1081,19.561,20.0856,20.1922,20.6295,22.7211,20.0165,19.643,20.341,20.2026,20.6214,19.6348,20.082,20.2931,20.427,21.0763
549,3:27:15 PM,19.6526,19.7045,19.4999,19.7212,20.1571,20.2787,20.0167,20.3242,20.828,20.5947,20.2676,20.0572,19.9615,20.3101,20.3499,20.3204,20.653,20.5597,20.6846,21.1679,20.4008,20.472,20.4109,20.4405,20.9657,19.5207,19.7605,19.801,19.7672,20.1415,20.6899,20.1042,20.5548,20.609,21.2595,20.35,20.2811,20.433,20.5337,20.8137,20.541,20.379,20.5837,20.9822,21.4087,20.7957,20.8834,20.869,20.3311,21.0324,19.6013,19.2852,19.52,19.4441,20.278,19.8143,20.266,20.3488,20.6819,20.7006,20.2998,20.1286,19.9146,20.6258,21.4663,20.4934,20.0787,19.8361,20.3795,21.2655,19.8068,20.1126,20.4572,20.4388,20.8365,19.3158,19.3263,19.8508,19.9453,20.4497,20.4132,19.8396,20.2187,19.4645,20.84,19.7324,19.916,20.268,20.8042,22.3004,19.2315,19.3869,19.4415,20.4938,21.9712,19.433,19.5969,19.9339,19.8307,20.6768,19.7653,19.808,19.9529,20.0874,20.8964,19.672,20.2272,20.1377,20.9663,22.5645,20.1506,20.0254,20.3568,20.4397,20.6821,19.1924,20.0228,20.1307,20.7152,21.0446
550,3:27:35 PM,19.4577,19.6904,19.6127,20.0697,20.389,20.1365,20.1874,20.3314,20.7354,20.7632,20.426,20.2088,20.0785,20.1902,20.4281,20.3776,20.3807,20.5205,20.669,21.3222,20.688,20.3321,20.4901,20.6159,20.8577,19.7442,19.7109,19.752,19.9681,20.145,20.6364,20.1713,20.7524,20.4649,21.354,20.4319,20.281,20.5037,20.6041,20.5043,20.4709,20.4683,20.8108,21.1218,21.4058,20.4591,20.9637,20.9086,20.4942,20.9273,19.7429,19.4053,19.6646,19.7805,20.5955,19.5883,20.1033,20.5673,20.9061,21.0492,20.1297,20.0815,19.9753,20.414,21.3974,20.3511,20.1819,19.9472,20.3009,21.055,19.8831,20.1361,20.512,20.3265,20.8061,19.6022,19.4916,19.6139,19.9599,20.3842,20.5123,19.6086,20.2674,19.4177,20.7019,19.4811,20.0036,20.4121,21.0965,21.9531,19.2956,19.2629,19.639,20.4425,21.682,19.574,19.8208,20.1145,19.9995,19.684,19.8573,19.8409,20.1693,20.0426,21.2704,19.6629,20.0615,20.3544,20.9032,22.6513,19.9724,19.8278,20.273,20.0859,20.7315,19.1009,19.8238,19.9946,20.6654,21.3793
551,3:27:55 PM,19.6482,19.5284,19.5796,19.9399,20.3379,20.1984,19.9761,20.5307,20.6736,20.7756,20.4156,20.1373,20.1404,20.3932,20.5707,20.4822,20.3607,20.6158,20.7903,21.3957,20.6812,20.6716,20.6166,20.2151,20.6572,19.553,19.8161,19.6586,19.9577,20.1646,20.4827,20.3789,20.8247,20.7631,21.1895,20.4233,20.5723,20.5148,20.6255,20.9309,20.3823,20.5215,20.7255,21.2222,21.611,20.7859,20.904,20.8178,20.5448,20.8032,19.3483,19.1346,19.4825,19.8523,20.5428,19.6115,20.071,20.6299,20.8978,20.7383,20.2432,20.2908,20.1045,20.643,21.3634,20.3837,20.0579,19.8358,20.3953,21.1129,19.8384,20.0411,20.5386,20.4877,20.7108,19.223,19.1131,19.7427,19.7866,20.3735,20.3481,19.4523,19.6634,19.3816,21.0955,19.5294,19.8381,20.4589,20.8146,22.4178,19.1655,19.5664,19.3846,20.2131,21.9379,19.8102,19.4233,19.7789,19.7752,19.526,19.6895,19.9905,20.079,20.0249,21.323,19.605,20.0628,20.3752,20.8186,22.6793,19.8729,19.9858,20.2059,20.2945,20.7642,19.1963,19.7484,19.9136,20.5693,21.1257
552,3:28:15 PM,19.6326,19.5217,19.7521,20.1707,20.2532,20.1458,20.2172,20.6187,20.6615,20.586,20.3313,20.2301,19.952,20.2213,20.5686,20.3078,20.5182,20.5632,20.6757,21.5742,20.4976,20.4046,20.4815,20.3501,20.7166,19.6855,19.7123,19.744,20.1252,20.1181,20.3462,20.1912,20.8223,20.6778,21.2089,20.494,20.3565,20.3483,20.6847,20.5006,20.51,20.6335,20.8553,21.2065,21.4235,20.7273,20.873,20.7937,20.6498,20.9343,19.3925,19.2417,19.664,19.5965,20.4334,19.6883,19.986,20.5559,20.6618,20.9064,20.3013,20.2108,19.968,20.7093,21.219,20.5823,20.1594,19.7775,20.2023,21.0949,19.8067,20.2242,20.6627,20.3581,20.6849,19.344,19.3348,19.6277,19.9193,20.3826,20.2251,19.5361,20.2607,19.1955,20.9601,19.6728,19.7791,20.7442,20.799,22.1926,19.3132,19.3517,19.2765,20.1475,21.703,19.3665,19.5504,19.7359,19.748,20.056,19.7721,19.5893,20.0637,20.2407,20.9098,19.8299,19.9812,20.07,21.1183,22.8899,20.0558,20.1478,20.1635,20.2415,20.4464,19.0879,20.0868,20.2616,20.7781,20.9676
553,3:28:35 PM,19.7021,19.5683,19.6214,20.1387,20.3144,20.139,20.149,20.5752,20.6271,20.7615,20.2357,20.1516,20.0261,20.2424,20.3554,20.3208,20.3634,20.5741,20.763,21.28,20.6961,20.4064,20.459,20.0329,20.8089,19.4683,19.791,19.5755,19.5883,20.2095,20.527,20.4021,20.7673,20.8541,21.0849,20.4793,20.4224,20.2676,20.4408,20.5983,20.7082,20.5347,20.6474,20.9855,21.4677,20.7549,20.9912,20.8719,20.5561,20.6663,19.6599,19.335,19.4385,19.515,20.4262,19.7697,20.0085,20.649,20.8729,21.2015,20.1262,20.1911,20.1567,20.8479,21.3447,20.5146,20.2609,19.779,20.3416,20.9812,20.3005,20.3422,20.703,20.2657,20.6413,19.6706,19.2439,19.7971,19.9936,20.3524,20.6085,19.6176,20.0477,19.6104,20.9258,19.8189,19.9706,20.3896,20.8311,22.4512,19.3992,19.443,19.6274,20.3674,21.9256,19.6051,19.6616,19.7872,19.6662,20.2843,19.9529,19.86,19.8093,19.9933,20.7545,19.8345,20.1044,20.3116,20.877,22.2546,20.0874,19.6638,20.4171,20.3451,20.5331,19.5093,20.0876,20.1768,20.3941,21.2727
554,3:28:55 PM,19.4655,19.6088,19.8836,20.0728,20.3477,20.3498,19.9751,20.4985,20.7019,20.5084,20.507,20.1882,20.0223,20.0528,20.4018,20.4027,20.5906,20.4901,20.7576,21.1273,20.4303,20.246,20.805,20.2665,20.7684,19.5834,19.5866,19.681,19.7802,20.0794,20.438,20.3103,20.7154,20.9689,21.2429,20.2915,20.4852,20.3512,20.2665,20.3089,20.7236,20.5637,20.6182,20.953,21.4409,20.9012,20.9209,20.7512,20.4554,20.9488,19.5403,19.2673,19.497,19.5375,20.4117,19.9903,20.2793,20.7424,20.77,20.7004,20.242,20.1549,19.9534,20.4933,21.3614,20.4074,20.2104,19.775,20.3036,21.1257,19.8675,20.2179,20.4438,20.4902,20.7509,19.3598,19.225,19.7203,19.9164,20.2525,20.4103,19.3755,20.1128,19.0771,20.8622,19.4706,20.131,20.6434,20.752,22.1478,19.1477,19.2308,19.4327,20.3042,21.8338,19.6903,19.8576,20.0534,19.8794,19.9565,19.8716,19.6193,20.0057,20.0233,20.9182,19.708,20.1547,20.3218,20.7285,22.2923,19.956,19.8819,20.1813,20.3109,20.6871,19.2407,19.8343,20.2528,20.7775,21.1434
555,3:29:15 PM,19.494,19.4524,19.6926,19.833,20.2268,20.4728,20.3053,20.7119,20.6749,20.5309,20.2102,19.9805,20.055,20.2416,20.3367,20.4213,20.5889,20.5556,20.9616,21.2569,20.6318,20.1991,20.4695,20.1949,20.7304,19.3904,19.723,19.7115,19.6387,20.143,20.6089,20.388,20.7476,20.8376,21.3491,20.3362,20.3693,20.2388,20.2808,20.7724,20.4496,20.5268,20.5779,21.0424,21.481,20.8579,20.9435,20.8596,20.37,20.822,19.5621,19.2628,19.7093,19.6117,20.3026,19.7332,20.0942,20.5829,20.9093,20.8336,20.0859,20.3194,20.0484,20.4679,21.3681,20.3089,20.2873,19.7206,20.4219,21.2698,19.6941,20.2184,20.5925,20.5409,20.64,19.6133,19.382,19.7253,19.8891,20.315,20.409,19.3846,20.1424,19.5625,20.9592,19.6923,20.1407,20.4278,20.7265,22.1457,19.2017,19.3472,19.0887,20.1016,21.8742,19.3145,19.2854,19.8679,19.7139,19.8598,19.6099,19.8692,20.1551,19.8961,20.8458,19.7948,20.0731,20.2922,21.0793,22.3741,20.0412,20.1498,20.3929,20.297,20.3409,19.4324,20.0369,20.2515,20.493,21.0527
556,3:29:35 PM,19.5494,19.7545,19.6524,19.9559,20.2383,20.2428,20.2903,20.3589,20.7481,20.7427,20.3203,20.0818,20.103,20.1255,20.3108,20.4694,20.5694,20.7789,20.5555,21.2409,20.3623,20.2023,20.5395,20.2796,20.7748,19.6342,19.8503,19.5204,19.6589,20.1859,20.5427,20.317,20.7582,20.9395,21.0847,20.3139,20.3942,20.4829,20.1504,20.2695,20.3486,20.5473,20.7375,21.0032,21.4584,20.5355,21.0002,20.7085,20.4812,20.7953,19.8192,19.3228,19.7388,19.6311,20.3531,19.7699,20.1986,20.6829,20.9436,20.9161,20.3467,20.5102,20.2492,20.7014,21.581,20.4245,20.2243,19.9794,20.3918,21.2621,19.9164,20.1676,20.6222,20.4586,20.6258,19.5947,19.5297,19.6385,20.0826,20.4254,20.447,19.7101,20.2744,19.2931,21.0338,19.6544,19.94,20.6752,21.2392,22.4678,19.3594,19.4857,19.4158,20.4307,21.6839,19.5338,19.7104,19.8056,20.1072,19.7736,19.8063,19.7389,20.0236,20.1492,20.7321,19.7536,20.2831,20.3697,21.0231,21.6211,20.2448,19.9903,20.3472,20.4412,20.3862,19.6824,19.9885,20.3224,20.5304,21.0856
557,3:29:55 PM,19.649,19.6522,19.4548,19.899,20.1701,20.3237,20.1404,20.6479,20.7228,20.6824,20.292,20.1447,20.1396,20.0322,20.3417,20.2667,20.4339,20.7233,20.4213,21.1378,20.4535,20.4648,20.338,20.2555,20.9178,19.6083,19.7774,19.7486,19.9702,20.205,20.8488,20.3383,20.8602,20.449,21.2689,20.5256,20.3069,20.5358,20.1053,20.2248,20.4001,20.497,20.6222,20.9198,21.4066,20.8003,20.9709,20.8003,20.5626,20.7629,19.5771,19.25,19.5934,19.5949,20.505,19.7562,20.2914,20.4249,20.7573,20.914,20.3297,20.397,19.9963,20.5988,21.491,20.5038,20.0385,19.8852,20.3649,21.1439,20.1694,20.3048,20.3141,20.4137,20.6806,19.4152,18.9965,19.6592,19.7636,20.5755,20.456,19.7218,19.7743,19.3733,21.081,19.6471,20.1601,20.4195,20.774,22.3253,19.3678,19.4193,19.3513,20.7136,21.6702,19.5593,19.7874,19.9402,19.8935,20.0245,19.6952,19.7312,20.0404,20.1485,20.7811,19.7553,19.9856,20.4107,20.8319,22.0563,20.0875,20.0628,20.3855,20.3645,20.3055,19.5447,19.9619,20.3746,20.5202,21.0963
558,3:30:15 PM,19.7906,19.6397,19.8036,19.9192,20.3571,20.0775,20.1443,20.3231,20.8181,20.7067,20.3284,20.2021,20.1685,20.2704,20.3568,20.4703,20.5285,20.7214,20.5096,21.099,20.4795,20.4896,20.4403,20.1099,20.7396,19.7326,19.7674,19.5083,19.8146,20.0592,20.7656,20.1255,20.7659,20.8086,21.4969,20.4234,20.2218,20.3763,20.5194,20.1565,20.5883,20.4683,20.7068,20.8218,21.4499,20.7465,20.8994,20.7623,20.6747,21.0802,19.5395,19.377,19.5946,19.7238,20.5362,19.9486,20.3906,20.5269,20.8952,21.0227,19.9065,20.3588,19.9134,20.5429,21.2849,20.323,20.2573,19.8971,20.4852,21.6169,20.074,20.1736,20.6154,20.2808,20.5638,19.3452,19.3262,20.046,19.8744,20.4751,20.4872,19.2563,19.7813,19.3821,20.5904,19.7388,20.1088,20.8146,21.0199,22.6126,19.259,19.3524,19.2134,20.3538,21.6806,19.7882,19.4825,19.7104,19.918,19.9595,19.7859,19.7854,20.1756,20.1607,20.8846,19.7696,20.2277,20.3856,20.7598,23.0984,20.1055,19.9424,20.1828,20.124,20.7056,19.4716,20.1191,20.3412,20.5517,20.9347
559,3:30:35 PM,19.8634,19.6825,19.7042,19.9254,20.6485,20.1631,20.0426,20.1535,20.8283,20.5915,20.4113,20.2276,20.2758,20.5303,20.3092,20.2938,20.5091,20.5506,20.5568,21.2876,20.2236,20.2417,20.4428,20.0958,20.6548,19.7656,19.9234,20.0135,19.8868,19.9068,20.436,20.174,20.6253,20.9033,21.1773,20.34,20.7032,20.5844,20.3981,20.6713,20.6143,20.3398,20.8557,21.1511,21.5396,20.5508,20.9838,20.8075,20.6364,20.7,19.7392,19.4153,19.7399,19.7933,20.5405,20.0049,20.1273,20.4498,20.9162,20.7112,20.3764,20.4291,19.9506,20.6459,21.2505,20.36,20.2153,19.7535,20.4596,21.3943,20.2915,20.2475,20.5905,20.2963,20.6493,19.6448,19.5823,19.7366,20.03,20.5999,20.2467,19.57,19.6756,19.5095,20.6735,19.5741,19.9505,20.6285,20.565,21.8177,19.5343,19.2589,19.6939,20.5817,21.8951,19.4197,19.8058,19.7863,19.8879,20.3201,19.7413,19.7508,20.0954,20.0127,21.334,19.809,20.1439,20.5522,20.782,22.4536,20.1252,19.9517,20.3312,20.2343,21.0597,19.4197,19.8804,20.246,20.6287,20.9446
560,3:30:55 PM,19.6361,19.7402,19.7195,19.99,20.3051,20.2529,20.0485,20.6962,20.6667,20.6014,20.3629,20.1938,20.0078,20.3516,20.4691,20.2723,20.6835,20.7768,20.557,21.1128,20.6679,20.601,20.4401,20.0728,20.8909,19.6469,19.9454,19.6934,19.7683,20.3007,20.5242,20.1845,20.5016,20.4545,21.1498,20.3537,20.3139,20.4747,20.446,20.8053,20.4242,20.6865,20.6686,21.1427,21.3983,20.6428,20.8682,20.8496,20.3578,20.9211,19.5117,19.2882,19.7347,19.5928,20.5059,19.8924,20.3916,20.5716,20.6785,20.8062,20.0787,20.0645,20.0076,20.4898,21.1125,20.5995,20.129,19.9956,20.2728,21.0427,19.9621,20.1889,20.5437,20.3493,20.4537,19.3476,19.5526,19.8493,19.9727,20.4246,20.5444,19.7659,20.0826,19.5305,21.0966,19.9097,20.2232,20.745,21.1491,22.4564,19.4918,19.5776,19.5842,20.8276,21.7356,19.7832,19.5773,20.1007,19.8722,20.4516,19.9161,19.7295,20.1956,20.3251,21.0099,19.7443,19.9777,20.3263,20.7943,21.7978,20.1873,19.8577,20.3035,20.5416,20.5302,19.5786,20.0573,20.1795,20.7676,21.6201
561,3:31:15 PM,19.5501,19.5984,19.6054,20.1022,20.3666,20.2767,20.2934,20.6341,20.7534,20.644,20.3696,20.2042,20.2583,20.4661,20.3041,20.3004,20.6551,20.4295,20.6831,21.3067,20.5049,20.2609,20.4892,20.1383,20.912,19.7649,19.944,19.7565,19.9327,20.0708,20.483,20.2186,20.4385,20.7745,21.256,20.6712,20.6174,20.264,20.505,20.6334,20.5229,20.727,20.7352,20.9337,21.5469,20.6744,20.9226,20.7096,20.4941,20.977,19.67,19.3245,19.6241,19.5604,20.5363,20.0177,20.1823,20.5454,20.694,20.9672,20.3153,20.2653,20.214,20.5178,21.09,20.5107,20.1777,19.895,20.3419,21.2303,19.8773,20.1878,20.7355,20.3881,20.7828,19.6403,19.306,19.6698,19.9637,20.3077,20.5522,19.5091,20.0681,19.6194,20.833,19.8674,19.8906,20.6739,20.806,22.1639,19.5519,19.4227,19.3512,20.3661,21.8676,19.6048,19.8901,20.1431,19.8809,19.7602,19.9144,19.733,20.006,20.2057,20.7304,19.9401,20.0964,20.4082,20.7815,22.6459,20.2953,20.0182,20.3961,20.4273,20.9924,19.5635,20.11,20.0067,20.7576,21.3025
562,3:31:35 PM,19.6066,19.7346,19.6922,20.0479,20.2145,20.0416,20.2521,20.4315,20.5905,20.8804,20.2946,20.098,20.0419,20.315,20.3012,20.1864,20.4586,20.5946,20.7452,21.0611,20.4614,20.4423,20.4623,20.4488,20.9859,19.9878,19.87,20.0597,19.8365,20.1265,20.6296,20.1369,20.7807,20.7834,21.2695,20.3625,20.5021,20.4867,20.4552,20.4607,20.305,20.5001,20.5559,20.964,21.6664,20.7257,20.9034,20.6029,20.4761,20.905,19.5428,19.3702,19.7267,19.7793,20.4554,19.642,20.1364,20.4353,20.7086,20.6299,20.3425,20.1466,20.0037,20.5791,21.1401,20.6104,20.1208,19.8197,20.3317,21.2856,19.9735,20.2325,20.6517,20.3126,21.036,19.759,19.4291,19.7408,20.0755,20.3103,20.4932,19.6309,20.2738,19.5739,20.8175,19.5744,19.893,20.3875,20.7675,22.5933,19.4014,19.5151,19.6533,20.4558,21.7005,19.815,19.6508,19.6975,19.8135,20.8383,19.7239,19.9701,20.1681,19.901,20.5719,20.0393,19.9715,20.4781,20.9709,22.1557,20.1601,20.0854,20.2568,20.4777,20.7776,19.5288,20.1134,20.2045,20.7666,21.1689
563,3:31:55 PM,19.6608,19.6037,19.6799,19.9709,20.0779,20.2855,20.1455,20.5642,20.818,20.6575,20.3694,20.2452,20.0668,20.4434,20.523,20.4827,20.4212,20.6569,20.5601,21.506,20.536,20.2942,20.6449,20.4324,20.9213,19.7863,19.8449,19.7337,19.8134,20.0798,20.7116,20.2887,20.674,20.6956,21.2513,20.3885,20.0595,20.4561,20.251,20.6465,20.6301,20.4805,20.5433,21.0766,21.4259,20.7147,20.9307,20.8579,20.4081,20.6785,19.7167,19.4488,19.5743,19.536,20.5129,19.6853,20.034,20.7273,21.0416,21.0272,20.4089,20.5039,20.1833,20.752,21.2777,20.3361,20.2564,19.9333,20.4461,21.2284,19.9358,20.5043,20.6507,20.4135,21.0769,19.6389,19.6523,19.8092,19.922,20.5118,20.5371,19.4509,20.0062,19.7992,21.0103,19.7777,20.0963,20.7179,21.2566,22.6301,19.4754,19.375,19.71,20.6786,21.7649,19.7479,19.7941,19.877,19.6939,19.925,20.0593,19.9251,20.0626,20.0174,20.818,19.734,20.1988,20.2575,20.7884,22.4409,20.0183,19.916,20.2392,20.2611,20.817,19.5513,20.1825,20.3933,20.7224,21.1574
564,3:32:15 PM,19.5475,19.7613,19.7792,20.2036,20.1006,20.1674,20.1907,20.6842,20.8422,20.5947,20.241,20.2482,20.1567,20.1755,20.3985,20.4122,20.3788,20.528,20.6703,21.243,20.5657,20.5116,20.5636,20.2722,20.8114,19.6446,19.9982,19.6928,19.9228,20.0544,20.6835,20.2943,20.7697,20.8486,21.1959,20.6112,20.408,20.4859,20.3586,20.6455,20.7082,20.7079,20.6623,21.1551,21.5908,20.7691,20.9345,20.8645,20.5491,20.8077,19.5006,19.3265,19.6175,19.5572,20.5605,20.1227,20.224,20.5976,20.8018,20.9387,20.3203,20.3597,20.0655,20.6976,21.2987,20.5298,20.1524,19.9048,20.3344,20.9685,20.0872,20.1838,20.7377,20.4673,20.487,19.5618,19.3878,19.7328,19.7922,20.4191,20.3127,19.3803,19.9123,19.3741,20.8279,19.5813,20.0355,20.7475,20.7789,22.2317,19.4414,19.4002,19.5701,20.4135,21.7116,19.5455,19.7884,20.0985,19.947,20.0112,19.9273,19.7758,20.1832,20.3337,20.6946,20.0582,20.035,20.4258,20.6664,22.4603,20.0677,20.0126,20.3211,20.4801,21.0993,19.8958,20.1765,20.3135,20.6962,21.1505
565,3:32:35 PM,19.7913,19.846,19.815,20.109,20.4821,20.5588,20.2998,20.716,20.7649,20.5315,20.3796,20.2957,20.2067,20.2558,20.3457,20.5978,20.4493,20.6558,20.6828,21.2324,20.4377,20.3948,20.5803,20.4457,20.58,19.6424,19.9869,19.9854,20.0249,20.1606,20.3553,20.352,20.7741,20.9944,21.0779,20.5452,20.4809,20.4099,20.0376,20.6349,20.408,20.5534,20.5632,21.103,21.7176,20.7625,20.7738,20.786,20.4737,20.7514,19.5931,19.5508,19.7054,19.6634,20.5845,20.1742,20.0868,20.5699,20.9901,21.0368,20.4825,20.359,20.1886,20.6416,21.582,20.5503,20.0701,19.7502,20.3104,21.1518,20.0121,20.4474,20.5592,20.5837,20.7935,19.629,19.8579,19.8043,20.0957,20.5413,20.4115,19.6111,20.2434,19.5243,21.0269,20.0623,19.984,20.4879,21.201,22.5458,19.3987,19.2929,19.6124,20.4208,21.6839,19.653,20.0343,20.1042,20.0556,19.8135,19.815,20.0584,20.1423,20.1524,21.3924,19.7776,20.1875,20.4,20.8263,22.7344,20.2113,20.2601,20.3515,20.4086,20.9391,19.6204,20.1378,20.3117,20.5931,21.0822
566,3:32:55 PM,19.7014,19.7547,19.8291,20.2181,20.368,20.2262,20.0975,20.4371,20.7526,20.7105,20.2821,20.1479,20.3052,20.2854,20.4767,20.4862,20.455,20.5086,20.6148,21.3989,20.6293,20.6204,20.4241,20.2169,20.8644,19.9791,19.8992,19.8529,20.0226,20.2149,20.6947,20.3446,20.6924,20.8136,21.1987,20.4761,20.464,20.3375,20.5945,20.74,20.4503,20.5223,20.5493,21.2062,21.6062,20.6549,20.8515,20.8489,20.3897,20.8363,19.7978,19.3593,19.6526,19.8081,20.4076,20.0137,20.2711,20.7093,20.8831,20.9353,20.2678,20.3334,20.1262,20.642,21.3658,20.6213,20.197,19.9171,20.6703,21.1943,19.9106,20.3943,20.646,20.5958,20.8281,19.5667,19.3385,19.849,20.0786,20.5331,20.6039,19.5938,20.0969,19.6466,20.7118,19.9579,20.0557,20.8285,21.2777,22.236,19.532,19.6253,19.6764,20.5745,21.7071,19.3442,19.6759,19.7117,20.0287,19.8198,19.853,19.8861,20.1169,20.0713,20.8956,19.5921,20.1857,20.5741,20.7786,22.3257,20.0295,19.9331,20.3274,20.2194,21.1402,19.8879,20.2181,19.9062,20.6872,20.9699
567,3:33:15 PM,19.6625,19.5912,19.4111,20.1219,20.2512,20.3494,20.2379,20.5239,20.7836,20.7768,20.1892,20.3083,20.1891,20.2804,20.5699,20.4733,20.3291,20.7303,20.7456,21.449,20.494,20.4829,20.4743,20.4216,20.8532,19.9566,19.7809,19.6233,20.0603,20.1529,20.4305,20.4255,20.7586,20.8616,21.1344,20.3251,20.2561,20.5689,20.6306,20.6999,20.2768,20.6733,20.7641,20.9771,21.5117,20.6219,20.901,21.1151,20.4296,20.9371,19.6931,19.3625,19.7814,19.7282,20.5775,19.7234,20.2602,20.3807,20.7245,21.234,20.1904,20.3543,20.0396,20.7716,21.3993,20.633,20.0488,19.9825,20.4572,21.1198,20.2381,20.3409,20.4752,20.5035,20.4043,19.5015,19.4534,19.83,20.04,20.5457,20.5512,19.6628,20.4125,19.4504,20.9305,19.9782,19.9784,20.8766,21.2016,22.5773,19.5036,19.6223,19.5684,20.2371,21.6335,19.7453,19.5465,19.804,19.8416,20.522,19.9324,19.9522,20.1127,20.1837,21.0006,20.0265,20.0734,20.5153,21.5638,22.6511,20.0881,20.0945,20.3646,20.4567,21.1318,19.6584,20.0502,20.3281,20.376,21.157
568,3:33:35 PM,19.7083,19.8186,19.8049,20.0239,20.431,20.3077,20.1509,20.6769,20.8554,20.5733,20.5463,20.1515,20.0754,20.486,20.543,20.3605,20.6492,20.6529,20.8552,21.4326,20.4806,20.4485,20.4699,20.4418,20.8253,19.8667,20.1634,19.7776,20.0027,20.3149,20.396,20.3446,20.7939,20.9801,21.3044,20.3506,20.479,20.4389,20.646,20.9602,20.5006,20.7657,20.6185,21.2603,21.6138,20.7101,20.9909,20.8293,20.5903,20.7208,19.5639,19.4872,19.7161,19.5996,20.6058,19.8584,20.302,20.5652,21.1825,21.3448,20.3194,20.3099,20.21,20.5538,21.6456,20.5628,20.1676,19.9444,20.3266,21.2383,19.8146,20.4518,20.7896,20.4123,20.5434,19.7158,19.5433,19.7037,20.0284,20.8107,20.4734,19.5423,19.9577,19.5851,21.1867,19.7172,20.1546,20.632,21.1377,22.6216,19.5725,19.5631,19.5086,20.6561,21.5128,19.8264,19.6433,20.1254,20.033,19.9166,20.0183,20.2079,20.0201,20.2496,21.016,19.8994,20.0936,20.4242,20.9803,22.2836,20.1641,20.1742,20.4384,20.5982,20.5232,19.824,20.0571,20.5362,20.7878,21.123
569,3:33:55 PM,19.7591,19.5853,19.7811,19.9276,20.4023,20.3275,20.2177,20.6687,20.9256,20.7326,20.3052,20.2054,20.048,20.3133,20.5329,20.3101,20.4785,20.7107,20.5903,21.4155,20.5056,20.4463,20.4624,20.3402,20.7731,19.7103,19.9544,19.6687,19.8098,20.2173,20.3859,20.4149,20.717,20.7594,21.2122,20.4688,20.4555,20.4299,20.3085,21.0785,20.4108,20.5631,20.801,21.0581,21.5175,20.7295,21.0121,21.0014,20.5474,20.9134,19.645,19.5797,19.557,19.6469,20.5955,20.056,20.096,20.5679,20.7927,20.9907,20.3031,20.253,20.2575,20.6903,21.6169,20.4215,20.1883,19.9699,20.4581,21.1515,20.0794,20.4246,20.5378,20.6794,20.7744,19.5734,19.585,19.8441,20.3029,20.3647,20.6176,19.6226,19.89,19.4748,20.8911,20.0095,20.2444,20.6891,21.0407,22.6501,19.6535,19.7181,19.6567,20.5763,21.6879,19.7334,19.8309,19.7923,20.1562,19.9024,19.8075,19.9849,20.1533,20.2325,21.0751,19.9099,20.0558,20.1919,20.7669,22.5324,20.1162,19.849,20.2144,20.4617,20.7131,19.5243,20.1912,20.3358,20.4608,21.121
570,3:34:15 PM,19.5875,19.6891,19.7903,19.9867,20.4206,20.3317,20.4392,20.7161,20.7303,20.9124,20.236,20.3645,20.1178,20.4045,20.6136,20.4514,20.3782,20.6425,20.6922,21.3168,20.7499,20.3784,20.4625,20.5613,20.8941,19.7853,19.9008,19.6194,19.8118,19.9768,20.8132,20.3371,20.8171,20.8062,21.4721,20.4884,20.4495,20.5647,20.537,20.9239,20.6668,20.5394,20.7321,21.0815,21.4921,20.8618,21.0318,20.8008,20.6496,20.6993,19.7074,19.3244,19.6986,19.8382,20.5703,20.0979,20.0287,20.5489,21.067,20.5773,20.2588,20.4152,20.0554,20.6091,21.6551,20.4842,20.0859,19.8373,20.4068,21.1824,20.4219,20.497,20.7797,20.5024,20.4717,19.4595,19.3255,19.8437,20.0911,20.464,20.4061,19.5547,19.7402,19.7576,20.6951,19.769,20.2833,20.66,20.8432,22.1664,19.46,19.5259,19.7204,20.4546,21.7474,19.8445,19.9648,20.0923,20.1383,19.8542,19.7145,19.8994,20.0929,20.2705,21.3752,19.8212,20.1919,20.4498,21.157,22.459,20.4341,20.1833,20.5372,20.5262,20.843,19.6909,20.0072,20.4404,20.8921,21.1126
571,3:34:35 PM,19.7942,19.8615,19.5802,20.0015,20.4036,20.2428,20.1696,20.4665,20.8633,20.5401,20.4869,20.1301,20.1097,20.3029,20.6354,20.4382,20.6067,20.7804,20.6728,21.3541,20.6152,20.6965,20.6118,20.2305,20.6419,19.6705,20.1091,19.7623,20.0582,20.1845,20.7248,20.2251,20.737,20.8143,21.3218,20.3661,20.5364,20.4544,20.7019,20.7014,20.4893,20.5262,20.6888,21.2484,21.5267,20.7547,20.9472,21.0456,20.5796,20.7654,19.7085,19.4834,19.5902,19.7891,20.3112,20.0799,20.3513,20.6352,21.0611,20.7905,20.3585,20.2163,20.2341,20.7175,21.5563,20.3451,20.1413,19.8438,20.3181,21.4637,19.8939,20.0935,20.4624,20.4525,20.8115,19.4345,19.6971,19.6565,20.1636,20.3812,20.5682,19.7502,20.0735,19.4305,20.6592,19.9705,20.1229,20.7253,21.0858,22.273,19.7415,19.5773,19.5553,20.1828,21.845,19.6633,19.6158,19.9359,19.9464,20.3064,20.0632,19.9687,20.2242,20.3038,21.0185,19.819,20.1968,20.401,20.8839,22.5369,20.5499,20.0194,20.4959,20.4939,21.0567,19.516,20.1146,20.2399,20.8565,21.1623
572,3:34:55 PM,19.7996,19.7696,19.9881,20.147,20.5007,20.343,20.1463,20.7144,20.7244,20.7023,20.439,20.3642,20.0838,20.5155,20.4016,20.4253,20.5593,20.6471,20.7175,21.5116,20.7512,20.6273,20.6746,20.5776,20.819,19.6724,20.1342,19.8187,20.1005,20.1547,20.6828,20.3186,20.8641,20.8903,21.5099,20.5427,20.3334,20.4455,20.1928,20.3587,20.7763,20.7066,20.7274,21.04,21.3932,20.8059,21.025,20.9268,20.4928,20.7513,19.674,19.6835,19.7036,19.6422,20.5307,19.9139,20.3557,20.6304,21.0157,21.1286,20.3744,20.3166,20.0879,20.8111,21.3962,20.7256,20.272,19.9427,20.6147,21.1108,20.1267,20.3711,20.7161,20.4383,20.9837,19.6457,19.667,19.8336,20.1606,20.5341,20.5377,19.8629,20.3168,19.6828,21.1732,19.672,20.0921,20.5984,20.9784,22.4544,19.495,19.4943,19.6369,20.5928,21.8608,19.7822,19.3245,19.9485,19.9399,19.8553,19.8061,19.9944,20.2015,20.3049,20.6646,19.7985,20.1922,20.4533,20.8333,22.3354,20.1584,20.2082,20.4987,20.4488,20.7727,19.6346,20.1499,20.4594,20.8501,21.1804
573,3:35:15 PM,19.8363,19.9513,19.9136,19.8988,20.3753,20.4835,20.1407,20.4455,20.7071,20.9317,20.5305,20.2938,20.3414,20.2323,20.6276,20.2881,20.5523,20.7264,20.6619,21.3929,20.7113,20.58,20.6234,20.5845,20.7381,19.7147,20.1335,19.8801,19.9201,20.0157,20.7157,20.4253,20.9169,20.741,21.4006,20.4182,20.3682,20.4183,20.6479,21.1052,20.7936,20.5764,20.6888,21.0864,21.5596,20.7127,20.7723,21.074,20.4569,20.9476,19.8461,19.3406,19.7878,19.8017,20.4862,19.8312,20.4855,20.6786,21.1252,21.0666,20.2858,20.4778,20.0898,20.8024,21.3362,20.5586,20.2523,19.8704,20.565,21.1446,20.3393,20.4449,20.5816,20.4156,20.9132,19.5606,19.3813,20.0036,19.9402,20.4303,20.6317,19.8283,20.3231,19.5657,21.2093,19.8896,20.1331,20.6351,20.8927,22.1189,19.5122,19.6761,19.4277,20.4088,21.833,19.6578,19.6515,19.8912,19.8312,20.2264,19.8978,19.891,20.4046,20.2223,21.2082,19.9039,20.4674,20.3875,21.108,22.5676,20.3906,20.0426,20.4179,20.6571,21.1871,19.8306,20.2489,20.2812,20.5506,21.0052
574,3:35:35 PM,19.9471,19.7402,19.792,20.0125,20.5296,20.4968,20.1596,20.5212,20.7777,20.7755,20.3936,20.3209,20.2701,20.3674,20.8266,20.5369,20.5619,20.6115,20.7568,21.4622,20.8646,20.6536,20.5687,20.6665,20.7114,19.765,20.0681,19.8655,19.7629,20.1937,20.5249,20.2994,20.7611,20.9971,21.0719,20.3887,20.4979,20.5805,20.6001,20.8905,20.4364,20.7874,20.6661,21.2861,21.3787,20.7006,20.9994,20.9929,20.5886,20.8506,19.6535,19.4281,19.7999,19.6571,20.6462,19.7433,20.228,20.7025,20.8931,20.7945,20.4186,20.3466,20.2548,20.6979,21.2625,20.4675,20.1629,19.9007,20.4443,21.0419,20.0908,20.4738,20.5782,20.5295,20.6963,19.4064,19.4967,19.607,20.0724,20.4454,20.3718,19.8384,20.2836,19.492,20.8774,19.841,20.3091,20.8416,21.211,22.5276,19.4723,19.5084,19.5638,20.6097,21.8762,19.9114,19.941,19.9814,20.0607,19.8088,19.9215,19.9767,20.0517,20.2325,21.3841,19.7849,20.1002,20.5102,21.2422,22.4824,20.296,19.9872,20.3418,20.3901,20.7848,19.5181,20.3994,19.965,20.7063,21.3453
575,3:35:55 PM,19.7635,19.9998,19.6847,20.0873,20.4267,20.1308,20.2314,20.6082,20.6078,20.5294,20.2984,20.372,20.1032,20.4703,20.8381,20.3943,20.4848,20.6213,20.8119,21.4604,20.6806,20.5977,20.5819,20.7122,20.8014,19.7364,19.6872,19.708,19.9692,20.2529,20.4514,20.6476,20.7551,20.9674,21.316,20.5399,20.5678,20.6983,20.6949,20.9831,20.514,20.6094,20.7964,21.2087,21.543,20.8934,21.1212,20.8287,20.511,20.9095,19.6774,19.4107,19.6979,20.0131,20.5556,20.0203,20.2817,20.4911,20.8588,20.954,20.2826,20.2283,20.0875,20.9855,21.4858,20.3869,20.1992,19.9806,20.5654,21.9241,20.0055,20.5827,20.7291,20.8288,21.233,19.5576,19.5408,19.7648,19.954,20.3162,20.4432,19.6028,20.0064,19.3935,20.888,19.8518,20.0729,20.6746,21.1036,22.2849,19.5042,19.4813,19.7084,20.6681,22.0228,19.82,19.8876,20.0599,19.9755,20.5114,20.0363,19.9964,20.2944,20.3048,21.4141,19.8651,20.2227,20.4403,21.0995,22.4834,20.1069,20.0761,20.6482,20.4374,20.7211,19.6797,20.2621,20.3038,20.6433,21.1773
576,3:36:15 PM,19.7225,19.736,19.5444,20.2395,20.4139,20.1902,20.2062,20.5892,20.5313,20.4691,20.5119,20.2642,20.2617,20.4457,20.8318,20.5546,20.6358,20.8047,20.7547,21.3295,20.6328,20.6484,20.7989,20.769,20.7166,19.7775,19.9014,19.795,20.0492,20.2036,20.5226,20.4205,20.8327,20.9102,21.2177,20.7759,20.4775,20.4221,20.9857,21.006,20.7662,20.5439,20.7157,21.0019,21.5604,20.949,20.8256,20.9597,20.5529,20.9046,19.6998,19.4041,19.5704,19.6155,20.5888,19.7174,20.292,20.4121,20.8273,20.8035,20.6162,20.5252,20.3365,20.8467,21.5162,20.6776,20.4642,19.83,20.5033,21.4891,20.3849,20.6217,20.6242,20.6056,20.7251,19.7165,19.5705,19.759,20.136,20.6069,20.4884,19.6884,20.3051,19.6079,21.2865,19.7115,19.995,20.5694,21.0349,22.0533,19.6342,19.5719,19.7374,20.7649,21.8972,19.6828,19.8835,19.8213,19.834,20.4216,19.7456,19.8113,20.329,20.2697,22.5415,19.9744,20.1187,20.3759,21.5845,22.3618,20.3245,20.0402,20.5079,20.6194,20.725,19.715,20.1424,20.5771,20.9737,21.1698
577,3:36:35 PM,19.8586,19.6651,19.6763,20.1701,20.3813,20.2605,20.4033,20.61,20.9635,20.6618,20.5443,20.3476,20.0923,20.3762,20.7144,20.4539,20.5235,20.6386,20.7212,21.1732,20.7475,20.6168,20.3817,20.3546,21.0321,19.7177,20.0653,19.6821,20.049,20.1912,20.7036,20.6593,20.8292,21.0985,21.4451,20.6486,20.5991,20.4926,20.458,20.6152,20.6294,20.6948,20.8218,21.0654,21.6113,20.6534,21.0673,21.0103,20.6062,20.9069,19.7419,19.5362,19.6543,19.7062,20.5235,19.8194,20.2121,20.7628,20.7346,20.9088,20.7399,20.4973,20.2645,20.6952,21.4987,20.6199,20.1452,19.8111,20.507,21.2377,20.2051,20.5235,20.7353,20.4805,20.8128,19.6918,19.5328,19.6861,20.3048,20.6106,20.4628,19.8376,20.0103,19.7508,21.2937,19.8998,20.0026,20.6619,20.9194,22.2493,19.5637,19.5818,19.971,20.1078,21.7631,19.7275,19.7265,19.9732,19.9478,20.3131,19.8973,19.9747,20.2095,20.0094,21.4249,19.8853,20.2069,20.4715,21.0985,22.7662,20.347,19.9888,20.5457,20.4173,20.6138,19.6964,20.3449,20.5838,20.6138,21.2371
578,3:36:55 PM,19.7736,19.8624,19.8241,20.0043,20.4157,20.1389,20.4201,20.6226,20.9335,20.4487,20.5941,20.4886,19.9723,20.2525,20.5812,20.5272,20.7609,20.9059,20.8142,21.2437,20.7134,20.5223,20.48,20.4062,20.8704,19.6568,20.0554,19.7833,19.9996,20.278,20.2524,20.3897,20.9538,20.9819,21.4016,20.7575,20.4584,20.6715,20.3043,20.5499,20.6021,20.5589,20.9125,21.0221,21.6123,20.8057,20.9346,21.0133,20.5839,20.8468,19.9661,19.5103,19.9174,19.9827,20.5739,19.7117,20.2435,20.5729,20.8144,20.8655,20.3863,20.4429,20.3952,20.7525,21.583,20.6037,20.2215,19.9182,20.5836,21.3618,19.8059,20.417,20.6586,20.3242,20.6875,19.6606,19.6199,19.9514,20.3572,20.3396,20.426,19.7153,19.8758,19.5653,20.8741,20.0397,20.0826,20.8327,21.2714,22.3109,19.5963,19.7291,19.7997,20.557,21.8622,19.658,19.8287,20.2025,20.0586,20.2984,20.0891,19.9839,20.2798,20.3376,21.295,20.0522,20.3501,20.3728,21.1243,22.825,20.326,19.9901,20.4751,20.4595,20.7448,19.7751,20.2068,20.544,20.7936,21.461
579,3:37:15 PM,19.7519,19.9651,19.7387,20.0678,20.5163,20.3534,20.5373,20.8466,20.7577,20.8804,20.3917,20.2722,20.1188,20.3597,20.6687,20.4229,20.4595,20.7209,20.842,21.3721,20.4515,20.4188,20.5472,20.0837,20.6573,19.6605,20.0567,19.9793,19.9634,20.3162,20.6085,20.458,21.013,20.905,21.363,20.5896,20.5515,20.2844,20.3189,20.6785,20.4533,20.6523,20.5879,21.1296,21.4281,20.8782,21.0649,20.8771,20.4952,20.9257,19.744,19.5585,19.6941,19.8132,20.5187,19.9185,20.1435,20.7315,20.6702,20.9411,20.3655,20.3506,20.1028,20.567,21.4975,20.6444,20.4007,19.9232,20.5625,21.315,20.051,20.5897,20.785,20.5669,21.0209,19.6304,19.6269,19.8634,19.9963,20.5504,20.5539,19.5864,20.1775,19.6462,21.0126,19.8343,20.4009,20.6391,20.9723,22.6038,19.4018,19.6123,19.8558,20.4266,21.727,19.7992,19.8912,20.152,19.8436,19.9853,20.0771,20.0299,19.9698,20.3399,21.256,19.9669,20.0105,20.5158,21.1746,22.8205,20.4461,20.1105,20.6123,20.5172,20.7852,19.771,20.1656,20.1483,20.964,21.2437
580,3:37:35 PM,19.6988,19.8509,19.6988,20.1574,20.4212,20.5653,20.4504,20.6732,20.8783,20.8542,20.5942,20.4332,20.2018,20.1863,20.3848,20.4022,20.5863,20.6779,20.9263,21.345,20.7604,20.7476,20.5763,20.4975,20.8732,19.9358,20.1212,19.9069,19.7383,20.1431,20.7911,20.5379,20.8172,20.9163,21.342,20.6375,20.6614,20.4615,20.3528,20.4961,20.7114,20.5778,20.6775,21.1294,21.7434,20.5964,20.9202,21.0179,20.7296,20.9558,19.8462,19.6501,19.9211,19.8202,20.7214,20.0451,20.3859,20.7987,20.8695,20.8753,20.3866,20.3211,20.0786,20.659,21.3942,20.5836,20.2265,19.9232,20.5861,21.2801,20.1514,20.3124,20.53,20.6226,20.8738,19.5392,19.5352,20.0323,20.2525,20.5459,20.4529,19.6756,20.1009,19.6414,20.8877,19.7208,20.1719,20.7329,21.0659,22.3676,19.4918,19.6704,19.7799,20.2774,21.7218,19.7963,19.985,20.0638,19.8997,20.0009,19.8909,19.9742,20.2069,20.3057,21.2048,20.0493,20.3585,20.3739,21.1002,22.857,20.6158,20.1596,20.5921,20.466,20.8726,19.7031,20.0891,20.3685,20.8569,21.1535
581,3:37:55 PM,19.8779,19.7029,19.9735,20.3172,20.6154,20.3022,20.3883,20.7293,21.0019,20.7445,20.379,20.3392,20.3761,20.4385,20.3449,20.5634,20.753,20.6976,20.8073,21.2442,20.745,20.3602,20.7237,20.3072,20.8552,19.9238,20.189,19.9526,19.9389,20.173,21.1171,20.4423,21.0164,20.914,21.1778,20.6363,20.4355,20.6284,20.5373,20.4326,20.5571,20.6302,20.5814,20.9295,21.6843,20.7453,20.8197,20.9742,20.6675,20.945,19.7491,19.6952,19.6525,19.8575,20.5783,20.1456,20.2993,20.6988,20.9887,20.6714,20.396,20.3985,20.3374,20.5526,21.3654,20.5377,20.2629,19.9073,20.4575,21.4341,20.2989,20.5157,20.5907,20.6669,20.9996,19.8022,19.6292,19.9049,20.247,20.4325,20.6017,19.6757,20.2288,19.6341,20.9792,20.043,20.3332,20.7779,20.8697,21.8866,19.6023,19.4723,19.8021,20.5894,21.9903,19.8572,19.9949,20.2169,19.8792,20.4715,19.9718,20.0486,20.2011,20.1412,21.2705,19.7991,20.0915,20.5477,21.2388,22.4555,20.4228,19.9724,20.4773,20.468,21.0068,19.7241,20.1308,20.109,20.805,20.9318
582,3:38:15 PM,19.9027,19.8939,19.6944,19.9702,20.5526,20.2719,20.3864,20.7964,20.8935,20.8214,20.5075,20.1906,20.2881,20.3142,20.5038,20.6101,20.7904,20.7807,20.9114,21.6255,20.8332,20.5595,20.846,20.5022,20.9659,19.8419,20.2185,20.059,20.1125,20.3826,20.741,20.6026,21.0801,20.9383,21.4428,20.3494,20.5984,20.5005,20.2738,20.8065,20.6878,20.5852,20.4969,21.1178,21.6767,20.7738,21.261,20.9922,20.6227,20.985,19.796,19.4186,19.9693,19.6958,20.6561,20.0038,20.2883,20.6673,20.7419,21.0776,20.4642,20.4713,20.3973,20.7307,21.614,20.6367,20.3679,20.1055,20.739,21.351,20.1114,20.5218,20.8087,20.6732,20.8459,19.8151,19.5658,19.95,20.1009,20.3893,20.578,19.8278,20.4371,19.7139,21.1032,19.9695,20.22,20.8733,21.4114,22.0832,19.614,19.7102,19.8366,20.7204,21.9654,19.8364,19.5514,19.9726,19.9097,20.2407,19.9198,20.0933,20.2015,20.2576,21.1621,19.9511,20.1966,20.6675,21.2254,22.5597,20.4469,20.1396,20.4814,20.4114,20.9794,19.3412,20.4143,20.4081,20.5855,21.1961
583,3:38:35 PM,19.8845,19.9795,19.8591,20.0424,20.47,20.3915,20.2434,20.6165,20.7899,20.8693,20.4716,20.3254,20.4019,20.4873,20.5403,20.5088,20.7696,20.8205,21.0243,21.4023,20.8601,20.6612,20.7087,20.4696,20.8356,19.9204,20.0161,19.9791,20.1987,20.3014,20.7993,20.5864,21.0164,20.8033,21.3913,20.6392,20.598,20.6041,20.4342,20.9586,20.7786,20.5811,20.757,21.1237,21.5349,20.7421,21.0792,20.8751,20.578,20.7877,19.9214,19.7773,19.6771,19.7086,20.5904,19.8666,20.3405,20.678,20.9462,20.9393,20.2732,20.4917,20.3808,20.7487,21.3472,20.809,20.5553,20.2825,20.4531,21.3591,20.1143,20.3564,20.814,20.3635,20.5671,19.8219,19.5563,19.8227,20.227,20.7645,20.6488,19.8939,20.7584,19.9791,21.353,20.0207,20.2793,20.858,20.8689,22.2264,19.4589,19.5803,19.6056,20.6181,21.9162,19.9582,19.8173,19.9929,19.7717,20.241,19.9131,20.0135,20.1338,20.2275,21.2546,19.8455,20.2936,20.6412,20.9162,22.5908,20.294,20.2521,20.576,20.6508,20.8111,19.9291,20.3778,20.6081,20.7865,21.4113
584,3:38:55 PM,19.7922,19.8502,19.9169,20.2876,20.5082,20.4606,20.1346,20.8695,20.9756,20.8671,20.3152,20.3862,20.24,20.5543,20.648,20.4724,20.5755,20.6419,20.8986,21.291,20.6944,20.574,20.5436,20.4265,20.7747,19.8554,20.2653,19.51,20.0516,20.2145,20.8707,20.2137,21.0387,20.8541,21.4547,20.784,20.5062,20.5994,20.5273,20.7892,20.5188,20.6661,20.8663,21.2198,21.5151,20.9379,21.0526,20.7896,20.5817,20.8383,19.7362,19.3202,19.8277,19.8253,20.6597,20.1032,20.3158,20.7767,20.8312,21.1136,20.2762,20.4892,20.3664,20.6264,21.4679,20.686,20.3997,20.0389,20.5597,21.3358,19.9175,20.2793,20.6481,20.4778,20.9077,19.6757,19.6487,19.8623,19.9947,20.5318,20.6722,19.7807,20.2148,19.8259,21.079,20.0752,20.2338,20.8318,21.1656,22.4364,19.6378,19.5022,19.8347,20.6374,21.8958,19.9536,20.0865,20.2229,20.346,20.0402,19.9365,19.9246,20.1188,20.3022,21.5026,20.0063,20.343,20.5902,21.4572,22.9657,20.3697,20.1801,20.5052,20.622,20.6943,19.9538,20.4663,20.0893,20.8115,21.2435
585,3:39:15 PM,19.9973,19.9889,19.8386,20.1684,20.5833,20.3387,20.1053,20.639,20.8437,21.0732,20.3297,20.3917,20.3635,20.6053,20.7008,20.5564,20.7282,20.7623,20.7645,21.247,20.7496,20.5311,20.5665,20.5053,20.8893,19.8142,20.2477,19.8841,19.9608,20.1489,20.6425,20.2869,20.7997,20.9726,21.2894,20.5522,20.5495,20.8272,20.7944,21.1293,20.6885,20.8944,20.8091,21.2266,21.4798,20.8585,20.8872,21.1102,20.7977,20.9436,19.6962,19.4747,19.758,19.8899,20.5183,19.8534,20.2453,20.7947,20.9086,21.2536,20.4087,20.5198,20.2356,20.9034,21.6954,20.4726,20.0825,20.1479,20.5545,21.2566,20.2898,20.6419,20.7184,20.6214,20.9567,19.5186,19.5647,19.9276,20.2594,20.5157,20.5979,19.7862,20.257,19.8199,21.252,19.7401,20.1672,20.7677,20.9656,22.4567,19.643,19.7472,19.7007,20.5446,21.8158,19.8773,19.9305,20.3017,19.8822,19.9495,20.167,19.8943,20.523,20.2015,21.289,19.8119,20.2687,20.6658,20.8622,23.0514,20.4509,20.1632,20.4693,20.6118,20.9753,19.822,20.3547,20.3435,20.7451,21.5406
586,3:39:35 PM,19.8527,19.8465,19.8289,20.1076,20.4774,20.5338,20.1729,20.6726,20.7449,20.7137,20.4231,20.478,20.2007,20.5009,20.914,20.4076,20.7593,20.6545,20.8313,21.5292,20.6797,20.6257,20.6075,20.4497,20.8336,19.8271,19.9735,19.6829,19.9181,20.2162,20.6906,20.3346,20.89,20.7802,21.4563,20.656,20.399,20.6382,20.7295,21.2208,20.7192,20.8925,20.5952,21.1032,21.5488,20.8758,20.8561,20.9489,20.6316,20.9951,19.8104,19.6852,19.5368,19.7479,20.6124,19.6628,20.3846,20.7704,20.9803,21.1721,20.4667,20.115,20.3667,20.7377,21.5051,20.5486,20.23,19.9952,20.6411,21.2779,20.2679,20.6367,20.7189,20.6066,20.6967,19.7558,19.5716,19.8333,20.1058,20.4496,20.532,19.7357,20.205,19.4993,21.1286,19.9421,20.2117,20.5742,21.1884,22.3753,19.7657,19.8043,20.0099,20.6457,22.0039,19.9275,19.8808,20.2755,20.0429,20.489,19.9695,20.1165,20.1654,20.2088,21.1851,19.7774,20.1621,20.4703,21.0384,22.9289,20.398,20.0896,20.404,20.5886,20.7656,19.7661,20.3315,20.5174,20.5589,21.2055
587,3:39:55 PM,19.626,19.8218,19.7983,20.2667,20.485,20.5629,20.5485,20.6956,20.8415,20.9501,20.4186,20.3172,20.3979,20.7558,20.6605,20.5055,20.6406,20.6698,20.9139,21.5244,20.8746,20.638,20.7586,20.4927,21.0546,19.66,19.8267,20.0049,19.9105,20.3272,20.2741,20.4825,20.9555,20.9871,21.3095,20.6681,20.4224,20.6212,20.4821,20.6649,20.5924,20.6687,20.7009,21.0932,21.7767,20.8893,20.9711,20.9332,20.6744,20.506,19.7312,19.4683,19.8127,19.8712,20.741,19.936,20.271,20.5864,21.0537,20.7737,20.5767,20.464,20.1137,20.8768,21.4337,20.7374,20.258,19.9107,20.5368,21.1553,20.0263,20.7204,20.7236,20.5627,20.6393,19.7923,19.5999,19.8801,20.1103,20.6974,20.3698,19.7338,20.2725,19.3605,21.0625,20.0032,20.1216,20.8607,20.7478,22.1848,19.4749,19.8253,19.9598,20.6736,22.0829,20.1304,20.194,20.147,19.9602,20.6692,19.9485,19.8679,20.228,20.2137,21.3447,19.9219,20.4556,20.3201,21.554,23.0378,20.1857,20.1375,20.4053,20.4178,20.7434,19.7102,20.2611,20.6537,21.0381,21.1519
588,3:40:15 PM,19.701,19.7942,19.6823,20.1007,20.3548,20.4693,20.2398,20.7402,20.9588,20.9746,20.486,20.3048,20.2104,20.3573,20.4559,20.1983,20.5871,20.8307,20.8007,21.3214,20.7672,20.4634,20.7311,20.5976,20.9663,19.6517,19.8066,19.8798,20.3139,20.3844,20.6199,20.4313,20.6545,20.8212,21.4255,20.7751,20.5851,20.6073,20.4381,20.8068,20.6593,20.6947,20.8443,21.345,21.5947,21.0375,21.1199,20.8871,20.5561,20.8268,19.928,19.6338,19.8816,20.0746,20.7689,19.6714,20.2836,20.584,21.0146,21.1507,20.7841,20.235,20.2505,20.7986,21.4828,20.7255,20.4408,19.9262,20.5611,20.9703,20.2818,20.684,20.597,20.6246,20.7234,19.7222,19.5362,19.9267,20.2347,20.497,20.605,19.584,19.8988,19.6461,21.2568,19.9518,19.9523,20.6679,21.0578,22.5939,19.4105,19.5866,19.7028,20.5247,22.0492,19.7516,19.9167,20.0285,20.0861,20.5213,19.9494,20.2124,20.129,20.2876,20.9724,19.8562,20.2935,20.8127,21.1036,22.7448,20.282,20.2438,20.6118,20.4622,20.7254,19.556,20.1414,20.5848,20.6739,21.0597
589,3:40:35 PM,19.8541,20.0952,19.9333,20.2999,20.4236,20.4358,20.2827,20.7867,21.0262,20.8125,20.4884,20.1721,20.2647,20.2883,20.7639,20.6481,20.813,20.8625,20.9009,21.7048,20.7093,21.0463,20.854,20.421,20.8814,19.6337,20.1224,19.9081,20.0821,20.3955,20.8209,20.4661,20.9074,21.0082,21.2441,20.5205,20.5403,20.4739,20.9027,21.0922,20.7632,20.5544,20.8114,21.1859,21.5783,20.7876,21.0876,20.9272,20.6642,20.8791,19.8489,19.8392,19.8144,20.0912,20.7387,19.9731,20.2656,20.8145,21.0211,20.8998,20.7148,20.4572,20.2176,20.7871,21.3847,20.7131,20.4439,19.9681,20.4066,21.4596,20.2909,20.4997,20.9359,20.6568,20.8404,19.7922,19.6215,19.7058,20.1951,20.6533,20.6341,19.6397,20.2933,19.4454,21.0712,20.0157,20.2929,20.8631,20.9717,21.9975,19.628,19.6276,19.7568,20.7485,21.8445,19.7488,20.4074,20.3736,20.179,20.3405,20.0293,20.0173,20.0591,20.2792,21.138,20.0191,20.368,20.4431,20.8751,22.8424,20.5048,20.4126,20.5485,20.5533,20.6964,19.7262,20.3469,20.4544,21.064,21.3161
590,3:40:55 PM,20.0169,19.8334,19.9414,20.1221,20.5322,20.4032,20.5191,20.7704,20.9644,20.8826,20.5765,20.4571,20.2329,20.2905,20.4097,20.5933,20.664,20.6735,20.9106,21.3293,20.7025,20.6184,20.4314,20.7406,21.0237,19.9153,20.1264,19.9378,20.1017,20.4579,20.6963,20.6046,20.8117,21.0975,21.3275,20.7644,20.724,20.6545,20.4232,20.7356,20.6755,20.8048,20.7886,21.1205,21.4577,20.921,20.999,20.9545,20.7817,21.0033,19.8691,19.466,19.9207,19.8406,20.6175,20.2896,20.4865,20.9088,21.1745,21.5302,20.6408,20.4195,20.2863,20.9107,21.3982,20.5004,20.239,20.1058,20.6507,21.1737,20.1885,20.4158,20.694,20.6704,20.657,19.7768,19.6482,20.0013,20.2479,20.6003,20.4586,19.8005,20.5524,19.5798,21.0759,19.9523,20.1564,20.8859,21.3288,22.7531,19.6352,19.7542,19.838,20.461,21.9187,19.8828,19.858,20.2877,20.2397,19.9022,19.9487,20.2502,20.2705,20.2298,21.0928,20.05,20.4275,20.6977,20.9467,22.5247,20.0779,20.2024,20.6475,20.5446,20.9063,19.6487,20.2131,20.2451,20.6655,21.3446
591,3:41:15 PM,19.8878,19.8586,19.9137,20.2377,20.4912,20.4716,20.3197,20.7837,20.883,20.9039,20.7591,20.3696,20.217,20.4815,20.6643,20.5182,20.6861,20.6545,21.2152,21.2367,20.6991,20.6237,20.8685,20.3645,20.7913,20.0973,20.1156,19.8293,20.1783,20.5078,20.9232,20.5564,20.9081,20.7351,21.2932,20.6176,20.5024,20.6415,20.7008,20.5616,20.6721,20.7085,20.9278,21.1617,21.4495,20.8353,21.0304,20.9992,20.6835,20.9604,19.9831,19.4854,19.759,19.9512,20.7992,19.9516,20.4401,20.7764,21.1205,21.2365,20.5433,20.4989,20.3318,20.6927,21.7072,20.6998,20.2703,20.0036,20.6369,21.2934,19.898,20.5505,20.5987,20.6527,20.9788,19.659,19.8723,19.8309,20.1665,20.6918,20.7758,19.7175,20.5737,19.7289,21.0349,19.9779,20.3463,20.9311,21.2468,22.5585,19.7176,19.6833,19.841,20.6674,21.7963,19.6961,19.4692,20.0925,20.2897,19.9353,20.1748,20.2214,20.281,20.2753,21.0569,20.1115,20.3762,20.7026,20.9406,22.757,20.4447,20.0131,20.4058,20.4692,20.7259,19.8665,20.3472,20.4608,21.0078,21.3356
592,3:41:35 PM,19.8431,19.8324,19.8415,20.2334,20.3751,20.3301,20.2358,20.8324,20.9164,21.1098,20.4157,20.4234,20.1773,20.286,20.6741,20.5606,20.5562,20.4674,20.8811,21.3523,20.8594,20.5884,20.7706,20.1789,20.8952,19.8923,20.1322,19.8166,19.9584,20.5486,20.8451,20.515,20.8105,21.0709,21.5993,20.708,20.6367,20.6689,20.5486,20.9824,20.5702,20.7354,21.0105,21.0998,21.4749,20.9382,21.1788,21.0217,20.5834,20.7965,19.8281,19.6664,19.8591,19.8682,20.7975,20.306,20.1662,20.5464,21.0083,21.2623,20.6084,20.5687,20.4423,20.8405,21.5297,20.7334,20.3881,20.144,20.5799,21.2859,20.2316,20.6838,21.0034,20.5896,20.7481,19.8465,19.4746,19.8662,20.2697,20.6997,20.5089,19.6249,20.3306,19.7157,21.2997,20.0312,20.2015,20.8131,21.0501,22.5225,19.5114,19.651,19.9693,20.6957,21.7658,19.8814,20.0506,20.1932,20.1864,19.9134,19.9868,20.1356,20.2401,20.4619,20.7769,19.8819,20.2989,20.4037,20.9377,22.4883,20.5555,20.3486,20.596,20.4609,20.9693,20.0413,20.2967,20.6045,20.809,21.1868
593,3:41:55 PM,19.9327,19.935,19.6943,20.2308,20.5724,20.4156,20.2872,20.8678,21.0036,20.8603,20.5225,20.5002,20.4,20.5514,21.0159,20.6724,20.613,21.021,20.785,21.5816,20.7034,20.7142,20.8305,20.4362,20.9317,19.8201,20.0761,20.0679,20.0516,20.3488,20.5742,20.2777,20.7993,20.7553,21.4825,20.7265,20.5883,20.7886,20.764,21.1295,20.3683,20.7317,20.9195,20.9437,21.5204,20.9789,21.0125,20.9617,20.699,20.927,19.9056,19.5283,19.993,19.8601,20.643,19.9402,20.4278,20.5528,21.032,20.9297,20.4358,20.514,20.3341,20.743,21.7814,20.6226,20.3784,20.0224,20.6339,21.2056,20.3887,20.6185,20.8944,20.6455,20.7317,19.7322,19.6818,19.897,20.2291,20.542,20.7094,19.6169,20.2253,19.513,20.8749,20.0189,20.2472,20.636,21.073,22.3793,19.64,19.8685,19.9714,20.6041,22.0144,19.6181,19.5858,20.1196,20.0712,20.5961,19.9776,20.1535,20.3721,20.451,21.0412,20.0764,20.1793,20.4993,20.8968,22.4782,20.6047,20.3319,20.5899,20.4384,20.9359,19.7857,20.2697,20.5164,20.8476,21.1616
594,3:42:15 PM,20.0032,20.1236,20.0426,20.1459,20.3269,20.2856,20.5113,20.8513,21.08,20.9517,20.3585,20.5282,20.2429,20.4055,20.831,20.4423,20.7993,20.8385,21.1114,21.5356,20.7659,20.8126,20.7049,20.5717,20.9587,19.7715,20.0749,19.8684,19.886,20.1035,21.0266,20.5833,21.0857,20.7876,21.6869,20.5643,20.5174,20.5151,20.6889,20.7646,20.6236,20.8719,20.6848,21.2026,21.6038,20.7819,20.8476,20.8555,20.5595,20.8951,19.7766,19.5972,19.7443,20.0229,20.7192,19.9395,20.3623,20.6955,20.9582,21.2199,20.2677,20.4232,20.406,20.7523,21.5227,20.5929,20.2413,19.928,20.4501,21.1637,19.7462,20.5673,20.6586,20.6237,20.9305,19.7368,19.7585,20.0284,20.3475,20.6439,20.699,19.9486,20.5384,19.7556,20.9981,19.9996,20.2268,20.9082,21.2085,22.4755,19.4809,19.5812,19.4553,20.2609,21.6904,19.5997,19.9311,20.034,20.0947,20.0938,19.9538,20.1136,20.2921,20.4079,21.3554,20.1584,20.1832,20.3867,20.9714,22.769,20.3737,20.2044,20.6518,20.6236,20.8943,19.7748,20.1593,20.3136,20.9837,21.1235
595,3:42:35 PM,20.1633,20.0824,19.8454,20.187,20.4279,20.326,20.2623,20.6994,20.9468,20.8665,20.4465,20.4101,20.2279,20.4098,20.7307,20.6027,20.8525,20.9195,20.9452,21.4864,20.8706,20.813,20.6112,20.7832,20.9587,19.8831,20.1104,19.9132,19.9348,20.4879,20.739,20.5268,20.9742,20.8999,21.5283,20.5758,20.619,20.5968,20.3318,20.4987,20.7098,20.7874,20.9127,21.2082,21.6301,20.9687,21.1311,20.8701,20.5823,20.9082,19.9958,19.5918,19.8032,19.845,20.6738,20.1654,20.5075,20.7599,21.0026,21.0237,20.4924,20.5981,20.4236,20.943,21.4769,20.6607,20.4399,19.9301,20.5329,21.2616,20.1753,20.5407,20.6907,20.424,20.7399,19.6337,19.7482,19.9556,20.1317,20.7075,20.4603,19.83,20.538,19.948,20.9065,19.961,20.4837,21.1607,21.0497,22.8404,19.7007,19.6728,19.8167,20.418,21.6007,19.7058,19.9552,20.2937,20.0509,19.9278,20.1357,20.0138,20.0666,20.5496,21.3527,20.0237,20.4031,20.6608,21.2084,22.4214,20.4713,20.4463,20.7058,20.5988,20.397,19.8756,20.2272,20.1118,20.938,21.4127
596,3:42:55 PM,19.8008,19.9053,19.9031,20.1845,20.6285,20.3345,20.1816,20.6303,20.9078,20.8451,20.414,20.1828,20.2573,20.579,20.6653,20.547,20.7567,20.8057,20.9908,21.3343,20.7151,20.6336,20.7627,20.637,20.8963,19.9662,20.0162,19.7687,19.7749,20.3094,20.5999,20.2815,20.8818,20.8592,21.4446,20.5281,20.517,20.6,20.6304,20.8746,20.7482,20.7791,20.7309,21.3412,21.5431,20.9681,20.9682,20.9143,20.6583,20.846,19.782,19.5967,19.8383,19.8702,20.7036,20.0624,20.4179,20.783,20.9652,21.4167,20.2498,20.6409,20.355,21.0734,21.5443,20.6214,20.4765,20.0388,20.5774,21.2256,20.128,20.4767,20.8883,20.6328,21.1538,19.6132,19.7138,19.8709,20.0898,20.6869,20.6091,19.9283,20.0918,19.6913,21.0264,20.0091,20.4836,20.7855,20.989,22.2558,19.6274,19.6225,19.8784,20.6674,21.9125,19.7698,19.8466,20.1613,19.9511,20.1782,20.0247,20.1592,20.3582,20.3441,21.2692,19.9719,20.3443,20.6773,21.1079,22.7464,20.4596,20.2979,20.586,20.4986,21.0904,19.9825,20.2395,20.4118,20.8415,21.2515
597,3:43:15 PM,19.88,19.8514,20.02,20.1856,20.6041,20.5089,20.4383,20.6794,21.1035,20.918,20.7013,20.4764,20.4418,20.6937,20.7698,20.7987,20.8434,20.4932,20.9587,21.4218,20.6563,20.6659,20.6673,20.2267,21.0302,20.0063,20.1526,20.0369,20.2229,20.2202,20.8785,20.3435,20.9048,20.7917,21.3124,20.7112,20.4702,20.6236,20.8785,21.1825,20.8556,20.803,21.0044,21.2319,21.7775,20.8695,21.0789,21.1727,20.5139,21.0002,19.804,19.7183,19.8216,20.0471,20.7227,19.9822,20.4704,20.6491,20.9912,21.0227,20.5028,20.383,20.328,20.8518,21.8045,20.6147,20.21,20.0392,20.4961,21.2936,19.9144,20.4268,20.7235,20.6722,20.7734,19.6418,19.5902,19.9566,20.3501,20.7466,20.4977,19.6373,20.2809,19.6466,21.0298,20.0702,20.3003,20.7701,20.9952,22.0249,19.421,19.7567,19.9314,20.914,21.825,19.6146,19.6692,20.1908,20.1924,20.5161,20.0554,19.8851,20.1751,20.35,21.3752,20.2082,20.3823,20.667,20.773,22.7535,20.495,20.4095,20.679,20.4797,20.5132,19.6713,20.3779,20.565,20.9057,21.4228
598,3:43:35 PM,19.9131,20.0488,19.7312,20.0666,20.4412,20.5749,20.2302,20.6923,20.7699,20.8603,20.3455,20.3738,20.0446,20.5429,20.7196,20.6601,20.6235,20.6011,20.81,21.8047,20.8162,20.5221,20.6989,20.5207,20.9878,19.8725,20.2068,19.8145,19.9476,20.1986,20.6329,20.5921,20.9688,20.8832,21.435,20.807,20.5729,20.7349,20.7251,21.1088,20.6983,20.6972,20.8803,21.2698,21.7573,21.1936,20.9675,21.0684,20.6732,20.777,19.7189,19.6289,19.9085,19.8729,20.7753,20.0002,20.4427,20.7826,21.1025,20.9867,20.6263,20.5963,20.3214,20.8742,22.0871,20.6382,20.2422,20.0243,20.6451,21.5894,20.1403,20.6783,20.9825,20.6353,20.7756,19.7042,19.6746,20.067,20.2544,20.792,20.713,19.5877,20.5853,19.6048,20.8577,19.8813,20.1419,20.8018,21.0238,22.1566,19.6025,19.6646,19.6224,20.4329,21.9918,19.727,19.952,20.0375,20.4366,21.0646,20.1625,20.1063,20.2036,20.2016,21.2122,20.0541,20.4411,20.5854,20.8536,22.9288,20.1848,20.1461,20.6355,20.7144,20.4805,19.4485,20.3697,20.3806,20.9541,21.1483
599,3:43:55 PM,19.9599,19.8836,19.9459,20.1326,20.5073,20.3431,20.4362,20.7765,20.8874,21.0289,20.5522,20.3454,20.4391,20.5695,20.6084,20.7601,20.8078,20.8683,20.8751,21.6445,20.835,20.7111,20.7189,20.6157,20.7849,19.8183,19.9773,19.9836,20.1544,20.3797,20.984,20.5334,20.9396,21.1463,21.3791,20.6235,20.6533,20.5874,20.5851,21.0782,20.646,20.585,20.765,21.1048,21.7452,21.1636,20.8434,21.0493,20.7284,20.8401,19.8471,19.7645,19.8322,19.9009,20.7238,20.0265,20.3913,20.8186,21.0377,21.0571,20.4355,20.5138,20.2901,20.8508,21.4967,20.5341,20.4664,20.1655,20.4632,21.7298,20.0776,20.4713,20.8282,20.7518,20.9176,19.8093,19.6193,20.1681,20.1892,20.8351,20.4854,19.836,20.1162,19.8132,21.499,20.0381,20.1171,20.7436,20.6856,22.5364,19.5974,19.5984,19.8092,20.5795,22.0063,19.6797,19.9324,20.4159,20.1869,20.0514,20.0986,20.0074,20.2982,20.5959,21.4254,20.0052,20.2542,20.7048,21.2553,23.1109,20.3945,20.0597,20.4178,20.5646,20.6121,19.7566,20.359,20.4121,20.9105,21.151
600,3:44:15 PM,19.8899,19.969,19.9546,20.3209,20.5185,20.4012,20.3269,20.7164,20.9323,20.9023,20.5863,20.444,20.5316,20.7441,20.9184,20.5408,20.9422,20.7676,20.8833,21.4337,21.0141,20.6424,20.6908,20.301,21.0798,19.7572,19.9013,20.0054,20.0871,20.2148,20.642,20.2802,20.7973,20.7966,21.5723,20.7171,20.6576,20.5869,21.0377,21.2292,20.8046,20.6692,20.5327,21.1683,21.5017,21.0068,20.9572,21.1138,20.5744,20.9768,19.9908,19.6443,19.8635,19.9498,20.9255,20.1477,20.4332,20.7831,21.1287,21.3045,20.4461,20.4481,20.2458,20.9567,21.9583,20.5451,20.5487,20.0742,20.6467,21.4157,20.378,20.8413,20.8231,20.5115,20.8467,19.6112,19.7815,19.9056,20.3622,20.695,20.6131,20.0312,20.5842,19.7559,21.1315,19.9211,20.253,20.7281,20.9456,22.2009,19.6202,19.7172,20.01,20.6381,22.1771,19.7834,20.2288,20.3351,19.9973,20.4751,19.9674,20.1761,20.4225,20.3243,21.6878,20.0815,20.3239,20.6727,21.6586,22.7265,20.4823,20.4048,20.5177,20.7045,20.8074,19.7416,20.2388,20.5552,20.8977,21.4319
601,3:44:35 PM,19.9866,19.9432,19.9397,20.2215,20.4546,20.2789,20.382,20.8222,20.7057,21.0264,20.472,20.5627,20.3409,20.3884,20.7025,20.5775,20.6725,20.7956,20.8183,21.4901,20.8433,20.5558,20.749,20.8506,21.0622,19.8002,20.1873,19.9717,20.2416,20.3836,20.8927,20.4911,20.7369,20.9954,21.2679,20.6748,20.7202,20.6923,20.6511,21.1523,20.7525,20.769,20.8979,21.1409,21.4317,21.1169,21.0832,21.1711,20.8001,20.9534,19.6111,19.6098,19.6421,19.8149,20.6216,19.8339,20.3147,20.8169,20.9835,21.4019,20.4053,20.4614,20.3422,20.9468,21.3892,20.7209,20.3614,20.0925,20.6979,21.6352,20.1978,20.4046,20.9404,20.7107,21.0506,19.7618,19.9034,19.9928,20.2005,20.88,20.7237,19.7714,20.3359,19.7808,21.3959,19.9671,20.2003,21.087,21.5358,22.4182,19.7425,19.7435,19.9604,20.7409,22.003,19.7707,19.7248,20.2328,19.9585,20.2292,20.0606,20.3382,20.3647,20.2558,21.1007,19.8709,20.2042,20.519,21.1313,23.1876,20.2175,20.3699,20.4452,20.5958,20.684,19.5621,20.266,20.5224,20.9339,21.4829
602,3:44:55 PM,20.089,19.7986,19.8966,20.1754,20.3369,20.3991,20.4051,20.6829,20.6802,20.8991,20.606,20.3358,20.2914,20.4758,20.8668,20.7402,20.7956,20.9109,21.0522,21.7298,20.8312,20.6551,20.6254,20.3953,20.9233,19.9565,20.0913,19.7899,20.1666,20.1944,20.395,20.3155,20.6757,21.0798,21.5033,20.7548,20.7364,20.775,20.7401,21.3245,20.9348,20.7243,21.0299,21.269,21.7248,20.9783,21.2032,21.1426,20.6487,20.8476,19.8854,19.6206,19.8522,19.7408,20.8774,19.9105,20.3527,20.6606,20.9571,20.9642,20.2,20.3023,20.2429,21.0609,21.9202,20.5168,20.3248,20.0929,20.709,21.1655,19.9392,20.5616,20.6981,20.833,20.7313,19.7703,19.598,19.8857,20.2018,20.7748,20.6674,19.6708,20.2522,19.9605,21.1142,19.9358,20.1903,20.5317,20.97,22.621,19.8391,19.7351,19.6028,20.7376,22.0298,19.7877,19.9661,20.1177,20.1424,20.11,20.2682,20.2354,20.3631,20.3159,20.9877,20.0619,20.2605,20.4756,21.237,22.7897,20.3505,19.783,20.4153,20.5776,20.4326,19.6353,20.2008,20.6004,20.9539,21.2887
603,3:45:15 PM,19.9053,20.0601,19.7598,20.2607,20.5428,20.5316,20.3402,20.8108,20.6979,21.0969,20.4319,20.3257,20.3335,20.5991,20.6547,20.6989,20.7874,20.8107,20.8886,21.3544,20.7043,20.6365,20.8203,20.6228,20.9752,19.7756,20.155,19.8706,20.3003,20.3725,20.7539,20.5895,21.0695,20.8042,21.4507,20.4589,20.4756,20.6778,20.8799,21.0005,20.78,20.7263,20.9418,21.2051,21.6249,21.0567,21.2222,21.1103,20.752,21.0811,19.7254,19.6042,19.8773,19.868,20.8113,20.0363,20.2849,20.736,20.8627,20.9974,20.5391,20.5932,20.1395,20.8627,21.7139,20.7652,20.1888,20.1626,20.7558,21.5649,20.0153,20.511,20.7652,20.5165,20.805,19.6718,19.6563,20.0754,20.3119,20.59,20.4667,19.7885,20.0843,19.7607,21.2231,19.8876,20.0899,20.87,21.5869,22.7784,19.6896,19.5583,19.8419,20.4428,21.8153,19.5136,19.9996,20.0089,19.9403,20.5409,20.0219,20.1705,20.3959,20.2668,22.2946,20.2607,20.1498,20.4503,20.6796,22.9843,20.3116,19.986,20.5735,20.3806,20.5802,19.7723,20.3649,20.2338,20.6849,21.159
604,3:45:35 PM,19.9473,19.8977,19.9826,20.1939,20.5958,20.4376,20.3042,20.7003,20.9516,20.8598,20.4267,20.5101,20.1942,20.3506,20.8492,20.7008,20.8669,20.8623,20.9021,21.567,21.0583,20.6722,20.7328,20.6065,21.0832,20.17,20.1462,19.7131,19.9728,20.3873,20.7743,20.4537,20.7709,20.6341,21.3919,20.722,20.7374,20.7858,20.4503,20.5909,20.6558,20.6645,20.9095,21.2141,21.8043,21.1088,21.1094,21.035,20.6761,21.0473,19.8298,19.5782,19.7977,19.9906,20.8328,20.4191,20.4312,20.8107,21.023,20.9054,20.5833,20.4494,20.3746,21.0063,21.5041,20.7469,20.3864,20.0672,20.6252,21.5933,20.2651,20.5018,20.7447,20.7134,20.8387,19.5379,19.5423,20.0136,20.2548,20.8056,20.5647,19.6799,19.7367,19.3595,20.8721,19.9256,20.3431,20.8077,21.2031,22.3474,19.6048,19.8078,19.9434,20.7513,21.9674,19.8373,19.6514,20.0802,20.1477,20.0723,19.9162,20.0152,20.2881,20.3819,21.2638,19.9995,20.1558,20.5665,20.9942,23.0302,20.5315,19.9779,20.4271,20.615,20.661,19.7047,20.3085,20.5699,20.9389,21.3589
605,3:45:55 PM,19.9017,20.0147,20.084,20.3213,20.534,20.4437,20.6241,20.7106,20.7411,20.8284,20.5707,20.4633,20.5481,20.821,20.8214,20.7468,20.7375,20.84,20.9229,21.6503,20.7632,20.5616,20.771,20.4713,20.9815,19.948,20.2729,19.9573,20.0215,20.3443,20.4837,20.4568,20.642,21.0393,21.2658,20.5592,20.6821,20.869,20.8351,21.1883,20.9101,20.6443,20.9092,21.2668,21.5301,21.2128,20.9886,21.0264,20.6907,21.2603,19.9404,19.5844,19.9093,20.0538,20.6969,20.1818,20.3879,20.6313,21.0434,21.3777,20.4689,20.4167,20.1698,20.9484,21.6454,20.7111,20.281,20.0205,20.5494,21.3309,20.3235,20.6058,20.6461,20.7773,21.0926,19.7882,19.7639,20.1836,20.2163,20.5576,20.5805,19.8562,20.2884,19.7409,20.9406,19.9071,20.204,20.9371,21.1412,22.538,19.8053,19.6792,19.6939,20.3477,21.8975,19.4666,19.8941,20.2244,20.0436,20.5666,20.2923,20.2716,20.2994,20.5406,21.6271,20.1709,20.3051,20.6281,21.0827,22.981,20.2954,20.4243,20.5507,20.4861,20.5952,19.9068,20.3625,20.5609,20.8699,21.4412
606,3:46:15 PM,19.6913,19.9239,19.9509,20.1735,20.5221,20.6783,20.2886,20.6722,20.7684,20.8431,20.6541,20.557,20.3831,20.4202,20.6306,20.5404,20.5111,20.7361,21.0166,21.4296,20.8213,20.8996,20.7964,20.2798,20.9036,19.8866,19.985,20.0509,20.0485,20.5395,20.8946,20.2962,20.9661,20.8371,21.2464,20.5268,20.6884,20.5668,20.5271,20.9102,20.6911,20.8961,20.8788,21.2176,21.6179,20.9852,21.1458,21.0918,20.5415,20.9446,19.7789,19.6062,19.857,19.7693,20.5473,20.235,20.5207,20.5838,20.9847,21.3453,20.4567,20.4986,20.2906,20.8053,21.888,20.6985,20.592,20.2401,20.7957,21.1951,20.0142,20.5778,20.7762,20.5399,20.905,19.8542,19.7569,19.8947,20.581,20.789,20.6839,19.9999,20.3314,19.9357,20.9159,19.9024,20.1374,20.9217,20.8081,22.2786,19.6456,19.5743,19.8145,20.8705,21.8282,19.8667,20.0749,20.2735,20.2257,20.563,19.9284,20.1578,20.3681,20.2156,21.2684,20.0743,20.2246,20.5447,20.9381,23.2112,20.2252,20.331,20.6482,20.5194,20.8038,19.8747,20.2458,20.5584,20.8861,21.5421
607,3:46:35 PM,19.8683,19.9277,20.1096,20.2237,20.3879,20.5896,20.2046,20.7224,20.9903,20.7141,20.4816,20.3536,20.3918,20.3569,20.7378,20.7563,20.5981,20.7825,21.0619,21.597,20.9425,20.212,20.6967,20.5181,20.8732,19.66,20.334,20.042,20.2075,20.3796,20.7663,20.3806,20.6674,20.7905,21.4027,20.7187,20.5373,20.9341,20.9913,20.8,20.76,20.639,20.8126,21.2354,21.7336,21.0606,21.1927,21.2527,20.6806,21.0161,19.7974,19.672,19.9764,20.0035,20.622,20.077,20.4371,20.8611,21.0428,21.2301,20.4042,20.4432,20.5374,21.1008,21.5537,20.5821,20.4196,20.1657,20.4794,21.4646,20.2206,20.5422,20.9539,20.77,20.7207,19.8252,19.7972,19.8837,20.2495,20.6364,20.4713,19.9311,20.5381,19.9238,20.9024,19.9903,20.1545,20.5555,20.7107,22.2451,19.7535,19.628,20.0051,20.5146,21.9857,19.7479,19.7847,20.3303,20.2534,20.2164,19.9744,20.1089,20.2467,20.4817,21.4206,19.7992,20.3035,20.4933,21.1081,22.6651,20.3679,20.2531,20.5549,20.5595,21.0246,19.9108,20.2041,20.5163,20.8055,21.3887
608,3:46:55 PM,19.8696,19.8722,19.792,20.2413,20.4965,20.4533,20.2928,20.6425,20.8732,20.9373,20.6329,20.3223,20.1757,20.5767,21.1118,20.4849,20.9876,20.9042,20.8997,21.4036,20.8798,20.6061,20.856,20.415,20.9485,19.9645,20.1672,19.8813,19.9104,20.4091,20.7142,20.565,20.8881,20.7981,21.4738,20.6044,20.6664,20.417,20.827,21.1442,20.8087,20.7389,20.7828,21.2275,21.6594,21.0589,21.0084,21.056,20.6491,20.925,19.7787,19.7507,19.8028,19.9484,20.6982,20.189,20.486,20.8037,20.9958,20.9122,20.6603,20.4134,20.2743,21.0294,21.9178,20.6704,20.3413,20.0963,20.5706,21.3948,19.805,20.5939,20.9346,20.5714,20.9323,19.9553,19.8218,19.8582,20.3252,20.6663,20.7297,19.9693,20.2458,19.9611,21.2247,20.1811,20.4696,20.7548,21.2487,22.7358,19.5312,19.5675,19.5745,20.1602,21.8093,19.6214,19.7308,20.0755,20.236,20.4162,20.0078,20.1188,20.3737,20.3348,21.485,20.0666,20.3097,20.606,21.6446,22.6583,20.4289,20.2945,20.4304,20.5508,20.85,19.7789,20.3651,20.5932,20.9014,21.4811
609,3:47:15 PM,19.7985,19.9597,19.907,20.2727,20.3982,20.399,20.3721,20.7389,20.9401,20.9375,20.6255,20.3553,20.3517,20.4432,20.6963,20.5293,20.7246,21.0054,21.0974,21.5861,20.7816,20.8045,20.7343,20.7633,20.9749,19.9099,20.0631,19.853,19.9242,20.3591,20.8414,20.462,20.6919,20.6913,21.5576,20.7499,20.4691,20.6057,20.8041,21.1604,20.8012,20.6379,20.9027,21.3231,21.7773,21.1751,21.0674,21.1372,20.609,21.0344,19.8978,19.5833,20.0248,19.9531,20.7283,20.2448,20.2856,20.8597,20.9196,21.1287,20.5757,20.4944,20.4174,20.8936,21.6031,20.4805,20.2554,20.0139,20.3679,21.573,20.2531,20.5903,20.7401,20.5433,20.8347,19.8223,19.7507,19.858,20.2841,20.7359,20.5805,19.7349,20.07,19.821,21.2766,19.717,20.1829,20.8672,21.1827,22.5902,19.4466,19.6066,19.7403,20.5645,21.808,19.8958,19.9643,20.195,20.1647,19.9137,20.1027,19.9662,20.356,20.4429,21.1007,20.0845,20.4127,20.6961,21.24,22.8682,20.4214,19.8385,20.4124,20.3432,20.8598,20.1733,20.2741,20.3337,21.0549,21.2728
610,3:47:35 PM,19.995,20.0906,20.0909,20.1794,20.3946,20.5065,20.4372,20.7688,20.9189,20.7963,20.4833,20.6865,20.3245,20.8367,20.8429,20.7064,20.7223,20.8847,20.7069,21.456,20.7108,20.6854,20.7801,20.4225,21.0192,20.0527,20.4061,19.9393,20.151,20.4771,20.7477,20.5634,20.9245,20.7206,21.6188,20.5638,20.6847,20.633,20.8173,21.4032,20.7353,20.7194,20.8235,21.1326,21.7648,20.974,21.0744,21.0392,20.6527,21.0567,19.8677,19.7371,20.0561,20.0818,20.679,20.0233,20.3909,20.6556,21.1335,21.3647,20.4683,20.3942,20.2755,20.9053,21.5674,20.799,20.4788,19.9943,20.4537,21.3408,19.8781,20.4384,20.6747,20.6693,20.5888,19.7039,19.6741,19.9467,20.3141,20.9913,20.6513,19.7687,20.3425,19.8474,21.0696,20.0181,20.1191,20.6771,20.8258,22.003,19.238,19.6334,19.9198,20.4592,22.0482,19.6774,19.7401,19.942,20.1587,20.0865,20.0695,20.0805,20.5396,20.4814,21.2513,20.2128,20.5033,20.5602,21.2699,22.4984,20.5135,20.1385,20.5425,20.5607,21.0917,19.703,20.3099,20.4997,21.1714,21.5313
611,3:47:55 PM,20.1556,19.9397,20.1115,20.249,20.3725,20.1813,20.0785,20.5809,20.8025,20.9145,20.5605,20.5147,20.5734,20.7842,21.1371,20.6751,20.7704,20.9621,20.9024,21.392,20.6057,20.6068,20.611,20.1716,21.1115,20.1205,20.0562,19.6739,19.8987,20.3075,20.8303,20.1831,20.8878,20.8824,21.223,20.7273,20.6469,20.611,20.8567,20.667,20.6899,20.6361,20.8264,21.2654,21.6527,20.8381,21.1596,20.995,20.6063,20.8562,19.9858,19.5551,19.9965,19.9887,20.685,20.1185,20.4969,20.6356,20.9859,21.1995,20.4309,20.4272,20.4159,20.8792,21.5993,20.5961,20.4901,19.9794,20.3548,21.272,20.0404,20.6808,20.7104,20.4494,20.9306,19.7767,19.7619,20.1473,20.0791,20.6851,20.6366,19.6228,20.1071,19.9293,21.2447,19.965,20.1459,21.0045,21.0704,22.7585,19.6003,19.5992,19.5202,20.5319,21.9716,19.7927,19.6595,19.9598,19.7132,20.6208,20.1253,20.0838,20.4556,20.3314,21.1186,19.9336,20.4401,20.5012,21.1531,22.623,20.4342,20.0437,20.5215,20.4445,20.6558,19.8641,20.108,20.5331,20.9043,21.1633
612,3:48:15 PM,19.8688,19.8659,19.9555,20.2583,20.5985,20.3453,20.3048,20.7103,20.6584,20.9076,20.5844,20.5696,20.3649,20.4176,20.7057,20.6753,20.8596,20.9266,20.7879,21.568,20.8848,20.7359,20.7379,20.1093,21.0936,20.0346,20.1706,20.0171,20.0804,20.2877,20.6187,20.429,20.7315,20.8249,21.4548,20.323,20.6537,20.771,20.8324,20.9011,20.8149,20.9504,20.9168,21.3148,21.6218,21.0515,21.0233,21.0284,20.4693,20.9094,19.8672,19.5596,19.6857,19.9934,20.6849,20.0323,20.4377,20.6556,20.9997,21.3964,20.3845,20.5052,20.153,20.9867,21.5527,20.6006,20.2909,20.0324,20.5849,21.1899,20.3124,20.478,20.729,20.5458,20.7591,19.7486,19.5913,19.9907,20.4053,20.7109,20.4597,20.015,20.4712,20.0046,21.4028,20.1154,20.0105,20.6603,21.0315,22.6838,19.6564,19.6317,19.8464,20.7374,21.8791,19.8496,19.8944,20.1206,20.0704,20.1068,20.1341,20.2228,20.2417,20.2818,21.4008,19.8634,20.1713,20.5995,21.2826,22.2257,20.4965,20.2431,20.6035,20.4417,20.5697,20.0108,20.3013,20.4967,21.2007,21.236
613,3:48:35 PM,19.8816,19.8918,19.7928,20.1743,20.5178,20.3706,20.3295,20.7127,20.889,20.5197,20.7343,20.4295,20.4662,20.3504,20.6976,20.3959,20.7518,20.9455,21.0103,21.333,20.782,20.4985,20.4431,20.4036,20.8504,19.9407,20.2643,19.7766,20.2816,20.0714,20.6388,20.4877,20.8258,20.9365,21.4339,20.5547,20.7369,20.671,20.7633,20.8259,20.4769,20.8616,20.8925,21.368,21.7421,20.8964,21.2317,21.0272,20.7362,21.094,19.8751,19.6483,19.857,19.7574,20.566,20.0326,20.5624,20.4492,21.063,21.0352,20.2954,20.4538,20.3173,20.8064,21.7021,20.6719,20.4092,20.0122,20.4533,21.3684,19.9975,20.5662,20.6795,20.5781,20.9656,19.9135,19.8844,19.9107,20.3618,20.7108,20.7039,19.6033,20.1862,20.0206,21.1004,20.0716,20.0265,20.6265,21.1697,22.6069,19.6207,19.5895,19.4338,20.5849,21.8965,19.9585,19.8827,20.0577,20.2415,20.2205,20.3116,20.0374,20.3093,20.2703,20.932,20.0283,20.4021,20.5934,20.9504,21.9077,20.5502,20.2869,20.6822,20.4667,20.9347,19.4766,20.4111,20.3249,20.7273,21.4367
614,3:48:55 PM,19.8584,19.9121,19.9334,20.0574,20.5042,20.3966,20.2054,20.6173,21.0375,20.688,20.6957,20.4247,20.2893,20.5205,20.7855,20.4768,20.7837,20.8899,21.0139,21.5074,20.6248,20.5802,20.8257,20.596,20.9988,19.7826,20.229,20.1491,20.0637,20.3353,20.798,20.4297,21.0021,20.7865,21.3275,20.5671,20.6272,20.6719,20.694,20.9275,20.7798,20.7491,20.8782,21.1742,21.6064,20.8733,21.0311,20.9078,20.7704,20.9507,19.8791,19.5282,19.74,19.7894,20.7977,20.0245,20.6998,20.8917,21.242,21.4974,20.5511,20.6816,20.2896,20.8487,21.6277,20.4346,20.1875,20.0767,20.5786,21.4908,20.5545,20.5044,20.6727,20.6497,21.1986,19.8201,19.8066,19.7824,20.3453,20.7692,20.7014,19.8268,20.2839,19.7877,21.6568,19.9548,19.9077,20.6627,21.2064,22.4002,19.724,19.8877,19.7094,20.6388,22.0393,19.7318,19.9797,20.2,20.2541,20.1048,20.0925,20.161,20.6097,20.3221,21.4029,19.7034,20.4096,20.5137,21.092,22.6343,20.665,20.2878,20.5966,20.4642,20.4963,19.8222,20.2985,20.4705,20.8997,21.3715
615,3:49:15 PM,19.9029,19.9453,19.7325,20.1864,20.6259,20.5588,20.4651,20.7837,20.8103,20.5845,20.6811,20.3028,20.4056,20.3719,20.6205,20.4804,20.8338,21.0337,20.9465,21.4054,20.8096,20.9811,20.583,20.7795,20.8881,19.9582,20.2285,19.9843,19.9576,20.3829,20.449,20.5847,20.8303,20.9622,21.2832,20.6936,20.7391,20.6697,20.6544,20.6928,20.4721,20.6676,20.8369,21.3449,21.4808,20.9682,20.9841,21.0451,20.7278,21.0894,19.9359,19.5721,19.912,19.9929,20.8065,20.1458,20.3426,20.8306,20.9112,21.1371,20.4034,20.4859,20.2988,20.9807,21.5162,20.4604,20.3485,20.1452,20.5496,21.2193,20.282,20.4823,20.8243,20.6351,20.7833,19.7218,19.6479,19.9004,20.2942,20.7695,20.5608,19.6968,19.8967,19.5708,21.2134,20.0425,20.2662,20.9805,20.9757,22.0113,19.5405,19.6639,20.1202,20.8023,21.9769,19.89,19.8738,20.1141,19.9216,19.8592,20.0317,20.195,20.4584,20.4769,21.5053,20.3957,20.4592,20.7058,21.1535,22.6136,20.4788,20.2402,20.6969,20.6141,20.9715,19.9319,20.2533,20.5553,21.063,21.2344
616,3:49:35 PM,19.644,19.8773,19.7123,20.0665,20.5175,20.4868,20.2657,20.5715,20.749,20.631,20.6495,20.4652,20.3727,20.7065,20.7451,20.4874,20.8014,20.6672,20.9933,21.4503,20.878,20.5231,20.7247,20.2676,20.989,19.6979,20.1514,19.9995,20.135,20.2425,20.6752,20.4131,20.9158,20.8473,21.54,20.7362,20.6909,20.7404,20.6663,20.6142,20.7306,20.7562,20.8535,21.3422,21.8278,20.9233,21.1725,21.1283,20.5909,20.8015,19.7845,19.832,19.8479,20.0885,20.8916,20.0558,20.5517,20.7339,20.8474,21.0739,20.6192,20.4112,20.2195,20.8896,21.3883,20.6812,20.3233,20.065,20.4802,21.3938,20.24,20.474,20.9276,20.6274,20.905,19.5893,19.7646,19.9638,20.4056,20.794,20.7742,19.7783,20.4294,19.7024,21.6133,19.8376,20.3064,20.8225,20.8793,22.682,19.7965,19.8329,20.0542,20.8225,22.1305,19.7743,20.0728,20.0907,20.0117,20.3852,20.0047,19.9183,20.4265,20.3959,21.1257,20.0811,20.3693,20.4378,21.0657,22.7681,20.3785,20.4478,20.7744,20.4194,20.7396,19.7315,20.2842,20.545,20.9403,21.3825
617,3:49:55 PM,19.757,19.8375,19.7913,20.2411,20.7254,20.5673,20.2707,20.6534,20.8928,20.9873,20.4712,20.4659,20.1365,20.3323,20.587,20.5352,20.7744,20.8688,21.0203,21.3932,20.9261,20.7571,20.761,20.4864,21.0243,19.9156,20.0407,19.6377,20.3582,20.2426,20.9073,20.5881,20.9952,20.8031,21.4728,20.7549,20.7356,20.4459,20.416,20.5687,20.7785,20.8927,20.9202,21.4501,21.6533,20.9288,21.0943,20.8374,20.7769,20.9711,19.6604,19.3727,19.8367,19.9312,20.6102,20.1764,20.3574,20.5791,21.0309,21.2616,20.6257,20.6059,20.3729,20.9286,21.8425,20.7033,20.4365,20.154,20.6899,21.124,20.1351,20.5862,20.6233,20.4073,21.0888,19.7358,19.5396,19.9541,20.3681,20.8116,20.8647,19.4959,19.913,19.5118,21.0635,19.8115,20.1955,20.8135,20.8417,22.5638,19.6258,19.6902,19.9762,20.6804,22.2836,19.8457,20.0062,19.9595,20.2512,19.9712,20.2016,20.1254,20.5351,20.4514,21.4114,20.0814,20.3653,20.4133,21.0351,22.8553,20.3183,20.3321,20.5033,20.5629,21.0043,19.9192,20.4475,20.6386,20.9708,21.2589
618,3:50:15 PM,19.8019,19.8481,19.9132,20.325,20.6492,20.5619,20.3726,20.9566,20.5972,20.6307,20.5234,20.2264,20.3401,20.3745,20.579,20.6726,20.896,20.9296,20.7315,21.368,20.7115,20.8406,20.7645,20.7784,20.903,19.9375,20.3914,19.8293,20.2253,20.2354,20.5432,20.5144,20.8662,20.9673,21.5428,20.6696,20.6393,20.7841,21.0843,20.999,20.6323,20.7429,20.7474,21.2701,21.6971,20.9878,21.1626,20.9274,20.7188,21.0391,19.82,19.7813,19.8682,19.7217,20.6901,20.1651,20.4109,20.6623,21.1861,21.3736,20.5481,20.5604,20.3,20.8713,21.5119,20.5158,20.3713,20.0687,20.5662,21.2615,20.1288,20.4732,20.6424,20.5038,20.7684,19.7178,19.7171,19.8376,20.246,20.8095,20.7134,19.7573,20.3085,19.7916,20.9603,20.1557,20.1329,20.9708,21.2192,22.5607,19.4943,19.7598,19.7529,20.9125,22.0603,19.8934,20.0196,20.2915,20.2619,20.1103,20.0439,20.2812,20.1695,20.3382,21.7098,20.1145,20.1952,20.5294,21.3263,22.7215,20.4172,20.3759,20.6696,20.7064,21.059,19.7444,20.3843,20.705,20.9174,21.3109
619,3:50:35 PM,19.8167,20.0382,20.0502,20.4473,20.5463,20.464,20.3128,20.7364,20.9653,20.7383,20.3777,20.3943,20.1163,20.2588,20.5004,20.5379,20.591,20.8213,20.8884,21.4592,20.8905,20.6629,20.8534,20.4435,20.8846,19.7914,20.2157,19.9714,20.1195,20.2595,20.8834,20.5006,20.9499,20.8737,21.5116,20.6904,20.615,20.529,20.6735,20.7093,20.5971,20.7551,20.9091,21.1534,21.4132,20.8345,21.1054,21.132,20.639,21.1389,20.0989,19.8752,19.8865,20.0946,20.6044,20.31,20.4477,20.7837,20.8066,20.9353,20.5958,20.4708,20.2016,20.6624,21.5425,20.7132,20.2769,20.0113,20.4465,21.0867,20.145,20.2708,20.6909,20.6748,21.0153,19.7471,20.0729,19.8894,20.3022,20.7889,20.6553,19.564,20.4849,19.7301,20.952,19.9735,20.1616,20.8572,21.4113,22.6471,19.7459,19.5772,19.548,20.5623,22.1819,19.7647,19.9583,20.0568,20.1779,19.9908,20.1272,20.1053,20.3092,20.5538,21.789,20.2047,20.4435,20.5319,21.6041,22.8254,20.3173,20.4042,20.5957,20.5281,20.9237,19.9168,20.0472,20.528,20.7532,21.3934
620,3:50:55 PM,19.893,20.1036,19.761,20.1526,20.5492,20.5771,20.5236,20.7602,20.9207,20.9299,20.5521,20.3399,20.2543,20.5656,20.5916,20.5787,20.6679,20.7468,21.058,21.5291,20.6498,20.661,20.6594,20.4875,20.9075,19.7439,20.1135,19.9475,20.1127,20.242,20.8928,20.5429,21.1414,20.7982,21.4617,20.598,20.5793,20.6168,20.604,20.5586,20.6354,20.8028,20.829,21.2737,21.5383,20.8577,20.8902,21.1318,20.669,21.0942,19.8861,19.6306,19.9557,19.8297,20.4866,19.8264,20.3937,20.6873,21.0822,21.0255,20.4137,20.3672,20.3596,20.7541,21.5133,20.7037,20.1112,20.0972,20.7069,21.326,20.2471,20.2848,20.6694,20.6777,20.7471,19.7873,19.6808,19.966,20.2618,20.7263,20.8941,20.0304,20.4511,19.897,20.7174,20.0614,20.1861,20.8595,20.9968,22.6939,19.5106,19.9029,19.9598,20.5813,22.0971,19.6537,20.0081,20.1663,20.1378,20.1051,20.1256,20.1779,20.6939,20.4194,21.343,20.0161,20.315,20.7212,21.4329,22.8426,20.2163,20.1601,20.4655,20.4143,20.6039,19.6885,20.26,20.5069,20.8917,21.518
621,3:51:15 PM,19.944,19.9305,20.0061,20.2261,20.4273,20.641,20.5195,20.9632,20.8117,20.8823,20.4814,20.4747,20.287,20.5608,20.5785,20.815,20.8555,20.8322,20.889,21.5852,20.7952,20.7256,20.777,20.4815,21.0739,19.9294,20.1929,19.9608,19.9984,20.4422,20.6236,20.2408,20.7868,20.9424,21.5938,20.5891,20.522,20.8874,20.6165,20.7256,20.8051,20.7622,20.8588,21.1663,21.4832,20.993,21.0193,21.1013,20.8041,21.0315,19.7963,19.528,19.5968,19.9031,20.7137,20.0233,20.4957,20.7718,21.0171,21.1312,20.3979,20.4215,20.2179,20.9666,21.3784,20.4512,20.5112,19.9039,20.4444,21.3234,20.0294,20.395,20.6215,20.4582,20.8131,19.9032,19.701,19.8136,20.1861,20.6986,20.7094,19.8483,20.4464,19.654,21.242,19.968,20.3149,20.8955,20.9002,22.6427,19.5954,19.8487,19.8989,20.6428,22.1266,19.5285,20.0448,20.1943,19.9267,19.9531,20.0607,20.2356,20.4049,20.2063,21.1073,20.0845,20.3164,20.5086,21.1763,22.5809,20.3035,19.9129,20.8186,20.4807,20.9802,19.603,20.3686,20.4333,20.983,21.3775
622,3:51:35 PM,19.8113,20.0181,19.9559,20.2311,20.3827,20.5721,20.0676,20.7379,20.7923,21.1267,20.6201,20.5223,20.5262,20.4835,20.5137,20.6734,20.8062,20.9577,21.0368,21.325,20.6456,20.7776,20.8543,20.1375,21.142,19.8824,20.4092,19.8689,20.0069,20.3571,20.8793,20.5513,20.8821,20.8752,21.5046,20.7018,20.7136,20.607,20.63,20.6732,20.7999,20.9305,21.0095,21.1989,21.7864,20.8951,21.0998,21.0549,20.6795,20.9336,20.1084,19.5282,20.0319,19.8224,20.6707,19.8964,20.5064,20.812,20.9733,21.1472,20.4945,20.5368,20.2234,20.9338,21.5027,20.6194,20.4379,20.1526,20.7519,21.329,20.0421,20.6594,20.9912,20.6051,20.8062,19.8658,19.6526,20.0152,20.5152,20.6757,20.6809,19.8104,20.0896,19.6346,20.9052,19.8633,20.2192,20.8573,20.8741,22.9545,19.6777,19.6661,19.6792,20.6084,22.2158,19.8127,19.8023,20.3383,20.2223,19.7495,20.014,20.191,20.028,20.2832,20.8867,19.8551,20.1876,20.3751,21.1515,23.1914,20.2895,20.2178,20.418,20.5178,20.6906,19.7944,20.3341,20.5784,20.9523,21.4873
623,3:51:55 PM,20.0009,20.095,19.9925,20.1762,20.5307,20.4226,20.2875,20.7352,20.6234,20.6889,20.6679,20.475,20.51,20.5929,21.0456,20.5325,20.8539,20.8591,20.9718,21.5908,20.8749,20.6001,20.7219,20.5305,20.9661,19.9057,20.1504,20.1002,20.3259,20.4081,20.689,20.4876,20.9784,20.6927,21.5385,20.7695,20.475,20.736,20.566,21.0358,20.7066,20.745,20.7864,21.3675,21.7936,20.9533,20.9592,20.9869,20.762,21.04,20.0006,19.8101,19.8301,19.9829,20.661,19.9576,20.5237,20.703,20.7893,21.0183,20.4393,20.4497,20.332,21.0225,21.5175,20.6361,20.413,20.0929,20.6259,21.3618,20.5305,20.5312,20.7709,20.818,20.949,19.7565,19.7127,20.1262,20.4227,20.6025,20.8621,19.8187,20.4102,19.7706,20.6902,19.8189,20.1969,20.7939,20.9593,22.7578,19.7115,19.7718,19.9156,20.7676,22.0111,19.6794,19.9664,20.0716,20.0817,20.095,19.9861,20.0888,20.3573,20.2021,20.8783,19.9901,20.2322,20.4412,20.8287,22.9325,20.3307,20.4037,20.7641,20.5956,21.0229,19.5393,20.2308,20.4429,20.955,21.1321
624,3:52:15 PM,19.884,19.9404,19.8751,20.2745,20.4897,20.3045,20.1317,20.8072,20.7946,20.5538,20.3294,20.6014,20.3361,20.769,20.9417,20.565,20.9237,20.798,20.9785,21.3798,20.7127,20.7392,20.701,20.4203,21.1374,19.75,20.0822,19.8229,20.0103,20.0732,20.4728,20.4076,20.6585,20.7322,21.381,20.7016,20.6753,20.8159,20.838,20.9492,20.8132,20.7909,20.707,21.3083,21.7624,20.8501,20.9744,20.9659,20.5579,21.0911,19.7337,19.6883,19.6511,19.8698,20.5889,19.9733,20.3958,20.6723,21.0512,21.2126,20.5206,20.4851,20.3685,21.0415,21.3994,20.5673,20.3734,20.0173,20.5196,21.1953,20.0714,20.8373,20.8087,20.8896,20.6683,19.5742,19.7412,20.1862,20.1113,20.6668,20.6157,19.9162,20.3296,19.7069,20.7488,19.8267,20.2975,20.716,20.8146,22.9397,19.586,19.6449,19.6943,20.6353,21.9887,19.7112,19.8686,20.3707,20.1604,20.2864,19.8907,19.9923,20.0842,20.3917,21.3404,19.8944,20.3959,20.4999,21.0047,23.0625,20.4654,20.298,20.6018,20.3503,20.7256,19.7967,20.3608,20.4236,20.9143,21.358
625,3:52:35 PM,19.9425,20.0268,19.8707,20.2389,20.5589,20.5626,20.187,20.7504,20.6182,20.6617,20.5565,20.3761,20.2733,20.5317,20.6701,20.5637,20.7567,20.8471,20.9231,21.3299,20.5694,20.6221,20.5859,20.6689,21.0229,19.7274,20.0741,19.8903,20.2045,20.3193,20.4991,20.4876,20.8619,20.8917,21.3623,20.5897,20.6134,20.69,20.7728,21.0548,20.8311,20.8288,21.039,21.4538,21.7446,20.8979,20.9167,20.9878,20.7253,20.9446,19.824,19.52,19.8637,19.9437,20.5687,20.0002,20.4817,20.7091,20.9171,20.94,20.473,20.3885,20.1792,20.9983,21.4524,20.4801,20.2652,20.145,20.5336,21.3853,19.8786,20.3935,20.6827,20.6614,20.9346,19.7981,19.5634,20.0335,20.1226,20.7846,20.74,19.7985,20.3374,19.4549,20.783,20.0407,20.2869,20.8322,21.0154,21.866,19.6437,19.7229,19.9848,20.5213,22.1367,19.7533,20.1163,20.1285,19.8352,20.0689,20.2435,20.2593,20.246,20.4317,21.5532,20.2002,20.412,20.4111,21.4465,23.0507,20.3657,20.1671,20.4654,20.6896,20.7967,19.655,20.2308,20.4411,20.8807,21.4307
626,3:52:55 PM,19.7711,19.936,19.7073,20.2726,20.5042,20.4152,20.432,20.7012,20.787,20.6909,20.328,20.2768,20.3901,20.7002,20.8004,20.4147,20.7543,20.6795,20.7685,21.5757,20.9437,20.5777,20.7503,20.5133,21.1031,19.7012,20.006,19.8513,20.1214,20.2981,20.6035,20.5512,20.9475,20.7234,21.4566,20.6091,20.5383,20.5592,20.9624,21.2029,20.8203,20.739,20.7222,21.296,21.6863,21.0346,21.1272,20.8846,20.6968,21.2087,19.7311,19.4459,19.8757,19.9571,20.6741,19.6701,20.2947,20.7627,20.8294,21.1748,20.4333,20.5513,20.2427,20.9329,21.3146,20.6203,20.4337,20.0773,20.5872,21.2546,20.2466,20.495,20.7747,20.7332,20.7385,19.5066,19.5619,19.8597,20.2467,20.5771,20.595,19.7006,20.2141,19.7903,20.7451,19.7609,20.2761,20.7633,21.0218,22.3438,19.4448,19.4428,19.8669,20.8557,22.2189,19.772,20.0844,20.3151,20.1032,19.7915,20.0437,20.216,20.3752,20.2976,21.5397,20.1715,20.2883,20.5393,21.065,23.1437,20.4051,20.1409,20.6583,20.672,20.9738,19.8386,20.2175,20.6235,20.9224,21.6084
627,3:53:15 PM,19.8851,19.903,19.7677,20.3338,20.6742,20.2168,20.3115,20.691,20.9719,20.7036,20.4135,20.3091,20.3606,20.6529,20.8996,20.5131,20.7678,20.8414,21.1099,21.6796,20.7369,20.7634,20.9058,20.6363,20.974,19.8749,20.2115,19.9472,20.2123,20.2012,20.863,20.4073,20.7913,20.889,21.5574,20.3578,20.6903,20.6436,20.6314,20.9594,20.6406,20.7173,20.7847,21.1738,21.8989,21.1034,21.1018,21.0202,20.8346,21.1031,19.5714,19.4634,19.8185,19.7467,20.561,20.0165,20.3309,20.7843,20.9044,21.1896,20.27,20.3604,20.2964,21.0683,21.5276,20.4358,20.2959,19.9344,20.557,21.5299,20.2731,20.4619,20.7528,20.5713,21.0272,19.7021,19.5047,20.0076,20.0974,20.7096,20.5499,19.6177,19.8915,19.626,20.6762,20.0242,20.2178,20.6294,20.8998,22.1838,19.4285,19.4342,19.8295,20.9491,21.9024,19.7793,19.9528,20.2367,20.0433,20.1895,19.8817,19.9541,20.1445,20.4446,21.5908,20.0212,20.2062,20.4979,21.0228,22.7191,20.3756,20.3255,20.4819,20.724,21.0706,19.8104,20.3766,20.225,21.2137,21.4496
628,3:53:35 PM,19.7586,19.9766,20.1779,20.1494,20.4997,20.2589,20.1523,20.4419,20.6505,20.9758,20.3042,20.4476,20.5248,20.6736,20.6086,20.5439,20.8658,20.8831,20.9262,21.6546,20.9731,20.6637,20.8204,20.5133,21.0896,19.9133,20.0362,19.8783,20.134,20.3717,20.7731,20.0478,20.8446,20.8436,21.3625,20.6709,20.5501,20.7512,20.8266,21.1953,20.5927,20.8252,20.7239,21.3006,21.6167,20.9272,21.1645,21.2196,20.7899,21.0235,19.7596,19.5785,19.7784,19.8617,20.6944,20.1473,20.659,20.6133,21.0135,21.2878,20.3306,20.4035,20.356,21.0594,21.42,20.5546,20.3567,19.8018,20.5713,21.3111,20.056,20.5544,20.7677,20.4831,20.9509,19.8825,19.6536,19.7942,20.2076,20.6693,20.5823,19.688,20.4449,19.7891,20.789,20.1557,20.2525,20.9211,20.9632,22.497,19.7748,19.5562,19.9808,20.6275,22.017,19.7406,20.0606,20.0462,20.2999,19.9029,19.981,20.1624,20.271,20.4253,21.5736,20.0069,20.3019,20.6589,21.1879,22.7001,20.2332,19.8616,20.5938,20.6372,21.086,19.7074,20.1781,20.4319,20.5544,21.3003
629,3:53:55 PM,19.9905,20.0452,19.9158,20.1786,20.6778,20.3945,20.3419,20.5385,20.8625,21.0456,20.5046,20.4622,20.3494,20.779,20.8618,20.6436,20.9814,20.7427,21.0769,21.4233,20.7374,20.7874,20.7923,20.2884,21.0211,19.6851,20.2496,19.9084,20.1579,20.2432,20.6998,20.4818,20.7713,20.7469,21.5114,20.5397,20.7138,20.5075,21.0292,21.03,20.6255,20.6812,20.7857,21.3198,21.5886,20.8721,21.0514,21.1268,20.7079,21.2045,19.6809,19.3781,19.8745,19.932,20.6251,20.1219,20.3083,20.6921,21.0792,21.0263,20.4987,20.5932,20.4019,20.9735,21.4249,20.6099,20.1244,20.1176,20.6802,21.6966,20.0773,20.7491,20.5709,20.6055,21.0314,19.6101,19.6757,19.9468,20.2811,20.8125,20.624,19.7501,19.978,19.7304,20.8974,19.8506,20.2851,20.8587,20.9578,22.4165,19.5098,19.5002,19.8273,20.9185,22.2312,19.6462,19.9954,20.1692,20.0022,20.1891,19.9077,20.1259,20.2848,20.0431,21.0953,19.9303,20.3235,20.6018,20.7954,22.5723,20.4112,20.1428,20.513,20.6541,21.0329,19.6925,20.1231,20.5011,20.8065,21.297
630,3:54:15 PM,19.838,19.9047,19.9322,20.1173,20.522,20.3565,20.347,20.516,20.6231,20.7338,20.6984,20.3948,20.3498,20.4414,21.0968,20.6168,20.5976,20.871,20.9374,21.6092,20.8522,20.4543,20.8203,20.4123,21.1586,19.7525,20.156,19.658,19.9678,20.2784,20.7403,20.375,20.6147,20.8103,21.5906,20.829,20.5787,20.8207,20.872,21.2698,20.7243,20.8081,20.9019,21.2645,21.7171,20.8269,21.0725,21.1354,20.6684,21.0186,19.8337,19.5032,20.0068,19.9406,20.589,20.2523,20.358,20.8442,21.0508,21.1601,20.6589,20.3072,20.3992,20.7038,21.5833,20.8279,20.1505,19.9292,20.6383,21.455,20.0831,20.5069,20.8181,20.7212,21.2235,19.9073,19.6608,20.0244,20.2711,20.577,20.5361,19.7574,20.3458,19.8145,21.1795,19.9799,20.3018,20.7951,21.1569,22.4291,19.4303,19.6462,19.4693,20.5573,22.0788,19.5732,19.9914,20.1224,20.1074,19.8789,20.2285,20.2373,20.2045,20.2774,21.2195,20.1314,20.3281,20.6701,21.0507,22.9007,20.1754,20.3416,20.4691,20.5253,20.6442,19.6194,20.2211,20.4529,20.8261,21.2322
631,3:54:35 PM,19.7913,19.8795,19.7918,20.2531,20.5101,20.3813,20.3341,20.4726,20.8306,20.6467,20.6055,20.4208,20.2541,20.6314,20.7739,20.606,20.9956,20.7069,20.9983,21.4359,20.8982,20.7413,20.7713,20.5931,21.1916,19.7698,20.0934,19.672,20.2206,20.4168,20.5634,20.5459,20.7873,21.0492,21.4544,20.6186,20.5533,20.616,20.9678,20.7819,20.6794,20.5881,20.9102,21.3992,21.5724,20.9357,21.2021,21.1318,20.5071,21.1952,19.6685,19.5015,19.6024,19.8704,20.9269,20.0285,20.3477,20.7813,20.7341,20.8553,20.4072,20.3691,20.3501,20.9489,21.6362,20.8261,20.176,19.9428,20.6621,21.5143,20.1359,20.4956,20.8544,20.8222,21.0748,19.6884,19.3985,19.81,20.2343,20.6299,20.6729,19.5944,20.2209,19.6123,21.0918,19.7514,20.1112,20.852,20.8997,22.5698,19.5642,19.5269,19.5225,20.7436,22.3228,19.8321,20.1795,20.4547,20.2368,20.2711,20.1583,19.9572,20.4182,20.2808,21.121,19.9384,20.1742,20.8709,20.9182,23.0971,20.3683,20.6018,20.6049,20.4072,20.7787,19.6748,20.263,20.782,20.7666,21.4002
632,3:54:55 PM,19.691,19.829,19.763,20.3007,20.454,20.3186,20.448,20.7612,20.7423,20.6647,20.4411,20.4646,20.1595,20.4194,20.9407,20.4832,20.9562,20.9173,21.0072,21.3124,20.6802,20.5979,20.8335,20.5636,20.8861,19.7644,19.9053,19.6322,19.9907,20.5243,20.8917,20.4886,20.7853,20.9824,21.5322,20.6229,20.638,20.6941,20.9138,20.4768,20.5834,20.832,21.0563,21.4421,21.821,21.0034,21.0508,21.0456,20.6933,21.0251,19.576,19.4407,19.7673,19.7581,20.6211,19.8583,20.3324,20.6591,21.1801,21.0747,20.4435,20.4377,20.3163,20.7409,21.5841,20.5154,20.3278,20.0253,20.7359,21.3255,19.8928,20.4075,20.7289,20.6078,21.0658,19.6532,19.8503,19.8095,20.1632,20.7287,20.6231,19.9225,20.2694,19.4054,21.1031,20.0574,20.2791,20.5825,20.8781,22.3739,19.488,19.6002,19.8069,20.7347,22.2901,19.6479,19.8444,20.1679,20.1008,20.3351,19.9659,20.1604,20.2682,20.2025,21.063,19.9278,20.2306,20.385,20.7921,22.3635,20.493,20.249,20.6283,20.4101,20.8854,19.793,20.4586,20.4043,20.7108,21.0973
633,3:55:15 PM,19.7533,19.7806,20.086,20.2302,20.5325,20.266,20.3688,20.6508,20.692,20.6947,20.6387,20.2257,20.2263,20.3492,20.8531,20.4967,20.8834,20.9466,20.9211,21.6685,20.9669,20.8618,20.66,20.7542,21.0134,20.0182,20.0673,19.6623,20.2095,20.3427,20.8263,20.4475,20.6704,21.1422,21.744,20.6002,20.5885,20.8643,20.6158,20.4082,20.5167,20.9861,20.9765,21.385,21.7746,21.002,21.0654,21.0317,20.6521,21.0485,19.9167,19.3705,19.868,19.9206,20.7024,19.8179,20.5409,20.8207,21.1508,21.134,20.4779,20.408,20.3811,20.7942,22.0425,20.6389,20.1753,19.9374,20.4691,21.4093,20.0716,20.6482,20.6604,20.5862,21.297,19.8148,19.5678,20.0393,20.3468,20.4857,20.5125,19.6429,20.443,19.7936,21.0476,20.0132,20.2339,20.8798,21.07,22.3995,19.4961,19.6972,19.6935,20.3278,22.211,19.8897,19.9192,20.2302,20.1461,20.4851,20.1947,20.0411,20.3688,20.3609,21.3968,19.9059,20.4262,20.5181,20.832,22.6094,20.4023,20.1518,20.7487,20.4782,20.5449,19.6815,20.1212,20.4738,20.8799,21.2137
634,3:55:35 PM,19.8692,19.8048,19.8151,20.1656,20.4694,20.4389,20.2178,20.8147,20.8744,20.7491,20.5134,20.2208,20.2553,20.4916,20.7457,20.6378,20.915,20.9351,20.9528,21.6013,20.7314,20.7616,20.7477,20.542,21.0591,19.9397,19.9776,20.1456,19.7759,20.4831,20.7729,20.5632,20.9472,21.0972,21.3127,20.457,20.6184,20.4843,20.6114,20.9715,20.7205,20.8828,20.8606,21.6576,21.7581,20.9718,21.2242,21.2808,20.7992,21.0203,19.8081,19.6382,19.9789,20.0605,20.7504,20.0128,20.2754,20.8559,21.0326,20.9712,20.4302,20.4305,20.2862,21.1359,21.3918,20.5248,20.2422,20.0375,20.5342,21.2427,20.3793,20.4253,20.5516,20.584,20.8977,19.8057,19.5367,19.8184,20.2452,20.6138,20.6803,19.7651,20.3202,19.7851,21.2999,20.1973,20.2311,20.8396,20.8153,22.4905,19.4242,19.5668,19.7002,20.846,22.1658,19.8102,19.9285,20.2912,20.0509,20.2309,20.2028,19.9658,20.3484,20.3905,21.2763,20.1874,20.4764,20.5353,20.8078,22.2943,20.3182,19.9218,20.5265,20.3993,20.5959,19.6856,20.0384,20.4522,20.9211,21.3757
635,3:55:55 PM,19.9148,19.8132,19.9165,20.1089,20.5059,20.4054,20.506,20.573,21.0177,20.7431,20.4252,20.4015,20.0384,20.566,20.9517,20.5161,20.594,20.8714,20.9527,21.6034,20.7104,20.7405,20.723,20.4489,21.0465,19.9501,20.1104,19.9975,19.9181,20.364,20.6094,20.4219,20.8826,21.0812,21.4253,20.6634,20.614,20.6942,20.6858,21.2094,20.7121,20.77,21.0473,21.2109,21.7178,21.1069,21.1189,21.158,20.6228,20.9422,19.7657,19.5828,19.8497,19.9481,20.5852,20.0544,20.4314,20.8504,21.0412,21.0617,20.3142,20.4257,20.3143,20.5963,21.637,20.6445,20.2434,19.9392,20.6012,21.2069,20.05,20.471,20.6733,20.5871,21.168,19.6566,19.6034,19.8667,20.1609,20.5675,20.6157,19.4745,20.3627,19.8611,20.9012,19.9787,20.1543,20.9065,20.8144,22.5142,19.7903,19.5944,19.8523,20.3729,21.9462,19.8584,19.7943,20.1306,20.2317,19.9651,19.96,20.1677,20.2725,20.381,21.0631,20.1724,20.1274,20.6523,20.8136,22.9224,20.223,20.2524,20.5704,20.4437,21.0686,19.7044,20.2729,20.3511,20.7426,21.1427
636,3:56:15 PM,19.9568,20.0692,19.9127,20.2354,20.4648,20.4909,20.2805,20.5683,20.7734,20.849,20.3126,20.4464,20.0544,20.3852,20.8646,20.5195,20.8599,20.9162,20.9966,21.5046,20.5195,20.747,20.8456,20.4752,21.1118,19.6409,20.0648,19.9587,20.0803,20.37,20.738,20.5021,20.9283,21.1117,21.3546,20.7714,20.6227,20.6158,20.6849,20.9217,20.7762,20.7961,20.966,21.4742,21.8092,20.9379,21.0929,21.0308,20.7355,21.0487,19.8057,19.626,19.8826,19.8083,20.6436,19.8651,20.3087,20.9232,21.1481,21.3697,20.3376,20.4386,20.468,20.8563,21.4375,20.4884,20.3348,19.8855,20.6972,21.261,20.4359,20.5613,20.5228,20.7524,21.1024,19.7438,19.6176,20.0678,20.3039,20.8503,20.4764,19.7814,20.6791,19.753,21.5143,19.9226,20.271,20.8415,21.0579,22.1131,19.6006,19.7662,19.7785,20.8026,22.0504,19.7368,20.0768,20.1993,20.1068,20.0457,20.1069,20.1954,20.3462,20.5328,22.2685,20.327,20.4369,20.5752,20.8632,23.005,20.3378,20.2363,20.4408,20.736,21.0665,19.7624,20.2599,20.3953,20.7762,21.4611
637,3:56:35 PM,19.952,20.0127,19.715,20.2113,20.4959,20.4315,20.5696,20.7165,20.8006,20.6557,20.4592,20.4886,20.2114,20.4369,20.7549,20.7288,20.966,20.866,21.0839,21.576,20.8895,20.7261,20.6847,20.6431,21.0991,19.8084,20.243,19.8744,20.1214,20.0994,20.6921,20.5288,21.1183,20.9351,21.3846,20.6269,20.7479,20.4828,20.5633,20.8959,20.6874,20.9041,20.6813,21.2634,21.5365,21.0695,21.2442,21.1376,20.6819,21.0675,19.9665,19.6998,19.7032,19.7422,20.6995,19.7897,20.3471,21.0032,21.0088,21.0729,20.4447,20.3844,20.4448,20.6408,21.3431,20.4059,20.2596,19.9725,20.7245,21.3938,20.4927,20.5484,20.5169,20.8356,20.8813,19.7166,19.7331,19.8416,20.1641,20.7386,20.5808,19.7823,20.2729,19.5957,21.1304,19.8761,19.9838,20.5548,20.7456,22.0348,19.2886,19.4157,19.7823,21.0734,22.1046,19.8463,20.1773,20.3336,20.1706,20.7027,20.0649,20.1612,20.3374,20.2821,21.0847,20.2211,20.4256,20.4895,20.8709,23.1546,20.524,20.1434,20.4683,20.4407,21.0541,19.8111,20.122,20.5162,21.0203,21.1287
638,3:56:55 PM,19.8973,19.8374,19.6974,20.1471,20.3964,20.5006,20.0527,20.5598,20.9122,20.9,20.3884,20.4694,20.3749,20.5198,20.4664,20.6258,20.7745,21.0194,20.9683,21.3976,20.64,20.8986,20.7308,20.3318,20.9872,19.6976,19.9359,19.7561,19.9148,20.3285,20.7187,20.3881,20.9233,20.9558,21.3925,20.6493,20.7287,20.8235,20.5163,20.6336,20.6663,20.6158,21.0021,21.3191,21.462,21.261,21.0561,21.1519,20.7761,21.0972,19.798,19.5977,19.6815,19.8474,20.5536,19.9773,20.2957,20.7589,21.0803,21.0334,20.4959,20.6048,20.1981,20.7134,21.2481,20.4625,20.3682,20.0012,20.4734,21.3958,20.1206,20.2193,20.8302,20.6521,20.8286,19.5572,19.6861,19.904,20.3101,20.7786,20.4136,19.6885,20.004,19.7252,20.8384,19.8555,20.2116,20.7486,20.9364,21.8419,19.457,19.9066,19.6181,20.9113,22.1209,19.9329,19.8189,20.155,20.1712,20.6506,19.9618,20.116,20.2558,20.4754,21.3433,20.3,20.2392,20.6357,21.0269,23.1068,20.2199,20.1975,20.5501,20.4577,21.0794,19.7874,20.3653,20.5921,20.8574,21.3989
639,3:57:15 PM,19.8732,19.8567,19.969,20.3249,20.7217,20.8202,20.29,20.3743,20.8005,20.6603,20.4751,20.4757,20.4669,20.6402,20.7232,20.5557,20.8175,20.9173,21.1975,21.6153,20.6924,20.579,20.5387,20.8067,20.9832,19.9188,20.166,19.9321,20.1373,20.0165,20.6402,20.5317,21.0066,20.9122,21.408,20.8404,20.5002,20.9221,20.7611,21.005,20.7296,20.6892,20.7635,21.3577,21.6792,20.9932,21.123,21.2067,20.6561,20.9449,19.9933,19.5001,19.7563,19.7575,20.7221,20.1885,20.4011,20.6111,21.0449,21.2427,20.5653,20.4321,20.2484,20.9304,21.8029,20.7962,20.2963,19.975,20.6332,21.5519,20.1019,20.544,20.7367,20.7292,20.8256,19.6569,19.3774,20.1116,20.3413,20.6526,20.6804,19.7108,20.2651,19.6486,21.2338,20.1024,20.2268,21.0868,21.4448,22.2804,19.6686,19.5977,19.9057,20.6505,21.9179,19.9488,19.974,20.2952,19.8689,20.1732,20.0387,20.1063,20.3957,20.3184,21.138,20.0002,20.2343,20.5327,20.8792,23.2844,20.4214,20.3129,20.3887,20.4423,20.8819,19.885,20.3897,20.2805,20.9528,21.1191
640,3:57:35 PM,20.0208,19.8035,20.0613,20.2891,20.4845,20.5572,20.3571,20.6968,20.8661,20.7391,20.6825,20.3455,20.1306,20.4266,20.8099,20.6349,20.7457,20.7607,20.9446,21.6727,21.1218,20.6596,20.6126,20.6114,21.3335,20.1453,19.9306,19.9658,20.1047,20.3813,20.6743,20.4999,20.8533,20.8513,21.4586,20.7895,20.6672,20.7598,20.506,20.6011,20.8065,20.7705,20.9554,21.2325,21.5948,21.0552,21.1177,21.1601,20.6993,21.0424,19.7418,19.7439,19.9671,19.7977,20.7385,19.9394,20.5117,20.7343,21.1457,21.0559,20.5167,20.4635,20.3009,20.6325,21.5696,20.4801,20.2797,19.8584,20.4742,21.5593,20.2168,20.7076,20.7966,20.5065,20.4875,19.7442,19.6967,19.9534,20.3015,20.5541,20.6076,19.5112,20.1886,19.7413,21.0206,19.9658,20.2042,20.6348,20.8399,22.2987,19.5785,19.4217,19.9645,20.7752,21.9546,19.6948,19.9635,20.322,20.2455,20.0216,19.8763,20.0294,20.4383,20.3561,21.534,20.1186,20.3697,20.6297,21.2251,23.015,20.3228,20.3851,20.6076,20.5325,20.4721,19.7933,20.3221,20.6253,20.7009,21.2869
641,3:57:55 PM,20.0408,20.0166,20.114,20.4398,20.6735,20.4201,20.4669,20.8035,20.9359,20.9438,20.6373,20.2637,20.3096,20.6494,20.7055,20.5259,20.826,20.926,21.0809,21.2745,20.7859,20.6728,20.6903,20.5764,21.111,19.9017,20.3223,20.0619,20.1419,20.5402,21.0074,20.4944,20.8623,20.951,21.2433,20.7007,20.5394,20.6265,20.5022,20.7078,20.6504,20.7516,20.9024,21.4575,21.4544,20.7983,20.9973,21.1285,20.8585,21.1729,19.6477,19.6358,19.9429,20.0123,20.8755,20.1206,20.56,20.881,20.9179,21.242,20.451,20.5528,20.3215,20.8782,21.534,20.5398,20.3111,19.9453,20.5821,21.392,20.1093,20.6194,20.9195,20.4162,20.8506,19.6592,19.6453,19.8879,20.1599,20.9079,20.6362,19.6011,20.0811,19.9864,21.122,19.9784,20.3266,20.9854,20.8786,22.4694,19.5108,19.6507,19.8538,20.4084,22.0864,19.7071,19.694,20.1851,20.1336,19.961,19.8431,20.0133,20.275,20.3283,21.5673,20.2318,20.2444,20.4722,21.0008,23.0903,20.5588,20.4186,20.4707,20.4497,20.6866,19.6605,20.3676,20.351,20.6915,21.1075
642,3:58:15 PM,19.8441,19.865,19.871,20.2658,20.5735,20.385,20.4802,20.7623,20.9802,20.7859,20.482,20.3437,20.2934,20.3245,20.6355,20.6242,20.7035,20.9,21.0563,21.4776,20.8325,20.5041,20.6411,20.4152,20.8247,19.9864,20.0317,19.835,20.0906,20.4403,20.8556,20.66,20.8774,20.8268,21.0766,20.587,20.5208,20.4358,20.5906,20.6633,20.6416,20.7476,20.7853,21.1857,21.3682,21.043,21.1439,21.1407,20.6858,20.9973,19.7124,19.5553,19.787,19.9086,20.6066,20.0801,20.4949,21.0742,21.1127,21.1329,20.633,20.4061,20.505,20.7219,21.3999,20.5391,20.3718,19.9745,20.5891,21.6133,20.0487,20.7153,20.6486,20.7092,20.9727,19.6574,19.6382,20.0145,20.1197,20.7231,20.6744,19.7003,20.2837,19.8766,20.828,20.0644,20.1992,20.9695,21.0002,22.3599,19.6607,19.6271,19.5943,20.3417,22.2957,19.8637,19.7825,20.0476,19.7701,20.1342,19.9743,20.0782,20.362,20.2903,21.7173,20.0308,20.3352,20.3872,21.1312,22.6723,20.5241,20.2454,20.49,20.6224,20.5261,19.7611,20.0642,20.2619,21.0928,21.1975
643,3:58:35 PM,19.9905,19.9701,19.7735,20.3419,20.6946,20.3807,20.6314,20.8235,20.8881,20.8916,20.4618,20.3723,20.5303,20.4098,20.5648,20.6121,20.8202,20.8512,21.1542,21.5577,20.793,20.6301,20.6254,20.3251,20.9574,19.8492,20.0793,19.8941,19.9401,20.4105,20.7199,20.6366,20.9088,20.7938,21.2436,20.7123,20.5147,20.8657,20.4738,20.538,20.6808,20.6678,20.755,21.3212,21.5389,20.9567,21.0077,21.0825,20.6028,21.0503,19.8284,19.9331,19.9239,19.9208,20.6283,20.103,20.4679,20.8371,20.8647,20.6365,20.5378,20.6289,20.3526,21.181,21.5089,20.6724,20.3336,20.1024,20.4815,21.5839,20.1945,20.6859,20.7384,20.7735,20.7011,19.8898,19.8169,19.9903,20.2874,20.6748,20.3416,19.9006,19.9338,19.7952,20.7881,20.0249,20.235,20.7246,20.792,22.4739,19.5075,19.7442,19.5701,20.4409,22.1127,20.1527,20.1856,19.9673,19.9522,20.3057,20.0533,20.2347,20.265,20.2357,21.2126,20.1067,20.353,20.2911,21.2943,22.9089,20.2443,20.3832,20.5952,20.7212,20.856,19.9107,20.5119,20.6138,20.9418,21.4245
644,3:58:55 PM,20.1758,20.2377,19.9698,20.1025,20.4355,20.5127,20.2764,20.6278,20.9026,21.0189,20.5835,20.2899,20.376,20.4893,20.6151,20.6004,20.8324,20.8743,20.9519,21.5618,20.7343,20.5984,20.6754,20.2107,20.9268,20.0811,20.0535,19.8237,20.1116,20.0487,20.9704,20.4852,20.964,20.7728,21.3322,20.8311,20.6988,20.6582,20.6849,20.883,20.5939,20.7778,20.9981,21.2603,21.5596,21.0035,20.9996,21.0693,20.7372,20.9818,20.0763,19.8005,19.8421,20.0562,20.8552,20.0018,20.1983,20.563,21.0645,20.949,20.5613,20.6036,20.4905,20.9576,21.2565,20.6255,20.3949,20.2234,20.6873,21.6176,20.0016,20.7722,20.9451,20.7045,20.6958,19.8224,19.7556,20.1384,20.4505,20.8559,20.5326,20.0518,20.309,19.6475,20.9179,19.9206,20.1559,20.9142,20.8441,22.4557,19.5354,19.8023,20.0069,20.6417,22.3392,19.6496,20.1117,20.2244,19.7455,20.1685,20.007,20.0904,20.3795,20.5239,21.5355,19.7426,20.1695,20.466,20.7278,22.9197,20.6099,20.2796,20.4083,20.743,20.9443,19.6179,20.2529,20.5958,21.2696,21.6711
645,3:59:15 PM,20.0083,20.1854,19.9039,20.0964,20.5555,20.5156,20.2902,20.6468,21.0279,20.9455,20.6214,20.4068,20.4564,20.5356,20.4787,20.6329,20.7027,20.9076,21.0012,21.616,20.9596,20.6443,20.649,20.5776,20.9686,19.8759,20.2094,19.7872,20.0982,20.1825,20.6149,20.3913,20.8125,20.8585,21.3096,21.004,20.6203,20.6508,20.7795,20.7882,20.8002,20.9155,20.9907,21.4354,21.4324,20.8128,21.1576,21.1383,20.774,20.9122,19.8843,19.5591,19.7431,19.8042,20.6526,19.8232,20.4921,20.8095,20.9669,21.0277,20.2738,20.7855,20.3186,20.7927,21.4461,20.6575,20.3154,20.1811,20.5898,21.4832,20.236,20.5689,20.7924,20.6015,20.7185,19.6096,19.6078,19.9216,20.1127,20.8344,20.583,19.7065,20.2999,19.7859,20.9316,19.9897,20.2603,20.6406,20.8667,22.7783,19.5206,19.7242,19.8003,20.8245,22.1672,19.8083,20.1253,20.0215,20.1703,20.0161,20.243,20.1127,20.286,20.2244,22.2277,20.0949,20.1376,20.4226,20.8211,23.1124,20.4285,20.1741,20.5431,20.8014,20.4758,19.7707,20.3886,20.4521,21.0103,21.4955
646,3:59:35 PM,19.8384,20.0371,20.0304,20.1624,20.5329,20.4314,20.447,20.6377,20.8256,20.9526,20.5883,20.6755,20.2444,20.622,20.7549,20.6659,20.7366,20.898,21.1093,21.5774,20.7231,20.4517,20.6356,20.6771,20.988,19.9152,20.3496,20.0782,20.1942,20.3079,20.7939,20.4566,20.7448,20.9555,21.3833,20.776,20.6639,20.8285,20.8479,21.1746,20.8443,20.7399,20.8033,21.1982,21.6824,20.847,20.9984,20.9578,20.7207,21.1669,19.9269,19.7886,19.8301,19.7568,20.6371,19.9313,20.3789,20.9174,20.9956,21.2262,20.4564,20.5083,20.2926,20.706,21.2953,20.7118,20.47,20.1549,20.6759,21.5089,20.3409,20.4135,20.7445,20.5114,20.7966,19.7947,19.5765,19.8519,20.1433,20.6844,20.6022,20.0278,20.3189,19.9375,20.7499,20.1185,20.2803,20.9081,20.9109,22.5613,19.6615,19.5599,19.6822,20.6017,22.4416,19.8728,19.7187,19.9783,19.9958,20.155,20.3464,20.1455,20.3243,20.4156,21.3686,20.0694,20.2335,20.518,20.9219,23.0747,20.342,20.2541,20.3594,20.4904,20.796,19.8863,20.4054,20.6868,20.9675,21.2238
647,3:59:55 PM,19.9781,19.7673,19.836,20.1618,20.6946,20.4075,20.2312,20.6647,20.7891,20.9488,20.7163,20.5328,20.4902,20.732,20.8515,20.9151,20.6417,20.8491,20.9881,21.6496,20.7785,20.5551,20.7525,20.4701,20.8724,20.1684,20.1758,19.9919,20.1106,20.1696,20.6523,20.4458,20.8482,21.1323,21.6336,20.8765,20.5839,20.5259,20.7088,20.9153,20.9126,20.5652,20.9237,21.3442,21.6132,20.7366,21.0416,21.0838,20.7053,21.1638,19.7754,19.6343,20.0167,19.8389,20.7811,20.1942,20.1407,20.7802,21.1738,21.3819,20.5563,20.5496,20.4775,20.7207,21.4557,20.6192,20.2008,20.323,20.6353,21.5159,20.2375,20.6849,20.7672,20.6096,20.7303,19.8117,19.7502,19.9539,20.1737,20.6144,20.571,19.6211,20.0436,19.6565,20.7702,19.8858,20.1934,20.6446,20.8816,22.5963,19.6605,19.7007,19.6744,20.5546,22.1039,19.8388,19.9488,20.3405,20.0091,20.5361,20.1209,20.0622,20.465,20.4369,21.4044,20.0437,20.3179,20.4226,20.864,21.9116,20.2524,20.3131,20.5094,20.725,21.5162,19.6256,20.4579,20.6938,20.8508,21.3004
648,4:00:15 PM,19.8025,19.9937,19.9072,20.2901,20.3121,20.6191,20.4585,20.6497,20.7321,20.8792,20.6086,20.2748,20.4042,20.4429,20.6629,20.4921,20.4711,20.7525,21.1683,21.5574,20.7882,20.5487,20.6389,20.3534,20.9324,19.935,20.1587,19.9858,20.1245,20.3882,20.7906,20.4839,20.7661,21.0328,21.2493,20.5431,20.593,20.6378,20.6623,21.0276,20.9372,20.9296,20.7745,21.3232,21.6043,20.9193,21.1934,20.9793,20.5849,21.0728,19.9097,19.6407,19.9977,20.0738,20.6359,19.9842,20.322,20.7236,20.7991,21.2485,20.4716,20.4895,20.3459,20.8475,21.7997,20.8929,20.2915,19.9798,20.3841,21.2965,20.3672,20.7502,20.8402,20.6714,20.4731,19.883,19.4689,20.1429,20.2961,20.6686,20.6139,20.0667,20.3906,19.9634,20.9139,20.0164,20.1715,20.7274,20.9039,22.6347,19.5381,19.5687,19.8373,20.532,22.1763,19.791,19.9828,20.2341,20.0394,20.1308,20.1096,20.127,20.4474,20.462,21.2124,19.9396,20.3973,20.6053,20.8096,22.5316,20.4074,20.3426,20.6575,20.7136,20.6164,19.7968,20.2571,20.3979,20.8052,21.3599
649,4:00:35 PM,19.8071,20.0035,19.8352,20.0451,20.5091,20.5057,20.0797,20.7943,20.6738,20.8454,20.6238,20.44,20.648,20.831,20.8709,20.4925,20.8643,20.9453,20.8101,21.324,20.8002,20.6746,20.8776,20.5092,20.826,19.9462,20.1678,19.9105,19.9357,20.3532,20.6729,20.4192,20.7935,20.8407,21.5161,20.7578,20.6595,20.811,20.8875,21.1524,20.6149,20.7125,20.6955,21.1441,21.4591,20.9098,21.2859,20.9989,20.6409,21.101,19.9789,19.6252,19.9955,19.7734,20.5878,20.0781,20.3523,20.6079,20.9867,20.9466,20.328,20.4546,20.2275,20.9889,21.5519,20.7354,20.2804,20.0696,20.4804,21.3813,20.3249,20.5128,20.8746,20.5961,20.7698,19.9831,19.7795,19.986,20.2995,20.6418,20.3498,19.8664,20.345,19.6265,21.0516,20.0429,20.2425,20.3568,20.6818,22.6268,19.5468,19.6476,19.6404,20.8077,21.9538,20.0591,20.0401,20.352,20.1529,20.1683,20.1447,20.0985,20.492,20.5176,21.2133,20.1385,20.4463,20.6444,21.2753,22.8902,20.2711,20.0589,20.6191,20.7284,20.9575,19.973,20.3662,20.2341,20.6626,21.0467
650,4:00:55 PM,19.7961,19.9653,19.8586,20.2765,20.58,20.3902,20.2902,20.7166,20.8118,20.5636,20.6227,20.6285,20.47,20.6285,20.953,20.5451,20.7025,20.9076,20.9843,21.5689,20.9721,20.8553,20.7548,20.8288,20.9536,20.0384,20.2952,19.8822,20.1613,20.2669,20.6712,20.5337,20.8268,20.8874,21.327,20.569,20.7168,20.6394,20.7096,21.1362,20.7232,20.9355,20.8261,21.2819,21.6355,20.9687,21.1869,21.0915,20.6966,21.0082,19.9767,19.7117,19.8016,19.9472,20.5576,20.3383,20.4324,20.7921,20.8606,20.8913,20.4819,20.5742,20.3825,21.0833,21.5175,20.5743,20.1917,20.0654,20.6162,21.6149,20.0462,20.5753,20.7692,20.5966,20.9778,19.6974,19.8043,20.0194,20.3964,20.5556,20.5811,19.7097,20.1852,19.5997,20.767,19.8673,20.3704,20.5477,21.1415,22.5837,19.427,19.8414,19.8606,21.066,22.0691,19.9064,20.1214,20.2778,20.1293,20.1957,19.9424,20.1984,20.4865,20.1486,21.0139,19.874,20.276,20.2631,20.9009,23.5941,20.4374,20.3634,20.7005,20.7096,20.5841,19.6976,20.3928,20.4973,20.7269,21.3219
651,4:01:15 PM,19.9483,20.0722,19.7179,20.255,20.4428,20.4712,20.1752,20.6626,20.8263,20.7969,20.3921,20.6206,20.5089,20.8699,20.778,20.8253,20.7846,20.9344,21.0346,21.4823,20.7969,20.7869,21.0128,20.5003,20.879,20.0445,20.2427,20.0514,19.7596,20.1686,20.6849,20.3213,20.7537,20.842,21.4097,20.6821,20.8808,20.6286,20.7882,21.0538,20.621,20.979,21.0105,21.2167,21.5957,20.8783,20.9649,21.1195,20.522,20.9439,20.0368,19.5378,19.7779,19.9134,20.5463,20.4132,20.4101,20.7249,21.1812,21.0661,20.446,20.4147,20.0775,20.8716,21.5793,20.7902,20.3088,20.0474,20.731,21.4833,19.9493,20.3712,20.7708,20.5869,21.0592,19.8486,19.7242,20.2083,20.0025,20.6096,20.4218,19.7799,20.4091,19.7843,20.9707,20.0531,20.3468,20.6261,21.1232,22.4258,19.624,19.7243,19.9221,20.5303,22.3688,19.6818,19.7433,20.1242,19.8567,20.2907,20.0969,20.0343,20.2419,20.2785,20.9881,19.7942,20.2754,20.3411,21.1403,23.3733,20.3095,20.3424,20.6896,20.49,20.7665,19.9054,20.2151,20.1572,20.7176,21.2228
652,4:01:35 PM,19.9974,19.9209,20.091,20.2823,20.5686,20.3764,20.3694,20.4493,20.5763,20.8293,20.7401,20.3611,20.1229,20.5617,20.9744,20.6288,20.7283,20.95,20.9813,21.6144,20.8299,20.4205,20.879,20.3044,21.1097,19.8259,20.1186,19.8574,20.0022,20.2284,20.8293,20.4277,20.9203,21.0072,21.1725,20.7816,20.643,20.6934,20.8642,21.0902,21.0183,20.7247,21.0888,21.4194,21.5697,21.0321,21.3777,21.1164,20.5596,21.054,19.8344,19.8146,19.973,19.8425,20.7202,20.2881,20.2716,20.7721,21.1343,21.0606,20.4583,20.3744,20.5056,20.8618,21.4728,20.7617,20.3734,19.957,20.6003,21.2834,20.1692,20.4528,20.6903,20.5233,20.5658,19.6542,19.6541,19.8441,20.4471,20.7018,20.6689,19.584,19.8257,19.8743,20.8273,20.0868,20.3088,20.9781,21.1825,22.8822,19.5224,19.7935,19.8043,20.6604,22.241,19.6952,19.8771,20.1689,20.0288,19.8843,20.0848,20.3247,20.1919,20.19,21.3576,20.0001,20.1759,20.5562,21.7505,22.9818,20.6243,20.4713,20.8997,20.6202,21.0693,19.7323,20.1779,20.385,20.7873,21.4096
653,4:01:55 PM,20.1348,19.8944,19.9088,20.1472,20.3484,20.3621,20.1635,20.623,20.723,20.8134,20.5384,20.413,20.232,20.8095,20.6659,20.7035,20.8882,20.9944,20.8591,21.4253,20.7907,20.383,20.768,20.5659,20.9289,19.9767,20.0832,19.9871,20.173,20.2864,20.4903,20.2875,20.7628,20.8136,21.4851,20.7023,20.6412,20.5568,20.4975,20.6009,20.9093,20.5776,20.8102,21.3346,21.5878,21.2285,21.1546,21.0492,20.7949,20.88,19.9726,19.6465,19.8669,19.8229,20.7838,20.1847,20.3771,20.9622,20.9546,21.0231,20.4335,20.6162,20.2081,20.9283,21.3663,20.8088,20.1555,20.027,20.817,21.5139,20.1723,20.4509,20.7667,20.5946,20.9389,19.9895,19.9257,20.0899,20.235,20.6517,20.4896,19.7126,20.1865,19.736,21.012,20.1171,20.3624,21.0203,21.0945,22.6748,19.8559,19.7453,19.7402,20.2773,21.9775,19.7838,19.7998,19.9131,20.0037,19.8355,20.1618,20.0943,20.3894,20.1777,21.4993,20.2445,20.4319,20.7839,20.9239,22.6741,20.7216,20.5711,20.528,20.5215,20.7738,19.7615,20.1356,20.595,21.0241,21.6577
654,4:02:15 PM,19.9929,20.1618,19.8527,20.013,20.3514,20.3794,20.3338,20.6369,20.8368,20.832,20.568,20.4994,20.2747,20.4688,20.8097,20.5461,20.8485,20.7468,20.5741,21.6068,20.675,20.5377,20.7674,20.6031,20.9955,19.956,20.1217,19.8297,19.9383,20.4452,20.6847,20.5407,21.0411,20.9811,21.2478,20.8612,20.4474,20.5175,20.996,21.0907,20.7867,20.8184,20.9179,21.2851,21.3583,20.9131,21.1556,21.0771,20.68,20.9089,19.8164,19.6314,19.8012,19.9094,20.8046,20.1982,20.4768,20.7545,20.9421,21.3112,20.5285,20.3978,20.3104,20.867,21.6646,20.6203,20.1678,20.0322,20.6274,21.4359,20.1589,20.5426,20.8789,20.7028,20.6457,19.9588,19.8336,19.9846,20.2293,20.9219,20.5938,19.8758,20.4638,19.7344,20.8454,19.946,20.3806,20.8465,21.3585,23.0518,19.5686,19.5646,19.8421,20.712,22.2179,19.7147,20.0329,20.2532,19.9866,19.9113,20.295,20.3022,20.3518,20.3354,21.7199,20.1511,20.484,20.9832,21.276,23.2151,20.6742,20.2857,20.6503,20.6173,20.7083,19.9371,20.2719,20.6363,20.9833,21.4322
655,4:02:35 PM,20.0035,20.1554,19.8879,20.1809,20.5811,20.4583,20.2769,20.6094,20.5296,20.6279,20.5561,20.3802,20.6026,20.7225,20.7896,20.3711,20.7083,20.7343,20.9328,21.377,20.4424,20.5552,20.5318,20.4416,20.5957,20.0801,20.0335,19.8171,20.1234,20.3237,20.7866,20.4262,20.7997,20.759,21.3144,20.7476,20.5448,20.8523,20.7631,20.7713,20.8329,20.8626,20.7985,21.2019,21.6177,20.7696,21.0615,21.092,20.4855,20.9955,19.9087,19.5976,19.8326,20.0032,20.5625,20.3074,20.4136,20.8487,21.05,21.0515,20.4453,20.5301,20.309,20.8145,21.3266,20.537,20.1502,20.2332,20.6463,21.1874,19.9997,20.5207,20.8865,20.5683,20.9312,19.7611,19.6615,19.8443,20.2388,20.773,20.6798,19.742,20.4061,19.6914,20.7143,20.0616,20.3706,20.9142,21.224,22.5834,19.6283,19.6282,19.6784,20.2298,22.1878,19.7835,19.6402,19.6006,19.8922,19.9361,20.0206,20.1326,20.308,20.4408,21.6277,20.1347,20.3259,20.5183,22.1524,22.7982,20.56,20.4624,20.8297,20.6847,20.8051,19.8098,20.4457,20.6295,21.0661,21.4406
656,4:02:55 PM,20.0668,20.01,19.8605,20.2889,20.4153,20.4901,20.3882,20.7168,20.6047,20.6024,20.6174,20.4992,20.3823,20.3742,20.9709,20.4743,20.9155,20.7631,20.8346,21.3228,20.76,20.7762,20.6919,20.4351,20.9717,19.9679,20.2194,19.8567,20.0076,20.5162,20.6106,20.224,20.7769,20.7794,21.3967,20.8661,20.4632,20.5581,20.6679,21.04,20.7504,20.8754,20.8196,21.172,21.6372,21.0386,21.0457,20.9722,20.575,20.8772,19.9085,19.829,19.9147,20.1438,20.7655,20.2347,20.4141,20.5871,20.9633,21.4538,20.4775,20.3799,20.2198,21.0349,21.7313,20.6883,20.2721,20.0416,20.5063,21.2433,20.1207,20.6486,20.6353,20.6346,20.8921,19.8748,19.8062,19.9761,20.3291,20.7742,20.5797,19.8171,20.1192,19.9784,20.8226,20.017,20.2527,20.6976,21.2642,22.6064,19.6559,19.701,19.7203,20.217,21.8906,20.08,19.876,20.1787,19.8612,20.0163,20.15,20.1445,20.4884,20.1986,21.303,20.2645,20.3904,20.6522,20.9024,22.1716,20.3734,20.4776,20.7664,20.3481,20.5466,19.9102,20.213,20.3749,21.1967,21.4769
657,4:03:15 PM,19.9811,20.0126,20.0201,20.2605,20.5272,20.4041,20.2553,20.5459,20.5893,20.6393,20.6169,20.6567,20.2887,20.6099,20.7408,20.5701,20.6592,20.6182,20.8876,21.339,20.7151,20.7912,20.7942,20.4458,20.9631,20.1408,20.2636,20.2047,20.0555,20.469,20.5966,20.6773,20.8131,21.069,21.1126,20.6053,20.7744,20.7857,20.3561,20.6127,20.6354,20.9503,20.9942,21.3557,21.5445,21.0554,21.2697,20.9949,20.5455,20.6795,19.8457,19.8371,19.9833,20.0388,20.6847,19.8993,20.4452,20.8106,21.1758,21.2839,20.42,20.408,20.2685,20.8461,21.5427,20.6369,20.3251,20.2935,20.7269,21.1986,20.1942,20.7798,20.6557,20.6776,20.8964,19.9589,19.6277,19.9251,20.4844,20.7753,20.6149,20.0002,20.7303,19.8762,21.229,19.9416,20.3007,20.8673,21.3559,23.1034,19.6376,19.7769,19.813,20.8016,21.9429,19.9622,20.0734,20.2042,19.8426,20.4685,20.1096,20.2538,20.4242,20.4446,21.1263,20.0646,20.5929,20.6945,20.8371,23.1471,20.4627,20.2242,20.6508,20.6935,20.909,20.1638,20.5003,20.6476,21.0336,21.2758
658,4:03:35 PM,19.9372,20.041,20.0209,20.1649,20.4293,20.652,20.1873,20.6468,20.704,20.6969,20.4626,20.5285,20.4319,20.3746,20.6088,20.6795,20.9635,20.7673,20.9904,21.4812,20.862,20.6143,20.6396,20.4952,20.9006,19.9137,20.0592,19.9451,20.1749,20.0903,20.3074,20.4738,20.6831,20.9934,21.4306,20.7288,20.916,20.9024,20.6836,21.1346,20.7185,20.8006,20.865,21.3308,21.617,20.983,21.1772,21.1694,20.543,21.1389,20.0307,19.4377,19.7802,20.0835,20.7442,20.1669,20.4132,20.4899,20.8835,20.9712,20.5477,20.4177,20.3898,20.6974,21.6463,20.484,20.5115,20.1075,20.5776,21.487,20.1942,20.5355,20.8229,20.7048,20.6433,19.8764,19.7978,19.9495,20.4437,20.7714,20.628,19.7083,20.1304,19.8033,21.0899,19.9533,20.1126,20.7761,20.9884,22.4146,19.8492,19.7683,19.9263,20.5277,21.9485,19.8933,19.9083,20.1859,19.9315,20.005,19.9781,20.3218,20.3301,20.5055,21.8599,19.9689,20.3885,20.6697,21.6056,23.1681,20.5147,20.5179,20.4757,20.5148,20.7887,19.893,20.2297,20.7833,21.1295,21.374
659,4:03:55 PM,19.9018,19.8899,19.7118,20.3497,20.5896,20.4318,20.396,20.5283,20.5942,20.6141,20.7477,20.3645,20.1284,20.7111,20.9418,20.5982,20.8069,20.7193,20.8526,21.7266,20.8492,20.5724,20.6311,20.6273,20.7596,19.6164,19.9654,19.9761,20.3101,20.3859,20.4236,20.3213,20.7835,20.9394,21.3884,20.5795,20.6981,20.7194,20.6774,21.0601,20.8944,20.7106,20.864,21.237,21.7299,20.8956,21.0337,20.9374,20.6026,20.982,19.6684,19.5054,19.6119,19.8369,20.808,20.2604,20.3163,20.7373,20.9288,21.0925,20.5333,20.6354,20.3304,20.8365,21.8868,20.6656,20.4417,20.0021,20.6356,21.3579,20.3954,20.5196,20.9329,20.6046,20.6919,19.9294,19.6754,20.1349,20.3735,20.6576,20.6582,19.7187,20.1322,19.6621,21.0732,19.9486,20.2699,20.5617,20.9194,22.3768,19.5592,19.8371,19.8981,20.7095,22.1052,19.8588,19.931,20.1158,20.2437,19.6779,20.1685,20.1689,20.3138,20.4167,21.5732,20.0062,20.379,20.5693,21.1514,23.1583,20.445,20.2866,20.7078,20.5391,21.0831,20.0062,20.2479,20.5576,20.7708,21.1952
660,4:04:15 PM,19.937,19.8379,20.04,20.3318,20.5237,20.4787,20.4041,20.4303,20.7469,20.5484,20.7266,20.5132,20.3447,20.4124,20.8834,20.7779,20.852,20.9195,20.8668,21.6769,20.7574,20.7212,20.8229,20.5559,20.8086,19.9078,19.985,20.0201,19.9716,20.2352,20.4639,20.5358,20.7083,21.1775,21.4604,20.9497,20.6505,20.7308,20.8597,21.0146,20.6982,20.8307,20.8864,21.2656,21.7228,21.081,21.1995,21.1604,20.7363,20.9547,19.9723,19.9089,19.8525,19.7479,20.6715,20.1388,20.4569,20.6604,20.7362,20.8978,20.4853,20.4563,20.2033,20.9598,21.5752,20.632,20.2148,20.0193,20.6547,21.3132,20.3196,20.5607,20.8972,20.6707,20.6713,19.773,19.5404,19.986,20.2445,20.7514,20.7677,19.9618,20.3058,19.5456,20.769,20.1702,20.0682,20.9563,21.1225,22.4815,19.5946,19.7093,20.0959,20.8325,22.0358,19.7889,20.0949,20.3206,20.1931,20.463,20.167,20.1297,20.4204,20.3139,22.0169,19.8224,20.3569,20.32,21.9957,22.8931,20.2885,20.3706,20.7167,20.8817,21.1541,19.8983,20.3952,20.7423,20.9178,21.1398
661,4:04:35 PM,20.0051,19.978,19.7008,20.3429,20.6282,20.49,20.235,20.7343,20.7454,20.7906,20.7032,20.6198,20.2045,20.5463,20.6323,20.5319,20.6579,20.9491,21.0519,21.4592,20.918,20.5629,20.571,20.4479,21.0689,20.0097,20.1572,20.0551,20.2713,20.34,20.7992,20.6191,20.7966,21.1282,21.4208,20.6954,20.727,20.5269,20.5517,20.4723,20.7027,20.5905,20.89,21.4231,21.803,20.9087,20.9846,21.1451,20.6395,21.1296,20.0491,19.6227,19.8447,20.0887,20.8157,20.0704,20.4849,20.81,20.876,21.1317,20.6656,20.2318,20.5221,20.8108,21.6284,20.6056,20.3752,19.9706,20.6787,21.2148,20.4081,20.6357,20.7335,20.5135,20.5171,19.7524,19.66,19.909,20.4568,20.8031,20.6929,19.6409,19.8735,19.956,20.9731,19.952,19.9806,21.2189,21.0999,22.95,19.7155,19.6496,19.9196,20.9301,22.1027,19.9869,19.5741,20.2439,20.3229,20.1334,20.1331,20.0999,20.3772,20.4962,21.7367,20.1303,20.451,20.5662,21.6314,23.0662,20.4637,20.3054,20.6448,20.6773,20.8283,20.0732,20.1883,20.6972,20.8909,21.2114
662,4:04:55 PM,20.0452,19.9152,19.9929,20.4893,20.233,20.4877,20.3231,20.8271,20.929,20.8649,20.656,20.3747,20.1851,20.5213,20.6937,20.566,20.9687,20.899,20.8358,21.3655,20.9257,20.821,20.7016,20.5122,20.9305,20.0337,20.1816,20.1341,20.0113,20.2901,20.8197,20.4179,20.9562,21.1152,21.4874,20.5454,20.6834,20.7075,20.6428,20.7586,20.5587,20.8182,21.0477,21.2327,21.6593,20.9363,21.059,21.0845,20.5328,20.8865,19.7246,19.6837,19.9013,19.9735,20.7613,20.0659,20.6055,20.8527,20.8459,20.906,20.3908,20.6049,20.2204,20.7946,21.6405,20.7396,20.5031,20.0048,20.6247,21.5184,20.1284,20.5729,20.631,20.7406,20.5585,19.5136,19.6618,19.9132,20.3088,20.7977,20.6791,19.8461,20.2791,19.6403,20.8138,19.8418,20.1135,20.6241,20.9186,22.5623,19.7435,19.8014,19.8958,20.6393,22.1324,19.902,19.8559,20.6049,20.1229,20.5681,20.0506,20.1995,20.1146,20.4721,21.6036,20.0829,20.4068,20.4201,21.2556,23.2585,20.5452,20.2207,20.5686,20.6519,20.9629,19.7536,20.395,20.396,21.0946,21.4695
663,4:05:15 PM,19.7637,19.8703,20.0472,20.3355,20.4446,20.5731,20.3162,20.5683,20.7582,20.6724,20.654,20.442,20.3652,20.5301,20.6466,20.5948,20.7542,20.8891,20.9843,21.3292,20.8027,20.9437,20.5768,20.7168,21.0119,20.0978,20.2538,19.9264,20.1222,20.52,20.9294,20.2105,20.8221,21.0857,21.371,20.8677,20.392,20.6599,20.6835,20.936,20.6778,20.8793,21.139,21.2164,21.7291,20.9819,21.2797,21.0714,20.7468,21.0643,19.7272,19.6133,19.9165,19.8929,20.6194,19.9312,20.3515,20.7259,20.9748,21.2115,20.4718,20.2884,20.3568,21.0184,21.3904,20.5532,20.6449,20.1599,20.5858,21.3947,20.1328,20.5555,20.5669,20.6389,21.5135,19.634,19.9967,19.9483,20.1006,20.655,20.6161,19.8355,20.453,19.4839,21.1004,20.0499,20.1944,20.9337,21.2571,22.2852,19.6373,19.5727,19.833,20.5097,22.035,20.0305,20.0111,20.3021,20.2319,20.0109,20.14,19.926,20.3546,20.3529,22.7742,19.9974,20.321,20.6126,21.4116,22.7607,20.4302,20.3595,20.5444,20.5624,20.9756,19.991,20.4768,20.3893,20.8897,21.1292
664,4:05:35 PM,19.8669,20.1107,19.9633,20.2615,20.3573,20.5436,20.339,20.7181,20.6882,20.9568,20.585,20.5294,20.1015,20.4274,20.8633,20.5358,20.7806,20.8203,20.8881,21.2927,20.7398,20.6323,20.6169,20.406,21.0914,19.7815,19.9605,19.8625,20.0145,20.4535,20.8296,20.655,20.9699,21.1274,21.4441,20.6402,20.6485,20.5379,20.4077,20.6517,20.7699,20.8754,20.7974,21.0332,21.6872,21.0181,21.2587,21.0307,20.5558,21.0691,19.8607,19.7386,19.7619,20.1145,20.7335,20.1429,20.2631,20.7106,21.054,21.0162,20.5896,20.5913,20.4171,20.9688,21.386,20.4547,20.2983,19.9961,20.6857,21.3064,20.2635,20.528,20.8412,20.6298,20.8426,19.8393,19.9217,20.0185,20.3771,20.7362,20.6618,19.9592,20.5023,19.6545,21.3315,20.0018,20.4019,21.0928,21.2396,22.1738,19.5586,20.1517,20.2431,20.8874,22.3884,19.714,20.0713,20.2993,20.0853,20.4943,20.1093,20.2139,20.1388,20.4268,21.8112,20.1207,20.2265,20.5994,21.3644,22.6891,20.544,20.5708,20.7756,20.8075,21.0423,19.855,20.3551,20.3841,20.6263,21.3464
665,4:05:55 PM,19.7424,19.9111,19.8578,20.2936,20.3366,20.6281,20.4501,20.6616,20.702,20.8428,20.5392,20.399,20.1708,20.5464,20.5929,20.5858,20.7071,20.8511,21.2185,21.2299,20.813,20.5987,20.6405,20.4459,21.1015,20.0837,20.153,19.7815,20.1875,20.5573,21.0315,20.6496,20.9723,21.0179,21.2339,20.5637,20.7631,20.703,20.4768,20.6319,20.6325,20.7696,20.993,21.4564,21.8863,20.9666,21.0691,21.1827,20.6807,21.1315,20.0218,19.6004,19.8683,19.8423,20.6148,20.0846,20.125,20.6687,20.951,21.0974,20.3505,20.4738,20.348,20.7293,21.5989,20.6934,20.3432,20.1207,20.6854,21.4739,20.1919,20.7614,20.7469,20.7818,20.7917,19.7041,19.6143,20.1537,20.1553,20.6283,20.6455,19.9642,20.4098,19.7043,20.9702,20.0766,20.3668,20.9287,20.9363,22.4164,19.6783,19.5731,20.0721,21.0203,22.3108,19.8127,20.1513,20.2368,20.0826,20.5939,20.1354,20.0669,20.244,20.254,21.514,20.0245,20.1303,20.6256,21.4251,23.0403,20.3666,20.3212,20.5589,20.5961,20.8471,20.0038,20.2843,20.4686,20.9713,21.4567
666,4:06:15 PM,20.0118,19.9084,19.8641,20.3234,20.5017,20.439,20.4744,20.6785,20.9363,20.6374,20.6408,20.4758,20.4142,20.7469,20.6517,20.6197,20.8639,20.83,21.0497,21.4028,20.8992,20.5781,20.7274,20.6333,21.1708,20.1141,20.0989,20.1241,19.9572,20.442,20.6191,20.6593,20.8868,20.9928,21.3188,20.931,20.7272,20.6528,20.802,20.9949,20.9544,20.9632,20.6592,21.2485,21.7768,20.9415,21.0696,20.9219,20.7334,20.9196,19.8895,19.4939,19.7975,20.0107,20.8053,19.9847,20.4259,20.6473,21.092,20.6468,20.5449,20.1768,20.3955,20.8254,21.2605,20.7117,20.5009,20.0822,20.7439,21.4868,20.2715,20.7201,20.9032,20.5595,21.1152,19.7561,19.767,19.8599,20.1665,20.8948,20.617,19.799,20.2995,19.9402,20.7294,20.219,20.2401,20.779,21.0134,22.323,19.7152,19.8115,19.9023,20.8853,22.5404,19.9523,20.0908,20.3728,20.158,20.1393,20.3122,20.0265,20.2537,20.4657,21.3072,20.1057,20.2787,20.6796,21.0925,22.5959,20.6965,20.254,20.6884,20.7107,20.8669,19.8452,20.269,20.489,21.1403,21.2439
667,4:06:35 PM,19.9436,20.0081,19.8837,20.2981,20.6717,20.2767,20.628,20.6954,20.8424,20.9383,20.7202,20.593,20.1616,20.4908,20.7055,20.5975,20.7783,21.06,20.8863,21.2972,20.7701,20.6155,20.7502,20.3314,20.8705,19.8593,20.0989,19.915,20.1928,20.3819,20.8021,20.5528,21.0996,21.1295,21.6196,20.64,20.507,20.8861,21.0263,21.3006,20.8527,20.7214,20.9849,21.4448,21.6333,20.9014,21.3013,21.1784,20.7134,20.9688,19.9198,19.7174,19.9481,20.162,20.7625,20.0563,20.5004,20.8296,21.0484,21.0478,20.5042,20.5419,20.4016,20.902,21.3858,20.7672,20.4555,20.1168,20.7,21.3465,20.0754,20.4361,20.7344,20.7041,20.613,20.0145,19.8572,20.0771,20.3553,20.9833,20.5529,19.8789,20.5996,19.8662,21.2564,20.092,20.5262,21.2707,21.1598,22.3428,19.586,19.9589,19.8449,20.8016,22.4283,19.8469,20.1013,20.3682,20.2618,20.121,20.0858,20.1046,20.0503,20.2583,21.4774,19.9735,20.3806,20.4912,21.1455,22.6584,20.6134,20.5199,20.5268,20.6768,20.9164,19.8655,20.468,20.6717,21.1611,21.202
668,4:06:55 PM,19.7798,20.0868,19.8199,20.3286,20.4323,20.5674,20.5837,20.7527,20.9021,21.0429,20.7947,20.2613,20.5022,20.5568,20.6571,20.6017,20.862,20.9596,20.962,21.4997,20.9832,20.9561,20.6274,20.5608,20.9989,20.1994,20.3793,20.0111,20.0464,20.3736,20.7536,20.6417,20.8334,21.0545,21.3225,20.8741,20.6168,20.7991,21.0678,21.2256,20.7351,20.6021,20.8997,21.2463,21.6198,20.8844,21.1582,21.0996,20.6052,20.9879,20.058,19.8055,20.0692,20.046,20.7447,20.1009,20.212,20.6657,20.9934,20.8548,20.5994,20.5369,20.5088,21.0394,21.3352,20.7321,20.3334,20.038,20.7154,21.6581,20.3347,20.6704,20.8684,20.8978,21.0121,19.6174,19.7168,19.8402,20.4062,20.7645,20.574,19.7234,20.0731,19.6925,21.034,19.9886,20.2505,20.8865,21.1456,22.3307,19.6125,19.7027,19.7113,20.7051,22.4011,19.8517,19.7862,20.2449,20.1977,20.0959,19.9427,20.2249,20.4381,20.5582,21.8159,20.0345,20.214,20.6835,21.4713,22.9464,20.4084,20.4527,20.8046,20.7863,21.0786,19.737,20.1591,20.7287,21.0254,21.41
669,4:07:15 PM,19.9579,20.1385,20.0211,20.2996,20.5621,20.4821,20.5191,20.8018,20.7059,20.708,20.6155,20.4624,20.1871,20.4021,20.4686,20.5019,20.7923,20.7853,20.9224,21.5117,20.9777,20.8368,20.7668,20.8701,21.024,19.9522,20.4588,20.0283,20.2785,20.3068,20.5606,20.5868,20.8287,21.0521,21.5466,20.7968,20.5823,20.7846,20.5654,20.8168,20.8075,20.7801,20.7896,21.2732,21.756,21.1691,21.2589,21.0343,20.8404,21.0111,20.1117,19.468,20.0406,20.1142,20.6022,20.1958,20.7744,20.8607,21.1437,20.8097,20.6226,20.4967,20.5708,21.0364,21.4516,20.6298,20.4371,20.2608,20.7304,21.396,20.0592,20.4503,20.9622,20.5735,21.1319,19.851,19.686,20.0707,20.3781,20.7421,20.656,19.8073,20.1928,19.8333,21.2669,19.7486,20.1478,20.9599,21.1564,22.3757,19.6634,19.5849,19.5185,20.5596,22.2031,19.7676,19.7642,20.0457,20.1394,20.8798,20.322,20.0679,20.3981,20.4423,21.2706,20.1308,20.3614,20.6061,21.5661,23.0284,20.5685,20.3983,20.8007,20.3988,21.3864,19.875,20.3979,20.5752,21.0659,21.1234
670,4:07:35 PM,20.2842,19.9643,20.009,20.1022,20.366,20.7431,20.4252,20.5917,20.8845,20.6869,20.5978,20.536,20.614,20.9102,20.6048,20.7411,20.881,20.893,21.1065,21.4684,20.8846,20.7414,20.7116,20.8255,21.1042,20.0333,20.3381,20.0381,20.2884,20.4451,20.8866,20.5892,21.098,20.9533,21.4904,20.6339,20.6641,20.6958,20.6274,21.2041,20.7777,20.7961,20.7956,21.3,21.4783,21.1396,20.9088,21.2589,20.5314,20.9008,19.9644,19.9015,20.0092,20.1108,20.634,20.2769,20.5365,21.0867,20.9684,21.0624,20.4381,20.543,20.5997,20.6504,21.608,20.581,20.2948,20.0788,20.6442,21.2228,20.0902,20.6688,20.7944,20.82,20.8681,19.9032,19.9674,20.147,20.3517,20.8715,20.6916,20.0157,20.0114,20.0634,20.7282,20.1546,20.5245,21.0908,21.0973,22.3153,19.6854,19.8189,20.0745,20.5595,22.3506,19.906,20.0681,20.2166,20.1465,20.2063,20.0303,20.1901,20.4509,20.4257,21.3222,20.1534,20.3646,20.59,21.4758,23.0338,20.5409,20.3177,20.6614,20.7991,20.6603,19.8417,20.1791,20.5626,21.288,21.4455
671,4:07:55 PM,20.0666,20.122,19.9463,20.3031,20.5291,20.5485,20.3672,20.6304,20.9093,20.9389,20.7157,20.6761,20.408,20.709,20.6979,20.6102,20.8712,20.9568,20.9447,21.5723,20.7617,20.6203,20.7809,20.296,20.8856,19.8582,20.2313,19.9068,20.0908,20.3485,20.8772,20.636,20.9685,20.9966,21.6963,20.7635,20.6025,20.6543,20.5272,20.6399,20.748,20.7977,20.8023,21.2649,21.5925,21.1162,21.0278,21.0012,20.7754,21.0271,19.7406,19.6522,19.7383,20.002,20.9304,20.089,20.5754,20.8425,21.3419,21.078,20.4506,20.5204,20.5775,20.8661,21.4525,20.8017,20.5218,20.0275,20.8528,21.4807,20.1178,20.805,20.8792,20.7515,20.8158,19.8943,19.6675,20.192,20.1843,20.6949,20.7026,19.9431,20.4682,20.0883,20.6486,19.9439,20.0991,21.0671,21.1881,22.6319,19.6328,19.8809,19.6475,20.7602,22.298,19.9183,20.0249,20.229,20.0763,20.0555,20.1315,20.0264,20.2395,20.2883,21.4231,19.9916,20.2052,20.5796,21.2363,22.8551,20.5917,20.1371,20.609,20.6282,21.2661,19.8844,20.2124,20.6311,21.1451,21.4466
672,4:08:15 PM,20.1431,19.9799,20.0359,20.3828,20.5235,20.5815,20.209,20.6465,20.9015,20.9546,20.6369,20.6027,20.4711,20.52,20.6885,20.7315,20.9922,21.026,20.9462,21.7183,20.7793,20.7893,20.7594,20.5351,20.8956,20.0266,20.3559,19.8666,19.9913,20.5429,20.7729,20.4409,20.8716,20.978,21.6401,20.765,20.5314,20.9028,20.7468,21.231,20.8479,20.8724,20.9766,21.245,21.4724,21.034,21.1358,21.1039,20.6308,21.0119,20.0464,19.6808,19.9258,20.0133,20.6154,20.4744,20.5605,20.6514,21.058,20.6828,20.352,20.372,20.3024,20.9461,21.7469,20.7433,20.4298,20.0462,20.8123,21.3735,20.2782,20.7597,20.9917,20.599,20.848,19.6495,19.6997,20.0862,20.1138,20.6299,20.6771,19.8607,20.3576,20.0442,20.4761,19.8202,20.1085,20.8996,21.061,22.5348,19.7603,19.7426,20.1485,20.6288,22.3773,20.1213,20.0981,20.0274,20.0949,19.951,20.0801,20.0325,20.3437,20.4625,21.3609,20.2628,20.336,20.7168,21.2958,22.9275,20.4735,20.3333,20.6547,20.7806,21.0426,19.9361,20.4392,20.4442,21.1464,21.484
673,4:08:35 PM,20.0662,20.2355,19.9015,20.2708,20.6134,20.4281,20.4692,20.5063,20.5771,20.883,20.5533,20.4267,20.3604,20.5792,20.7463,20.6482,20.9013,20.8001,20.9645,21.4589,20.8452,20.4873,20.6298,20.49,20.7863,19.903,20.1731,20.1899,20.3475,20.3429,20.7588,20.2641,20.7712,20.8906,21.6378,20.9042,20.9289,20.7518,20.4663,20.8324,20.8114,20.8058,20.7678,21.165,21.5643,20.9599,21.0672,21.2293,20.6436,21.1786,19.9754,19.8876,19.9483,19.9706,20.6152,20.2274,20.5483,20.7813,20.9339,21.1777,20.5958,20.6568,20.6868,21.0058,21.494,20.5954,20.4421,19.8976,20.6427,21.4817,20.4594,20.7705,20.8141,20.7977,20.9765,19.8143,20.0615,20.0577,20.3273,20.8129,20.6238,19.864,20.301,19.8408,20.617,19.9436,20.4862,20.927,21.1763,22.5292,19.8413,19.9752,20.1028,20.5878,22.3513,19.9027,19.8942,20.2482,20.1063,20.4091,20.2679,20.205,20.4521,20.6115,21.9909,20.1031,20.3402,20.628,21.7355,22.9409,20.4486,20.4854,20.6854,20.83,21.1063,19.8991,20.5534,20.7195,21.1436,21.54
674,4:08:55 PM,20.3013,20.0635,19.9172,20.1111,20.5815,20.3392,20.3188,20.6485,20.7478,20.8489,20.7359,20.4369,20.4453,20.694,20.8698,20.503,20.8077,20.6137,20.9938,21.6541,20.6905,20.725,20.8967,20.7509,20.989,20.1662,20.1198,20.0004,20.1992,20.445,20.6444,20.475,21.0806,21.1063,21.603,20.5035,20.6102,20.7274,20.6649,21.027,20.749,20.8596,20.8664,21.248,21.6057,20.8069,21.1915,21.2278,20.6748,20.834,19.8002,19.7333,19.9743,19.9838,20.7695,20.2637,20.415,20.8522,20.9536,20.8937,20.5843,20.4866,20.4095,21.0089,21.5464,20.6915,20.4451,20.0802,20.7253,21.6142,20.088,20.7687,20.8262,20.6354,20.9769,19.8174,19.7995,19.9173,20.4302,20.867,20.6399,19.8953,20.5085,19.8607,21.01,20.1651,20.361,20.8729,20.9218,22.5538,19.5287,19.6825,19.6482,20.4174,22.2464,19.9324,19.8607,20.0463,20.0428,20.2579,20.2724,20.129,20.5056,20.4693,21.3668,20.2407,20.3021,20.5054,21.3334,23.1016,20.5821,20.298,20.8771,20.4404,20.8945,19.7818,20.2033,20.3791,20.9512,21.4454
675,4:09:15 PM,20.0323,20.0155,19.9348,20.3526,20.6088,20.5231,20.2264,20.7619,20.8042,20.8186,20.7326,20.7986,20.3444,20.7108,21.0173,20.6945,20.6475,20.9653,20.9837,21.7352,20.8411,20.7239,20.7174,20.4544,20.9403,19.9571,20.3023,19.7838,20.3149,20.3831,20.6355,20.5326,20.7987,20.9524,21.5292,20.537,20.7891,20.7897,20.8682,20.8096,20.9017,20.7994,20.9169,21.364,21.7293,21.0715,21.1417,21.0852,20.735,20.9662,20.0135,19.6485,19.8611,19.7505,20.7501,19.9454,20.4003,20.8853,20.9607,21.2765,20.635,20.6046,20.2138,20.8375,21.7248,20.6644,20.5165,20.1968,20.7336,21.3274,19.9636,20.6668,20.8033,20.6655,20.9887,19.756,19.8206,20.1543,20.3355,20.8145,20.4094,19.8349,20.5386,19.9659,21.0159,19.8684,20.3347,20.899,21.4092,22.659,19.8035,19.8622,19.6071,20.7724,22.1282,19.8357,20.1401,19.9621,20.1669,20.2593,20.1349,20.2893,20.344,20.3343,21.129,19.9146,20.3733,20.557,21.043,22.7717,20.3832,20.3556,20.6906,20.7153,20.551,19.7538,20.2251,20.505,20.8841,21.4596
676,4:09:35 PM,19.9139,19.907,19.9185,20.2325,20.7088,20.4801,20.3036,20.4444,20.6149,21.0629,20.5911,20.3977,20.5283,20.701,20.9901,20.5277,20.7877,20.6657,20.7822,21.561,20.8039,20.6835,20.7329,20.5624,20.9823,20.0664,20.1515,19.955,20.1001,20.4338,20.7197,20.4691,20.7579,21.0817,21.5356,20.6092,20.7299,20.7142,21.1342,21.0414,20.7988,20.8347,21.0013,21.2251,21.3314,20.9983,21.1215,20.9945,20.6522,21.1749,20.0084,19.5692,19.9818,19.9811,20.8105,19.9901,20.5676,20.8136,21.0483,21.1059,20.5033,20.4911,20.4918,21.0257,21.8903,20.6646,20.5058,20.1651,20.6862,21.3787,20.2775,20.556,20.805,20.6371,20.8781,20.0271,19.8449,19.9364,20.5417,20.7502,20.715,19.9071,20.3856,19.9122,20.7909,19.9043,20.3162,20.9692,21.5938,22.5945,19.9608,19.7127,19.7716,20.6141,22.1879,20.0037,20.1304,20.3559,20.1899,20.1818,20.0721,20.0737,20.4497,20.5435,22.0333,20.0911,20.352,20.6714,21.049,22.6825,20.3469,20.2465,20.5343,20.7316,20.8536,19.8916,20.1439,20.2873,20.9752,21.6017
677,4:09:55 PM,19.8776,19.9933,20.0183,20.25,20.4523,20.4677,20.2117,20.7406,20.7062,20.9162,20.6459,20.6116,20.3867,20.7374,20.8344,20.6512,20.8498,20.8314,20.9394,21.5926,20.7265,20.6951,20.9312,20.7888,21.0791,19.988,20.1424,20.0511,20.0782,20.2648,20.6703,20.4136,20.9141,21.0473,21.3248,20.8879,20.8244,20.892,20.7307,20.9516,20.7269,20.7453,21.1288,21.2385,21.6779,21.0332,21.2297,21.2134,20.8069,21.108,19.7799,19.6897,19.8865,19.832,20.6573,19.8559,20.5712,20.73,20.9299,20.8761,20.3944,20.5001,20.3662,20.8179,21.7378,20.6847,20.4258,20.2814,20.8531,21.5282,20.5435,20.6685,20.7598,20.7015,21.0474,19.8249,19.7383,20.3386,20.2265,20.6748,20.8044,19.8712,20.3784,19.8838,21.5007,19.969,20.134,20.8116,21.1938,22.769,19.5712,19.9693,19.9074,20.6595,21.947,19.9741,20.3234,20.2072,19.9906,20.7312,20.0616,20.0841,20.464,20.2814,21.1819,19.93,20.4622,20.6334,21.2707,22.9376,20.4998,20.2285,20.7057,20.6043,20.6815,19.8661,20.4353,20.472,20.8192,21.2511
678,4:10:15 PM,19.7286,19.8195,19.8026,20.2533,20.6101,20.3886,20.5016,20.715,20.6911,20.836,20.4934,20.3288,20.439,20.7107,20.964,20.6815,20.7896,20.9546,20.8985,21.3965,20.8452,20.6477,20.6914,20.6848,20.9204,19.6789,19.9531,19.5819,20.0152,20.3878,20.8211,20.3163,20.7765,21.1135,21.5583,20.7926,20.571,20.9595,20.778,21.0762,20.8374,20.7173,21.0349,21.3278,21.6034,20.974,21.2443,21.1478,20.6634,21.0625,19.7625,19.4859,19.8071,19.9242,20.9185,20.1313,20.1145,20.7591,20.9464,21.1811,20.5009,20.5339,20.4679,20.9644,21.6357,20.5275,20.5216,20.1769,20.6751,21.6107,20.3858,20.4043,20.8106,20.7563,20.986,19.7145,19.6479,19.9747,20.5916,20.7192,20.6506,19.9028,20.3257,19.5042,20.9883,20.0234,20.3657,20.7072,21.0679,22.7434,19.7224,19.8101,20.133,20.7776,22.1121,20.114,20.0371,20.3764,20.1307,20.1247,20.1322,20.2338,20.3273,20.4668,21.1249,19.8523,20.3948,20.6301,21.0875,23.0869,20.5552,20.5688,20.4287,20.6938,20.5842,19.8652,20.3767,20.7441,20.972,21.3901
679,4:10:35 PM,19.8765,19.9297,20.0612,20.3163,20.6076,20.5323,20.3502,20.7629,20.8532,20.7903,20.7114,20.4443,20.3437,20.5195,20.8268,20.6791,20.8952,20.7471,20.7816,21.5113,20.661,20.5863,20.891,20.4888,21.0607,20.0544,20.2515,20.2177,19.9427,20.4388,20.4852,20.3794,20.7678,21.089,21.5194,20.8506,20.6252,20.4908,20.6592,20.8437,20.7092,20.8407,20.7707,21.6564,21.617,20.9217,21.1757,21.2036,20.7892,20.8201,19.8101,19.6212,19.9076,19.9057,20.5651,20.1281,20.3439,20.9027,20.8896,20.8541,20.5366,20.6002,20.2374,20.9323,21.8709,20.7136,20.1441,20.0883,20.5914,21.911,20.041,20.6612,20.9135,20.8622,21.0788,19.6975,19.5964,20.0983,20.4362,20.7292,20.6267,19.7115,20.1764,19.8756,21.0467,20.2149,20.369,20.9011,21.2191,21.854,19.7979,19.8634,19.7128,20.4221,22.0815,19.8379,19.909,20.3347,20.2816,20.6113,20.0096,20.0683,20.252,20.0392,21.1666,19.8627,20.1934,20.4423,21.0671,22.5845,20.6351,20.3656,20.7281,20.6318,20.7454,19.6781,20.5875,20.3836,20.9894,21.4277
680,4:10:55 PM,19.8419,19.8475,20.144,20.2017,20.4539,20.5352,20.4194,20.5935,21.007,20.9669,20.5757,20.3411,20.2917,20.5383,20.69,20.5651,20.769,20.9627,20.8617,21.4539,20.928,20.606,20.8375,20.5537,21.1749,19.8857,20.1189,19.9976,20.312,20.4636,20.5528,20.7774,21.0168,21.0311,21.4437,20.7588,20.664,20.5954,20.5598,20.4736,20.5802,20.8028,20.7542,21.2619,21.7054,21.0451,21.2093,21.2874,20.8028,20.9411,19.6361,19.645,20.1792,20.0314,20.6838,20.37,20.4525,20.7349,20.989,21.1384,20.661,20.6129,20.4686,20.9794,21.5758,20.7142,20.4767,19.9755,20.7247,21.4167,20.148,20.725,20.7548,20.8546,20.9383,19.9644,19.7921,19.806,20.3254,20.6906,20.7151,19.7106,20.4171,19.777,20.7364,20.2716,20.3333,21.0743,21.2559,22.3966,19.8532,19.7139,19.7397,20.843,22.2302,19.8259,19.9839,20.4109,20.1968,20.3034,20.1324,20.0121,20.24,20.2981,21.4563,20.265,20.2513,20.7176,20.9973,23.0524,20.4593,20.5049,20.481,20.8279,20.9232,19.9968,20.3273,20.5511,20.7672,21.5082
681,4:11:15 PM,19.7195,20.0233,19.6782,20.1074,20.5344,20.2683,20.1831,20.6589,20.919,20.9808,20.5828,20.5082,20.3594,20.5488,20.5185,20.4823,20.9117,20.7675,21.0643,21.4311,20.8241,20.5802,20.7794,20.7448,20.959,19.7639,20.2102,19.8172,20.0453,20.4499,20.6886,20.592,21.0674,21.0763,21.385,20.7436,20.9177,20.6125,20.7552,20.594,20.7829,20.8318,20.8255,21.3133,21.6234,20.9778,21.0725,21.193,20.6357,20.9902,19.7512,19.5127,19.9254,19.7953,20.8396,20.0689,20.3346,20.6873,21.1543,21.193,20.5473,20.619,20.4784,20.9474,21.7462,20.4754,20.3308,20.0755,20.6793,21.5514,20.1528,20.3888,20.6617,20.5686,20.63,19.606,19.7401,20.1525,20.1203,20.7428,20.6927,19.7539,20.4159,19.7605,21.073,20.0576,20.2054,20.8787,20.9635,22.2025,19.7103,19.8316,19.9504,20.6328,22.3124,19.876,19.9256,20.2187,20.1244,20.1845,20.1752,20.0028,20.1993,20.4192,21.3375,20.0615,20.5278,20.482,21.9535,23.0328,20.5149,20.4089,20.5928,20.5936,21.2503,19.9136,20.3838,20.7699,20.9813,21.2515
682,4:11:35 PM,19.9438,20.1489,20.0481,20.3282,20.6193,20.3278,20.3712,20.8829,20.7731,20.9283,20.4952,20.4487,20.3994,20.5173,20.8856,20.835,20.7112,20.6176,20.8786,21.4361,20.7156,20.8592,20.721,20.5503,21.1337,19.9792,20.0692,20.0426,20.1827,20.3332,20.9088,20.759,20.9996,20.807,21.5853,20.6037,20.6604,20.6138,20.6045,20.7479,20.7096,20.7005,20.8892,21.2444,21.5256,20.9196,21.0013,20.9459,20.7467,21.056,19.8627,19.7565,19.9024,19.9911,20.6022,20.0266,20.4622,20.7179,21.1585,21.1705,20.4871,20.3923,20.397,20.7334,21.4476,20.6395,20.3179,20.1785,20.5696,21.4288,20.4204,20.4325,20.5486,20.8956,20.832,19.7226,19.7821,20.0313,20.3839,20.7785,20.7052,19.8176,20.2257,19.885,21.6612,19.9524,20.3185,20.9715,21.0845,22.3154,19.7076,19.9303,20.2949,20.7721,22.3337,19.9052,20.3131,20.3516,20.3876,20.152,20.0356,20.2027,20.0988,20.3838,21.4207,20.1307,20.3539,20.4985,21.16,23.0154,20.3482,20.1388,20.5469,20.7464,20.9662,19.822,20.5105,20.771,20.8627,21.1082
683,4:11:55 PM,20.0196,19.9703,19.7914,20.2168,20.7062,20.4491,20.4064,20.6593,21.0382,20.9359,20.5973,20.2478,20.3318,20.558,20.6288,20.4675,20.7171,20.7859,20.8915,21.5436,20.686,20.9736,20.7963,20.7771,20.9347,19.7532,20.2808,20.1372,20.1904,20.4053,20.5952,20.5089,21.0912,20.9947,21.4731,20.7257,20.7918,20.6234,20.4777,20.4429,20.5853,20.7298,21.2529,21.305,21.5416,21.0937,21.1127,21.0979,20.6901,20.8716,19.9444,19.5978,19.9849,19.9714,20.7463,20.1838,20.4686,20.8934,21.065,20.9055,20.7113,20.6071,20.4492,20.8667,21.479,20.5735,20.4996,20.1066,20.7468,21.3165,20.695,20.5873,20.7528,20.6764,21.1226,19.8003,19.7858,19.9768,20.395,20.5252,20.6041,20.0605,20.5453,19.931,21.4531,20.1807,20.3906,20.8962,21.1473,22.5241,19.7108,19.6277,19.692,20.7095,22.2947,19.7237,19.9253,20.279,20.3423,20.2091,20.1035,20.246,20.1768,20.3148,20.9836,19.9649,20.2504,20.7955,20.9676,22.4104,20.5795,20.1571,20.4494,20.583,21.0209,19.9901,20.6685,20.6875,21.0942,21.2522
684,4:12:15 PM,19.9454,20.0508,19.9873,20.2501,20.6416,20.6409,20.3193,20.8403,20.7999,21.0776,20.6655,20.4521,20.3511,20.5448,20.5989,20.7344,20.8711,20.8407,20.9988,21.3707,20.7641,20.7234,20.82,20.5522,20.9963,19.7986,20.1673,19.8738,19.9334,20.4827,20.8991,20.4838,21.0503,20.9203,21.4506,20.5007,20.8223,20.7758,20.5771,20.9967,20.6677,20.82,20.8211,21.3002,21.4619,20.9672,21.4016,21.1156,20.6254,20.8509,19.8639,19.4326,19.8783,19.9817,20.8924,20.2285,20.3342,21.0209,21.0433,21.5172,20.4561,20.4879,20.3013,20.9369,21.4668,20.8419,20.422,20.2386,20.7985,21.4062,20.1751,20.7431,20.6822,20.507,20.7727,19.7989,19.5684,20.053,20.4949,20.7778,20.817,19.7349,20.4855,19.7654,21.275,20.0487,20.2704,20.9951,21.1692,22.3771,19.7232,19.8551,19.8764,20.6456,22.1806,19.98,20.0645,20.3782,20.2818,20.0178,20.179,20.2217,20.3464,20.2297,21.1155,20.0739,20.1705,20.4827,21.0621,22.8945,20.4269,20.2495,20.6051,20.5177,20.7959,20.0591,20.6121,20.798,21.1271,21.2496
685,4:12:35 PM,20.0342,20.1181,20.0412,20.3339,20.3248,20.431,20.1082,20.599,20.9018,20.8383,20.6275,20.5822,20.3408,20.5104,20.7344,20.7175,20.8606,20.9911,20.9989,21.6761,20.757,20.5549,20.7315,20.4645,20.9609,19.7962,20.2637,19.6779,19.9164,20.4015,20.8965,20.5518,21.0664,21.0588,21.4256,20.688,20.644,20.5398,20.78,21.1078,20.6894,20.756,20.8687,21.3004,21.4889,21.123,21.164,21.2454,20.7015,21.0301,19.782,19.8825,20.0271,20.1997,20.7912,19.9232,20.5649,20.6276,20.9294,20.9969,20.3256,20.4655,20.3623,20.7839,21.5648,20.5889,20.5042,20.2156,20.6975,21.525,19.935,20.5682,20.9035,20.7544,20.9929,19.8435,19.964,20.1271,20.1839,20.8666,20.7491,19.9502,20.4175,20.1851,21.2775,20.1193,20.2708,20.7788,21.4064,22.2838,19.7522,19.6591,19.5766,20.5769,22.2771,20.0645,20.0702,20.3583,20.2201,20.1674,20.046,20.1893,20.4587,20.3633,21.34,20.2589,20.5409,20.7909,21.8017,23.0256,20.3106,20.3085,20.7404,20.6881,21.0616,20.0876,20.5173,20.6578,21.0362,21.6136
686,4:12:55 PM,20.0069,20.1513,19.9971,20.2953,20.552,20.4933,20.4549,20.6981,21.0421,21.1801,20.6579,20.5325,20.2705,20.4107,20.6631,20.7063,20.8093,20.8906,20.762,21.5792,20.9396,20.7253,20.5189,20.7177,21.0563,20.1055,20.117,20.2709,20.1902,20.4572,20.7154,20.5716,20.768,21.0524,21.6991,20.7295,20.7796,20.4565,20.6767,21.0946,20.6937,20.6602,20.939,21.3201,21.7252,21.0327,21.2122,21.0254,20.9106,21.0946,19.9678,19.738,19.9733,20.0296,20.9403,20.284,20.4883,20.8323,21.0381,21.1046,20.1998,20.7402,20.3926,20.9188,21.5172,20.7769,20.4523,20.0993,20.6453,21.3013,19.9725,20.465,20.629,20.5599,21.0777,19.9946,19.9101,20.0697,20.3498,20.7688,20.7133,19.8806,20.4682,19.7093,21.5001,19.9794,20.2057,20.8402,21.3074,22.6096,19.9181,19.8974,19.5356,20.3839,22.2251,19.8606,20.0552,20.1594,20.5057,20.265,20.0719,20.2491,20.4069,20.4893,21.3176,20.3742,20.3593,20.7758,21.2982,22.9191,20.4633,20.0889,20.5659,20.5605,20.9379,19.7208,20.4036,20.4305,20.9108,21.5599
687,4:13:15 PM,19.8051,20.0377,20.0778,20.2632,20.5767,20.6166,20.117,20.5873,21.0554,20.9139,20.655,20.68,20.4801,20.6788,20.5362,20.6618,20.8661,20.7547,21.0434,21.573,20.935,20.6931,20.8543,20.3896,20.8207,20.063,20.2997,19.8245,20.0358,20.4515,20.8101,20.4162,20.853,20.7864,21.5362,20.767,20.6571,20.683,20.5941,20.5257,20.7012,20.7004,20.8649,21.4376,21.6126,20.8237,21.2259,21.0978,20.5911,21.0492,19.7721,19.6635,19.8627,20.2208,20.7876,20.0263,20.5491,20.8378,21.2998,21.0315,20.491,20.5921,20.4408,21.0001,21.6654,20.6263,20.3475,20.1407,20.8459,21.4049,20.1405,20.7441,20.8418,20.7437,20.7912,19.6713,20.0589,19.785,20.1176,20.9928,20.7039,19.5493,19.8895,19.667,21.2375,20.0576,20.3698,20.7735,21.278,22.5209,20.049,19.6503,19.6715,20.6469,22.0981,20.0983,19.9536,19.8675,20.218,20.1628,20.3649,20.4136,20.4888,20.2159,21.0919,20.075,20.1836,20.5814,20.7895,23.0686,20.4811,20.274,20.6508,20.5834,21.0998,19.9084,20.4155,20.6399,20.8412,21.4109
688,4:13:35 PM,19.7932,20.1285,19.8223,20.2311,20.4872,20.3156,20.4289,20.4385,20.8562,21.0154,20.6161,20.5552,20.4975,20.5986,20.6366,20.6145,21.0164,21.0298,20.866,21.7127,20.8583,20.6995,20.6292,20.7861,21.0783,20.0512,20.0342,19.6595,20.1734,20.2494,20.8119,20.3783,20.825,20.8809,21.264,20.4105,20.5793,20.5279,20.4386,20.8897,20.6256,20.9566,20.9284,21.238,21.6398,21.0764,21.1658,21.2011,20.6353,21.0783,19.8812,19.4285,20.0254,19.7494,20.8603,19.9045,20.5298,20.7917,21.0902,21.5116,20.4682,20.3425,20.4062,20.9045,21.7735,20.7876,20.3235,20.1015,20.6039,21.4743,20.3214,20.5818,20.8449,20.679,20.9369,19.7076,19.6257,19.9782,20.3056,20.793,20.7282,19.922,20.6883,19.6739,21.3085,20.0208,20.2748,20.663,21.1931,22.8632,19.5387,19.8064,19.6244,20.5065,22.0901,19.9463,19.925,20.482,20.5915,20.433,20.0117,20.1141,20.4756,20.3177,21.1742,19.9949,20.3944,20.7332,21.5771,23.1119,20.4656,20.3153,20.6521,20.6338,20.7728,19.5961,20.1825,20.4653,21.1563,21.1935
689,4:13:55 PM,19.8624,19.8349,19.9126,20.1193,20.4655,20.2825,20.2544,20.6633,20.9118,20.6866,20.6407,20.6836,20.3846,20.84,20.839,20.772,20.7751,20.8608,21.1803,21.5004,20.8932,20.6553,20.6853,20.541,20.9391,19.8134,20.1871,19.8002,20.2485,20.4432,20.6511,20.5186,20.9006,20.9297,21.6698,20.7856,20.6947,20.7823,20.6515,21.0607,20.6803,21.0794,21.1337,21.1647,21.4786,20.9009,21.1726,21.1336,20.7991,21.0498,19.9567,19.653,19.904,19.9679,20.7087,20.0485,20.324,20.5867,20.9896,20.847,20.486,20.368,20.1908,20.9041,21.4994,20.7922,20.3519,20.0238,20.7819,21.4989,20.7537,20.8109,20.7073,20.7392,21.0095,19.7335,19.6799,20.1454,20.2845,20.9737,20.7805,19.9326,20.353,19.6306,21.265,19.825,19.9794,20.602,20.973,21.9799,19.7114,19.8655,19.9448,20.8794,22.34,20.1369,20.2402,20.5644,20.5701,20.7301,19.8817,19.9773,20.2389,20.3722,21.1383,19.8285,20.1467,20.6896,21.0556,23.3607,20.4524,20.405,20.7256,20.8165,21.2029,19.7452,20.4144,20.6523,20.8492,21.1203
690,4:14:15 PM,19.913,19.715,19.8107,20.5328,20.5488,20.4405,20.4295,20.6963,20.7496,20.7051,20.4053,20.4535,20.4005,20.4552,20.7501,20.6782,20.8225,20.8565,20.8188,21.8647,20.9184,20.6741,20.7372,20.6207,20.8558,19.7541,20.0754,19.8113,19.8258,20.348,20.6957,20.3631,20.7869,21.0428,21.2685,20.8804,20.7259,20.9118,20.5428,20.8758,20.9031,20.8682,20.8267,21.1909,21.5373,21.0145,21.3541,21.0188,20.5858,21.097,19.5934,19.4017,20.0184,19.8453,20.7255,19.6147,20.4621,20.7834,20.9061,20.8743,20.3768,20.5218,20.2735,20.7214,21.39,20.8683,20.38,20.3093,20.7174,21.4741,20.5202,20.6829,20.7367,20.7223,20.7921,19.5526,19.4067,20.0351,20.3516,20.9532,20.7545,19.8159,20.1423,19.5733,21.2282,19.8403,20.2259,20.6016,20.9836,22.0335,19.5495,19.9403,20.0627,21.5994,22.4005,20.1702,20.2633,20.2585,20.3586,20.3553,20.0079,20.2548,20.2938,20.5928,22.1105,19.7917,20.2803,20.5928,21.6019,22.9949,20.5318,20.2257,20.5633,20.7089,21.1462,19.9997,20.4538,20.6365,21.1276,21.4035
691,4:14:35 PM,19.7193,19.8073,19.945,20.2964,20.6186,20.5707,20.2599,20.874,20.949,20.7816,20.4971,20.2951,20.3544,20.4354,20.5082,20.7087,20.7044,20.8848,20.8828,21.5697,20.9633,20.9143,20.8984,20.6412,21.0839,19.8278,19.9412,19.8452,20.1515,20.3548,20.7745,20.5783,20.8207,20.7942,21.3268,20.6726,20.6241,20.6879,20.4344,20.7027,20.6904,20.9405,21.058,21.3137,21.681,21.0891,21.3084,21.1619,20.6526,21.0731,19.818,19.4372,19.8673,20.0235,20.7787,19.6086,20.5616,20.9191,20.8218,21.1322,20.6589,20.3353,20.3658,20.9113,21.3343,20.7945,20.5178,20.0717,20.693,21.6896,20.3721,20.8728,20.7092,20.6749,20.7139,19.6659,19.6837,19.9946,20.1132,20.7772,20.6834,19.881,20.4534,19.7014,21.1158,19.7408,20.3877,20.5866,21.0734,22.134,19.6852,19.8892,20.2581,21.2781,22.442,20.2858,20.3185,20.3539,20.1252,20.8524,20.0503,19.983,20.15,20.3944,21.1092,19.9015,20.2162,20.4171,20.949,23.2044,20.4663,20.0298,20.4825,20.59,20.7288,19.8259,20.3996,20.8381,20.8791,21.4662
692,4:14:55 PM,19.7346,19.8653,19.9748,20.3446,20.7346,20.2989,20.4384,20.8544,20.9424,21.1348,20.496,20.5591,20.2504,20.6356,20.5454,20.6347,20.7733,20.9262,20.9816,21.4454,21.1073,20.963,20.7389,20.7616,20.9929,19.9616,20.3278,19.9036,20.0833,20.3885,20.8861,20.5509,21.1357,20.9837,21.4573,20.5422,20.4917,20.7587,20.6157,20.6813,20.8878,20.8934,20.803,21.2432,21.6048,21.274,21.2275,21.0814,20.6955,20.9935,19.7913,19.6032,19.9414,19.9958,20.7762,19.9241,20.385,21.0148,21.0496,21.218,20.4921,20.4742,20.3391,20.8148,21.5873,20.7881,20.2625,19.9418,20.3845,21.231,20.3093,20.7173,20.9482,20.8533,20.8519,19.9674,19.7057,20.1066,20.1973,20.8238,20.5635,19.7335,20.3743,19.8477,21.759,19.8761,20.2021,20.8027,20.9623,21.9684,19.8853,19.9217,19.9761,20.966,22.4443,20.2961,20.0898,20.2563,20.3353,20.3149,19.9789,20.0919,20.5064,20.4308,21.3417,20.2249,20.4066,20.4561,21.4681,23.0324,20.3314,20.3285,20.5504,20.4399,20.9052,19.9046,20.4113,20.6475,20.866,21.5279
693,4:15:15 PM,19.8569,19.9895,19.88,20.3354,20.5883,20.4603,20.464,20.7163,21.1095,20.9125,20.5869,20.3887,20.3803,20.4741,20.7056,20.7148,20.9404,20.7738,21.009,21.2676,20.7396,20.8274,20.8179,20.8781,21.0206,19.8383,19.9316,20.0299,20.0232,20.5629,20.9169,20.7217,21.1481,20.9316,21.5033,20.5508,20.7007,20.6474,20.7121,20.6088,20.7913,20.9343,21.0073,21.3992,21.4698,21.131,21.1679,21.1945,20.8404,21.075,19.7457,19.688,19.9007,20.0535,20.7249,20.0589,20.3231,20.8235,21.1753,21.2772,20.5095,20.525,20.3547,20.8357,21.5167,20.9927,20.2989,20.1171,20.8324,21.3564,20.659,20.8179,20.9306,20.5465,20.7019,19.696,19.7868,19.885,20.2548,20.8939,20.6254,19.9391,20.4867,19.6887,21.4466,20.0078,20.3616,20.8128,21.0286,22.2132,19.6625,19.8843,20.1058,20.9446,22.452,20.1162,20.2654,20.1882,20.2055,20.4801,19.993,19.9508,20.2998,20.3368,21.2403,20.0281,20.426,20.5308,21.7945,22.0455,20.5281,20.0191,20.6428,20.9729,20.976,19.7048,20.6478,20.5242,20.8525,21.2363
694,4:15:35 PM,20.1369,19.9059,19.9809,20.287,20.5292,20.4363,20.3227,20.9373,21.2302,20.9908,20.7822,20.5346,20.324,20.3881,20.8753,20.6007,20.8953,20.976,20.9922,21.2331,21.1227,20.902,20.6495,20.5725,20.6948,20.1573,20.272,19.9926,20.0897,20.2682,20.6595,20.6208,21.1975,20.9814,21.301,20.8874,20.5519,20.7484,20.4546,20.4768,20.8199,20.9157,21.0176,21.2875,21.6125,21.1435,21.2106,21.1045,20.8348,21.043,19.8842,19.593,20.084,19.9186,20.674,20.0906,20.4922,20.8941,20.9943,21.1337,20.5549,20.5423,20.3938,20.9433,21.3816,20.65,20.6536,20.2753,20.8018,21.3851,20.3987,20.5607,20.8699,20.7764,20.8757,19.666,19.9274,20.0923,20.4114,20.8626,20.6631,19.7393,20.1679,20.0698,21.2472,19.9416,20.4724,20.9119,21.2256,21.738,19.7612,19.9426,20.12,21.2371,22.4857,20.0012,20.4032,20.361,20.1704,20.5588,20.0298,20.1958,20.3371,20.3579,21.1217,20.031,20.3317,20.5663,21.0332,21.9087,20.3802,20.4706,20.3789,20.4503,20.9919,20.046,20.5678,20.65,20.845,21.3393
695,4:15:55 PM,19.9767,20.0087,19.8333,20.4516,20.6308,20.604,20.3276,20.9846,21.2533,20.8825,20.649,20.3875,20.2458,20.5864,20.6417,20.7218,20.9805,20.9414,20.7807,21.4647,20.9456,21.0546,20.745,20.4215,20.8663,20.0382,20.0877,19.8909,19.941,20.3938,20.8197,20.6527,21.1568,21.0829,21.2924,20.7444,20.729,20.5485,20.5923,21.0727,20.5672,20.8733,21.0556,21.2404,21.6858,21.1525,21.135,21.0673,20.9377,20.6819,19.7693,19.7152,19.9266,19.8231,20.743,20.1094,20.5437,20.8009,21.0318,21.0921,20.7287,20.4544,20.3466,21.035,21.4355,20.6193,20.5081,20.208,20.5079,21.3532,20.6831,20.6946,20.6579,20.6268,20.7349,19.8167,19.8523,19.9481,20.1818,20.7661,20.6639,19.9167,20.0914,19.6344,21.054,19.8131,20.2971,20.7899,21.0474,22.1318,19.7581,19.8473,20.0346,20.9543,22.2062,19.9527,20.1032,20.168,20.3476,20.1202,20.1307,20.1145,20.4871,20.3826,21.3825,20.1285,20.4113,20.6555,21.448,22.5649,20.3947,20.1418,20.6852,20.5759,20.6255,19.8995,20.368,20.3697,20.9204,21.3735
696,4:16:15 PM,20.0007,20.0116,19.9497,20.2219,20.7997,20.6348,20.3784,20.6845,21.286,20.9216,20.5934,20.3351,20.4161,20.4717,20.6559,20.7563,20.6716,20.7532,20.9946,21.2222,21.0198,20.9282,20.7367,20.5278,20.9138,20.0863,20.3519,19.9009,19.9586,20.2733,20.8548,20.5828,21.2379,20.9034,21.4722,20.6035,20.5254,20.7979,20.5819,20.6157,20.7923,20.8432,20.8582,21.2276,21.3996,21.0747,21.0337,21.008,20.8007,20.989,19.9981,19.6765,19.9823,19.933,20.6471,19.8466,20.4751,20.9094,21.2128,20.9641,20.5142,20.4055,20.3981,20.9504,21.3203,20.6173,20.4863,20.0378,20.6835,21.4213,20.2753,20.778,20.9803,20.582,20.6214,19.8442,19.7117,20.0002,20.2982,20.7917,20.7803,19.7335,20.5623,20.0283,20.9304,19.8369,20.061,20.7655,20.9339,22.6186,19.5285,19.6553,19.7148,20.8003,22.3734,19.9692,19.7174,20.1284,20.3732,20.5494,19.9796,20.2148,20.3428,20.4255,20.7657,19.9307,20.1466,20.5635,21.2721,22.5386,20.586,20.2086,20.7123,20.7193,21.0659,19.8566,20.4475,20.2666,21.0301,21.5479
697,4:16:35 PM,19.8413,20.0986,20.0824,20.0306,20.5772,20.49,20.3417,20.8734,21.0292,21.2584,20.5036,20.2623,20.4495,20.5397,20.5167,20.7474,20.8294,20.7239,20.8786,21.241,20.9545,20.8404,20.7314,20.4427,20.8666,19.9182,20.1368,20.0043,20.0196,20.2915,20.9561,20.6635,21.2077,21.2959,21.4444,20.8408,20.8196,20.5416,20.8292,20.6286,20.7824,20.9854,21.1934,21.464,21.7199,21.0663,21.2334,21.236,20.767,20.8021,19.9796,19.8046,19.9659,20.1726,20.7435,20.2917,20.5007,21.0075,21.1703,21.3381,20.7066,20.7963,20.5245,20.8142,21.4903,20.7287,20.43,20.1879,20.7238,21.4889,20.1126,20.6161,20.8435,20.8493,20.9665,19.778,19.6221,20.01,20.5236,20.7306,20.7106,19.9223,20.014,19.923,20.8886,20.2656,20.4313,20.9426,21.3531,22.6082,19.8515,19.8453,19.7465,20.5329,22.3181,19.9701,19.9436,20.1857,20.1505,19.9433,20.1005,19.991,20.4951,20.5794,21.8103,20.1843,20.4725,20.6424,21.7489,23.0966,20.3696,20.4864,20.6294,20.814,20.8712,19.9953,20.4278,20.6191,20.9662,21.2538
698,4:16:55 PM,20.0874,19.9234,20.0008,20.2833,20.3851,20.6321,20.425,20.9459,21.268,21.1153,20.5353,20.2984,20.3841,20.2994,20.5168,20.7166,20.9121,20.9002,21.1089,21.3651,20.8474,20.8332,20.6904,20.6891,20.9446,19.8306,20.1549,20.1178,20.232,20.1275,21.1404,20.6285,21.2676,21.1747,21.5045,20.6992,20.5771,20.5604,20.8661,20.4688,20.7192,21.0531,21.0478,21.298,21.5024,21.0283,21.2545,21.0745,20.8108,21.0027,19.8451,19.7333,19.8751,19.9823,20.78,19.9398,20.5872,21.0563,21.0214,21.0474,20.5176,20.5331,20.272,20.7955,21.209,20.6144,20.3082,20.1131,20.5232,21.4794,20.1526,20.8668,20.7703,20.9234,20.9227,19.8399,19.7967,19.8944,20.4906,20.6837,20.9314,19.8363,20.0816,19.8606,21.0148,20.1345,20.4172,20.9631,20.9787,22.2635,19.7736,19.6321,19.8042,20.9787,22.2453,19.8062,20.1607,20.2798,20.1651,20.6491,20.0074,20.2194,20.3837,20.3812,20.9865,19.883,20.3815,20.5878,21.0615,22.5152,20.3182,20.4287,20.7879,20.7024,20.8852,19.9066,20.4394,20.7777,20.949,21.3164
699,4:17:15 PM,20.0409,20.1964,19.9361,20.2101,20.361,20.4694,20.5381,20.8187,21.0848,21.1893,20.636,20.507,20.4619,20.5484,20.5585,20.6962,20.774,20.9139,21.006,21.4509,20.9188,20.7543,20.8193,20.6717,21.2179,19.8472,20.1519,19.9232,20.0089,20.1456,20.8057,20.5934,21.0203,20.9908,21.3852,20.7381,20.6992,20.8949,20.4472,20.7779,20.7214,20.8153,20.9374,21.2963,21.7008,21.1446,21.1677,21.1265,20.6791,21.1221,19.8789,19.6159,19.9524,20.0696,20.8957,20.1753,20.552,20.7776,21.0819,21.0594,20.5274,20.4922,20.4253,20.8633,21.5272,20.7404,20.5492,20.0421,20.7865,21.4735,20.135,20.7847,20.6512,20.7036,20.7011,19.8683,19.6409,20.1607,20.4302,20.728,20.6558,19.89,20.2016,19.7077,21.1915,20.0757,20.2967,20.7403,21.1675,22.7361,19.6574,20.0125,19.6844,20.815,22.2104,19.985,19.7672,20.2201,20.3874,20.3416,20.046,20.2216,20.3563,20.4584,21.531,20.2158,20.4805,20.9013,21.8957,22.9952,20.3994,20.2857,20.6587,20.4809,20.7631,19.8777,20.4504,20.5078,20.9821,21.5127
700,4:17:35 PM,20.0527,20.2288,19.9904,20.2716,20.5171,20.4826,20.6532,20.9435,20.9908,21.113,20.449,20.5449,20.3496,20.4933,20.7554,20.5724,21.0658,20.7948,21.2343,21.3426,20.7749,20.4916,20.8967,20.4476,21.0231,20.1076,20.4126,20.0343,20.1065,20.281,20.7441,20.6145,21.1859,21.0002,21.4031,20.7339,20.5041,20.5226,20.5497,20.7448,20.6747,20.822,20.6949,21.3606,21.6822,21.2696,21.2741,21.1365,20.6814,20.7921,20.0133,19.82,19.8316,19.9426,20.6808,20.2763,20.6957,20.7554,21.2407,21.2452,20.5825,20.427,20.3158,20.959,21.6948,20.7378,20.599,20.0765,20.7431,21.2125,19.8435,20.6763,20.6701,20.7107,20.8234,20.0394,19.6653,20.1443,20.3431,20.7172,20.9176,19.8436,20.6223,19.652,21.0088,20.2233,20.4989,20.9295,20.9947,22.746,19.6668,19.7159,19.7755,20.5281,22.3025,19.8194,19.9297,19.9868,20.1724,20.815,20.2871,20.1919,20.5716,20.6764,21.5082,20.2748,20.3859,20.5975,21.5478,22.9658,20.7216,20.3305,20.7128,20.678,20.8991,20.1381,20.5162,20.8346,21.0615,21.4945
701,4:17:55 PM,20.0506,20.1749,19.9485,20.5935,20.5148,20.4302,20.3642,20.9482,21.1976,21.0493,20.6485,20.5891,20.3118,20.5062,20.604,20.7841,20.8856,20.8843,21.0065,21.3432,20.8023,20.4585,20.5881,20.9516,21.1327,19.9485,20.5304,20.0824,20.3848,20.4256,20.9114,20.6681,21.1255,20.8633,21.4348,20.7468,20.7842,20.8474,20.6782,21.1646,20.8154,20.9519,20.9208,21.245,21.5246,21.1438,21.1906,21.2639,20.7038,21.0796,19.873,19.738,20.0018,20.0808,20.7232,20.1587,20.5434,20.7197,21.1209,20.9271,20.5266,20.6271,20.4691,20.9829,21.6693,20.7495,20.3503,20.0878,20.5719,21.4673,20.2861,20.6426,20.8614,20.7322,20.6062,19.8782,19.7992,20.0349,20.3726,21.0411,20.6727,19.847,20.4763,19.9126,21.0226,19.9563,20.4975,20.8099,21.0084,22.5483,19.5564,19.9085,20.0334,20.5774,22.0517,19.9904,20.108,20.1277,19.9956,20.2383,20.2474,20.1607,20.3687,20.5859,22.4894,19.9913,20.5077,20.5389,21.7223,22.9337,20.4507,20.1598,20.4238,20.5246,21.107,19.9588,20.5472,20.6956,21.1675,21.7325
702,4:18:15 PM,19.8089,20.2051,19.8334,20.2071,20.5546,20.3668,20.5088,20.7608,21.1414,21.1325,20.6835,20.5802,20.4548,20.597,20.5162,20.7168,20.8007,20.8214,21.0919,21.3192,20.9523,20.5447,20.8793,20.6917,21.1625,19.7762,20.2192,19.6809,20.0761,20.2768,20.9275,20.4581,21.0136,21.0746,21.6114,20.614,20.8469,20.8095,20.7848,20.7643,20.8157,20.8282,20.9346,21.1552,21.5948,21.1286,21.0484,21.0004,20.5368,21.1536,19.8107,19.6071,19.7225,20.1205,20.5884,19.9005,20.3717,20.7469,21.1295,21.0864,20.4877,20.538,20.5876,20.8466,21.3569,20.5985,20.4773,20.0994,20.7009,21.6859,20.4149,20.6542,20.9266,20.6537,20.6664,19.7988,19.8234,19.9907,20.4582,20.9612,20.7584,19.6874,20.4666,19.7125,20.735,19.9811,20.2872,20.5689,21.0957,22.6335,19.6769,19.7895,19.9613,20.6476,22.171,20.0976,19.7398,20.3613,20.1078,20.1363,20.2098,20.3036,20.3921,20.3857,21.3369,19.8665,20.4123,20.6435,21.0264,22.9057,20.6574,20.4021,20.6161,20.5881,20.6303,19.9326,20.4811,20.5475,21.0946,21.8292
703,4:18:35 PM,20.1248,20.011,19.9473,20.0974,20.4643,20.597,20.2874,20.8172,20.8525,21.0975,20.6617,20.5351,20.4435,20.4983,20.8147,20.6405,20.7681,21.0996,20.9485,21.4825,20.8829,20.4606,20.6653,20.4924,20.8605,19.6988,20.1714,20.23,20.1633,20.4268,20.7089,20.5336,20.98,21.1098,21.1737,20.6612,20.5333,20.8568,20.8079,20.8332,20.7291,20.673,20.8886,21.4294,21.5884,20.9318,21.0158,21.1453,20.8302,20.9536,19.9734,19.6344,19.9385,19.7998,20.7236,20.0946,20.484,20.9804,21.289,20.9952,20.4777,20.5583,20.3527,20.8088,21.382,20.458,20.1644,20.1344,20.4188,21.6688,20.1526,20.5928,20.769,20.7024,21.1889,19.6878,19.6844,19.8483,20.3429,20.6213,20.5891,20.0587,20.4136,19.7877,20.6912,20.1976,20.2838,21.0653,21.2657,22.4979,19.7919,19.8675,19.9454,20.7811,22.0739,19.8897,20.023,20.1384,20.131,20.3943,20.2629,20.1621,20.3643,20.4407,21.2129,19.8784,20.3807,20.3553,21.1676,22.821,20.4876,20.2747,20.8213,20.8256,21.073,20.0482,20.5936,20.6205,21.1095,21.5594
704,4:18:55 PM,19.9792,19.9031,19.9031,20.4902,20.3951,20.5309,20.4048,20.5884,21.0324,21.0758,20.6668,20.4202,20.2752,20.4743,20.7847,20.6727,20.8531,20.8378,21.1765,21.4153,21.1553,20.8718,20.882,20.5548,21.0558,19.8031,19.9495,20.0507,20.1217,20.3954,20.6007,20.6317,21.0632,21.0748,21.471,20.7526,20.6775,20.6988,20.8263,21.0661,20.9033,20.8305,20.8464,21.2263,21.7625,21.1746,21.2983,20.9268,20.6184,21.0069,19.887,19.4693,19.6989,19.9316,20.6846,19.9055,20.5876,20.8083,20.9138,20.8811,20.4191,20.5075,20.3895,21.109,21.5107,20.7185,20.5097,20.2074,20.5491,21.4997,20.2804,20.9072,20.837,20.7871,20.7911,19.8386,19.7073,20.0213,20.3813,20.68,20.693,19.8909,20.5013,19.7281,21.0412,20.1031,20.2443,20.747,21.036,22.3963,19.5523,19.9456,20.0516,20.9364,21.9825,20.1224,20.1215,20.204,20.1299,20.4542,20.3223,20.0337,20.4992,20.3678,21.4016,19.7787,20.2756,20.497,21.2972,22.6446,20.2786,20.2313,20.5982,20.7343,20.9126,19.6902,20.4024,20.2717,21.031,21.3792
705,4:19:15 PM,20.0981,20.1126,19.8157,20.3447,20.6682,20.343,20.4123,20.9947,21.1328,21.0321,20.7066,20.3934,20.3535,20.3803,20.6703,20.7923,20.6759,20.6989,21.0179,21.4568,20.8598,20.6432,20.8301,20.7422,20.8522,19.9934,20.0711,19.838,20.1544,20.5498,20.9737,20.4964,21.0734,21.0477,21.4789,20.5158,20.8878,20.7949,20.642,20.7719,20.7098,20.7921,20.7994,21.2932,21.6458,21.1142,21.0926,21.1748,20.6864,20.9897,20.0164,19.4842,19.7523,20.0748,20.7698,20.0104,20.6243,20.885,21.0577,21.3195,20.5377,20.8132,20.5356,20.9652,21.5414,20.7092,20.4388,20.2126,20.6802,21.9754,20.1957,20.7593,20.5931,20.6364,20.6055,19.7745,19.7486,19.9775,20.2906,20.7253,20.6189,19.9275,20.2995,19.6217,21.0112,20.1347,20.4749,20.8357,21.117,22.0086,19.8017,19.761,19.6686,20.6217,22.3092,19.899,20.0174,20.3762,20.3022,20.5861,20.0337,20.2858,20.2037,20.4353,21.6957,20.0496,20.2691,20.6003,21.4331,22.8082,20.4208,20.402,20.5223,20.8593,20.9808,19.9043,20.4378,20.5377,21.2644,21.4495
706,4:19:35 PM,19.9821,20.0417,19.6751,20.0922,20.5678,20.4817,20.5922,20.7791,20.9141,20.8623,20.4102,20.4419,20.3957,20.4812,20.7296,20.6018,20.7854,21.0319,20.9679,21.3141,20.8101,20.6885,20.6798,20.5656,20.9101,19.9671,20.1842,20.0295,20.0899,20.5794,20.9599,20.4372,20.8074,20.968,21.3389,20.5231,20.5627,20.8669,20.8346,20.9683,20.7824,20.9136,21.1144,21.4166,21.5747,21.2041,21.2225,21.1012,20.7229,21.1042,19.9492,19.6869,19.7082,20.1772,20.6744,20.1786,20.4514,20.9232,21.1347,21.2644,20.5405,20.534,20.6008,21.1811,21.9509,20.8629,20.417,20.0565,20.7026,21.3994,20.1633,20.702,21.0286,20.5058,20.777,19.7387,19.7616,20.1191,20.366,20.6491,20.6614,19.7214,20.1951,19.863,21.1996,20.149,20.4943,20.91,21.5949,22.1878,19.5408,19.8597,20.11,20.8808,22.2055,19.848,20.1634,20.1786,20.2034,19.9935,20.2468,20.1354,20.3105,20.4558,21.6678,19.9604,20.3989,20.5841,21.9086,22.9059,20.5684,20.0893,20.5287,20.5208,20.8956,19.9881,20.3144,20.6823,20.8703,21.3849
707,4:19:55 PM,20.0561,20.021,19.8548,20.1509,20.5436,20.3537,20.1694,20.4068,20.762,20.6451,20.5881,20.5158,20.5664,20.6035,20.7495,20.6753,20.842,20.7282,20.9675,21.3332,20.7433,20.9227,20.8766,20.6032,20.9857,19.7839,20.1665,19.8532,20.2765,20.4659,21.0533,20.6581,20.9667,20.9923,21.55,20.6504,20.5728,20.8049,20.8538,20.9374,20.8576,20.7631,20.9751,21.4295,21.5946,21.3174,21.404,21.2958,20.7057,20.8224,19.8892,19.7207,19.944,19.8982,20.6697,20.3846,20.5117,20.7689,21.0973,21.1431,20.5472,20.5774,20.2625,20.9464,21.587,20.7737,20.2488,20.116,20.5883,21.5907,20.2743,20.7474,20.6873,20.5824,20.8817,19.9998,19.7288,19.9629,20.2884,20.7574,20.6587,19.9282,20.3902,19.6775,21.1011,20.1908,20.3773,20.6629,21.1803,22.3857,19.6115,19.7841,19.8817,20.6147,22.0941,19.8767,20.2591,20.2667,20.1446,20.4712,20.2078,20.2501,20.3388,20.4366,21.3675,20.2353,20.4458,20.5968,21.2746,23.1928,20.4722,20.4612,20.5399,20.8237,20.8052,20.0231,20.4724,20.5652,20.7814,21.2692
708,4:20:15 PM,19.9684,19.9835,19.9963,20.3098,20.467,20.5681,20.6443,20.7173,20.8624,20.7258,20.6161,20.3945,20.251,20.5585,20.514,20.5047,20.5941,20.8544,20.9182,21.5127,20.8937,20.8349,20.7414,20.5324,21.0711,19.8671,20.3382,20.3936,20.377,20.4011,20.8823,20.6662,20.9781,21.0029,21.6709,20.6935,20.7791,20.7651,20.6015,20.9604,20.9505,20.7443,20.9128,21.2151,21.7246,21.0711,21.2553,21.1053,20.6964,21.022,20.082,19.5928,19.8677,19.8461,20.6711,20.3858,20.4577,20.9094,21.0669,20.7905,20.5534,20.6193,20.4703,20.9072,21.2156,20.797,20.4582,20.2126,20.3905,21.3966,20.0423,20.8088,20.9608,20.5766,20.7436,19.8036,19.6614,19.9771,20.6141,20.8472,20.5163,19.8318,20.3743,20.0799,21.1331,19.9472,20.4483,21.3413,21.2369,22.3063,19.6718,19.7716,19.8725,20.5513,22.2593,19.8234,19.7002,19.7162,19.9806,20.0626,20.1461,20.2281,20.3315,20.3882,21.1702,20.1407,20.4655,20.558,21.3431,23.2241,20.6325,20.3462,20.7145,20.7092,20.7444,19.8913,20.3737,20.7578,21.033,21.3629
709,4:20:35 PM,20.125,19.8512,19.9207,20.3106,20.6593,20.5116,20.5132,20.6159,20.7575,20.8971,20.6953,20.6598,20.3796,20.3566,20.7333,20.5452,20.975,20.7771,20.9271,21.4972,20.5996,20.4411,20.8631,20.486,20.941,20.0079,20.3426,19.9282,20.0708,20.3432,20.5298,20.6001,21.0316,20.9946,21.2592,20.673,20.706,20.6762,20.7742,20.6649,20.7816,20.9104,20.8275,21.1228,21.3444,20.8853,21.2677,21.3577,20.5362,21.0014,20.0075,19.711,19.9982,20.0131,20.6586,20.2692,20.4228,20.8734,21.0608,21.1313,20.6399,20.5997,20.3219,21.1247,21.8924,20.4832,20.6118,20.0814,20.7019,21.5005,20.0874,20.4194,20.918,20.7084,21.0548,20.1577,19.9981,20.0673,20.3749,20.8532,20.7735,19.8205,20.4744,19.8987,21.0032,19.8351,20.2216,20.725,21.5758,22.772,19.4076,19.8438,19.6756,20.6786,22.1129,19.9933,19.947,20.3994,20.1612,20.2224,20.2095,20.4075,20.4012,20.3998,21.5054,20.0468,20.4318,20.8047,21.2355,23.0211,20.3043,20.4468,20.6115,20.5531,20.8544,19.6824,20.3723,20.4312,21.0991,21.2589
710,4:20:55 PM,20.0667,19.9928,20.1207,20.3772,20.4849,20.4114,20.5879,20.8412,21.305,20.9354,20.572,20.4215,20.261,20.2885,20.3799,20.6354,20.8553,21.0144,20.9188,21.4745,20.6364,20.5805,20.6901,20.2971,21.1821,20.1594,20.2356,19.9047,20.1783,20.3062,20.9307,20.7046,20.921,21.1156,21.2865,20.5509,20.6059,20.6064,20.3327,20.753,20.8516,20.7352,21.1257,21.1392,21.5483,20.87,21.2936,21.0632,20.7199,21.0305,19.7205,19.9477,19.9269,19.9048,20.6125,20.0636,20.4632,20.8729,21.0301,20.9565,20.3987,20.6193,20.4654,20.8861,21.6939,20.6992,20.3096,20.0149,20.5234,21.4623,20.0182,20.6257,20.8201,20.6324,20.7442,19.9254,19.6527,19.853,20.2975,20.6137,20.7075,20.0319,20.5244,19.8977,20.8831,19.9443,20.364,20.6537,21.5242,22.6461,19.7199,19.8869,19.8791,20.3512,21.8155,19.9765,20.0125,20.1231,19.8863,20.1511,20.2049,20.2019,20.3267,20.3095,21.0656,19.9442,20.3831,20.6215,21.2509,22.7075,20.5108,20.3349,20.6807,20.4879,21.2728,19.6701,20.3817,20.5111,20.9355,21.3268
711,4:21:15 PM,20.0406,19.8694,19.8834,20.0681,20.5147,20.477,20.3972,20.933,21.0742,20.7882,20.637,20.6173,20.2716,20.4907,20.3824,20.8062,20.6971,20.857,20.8707,21.4841,20.9535,20.6486,20.789,20.5557,20.7932,19.9814,20.1441,19.7444,19.813,20.4162,20.8598,20.533,21.082,20.8483,21.6278,20.6674,20.7599,20.486,20.324,20.5593,20.6725,20.6031,20.8496,21.4522,21.6677,20.959,21.0592,21.1269,20.6911,21.0372,19.9942,19.7142,19.8805,20.1406,20.5662,19.9948,20.5215,20.8083,20.9098,21.2087,20.4492,20.4858,20.281,20.7195,21.5149,20.3553,20.4231,20.0627,20.7837,21.1666,20.1152,20.4734,20.8475,20.5894,20.8909,19.9307,19.6136,20.0592,20.31,20.8669,20.7794,20.0756,20.4246,19.7085,21.2125,20.0348,20.3762,20.7381,21.2931,22.5772,19.7605,19.7503,19.7428,20.7965,22.0354,19.928,20.1388,19.9979,20.1888,20.0783,20.1708,20.2697,20.258,20.2438,21.3591,20.124,20.2755,20.6519,20.876,22.8584,20.5482,20.5074,20.7323,20.6078,20.852,20.2708,20.6755,20.6202,20.8712,21.1422
712,4:21:35 PM,20.1897,20.1134,20.0532,20.3244,20.2699,20.5418,20.3568,20.6383,20.6501,20.7739,20.4904,20.434,20.3801,20.5132,20.6858,20.8282,20.7663,20.7775,20.995,21.405,20.8531,20.6772,20.8003,20.464,21.0133,19.8928,20.088,19.8308,19.8762,20.2568,20.7482,20.5934,20.965,21.0785,21.2404,20.6552,20.5304,20.6074,20.7848,21.0158,20.7833,20.8242,20.8152,21.3244,21.6114,21.0373,20.9918,21.2452,20.6867,20.8816,20.0635,19.7345,20.0977,20.0782,20.7449,19.9715,20.5594,20.5742,21.1796,20.7505,20.5776,20.4646,20.5465,20.874,21.6765,20.8626,20.5887,20.2879,20.6505,21.3753,20.3969,20.8291,20.939,20.6876,20.7608,20.0438,19.7411,20.226,20.4022,20.8547,20.6294,19.9699,20.3922,19.8672,21.3871,20.0374,20.4005,20.7574,21.4672,22.5209,19.4554,19.8632,20.0578,20.9768,22.085,19.9537,20.0088,20.2785,20.3404,20.5088,20.267,20.1662,20.3979,20.3832,21.1579,20.0048,20.3682,20.6831,21.1528,22.9276,20.3962,20.4274,20.7239,20.496,21.0542,20.0394,20.4858,20.3664,20.87,21.4009
713,4:21:55 PM,19.7824,19.9026,19.784,20.2181,20.3735,20.6639,20.2452,20.5712,20.9032,20.9476,20.512,20.4766,20.3286,20.5449,20.708,20.6088,20.8998,20.8088,21.0056,21.6462,20.9061,20.7968,20.6275,20.7279,20.9426,19.945,20.2203,20.0779,19.9734,20.4291,20.7912,20.4318,20.9738,20.8291,21.3739,20.6859,20.7761,20.7514,20.8944,21.0933,20.6788,20.6989,20.8693,21.4142,21.526,20.9146,21.0348,21.2018,20.7589,21.0441,19.7963,19.651,19.9306,19.8268,20.7776,20.0134,20.497,20.7733,21.0611,21.0944,20.4962,20.4769,20.4743,20.9218,21.6395,20.7927,20.2916,20.1971,20.6163,21.6053,20.2488,20.7243,20.9411,20.6479,20.6023,19.7242,19.7019,20.0811,20.2076,20.7539,20.5216,19.7005,20.2209,19.6563,21.3801,19.9311,20.3419,20.8467,21.0461,22.8025,19.6838,19.7249,19.631,20.9596,21.9892,19.9705,20.0167,20.3492,19.9016,20.6437,20.0246,20.3164,20.4696,20.3865,21.2836,19.9337,20.395,20.5684,21.1106,23.1294,20.2475,20.1209,20.6383,20.5874,20.8927,19.5365,20.4552,20.4032,21.2156,21.1696
714,4:22:15 PM,20.0192,19.8994,20.0034,20.1588,20.4655,20.5716,20.3537,20.8233,20.9447,20.8785,20.4294,20.3881,20.3813,20.6752,20.9786,20.6191,20.74,21.0477,20.9759,21.5486,20.8865,20.4555,20.7688,20.7428,20.9152,19.934,20.1958,19.8194,20.1044,20.4342,20.9078,20.6349,20.9702,20.9809,21.6713,20.6049,20.6456,20.7106,20.7152,20.8777,20.7649,20.9511,20.8975,21.289,21.7873,21.061,21.0804,21.1004,20.7135,21.0691,19.8905,19.6165,19.8885,19.7996,20.8935,19.9782,20.4468,20.8461,20.9318,21.4061,20.403,20.4998,20.3686,20.9798,21.5901,20.6872,20.2455,19.9905,20.8763,21.6195,20.3624,20.496,20.7119,20.8169,21.0808,19.7551,19.758,20.0789,20.1089,20.7076,20.8123,19.9032,20.4368,19.8126,21.816,19.8171,20.2424,20.8831,21.1313,22.5786,19.4333,19.8668,19.7742,20.695,22.279,19.9474,20.042,20.326,20.1575,20.5075,20.158,19.9731,20.3098,20.2117,20.9837,20.04,20.2258,20.7604,20.9541,22.4426,20.6363,20.3409,20.3869,20.4403,20.6335,19.6763,20.4325,20.2124,21.0088,21.3581
715,4:22:35 PM,19.9967,19.6952,19.9308,20.3407,20.4265,20.5213,20.3094,20.7607,20.7755,20.8084,20.5928,20.2715,20.4248,20.6046,20.7868,20.6546,20.6862,20.8474,20.7681,21.2808,20.8958,20.7316,20.6872,20.6101,20.9865,19.8514,20.1428,19.9508,20.2371,20.4943,20.759,20.4256,21.0324,21.0515,21.6601,20.6309,20.7529,20.8388,20.7187,21.0495,20.686,20.7769,21.1411,21.3267,21.6477,20.9191,21.1466,21.103,20.8891,20.9769,19.8411,19.4736,19.9757,20.0009,20.8185,20.1179,20.4419,20.7351,21.2262,20.9196,20.5362,20.393,20.5333,21.0684,21.6372,20.821,20.5363,20.2854,20.6222,21.7852,20.1736,20.5874,20.8113,20.7328,20.7229,19.8597,19.757,20.1799,20.321,20.7823,20.6509,19.8295,20.357,20.0328,21.2865,20.1057,20.3711,20.887,21.0739,22.7165,19.6365,19.7716,20.0508,20.7861,21.8187,20.0084,19.9305,20.1913,20.1201,20.2718,20.1266,20.0919,20.1604,20.3004,20.9844,20.1604,20.4733,20.6938,21.0414,22.9197,20.4492,20.0931,20.704,20.5357,20.798,19.9898,20.3908,20.4297,21.014,21.4779
716,4:22:55 PM,20.1103,19.9753,20.2051,20.5094,20.5313,20.3455,20.3192,20.87,20.7511,20.8242,20.8991,20.3911,20.2821,20.576,20.6647,20.6315,20.8145,21.0855,20.8873,21.734,20.897,20.6107,20.7126,20.8512,21.025,19.8887,20.2034,20.2731,20.5898,20.4713,20.623,20.4506,20.7994,20.9862,21.4278,20.7599,20.7724,20.7496,20.4656,20.8923,20.6977,20.6618,20.9238,21.3927,21.622,20.8872,21.075,21.2187,20.5243,21.0223,19.757,19.7724,19.8855,20.1848,20.6617,20.1064,20.5968,21.006,21.4245,21.3232,20.5207,20.4861,20.2804,21.0456,21.6813,20.5778,20.214,20.1431,20.715,21.4952,20.2239,20.5868,20.7412,20.7023,20.8719,19.7902,19.7412,20.0105,20.2327,20.7365,20.5327,20.0093,20.3708,20.0297,21.2427,19.8743,20.4046,20.5558,21.5406,22.6834,19.4575,19.8323,19.7917,20.9049,22.123,19.6555,20.104,20.1726,20.3827,20.0873,20.0789,20.2488,20.424,20.389,21.6652,20.2483,20.5836,20.6531,21.2569,22.9767,20.2558,20.1997,20.6108,20.508,20.6576,19.761,20.414,20.4892,20.8349,21.5688
717,4:23:15 PM,19.9378,20.0129,19.9777,20.0231,20.5911,20.4514,20.3304,20.6067,20.5143,20.8105,20.4342,20.5742,20.3001,20.7535,20.9107,20.6602,20.814,20.8221,20.7469,21.5562,20.5656,20.7105,20.6305,20.5291,20.9012,19.7779,20.2618,20.1804,20.0481,20.4853,21.0418,20.4416,20.8784,21.1782,21.6542,20.5088,20.6223,20.7352,20.7618,21.0651,20.7731,20.9022,20.9124,21.327,21.8087,21.2245,20.9554,21.1251,20.3705,21.0095,19.9447,19.6066,19.9524,20.0104,20.7218,19.9807,20.5638,20.8139,21.0837,20.9841,20.4734,20.5198,20.3134,20.9534,21.6577,20.6645,20.6172,20.2637,20.7088,21.2132,20.1391,20.4731,20.7702,20.7986,20.6371,19.8416,19.6671,20.0571,20.2331,20.894,20.6446,19.9149,19.8392,19.6987,20.9321,19.8475,20.4977,20.578,21.014,22.6464,19.7321,19.7376,19.8445,20.5547,22.0524,19.5988,19.6023,20.2202,20.0125,20.2191,20.0366,20.0782,20.4008,20.4104,21.4674,20.1448,20.3474,20.6691,20.9273,23.412,20.4472,20.1659,20.5248,20.6114,20.8243,19.9085,20.5188,20.7327,20.9568,21.5283
718,4:23:35 PM,19.8936,19.9768,20.1619,20.4377,20.588,20.5925,20.5074,20.9542,20.849,20.6404,20.5185,20.3461,20.2249,20.4841,20.6143,20.6303,20.61,20.7509,20.9858,21.534,20.7477,20.5555,20.6407,20.6268,21.0893,20.1268,20.2829,20.1055,19.9273,20.4397,20.6459,20.3781,20.9823,20.8657,21.6316,20.5997,20.6537,20.5603,20.8707,21.0447,20.8932,20.8854,20.7324,21.3663,21.6961,20.9278,21.1829,21.1364,20.7257,20.7882,19.9125,19.7029,19.9973,20.108,20.8925,20.1759,20.4064,20.9262,21.0599,21.0883,20.5998,20.4603,20.3757,20.8479,21.67,20.5522,20.3048,20.1094,20.7768,21.3268,20.0078,20.5451,20.792,20.7271,21.0702,19.7453,19.5657,19.9369,20.2537,20.6016,20.8517,19.7679,20.0609,19.7252,20.984,19.7534,20.1797,20.8012,20.9881,22.2586,19.6242,19.69,19.6947,20.299,22.2011,19.6923,19.7836,19.8343,20.3232,19.8646,20.0148,20.1191,20.2943,20.5229,21.4187,20.2405,20.3058,20.6222,20.997,23.4658,20.6282,20.2952,20.5875,20.4151,20.4938,19.9656,20.193,20.4689,21.0614,21.3216
719,4:23:55 PM,20.0054,20.1546,20.3492,20.5443,20.4701,20.5167,20.3326,20.8009,20.9941,20.8297,20.4519,20.6264,20.0698,20.6229,20.6087,20.567,20.7791,20.9,20.9331,21.4753,20.7584,20.5088,20.6969,20.2687,21.0668,20.0788,20.1649,19.9174,20.1698,20.5049,20.6251,20.5132,20.9114,21.0085,21.4732,20.6881,20.7924,20.7176,20.4807,20.5972,20.876,20.653,20.8999,21.3519,21.7692,20.9624,21.0867,20.9992,20.6429,21.1466,19.9715,19.5825,19.8948,19.9815,20.5489,20.1638,20.3359,20.5092,21.1471,20.6602,20.4697,20.4158,20.4996,21.1369,21.4618,20.6239,20.2438,20.0923,20.6757,21.3694,19.9289,20.4381,20.6972,20.7528,20.7598,19.7529,19.8124,19.9686,20.2938,20.7414,20.6845,19.8795,20.0303,19.5076,20.6893,19.8375,20.209,20.795,21.0699,22.481,19.6151,19.8596,19.7568,21.0278,22.2351,19.8146,19.8377,20.1176,19.7296,20.218,20.1935,20.188,20.4449,20.3535,21.3016,20.1874,20.5144,20.5262,21.049,23.1932,20.6004,20.4426,20.6835,20.6669,20.5501,19.8642,20.4093,20.5359,21.2092,21.3625
720,4:24:15 PM,20.0801,19.81,20.0756,20.2214,20.5433,20.4922,20.2767,20.7543,20.7789,20.7654,20.4153,20.5396,20.0742,20.5454,20.5759,20.5904,20.6949,20.683,20.894,21.6233,20.7626,20.5364,20.6491,20.6095,20.7169,20.0153,20.1802,19.8548,20.224,20.4085,21.0284,20.5832,20.7235,21.0161,21.6199,20.4973,20.6547,20.7904,20.5462,20.6821,20.8157,20.9199,20.8175,21.2881,21.5784,21.0227,21.2889,21.1178,20.7724,20.9004,19.9037,19.4079,19.9497,20.0984,20.5492,19.9886,20.715,20.6736,20.9052,20.7776,20.3417,20.5523,20.2898,20.7695,21.6455,20.5319,20.3731,20.0592,20.6627,21.324,20.1373,20.5721,20.787,20.7546,21.2246,19.6876,19.643,19.9726,20.1492,20.7444,20.7057,19.8453,20.2576,19.7946,20.83,20.0766,20.475,20.6624,20.7158,22.7813,19.6646,19.8625,19.8442,20.6003,21.9555,19.7765,19.7205,20.2372,20.1336,20.2942,20.2071,20.3168,20.3887,20.5363,21.446,19.8798,20.1204,20.4462,21.0424,23.0204,20.4787,20.3289,20.6046,20.4574,20.8565,19.9187,20.4523,20.614,21.2669,21.5708
721,4:24:35 PM,19.8759,19.9633,20.0424,20.1978,20.5774,20.3349,20.4035,20.7163,20.8988,20.7481,20.5587,20.527,20.4547,20.3282,20.9317,20.5492,20.844,20.6743,20.9384,21.6484,20.4188,20.594,20.8141,20.4157,20.9251,19.9664,20.0592,19.8702,19.9534,20.5221,20.8778,20.5471,21.0977,20.8364,21.5828,20.5655,20.8732,20.7807,20.7829,21.3586,20.8219,20.8152,20.7451,21.4002,21.5132,21.0254,21.0882,20.9033,20.5574,21.0348,19.9439,19.6127,19.8866,20.067,20.7318,20.2546,20.4103,20.8447,21.1887,21.0851,20.2873,20.3862,20.449,21.0652,21.425,20.5259,20.5767,20.204,20.6594,21.2662,20.1979,20.6149,20.7817,20.6538,21.1958,19.7108,19.789,19.8607,20.2523,20.7736,20.6099,19.8541,20.447,19.8959,20.5613,19.9932,20.461,20.8105,20.9339,22.5672,19.6417,19.6282,19.8672,20.5288,22.0371,19.7914,19.7001,20.1987,19.9682,20.2136,20.1926,20.3295,20.2834,20.4506,21.7571,20.0348,20.1695,20.6088,21.336,22.778,20.7788,20.3064,20.6631,20.7049,21.3512,19.8893,20.2863,20.2845,20.9077,21.4612
722,4:24:55 PM,20.158,20.179,19.9064,20.3549,20.3941,20.58,20.2583,20.7582,20.9167,20.8437,20.5772,20.5312,20.3536,20.5055,20.7361,20.59,20.916,20.863,20.9264,21.5809,20.5657,20.3977,20.7539,20.4116,20.9401,20.1512,20.4052,20.0441,20.1931,20.4293,20.9639,20.3152,20.8386,20.9848,21.3886,20.6662,20.4879,20.502,20.9688,21.0119,20.7458,20.9092,20.8859,21.4159,21.7034,20.8519,21.1564,21.1377,20.7173,20.9385,19.8253,19.7823,20.0515,20.0579,20.7672,20.3924,20.4525,20.7102,21.1159,20.8144,20.6219,20.4982,20.3512,20.9365,21.7246,20.659,20.4389,20.0207,20.6526,21.3987,20.2383,20.5434,20.7786,20.674,20.806,19.9063,19.9634,20.036,20.3274,20.746,20.5972,19.687,20.3953,19.9351,20.9667,19.9662,20.2672,20.6058,20.9604,22.4416,19.6483,19.8814,19.8337,20.5312,21.9887,19.7957,19.8831,20.0175,19.9226,20.5646,20.3335,20.1429,20.2641,20.2188,21.6661,20.5068,20.3286,20.7285,21.1108,23.1265,20.4329,20.3321,20.815,20.5587,20.8949,19.7663,20.3928,20.161,21.1654,21.2255
723,4:25:15 PM,19.9861,19.8485,20.0678,20.3509,20.7066,20.7336,20.1555,20.8435,20.7786,21.0196,20.613,20.5329,20.3461,20.5467,20.8009,20.6366,20.6445,20.8716,20.8953,21.6092,20.7677,20.7059,20.9093,20.6615,21.1005,19.8647,20.1319,19.916,19.7887,20.3713,21.0231,20.6087,21.1469,20.8733,21.2856,20.7986,20.4984,20.7006,20.7668,20.7478,20.9865,20.9237,20.987,21.278,21.6582,21.2004,20.9577,21.0654,20.6099,21.0959,19.776,19.5686,19.8994,20.0995,20.7472,20.0092,20.5889,20.7419,21.0515,20.9911,20.3901,20.4464,20.2576,20.7495,21.6158,20.6874,20.3037,19.965,20.7403,21.49,19.9541,20.6399,20.4628,20.7875,20.6134,19.7624,19.8866,19.9646,20.2741,20.7967,20.6711,19.7205,20.4432,19.6888,20.4787,20.1164,20.2822,20.663,20.9815,22.943,19.6771,19.5236,19.4901,20.5283,21.7142,19.894,19.9388,20.0379,20.0006,20.2929,20.1391,20.0644,20.1762,20.2976,21.1238,20.1216,20.4963,20.682,20.829,21.9966,20.3476,20.1959,20.3634,20.3625,21.0494,20.033,20.4494,20.4255,21.0925,21.3542
724,4:25:35 PM,20.0953,20.0825,19.9332,20.3176,20.4826,20.3319,20.1049,20.5968,20.9057,20.733,20.483,20.5904,20.5446,20.5722,20.4491,20.4251,20.8488,21.0463,20.9897,21.4215,20.6903,20.4864,20.6336,20.3895,20.9351,19.9821,20.447,19.785,20.0619,20.4375,20.7021,20.3833,20.8439,21.0343,21.6999,20.7137,20.5829,20.6429,20.6607,20.7995,20.8406,20.642,20.773,21.1857,21.743,20.9798,21.1884,21.0925,20.6455,21.0905,19.9856,19.8688,19.8757,19.9655,20.9073,19.9067,20.5562,20.8128,20.6817,21.0586,20.3356,20.3822,20.2924,21.1099,21.5199,20.4852,20.2672,20.1316,20.7432,21.4215,20.0442,20.7026,20.7964,20.7824,20.9161,19.7575,19.6255,20.042,20.4293,20.6377,20.7562,19.8237,20.5044,19.9344,20.8749,20.0037,20.4346,20.8961,20.9387,22.5423,19.724,19.7327,19.8093,20.7797,21.8814,19.7448,20.0577,20.226,20.2011,20.3606,19.9798,20.3177,20.3065,20.2693,21.5575,20.3191,20.3311,20.5728,21.025,22.5606,20.6087,20.322,20.5379,20.5046,21.1493,19.8419,20.4338,20.5631,21.0992,21.3816
725,4:25:55 PM,19.9768,20.0611,19.9635,20.2908,20.6298,20.4883,20.1832,20.6215,20.993,20.7688,20.5049,20.6099,20.2745,20.5148,20.7711,20.7635,20.8747,20.7061,21.032,21.6425,20.6848,20.5724,20.7536,20.3749,20.7684,19.9412,20.1769,19.8415,20.0523,20.1951,20.5959,20.3714,20.6818,20.8449,21.3529,20.7246,20.654,20.8924,20.7884,21.0829,20.8748,20.8757,20.8202,21.4176,21.5938,21.0635,21.0132,21.125,20.5258,21.0706,20.1648,19.5538,19.9632,19.891,20.8009,20.0887,20.4515,20.6558,20.9951,20.8751,20.432,20.2801,20.4884,20.9489,21.5456,20.6082,20.395,20.1587,20.9107,21.4591,19.7374,20.5206,20.7007,20.736,20.9618,19.762,19.8808,19.9466,20.2483,20.9366,20.6514,19.8327,20.2288,19.6474,21.3601,20.0788,20.5569,20.947,21.2724,22.7984,19.6044,19.5677,19.7404,20.5573,21.9208,19.6639,19.8558,19.643,20.168,20.2281,20.2676,20.3459,20.4435,20.3879,21.4204,20.2034,20.4802,20.6233,21.3244,22.0198,20.4125,20.1569,20.7643,20.4815,20.9537,19.889,20.3338,20.4755,21.0471,21.4347
726,4:26:15 PM,20.0197,20.0513,19.9746,20.3086,20.3334,20.4158,20.0648,20.6758,20.7043,20.3603,20.5545,20.6607,20.2522,20.5418,20.7815,20.5424,20.8562,20.8546,20.8847,21.5394,20.6455,20.5214,20.7035,20.4946,20.8047,19.7917,20.0282,19.765,20.0405,20.3645,20.7348,20.5196,20.8499,21.0839,21.2476,20.7022,20.7466,20.658,21.157,21.231,20.8009,20.7809,20.8815,21.3182,21.6008,20.8082,21.1628,21.2097,20.8423,21.1527,19.9367,19.6818,19.8351,20.0054,20.6234,20.0749,20.6076,20.6409,20.9803,21.2605,20.2637,20.3766,20.3821,20.8483,21.8051,20.7175,20.3338,20.2339,20.7318,21.2661,20.1276,20.6826,21.0182,20.7311,20.8461,19.6916,19.8305,20.0841,20.4582,20.7355,20.4641,19.6761,20.257,19.8176,21.0406,19.8843,20.2614,20.9006,21.1302,22.5314,19.7702,19.803,20.036,20.6733,21.9393,19.9672,20.1326,20.4134,20.1468,20.2706,20.1221,20.0258,20.5125,20.3526,21.0005,20.1725,20.3182,20.7055,21.0836,22.5017,20.6579,20.3604,20.6536,20.4313,21.3093,19.8316,20.1757,20.5111,20.8541,21.2914
727,4:26:35 PM,19.8602,20.0813,19.9615,20.353,20.3633,20.4216,20.5361,20.469,20.5534,20.551,20.6374,20.4401,20.4986,20.3768,21.0203,20.6133,20.8837,20.8952,21.046,21.4388,20.7869,20.8473,20.6516,20.4568,20.6896,19.8856,20.2838,19.9011,20.3056,20.3425,20.511,20.4705,20.8944,20.7939,21.3952,20.6752,20.9006,20.7326,20.8859,21.0131,20.6337,20.6281,20.8915,21.2341,21.8805,20.9853,21.1991,21.0855,20.6987,20.9652,19.7907,19.6033,20.0176,20.0874,20.9398,20.0831,20.5872,20.6401,20.9143,21.1969,20.5629,20.5523,20.3721,21.0176,21.6924,20.9002,20.3175,20.0958,20.6474,21.4417,20.4293,20.4648,20.7667,20.3489,21.3638,19.8666,19.8661,19.972,20.3664,20.6236,20.6873,19.8496,20.396,19.8459,21.1805,19.9616,20.2147,20.6799,21.0828,22.3593,19.6452,19.7124,19.6181,20.6686,21.5947,19.8797,19.7814,20.0542,20.3523,20.2342,20.2201,20.1094,20.3626,20.5433,21.5186,20.0969,20.349,20.5862,21.2502,23.0085,20.3621,20.331,20.426,20.504,20.8738,19.9954,20.4417,20.442,20.9996,21.3247
728,4:26:55 PM,19.9368,19.9102,19.7085,20.2776,20.6468,20.5155,20.2126,20.5902,21.0355,20.736,20.7662,20.5328,20.3977,20.5242,20.8666,20.6929,20.5973,20.5456,21.0601,21.5911,20.9748,20.9411,20.7013,20.3334,21.0253,19.8782,20.2957,20.0682,20.0236,20.2917,20.6624,20.5403,20.7089,20.8683,21.637,20.7752,20.785,20.6627,20.6581,21.1189,20.9321,21.0138,20.9781,21.3649,21.5597,21.0422,21.155,21.1327,20.7373,21.0204,20.0286,19.7811,20.0728,19.9801,20.7528,19.8982,20.4356,20.8037,20.9755,21.1271,20.5442,20.6045,20.4079,20.9336,21.7764,20.6529,20.5065,20.1308,20.7027,21.7369,20.3629,20.602,20.7152,20.6554,20.9027,19.5706,19.8,19.8223,20.3224,20.8848,20.6895,19.746,20.3215,19.8793,21.0725,19.8824,20.1984,20.6242,20.7965,22.2768,19.8762,19.8185,19.9953,20.5582,21.9611,20.1213,20.0377,20.3637,20.3328,20.1656,20.039,20.1981,20.4979,20.3567,21.0558,20.1233,20.4291,20.7008,21.1002,23.131,20.4517,20.2077,20.5327,20.6965,20.689,19.7958,20.3791,20.3575,20.6653,21.4079
729,4:27:15 PM,19.8943,19.8767,19.9604,20.3452,20.5708,20.5015,20.4061,20.7269,20.8028,20.6798,20.6498,20.4074,20.23,20.3788,21.075,20.6126,20.7393,20.7663,20.7807,21.421,20.7236,20.7486,20.7737,20.5411,20.8669,19.8734,20.1895,20.0566,20.1584,20.2322,20.701,20.3054,21.0035,21.0173,21.3647,20.5476,20.7241,20.6181,20.6594,20.7214,20.7178,20.5117,20.8758,21.2153,21.5104,20.8375,21.3312,21.1669,20.6655,21.1701,20.0247,19.7013,19.8998,19.8011,20.6403,19.8651,20.3791,20.7255,21.0574,20.7826,20.3368,20.494,20.3797,20.8998,21.6471,20.7476,20.4244,20.0641,20.5483,21.3995,20.1198,20.5835,20.7318,20.7178,20.9476,19.7541,19.6214,19.8191,20.377,20.7024,20.7102,19.7455,20.3803,19.7583,21.3883,19.9231,20.3775,20.6906,20.8785,22.1073,19.7479,19.7701,19.8783,21.071,21.9747,19.9569,20.0441,19.8679,19.9369,20.2699,20.0389,20.0099,20.4822,20.4593,22.2329,20.0116,20.4348,20.715,22.008,23.239,20.6563,20.2698,20.641,20.6864,21.253,19.7845,20.5716,20.6246,20.8999,21.4579
730,4:27:35 PM,19.803,19.9197,19.9582,20.3365,20.7481,20.3337,20.2487,20.6824,20.8221,20.7808,20.479,20.6504,20.4106,20.5004,20.6495,20.4482,20.7906,20.9323,21.0165,21.6514,20.7974,20.8313,20.7975,20.5867,20.8526,19.8391,20.1713,19.7243,19.9993,20.171,20.7622,20.2623,20.9777,20.7742,21.2934,20.565,20.7426,20.6498,20.7207,20.6253,20.7264,20.6704,20.9487,21.4687,21.6448,20.9533,21.0735,21.1187,20.7329,20.856,19.7556,19.6822,19.8617,20.1603,20.6974,19.9572,20.2606,20.8171,20.9702,21.3296,20.6409,20.4177,20.2328,20.9119,21.8173,20.6226,20.4321,20.1055,20.6589,21.4888,20.0592,20.4722,20.928,20.7725,20.8944,19.921,19.7296,19.9108,20.2875,20.8733,20.4749,19.7331,19.9988,19.7641,21.204,20.0364,20.3897,20.6138,20.8296,21.9313,19.6269,19.8643,19.8412,20.8232,22.0668,19.697,20.0267,20.0177,19.8672,20.2763,19.967,20.2525,20.507,20.4726,21.4798,19.9975,20.4286,20.5301,21.2276,22.8974,20.2222,20.3639,20.6018,20.4,20.6233,20.1254,20.3231,20.6535,20.9114,21.3695
731,4:27:55 PM,19.9519,19.8476,19.6743,20.1898,20.5376,20.6028,20.23,20.8337,20.9309,20.9183,20.4846,20.3502,20.3555,20.5108,20.7227,20.56,20.788,20.9149,21.0794,21.5635,20.8633,20.5981,20.8677,20.663,21.1328,19.8568,20.2919,19.7769,20.0387,20.5118,20.9753,20.3807,21.0903,20.7825,21.508,20.6868,20.5929,20.8086,20.9207,20.7871,20.7988,20.6577,20.9014,21.2826,21.7428,21.0712,21.124,21.1016,20.6687,20.921,19.7376,19.4893,19.6451,19.8452,20.6558,19.8011,20.3814,20.773,21.0216,21.0665,20.5282,20.3239,20.3743,20.8735,21.7654,20.5941,20.3842,20.0008,20.6626,21.7234,20.2316,20.5757,20.8372,20.5411,20.8725,19.763,19.6513,19.8794,20.2449,20.8672,20.5747,19.7055,19.8567,19.7973,20.9575,19.9457,20.2324,20.8866,21.0779,22.4738,19.538,19.8232,19.5633,20.7774,21.8483,19.9287,20.153,20.1781,19.8734,20.7097,20.1013,20.045,20.3228,20.4951,21.3047,19.8543,20.3053,20.7069,21.2419,22.9775,20.4531,20.4466,20.6998,20.6104,20.8483,19.8036,20.3952,20.184,20.9143,21.4175
732,4:28:15 PM,19.9213,19.9298,19.7565,20.2029,20.6348,20.3769,20.4056,20.7671,20.9599,20.9291,20.6214,20.4252,20.2913,20.7116,20.818,20.6239,20.7441,21.0501,21.0456,21.4558,20.8319,20.7942,20.6733,20.5193,21.1819,19.8256,20.0668,19.9837,20.0681,20.3338,20.6138,20.4239,21.1036,20.9829,21.4938,20.7882,20.6633,20.7544,20.7484,21.2918,20.8574,20.9143,20.8791,21.5492,21.6377,21.0356,21.2173,21.0234,20.7354,21.1507,19.8159,19.7678,19.9436,20.0377,20.71,19.9471,20.4871,20.8674,20.9135,21.0304,20.3155,20.4981,20.3167,20.9944,21.842,20.6269,20.4252,20.2761,20.7605,21.5919,20.3064,20.813,20.8072,20.871,20.8991,19.7087,19.6338,19.9681,20.3115,20.8489,20.7456,19.8099,20.3182,19.5192,21.1304,19.9782,20.3904,20.7689,21.0425,22.4441,19.6131,19.655,19.8934,20.6391,22.0899,19.8948,19.9695,20.492,20.1716,19.9743,20.1984,20.0692,20.275,20.3462,21.7781,19.8393,20.3475,20.6451,21.1463,22.4372,20.5992,20.379,20.6181,20.6265,20.5965,19.8982,20.3301,20.6037,20.8755,21.3171
733,4:28:35 PM,19.8142,19.8533,20.018,20.1804,20.7122,20.5496,20.2843,20.7843,20.7837,20.7895,20.4278,20.2541,20.179,20.5721,20.8555,20.8742,21.0587,20.9032,20.9543,21.4278,20.6414,20.7103,20.926,20.6999,21.004,19.8468,20.1649,20.0897,20.2321,20.5435,20.639,20.4649,20.9722,21.0573,21.5597,20.7126,20.8215,20.6706,21.079,21.0695,20.7896,20.9124,20.9165,21.3287,21.6098,20.8622,21.1101,21.0049,20.721,21.1286,19.8558,19.6507,19.6977,19.8677,20.9267,20.2829,20.3703,20.7628,20.9376,21.219,20.3844,20.5262,20.6125,20.9114,21.8135,20.4437,20.4883,20.0478,20.7782,21.3612,20.3206,20.7581,20.8939,20.7383,21.0503,19.7225,19.6376,19.8874,20.3312,20.8427,20.6529,19.8138,20.3209,19.6484,21.0377,20.1081,20.3077,20.5874,20.9264,21.8627,19.8792,19.8732,20.2448,20.6011,22.0347,19.9242,19.9796,19.96,19.8232,20.324,20.2433,20.0607,20.5445,20.3934,20.9283,20.0153,20.1862,20.4827,20.9977,22.4211,20.3291,20.4205,20.6863,20.6371,20.899,19.8729,20.2205,20.3019,20.9662,21.1838
734,4:28:55 PM,19.8508,20.0202,19.9886,20.3073,20.5395,20.4389,20.3956,20.7045,20.8793,20.7307,20.6353,20.521,20.484,20.5127,20.8146,20.845,20.8706,20.7571,21.0289,21.6429,20.8582,20.7924,20.5347,20.3564,21.0571,19.8555,20.2211,20.2029,20.4321,20.3215,20.595,20.5209,20.9587,21.1363,21.641,20.5287,20.6244,20.6633,20.5199,20.639,20.5688,20.7694,21.1943,21.1683,21.7765,20.8986,21.0574,21.0114,20.8462,21.1304,19.9165,19.691,20.0914,20.1026,20.8542,20.3082,20.4174,20.9746,20.9484,21.1055,20.704,20.4169,20.2103,21.0972,21.8481,20.6764,20.4059,19.9518,20.7468,21.5203,20.1106,20.5583,20.7558,20.6622,20.7495,19.827,19.7848,19.9348,20.1173,21.1906,20.7248,19.7438,20.3438,19.8836,21.0045,19.9168,20.3418,20.8326,21.1015,22.3532,19.7033,19.7632,19.8342,20.7953,22.2121,19.9393,20.1289,20.1273,20.3805,20.5836,20.3114,20.2322,20.3151,20.2994,21.1969,19.9498,20.4543,20.6067,21.1925,22.7242,20.3524,20.3371,20.6191,20.8437,20.8887,19.9979,20.3162,20.6332,20.9668,21.2792
735,4:29:15 PM,19.8811,19.9559,19.9233,20.1119,20.7626,20.5395,20.3665,20.6516,20.8845,20.6649,20.6263,20.2711,20.4132,20.4107,20.6102,20.6345,20.7966,20.8039,21.082,21.4056,20.899,20.6384,20.7935,20.2855,21.0096,19.9737,20.2599,20.0414,20.3099,20.4963,20.793,20.5664,21.0659,20.9734,21.3774,20.6342,20.5801,20.5485,20.6257,20.4172,20.9815,20.703,20.9077,21.1806,21.7025,21.0286,21.0895,20.9957,20.61,21.2449,19.8962,19.7703,20.0178,19.7665,20.7055,20.1811,20.4724,20.8789,21.1202,20.9943,20.5946,20.5804,20.4081,20.9572,21.8508,20.7933,20.3533,19.977,20.5349,21.409,20.101,20.6454,20.8175,20.703,20.8295,19.7098,19.7421,20.1577,20.2602,20.7927,20.7811,19.7067,20.3993,19.6746,20.9835,20.0262,20.3489,21.0932,21.7082,22.5909,19.6143,19.6485,19.5451,20.5371,21.9665,19.851,19.8814,20.4688,20.2873,20.0053,20.241,19.9756,20.4884,20.5863,21.6933,20.4542,20.4458,20.6386,21.2703,22.8205,20.4068,20.441,20.8162,20.6266,20.5263,19.9975,20.0372,20.3291,21.0348,21.512
736,4:29:35 PM,19.9524,19.9843,19.9189,20.29,20.4581,20.4665,20.5409,20.892,20.9876,20.7123,20.4289,20.5236,20.3406,20.4097,20.7676,20.6501,20.8166,20.7702,20.8586,21.6886,20.7652,20.7093,20.5289,20.2769,21.0369,20.0021,20.267,19.9677,20.0107,20.4142,20.9217,20.398,21.0664,21.0519,21.5067,20.6722,20.6734,20.6843,20.4901,20.9188,20.8103,20.7376,20.917,21.1684,21.2788,21.0597,21.1184,21.2441,20.7396,21.1453,19.8507,19.7204,19.8854,20.1908,20.7977,20.343,20.4637,20.9453,21.0402,21.5435,20.3923,20.5586,20.1564,20.4334,21.5862,20.5438,20.4944,19.9526,20.3744,21.5158,20.2641,20.6514,20.896,20.7972,20.9177,19.651,19.8138,19.9668,20.3844,20.7521,20.6888,19.5823,20.488,19.6344,20.8388,19.9269,20.3493,21.1152,21.5893,22.5041,19.6961,19.7764,19.5626,20.797,22.103,19.895,19.8636,20.1762,20.2502,20.0665,20.3745,20.2944,20.379,20.4631,22.33,20.19,20.3698,20.6806,21.0771,22.6693,20.3354,20.3146,20.6344,20.6283,20.8762,19.8422,20.5519,20.2453,21.0333,21.2584
737,4:29:55 PM,20.1286,20.3264,19.8913,20.1608,20.5257,20.4059,20.1739,20.6201,20.909,20.9476,20.6015,20.5134,20.3235,20.3493,20.7239,20.7497,20.7474,20.7176,21.0128,21.3305,20.7353,20.2943,20.7103,20.3645,20.9871,20.0421,20.3417,20.0352,19.9827,20.441,21.0454,20.5516,20.8821,20.8942,21.4501,20.7473,20.5579,20.4888,20.7089,20.7679,20.859,20.8183,20.999,21.5851,21.8424,20.9094,21.1332,21.0777,20.6228,21.1096,20.0914,19.6793,20.0464,20.0523,20.624,20.4994,20.4464,20.6766,21.2209,20.8033,20.5551,20.5697,20.4383,20.7812,22.0661,20.5805,20.397,20.117,20.7071,21.5593,20.3509,20.3129,20.6651,20.5384,20.926,19.7726,19.6859,20.0762,20.2778,20.7783,20.561,19.9634,20.3306,19.7946,20.6697,20.0543,20.5169,21.0809,21.5482,22.4113,19.5323,19.6592,19.4958,20.7113,21.905,19.9681,19.8832,20.2833,20.246,20.0835,20.273,20.2356,20.4362,20.4889,21.8095,20.3444,20.3761,20.6421,21.1987,22.6787,20.556,20.5058,20.5589,20.6496,20.8642,19.903,20.4883,20.5102,21.132,21.5383
738,4:30:15 PM,20.0125,20.0582,20.023,20.293,20.5408,20.6352,20.3474,20.7246,20.9696,21.0346,20.6289,20.3358,20.2516,20.9322,20.6315,20.4314,20.7094,20.9884,20.8885,21.5725,20.7221,20.4172,20.4666,20.5628,20.8509,19.9997,20.2398,19.701,20.1076,20.4031,20.7609,20.6041,20.8833,20.987,21.6224,20.7272,20.5996,20.5963,20.8053,20.9441,20.8252,20.8125,20.8843,21.2057,21.5531,20.999,21.1071,21.1221,20.6403,21.1455,20.0233,19.698,19.9232,19.9253,20.86,20.1433,20.4576,20.8413,21.013,20.7162,20.4631,20.4653,20.4776,21.0157,21.6138,20.5878,20.5269,20.1925,20.6823,21.4646,20.1099,20.5114,20.6846,20.6925,21.1787,19.7813,19.8406,20.0421,20.3849,20.7466,20.6888,19.7866,20.3576,19.8838,20.8256,19.8613,20.4264,20.7727,21.2904,22.3206,19.5914,19.5488,19.6093,20.7631,21.797,19.8922,19.8946,19.8953,20.3071,20.1549,19.9828,20.2745,20.3909,20.4462,21.6363,20.325,20.3091,20.5941,21.3702,23.1362,20.4573,20.6112,20.6244,20.6504,20.8713,20.0349,20.4044,20.6573,21.0539,21.4348
739,4:30:35 PM,20.1001,20.2144,20.0604,20.2834,20.6528,20.3977,20.2562,20.5611,20.9248,20.9205,20.5338,20.3989,20.4599,20.5944,20.8722,20.5966,20.7279,20.8035,20.9628,21.6889,20.7889,20.4429,20.7885,20.5456,21.1089,20.2691,20.4208,19.8863,19.9877,20.4367,20.7105,20.5018,20.8302,20.8628,21.5176,20.763,20.6151,20.7832,20.691,20.8521,20.8358,20.7695,20.8835,21.4278,21.5884,20.8251,21.0732,20.9861,20.6726,20.981,20.0389,19.5856,19.9948,19.9308,20.6885,20.1169,20.4212,20.8728,21.0649,21.1529,20.337,20.384,20.2962,20.967,21.6308,20.4387,20.4316,20.0549,20.5303,21.3624,20.261,20.2499,20.7486,20.6583,20.8219,19.7572,19.5297,20.037,20.3325,20.8576,20.6058,19.6787,20.5251,19.7256,20.7372,20.1105,20.4735,21.0779,21.3716,22.2959,19.6253,19.7383,20.0627,20.6875,21.8214,19.9363,20.1957,20.1171,20.2211,20.4015,20.0919,20.0719,20.4031,20.3137,21.7328,20.1955,20.3977,20.7738,21.013,22.9978,20.7023,20.4938,20.4265,20.4334,20.9801,19.753,20.3632,20.4685,20.8323,21.5368
740,4:30:55 PM,19.845,19.9724,19.9877,20.2514,20.5129,20.5637,20.4127,20.6887,20.8876,20.877,20.4346,20.5899,20.1705,20.7378,20.7863,20.7178,20.7601,20.7419,20.9401,21.3867,20.896,20.8147,20.7796,20.506,20.873,19.8262,20.1524,19.7543,20.137,20.3855,20.524,20.5756,20.8946,21.1395,21.3367,20.499,20.7865,20.7143,20.962,20.9627,21.0392,20.6934,20.8872,21.2094,21.562,20.7921,21.2149,21.1274,20.781,21.0187,19.9927,19.6681,19.8763,19.7813,20.7155,20.0738,20.4803,20.7201,20.967,20.5903,20.5265,20.4726,20.3627,20.8521,21.5211,21.0548,20.2983,20.0525,20.6676,21.4813,20.2922,20.6361,20.8199,20.8582,20.7295,19.6009,19.836,19.8655,20.2436,20.9978,20.7639,19.8124,20.2328,19.6091,21.0648,20.0048,20.298,20.9036,20.8857,22.7062,19.6608,19.7883,19.7468,20.9077,22.0791,19.9318,20.3476,20.3134,20.2362,20.0858,19.9816,20.1346,20.2022,20.0826,21.3322,19.9891,20.3735,20.7452,21.2627,23.0169,20.3731,20.447,20.3771,20.6742,21.3292,19.9522,20.2674,20.2507,20.8244,21.5538
741,4:31:15 PM,19.9745,19.6361,20.0861,20.4452,20.452,20.4654,20.4108,20.578,20.8233,20.7835,20.7874,20.447,20.309,20.3334,20.7704,20.5591,20.8371,20.831,20.8987,21.4265,20.7661,20.76,20.6998,20.6528,20.9679,20.0462,20.1779,20.16,20.2637,20.4498,20.5101,20.8216,20.8751,21.1406,21.3439,20.6563,20.7849,20.7543,20.8081,20.9547,20.7506,20.9982,20.9444,21.3478,21.5997,21.0897,21.3353,21.1818,20.7474,20.9436,19.8834,19.4488,19.9713,20.0762,20.6757,19.8008,20.4022,20.8039,20.8214,20.9909,20.4578,20.3228,20.502,20.6743,21.5818,20.741,20.3,20.0273,20.797,21.7031,20.1309,20.6552,20.8013,20.771,20.9429,19.6774,19.8569,20.0422,20.3988,20.7741,20.5947,19.8018,19.9729,19.607,20.7646,20.0254,20.5113,20.7584,20.9863,22.298,19.5889,19.591,19.9603,21.0857,22.0621,19.7904,20.1747,20.3443,20.294,20.9653,20.1498,20.1098,20.386,20.4003,21.1874,20.0734,20.343,20.873,21.2102,22.778,20.3749,20.0873,20.386,20.6957,21.2208,19.9674,20.328,20.5439,21.1586,21.522
742,4:31:35 PM,19.9788,19.876,20.0403,20.1807,20.5699,20.2234,20.3521,20.7018,21.0117,20.8436,20.7386,20.4493,20.3115,20.4405,20.7681,20.435,20.9747,20.7632,21.0825,21.5147,20.8116,20.7722,20.7572,20.6969,20.9731,19.9463,20.134,19.7428,20.0935,20.3231,20.9096,20.4321,20.8394,21.3782,21.4474,20.7824,20.7258,20.5984,20.8179,21.1948,20.7086,20.7931,20.9615,21.1319,21.5581,20.9625,21.019,21.0108,20.7883,21.0338,19.8871,19.6732,19.862,20.1248,20.6371,20.0918,20.351,20.9239,21.0221,21.136,20.3605,20.4785,20.4117,20.8915,21.7033,20.6657,20.5301,19.9932,20.6583,21.4744,20.1469,20.4918,20.8177,20.6106,20.6862,19.698,19.6738,20.0037,20.2619,20.653,20.4636,19.8052,20.4784,19.6514,20.7702,20.2329,20.307,21.0685,21.2856,22.3512,19.437,19.743,20.0367,20.8235,22.195,19.7244,19.9626,20.386,20.1869,20.6362,20.159,20.0066,20.2955,20.2557,21.7123,19.9578,20.34,20.5791,21.0373,22.9198,20.35,20.353,20.7163,20.6782,21.0627,19.8594,20.4924,20.3749,21.0401,21.4676
743,4:31:55 PM,19.9552,19.9765,19.9097,20.3452,20.4576,20.543,20.2306,20.7519,20.9665,20.9723,20.5886,20.4451,20.3163,20.2873,20.5882,20.7247,20.8633,21.058,21.1178,21.3551,20.7319,20.4896,20.6773,20.5223,20.9867,20.0132,20.0647,20.0326,20.3253,20.5139,20.705,20.6341,21.0406,21.0525,21.4405,20.7191,20.5829,20.5695,20.3391,21.1327,20.713,20.9136,21.0769,21.3273,21.5909,20.9313,21.0348,20.904,20.8451,21.1625,20.0257,19.8573,19.9684,20.1213,20.7062,20.1734,20.559,20.7318,21.1358,21.0355,20.4386,20.417,20.4244,20.9811,21.7103,20.8179,20.5269,20.0706,20.6878,21.2771,20.32,20.4623,21.0431,20.6792,20.6899,19.9527,19.799,20.0036,20.4156,20.9414,20.413,19.9453,20.3016,19.8946,21.0318,20.2039,20.2863,20.9451,21.2382,22.1227,19.6435,19.7708,19.8946,20.659,22.1222,19.8636,19.8764,20.3332,20.3215,20.3818,19.9279,20.1738,20.4836,20.2498,21.3481,20.0956,20.44,20.6072,21.2853,22.5516,20.4621,20.3097,20.6367,21.0308,21.63,20.2323,20.3484,20.6103,20.799,21.5063
744,4:32:15 PM,20.0549,20.0219,20.0091,20.2266,20.5816,20.6092,20.4305,20.7709,20.9298,20.9461,20.4989,20.3676,20.3889,20.2968,20.714,20.7686,20.9572,20.6865,20.9175,21.6856,20.605,20.5804,20.6052,20.4508,20.8475,19.7991,20.2931,20.08,20.1586,20.5007,20.6905,20.7064,20.9086,20.9414,21.3557,20.6013,20.5805,20.8776,20.6876,20.7554,20.7018,20.8605,20.8049,21.1496,21.5111,21.1526,21.1858,21.2596,20.7635,20.9425,20.0222,19.7613,19.9577,19.7666,20.6813,20.1981,20.4819,20.8669,21.0083,21.2555,20.4128,20.4518,20.5667,20.792,21.6529,20.6585,20.3581,20.0431,20.559,21.4035,20.2155,20.4957,20.8765,20.605,20.8827,19.8436,19.8808,20.0706,20.2727,20.9208,20.5287,19.9252,20.3757,20.074,20.7775,20.0891,20.3629,21.021,21.4922,22.6095,19.6114,19.7005,19.6755,20.4318,22.0356,19.9116,19.9872,20.0307,20.2121,20.0761,20.3216,20.2991,20.5524,20.5033,21.2555,20.0997,20.0377,20.6235,20.8618,22.8334,20.2568,20.0741,20.8459,20.7953,20.7387,19.6817,20.3385,20.598,20.8642,21.6111
745,4:32:35 PM,20.1362,19.9841,20.0335,20.3867,20.6504,20.5219,20.3777,20.8517,20.8874,20.888,20.5958,20.3667,20.3975,20.4507,20.7568,20.5581,20.9009,20.8184,21.0029,21.4785,20.7778,20.5247,20.7727,20.5016,20.7782,20.0438,20.4578,19.9743,20.1382,20.6121,20.8888,20.4967,21.066,20.7881,21.5412,20.8705,20.7623,20.868,21.0667,21.2675,20.8544,20.7386,20.8684,21.5785,21.7159,21.1131,20.889,21.1877,20.8577,21.0799,19.8601,19.7343,20.1155,20.0786,20.6602,20.2227,20.5502,20.9639,21.18,21.1727,20.4579,20.5733,20.2408,21.0463,21.6405,20.4491,20.4346,20.0943,20.7385,21.3466,20.1137,20.5351,20.7757,20.7806,21.0691,19.979,19.7884,19.9925,20.4713,20.7358,20.7349,19.986,20.7288,19.8137,21.1488,20.1047,20.2673,20.859,21.1977,22.6921,19.6575,19.7255,19.5596,20.5813,21.8947,19.9193,19.9441,20.1627,20.1798,20.2331,20.2883,20.2124,20.5229,20.5957,21.8547,19.9378,20.4363,20.7504,21.2625,23.0672,20.3367,20.1272,20.8903,20.6555,21.2255,19.9698,20.4041,20.6598,20.8635,21.2177
746,4:32:55 PM,20.0016,20.0537,19.9374,20.2375,20.6085,20.3028,20.3602,20.8,20.8828,21.0175,20.7557,20.5963,20.4887,20.5042,20.9129,20.4893,20.5934,20.8315,20.9674,21.4758,20.7397,20.5706,20.6222,20.4262,21.1171,19.8257,19.9104,20.0307,20.0681,20.2866,21.0108,20.5652,21.0054,20.8838,21.4672,20.6861,20.6592,20.7296,20.9846,20.8929,20.8491,20.7365,21.0373,21.3299,21.5255,20.9904,21.1363,21.0385,20.7544,20.9227,20.102,19.6824,19.8787,19.9558,20.7571,20.0781,20.2276,20.6825,21.1053,20.8498,20.4377,20.4164,20.266,20.853,21.792,20.5393,20.2861,20.1616,20.4271,21.4717,20.3048,20.7137,20.7276,20.7158,21.1985,19.7638,19.876,19.9499,20.3819,20.9811,20.6215,20.0216,20.4111,19.4091,20.9951,20.0846,20.2402,20.9147,21.1112,22.2919,19.566,19.7098,19.807,20.5482,22.0947,19.8966,20.0345,20.2397,20.152,20.4571,20.1173,20.1016,20.3545,20.3466,21.2544,20.1337,20.4125,20.6677,20.9075,22.6502,20.5364,20.317,20.5729,20.7565,21.1776,19.7018,20.2065,20.4852,20.782,21.1762
747,4:33:15 PM,20.0279,19.8757,20.0077,20.0039,20.4234,20.4244,20.4026,20.5434,20.7792,20.8496,20.694,20.5089,20.3851,20.2676,20.7162,20.535,20.9795,20.9221,21.1204,21.5973,20.9554,20.941,20.6371,20.2708,20.9719,19.7632,20.2401,19.88,20.1013,20.4384,20.8528,20.4083,20.9644,21.1526,21.5723,20.6183,20.6692,20.7213,20.5599,20.6836,20.5975,20.8182,20.8175,21.273,21.491,20.9626,20.9375,21.0253,20.8422,21.169,19.8788,19.6139,20.0937,19.8592,20.8124,20.1701,20.3889,20.7348,21.1749,20.7914,20.3837,20.4272,20.3882,20.9805,21.8713,20.7971,20.4522,20.1454,20.6574,21.3776,20.4698,20.6508,20.8212,20.7017,20.7966,19.5855,19.6667,19.9781,20.1489,20.8855,20.7961,19.9867,20.4664,19.7224,21.2497,19.9729,20.3039,20.8841,21.1711,22.9667,19.866,19.4819,20.1499,20.9505,21.9524,19.8664,20.0172,19.9913,20.0584,19.9437,20.281,20.0785,20.092,20.3952,20.9147,19.8588,20.2093,20.615,21.1114,23.1488,20.37,20.1988,20.5476,20.7026,20.8719,20.0041,20.3524,20.5678,20.9448,21.4265
748,4:33:35 PM,19.8396,19.9056,19.982,20.0892,20.5113,20.4484,20.1894,20.5421,20.7212,20.8192,20.5932,20.4272,20.4321,20.6701,20.7334,20.6795,20.9951,20.8287,20.7976,21.3348,21.1382,20.8379,20.6831,20.534,20.8295,20.0011,20.1841,19.82,19.9453,20.4131,20.8209,20.522,20.7158,20.8998,21.395,20.7416,20.6322,20.7897,20.9954,20.7286,20.7658,20.8199,20.6194,21.1885,21.6813,20.9783,21.1145,21.0752,20.6544,21.2213,19.8968,19.7684,19.9665,20.0814,20.6757,20.1421,20.3846,20.8637,21.0693,20.9236,20.5082,20.4585,20.4593,20.8791,21.4963,20.6858,20.4106,20.0093,20.6391,21.5426,20.3527,20.6023,20.9338,20.692,20.8971,19.8203,19.583,19.953,20.2715,20.8151,20.6953,19.8953,20.3898,19.8069,21.3656,19.9103,20.3554,20.8021,20.8443,22.9459,19.5524,19.8133,19.834,21.0689,22.2395,19.787,19.8909,20.3135,20.2719,20.2857,19.899,20.2792,20.2218,20.3875,21.3168,19.92,20.3044,20.5095,20.7925,22.4674,20.3003,20.1467,20.3526,20.4222,20.9046,19.6352,20.5202,20.5182,20.9103,21.3173
749,4:33:55 PM,19.9338,19.8696,19.9477,20.244,20.4774,20.5169,20.3587,20.6074,20.857,20.7474,20.7234,20.8013,20.3735,20.5079,20.7163,20.5318,20.7756,20.7663,20.8643,21.5303,20.6613,20.7829,20.9056,20.7168,21.1712,20.0498,20.2611,20.2126,20.0379,20.3794,20.5768,20.3067,20.8645,20.9957,21.3793,20.7645,20.5795,20.5611,20.5773,20.7819,20.8319,20.7799,20.9249,21.4642,21.5113,21.0796,21.0999,21.125,20.615,21.1038,19.796,19.7507,19.8577,19.9496,20.6908,20.2214,20.5448,20.8956,21.1406,21.2474,20.2698,20.5599,20.3119,20.9136,21.4317,20.7821,20.2321,20.1262,20.5842,21.6385,20.2,20.5602,20.8502,21.0044,20.8539,19.4721,19.6608,19.9595,20.4779,20.7785,20.8379,19.8875,20.5514,19.7688,21.3668,20.0421,20.0402,20.8284,20.5872,22.0647,19.6877,19.6166,19.6885,21.0078,22.2359,19.9908,20.2545,20.2205,20.2105,20.196,20.1195,20.3967,20.3567,20.4296,21.5145,20.055,20.2495,20.5916,21.3634,22.8482,20.6205,20.0775,20.6635,20.5935,21.1271,19.787,20.3266,20.7594,21.0756,21.4408
750,4:34:15 PM,19.616,19.9596,19.7984,20.2036,20.5842,20.4713,20.5177,20.8269,20.9282,20.5241,20.5979,20.3479,20.2893,20.5812,20.5361,20.6723,21.0517,20.9283,21.04,21.4743,20.8268,20.8223,20.7464,20.5042,20.9911,19.6396,19.9824,19.7937,20.0375,20.3749,20.71,20.6784,20.7819,20.6822,21.3003,20.7444,20.6823,20.8588,20.8035,20.8857,20.7505,20.8197,21.1452,21.2569,21.5007,20.779,21.1903,21.1499,20.9237,20.9891,19.7592,19.4538,19.9293,20.0404,20.7412,19.6951,20.5336,20.7718,21.0258,20.9495,20.4912,20.6263,20.2173,20.9272,21.5198,20.7025,20.2324,20.389,20.6975,21.3128,20.5636,20.9062,20.8934,20.9293,20.7777,19.5279,19.755,19.8785,20.5046,20.7327,20.7147,19.4422,19.7139,19.5108,21.073,19.788,20.0697,20.708,20.8524,22.7141,19.5014,19.7971,20.1023,20.8006,22.2411,19.9472,20.1637,20.3789,20.007,21.0607,20.0022,20.084,20.5097,20.2265,21.1714,19.8984,20.1834,20.4736,21.3606,23.3192,20.3359,20.3028,20.5664,20.6036,20.671,19.8913,20.3636,20.3883,21.1615,21.4577
751,4:34:35 PM,19.7937,19.7625,19.982,20.1773,20.6663,20.3901,20.5065,20.7301,20.9739,20.9456,20.4986,20.4281,20.2359,20.4074,20.6645,20.8891,20.7424,20.9067,20.9298,21.5987,21.0275,20.8467,20.7129,20.4025,20.9675,20.0101,20.113,20.074,20.1292,20.2678,20.6075,20.5812,20.8246,21.1209,21.3746,20.7045,20.6635,20.7243,20.6188,20.6923,20.6686,20.6281,21.0877,21.3975,21.5209,21.0357,21.1228,21.1213,20.7624,20.8217,19.6973,19.6636,19.9776,19.9049,20.6844,19.7792,20.4434,20.6611,20.8414,20.9297,20.6241,20.496,20.5062,20.7124,21.4627,20.6665,20.2526,20.1227,20.6888,21.6699,20.4199,20.6671,20.8232,20.7867,20.4914,19.6147,19.8223,20.1737,20.2287,20.7648,20.7019,19.6601,20.1868,19.7391,21.039,20.1277,20.2064,20.8901,21.0842,22.3377,19.5733,19.6376,19.783,20.4327,22.4845,20.0289,20.0609,20.2867,20.3819,20.0314,20.0257,20.0121,20.3008,20.3933,21.3132,19.9482,20.5262,20.5686,21.6219,22.82,20.4175,20.2224,20.704,20.6583,20.7127,19.8558,20.3789,20.3788,21.207,21.5732
752,4:34:55 PM,19.8621,19.7675,19.7024,20.2401,20.4424,20.4057,20.244,20.8098,21.0055,20.8787,20.3913,20.4963,20.3074,20.3696,20.6632,20.5719,20.7879,20.772,20.8157,21.1931,20.8964,20.9034,20.7615,20.5147,20.8962,19.8338,20.2443,20.0716,20.0405,20.4612,20.7332,20.5435,20.9235,20.9151,21.4044,20.5773,20.543,20.6724,20.5474,20.8955,20.7786,20.692,20.6463,21.3188,21.5587,21.1133,21.2881,20.9271,20.7036,21.2314,19.5556,19.5674,19.9551,19.8012,20.6316,20.2586,20.3887,20.9808,21.206,21.1753,20.635,20.5862,20.4239,20.9113,21.5478,20.7022,20.3111,19.8849,20.4619,21.4378,20.1884,20.7375,20.6549,20.8018,20.9551,19.6664,19.6468,20.0832,20.2241,20.8206,20.6691,19.6648,20.3618,19.9629,21.5318,19.8962,20.2906,21.1167,21.4955,22.4611,19.9053,19.6593,19.7895,20.6928,22.2458,19.8745,20.0953,20.1317,20.2689,20.9505,20.1873,20.1226,20.2927,20.2327,21.368,19.952,20.5122,20.6071,21.7006,22.9066,20.1402,20.062,20.6039,20.6816,21.0475,19.6992,20.5462,20.2483,21.0925,21.4698
753,4:35:15 PM,19.7339,19.8653,19.7854,20.2348,20.6681,20.3732,20.4829,20.6869,21.0171,20.95,20.4721,20.5441,20.4195,20.4477,20.486,20.7003,20.7567,20.8824,20.9604,21.394,20.9998,20.8154,20.6953,20.753,21.1441,19.8442,20.1131,20.0584,20.0027,20.43,20.8385,20.3947,21.0675,21.0638,21.3771,20.6212,20.7885,20.5634,20.4546,20.353,20.6215,20.673,21.0719,21.309,21.6393,20.9636,21.1341,21.1425,20.7143,20.9272,19.9695,19.4703,19.991,19.9319,20.7789,20.06,20.3413,20.9619,21.017,21.0121,20.3764,20.4038,20.2177,20.777,21.9687,20.6986,20.5419,20.1813,20.762,21.3963,20.5409,20.6968,20.8238,20.6417,20.7973,19.6124,19.7487,20.0149,20.3109,20.6737,20.6725,19.9058,20.2979,19.8623,21.2068,19.9605,20.1586,20.9602,21.0569,22.8609,19.5626,19.8127,19.8935,21.0892,22.1314,19.9977,20.0699,20.3017,20.13,20.198,20.2312,20.2844,20.4851,20.2539,21.5311,20.1637,20.359,20.6312,21.2038,22.9065,20.503,20.3384,20.7829,20.4588,20.5882,19.8774,20.4811,20.6496,21.0142,21.4383
754,4:35:35 PM,19.993,20.0785,19.8658,20.1932,20.6485,20.3991,20.4084,20.7071,20.7462,20.9713,20.4724,20.4442,20.2525,20.3733,20.4779,20.5769,20.7693,21.0218,21.0605,21.3204,21.0052,20.5793,20.7143,20.5588,20.9628,19.9997,19.9838,19.8282,20.0935,20.3065,20.9219,20.4669,20.9312,20.9821,21.5452,20.7468,20.7283,20.5414,20.5838,20.5249,20.7358,20.7367,20.8674,21.3169,21.7366,21.0692,21.1538,21.145,20.6837,21.2403,19.8553,19.6485,19.8459,19.8951,20.7462,20.1797,20.376,20.7756,20.9865,21.3868,20.5696,20.462,20.5563,20.5923,21.626,20.7405,20.2508,20.1753,20.7671,21.4014,20.7337,20.6129,20.9299,20.7134,21.0806,19.6967,19.6448,20.1083,20.3001,20.8719,20.7665,19.8149,20.4017,19.4262,21.0283,19.9971,20.2669,21.0403,20.9032,22.4802,19.7054,19.5214,19.9878,21.0371,22.2191,19.9897,20.1408,20.3597,20.1332,20.6202,19.946,20.1247,20.173,20.3316,20.9061,20.0624,20.1925,20.3551,20.8874,22.7094,20.5119,20.2174,20.5955,20.4893,21.0899,19.7858,20.4272,20.5803,21.0558,21.1972
755,4:35:55 PM,19.7777,19.8271,19.7754,20.1731,20.6342,20.4689,20.438,20.6119,20.9612,21.0314,20.6049,20.3802,20.2241,20.5902,20.4813,20.6809,20.9298,20.675,21.0091,21.2798,20.9375,20.8477,20.7626,20.3924,21.105,19.88,20.1004,19.9942,19.9688,20.129,20.7268,20.5317,21.1657,20.9448,21.3077,20.8069,20.7441,20.7704,20.5687,20.815,20.8204,20.7602,20.7121,21.2706,21.6915,20.9406,21.0673,21.2621,20.6411,21.0013,19.7138,19.5023,19.8868,19.939,20.6551,20.0715,20.3797,20.8593,21.0899,20.8318,20.4842,20.431,20.6238,20.8113,21.4543,21.0095,20.5458,20.0739,20.6056,21.5955,20.0705,20.5826,20.6679,20.8862,21.1516,19.7655,19.5917,20.0081,20.36,20.7711,20.779,19.8947,20.5024,20.0919,21.6791,19.9018,20.1767,20.823,20.9455,22.25,19.6206,19.8411,19.8246,20.717,22.3342,19.9551,19.8912,20.406,20.422,20.3512,19.9931,20.0,20.3051,20.2851,21.3202,19.9345,20.3238,20.4339,20.9577,22.6845,20.5335,20.1867,20.6538,20.6683,20.9804,19.7736,20.4191,20.6009,21.201,21.5328
756,4:36:15 PM,19.8425,19.9374,19.857,20.2298,20.4246,20.4141,20.2988,20.7767,20.9178,21.0194,20.3671,20.2743,20.3226,20.39,20.6171,20.5599,20.7938,20.8169,20.9388,21.391,20.8872,20.7397,20.8441,20.5004,21.0409,19.9371,20.1487,19.7572,20.0378,20.2126,20.6913,20.4336,21.0974,20.7407,21.4145,20.7553,20.52,20.7853,20.7047,20.6552,20.6036,21.0567,20.9778,21.3394,21.5328,21.0446,21.2892,20.8074,20.7944,20.9353,19.9736,19.6175,20.0289,19.9562,20.6947,20.053,20.3818,20.7811,21.1291,21.4385,20.2998,20.5655,20.2141,20.8829,21.586,20.5012,20.2384,19.9578,20.6495,21.5198,20.2522,20.781,20.8043,20.8028,20.9237,19.7673,19.7646,19.9947,20.2866,20.9291,20.7221,19.8558,20.4076,19.7345,21.2028,20.001,20.2216,20.6321,21.2251,22.3407,19.923,19.9247,19.7286,20.8293,22.222,19.966,20.0377,20.4329,20.1714,20.34,20.1196,20.2061,20.4881,20.2316,21.5511,19.9457,20.4126,20.5982,20.9772,22.7083,20.5354,20.113,20.5506,20.6959,21.0291,19.8577,20.2706,20.558,20.9059,21.4767
757,4:36:35 PM,19.9216,20.0979,19.8556,20.3133,20.5712,20.3031,20.7178,20.8199,20.8528,21.0214,20.488,20.619,20.6083,20.4808,20.8031,20.4982,20.9865,20.8156,20.9593,21.5278,20.7855,20.6992,20.8188,20.6079,20.8848,19.8455,19.884,19.8246,19.9758,20.4183,20.9642,20.4583,21.1033,20.772,21.5493,20.7095,20.6675,20.8892,20.7002,21.145,20.6972,20.6491,20.9051,21.2112,21.4889,21.0218,21.2981,21.2184,20.6855,20.8996,19.96,19.8035,19.7482,19.8656,20.7586,20.2503,20.4837,20.9943,20.9518,21.0978,20.3275,20.5547,20.5228,20.6501,21.4391,20.7591,20.6339,20.1375,20.7345,21.0851,20.2304,20.4712,20.6969,20.6108,21.3025,19.7773,19.774,19.9417,20.2657,20.5917,20.8292,19.9712,20.6046,19.8919,21.2364,20.1883,20.4787,20.9683,21.1129,22.3445,19.7754,19.8777,19.711,20.7056,22.2154,19.9253,19.8585,20.192,20.2232,20.701,20.3153,20.1443,20.2757,20.2903,21.5743,20.0956,20.3888,20.766,21.7672,22.7908,20.1018,20.2387,20.7729,20.4485,20.9039,19.9088,20.2258,20.3645,21.1788,21.5493
758,4:36:55 PM,19.8903,20.1467,19.8848,20.1965,20.6704,20.5425,20.1351,20.8917,20.8696,20.867,20.4095,20.4513,20.4078,20.6657,20.8218,20.6015,20.7962,20.9923,21.0566,21.5849,20.7901,20.7894,20.866,20.6582,20.9086,19.8394,20.1141,19.9343,19.9652,20.3213,20.7015,20.3912,20.9656,20.9253,21.4784,20.6925,20.6428,20.7953,20.5977,20.8358,20.5975,20.7605,20.9532,21.2642,21.6794,21.1175,21.0597,21.2361,20.7483,21.1324,19.9644,19.7084,19.8717,19.9215,20.7441,20.3748,20.5415,20.9205,20.9386,21.2837,20.4259,20.3286,20.5179,21.0358,21.6951,20.6449,20.4212,20.0997,20.8352,21.5433,20.0212,20.648,20.8301,20.8206,20.7827,20.0462,19.8517,20.0899,20.3409,20.608,20.6228,19.9166,20.2006,19.7124,21.059,20.0611,20.2421,21.1393,21.0258,22.6089,19.522,19.7119,19.8939,20.7634,22.1597,19.9076,19.914,20.1979,20.1363,20.5205,20.0025,20.2194,20.1759,20.4294,21.3085,20.1904,20.3075,20.5424,21.1098,22.4562,20.5741,20.3009,20.7143,20.7701,20.7135,19.7581,20.1889,20.4324,20.8814,21.3858
759,4:37:15 PM,20.0518,19.8657,19.7458,20.2223,20.5506,20.451,20.3436,20.9608,20.8739,20.9505,20.6272,20.4977,20.4664,20.5291,20.5387,20.5986,20.8024,20.9734,20.9317,21.493,20.7746,20.7856,20.8055,20.6373,20.9876,19.9449,20.2443,20.1312,20.2766,20.5425,20.419,20.5854,20.8231,20.9813,21.4062,20.7057,20.74,20.7021,20.834,20.9178,20.7946,20.9326,20.968,21.361,21.5508,20.9445,21.0832,21.04,20.7612,21.2072,19.7265,19.7196,19.9344,19.997,20.7607,20.2019,20.417,20.7837,20.8632,21.0824,20.5051,20.5631,20.4099,21.0116,21.5551,20.5714,20.3653,20.1746,20.6469,21.4136,19.9649,20.6338,20.8609,20.8676,21.126,19.859,19.7504,19.9805,20.346,20.74,20.7635,19.8563,20.3792,19.7899,20.874,20.0912,20.4394,20.9842,21.2351,22.581,19.6836,19.7707,19.6209,20.5237,22.2066,19.8095,19.6351,20.0273,20.0275,19.9634,20.1403,20.0681,20.3825,20.43,21.4436,20.0506,20.5193,20.6352,21.1183,22.6402,20.5375,20.2955,20.7123,20.7671,20.6689,19.7617,20.2833,20.3317,20.9344,21.199
760,4:37:35 PM,20.3015,20.1063,20.2234,20.2169,20.7695,20.4618,20.37,20.5762,20.571,20.6613,20.6489,20.4919,20.3561,20.4294,20.7008,20.7177,20.8372,20.84,20.9674,21.4789,20.8091,20.6795,20.8015,20.5855,20.9206,20.2061,20.2523,20.1407,20.2534,20.5501,20.8309,20.5828,20.9231,21.0997,21.5396,20.5656,20.8406,20.9079,20.8951,21.2047,21.0545,21.0074,20.9569,21.3156,21.5557,20.9529,21.0987,21.0163,21.0014,21.0543,20.044,19.8047,19.9843,20.0233,20.7564,20.0241,20.4105,20.7449,21.024,21.2735,20.32,20.74,20.411,21.0378,21.4414,20.7319,20.417,20.2184,20.4848,21.5888,20.0347,20.7561,20.7157,20.7171,20.8552,19.7715,19.752,19.9684,20.533,20.7408,20.6864,19.9415,20.4572,19.7555,21.1648,20.0153,20.5566,20.806,21.3399,22.6766,19.6625,19.8852,19.8078,20.7204,22.0502,19.8309,19.9739,20.27,20.0529,19.9862,20.1269,20.2138,20.4546,20.5113,21.3691,20.0099,20.4157,20.507,21.0053,22.8616,20.4513,19.9994,20.6174,20.5351,20.9243,19.6707,20.4182,20.4728,20.7788,21.5896
761,4:37:55 PM,20.0785,19.9009,19.9296,20.1315,20.466,20.3102,20.0303,20.6008,20.6959,20.8407,20.7272,20.6213,20.5469,20.6489,21.1361,20.6448,20.786,20.7305,20.9413,21.5994,20.8561,20.4762,20.8214,20.3599,20.8469,19.9948,20.1696,20.0774,19.9685,20.5256,20.8012,20.3472,20.8949,20.9607,21.561,20.6263,20.809,20.808,20.7856,21.1032,20.7471,20.8727,20.7789,21.2624,21.6216,21.0742,21.2192,21.1309,20.8331,21.2113,19.8926,19.6242,20.0986,19.8478,20.5768,20.097,20.3792,20.8573,21.186,21.2056,20.4645,20.5001,20.3092,21.1022,21.391,20.6104,20.4215,20.0789,20.4795,21.5044,20.1186,20.4709,20.6867,20.641,20.7771,19.8858,19.8159,19.929,20.5452,20.7734,20.7527,19.8107,20.2092,19.828,21.1806,20.1383,20.1742,20.7523,21.0981,22.5492,19.4363,19.6617,19.7091,20.8296,21.7589,19.6454,20.0733,20.2822,20.1553,20.3641,19.9105,20.236,20.5245,20.372,21.3032,20.0319,20.1834,20.4831,21.7127,22.859,20.3571,20.2263,20.6007,20.7021,20.8461,19.7426,20.1558,20.6347,20.8361,21.4395
762,4:38:15 PM,20.0099,19.8434,20.0197,20.197,20.497,20.3323,20.39,20.5015,20.5022,20.7862,20.6086,20.6221,20.4862,20.6069,21.1539,20.603,20.7759,20.9485,21.1389,21.3338,20.5637,20.5882,20.5014,20.4538,20.8909,19.9472,20.0973,20.2563,19.972,20.4791,20.7518,20.4145,20.7789,20.8058,21.6298,20.682,20.5065,20.7605,21.1548,20.9797,20.7844,20.809,20.7577,21.3347,21.6696,20.6528,21.2626,21.1178,20.7363,21.1359,19.9554,19.6012,19.8561,20.0042,20.8591,19.9935,20.3709,20.9685,20.7267,21.0637,20.3336,20.6345,20.4979,20.9022,21.61,20.8438,20.4808,20.0427,20.4702,21.3513,19.9679,20.5166,20.8475,20.6443,21.0714,19.9184,19.6966,20.0011,20.2678,20.8392,20.5921,19.8401,20.3219,19.7765,21.4575,19.9364,20.1794,20.8883,21.0918,22.5908,19.6009,19.6111,19.8681,20.8158,22.0205,19.8532,20.0178,20.1552,20.0648,20.2169,20.08,20.1957,20.3424,20.6078,21.2378,20.3017,20.2903,20.6831,21.1808,22.6645,20.6337,20.1937,20.4359,20.5654,20.8972,19.6131,20.2726,20.3814,20.899,21.4773
763,4:38:35 PM,19.816,19.9715,20.2843,20.2551,20.623,20.4089,20.4438,20.5422,20.6074,20.7662,20.4892,20.3557,20.3449,20.5346,20.7374,20.7716,20.6695,20.8218,20.8706,21.5085,20.5595,20.5365,20.8639,20.4213,20.9457,19.9094,20.1602,20.0675,20.053,20.4338,20.4429,20.4818,20.8793,21.0187,21.4398,20.6896,20.7887,20.5216,20.8335,20.7096,20.6107,20.8322,21.0362,21.2295,21.7494,20.931,21.099,21.1354,20.8144,21.2282,19.9627,19.7143,19.772,19.8333,20.7304,20.1761,20.333,20.7696,21.1343,21.2196,20.4608,20.4998,20.2601,20.9136,21.8005,20.5493,20.5037,20.1828,20.6231,21.0927,19.5612,20.622,20.7383,20.6912,20.5673,19.9289,19.9045,20.0572,20.2266,20.718,20.7562,19.8959,20.5134,19.9103,21.2126,20.1274,20.3287,20.6606,21.1434,22.5732,19.6188,19.8091,20.0486,20.7649,22.0197,19.9328,20.1033,20.3139,20.157,20.214,20.1477,19.9614,20.3636,20.4608,21.3815,20.0849,20.4223,20.6182,21.286,22.9105,20.5395,20.3496,20.549,20.6667,20.9523,19.7215,20.2773,20.5968,21.0646,21.3137
764,4:38:55 PM,19.9033,19.7672,19.7642,20.2487,20.5305,20.5733,20.3362,20.478,20.6772,20.7252,20.4899,20.3421,20.3808,20.3655,20.7085,20.5213,20.7359,20.8264,20.8841,21.4331,20.4514,20.651,20.7588,20.494,20.7543,19.9987,19.8418,19.9252,20.2792,20.4903,20.5165,20.3886,20.6903,20.8515,21.5523,20.5276,20.7486,20.5568,20.4886,20.6177,20.571,20.785,20.8096,21.4325,21.7635,21.0782,21.0883,21.1069,20.6692,21.0362,19.8006,19.4019,19.7358,19.9604,20.7467,19.9846,20.336,20.8073,20.9146,21.3246,20.5052,20.473,20.4751,20.886,21.5617,20.742,20.4834,20.0152,20.654,21.2819,19.9809,20.8016,20.874,20.6598,20.7928,19.7127,19.6347,20.0456,20.2482,20.8173,20.5855,19.7356,20.3827,19.8902,20.9794,19.8118,20.1439,20.6402,20.7276,22.0641,19.6222,19.6275,19.7248,20.7185,22.0512,19.8602,20.0422,20.0565,20.0105,20.7424,20.0014,20.1852,20.4458,20.5454,21.3855,20.148,20.4538,20.6626,21.506,22.7748,20.4909,20.352,20.7074,20.6825,21.1453,19.6967,20.1179,20.5091,21.0706,21.3882
765,4:39:15 PM,19.9562,20.0168,19.9738,20.2199,20.7495,20.5489,20.2569,20.8404,20.8871,20.9096,20.5165,20.3352,20.1512,20.2026,20.5695,20.5792,20.9025,20.734,21.1321,21.6036,21.0024,20.7845,20.6265,20.5277,20.8842,19.7743,20.2351,20.1787,20.0616,20.5247,20.7131,20.4914,20.84,20.8278,21.5722,20.4927,20.7565,20.4504,20.2845,20.8966,20.7044,20.931,20.9299,21.3007,21.7663,21.0599,21.2189,21.0802,20.5283,20.8308,19.951,19.9627,19.9353,19.8564,20.755,20.1483,20.4654,20.7786,21.1248,21.3579,20.7153,20.453,20.2736,20.9802,21.9038,20.6166,20.4011,20.1123,20.6027,21.3553,20.1173,20.7745,20.7618,20.9389,21.0267,19.8924,19.9525,20.0367,20.2451,20.6184,20.8348,19.8628,20.472,19.8047,21.0748,19.9479,20.4207,20.6577,21.3909,22.2201,19.693,19.727,19.6593,20.7103,22.0723,19.9876,20.0442,20.1498,20.1652,20.5334,20.3583,20.0837,20.4806,20.433,21.2196,20.3645,20.4859,20.646,21.021,22.5761,20.5226,20.0335,20.6088,20.6139,20.6873,19.7632,20.3257,20.6104,21.0708,21.2983
766,4:39:35 PM,19.7328,19.9539,19.9037,20.1944,20.5774,20.5517,20.516,20.7632,20.8136,20.8761,20.467,20.3138,20.3277,20.5284,20.3852,20.7356,20.7073,20.7323,20.9685,21.5074,21.0788,20.704,20.749,20.2926,21.0329,19.8955,20.3342,20.127,20.0213,20.2931,20.9546,20.402,20.8196,20.9426,21.4904,20.691,20.5259,20.6442,20.6222,20.7603,20.7583,20.8952,21.0183,21.4221,21.649,21.1361,21.4426,21.1232,20.7437,21.2301,19.9863,19.7593,19.9714,19.7225,20.8061,20.3339,20.5312,20.9489,20.8948,21.0473,20.3903,20.3462,20.2604,20.8091,21.5537,20.8201,20.4219,20.0007,20.5981,21.5627,20.2655,20.5356,20.771,20.7276,21.0239,19.934,19.5606,19.8591,20.1812,20.8048,20.772,19.8693,20.5947,19.6564,21.0963,20.1443,20.2506,21.1676,21.2735,22.1383,19.6872,19.5558,19.8735,20.3008,21.9785,19.9791,20.1786,20.1516,19.9886,20.3203,20.1754,20.0924,20.5168,20.1598,21.6539,19.9582,20.3678,20.4581,21.9407,23.0329,20.4002,20.5828,20.791,20.4647,20.9415,20.0158,20.25,20.5832,21.0275,21.3857
767,4:39:55 PM,19.8589,20.0454,19.8397,20.2525,20.6354,20.6224,20.4208,20.7607,21.0717,20.8813,20.3383,20.3854,20.3649,20.222,20.7698,20.4849,20.6363,20.8942,21.0934,21.289,21.0162,20.6109,20.5893,20.6419,20.8981,20.0294,20.079,19.9356,20.3513,20.4533,20.9166,20.6464,21.0441,20.852,21.4777,20.6788,20.6611,20.7727,20.6356,21.1388,20.7522,20.6769,20.8362,21.1576,21.7087,21.0772,21.1584,21.194,20.7338,21.1897,19.9088,19.741,20.1878,20.0771,20.6999,20.3612,20.481,21.0259,20.9433,20.9946,20.61,20.6538,20.3435,20.7611,21.8526,20.7434,20.5442,20.0544,20.7296,21.2739,20.1599,20.5783,20.8523,20.8413,20.9031,19.8228,19.7343,20.1598,20.2845,20.7178,20.7914,19.9661,20.3488,19.7109,21.0574,19.9474,20.2006,20.8747,21.3369,22.3166,19.6234,19.6584,19.8407,20.6974,21.9474,19.6415,20.0427,20.0651,20.1333,20.1427,20.3472,20.0944,20.3526,20.3394,21.2341,20.2892,20.5635,20.8173,21.3296,22.7864,20.4869,20.2376,20.7073,20.6776,21.2732,19.9747,20.3376,20.6954,21.0972,21.2876
768,4:40:15 PM,20.072,20.3487,20.114,20.2775,20.4964,20.4741,20.2052,20.6301,20.7253,20.954,20.5832,20.6287,20.3756,20.5525,20.4985,20.6232,20.6966,20.792,20.8982,21.5014,20.7766,20.7072,20.7092,20.376,20.7544,20.0189,20.2852,20.1065,20.0925,20.4751,20.8533,20.5803,21.1759,20.8201,21.7059,20.5989,20.571,20.5911,20.7067,20.6352,20.7278,20.6769,20.8441,21.2705,21.6276,21.0439,21.0158,21.2018,20.8005,21.0816,19.8531,19.5939,19.8496,19.9356,20.4177,20.3669,20.3882,20.7468,21.0611,20.9781,20.3563,20.4237,20.2359,20.9144,21.3305,20.7308,20.6432,20.2493,20.6841,21.5526,19.9029,20.7085,20.6656,20.7417,21.1372,19.8352,19.6593,20.1345,20.3372,20.8307,20.731,19.8959,20.2866,19.8413,20.935,19.98,20.3701,21.0664,21.2982,22.2565,19.5928,19.5789,19.8256,20.7535,21.9934,19.9463,20.1986,20.1503,20.0582,20.3516,20.3252,19.9607,20.296,20.5825,21.281,20.1892,20.5018,20.6716,21.6291,22.8977,20.5571,20.1485,20.7194,20.769,21.0794,20.0244,20.3087,20.5167,21.1662,21.6062
769,4:40:35 PM,19.9431,19.9276,20.2022,20.1928,20.4822,20.3395,20.3409,20.8905,21.0255,21.115,20.5082,20.5916,20.4126,20.6211,20.7236,20.6112,20.6858,20.8665,20.9292,21.2161,20.8223,20.8023,20.4636,20.467,20.8069,20.0454,20.4504,20.1275,20.0689,20.5478,20.8483,20.4992,21.0576,20.7923,21.4779,20.7786,20.7087,20.8509,20.8349,21.2567,20.7067,20.8536,20.9263,21.2934,21.6067,20.9305,21.1,21.139,20.6942,21.0394,19.902,19.5729,19.9894,20.1057,20.7879,20.1927,20.4893,20.8485,21.0608,21.5189,20.4348,20.6095,20.5886,20.9166,21.516,20.6456,20.3036,20.0286,20.5854,21.3991,20.131,20.5399,20.8096,20.5416,20.6764,19.7168,19.8335,20.0228,20.2699,20.6306,20.7159,19.6357,20.6781,19.8911,21.0147,19.9235,20.3106,20.9011,20.9377,22.7214,19.5313,19.6956,19.8049,20.7086,21.9568,19.774,19.915,19.9006,20.1628,20.2498,20.2593,20.3419,20.4061,20.3183,21.1871,20.1965,20.4702,20.5969,20.8312,22.3598,20.4036,20.5222,20.7142,20.6493,21.1771,20.125,20.366,20.6806,20.9806,21.0644
770,4:40:55 PM,20.0596,20.1915,19.8713,20.1056,20.4998,20.6349,20.0132,20.5477,20.764,20.8609,20.5732,20.5104,20.4335,20.4465,20.5642,20.7342,20.9858,20.8008,21.0505,21.7467,20.8238,20.6928,20.655,20.196,20.798,20.0398,20.3491,19.9821,20.0083,20.4185,20.7116,20.3121,21.1,20.804,21.6025,20.731,20.6162,20.7352,20.5704,20.7847,20.9326,20.8653,20.7911,21.2892,21.6896,21.0184,21.1628,21.1122,20.7472,21.0162,20.0305,19.6494,20.0234,19.9545,20.8543,20.0339,20.6049,20.9238,21.1351,21.0525,20.3515,20.3751,20.4818,20.8194,21.6373,20.6834,20.4624,20.1842,20.7964,21.3063,20.1159,20.6297,20.8698,20.5206,20.9108,19.9445,20.0345,19.9321,20.3817,20.583,20.9405,19.678,20.5546,19.827,21.3146,20.0248,20.2108,20.778,21.0794,22.7471,19.7017,19.6396,19.6178,20.6568,21.8394,19.7649,19.7799,20.0028,19.8003,20.051,20.3039,20.1318,20.4296,20.3278,21.0114,20.315,20.4443,20.6861,21.1464,22.5566,20.4164,20.4745,20.4489,20.5749,21.1426,20.0286,20.5993,20.5323,20.94,21.2202
771,4:41:15 PM,19.9997,20.0914,19.8035,20.2448,20.5199,20.5285,20.0917,20.6037,20.7414,20.7129,20.6387,20.5978,20.5319,20.5602,20.8286,20.7904,20.9415,21.033,20.9545,21.5051,20.602,20.7717,20.7757,20.4931,20.7989,20.0487,20.1156,19.785,20.0833,20.4724,20.7042,20.4488,20.8822,21.0403,21.5705,20.6825,20.6743,20.6694,20.9726,21.1794,20.784,20.8074,21.0152,21.2317,21.8078,20.8788,21.1346,20.985,20.6146,21.0618,20.1133,19.57,19.9733,19.9376,20.712,20.3355,20.4741,20.6981,21.1026,21.1868,20.4317,20.4586,20.362,20.8354,21.5932,20.681,20.2773,20.0604,20.5953,21.3686,19.9783,20.2893,20.6527,20.6118,21.1126,19.9684,19.8367,20.0098,20.2468,20.6766,20.9547,19.69,20.5766,20.1743,21.1117,19.9691,20.1674,20.9163,21.4098,22.4897,19.6901,19.7619,19.6796,20.6883,21.8186,19.7553,19.8521,20.1055,20.1285,19.9795,20.2397,20.1686,20.3067,20.4983,21.0606,20.4003,20.3896,20.8133,21.1539,22.4304,20.5261,20.0716,20.6586,20.6645,21.1456,19.9924,20.445,20.6932,20.9901,21.3698
772,4:41:35 PM,19.9618,19.8337,19.9947,20.2339,20.5095,20.5103,20.2808,20.6612,20.7274,20.6464,20.576,20.4282,20.1357,20.4263,20.3877,20.685,20.8322,20.76,20.9751,21.5185,20.6242,20.657,20.8589,20.2074,20.7236,20.0504,20.1939,19.8582,20.1942,20.3208,20.5389,20.2691,20.7058,20.9106,21.3329,20.7234,20.4925,20.7443,20.7513,20.6911,20.8212,20.8235,20.9073,21.2061,21.5254,21.0501,21.248,21.0819,20.7958,20.8821,19.8521,19.621,19.8951,19.8024,20.6649,20.0653,20.399,20.865,20.9218,20.9831,20.3512,20.6609,20.2843,21.1307,21.5836,20.5914,20.2871,20.0366,20.4516,21.4614,20.1462,20.4732,20.5871,20.5261,20.91,20.0721,19.7096,19.9389,20.1802,20.7766,20.5349,19.8536,20.0918,19.8288,21.1054,20.0339,20.3048,20.8273,21.3334,22.852,19.5683,19.6372,19.9095,20.8897,21.6203,19.8814,20.0154,20.1142,20.1069,19.9327,20.2642,20.0025,20.2297,20.53,21.3219,20.3388,20.4771,20.6701,21.1321,23.0518,20.4302,20.6058,20.6983,20.4573,20.8262,20.1117,20.2981,20.5313,21.0447,21.3745
773,4:41:55 PM,19.9087,20.2045,19.9755,20.2953,20.5084,20.3414,20.2741,20.4555,20.9256,20.8174,20.714,20.2747,20.5497,20.6045,20.6996,20.659,20.7724,20.7182,20.9108,21.4274,20.8906,20.6428,20.9194,20.3772,21.007,19.9865,20.2996,19.869,20.0978,20.4368,20.8029,20.2451,20.885,20.8877,21.5939,20.7069,20.5761,20.5753,20.7058,20.6773,20.722,20.6029,20.8624,21.268,21.5709,20.9779,20.8885,21.1268,20.8179,20.9149,20.0596,19.7792,20.0239,19.8911,20.8486,20.1086,20.516,20.7764,20.8875,20.9223,20.581,20.5689,20.4235,20.7567,21.4293,20.6547,20.3065,20.0359,20.6884,21.3385,20.4255,20.445,20.6076,20.5237,21.1334,20.0698,19.8204,19.9708,20.2304,20.9264,20.5907,19.9507,20.3402,19.9402,21.0586,19.868,20.1841,20.9198,21.2061,22.0144,19.3298,19.8172,19.8749,20.7375,21.9817,19.6742,19.9483,20.0768,19.9967,20.2486,20.1704,20.0577,20.3763,20.2509,21.4529,20.0805,20.515,20.6832,21.419,23.1456,20.5659,20.1505,20.6796,20.7832,21.1812,19.8027,20.2449,20.7587,21.1147,21.4637
774,4:42:15 PM,19.833,19.9107,19.8987,20.2662,20.6238,20.487,20.5064,20.7099,20.9947,20.8801,20.6628,20.5232,20.2583,20.4843,20.6017,20.4767,20.8287,20.7362,20.9264,21.6131,20.6515,20.7674,20.7414,20.7261,21.0225,20.0678,20.2541,20.0466,20.0762,20.4875,20.5318,20.5601,20.8921,20.6833,21.5191,20.5049,20.7921,20.6331,20.8999,21.1529,20.786,20.843,20.689,21.2051,21.7776,20.9831,21.1237,21.1365,20.8157,20.9899,20.0115,19.5888,20.0755,19.8476,20.5141,19.98,20.457,20.8403,20.8499,21.3685,20.4425,20.3769,20.264,20.954,21.6121,20.881,20.3203,20.0291,20.6496,21.308,20.2992,20.4914,20.8813,20.6195,20.6407,19.8719,19.7739,19.9435,20.4391,20.6501,20.6854,19.6698,20.2217,19.8813,20.8352,20.0675,20.2699,20.6432,21.2579,22.6682,19.8323,19.7106,20.0121,20.1491,21.9227,19.828,19.9675,20.1893,20.2966,20.2897,20.0537,20.3577,20.3591,20.4208,21.2909,20.1011,20.4564,20.483,21.1243,23.2681,20.4879,20.2236,20.7919,20.5493,21.0577,19.9141,20.3373,20.7228,21.0489,21.2578
775,4:42:35 PM,20.1401,20.0856,19.9043,20.2993,20.7075,20.4274,20.5029,21.0357,20.9191,20.9073,20.6787,20.4026,20.4448,20.3587,20.7627,20.6427,20.6817,20.9081,21.1082,21.2849,20.7364,20.5474,20.6981,20.1993,21.0951,20.0078,19.9994,19.8683,20.064,20.3583,20.7245,20.3481,20.9635,20.9049,21.4781,20.7249,20.7728,20.8997,20.5503,20.7637,20.9394,20.8742,20.7101,21.2503,21.5304,21.2199,21.3164,21.1371,20.6618,20.7498,19.9903,19.7546,20.031,20.1418,20.846,20.1129,20.4226,20.6084,21.0963,20.9804,20.3894,20.4325,20.5237,20.9529,21.822,20.5654,20.3816,20.1647,20.6503,21.3722,20.3403,20.658,20.6729,20.6222,20.7481,19.9421,19.5145,20.0082,20.3543,20.677,20.7243,19.7635,19.8871,19.8699,20.9205,19.8896,20.1928,20.9127,21.259,22.3551,19.6514,19.6695,19.8693,20.9177,21.9697,20.0679,20.1052,20.2438,19.862,20.3914,20.0764,20.1413,20.3724,20.3234,21.3062,19.9804,20.5819,20.6881,20.9914,23.0879,20.3462,19.8607,20.8009,20.6106,20.9078,19.8821,20.2545,20.5882,21.2236,21.3983
776,4:42:55 PM,19.9999,20.0521,19.784,20.2478,20.5571,20.5052,20.4507,20.7445,21.1679,20.9215,20.4682,20.466,20.2582,20.5533,20.6652,20.6099,20.6789,20.8314,21.0071,21.4166,20.932,20.5407,20.6177,20.6679,20.9204,19.9451,20.2749,19.9346,20.183,20.5613,20.4973,20.59,20.7851,20.9979,21.46,20.6627,20.5533,20.6482,20.784,20.9797,20.5714,20.8515,20.7302,21.4715,21.711,20.8209,21.1336,20.9861,20.6257,21.0431,19.9336,19.6818,19.8479,20.0593,20.6201,19.8858,20.4826,20.8441,21.0359,21.3325,20.3219,20.5408,20.3413,21.0163,21.7571,20.5105,20.4045,20.122,20.7413,21.725,20.1204,20.6125,20.7817,20.5488,20.7048,19.8173,19.7667,19.9569,20.3127,20.7033,20.7725,19.9853,20.3067,19.985,20.9317,20.0035,20.562,20.9661,21.2203,22.3267,19.7556,19.5645,19.8855,20.7592,22.0168,19.7534,19.9822,19.9415,19.9166,20.1604,20.1177,20.0573,20.4133,20.2472,21.3735,20.1348,20.5398,20.7183,21.0282,23.0885,20.5126,20.4783,20.7518,20.748,20.9095,19.7216,20.3008,20.7637,20.8811,21.3103
777,4:43:15 PM,19.8554,19.8293,19.8883,20.4387,20.3706,20.4526,20.4262,20.9162,20.8454,20.9244,20.5492,20.5414,20.2382,20.1806,20.5739,20.6314,20.8699,20.7588,21.0698,21.4141,20.9077,20.7723,20.6319,20.2947,20.9817,19.9527,20.4692,20.0569,20.0918,20.2749,20.5738,20.4659,21.0447,20.9192,21.615,20.7174,20.5186,20.8711,20.4688,20.787,20.8681,20.6822,20.9125,21.4514,21.6133,21.0249,21.0953,21.068,20.4691,20.9512,19.8568,19.6878,19.9914,19.8079,20.7482,20.2263,20.5616,20.8254,21.0708,21.0855,20.3985,20.7591,20.5096,20.9697,21.7211,20.8003,20.3284,20.2132,20.8295,21.4248,20.1441,20.4859,20.6906,20.8287,20.9666,19.8837,19.7913,20.0872,20.3168,20.6883,20.6143,19.8612,20.6471,19.8821,20.8184,20.0027,20.2404,20.8955,21.4051,22.4401,19.673,19.7024,19.6361,20.6334,21.7739,19.7457,19.9349,20.0319,20.0161,20.2385,20.3625,20.1741,20.256,20.4584,21.4157,20.1766,20.4662,20.4971,21.6994,23.1944,20.587,20.3485,20.5755,20.5183,20.8995,19.8326,20.3712,20.4593,21.0819,21.4579
778,4:43:35 PM,20.0755,20.1552,19.8251,20.269,20.4885,20.6079,20.2376,20.8253,21.0183,21.0014,20.5525,20.5078,20.208,20.4503,20.6725,20.742,20.8685,20.5597,21.0686,21.5445,20.8806,20.6166,20.9266,20.5478,20.8203,19.9894,20.1259,19.8227,20.1761,20.4006,20.9164,20.4963,20.8541,20.8384,21.5003,20.73,20.7297,20.6561,20.3823,20.541,20.8232,20.732,20.8268,21.2144,21.5557,20.7211,21.1589,21.2301,20.7944,20.8015,20.084,19.8247,20.0637,20.0107,20.7433,20.1134,20.5384,20.9396,21.3149,21.1111,20.5059,20.4811,20.248,20.9175,21.4446,20.6976,20.4853,20.1032,20.5356,21.4234,20.185,20.4257,20.8678,20.6864,20.8936,19.8254,19.6716,20.1703,20.4504,20.7301,20.6153,19.8904,20.2997,19.9791,21.0656,19.9516,20.5205,20.9162,21.257,21.696,19.5067,19.7376,19.7349,20.8348,21.7617,19.9901,19.9211,20.229,20.2562,20.5472,20.3577,20.3016,20.265,20.1165,21.5473,19.9398,20.5621,20.8261,21.4322,22.4458,20.2471,20.3413,20.6792,20.8028,20.9016,19.8184,20.4381,20.7244,20.7932,21.2603
779,4:43:55 PM,20.1161,19.943,19.9265,20.3883,20.5161,20.7215,20.381,20.7138,20.8962,21.0402,20.7672,20.4955,20.412,20.4087,20.7306,20.5432,20.6037,20.8386,20.8412,21.4529,20.5986,20.5588,20.6851,20.4322,20.9576,19.9286,20.074,20.0411,20.0415,20.3748,20.7363,20.3398,20.9584,20.8754,21.4503,20.6929,20.4345,20.7003,20.9328,20.9194,20.8837,20.7777,20.818,21.1947,21.6129,21.1088,21.1732,20.9905,20.6592,21.0044,19.8704,19.5605,19.8985,19.8605,20.6973,20.296,20.3468,20.7551,20.9959,20.812,20.3529,20.435,20.3346,20.9118,21.3615,20.638,20.4071,20.0372,20.6489,21.5125,20.4029,20.7325,20.6415,20.8087,21.0989,19.8848,19.7151,20.0071,20.3197,20.7271,20.8324,19.8892,20.4807,19.8527,20.8813,19.9634,20.218,21.0552,21.2401,22.1451,19.7267,19.6187,19.7117,20.6633,21.9624,19.8976,19.9049,20.2775,19.9725,20.0227,19.9917,20.2402,20.3911,20.372,21.6784,20.1432,20.2956,20.6068,21.6865,22.576,20.4477,20.2856,20.6807,20.9844,21.2532,19.9898,20.4536,20.5973,21.0755,21.5302
780,4:44:15 PM,19.9868,20.2895,19.9612,20.1831,20.5287,20.344,20.278,20.7998,20.819,20.9312,20.7588,20.4786,20.5361,20.4947,20.6988,20.5192,20.9549,20.6604,21.0489,21.5363,20.8222,20.5865,20.8614,20.7208,21.0301,19.9214,20.2263,19.8103,20.1033,20.3055,20.8008,20.6251,20.9455,20.7262,21.6145,20.6599,20.6111,20.8216,20.9051,20.8775,20.8407,20.8041,20.6963,21.4852,21.4775,21.1304,21.034,21.0481,20.6406,20.9121,19.776,19.6756,19.9407,19.8789,20.6018,20.0449,20.4345,20.7581,21.0146,21.2403,20.5464,20.4379,20.5315,20.7849,21.7154,20.6174,20.3563,20.1812,20.5716,21.4124,20.1029,20.4986,20.6827,20.6994,20.7904,19.8226,19.8651,19.9812,20.4133,20.7055,20.7463,19.9554,20.2409,19.9294,21.2553,20.1033,20.2875,21.0953,21.5242,22.7059,19.7506,19.7132,19.955,20.8294,21.9215,19.9809,19.8763,19.9682,20.1048,20.7493,20.0961,20.1384,20.3416,20.4549,20.9634,20.2393,20.6101,20.7425,21.1574,22.8892,20.4105,20.6859,20.8106,20.6354,20.8601,19.7551,20.2633,20.3458,21.0013,21.3908
781,4:44:35 PM,19.8581,20.084,19.9996,20.101,20.4625,20.3681,20.4261,20.6385,20.9807,20.9254,20.7528,20.3568,20.4474,20.5765,20.8132,20.6799,20.6142,20.8628,21.1292,21.6855,20.8196,20.5696,20.4588,20.165,21.0345,20.0293,19.962,20.0192,20.3027,20.1759,20.5669,20.3856,20.9724,20.9467,21.3599,20.686,20.7423,20.6287,21.0011,21.0745,20.95,20.9484,20.7787,21.2372,21.6868,20.9923,21.1644,21.1155,20.5997,21.0417,19.7871,19.56,19.9127,19.9951,20.5812,20.0572,20.3156,20.9454,21.1147,21.0603,20.3964,20.4869,20.3355,21.0669,21.395,20.8235,20.5052,20.1834,20.709,21.3408,20.3618,20.577,20.7949,20.651,20.7564,19.8266,19.8635,20.0208,20.411,20.7837,20.7454,19.7286,20.6421,19.651,20.9797,20.0848,20.1076,20.7208,21.2607,22.7057,19.7074,19.637,19.8666,20.6348,22.1266,20.0297,20.1152,20.3736,20.1911,19.9336,19.9257,20.1551,20.4473,20.4938,21.2579,19.9299,20.2867,20.5782,21.1964,22.4721,20.2373,20.2675,20.7545,20.392,20.673,19.8293,20.4465,20.2527,20.9934,21.2941
782,4:44:55 PM,19.9446,19.7584,19.8678,20.0715,20.5916,20.2758,20.4208,20.9992,20.8895,20.889,20.519,20.5565,20.3033,20.4203,20.8843,20.7011,20.8355,20.8359,20.9095,21.4584,20.7736,20.6019,20.6934,20.5669,21.0075,19.9443,20.2486,19.7132,20.0442,20.4017,20.6414,20.5591,20.8093,20.914,21.6771,20.6514,20.5048,20.7465,20.8478,20.8362,20.9147,20.7134,20.9313,21.4403,21.7406,21.1554,21.0931,21.3611,20.698,20.9746,19.6725,19.4776,19.8723,19.8246,20.7143,19.9879,20.4925,20.8903,21.1192,21.3044,20.647,20.5319,20.3482,21.0543,21.7594,20.7038,20.3523,20.1416,20.7789,21.376,20.1478,20.6897,20.8334,20.5995,21.1859,19.7156,19.7399,19.7178,20.1907,20.8982,20.7839,19.8504,20.3553,19.7538,21.0551,19.9535,20.2486,21.0045,21.0778,22.486,19.5994,19.7666,19.8189,20.2655,21.9161,19.7706,19.7336,20.2788,20.0821,20.339,20.1449,20.1735,20.4218,20.4576,21.3898,20.0749,20.5033,20.563,21.0494,23.0574,20.4501,20.3086,20.6349,20.4892,21.0969,19.7128,20.1671,20.3604,20.804,21.3527
783,4:45:15 PM,20.0482,20.0443,19.9816,20.3199,20.378,20.4076,20.222,20.7126,21.1018,20.7277,20.5381,20.6347,20.3629,20.4366,20.8806,20.7023,20.7122,20.9223,21.0898,21.5152,20.4758,20.3818,20.8508,20.5646,21.0204,19.8709,20.292,19.946,20.0349,20.4746,20.7967,20.4906,20.7129,20.9285,21.6339,20.8424,20.7788,20.7857,20.7681,21.1206,20.7248,20.9546,20.7237,21.3464,21.669,20.9133,21.1076,21.2934,20.5584,20.9956,19.9012,19.707,20.0758,19.857,20.6977,20.0777,20.5586,20.9828,21.0112,21.1853,20.4273,20.4951,20.4668,20.9572,21.3517,20.6074,20.3047,20.0381,20.5749,21.3842,20.3585,20.6343,20.7467,20.6526,21.1085,19.607,19.7984,20.0593,20.266,20.6749,20.8356,19.8033,19.945,19.7095,20.8927,20.1155,20.1478,20.794,21.1565,22.3074,19.6762,19.6922,19.783,20.7446,21.9807,19.64,19.7136,20.3163,19.8494,20.0042,20.2921,20.2486,20.3814,20.541,21.4932,20.3473,20.2839,20.633,21.2368,23.3036,20.3478,20.3103,20.6733,20.7861,20.8212,19.9434,20.2248,20.382,21.012,21.3779
784,4:45:35 PM,19.7861,20.0721,19.9217,20.2787,20.4425,20.3221,20.1323,20.7535,20.9837,21.0823,20.5844,20.3743,20.3138,20.3138,20.8004,20.6058,20.6157,20.6525,20.9255,21.7499,20.8498,20.6653,20.6134,20.6908,21.0865,19.917,20.1743,19.8922,20.0741,20.6094,20.6931,20.197,20.9671,21.0222,21.496,20.7586,20.5306,20.5971,20.685,20.7654,21.0149,20.8168,20.9528,21.2373,21.5819,21.0014,21.2274,21.1918,20.6279,20.9736,19.7206,19.6964,20.1196,20.2206,20.796,19.9866,20.323,20.615,21.2062,20.7698,20.4356,20.4753,20.4062,20.9616,21.6582,20.7285,20.4245,20.0824,20.4125,21.1393,20.1312,20.6128,20.7568,20.5938,20.8741,19.9111,19.6928,20.1162,20.3368,20.8209,20.5102,19.6662,19.8755,19.9651,21.1416,20.0426,20.4132,20.7124,20.9547,22.4211,19.5688,19.7118,19.9243,20.474,21.9929,19.7341,19.6677,19.932,19.7051,19.8333,20.206,20.244,20.3094,20.4104,21.3358,19.9356,20.3883,20.7584,20.9696,23.2505,20.5863,20.3927,20.5627,20.7621,20.6271,19.7714,20.3871,20.3699,21.2012,21.4348
785,4:45:55 PM,19.9682,20.0084,19.8113,20.2611,20.418,20.4918,20.3993,20.8348,20.8286,20.8225,20.5261,20.6844,20.3018,20.5101,20.6476,20.5212,20.7369,20.8778,20.9825,21.2657,20.7598,20.5271,20.7322,20.1943,20.8679,19.9132,20.262,19.9894,19.976,20.3727,20.8005,20.4865,20.8711,21.1335,21.3733,20.5635,20.5241,20.5963,20.813,21.0027,20.5572,20.9801,20.876,21.3381,21.4929,21.07,21.0,21.1533,20.7116,21.0027,20.0016,19.8102,20.1978,19.9294,20.5799,20.0007,20.5855,20.825,21.2012,21.2936,20.6235,20.2463,20.343,20.967,21.7788,20.4195,20.3677,20.1253,20.6834,21.2407,19.9092,20.58,20.8052,20.6419,20.9095,19.8446,19.7947,19.8545,20.2415,20.566,20.7426,19.8251,20.2948,19.6366,20.8309,20.0323,20.4976,21.0763,21.3224,22.5432,19.4806,19.5894,19.9154,20.1718,22.0028,19.6019,19.5664,19.9471,19.8543,19.799,20.0793,20.2344,20.2872,20.4987,21.5632,19.9968,20.3251,20.34,21.0872,23.0607,20.4181,20.1258,20.473,20.3929,20.5535,19.7672,20.3704,20.6225,20.8084,21.3817
786,4:46:15 PM,19.8746,19.9001,19.878,20.0601,20.4235,20.5037,20.1772,20.7012,20.8444,20.9454,20.4979,20.3663,20.4098,20.3832,20.8324,20.5937,20.8308,20.8943,20.9342,21.2265,20.9052,20.7284,20.6406,20.3433,20.8237,19.8948,20.2461,19.8684,20.1475,20.5168,20.3886,20.2694,21.0854,21.0372,21.274,20.6574,20.7311,20.7138,20.7167,20.6447,20.8313,20.8084,20.852,21.16,21.5482,20.865,21.0187,20.9882,20.6096,20.8988,19.8825,19.7768,19.8359,20.0001,20.7785,19.9406,20.3403,20.7921,20.7606,21.0362,20.7101,20.555,20.531,20.6382,21.465,20.4608,20.6188,19.9876,20.5817,21.5357,20.0828,20.2439,20.7754,20.5337,21.1564,19.5815,19.741,19.9924,20.2616,20.5774,20.6125,19.7421,20.2842,19.5928,20.6002,19.8724,20.2372,21.0639,21.0072,22.688,19.6868,19.7784,19.7222,20.498,22.0589,20.0988,19.9285,20.1094,20.1397,19.8802,20.0271,20.0739,20.3656,20.5087,21.4688,20.2856,20.3462,20.6212,21.1525,22.6721,20.3908,20.3045,20.678,20.7371,20.6199,20.0291,20.3894,20.6529,21.2102,21.4566
787,4:46:35 PM,19.9663,19.947,19.7541,20.1674,20.262,20.4975,20.2819,20.6302,20.7478,20.7048,20.6353,20.4868,20.1837,20.3849,20.6512,20.6736,20.6783,20.6398,21.082,21.5434,20.791,20.6893,20.6503,20.6564,20.7833,19.8832,20.2392,20.1389,20.1015,20.477,20.4809,20.5771,20.9157,20.7697,21.5483,20.6063,20.5814,20.7124,20.5222,20.7358,20.784,20.7837,20.7014,21.3039,21.3792,20.8256,20.9514,21.095,20.6286,20.8978,19.7507,19.7094,19.8682,20.0083,20.6749,20.2389,20.4897,20.8201,20.8756,21.0551,20.384,20.437,20.3912,20.7135,21.4541,20.8372,20.3622,20.1083,20.4611,21.3275,20.1851,20.4186,20.9212,20.3941,21.1032,19.8428,19.698,20.1025,20.201,20.7126,20.4179,19.8165,20.2286,19.644,21.0587,19.8038,20.4631,20.7501,20.8425,22.2426,19.5866,19.6341,20.0041,20.5822,22.0776,19.8368,20.0342,20.3998,20.0797,20.2957,19.9965,19.9824,20.3764,20.3517,21.121,19.9705,20.4039,20.5789,20.7692,22.3482,20.3944,19.9705,20.6186,20.6989,20.8303,19.7504,20.1718,20.6611,21.0065,21.3107
788,4:46:55 PM,19.817,19.7155,19.7148,20.1094,20.4963,20.5726,20.402,20.5802,20.9902,20.753,20.6168,20.5303,20.2004,20.4636,20.7695,20.6028,20.6622,20.6804,20.9747,21.4669,20.8456,20.7032,20.6506,20.3025,20.8444,19.6062,20.0066,19.9068,20.1358,20.4074,20.6689,20.3114,20.9544,21.0247,21.3772,20.7169,20.42,20.8261,20.9522,21.1822,20.6802,20.8315,20.7954,21.3098,21.3214,20.9784,21.1684,21.1835,20.642,21.0564,19.869,19.6145,20.0042,20.0228,20.7886,19.6612,20.5172,20.6344,20.9385,20.9956,20.6828,20.6262,20.2747,20.7446,21.2247,20.6794,20.272,20.0721,20.8044,21.1585,20.1434,20.4078,20.5345,20.5066,21.016,19.6348,19.5698,19.9488,20.2661,20.8979,20.603,19.8772,20.1874,19.5868,20.8901,19.8701,20.0769,20.8082,20.9286,22.1419,19.7074,19.6777,19.9885,20.8404,22.0892,20.1781,20.1157,20.183,20.0016,20.1499,20.0221,20.1336,20.3203,20.3089,21.2761,19.8497,20.214,20.4748,21.049,23.132,20.3208,20.3812,20.6075,20.5351,20.5149,19.935,20.2776,20.4647,21.2751,21.451
789,4:47:15 PM,19.6223,19.7684,19.9021,20.3067,20.434,20.4332,20.3436,20.7297,20.8783,20.751,20.5056,20.4479,20.3326,20.3722,20.5246,20.569,20.6912,20.7355,20.9844,21.4469,20.6565,20.74,20.9026,20.3389,21.0188,19.7827,19.8967,19.8937,20.1295,20.2083,20.3884,20.3098,20.8645,21.0483,21.135,20.7289,20.4521,20.6652,20.4814,20.752,20.5096,20.9891,20.8714,21.345,21.5084,20.9064,21.2399,21.151,20.6636,20.9769,19.8814,19.3768,19.8843,19.9159,20.6166,19.8034,20.4222,20.7021,20.6469,20.9255,20.3146,20.4055,20.3873,20.705,21.2662,20.7901,20.5523,20.0804,20.4324,21.1385,20.2029,20.5371,20.8444,20.5802,21.0822,19.6412,19.4598,19.9225,20.0555,20.6889,20.6276,19.6587,20.1975,19.443,20.7171,19.4681,20.4764,20.9515,20.946,22.3801,19.4366,19.6481,19.6285,20.6435,22.1582,19.7909,20.1415,20.3861,20.223,20.2807,20.1207,20.174,20.1206,20.2113,21.2607,19.8386,20.1453,20.6155,21.2716,22.9238,20.5897,20.1001,20.3526,20.4282,20.8902,19.9083,20.2729,20.501,20.8239,21.219
790,4:47:35 PM,19.6787,19.801,19.8769,19.9602,20.4368,20.6762,20.2755,20.6495,20.8602,20.7876,20.4775,20.5435,20.3124,20.4563,20.4705,20.3754,20.7688,20.6961,20.9696,21.4697,20.8662,20.8466,20.5915,20.5028,21.1321,19.8639,19.9571,19.8376,19.9355,20.3643,20.5486,20.2986,20.8275,21.1476,21.2956,20.7177,20.4303,20.6277,20.5718,20.5218,20.6613,20.7535,20.8098,21.2044,21.4257,21.0294,21.182,20.825,20.7423,20.9687,19.6734,19.5757,19.9448,19.7872,20.6797,19.7434,20.287,20.7206,20.7823,21.1013,20.3285,20.3866,20.315,20.8198,21.527,20.7684,20.284,19.8472,20.5391,21.333,20.1706,20.4493,20.7968,20.6159,20.8133,19.4967,19.493,19.8206,20.2472,20.8093,20.6007,19.7291,20.2097,19.6551,20.9518,19.9013,20.2007,20.8735,21.1424,22.4883,19.3941,19.53,19.9563,20.8966,22.2694,20.0492,20.0542,20.1838,20.188,20.1726,19.9846,20.1886,20.276,20.2798,20.5843,19.7455,20.1741,20.8157,20.9067,23.2032,20.3886,20.3073,20.4473,20.6471,21.0982,19.7239,20.2713,20.5205,20.7152,21.6029
791,4:47:55 PM,19.6881,19.7345,19.8544,20.2348,20.5807,20.3161,20.4508,20.5637,21.0292,20.8801,20.4965,20.2244,20.2324,20.3582,20.5894,20.4595,20.816,20.838,20.6832,21.4197,20.6682,20.7219,20.6981,20.3912,20.9073,19.8452,20.1824,19.8202,20.1499,20.3886,20.6125,20.5848,21.0121,20.8526,21.2393,20.4719,20.6954,20.4418,20.4956,20.481,20.5206,20.7444,21.0549,21.4652,21.8233,20.8136,21.2983,21.1307,20.5209,21.1089,19.8833,19.6282,19.7523,19.5857,20.7419,19.9006,20.4269,20.9569,20.9553,21.0428,20.4685,20.7323,20.2503,20.8581,21.2507,20.5337,20.4019,20.135,20.5753,21.6077,20.2179,20.5276,20.7296,20.7425,20.7778,19.6143,19.8331,20.0144,20.0844,20.7305,20.6419,19.6329,19.9129,19.4799,20.8783,19.6987,20.1786,20.8739,21.0344,22.3943,19.6848,19.7791,19.9512,20.4904,22.2122,19.8499,19.7457,20.3984,20.0371,19.8231,20.1232,20.1289,20.3978,20.3251,20.7447,19.82,20.1806,20.655,20.8694,22.1914,20.3713,20.2082,20.5895,20.658,20.54,19.9056,20.5708,20.4742,20.9398,21.4271
792,4:48:15 PM,19.7838,19.9574,19.8957,20.1592,20.3906,20.4451,20.4572,20.8144,20.7447,20.7945,20.544,20.2848,20.418,20.1774,20.4654,20.5855,20.7217,20.9132,20.8062,21.6329,20.9791,20.6986,20.9206,20.5151,20.9629,19.9193,19.953,20.0311,19.9284,20.2746,20.7877,20.6613,21.0635,20.864,21.4451,20.5194,20.5788,20.5328,20.4585,20.5567,20.7406,20.6524,21.0283,21.3767,21.4322,20.892,21.0402,21.1861,20.8713,21.0622,19.8269,19.4781,19.8831,19.8674,20.6668,19.8564,20.4695,20.8252,21.1182,21.3043,20.4603,20.4755,20.4621,20.766,21.6724,20.7484,20.3676,20.044,20.5066,21.6291,20.0997,20.621,20.8459,20.8099,20.8384,19.5233,19.7297,19.747,20.2219,20.5343,20.5401,19.8357,20.2853,19.3898,20.6074,20.0702,20.3362,20.9399,21.1463,22.6863,19.6551,19.7766,20.0225,20.5954,22.2323,19.909,19.716,20.2628,20.33,20.2563,19.9175,20.184,20.4526,20.2948,20.9112,19.9189,20.3306,20.6298,21.2403,22.8397,20.4638,20.3208,20.3955,20.4483,20.9703,19.932,20.3833,20.4629,21.1088,21.4771
793,4:48:35 PM,19.8623,19.8761,19.877,20.2031,20.3877,20.4694,20.3846,20.7579,20.6709,20.7221,20.3695,20.3115,20.3262,20.3714,20.4857,20.596,20.5924,20.637,20.7222,21.4505,20.9272,20.6161,20.6033,20.4512,20.827,19.8437,20.0964,19.8557,19.8966,20.4494,20.656,20.7032,20.8239,21.0853,21.2105,20.6563,20.5873,20.3399,20.354,20.6361,20.8467,20.6029,20.8298,21.2439,21.4097,21.0091,21.0064,20.944,20.6799,20.9529,19.7281,19.7513,19.9728,20.0828,20.502,19.823,20.4856,20.835,21.018,20.9455,20.7103,20.3704,20.44,20.8722,21.6039,20.6649,20.3121,19.8976,20.6646,21.461,20.4377,20.5155,20.6755,20.5528,21.0148,19.597,19.7642,19.8889,20.2872,20.7265,20.4653,19.8437,20.4155,19.5961,21.0942,19.8948,20.209,20.7982,21.4621,22.095,19.6475,19.6926,19.8396,20.4723,22.2874,20.0558,19.8832,20.281,20.2209,20.3273,20.0846,20.042,20.2496,20.4222,21.0609,19.9353,20.3855,20.5812,21.6049,22.8613,20.5554,20.3811,20.5627,20.5235,20.7792,19.7804,20.2381,20.5494,21.0947,21.2915
794,4:48:55 PM,19.8839,20.0614,19.9362,20.0025,20.2681,20.5216,20.3003,20.6783,20.8744,20.8835,20.3575,20.3714,20.0752,20.2536,20.6153,20.4942,20.6884,20.8702,21.0,21.6279,20.889,20.6163,20.7529,20.4546,20.7939,19.7434,20.1591,20.0173,19.9382,20.5931,20.5209,20.7402,20.9033,21.0649,21.4142,20.7413,20.7384,20.5061,20.4591,21.0829,20.7996,20.7302,20.8446,21.3722,21.4157,20.7939,21.0892,20.891,20.5442,20.9342,19.6092,19.6795,19.9412,19.6913,20.7123,19.7547,20.3931,20.9814,20.9481,21.3759,20.4106,20.2689,20.1882,20.741,21.572,20.5914,20.151,20.0556,20.7467,21.5292,19.9384,20.6715,21.0827,20.6969,20.5589,19.7219,19.7351,20.2613,20.0545,20.9562,20.615,19.6519,20.2845,19.5389,21.1472,19.7964,20.192,20.7637,21.2814,22.5191,19.7068,19.8326,19.5657,20.5444,21.9587,19.9847,19.8141,20.3288,20.1882,20.2014,20.0896,20.1654,20.4171,20.2692,20.8406,19.8333,20.3665,20.6958,21.021,22.8987,20.1353,19.9609,20.6784,20.5154,20.6827,19.8317,20.252,20.5578,21.1195,21.4872
795,4:49:15 PM,19.8046,19.6063,19.7823,20.1965,20.5425,20.2848,20.2991,20.6491,20.9066,20.9627,20.5107,20.5096,20.4226,20.4253,20.7208,20.5914,20.8635,20.7392,21.0721,21.5662,20.8605,20.8923,20.7622,20.3927,20.625,19.814,20.1967,19.8455,19.97,20.4566,20.6262,20.5553,20.8174,20.9418,21.2361,20.6429,20.6362,20.7103,20.39,20.848,21.0693,20.6546,20.9287,21.4195,21.6202,20.8129,21.0905,21.2468,20.5911,20.9422,19.8668,19.7148,19.8877,19.7192,20.5352,20.1027,20.3825,20.8886,20.9024,20.9758,20.7922,20.5455,20.3332,20.8213,21.7352,20.5859,20.6475,20.0154,20.6467,21.3121,20.291,20.5089,20.97,20.671,21.0191,19.9701,19.6392,19.9627,20.0846,20.8419,20.6805,19.6509,20.2448,19.5704,20.9033,20.1996,20.3344,20.6671,20.9922,22.1171,19.5852,19.599,19.9606,20.4902,22.1813,20.0245,20.0917,20.0098,20.3618,20.0086,19.9899,20.1053,20.3248,20.2719,20.9662,20.04,20.2081,20.29,20.952,22.8678,20.1332,20.2196,20.6355,20.7974,20.6266,19.6975,20.3766,20.3461,20.8007,21.3423
796,4:49:35 PM,19.8638,19.8858,20.0939,20.028,20.5932,20.3691,20.3686,20.749,21.1243,21.0814,20.3121,20.3945,20.2847,20.1727,20.4999,20.6316,20.6732,20.7604,20.8862,21.4365,20.6647,20.5484,20.7921,20.5162,20.7543,19.7698,19.9722,19.8289,19.9462,20.3899,20.9032,20.3297,20.8412,20.9705,21.3713,20.6734,20.5553,20.6855,20.4959,20.6809,20.5934,20.8343,20.8732,21.2543,21.3552,20.9438,21.2911,21.3358,20.4927,20.9937,19.7035,19.6121,19.9257,20.0847,20.6527,19.9023,20.4209,20.7141,20.8144,21.1181,20.5099,20.6086,20.3883,20.8063,21.6345,20.7462,20.1785,20.0471,20.5665,21.5432,19.9977,20.5739,20.7535,20.6728,20.9328,19.8743,19.799,19.8946,20.2863,20.7524,20.6975,19.7072,20.0846,19.8096,20.7956,19.9121,20.0645,20.7723,21.0296,21.6983,19.3592,19.7733,19.9267,20.6665,22.2501,19.8811,19.9577,20.1641,20.2653,20.3229,20.1246,20.1258,20.3514,20.3526,20.9129,20.0661,20.4751,20.5584,21.0889,22.8322,20.2576,20.2762,20.5039,20.6095,20.9861,19.9782,20.453,20.6413,20.8135,21.1497
797,4:49:55 PM,20.1087,20.0308,19.8302,20.169,20.3047,20.6172,20.3187,21.0231,20.9849,20.9762,20.4384,20.3251,20.0921,20.2108,20.5582,20.4927,20.8007,20.9959,20.7898,21.4479,20.8258,20.4443,20.6776,20.4934,20.8215,19.8954,19.9927,19.9372,19.9744,20.4446,20.6875,20.6736,21.1265,20.7073,21.5638,20.6156,20.6481,20.709,20.6273,21.2681,20.604,20.6328,20.7956,21.2896,21.3688,21.0257,21.1243,21.1884,20.9062,21.0128,19.9953,19.7698,19.9503,19.8535,20.5475,20.1311,20.3653,20.9162,21.1393,21.1029,20.5251,20.5237,20.3238,20.7568,21.4174,20.3854,20.2068,20.1045,20.8623,21.4973,20.373,20.6215,20.7249,20.5804,20.9224,19.8126,19.8894,20.0517,20.2417,20.6267,20.6693,19.7394,20.4833,19.779,20.9603,19.9819,20.0088,20.7838,20.9499,22.2816,19.7469,19.6505,19.8029,20.6947,22.1254,19.8547,20.1342,20.4102,20.1992,20.2609,20.0349,19.9712,20.299,20.3203,21.2355,20.275,20.3368,20.4183,21.1506,23.0803,20.4025,20.3978,20.5391,20.3543,21.0435,19.7915,20.2434,20.4204,20.7237,21.3319
798,4:50:15 PM,20.0033,20.0709,19.7084,20.2937,20.3678,20.5955,20.3665,20.6274,20.8863,20.926,20.541,20.669,20.2589,20.2173,20.6215,20.7485,20.838,20.5501,21.0522,21.6235,20.495,20.6412,20.6661,20.7628,20.8374,19.9801,20.1224,19.9445,19.8769,20.3418,20.7191,20.6932,20.8785,21.1293,21.5632,20.6835,20.425,20.673,20.9786,20.9959,20.5876,20.7451,20.9467,21.4101,21.5812,20.8545,21.0096,21.1434,20.6561,20.9877,19.8482,19.6273,19.8197,20.0685,20.6599,20.2636,20.4879,20.6334,21.0425,21.1476,20.3409,20.4598,20.4026,20.8001,21.4979,20.6958,20.5189,19.8248,20.6122,21.3163,19.9509,20.3588,20.8052,20.8886,20.6148,19.8953,19.8986,20.2651,20.2677,20.6217,20.5495,19.6693,20.392,19.9708,20.7742,19.9055,20.1869,20.54,20.7464,22.0879,19.6302,19.6274,19.9003,20.612,22.2427,19.6877,19.7339,20.0208,20.1982,20.2947,19.9794,20.2375,20.1292,20.2919,21.2837,19.9284,20.4097,20.6804,20.9401,22.9195,20.4993,20.1589,20.562,20.526,20.9993,19.7747,20.2569,20.419,20.9906,21.151
799,4:50:35 PM,19.7214,19.9003,19.6684,20.1136,20.4167,20.4361,20.3426,20.4467,20.9032,20.8879,20.5398,20.2943,20.4653,20.5294,20.76,20.3557,20.8034,20.8568,20.8007,21.3067,20.8299,20.5615,20.8467,20.8501,21.0104,19.8818,20.1668,19.6856,19.8917,20.3114,20.8483,20.5626,20.9328,21.0469,21.4359,20.6272,20.5643,20.6608,20.6303,20.4753,20.8612,20.5436,20.8971,21.3199,21.4376,21.1008,20.9853,20.9687,20.7134,20.9522,19.7863,19.7999,20.0303,20.001,20.6763,20.1644,20.2951,20.7315,21.229,21.0317,20.6635,20.3946,20.2579,20.7729,21.5572,20.6693,20.2591,20.1075,20.7563,21.3421,19.9636,20.6113,20.8589,20.6718,21.1387,19.9431,19.6701,20.0399,20.3813,20.896,20.8753,19.8262,20.2532,20.0014,20.7717,20.0081,20.3468,20.8867,21.2176,22.1873,19.5362,19.6894,19.9661,20.6326,22.0323,19.6996,19.7534,20.0166,20.1449,20.2705,20.2582,20.0162,20.2685,20.5128,21.6487,20.2008,20.4839,20.6624,21.3001,22.912,20.4117,19.9503,20.5433,20.3825,20.9267,19.885,20.2336,20.6541,20.7071,21.3852
800,4:50:55 PM,20.047,20.1006,19.7866,20.2312,20.7388,20.4257,20.5182,20.6838,20.7816,20.6445,20.5137,20.2843,20.2136,20.3749,20.7114,20.5465,20.7987,20.6758,20.8889,21.4336,20.6495,20.6804,20.9651,20.4485,21.129,19.9991,20.275,19.9946,19.8473,20.3469,20.7567,20.4037,20.7739,20.9915,21.5376,20.4499,20.7327,20.5984,20.7834,21.1753,20.7491,20.7576,20.8721,21.3248,21.5517,20.9574,21.1526,21.0375,20.7771,20.9562,19.7715,19.7837,19.7821,19.8461,20.6966,20.0196,20.4389,20.6447,21.2539,20.8819,20.8148,20.3236,20.3271,20.6813,21.5716,20.4988,20.3422,20.0257,20.5397,21.3422,20.1574,20.3968,20.7513,20.7349,21.1893,19.8442,19.6092,19.9849,20.3874,20.5305,20.6806,19.8532,20.0241,19.9168,21.0722,20.2319,20.5064,20.9051,21.5286,22.6588,19.5813,19.7198,19.8487,20.9663,22.027,19.8185,19.8886,20.2548,20.0571,20.113,20.1515,20.0124,20.4602,20.453,21.73,19.9417,20.3124,20.6047,21.1012,21.9858,20.4278,20.1276,20.4275,20.3836,20.8726,19.5878,20.3266,20.5918,20.926,21.4091
801,4:51:15 PM,19.8912,19.8808,19.8816,20.0854,20.4671,20.3952,20.407,20.5563,20.7113,20.9346,20.4604,20.3557,20.315,20.6201,20.7887,20.5279,20.7407,20.6716,20.7378,21.4888,20.9978,20.8885,20.7967,20.5989,21.0343,19.9615,20.2805,20.0939,20.063,20.5154,21.0839,20.311,20.8976,21.0246,21.5307,20.7485,20.5128,20.8567,20.7825,20.9354,20.7983,20.6852,20.6633,21.421,21.6955,20.9802,21.2282,21.0315,20.6624,20.8662,19.8202,19.6239,19.7625,19.8841,20.6047,20.0802,20.3518,20.7588,21.145,21.1473,20.2251,20.358,20.2205,20.9682,21.6014,20.6526,20.3184,19.9472,20.5159,21.6358,19.9191,20.568,20.6928,20.5947,20.6415,19.8159,19.683,19.8602,20.4204,20.782,20.6894,19.6439,20.4005,19.8385,20.7765,19.8348,20.3275,20.6984,20.9598,22.5934,19.6692,19.7139,19.5325,20.5428,21.8206,19.7881,19.8594,20.2551,20.0648,19.8344,19.9547,20.0377,20.204,20.5486,21.3595,20.2121,20.2489,20.5761,21.1325,22.8334,20.3613,19.9971,20.639,20.4396,20.7347,19.6341,20.3004,20.4635,21.0617,21.5622
802,4:51:35 PM,19.7245,19.971,19.953,20.2968,20.3835,20.588,20.4579,20.8814,20.894,20.6979,20.7348,20.5201,20.4969,20.3187,20.8157,20.4131,20.7401,20.9177,20.9974,21.4655,20.9091,20.5665,20.6851,20.3464,21.0201,19.9583,20.2602,20.1684,19.9212,20.43,20.7238,20.4629,20.8463,20.8718,21.4634,20.6386,20.3961,20.8791,20.8937,21.0351,20.976,20.852,20.6623,21.4402,21.5886,20.9907,21.2857,21.2123,20.6842,20.9054,19.7068,19.639,19.8197,20.1022,20.7591,20.0662,20.5364,20.6874,21.0559,21.4094,20.5083,20.5065,20.1988,20.6914,21.509,20.7589,20.3855,20.015,20.6104,21.3327,19.927,20.6454,20.9058,20.3645,20.9946,19.7203,19.7446,19.9579,20.1301,20.6242,20.598,19.71,20.0352,19.6481,20.7283,20.0484,20.5119,20.7818,20.9734,22.4068,19.7143,19.6632,19.7224,20.3878,21.9898,19.8705,19.7748,20.2686,20.0163,20.3927,20.0722,20.0192,20.4395,20.4253,21.2818,20.3753,20.3774,20.5035,21.3377,23.2464,20.2134,20.0819,20.5856,20.5242,20.9764,20.1489,20.2383,20.5331,20.9453,21.7423
803,4:51:55 PM,19.8442,19.9729,19.9113,20.1211,20.5152,20.3065,20.4994,20.7458,20.86,20.9009,20.3764,20.3474,20.1543,20.359,20.6285,20.5294,20.6968,20.8174,20.94,21.5684,20.5994,20.7104,20.7822,20.3046,20.8253,19.9581,20.0681,20.0523,20.1576,20.3253,20.5018,20.431,20.9372,20.8552,21.3571,20.6557,20.4665,20.6301,20.9983,20.9946,20.616,20.7951,21.025,21.1487,21.5412,20.9362,21.2886,21.1085,20.6417,21.0968,19.9619,19.5233,19.8267,19.9219,20.7155,20.2064,20.2249,20.8724,20.8568,21.1728,20.2204,20.3366,20.2845,21.0916,21.7815,20.6042,20.4287,19.9143,20.4763,21.4191,20.013,20.5657,20.802,20.7677,20.7648,19.7513,19.6611,20.0231,20.2562,20.7139,20.5617,20.0904,20.3222,19.8326,20.896,19.9604,20.1507,20.9053,21.2229,22.3322,19.5153,19.6304,19.8068,20.9061,21.8684,19.5657,19.9678,20.3292,20.2162,20.3116,19.9443,20.1396,20.2944,20.5699,21.301,20.1157,20.5059,20.4211,20.967,22.7252,20.4803,20.3857,20.5523,20.6474,21.4418,19.8217,20.2134,20.4344,20.9884,21.4733
804,4:52:15 PM,19.904,19.7838,20.0178,20.2916,20.4742,20.359,20.7306,20.8656,20.7754,20.9751,20.572,20.4265,20.1021,20.4654,20.9016,20.4869,20.6172,20.9224,20.9702,21.4713,20.7844,20.8308,20.8891,20.3893,20.9537,19.8828,19.96,19.8617,20.1913,20.3845,20.8216,20.6254,20.7188,20.9422,21.4271,20.5975,20.3218,20.612,20.6886,20.9915,20.6737,20.9044,21.0065,21.2919,21.6321,21.0313,21.15,21.1434,20.5699,21.0887,19.6991,19.6437,19.9278,19.9329,20.7643,19.9604,20.3942,20.7966,20.9003,21.0024,20.4771,20.5474,20.2868,20.97,21.8581,20.4789,20.3987,20.0823,20.6648,21.4938,19.9625,20.3967,20.6322,20.5826,20.8171,19.7272,19.6129,19.8761,20.1349,20.5884,20.6779,19.6862,20.1114,19.8549,20.8017,19.9836,20.2557,20.7328,21.1611,22.6133,19.2948,19.5786,19.7836,20.1221,22.0225,19.7061,19.9676,20.1776,20.055,20.7015,19.9793,20.2583,20.3737,20.3541,21.2869,20.0459,20.3136,20.6506,20.8068,21.8956,20.3464,20.245,20.521,20.5405,21.1114,19.6425,20.3029,20.5135,21.1044,21.418
805,4:52:35 PM,19.8779,19.8749,19.9892,20.0919,20.5047,20.5218,20.4263,20.6955,20.9484,21.0965,20.3745,20.2161,20.0913,20.2528,20.5195,20.5558,20.7428,20.9683,20.9874,21.4406,20.9847,20.7202,20.7879,20.3879,21.0018,20.1455,20.2066,19.8898,20.3183,20.5024,20.8403,20.3686,21.0293,20.7467,21.498,20.6325,20.6987,20.552,20.5471,20.8367,20.6892,20.858,20.9643,21.2163,21.4868,21.0986,21.1497,21.0673,20.6648,21.2874,19.8538,19.3458,19.9298,19.9793,20.7145,20.0647,20.3444,20.7392,20.8017,21.0862,20.4469,20.3576,20.2549,20.7523,21.7123,20.6765,20.3894,20.1903,20.5685,21.5558,20.0157,20.5374,20.7915,20.4939,20.8398,19.8225,19.6879,19.8031,20.3308,20.8023,20.6034,19.7004,20.2157,19.902,20.9714,19.8707,20.2455,20.5376,20.9898,22.3653,19.5256,19.5185,20.0606,20.8232,22.045,19.9012,19.9111,20.2479,20.1148,20.315,20.0188,20.0895,19.9865,20.4589,21.2305,20.0997,20.2576,20.789,21.0407,23.3309,20.4884,20.46,20.3804,20.6025,20.8866,19.7266,20.3725,20.5539,21.0738,21.44
806,4:52:55 PM,19.8034,20.0818,19.612,20.1639,20.4505,20.5121,20.4706,20.6545,21.086,21.0181,20.657,20.3458,20.158,20.4594,20.7071,20.3932,20.7161,20.7101,20.6668,21.5589,20.7955,20.7059,20.7977,20.6342,20.9772,20.1331,19.9971,20.2414,19.9547,20.4633,20.7818,20.6415,20.6819,20.9545,21.3764,20.5636,20.6017,20.5559,20.8471,21.1052,20.7402,20.721,20.8781,21.2242,21.5693,20.9316,21.1721,21.1581,20.7116,20.954,19.6602,19.4635,19.9398,19.9411,20.5611,19.801,20.6021,20.8236,20.9532,21.1488,20.2851,20.3608,20.3084,20.848,21.7579,20.6421,20.3226,20.0399,20.5044,21.5097,20.099,20.286,20.7849,20.7461,21.0215,19.6906,19.5864,19.9672,20.1157,20.7432,20.4803,19.6904,20.4496,19.8224,20.9395,19.8881,20.4098,20.812,21.117,22.5741,19.7152,19.8491,19.9306,20.5429,21.8478,19.816,20.0005,19.9486,20.3795,20.1661,20.0829,20.0046,20.407,20.4026,21.3693,19.938,20.369,20.4735,21.1344,23.1895,20.3836,20.4337,20.3797,20.5371,20.7805,19.7832,20.3344,20.6949,20.9302,21.5254
807,4:53:15 PM,19.9825,19.7863,19.8921,20.3189,20.4979,20.2019,20.3866,20.7375,20.9654,20.9536,20.2561,20.5058,20.2525,20.4236,20.6043,20.3841,20.7396,20.7279,20.9493,21.4657,20.6937,20.6899,20.8916,20.3463,20.8157,19.9693,20.2036,19.8442,19.818,20.3492,20.8223,20.4743,21.1909,20.5285,21.405,20.6841,20.6048,20.6708,20.5558,20.5304,20.7032,20.8004,20.861,21.203,21.3268,20.9806,21.0687,21.1234,20.793,21.1147,19.8878,19.4815,19.9244,20.0305,20.616,19.8736,20.4133,20.8671,20.9659,20.797,20.5327,20.4644,20.2644,20.6254,21.4873,20.6876,20.3693,20.0015,20.6628,21.2202,19.81,20.4633,20.7109,20.4743,20.8554,19.8995,19.674,20.0701,20.27,20.8191,20.5829,19.9414,20.382,19.7303,21.1011,20.0281,20.0625,20.9383,20.8241,22.2617,19.63,19.7143,19.619,20.591,22.0728,19.6352,19.6573,20.1027,19.8012,20.6347,20.1153,20.0133,20.5646,20.5419,21.5035,20.0198,20.3438,20.5356,21.0689,22.9932,20.497,19.8859,20.6887,20.8476,20.6573,19.759,20.4328,20.6755,21.1741,21.5623
808,4:53:35 PM,20.0425,19.9514,20.0615,20.2653,20.5024,20.3315,20.4735,20.9901,21.0606,20.9279,20.5861,20.189,20.2118,20.5794,20.5526,20.5425,20.9075,20.727,20.8686,21.5799,20.7503,20.6526,20.5102,20.3884,20.8854,19.9052,20.2708,19.8097,20.1819,20.5194,20.6337,20.3703,21.0075,20.8187,21.3253,20.538,20.548,20.4771,20.7041,20.8927,20.5812,20.7833,20.9574,21.1743,21.7381,20.963,21.0554,21.0473,20.8047,21.0374,19.8249,19.5482,19.898,20.0181,20.555,20.0648,20.4615,20.7708,21.093,21.0864,20.4823,20.4863,20.1884,21.0691,21.684,20.4945,20.4408,20.0239,20.7232,20.9641,19.8699,20.4835,20.712,20.686,21.1405,19.9256,19.8247,20.0641,20.1439,20.561,20.4663,19.9029,19.943,19.763,20.7865,19.7912,20.2538,20.9034,21.244,22.6717,19.4871,19.7301,19.4436,20.5279,21.9026,19.6253,19.7474,20.2312,20.174,20.3227,20.0836,20.1618,20.3568,20.1526,21.4278,20.0406,20.335,20.6152,20.9713,23.1904,20.4543,20.1245,20.592,20.576,20.8973,19.6709,20.3672,20.3862,20.9514,21.3868
809,4:53:55 PM,20.0242,19.9055,19.8667,20.318,20.43,20.3378,20.4048,20.7636,21.0623,21.0402,20.3613,20.4123,20.2355,20.0707,20.7426,20.5136,20.7886,20.8852,20.969,21.3848,20.5558,20.6356,20.6441,20.4926,20.9369,19.9764,20.0167,19.732,19.8819,20.2603,20.8012,20.42,20.8972,20.8748,21.3913,20.373,20.4922,20.6916,20.8778,21.0643,20.6867,20.6807,20.8965,21.2807,21.6125,20.9703,20.9786,20.9048,20.656,21.3002,19.9335,19.592,19.86,19.9136,20.7793,19.923,20.4747,20.7647,21.0067,21.1098,20.5316,20.3958,20.143,20.9205,21.611,20.7038,20.3566,20.0854,20.5965,21.4278,19.9442,20.6153,20.7849,20.7068,20.8703,19.8134,19.6167,20.0803,20.2561,20.7892,20.5892,19.6954,20.5005,19.576,20.6672,20.0454,20.3502,20.8424,21.0963,22.6018,19.4693,19.6944,19.8493,20.551,21.9827,19.8089,20.0528,20.1404,20.256,20.1426,20.0025,20.3028,20.4822,20.3159,21.2698,20.1711,20.5077,20.7158,21.2015,22.745,20.5463,20.0998,20.6638,20.7909,20.6658,19.9317,20.3136,20.5529,20.8681,21.4865
810,4:54:15 PM,19.8668,19.918,19.6393,20.0417,20.3224,20.5209,20.3232,20.7523,20.9463,20.7546,20.4835,20.1398,20.291,20.4327,20.3958,20.6523,20.8643,20.8039,20.8237,21.3814,20.8607,20.587,20.7893,20.3966,21.0154,19.8037,20.1114,20.1366,20.3123,20.3113,20.5064,20.5992,20.9849,21.0658,21.3488,20.64,20.5331,20.5893,20.6948,20.7898,20.7106,20.8174,20.6248,21.1898,21.5227,21.0554,21.2202,21.1113,20.5505,20.8289,19.7054,19.598,19.8742,19.7736,20.6772,20.1845,20.499,20.7901,21.0237,21.1646,20.5264,20.5158,20.4115,20.9848,21.6622,20.5307,20.5081,20.0462,20.527,21.4612,20.3263,20.3181,20.6814,20.6178,21.058,19.599,19.6024,19.8195,20.129,20.6493,20.5216,19.829,20.4535,19.6641,20.6485,19.9636,20.1272,20.7253,21.2769,22.9079,19.6844,19.5018,19.7419,20.7152,21.8712,19.9295,19.9882,20.3636,19.9909,20.5104,20.147,20.3245,20.2207,20.3072,21.5857,19.9865,20.3375,20.506,21.0014,23.3122,20.2758,20.0893,20.6037,20.5395,21.0318,19.7373,20.2518,20.3653,20.8865,21.0773
811,4:54:35 PM,19.9574,19.8659,19.7497,20.1597,20.4116,20.7694,20.348,20.885,20.9186,20.9481,20.5459,20.4841,20.3475,20.5086,20.7574,20.6102,20.6945,20.6284,21.0655,21.3552,20.6647,20.6509,20.7777,20.8702,20.9141,20.1262,20.2239,19.9299,20.0952,20.4811,21.0097,20.3259,20.942,20.9437,21.2519,20.5688,20.608,20.5785,20.7388,20.92,20.6975,20.8935,20.898,21.1407,21.668,20.7107,21.1651,21.0818,20.6707,21.0093,19.9128,19.5027,19.8365,19.8586,20.7866,20.3974,20.5471,20.7136,21.0692,21.0839,20.6937,20.4944,20.2863,20.8422,21.6423,20.6221,20.3065,19.9899,20.5643,21.6897,20.1915,20.6739,20.5432,20.6392,21.0049,19.8063,19.9062,19.9685,20.3009,20.709,20.6965,19.8644,20.1999,19.747,21.0173,19.9966,20.299,20.6406,21.127,22.4095,19.632,19.6941,19.992,20.689,22.0224,19.7854,19.8831,20.3025,20.0928,20.2414,20.2195,20.1864,20.4293,20.2493,20.95,20.2922,20.3522,20.5387,20.8499,21.7501,20.458,20.24,20.5032,20.6264,21.2865,19.7474,20.2502,20.4597,21.0323,21.3801
812,4:54:55 PM,20.0405,20.0111,20.0008,20.1296,20.5118,20.569,20.2981,20.8011,20.9641,20.9325,20.5731,20.5039,20.272,20.3924,20.4665,20.6053,20.7362,20.8015,20.8409,21.289,20.776,20.5687,20.6547,20.7166,20.9765,20.0829,20.3137,19.9899,19.8973,20.2913,20.5516,20.5398,21.1251,21.143,21.6075,20.6698,20.5954,20.601,20.6785,20.9334,20.6915,20.7267,20.7589,21.2455,21.4802,20.9865,21.2437,21.0518,20.69,21.0242,19.7242,19.7711,20.0012,20.0556,20.7486,20.1712,20.3295,20.7283,20.9544,21.0506,20.4217,20.5122,20.3622,20.7834,21.8423,20.5781,20.2491,20.1779,20.6295,21.411,20.0677,20.2211,20.4825,20.5696,20.5627,19.9963,19.8039,19.9004,20.4494,20.7364,20.618,19.9137,20.4724,19.8788,21.0502,20.1567,20.365,20.8458,21.1872,22.348,19.6339,19.8723,19.7406,20.417,22.1285,20.0033,19.7338,19.9725,19.9576,19.9127,20.1846,20.2329,20.2569,20.5668,21.2431,20.2248,20.2031,20.3868,21.1098,22.7394,20.5061,20.3915,20.4806,20.5465,20.6816,19.866,20.3598,20.5705,20.9283,21.4145
813,4:55:15 PM,20.129,20.104,19.8876,20.0695,20.5244,20.2758,20.5323,20.8611,20.8855,21.2669,20.4175,20.2935,20.2998,20.4214,20.5014,20.5322,20.6474,20.9164,20.829,21.6223,20.611,20.3846,20.5722,20.6025,20.8634,19.9071,20.2195,20.0342,20.2002,20.4373,20.7809,20.3625,20.8793,20.8983,21.407,20.6297,20.5008,20.747,20.3855,20.6795,20.7171,20.8545,20.7848,21.1015,21.6089,20.7134,21.0377,21.1008,20.5335,20.9874,20.0245,19.9698,19.7885,19.8443,20.6838,19.99,20.447,20.5528,20.91,21.0718,20.2573,20.4391,20.6203,20.8084,21.6042,20.3264,20.3499,19.9698,20.5693,21.0395,20.0022,20.6827,20.8586,20.5237,20.7507,20.0212,19.8586,20.0434,20.1806,20.558,20.5185,20.0703,20.2225,19.8306,20.9697,20.0774,20.3677,21.0295,21.2632,22.7901,19.6921,19.6347,19.4346,20.4482,21.9379,19.9767,19.8213,20.1008,19.9308,19.9089,19.967,20.3151,20.3156,20.1734,21.2858,20.0801,20.4783,20.7843,20.9784,22.6412,20.3046,20.2558,20.5218,20.3699,21.1174,19.8133,20.3167,20.3731,21.1348,21.3073
814,4:55:35 PM,20.2451,20.1851,20.0305,20.2312,20.5644,20.4534,20.5845,20.9309,20.9328,21.007,20.4828,20.4414,20.1946,20.3567,20.489,20.6236,20.6967,20.7094,21.0079,21.5787,20.6186,20.5967,20.8378,20.4769,20.9963,19.9543,20.2473,19.9076,20.0083,20.3786,20.7889,20.4453,20.8564,20.845,21.5597,20.5509,20.4433,20.6443,20.5437,20.6715,20.4288,20.7523,21.0043,21.1513,21.614,20.9996,21.1974,21.0505,20.6401,20.9545,19.7932,19.7077,19.8678,19.8148,20.6933,20.102,20.3738,20.6317,21.1793,20.9362,20.3724,20.4427,20.1286,21.021,21.5082,20.5266,20.2516,20.1848,20.5723,21.4045,19.9005,20.5024,20.6734,20.5556,20.9183,19.8483,19.5975,19.9733,20.3995,20.4058,20.7001,19.7899,19.8355,19.9294,20.8432,20.1022,20.4398,21.1889,21.5374,22.7124,19.9072,19.5777,19.9819,20.4978,21.8767,19.6922,19.9049,20.1512,20.09,20.004,20.1503,20.158,20.3483,20.3164,21.5383,20.3737,20.4618,20.722,21.0018,22.9418,20.5005,20.2862,20.4566,20.6187,21.2243,19.9125,20.4732,20.7916,21.1069,21.2654
815,4:55:55 PM,20.0296,20.3224,19.7143,20.1825,20.3574,20.4075,20.3009,20.6913,20.9873,20.9333,20.5169,20.3776,20.265,20.3287,20.846,20.5974,20.6368,20.6365,20.8894,21.5942,20.5949,20.514,20.6933,20.4419,20.9147,19.7848,20.0939,20.01,19.8009,20.2201,20.9121,20.5164,20.9965,20.9066,21.4906,20.6452,20.4576,20.6146,20.5932,20.6873,20.6353,20.6613,20.8806,21.3846,21.5698,21.0804,21.0175,21.1721,20.8798,21.0747,19.9164,19.7561,19.8065,19.8964,20.5779,20.3242,20.4075,20.8997,21.2639,21.1373,20.1479,20.3068,20.2401,21.0025,21.5264,20.6347,20.2892,20.1027,20.5108,21.5454,19.8517,20.2965,20.7976,20.5921,20.8886,19.8092,19.8477,20.0224,20.2906,20.6411,20.7768,19.9861,20.3018,19.9478,21.2951,19.7083,20.3735,21.0807,21.2143,22.4167,19.6402,19.7179,19.8515,20.6639,21.8162,19.7501,19.6737,20.1727,19.9239,20.133,20.1904,20.1242,20.47,20.5192,21.3764,20.201,20.4049,20.621,20.9155,22.8058,20.6506,20.2075,20.5518,20.4346,21.0902,19.754,20.1855,20.3979,20.9995,21.3973
816,4:56:15 PM,20.1557,19.9711,19.6814,20.0741,20.3769,20.2574,20.4725,20.633,20.8625,21.0807,20.6875,20.5633,20.3135,20.7008,20.8427,20.566,20.7734,20.9677,20.8137,21.6087,20.9166,20.7891,20.7256,20.6755,21.1344,20.0576,20.288,20.0283,20.4534,20.4665,20.7289,20.4136,21.1008,20.9469,21.3334,20.6833,20.6434,20.5562,20.4976,20.683,20.6933,20.9117,20.7572,21.5491,21.6362,21.0205,20.8853,21.2338,20.6421,20.9897,20.1525,19.8919,19.9692,19.9538,20.6319,20.2611,20.5345,20.9627,21.0748,21.2158,20.2126,20.3538,20.2817,20.958,21.8734,20.5128,20.2294,20.2418,20.6395,21.4642,20.6656,20.5835,20.7896,20.8314,20.8898,20.0224,19.8203,20.1383,20.3326,20.8222,20.6251,19.9147,20.4259,20.1425,21.397,20.0021,20.2525,20.8683,21.0169,22.2109,19.9743,19.8981,20.1202,20.545,21.6524,20.0755,20.1157,20.1631,20.139,20.4852,20.3274,20.1875,20.541,20.54,21.0465,20.2453,20.4958,20.5463,21.0572,23.1314,20.6651,20.2086,20.4444,20.6662,21.1935,19.9472,20.4808,20.5877,21.2098,21.6737
817,4:56:35 PM,20.2379,20.3451,19.9957,20.2824,20.683,20.3941,20.309,20.4865,20.8602,21.1956,20.5894,20.5898,20.5519,20.841,21.2366,20.815,20.7114,20.8381,20.8553,21.6346,20.6361,20.4891,20.6842,20.7011,21.275,20.143,20.3854,20.3313,20.2476,20.4521,20.9294,20.3387,20.9442,20.7758,21.4823,20.5641,20.3146,20.8208,20.6703,21.1074,20.623,20.8434,20.8101,21.3385,21.7137,21.0573,20.9902,21.0624,20.6743,21.153,20.0137,20.1638,20.1384,20.1746,20.7584,20.2944,20.5315,20.8794,21.1981,21.3686,20.4358,20.5456,20.4443,20.8975,21.3671,20.4815,20.4126,20.091,20.812,21.6222,20.8295,20.6677,20.7658,20.473,21.0825,20.0829,20.0112,20.1783,20.3738,20.8677,20.7344,20.0832,20.3627,20.4425,21.4189,20.5306,20.6254,21.2899,21.0571,22.4783,20.1519,19.9852,20.1143,20.9166,21.687,20.362,20.1393,20.4404,20.4278,21.0679,20.3055,20.2371,20.4802,20.4692,22.1079,20.3657,20.7116,20.5887,21.2204,22.9826,20.7645,20.4171,20.6481,20.6854,21.323,20.2717,20.3826,20.5602,21.1261,21.9047
818,4:56:55 PM,20.455,20.2835,20.1341,20.4192,20.9275,20.4531,20.6914,20.8213,21.1296,21.2971,20.6744,20.653,20.578,21.2047,21.5529,20.4169,20.8352,20.8231,20.8738,21.555,21.0014,20.5607,20.7914,21.6873,21.3729,20.2353,20.7773,20.5731,20.4246,20.5116,21.214,20.4556,21.0433,21.038,22.1566,20.8872,20.7943,20.9887,21.1073,21.7764,20.482,20.8093,21.0582,21.3495,21.7743,20.8371,21.1498,21.0894,20.858,21.2447,20.4048,20.2949,20.1334,20.3249,20.8097,20.4708,20.5118,20.91,21.2342,21.6804,20.5769,20.6175,20.4346,21.3216,21.9985,20.649,20.2356,20.1103,20.8364,21.5882,21.1684,20.7326,21.0134,20.6356,21.2076,20.3259,20.1105,20.126,20.7015,20.8928,20.8473,20.0841,20.6298,20.5275,21.9276,20.7705,20.5074,21.2739,22.0321,22.9778,20.3513,20.0434,20.4878,20.9368,22.2087,20.4655,20.5309,20.4387,20.612,21.607,20.1634,20.3994,20.6165,20.46,22.3674,20.4595,20.701,20.9992,21.7022,23.1386,20.8431,20.6711,20.5894,20.8286,21.7568,20.676,20.5535,20.7827,21.3922,22.2818
819,4:57:15 PM,20.4745,20.5638,20.4073,20.5595,21.0341,20.652,20.6693,21.1149,21.4431,21.4752,20.6873,20.566,20.6782,21.3279,22.2149,20.7348,20.9196,20.895,21.175,21.8238,20.8997,20.9758,20.7378,21.6818,21.8877,20.4051,20.4794,20.4528,20.8249,20.7466,21.3473,20.6327,21.1509,20.9943,22.0397,20.9595,20.8576,21.0404,21.904,22.013,20.8804,21.1385,21.4549,21.6511,22.0913,21.0522,21.165,21.1833,20.8701,21.6251,20.4093,20.4707,20.2841,20.8519,20.9072,20.6945,20.717,20.9199,21.6698,21.832,20.482,20.5731,20.6219,21.5047,22.056,20.7562,20.6026,20.2764,21.0229,22.0979,21.0808,20.8322,21.2856,21.0122,21.274,20.4678,20.3573,20.186,21.2031,21.0296,20.8655,20.3273,20.5754,20.4347,22.4223,20.8196,20.5708,21.1802,22.234,23.0424,20.6493,20.0403,20.5543,21.4943,22.2387,20.3491,20.7886,20.4754,21.2902,22.385,20.335,20.5158,20.6301,20.7559,22.5578,20.7249,20.5548,20.9601,21.8947,23.492,21.0454,20.7894,20.9558,21.082,22.2323,20.5503,20.6807,20.7798,21.4123,22.6208
