Row,Time,Temperature1(Voltage),Temperature2(Voltage),Temperature3(Voltage),Temperature4(Voltage),Temperature5(Voltage),Temperature6(Voltage),Temperature7(Voltage),Temperature8(Voltage),Temperature9(Voltage),Temperature10(Voltage),Temperature11(Voltage),Temperature12(Voltage),Temperature13(Voltage),Temperature14(Voltage),Temperature15(Voltage),Temperature16(Voltage),Temperature17(Voltage),Temperature18(Voltage),Temperature19(Voltage),Temperature20(Voltage),Temperature21(Voltage),Temperature22(Voltage),Temperature23(Voltage),Temperature24(Voltage),Temperature25(Voltage),Temperature26(Voltage),Temperature27(Voltage),Temperature28(Voltage),Temperature29(Voltage),Temperature30(Voltage),Temperature31(Voltage),Temperature32(Voltage),Temperature33(Voltage),Temperature34(Voltage),Temperature35(Voltage),Temperature36(Voltage),Temperature37(Voltage),Temperature38(Voltage),Temperature39(Voltage),Temperature40(Voltage),Temperature41(Voltage),Temperature42(Voltage),Temperature43(Voltage),Temperature44(Voltage),Temperature45(Voltage),Temperature46(Voltage),Temperature47(Voltage),Temperature48(Voltage),Temperature49(Voltage),Temperature50(Voltage),Temperature51(Voltage),Temperature52(Voltage),Temperature53(Voltage),Temperature54(Voltage),Temperature55(Voltage),Temperature56(Voltage),Temperature57(Voltage),Temperature58(Voltage),Temperature59(Voltage),Temperature60(Voltage),Temperature61(Voltage),Temperature62(Voltage),Temperature63(Voltage),Temperature64(Voltage),Temperature65(Voltage),Temperature66(Voltage),Temperature67(Voltage),Temperature68(Voltage),Temperature69(Voltage),Temperature70(Voltage),Temperature71(Voltage),Temperature72(Voltage),Temperature73(Voltage),Temperature74(Voltage),Temperature75(Voltage),Temperature76(Voltage),Temperature77(Voltage),Temperature78(Voltage),Temperature79(Voltage),Temperature80(Voltage),Temperature81(Voltage),Temperature82(Voltage),Temperature83(Voltage),Temperature84(Voltage),Temperature85(Voltage),Temperature86(Voltage),Temperature87(Voltage),Temperature88(Voltage),Temperature89(Voltage),Temperature90(Voltage),Temperature91(Voltage),Temperature92(Voltage),Temperature93(Voltage),Temperature94(Voltage),Temperature95(Voltage),Temperature96(Voltage),Temperature97(Voltage),Temperature98(Voltage),Temperature99(Voltage),Temperature100(Voltage),Temperature101(Voltage),Temperature102(Voltage),Temperature103(Voltage),Temperature104(Voltage),Temperature105(Voltage),Temperature106(Voltage),Temperature107(Voltage),Temperature108(Voltage),Temperature109(Voltage),Temperature110(Voltage),Temperature111(Voltage),Temperature112(Voltage),Temperature113(Voltage),Temperature114(Voltage),Temperature115(Voltage),Temperature116(Voltage),Temperature117(Voltage),Temperature118(Voltage),Temperature119(Voltage),Temperature120(Voltage)
1,12:24:35 PM,26.7755,26.915,26.8414,27.0128,26.9294,26.8272,26.9532,26.7909,26.8051,26.9326,27.0384,26.9733,26.8834,26.8694,26.9852,27.0289,26.912,27.0042,27.0692,26.9359,27.104,27.0354,26.7162,26.8468,26.7877,27.0931,27.1541,27.0997,26.9969,26.7089,27.0064,27.008,26.9809,27.126,26.9029,27.1912,27.0045,27.0198,26.8868,27.0086,26.9782,27.0119,27.1886,27.1023,26.8648,27.0101,27.2708,27.0558,26.912,26.7341,27.2823,27.1043,27.0406,27.5858,27.0742,27.3984,27.118,27.0222,27.0639,26.9664,26.8561,26.748,26.687,27.001,26.7236,27.0267,26.8589,26.4062,26.6746,26.7591,27.4733,27.1276,26.9755,26.9793,26.96,26.881,26.849,26.7407,27.1558,26.9749,26.8056,26.784,26.7348,27.0241,26.6751,27.1512,26.999,27.3097,27.1896,26.6608,26.792,26.8179,26.7266,27.0024,26.3771,27.3665,26.9489,26.8954,27.0792,27.0878,26.9818,26.9518,27.0982,27.0474,26.9028,27.0362,27.0178,26.6642,27.0698,26.1951,27.4991,27.0807,26.9975,26.8395,26.804,27.0615,26.9451,27.0698,26.9763,26.8151
2,12:24:55 PM,26.7895,26.8734,27.0454,27.0008,27.1372,26.9936,26.9333,26.7239,26.8782,26.8322,26.8883,26.9644,27.0002,27.0642,26.8973,26.9532,26.9384,26.9584,26.8795,26.9675,27.1563,27.0518,26.8146,26.8108,26.6018,27.11,27.3213,27.0149,27.0389,26.8225,27.2316,27.1292,27.1813,27.2125,26.8778,27.0443,26.9591,27.2477,26.884,26.9426,26.8874,27.1169,27.4489,27.0923,26.8954,27.0705,27.1155,27.0487,26.7864,26.7038,27.2402,27.0856,27.0885,27.4027,27.159,27.4387,26.8755,27.1015,27.0938,26.9932,26.8042,26.7776,26.8429,27.1387,26.6512,27.0982,26.7303,26.5224,26.686,26.7795,27.3286,27.0606,27.1261,27.1741,26.9692,26.966,26.8296,26.6191,27.2355,27.11,26.9195,27.0191,26.7363,26.8742,26.5408,27.2691,26.9725,27.3058,27.1994,26.5377,26.721,26.891,26.7062,27.0222,26.4341,27.459,26.9835,26.8257,27.0277,27.0467,27.049,27.0237,27.0199,26.923,26.6442,26.8689,26.9775,26.6699,27.1036,26.4507,27.4623,26.9703,27.0503,26.9695,26.6882,27.008,26.9603,27.0561,27.0429,26.919
3,12:25:15 PM,26.7745,26.8251,26.8466,26.9861,26.9264,26.9056,27.0667,27.0201,26.802,26.835,26.9326,26.949,26.7951,26.9312,26.9903,26.8566,26.8794,27.0639,26.9719,26.8535,27.2044,26.9423,26.8092,26.8522,26.5173,27.1298,27.1807,27.148,26.993,26.8119,27.1093,27.1013,27.0494,26.9878,26.7697,27.0756,26.8774,27.135,27.0029,27.0987,27.078,27.0672,27.3348,27.2992,26.9131,27.0123,27.1805,27.2143,26.7589,26.7379,27.1406,26.9664,27.0563,27.49,27.1195,27.2992,26.9643,27.075,26.9442,26.9929,26.8528,26.7429,26.9581,27.036,26.7751,27.1416,26.7738,26.4836,26.7926,26.6488,27.495,27.0342,27.1192,27.0985,26.8357,26.7448,26.7211,26.7898,27.2036,27.2979,26.9555,27.0408,26.7819,26.8532,26.6209,27.0734,26.9975,27.1969,27.1185,26.5866,26.6662,26.8539,26.8908,26.9559,26.4278,27.3797,27.2944,26.8829,27.1007,26.9256,26.9501,27.101,26.9864,27.0847,26.7128,27.1282,27.0455,26.7112,27.23,26.3766,27.4099,26.9456,26.9704,26.9087,26.5744,27.0687,26.9942,27.0537,26.9383,26.6968
4,12:25:35 PM,26.8047,26.9701,26.9536,27.0175,26.8866,26.8738,27.0461,26.8652,27.1084,26.8594,26.8976,26.8323,27.1537,26.9701,26.9873,27.0437,26.9817,27.032,26.9247,26.9265,27.1656,26.9599,26.7658,26.7859,26.7542,27.1484,27.2261,26.9456,27.0149,26.7588,27.0493,27.2262,27.0987,27.1717,26.9178,27.0713,26.9258,27.0421,26.9039,27.1117,26.8387,27.1103,27.3667,27.204,26.9709,27.1685,27.1126,27.1272,26.8001,26.9441,27.2162,27.0051,27.1695,27.5065,26.8651,27.3444,26.9979,27.0048,27.102,26.751,26.9296,26.8983,26.8575,27.2303,26.8128,27.0967,26.6931,26.5407,26.6249,26.6405,27.4801,27.0745,27.0583,27.1278,26.9891,27.0335,26.9359,26.719,27.2643,27.1365,26.8523,27.1113,26.8242,26.9041,26.6222,27.105,26.9487,27.2834,27.0903,26.7195,26.8659,26.9398,26.7056,26.9132,26.3749,27.2996,27.2508,26.8953,27.0116,27.1574,26.9253,27.0682,27.1913,27.0676,26.5791,27.0429,26.9343,26.782,27.0836,26.3812,27.6589,27.0559,26.902,26.9297,26.7312,27.1101,26.918,27.0829,27.1145,26.8541
5,12:25:55 PM,26.7973,26.8565,26.9507,26.9629,26.9103,26.8682,27.1453,27.2025,27.013,26.8206,26.877,26.884,26.8986,26.8693,26.9321,26.9415,27.0516,27.0973,26.919,26.8478,27.1416,27.0522,26.8868,26.8164,26.5922,27.0746,27.3002,27.0712,27.0707,26.9213,27.0323,27.0482,26.9432,27.0684,26.9935,27.1751,27.0641,27.1482,27.0605,27.2415,26.8149,27.0595,27.2144,27.2207,26.9089,27.1495,27.1898,27.2701,26.7692,27.0004,27.3656,27.0541,26.8988,27.5727,27.1305,27.3942,26.9035,27.1352,27.0709,26.9946,26.7891,26.7353,26.7262,27.1946,26.737,27.0649,26.8925,26.6685,26.7347,26.8618,27.3621,27.2205,27.1296,27.1046,27.0767,27.0154,26.7525,26.7658,27.1239,27.0799,26.8831,26.8936,26.6456,26.9476,26.5671,27.1703,27.1405,27.3161,27.0891,26.6281,26.7699,26.9653,26.7166,26.8909,26.3211,27.606,27.0983,26.9895,27.0637,27.0902,26.75,27.1421,27.1762,27.1615,26.7552,27.1421,27.0326,26.8898,27.2784,26.2928,27.6246,27.0806,27.0621,26.7302,26.7183,27.1733,26.937,27.1468,27.1585,26.8885
6,12:26:15 PM,26.8679,26.7537,26.9542,27.058,26.9997,26.966,26.9908,26.9942,26.9817,26.8324,26.9634,27.0548,27.0257,27.2893,27.0164,27.0229,26.963,27.1655,26.8146,26.9487,27.2386,27.0276,26.8958,26.8027,26.6172,27.0645,27.2636,26.9675,26.9124,26.8187,27.2023,27.1245,27.1851,27.045,26.8929,27.2046,26.9174,27.1712,26.9713,27.0675,26.9573,27.0736,27.2182,27.2042,26.9741,27.0587,27.1257,27.1465,26.9961,26.7175,27.1931,27.0593,26.9291,27.5794,27.215,27.3909,26.9873,27.0402,27.2183,26.9571,26.6918,26.8447,26.8311,27.129,26.5944,27.161,26.769,26.529,26.8175,26.6959,27.496,27.1058,26.9879,27.0017,27.0314,26.8588,26.7941,26.8549,27.3359,27.1464,27.0732,27.1242,26.7899,26.9278,26.7064,27.13,26.9646,27.2756,27.0406,26.6089,26.7839,26.9464,26.8733,26.9547,26.3626,27.3284,27.1781,26.8767,27.0237,26.8693,26.9315,26.9798,27.1814,26.9376,26.8061,27.1096,27.0208,26.8122,27.1894,26.4148,27.6391,27.0334,27.0478,27.0531,26.6563,27.1612,26.9733,27.2463,27.1903,26.7708
7,12:26:35 PM,26.7569,26.8281,26.9635,27.0572,26.944,26.8607,27.0514,27.0221,26.9573,26.8713,26.9451,27.0233,27.0452,26.9093,27.0626,27.0975,27.1316,27.0424,27.0077,26.8302,27.1431,27.0515,26.9111,26.9897,26.7045,27.2385,27.2872,27.1874,27.0098,26.9541,27.1552,27.1649,26.9509,27.2009,26.9644,27.2715,27.0727,27.0053,26.9747,26.9196,26.993,27.0383,27.2861,27.171,27.0197,26.8945,27.2226,27.1348,26.838,26.7774,27.2304,27.0143,27.131,27.6807,27.1927,27.2179,26.9006,27.1112,27.1617,26.9611,26.7571,26.744,26.6625,27.0194,26.6716,27.0307,26.7786,26.547,26.9087,26.7014,27.4642,26.9948,27.1409,26.9981,27.0761,26.957,26.959,26.6864,27.2698,26.9914,26.8993,27.0068,26.8,26.9669,26.6672,26.9702,27.1213,27.2777,27.1695,26.6322,26.8423,26.8257,26.8734,27.0018,26.342,27.4611,27.0775,26.8112,27.1652,27.0476,26.912,27.0353,27.1143,27.0987,26.67,27.0892,26.9662,26.9135,27.3026,26.3556,27.6228,27.1158,26.9528,26.9715,26.8074,27.0624,27.133,27.207,27.1085,26.9163
8,12:26:55 PM,26.7855,26.8717,26.8097,27.0776,26.9221,26.8121,27.0976,26.8546,26.996,26.9139,26.9266,26.9383,26.9757,27.1136,27.0935,27.1101,26.7699,27.0914,26.9696,26.9636,27.2244,26.9592,26.6715,27.0004,26.8009,27.0425,27.315,27.0319,27.0098,26.8785,27.1381,27.1297,27.0015,27.2587,27.0071,27.1492,26.9767,27.1933,27.0863,27.003,26.8943,27.2104,27.3571,27.3045,27.1812,27.2568,27.0302,26.9839,26.9854,26.6439,27.2261,26.9551,26.9767,27.6657,27.2058,27.26,26.8885,27.0554,27.0991,26.8865,26.7553,26.8019,26.8109,27.1079,26.7992,27.057,26.8706,26.4199,26.7656,26.7429,27.3909,27.1619,27.1726,27.1287,26.9718,26.7983,26.8003,26.6586,27.2303,27.0479,26.9056,26.9731,26.7265,26.9272,26.8301,27.2378,27.0317,27.3909,27.1381,26.654,26.6748,26.8619,26.9002,27.0225,26.4341,27.5893,27.0414,27.0023,27.0708,26.993,26.8247,26.9175,27.2086,27.0927,26.676,27.1811,26.978,26.9146,27.1392,26.366,27.6113,27.0618,27.086,27.0844,26.8089,27.1691,26.9509,27.0352,27.0864,26.798
9,12:27:15 PM,26.8557,26.9157,26.8414,27.1187,26.9142,26.8985,27.0509,26.9286,26.9728,26.9944,26.8637,27.1221,27.0045,26.9457,27.0158,27.0184,26.9306,26.991,26.9302,26.9204,27.1848,27.0111,26.9413,26.9254,26.8428,27.107,27.2975,27.1748,26.8827,26.9201,27.1404,27.2681,27.0267,27.2332,27.0671,27.1874,27.0437,27.1441,26.9972,27.0059,26.9437,27.0398,27.213,27.2451,27.0559,27.0213,27.111,27.1789,26.9182,26.8145,27.2188,27.1201,27.0539,27.61,27.2464,27.4745,26.9494,27.0882,27.0917,26.7523,26.9167,26.8853,26.8618,26.9859,26.5861,27.1578,26.7635,26.5369,26.8543,26.6539,27.5426,27.0933,27.0505,27.0252,27.1573,26.9232,26.7431,26.6732,27.3794,27.2306,26.9559,26.9736,26.6985,26.979,26.7717,27.1793,27.1948,27.1659,27.1477,26.6761,26.7387,26.9126,26.8823,27.0166,26.3596,27.5263,27.209,26.9559,26.9277,27.145,26.8989,27.0145,27.0995,26.9826,26.6042,26.8885,27.0909,26.7556,27.2395,26.3573,27.5851,27.0022,27.1213,27.0289,26.6572,27.0243,27.0032,27.1777,27.0831,26.9832
10,12:27:35 PM,27.0149,27.1274,26.9813,27.1418,26.9745,26.9467,26.9851,26.8698,26.9966,26.8172,26.892,27.0956,27.1235,27.1037,26.8787,26.9877,26.7678,27.0411,27.0446,27.0023,27.2195,27.0301,26.8679,26.8247,26.7063,27.1379,27.2947,27.1512,26.9984,26.8944,27.0601,27.1909,27.1325,27.3272,26.9221,27.261,27.1205,27.0418,26.9331,27.0904,26.931,27.0337,27.2514,27.2192,27.0161,27.0626,27.102,27.1422,26.8786,26.8181,27.231,27.1372,27.0016,27.5882,27.1243,27.3631,26.7641,27.1103,26.9995,27.0069,26.8203,26.9561,26.844,27.1065,26.7353,27.0373,26.8546,26.4368,26.6922,26.7271,27.4363,27.1846,27.0589,26.9982,27.0407,27.0038,26.8587,26.8236,27.3904,27.3351,26.8329,26.9572,26.8522,26.9948,26.641,27.21,27.0231,27.4194,27.2219,26.5016,26.9068,26.9378,26.7635,26.9955,26.4348,27.5555,27.239,27.0579,26.9267,26.9911,26.9271,26.8434,27.18,27.0701,26.8232,27.126,26.9621,26.9973,27.2563,26.339,27.6117,27.2401,27.0203,26.9658,26.7282,27.145,27.0169,27.1825,27.044,26.8842
11,12:27:55 PM,26.8773,27.1305,26.997,27.1676,27.0049,26.8589,27.2343,27.0184,26.8958,26.9593,27.1417,26.9468,26.9365,27.0633,26.9369,27.0968,27.1026,27.0982,27.0999,26.8598,27.2779,27.0658,26.7755,26.8439,26.6946,27.0478,27.3305,27.0591,26.9858,26.8033,27.1531,26.9691,27.1232,27.3242,27.0066,26.9857,27.0314,27.2051,27.0186,27.1354,26.887,27.0858,27.4082,27.1416,26.8647,26.9506,27.1898,27.2047,26.8373,26.8256,27.2342,27.1095,27.0511,27.6629,27.2617,27.2765,27.0258,27.15,27.1493,26.9101,26.9821,26.8878,26.7232,27.1211,26.788,27.1579,26.7716,26.5753,26.9277,26.7855,27.3992,27.0605,27.1195,26.9709,26.9588,26.8703,26.8024,26.8573,27.2634,27.1475,26.7887,27.1999,26.7678,26.9628,26.6712,27.4204,27.1765,27.4609,27.1508,26.6106,26.8274,26.9851,26.8808,26.808,26.4095,27.4369,27.0696,26.9166,27.1357,26.9861,26.9063,27.0261,27.0294,27.2133,26.7751,27.0974,26.9967,26.8024,27.1341,26.2624,27.547,27.118,27.0553,26.9434,26.7558,27.1742,27.0382,27.1932,27.0854,26.876
12,12:28:15 PM,26.7276,27.0423,26.9436,27.0825,26.9814,26.8005,27.2458,26.9414,27.0588,26.9819,27.094,27.02,27.0873,27.025,27.0162,26.9433,26.9517,27.1111,27.0656,26.9047,27.1632,27.1772,27.0411,26.9199,26.6553,27.1372,27.4027,27.1418,26.9535,26.852,26.999,27.1178,27.0811,27.25,26.9947,27.2223,27.0135,27.0448,27.0284,27.0954,27.0236,27.077,27.4251,27.2555,27.0831,27.1965,27.1673,27.1497,26.8051,26.8453,27.1746,27.0197,27.1025,27.6865,27.2203,27.4759,26.9708,27.1135,27.1312,26.8752,26.8318,26.9136,26.883,27.198,26.7502,27.0244,26.8057,26.5075,26.8771,26.7305,27.2939,27.1863,27.0885,26.9944,26.937,26.8192,26.7579,26.6737,27.3665,26.9895,26.9545,27.0883,26.8754,27.1626,26.7021,27.2229,27.2013,27.3482,27.1679,26.6196,26.764,27.0147,26.9939,26.9216,26.5522,27.469,27.2509,26.9672,27.0402,26.9874,26.9483,27.2152,27.2331,26.939,26.7318,26.9941,27.0376,26.9079,27.3494,26.3783,27.7133,27.2008,27.1074,26.9542,26.7773,27.1449,27.1466,27.0867,27.0916,26.9717
13,12:28:35 PM,26.8297,27.1146,26.9806,27.1091,27.0507,26.9664,27.2316,26.8414,26.8599,26.6556,27.0228,26.9308,26.9924,27.1041,27.0087,26.9042,26.9948,27.0682,26.9758,26.8884,27.2489,27.0917,26.8092,26.9486,26.767,27.2127,27.2763,27.1137,27.0388,26.8425,27.1873,27.1697,27.0764,27.2464,27.0706,27.1869,27.1483,27.2707,27.0452,27.0986,26.9217,27.055,27.2931,27.2892,26.9924,27.1659,27.2137,26.9993,26.7131,26.7718,27.0838,27.085,27.129,27.7273,27.1868,27.3724,26.9993,27.0468,27.1814,27.0057,26.8064,26.9551,27.046,27.1895,26.7905,27.1285,26.8699,26.5948,26.8304,26.6386,27.4044,27.1964,27.1112,27.1138,27.0487,26.9861,26.9152,26.8251,27.3169,27.0892,26.9372,27.0279,26.831,27.0379,26.7337,27.2431,27.0758,27.5124,27.3153,26.7278,26.9347,26.8564,27.0057,27.1061,26.5782,27.5147,27.0986,26.9598,26.8926,27.0756,26.903,27.0531,27.1436,27.0594,26.9059,27.1095,26.9822,26.8698,27.1415,26.3663,27.784,27.2003,27.2152,27.0387,26.8128,27.1433,27.1365,27.1687,27.1284,26.8946
14,12:28:55 PM,26.7666,26.8881,27.1823,26.9346,26.9856,26.9007,26.9408,27.0047,27.049,26.9889,27.0837,27.0214,27.1056,27.2526,27.0557,27.131,27.0772,27.0839,27.0633,26.8696,27.4531,27.1176,26.7999,26.9389,26.7418,27.1068,27.2445,26.9639,27.0167,26.8356,27.3334,27.1961,27.1018,27.2442,26.9573,27.117,27.0133,27.2874,27.07,27.1416,27.096,27.1537,27.3664,27.2278,27.0916,27.224,27.2348,27.0842,26.8782,26.6931,27.0037,27.1378,26.957,27.5031,27.1748,27.3034,27.1706,27.2134,27.2535,26.9256,26.8632,26.8538,26.8871,27.0751,26.6319,27.0096,26.8275,26.5837,26.9463,26.7193,27.5962,27.1917,27.1975,27.1438,27.0866,27.1406,26.7964,26.7604,27.4247,27.0044,26.9406,27.0989,26.7165,27.1266,26.7015,27.2785,27.1177,27.5289,27.2428,26.6004,26.8588,27.1118,26.9804,26.9932,26.5198,27.4845,27.1001,26.9384,26.992,27.0884,26.8463,27.0883,27.1276,26.8738,26.874,27.0933,26.9769,26.9641,27.2064,26.3616,27.7363,27.0981,27.1479,27.0992,26.8127,27.1048,26.972,27.2131,27.2009,26.9056
15,12:29:15 PM,26.8348,26.861,26.9291,27.0142,27.0891,26.9142,27.0802,26.9517,26.9723,26.8921,27.0131,27.1463,27.0553,27.0881,27.2481,27.0621,26.8817,27.2075,26.9752,26.9834,27.0931,27.0109,26.968,26.9194,26.6909,27.1884,27.3564,27.0253,27.0821,26.9353,27.2061,27.0775,27.2023,27.2463,27.1091,27.2612,27.0858,27.1962,27.0512,27.1228,27.0266,27.2373,27.2189,27.0875,27.012,27.0705,27.1331,27.2514,26.8439,26.7956,27.1755,27.1402,27.1131,27.7628,27.1821,27.1694,27.0498,27.1633,27.1915,26.9433,26.9316,26.8953,26.7074,27.3022,26.7827,27.0407,26.8731,26.6055,26.7326,26.8944,27.4995,27.1417,27.1044,26.9138,26.9416,26.9853,26.9469,26.8295,27.4887,27.0936,27.1054,27.0165,26.8846,27.1805,26.6886,27.3511,26.9351,27.4562,27.2409,26.7905,26.8082,26.908,26.9411,26.9741,26.5493,27.4569,27.0876,26.9981,27.0919,26.9196,26.9361,26.9656,27.185,27.0069,26.8107,27.0861,26.8213,27.0317,27.2018,26.3927,27.7457,27.3938,27.1421,26.9827,26.8303,27.2485,27.0432,27.0871,27.0824,26.8575
16,12:29:35 PM,26.9028,26.8922,27.0107,26.9546,26.9343,26.9878,27.1016,27.0931,27.1242,27.0002,27.0441,27.1133,27.1963,27.1019,27.0976,26.9384,26.9682,27.0313,27.208,27.0448,27.1358,27.0391,26.861,26.9275,26.8792,27.0467,27.3764,26.9946,26.9874,26.8768,27.2444,27.1274,27.1933,27.3798,27.0367,27.2476,27.2271,27.1975,26.9836,27.1302,26.9745,27.0311,27.3173,27.2507,26.8649,27.2082,27.0885,27.1678,26.9182,26.6692,27.2726,27.1183,27.0479,27.7544,27.2268,27.2942,26.915,27.1985,27.2105,26.9817,26.9967,26.8061,26.8782,27.1968,27.0113,27.1298,26.8955,26.7282,27.0219,26.8196,27.4562,27.2352,27.0268,26.9412,27.1546,26.9576,26.7899,26.7804,27.4227,27.0163,26.8802,27.1523,26.9119,27.0226,26.6804,27.2979,27.2078,27.2332,27.258,26.7993,27.0974,27.0376,26.9619,26.8337,26.5227,27.402,27.2563,26.8877,26.919,27.1059,26.8918,27.0108,27.3577,27.0397,26.8104,27.0522,26.93,26.9767,27.2954,26.4022,27.6373,27.0697,27.212,26.9823,26.8107,27.2961,27.1404,27.2081,27.3117,26.8517
17,12:29:55 PM,26.8639,26.9237,26.9597,26.9664,27.1446,26.9414,27.1066,26.9884,27.0761,26.9749,27.2386,27.0173,27.0406,27.1234,27.0362,26.9947,27.0271,27.0517,26.9958,27.0712,27.2651,27.0228,26.9178,26.8381,26.5512,27.1711,27.3335,26.9578,26.9431,26.9177,27.0886,27.1113,27.1446,27.2513,27.1094,27.1579,27.0993,27.1369,27.1365,26.9175,27.042,27.0797,27.2392,27.4356,27.0224,27.2649,27.3124,27.0676,26.8668,26.5912,27.2486,27.1798,27.0272,27.7071,27.1954,27.3801,27.0125,27.2335,27.2539,27.0687,26.872,26.9072,26.9041,27.0994,26.7834,27.1083,26.812,26.7417,26.9063,26.7423,27.3869,27.3493,27.0737,26.9401,26.9906,27.0005,26.927,26.6892,27.1702,27.0398,26.9864,26.8956,26.8261,27.0922,26.7536,27.2469,27.0616,27.5194,27.2322,26.7425,26.7654,26.9425,26.8937,27.1015,26.5168,27.5983,27.1929,26.9118,27.1307,27.1345,27.1017,27.0891,27.2364,27.117,26.8366,27.0956,26.9417,27.0129,27.3622,26.4272,27.667,27.2621,27.1297,26.8701,26.8043,27.1803,27.0926,27.185,27.2658,27.1151
18,12:30:15 PM,26.7473,27.0633,26.9423,26.9807,27.0877,26.8445,27.0519,27.0242,27.1229,27.0081,26.9444,27.1553,27.1204,27.1012,26.992,26.9825,27.012,27.0536,27.1004,27.1118,27.3579,26.9894,26.8266,26.8892,26.7352,27.2224,27.3126,27.0681,27.0227,27.0247,26.9961,27.0239,27.2548,27.342,27.1525,27.2957,27.0588,27.2479,27.0492,27.1796,27.0027,27.1683,27.3362,27.2806,27.0602,27.1552,27.1425,27.1438,26.8413,26.8127,27.2935,27.0815,27.0079,27.6714,27.1426,27.1626,26.9569,27.2923,27.2023,26.8329,26.8825,27.0483,27.0353,27.1569,26.7943,27.0986,26.9034,26.7509,26.9933,26.726,27.501,27.0911,27.2801,27.1788,26.9958,26.9778,26.9971,26.7941,27.3508,27.1437,26.9909,26.9629,26.7448,26.9847,26.6942,27.1492,27.1451,27.3938,27.2962,26.733,26.8411,26.9474,27.0302,27.2007,26.5846,27.4311,27.1618,27.1381,27.1236,26.9433,26.9574,27.2991,27.2667,27.0741,26.7725,26.9858,27.0403,26.9878,27.3099,26.5373,27.6937,27.1692,27.2756,27.1319,26.8058,27.204,26.8783,27.1525,27.1237,26.8859
19,12:30:35 PM,26.8368,27.0673,27.0958,27.1071,26.9904,26.8103,27.175,26.9755,26.968,26.9106,27.1993,27.0876,27.0183,27.1007,27.0711,27.1421,26.9986,27.0258,27.1239,27.1026,27.3651,27.1888,26.7755,26.965,26.888,27.099,27.2112,27.1795,27.0845,26.9327,27.2001,27.0641,27.06,27.3631,26.8379,27.3013,27.1086,27.175,27.1161,27.1745,26.8527,26.8445,27.4661,27.2767,27.2344,27.117,27.1853,27.1407,26.8778,26.7693,27.1962,27.1405,26.9456,27.6879,27.2349,27.3516,26.9633,27.2218,27.1835,26.9689,26.9939,26.9191,26.9885,27.1273,26.866,27.1878,26.8624,26.6499,26.8052,26.7403,27.5088,27.2925,27.0665,26.9755,27.0173,27.0725,26.8858,26.6987,27.263,27.1759,26.9459,26.9731,26.824,27.1202,26.8651,27.2953,27.0856,27.463,27.233,26.8212,26.8938,26.9819,26.9009,27.131,26.459,27.5755,27.3451,26.9597,26.9578,26.8555,27.0609,27.1451,27.1748,26.9386,26.7362,26.9595,26.7321,27.0102,27.2035,26.352,27.7271,27.2122,27.3205,26.9509,26.8612,27.2457,27.1263,27.1207,27.1805,26.9011
20,12:30:55 PM,26.9488,27.0271,27.0206,26.9849,27.01,26.9936,27.1266,27.1174,27.0546,26.9378,27.0583,27.1371,27.2276,27.314,27.0902,27.0925,26.9664,27.1098,26.9883,26.9688,27.1859,27.061,27.0177,26.6458,26.7004,27.1472,27.4287,27.0117,27.1067,26.8696,27.1186,27.0886,27.193,27.3089,26.9969,27.2294,27.0122,27.4042,27.1582,27.144,26.9907,27.1826,27.46,27.4556,27.003,27.0968,27.1006,27.1969,26.8935,26.7564,27.2655,27.0025,27.1803,27.7563,27.1292,27.2977,27.0298,27.29,27.132,26.9639,27.0373,27.0116,26.8401,27.183,26.844,27.3152,26.9584,26.6325,26.7845,26.8115,27.4964,27.1479,27.1789,27.0771,27.1396,26.9388,26.8583,26.7525,27.3631,27.013,26.9524,26.9871,26.9377,27.0705,26.8808,27.4341,27.1738,27.5282,27.3373,26.8177,26.8361,26.8926,26.9562,27.2324,26.4446,27.5994,27.1955,26.9551,26.8605,27.068,26.953,27.0708,27.124,27.2645,26.6668,27.2601,27.0325,27.0729,27.4437,26.5146,27.6041,27.3678,27.1266,27.018,26.7703,27.1776,27.0406,27.3057,27.2896,26.9226
21,12:31:15 PM,26.943,27.0267,26.8407,26.9517,26.9746,27.0,27.0085,27.0347,27.0887,26.9881,27.0961,27.0505,27.1718,27.2389,27.109,27.2169,27.1894,27.1425,27.0369,26.9962,27.2509,27.2188,27.0387,26.9452,26.9208,27.1654,27.2637,27.1037,27.0822,26.9018,27.0891,27.3336,27.1719,27.4338,27.1713,27.1902,27.1528,27.2183,27.0543,27.3302,26.982,27.1371,27.3179,27.2651,27.111,27.1739,27.0828,27.2805,26.8213,26.8021,27.1487,27.1408,27.1183,27.7343,27.4623,27.3015,27.0323,27.3781,27.3737,26.9686,26.9518,27.1016,26.7751,27.2023,26.7661,27.1225,26.9773,26.6468,26.8647,26.7499,27.5689,27.2654,27.1563,27.1055,27.0676,26.8966,26.9946,26.6681,27.2774,27.1036,27.0103,27.0458,26.9714,27.2282,26.8395,27.1746,27.2463,27.4542,27.2438,26.7058,26.9347,26.9146,26.9849,27.0141,26.5656,27.4713,27.4742,26.9446,27.1016,26.9743,27.0548,27.0277,27.2467,26.987,26.817,27.0332,27.0787,27.1641,27.4193,26.4005,27.8964,27.1758,27.1584,27.0006,26.7384,27.2561,27.2089,27.2092,26.9823,26.9206
22,12:31:35 PM,26.7902,26.9495,26.9673,27.124,27.033,26.9658,27.0105,27.0282,27.0884,27.0517,27.1591,26.9584,27.1554,27.2102,27.034,27.2309,27.0342,27.1654,27.0402,27.1322,27.2214,27.1692,26.9899,27.0376,26.7411,27.3447,27.3198,27.0626,26.9433,26.8879,27.282,27.2359,27.1801,27.2954,27.2694,27.2848,27.1244,27.2523,27.1413,27.1878,26.9463,27.1377,27.3455,27.3871,27.0029,27.1693,27.284,27.3426,26.8693,26.7905,27.2963,27.0953,27.1545,27.7718,27.343,27.2925,27.0708,27.1883,27.2969,26.9156,27.1559,26.9099,27.0067,27.1959,26.8242,27.134,27.0642,26.6425,26.916,26.8667,27.4666,27.24,27.0897,27.0745,26.9284,27.0191,26.8359,26.9986,27.1871,26.9195,26.9485,27.1114,26.8404,27.1096,26.7131,27.2261,27.0174,27.5288,27.3565,26.735,26.8779,26.9769,27.0517,27.0721,26.5218,27.5711,27.5074,27.1442,26.8856,26.9909,27.0565,27.0247,27.4001,27.074,26.6929,27.1292,26.9747,27.0184,27.2872,26.394,27.7895,27.3341,27.162,27.0675,26.7452,27.1973,27.3347,27.2148,27.1474,26.9669
23,12:31:55 PM,26.9296,27.1205,26.9653,27.0285,27.0449,27.0008,27.1737,27.128,27.1137,27.0095,27.1316,27.0521,27.3035,27.2981,27.0228,27.253,27.1314,26.9185,27.0453,27.0723,27.2079,27.0744,27.0142,26.8014,26.8371,27.2775,27.2636,27.0528,27.0327,26.8202,27.1807,27.186,27.3396,27.3351,27.0862,27.273,27.2094,27.1876,27.0709,27.0728,26.8945,27.3231,27.4832,27.3389,27.1017,27.1204,27.2583,27.3036,26.8523,26.74,27.2949,27.0416,26.9659,27.665,27.2363,27.3137,27.0314,27.2361,27.1893,27.0029,26.9293,26.8579,26.932,27.2536,26.9024,27.0833,26.9461,26.5916,26.833,26.8341,27.5929,27.1117,27.3116,27.0282,26.9553,27.0383,26.7472,26.8955,27.2019,27.048,26.9033,27.0943,26.8511,27.2199,26.8446,27.4355,27.1157,27.5151,27.2511,26.7265,27.0384,27.0188,26.9827,27.0312,26.6255,27.6568,27.3087,27.0579,26.9909,26.9383,27.041,27.0646,27.2408,26.9658,26.5276,27.0772,26.8667,26.8932,27.4114,26.6066,27.8108,27.3144,27.2846,27.0245,26.7892,27.2501,27.1258,27.3977,27.2209,27.0718
24,12:32:15 PM,27.0553,26.7648,27.0112,27.0651,27.0355,26.9396,27.0896,27.0383,27.0027,27.0964,27.0037,26.9791,26.9991,27.1835,27.1799,27.1926,27.0512,27.131,27.1419,27.0428,27.1346,27.1563,26.799,26.8553,26.8044,27.1448,27.3817,27.0894,27.0197,26.8026,27.32,27.1542,27.2929,27.3007,27.2124,27.1678,27.2,27.205,27.008,27.2174,27.026,27.0876,27.3077,27.3415,27.0976,27.0793,27.2357,27.2205,26.7404,26.7777,27.2241,27.5808,27.1964,27.697,27.361,27.4442,26.9496,27.458,27.4987,27.2089,26.9409,26.9087,27.0379,27.3422,27.1029,27.1678,26.9465,26.5825,26.864,26.7651,27.6099,27.2549,27.1739,27.0853,27.0153,27.0114,26.9616,26.8389,27.2696,27.0414,26.9748,27.0927,26.8556,27.203,26.8429,27.1583,27.1316,27.4992,27.1758,26.8101,26.967,27.0012,26.8735,27.1454,26.5476,27.4484,27.1822,27.1,27.0752,27.0391,27.1665,27.0967,27.2505,27.0945,26.8654,27.2815,27.0535,27.0057,27.2719,26.4167,27.8058,27.1789,27.2612,26.9436,26.7617,27.1868,27.0676,27.334,27.2561,26.8422
25,12:32:35 PM,26.9204,26.9618,26.9296,27.0249,26.9905,27.0501,27.191,27.1124,27.0268,27.0747,27.2524,27.2057,27.1802,27.1903,27.2478,27.1695,27.0979,27.1783,27.0005,27.1757,27.3248,27.2144,26.9891,26.984,26.8261,27.0266,27.3516,27.0684,27.1965,26.9356,27.2208,27.1724,27.1203,27.4318,27.2982,27.3102,27.0926,27.3497,27.074,27.2132,27.057,27.3286,27.3719,27.386,27.0632,27.1768,27.2296,27.2418,26.8292,26.7811,27.2372,27.4368,27.3348,27.5183,27.182,27.3033,26.7926,27.3704,27.4548,27.1611,26.7075,26.9703,26.9838,27.3013,26.9109,27.3234,26.8249,26.8324,26.9528,26.7781,27.5899,27.3223,27.317,27.2347,26.9872,27.0173,27.0823,26.7197,27.2696,27.152,26.9959,26.958,26.8655,27.2173,26.8345,27.3436,27.0434,27.4118,27.3277,26.736,27.0782,27.0715,26.875,27.2931,26.4599,27.4295,27.2841,27.0335,26.8379,26.9861,27.0529,27.1641,27.4315,27.035,26.8152,27.1455,27.0861,27.0705,27.2824,26.5518,27.9223,27.2493,27.2285,27.135,26.8934,27.2319,27.1802,27.4436,27.2411,26.947
26,12:32:55 PM,26.9328,26.9666,26.9359,27.0466,27.119,26.9558,27.2057,27.0739,26.9352,27.1134,27.1595,27.2609,27.1911,27.114,27.1616,27.1651,26.9819,27.1219,27.1315,27.1961,27.3883,27.2371,26.8489,27.0159,26.816,27.2344,27.3556,27.2323,27.1791,26.8422,27.0705,27.0914,27.3434,27.2963,27.0751,27.2955,27.2221,27.233,27.218,27.1498,27.134,27.095,27.3852,27.3054,26.9996,27.0416,27.2817,27.198,26.8848,26.8447,27.2024,27.1869,27.1576,27.6036,27.308,27.2004,27.0558,27.0948,27.3319,27.269,26.9156,27.0269,26.9845,27.2336,26.9158,27.4574,27.124,26.7316,27.0488,26.8781,27.4812,27.3463,27.0783,27.1324,27.0722,27.1237,26.9822,26.8932,27.1619,27.1705,26.9763,27.0892,27.023,27.1668,26.9659,27.2161,27.2761,27.2735,27.2217,26.747,26.9631,27.0712,27.0043,27.1602,26.6684,27.5224,27.3253,27.0263,27.1169,27.0048,26.9791,27.1443,27.2156,27.0397,26.7375,27.0735,26.9806,27.2124,27.4259,26.651,27.8226,27.2175,27.2133,27.148,27.0026,27.2096,27.2097,27.2346,27.2719,27.0075
27,12:33:15 PM,26.9481,26.9305,26.832,27.1018,27.2136,26.9065,27.1673,27.1416,27.0294,26.925,26.9581,27.1627,26.9882,27.1993,27.2254,27.1313,26.9015,27.1662,27.1133,27.0976,27.3124,27.2268,27.0616,26.8553,26.6756,27.2849,27.2687,27.1937,27.059,26.9629,27.2057,27.0943,27.0809,27.2475,27.1961,27.317,27.2467,27.3185,27.2804,27.3909,26.9891,27.1847,27.5418,27.4788,27.2125,27.1662,27.3886,27.222,26.9216,26.7567,27.4045,27.2154,27.4037,27.4426,27.1643,27.2859,26.9365,27.3941,27.4976,27.2333,27.0055,27.1183,26.9502,27.4086,27.0564,27.2308,27.0098,26.7584,26.9044,26.7067,27.6214,27.258,27.1137,26.9862,26.9562,27.0768,26.931,26.7075,27.2156,27.1012,26.9319,27.2416,26.985,27.1507,26.9146,27.271,27.254,27.4484,27.3115,26.793,26.8824,27.1582,27.0275,27.2004,26.446,27.5533,27.4209,26.9745,27.0391,27.055,27.038,27.0542,27.1343,27.1026,26.8507,27.0853,26.9095,27.1625,27.3596,26.5193,27.7903,27.3142,27.2315,27.1895,26.8923,27.3171,27.212,27.2897,27.4088,26.94
28,12:33:35 PM,26.9642,26.9969,27.016,27.1606,26.9661,27.0428,27.1604,27.0348,27.0971,27.1817,27.1503,27.1011,27.084,27.2843,27.0661,27.1828,27.1798,27.1271,27.1302,27.0128,27.3204,27.2426,27.0942,26.8462,26.7958,27.1279,27.2782,27.183,27.0937,26.8254,27.2808,27.2461,27.2998,27.4143,27.364,27.2552,27.1514,27.3824,27.1656,27.2343,27.0379,27.1759,27.383,27.4475,27.1674,27.3063,27.3035,27.2306,27.0167,26.7677,27.228,27.1822,27.2891,27.7931,27.1706,27.2467,26.9107,27.1847,27.318,27.2274,27.0194,26.9543,26.9068,27.2252,26.8678,27.1697,26.9236,26.6863,27.0451,26.791,27.6923,27.3035,27.0562,27.0934,27.0076,27.0909,26.9851,26.7347,27.4247,27.0913,26.9117,27.0512,26.9929,27.2694,26.8532,27.35,27.1863,27.4771,27.2997,26.7514,26.7845,27.0981,27.0027,27.1359,26.4753,27.4944,27.2351,27.0883,27.0174,26.9208,27.0422,27.0607,27.2743,27.111,26.8214,27.2003,26.8756,27.2111,27.3297,26.6129,27.9589,27.325,27.1914,27.0369,26.6924,27.3154,27.2842,27.1379,27.3166,27.1095
29,12:33:55 PM,26.9975,27.1248,26.8955,27.1048,27.0413,26.9598,27.0851,26.9697,27.1446,27.105,27.1265,27.2357,27.0835,27.1445,27.163,27.1694,27.1672,27.1888,26.9802,26.9022,27.2982,26.972,26.9236,27.009,26.8653,27.1354,27.5188,27.141,27.0944,26.8603,27.2094,27.1433,27.2445,27.4561,27.1153,27.1959,27.1317,27.2892,27.3797,27.4198,27.0533,27.1323,27.4638,27.3321,27.2403,27.1746,27.2758,27.3753,26.9512,26.7479,27.2938,27.3948,27.4622,27.822,27.3326,27.3173,27.0871,27.3703,27.3337,27.3526,27.0018,26.9706,27.0332,27.3167,26.9239,27.2924,26.9615,26.6671,26.8692,26.7626,27.7098,27.1595,27.1927,27.0925,26.9368,26.9783,26.9199,26.6868,27.2556,27.1552,26.9873,27.0242,27.0425,27.1505,26.7759,27.3315,27.2224,27.5036,27.2332,26.6703,26.825,27.033,27.064,27.1957,26.6504,27.6054,27.2743,27.1068,27.0898,27.0317,27.0947,27.0682,27.2481,27.1956,26.9262,27.0853,26.7869,26.9693,27.4351,26.6232,27.6961,27.2463,27.2564,27.148,26.9792,27.3038,27.2181,27.2201,27.2975,27.0508
30,12:34:15 PM,27.0361,27.0396,26.947,27.2215,27.023,26.9308,27.045,27.1732,27.0288,27.2607,27.0832,27.1471,27.0831,27.3459,27.2485,27.1253,27.084,26.9893,27.1167,27.0503,27.2352,27.1635,26.9815,26.8506,26.8929,26.9838,27.3326,27.2533,26.9341,26.8635,27.389,26.9556,27.2533,27.4114,27.297,27.4002,27.4016,27.2097,27.2395,27.2141,27.1216,27.2286,27.4459,27.2747,27.1159,27.3011,27.2421,27.3159,26.8961,26.6594,27.119,27.316,27.6336,27.6726,27.2331,27.2601,27.0032,27.3654,27.3759,27.3892,27.1116,26.8842,27.0873,27.3121,26.9531,27.1405,26.9257,26.7058,26.8489,26.8958,27.5238,27.3038,27.3447,27.1406,26.8629,27.0579,26.8242,26.83,27.3148,27.0641,26.8945,27.1532,27.0078,27.1222,26.8668,27.2675,27.1797,27.2869,27.481,26.893,27.251,27.0377,27.0396,27.0777,26.6356,27.5015,27.2198,27.2079,26.9981,27.1015,26.9749,27.1286,27.1756,27.033,26.9494,27.0062,26.9438,26.9818,27.4031,26.573,27.8549,27.2678,27.3374,27.2682,26.8449,27.3265,27.1694,27.2544,27.1221,27.0091
31,12:34:35 PM,26.8976,27.0838,27.0769,27.0434,26.9962,26.8857,27.1115,27.1364,27.174,27.0018,26.9822,27.0963,27.0705,27.2702,27.2977,27.0918,26.8975,27.1069,27.1674,27.197,27.3473,27.2728,27.0182,26.8766,26.8346,27.2381,27.4784,27.0767,27.0833,27.0304,27.2526,27.1659,27.2927,27.3547,27.0915,27.2643,27.1647,27.2721,27.2416,27.2269,27.2,27.1876,27.5896,27.4104,27.0913,27.205,27.3074,27.2884,26.8329,26.8741,27.2895,27.463,27.5485,27.6086,27.3209,27.3,27.0927,27.3,27.4593,27.4283,27.031,26.877,26.9706,27.2146,26.8897,27.2027,27.0436,26.8383,27.0046,26.9013,27.5598,27.2212,27.2369,27.0893,27.0551,26.9731,26.7931,26.8865,27.3485,27.0593,27.2539,26.9607,26.8707,27.0055,26.8859,27.3843,27.2759,27.4995,27.429,26.7348,26.9674,27.0266,26.9752,27.1835,26.5638,27.6201,27.2644,27.1761,27.0571,27.1648,26.9317,27.065,27.2215,27.2306,26.7861,27.0651,26.928,27.0902,27.3612,26.7681,27.8555,27.2335,27.3338,27.0617,26.9742,27.2754,27.1551,27.1595,27.2693,26.9157
32,12:34:55 PM,26.8995,26.9709,27.0306,27.1939,26.9731,26.9968,26.8974,27.0646,27.1888,26.9727,27.289,27.1584,27.147,27.2658,27.1603,27.0198,26.9429,27.1227,27.0062,27.036,27.193,27.1259,26.9794,27.0285,26.5927,27.1042,27.3022,27.0345,27.1308,26.9557,27.2547,27.1809,27.3314,27.6014,27.2482,27.3719,27.2473,27.5522,27.3954,27.2329,27.0773,27.2284,27.4727,27.4209,27.3019,27.3459,27.3738,27.2385,26.9933,26.7822,27.3392,27.4683,27.5762,27.6724,27.2153,27.2609,27.1103,27.4037,27.3601,27.4932,26.9794,27.0197,26.7833,27.2452,26.9248,27.2949,27.0138,26.6378,27.0582,26.7568,27.5374,27.2136,27.231,27.101,27.1722,26.921,27.0494,26.7484,27.4234,27.0607,26.956,27.1583,26.9304,27.129,26.8064,27.2327,27.2598,27.6923,27.4408,26.7562,26.849,27.1887,26.9843,27.3516,26.6939,27.6457,27.3543,27.2441,27.1494,27.1486,26.9571,27.0758,27.2469,26.9908,26.97,27.1502,27.0132,27.101,27.4089,26.5995,27.7641,27.2965,27.1764,27.1976,26.7771,27.2607,27.2777,27.3274,27.3089,26.8701
33,12:35:15 PM,26.8012,27.0479,26.8804,27.2816,27.1112,27.0101,27.1678,27.1593,27.2275,27.113,27.0758,27.1043,27.1582,27.2226,27.4088,27.1718,27.1657,27.1635,27.2083,27.1473,27.4095,27.2668,26.9588,27.1149,26.7779,27.2403,27.2753,27.086,27.1246,27.0245,27.1786,27.2729,27.1255,27.3112,27.2895,27.1972,27.2654,27.2699,27.2918,27.2656,27.0057,27.2284,27.4849,27.3911,27.4039,27.2551,27.2723,27.3348,27.089,26.8544,27.3387,27.3391,27.6406,27.7487,27.34,27.2992,26.9617,27.3335,27.2475,27.0867,27.0621,26.9994,26.8796,27.3145,26.9151,27.2516,26.84,26.5875,26.8643,26.8529,27.5872,27.2071,27.303,27.1634,26.9797,27.0563,27.0175,26.8046,27.3329,27.0217,27.0001,27.1499,27.0658,27.0576,26.8986,27.5145,27.3501,27.5661,27.337,26.8639,27.0202,26.9267,27.026,27.2859,26.5133,27.5693,27.307,27.109,27.0249,26.9154,27.0003,27.135,27.3595,27.0663,26.7905,27.1537,27.1004,27.2335,27.3304,26.7104,27.8149,27.4038,27.2129,27.1461,26.8767,27.3215,27.3578,27.2491,27.418,26.949
34,12:35:35 PM,26.8886,27.0055,27.0714,27.0687,27.1673,26.9057,27.0813,27.0092,26.9857,27.1127,27.1731,27.2193,27.1021,27.2186,27.2692,27.0552,27.2458,27.1907,27.02,27.1433,27.2859,27.1702,27.0358,26.9984,26.7898,27.2684,27.3436,27.1517,27.091,26.8777,27.2255,27.2117,27.3213,27.4216,27.195,27.0854,27.1469,27.2458,27.2672,27.3123,27.1315,27.23,27.4438,27.4199,27.3588,27.1744,27.3895,27.2483,26.9065,26.8161,27.3167,27.2903,27.8736,27.719,27.3822,27.3315,26.9594,27.4209,27.5263,27.6001,26.9174,27.0584,27.1772,27.3728,27.0711,27.1849,26.9261,26.6165,26.9031,27.0275,27.6042,27.3075,27.3564,27.1167,26.9539,27.0417,27.051,27.0265,27.3298,27.0857,27.1083,27.1909,27.0777,27.2644,26.8921,27.4,27.2274,27.4965,27.4861,26.8078,26.9982,26.9583,26.8796,27.3339,26.6897,27.644,27.3795,27.1622,27.059,27.141,27.1607,27.1568,27.207,27.0816,26.7411,27.0403,27.0062,27.0627,27.3574,26.6607,27.811,27.3488,27.2157,27.0067,26.8968,27.275,27.0239,27.2307,27.2247,26.9897
35,12:35:55 PM,27.0847,27.0773,26.8354,27.0025,27.0571,26.9896,27.2112,27.1372,27.102,27.0495,27.2101,26.9838,27.2061,27.268,27.1173,27.0671,27.0572,27.2217,27.222,27.17,27.2541,27.0971,26.8987,27.0869,26.6645,27.0985,27.3154,27.0736,27.2062,26.9306,27.1993,27.0159,27.2877,27.3197,27.1339,27.4602,27.1245,27.1612,27.2279,27.3445,27.008,27.3093,27.3553,27.4432,27.1219,27.2864,27.4114,27.4301,26.9703,26.8151,27.2677,27.2234,27.716,27.7797,27.3147,27.1852,26.9288,27.3422,27.6288,27.3386,26.9087,27.1777,27.1399,27.341,26.8953,27.3471,26.9651,26.7411,27.0128,26.9065,27.4543,27.0703,27.3615,27.2154,26.9505,27.1406,26.9725,26.8791,27.2956,27.2731,27.1113,27.1927,26.9975,27.1951,26.9733,27.3379,27.3109,27.4633,27.3928,26.8069,26.9804,27.0184,27.113,27.3461,26.6982,27.4732,27.3223,27.0122,27.077,27.1288,27.1176,27.0721,27.2021,27.1409,26.8161,27.1357,27.0441,27.1269,27.4499,26.7666,27.9101,27.2979,27.3425,27.2214,26.9883,27.3437,27.0846,27.308,27.3001,27.0308
36,12:36:15 PM,27.0407,27.0973,27.0491,27.0506,27.1685,27.0673,27.0895,27.1507,27.304,27.0935,27.0912,27.1624,27.1619,27.0884,27.2806,27.0074,27.1184,27.27,27.213,27.1632,27.2757,27.1122,26.9833,27.0588,26.8732,27.1156,27.3236,27.0828,27.0369,26.9187,27.244,27.054,27.1803,27.3714,27.2858,27.2465,27.4186,27.3607,27.1764,27.2905,27.1342,27.1965,27.3982,27.5075,27.1582,27.1819,27.1689,27.1434,26.9818,26.8521,27.292,27.3211,27.6068,27.6793,27.3047,27.2578,26.9007,27.3001,27.5225,27.4883,27.0126,27.0428,27.0357,27.3418,27.1379,27.2821,26.9742,26.857,26.9647,26.8468,27.6095,27.3062,27.3143,27.1119,27.1172,26.9757,26.8518,26.8255,27.242,27.0586,26.8743,27.1198,27.0081,27.3074,26.9152,27.3571,27.1294,27.5835,27.4855,27.0171,27.1099,27.0402,26.7825,27.3749,26.7137,27.5454,27.4779,27.2151,27.1616,27.0658,26.99,27.2309,27.3694,27.1078,26.7507,27.1596,26.9859,27.2156,27.4591,26.7445,27.8451,27.212,27.2264,27.2955,26.917,27.2677,27.0353,27.3259,27.2601,27.1059
37,12:36:35 PM,26.9679,26.9237,27.0118,26.957,27.2575,26.9546,27.2198,27.0276,27.0888,27.2857,27.1636,27.1988,27.3144,27.4007,27.1172,27.0997,27.1655,27.1947,27.1173,27.1295,27.2787,27.1738,27.0645,27.0091,26.8669,27.0837,27.2593,27.0586,27.1925,26.8172,27.2235,27.179,27.3313,27.5659,27.1937,27.2872,27.1376,27.3265,27.321,27.4315,27.0962,27.0985,27.3639,27.4299,27.3037,27.2088,27.1977,27.3903,26.8806,26.8231,27.2882,27.1495,27.7238,27.6168,27.2677,27.2213,27.0065,27.257,27.4435,27.5081,26.9616,27.0113,27.0705,27.4028,26.7726,27.2788,26.9565,26.7119,27.0597,26.9057,27.6048,27.2303,27.253,27.0617,27.0479,27.0129,26.9109,26.7131,27.405,27.2358,26.9831,27.253,27.0838,27.214,26.8622,27.3661,27.3211,27.688,27.4532,26.9712,27.0285,26.9937,26.953,27.232,26.5967,27.543,27.4658,27.0229,26.9953,26.9639,27.0411,27.1556,27.284,27.1193,26.9348,27.1364,26.9111,27.1297,27.5392,26.6873,27.8331,27.3027,27.1409,27.0969,27.0935,27.4741,27.2562,27.3811,27.3021,27.1466
38,12:36:55 PM,26.9606,27.1201,27.1033,27.1965,27.2629,26.9739,27.0134,27.0742,27.1778,27.2474,27.1475,27.1899,27.3467,27.3524,27.1429,27.1038,27.1583,27.0568,27.1287,27.1453,27.4112,27.1632,26.9794,27.2448,26.9353,27.2919,27.5264,27.1152,27.0557,26.8083,27.1528,27.1191,27.1966,27.4008,27.3237,27.1991,27.188,27.3411,27.1448,27.3981,27.0629,27.1314,27.553,27.414,27.3204,27.2097,27.2827,27.4032,26.9147,26.8057,27.3389,27.2471,27.7813,27.806,27.3653,27.1776,27.0266,27.4482,27.4341,27.6616,26.9624,27.0478,26.9998,27.2341,27.079,27.2883,27.1684,26.582,27.1632,27.0367,27.3825,27.2615,27.2427,27.1069,27.0287,26.9482,26.9341,26.9424,27.2659,27.1278,26.9835,26.8948,27.0226,27.2066,26.9399,27.3693,27.494,27.6458,27.2455,26.9875,27.0037,27.0008,27.0898,27.2502,26.7097,27.5309,27.2352,27.0885,27.0753,27.1193,27.0122,27.0564,27.2367,27.1252,26.8478,27.1354,27.0275,27.1991,27.474,26.8555,27.6068,27.3326,27.1785,27.2314,26.9502,27.276,27.1143,27.2624,27.3006,26.98
39,12:37:15 PM,27.1016,26.9893,26.8753,27.1263,27.0742,26.8958,26.9908,27.1397,27.2679,27.1768,27.0501,27.1929,27.2381,27.4173,27.2236,27.1063,27.1246,27.1605,27.2821,27.1143,27.1866,27.1644,27.0765,27.0142,26.8072,27.129,27.3569,27.0828,27.0717,26.8928,27.3254,27.0365,27.2462,27.3876,27.3684,27.2811,27.1753,27.2496,27.4128,27.3236,27.0818,27.3281,27.4727,27.5375,27.2078,27.1763,27.3744,27.2989,26.9654,27.0182,27.2553,27.2273,27.6912,27.6464,27.1596,27.483,26.942,27.2233,27.4438,27.4949,27.143,27.1641,27.0717,27.3907,26.9438,27.2788,26.9586,26.7581,26.9603,27.0019,27.5842,27.3483,27.3429,27.109,27.1241,27.0279,26.8452,26.9817,27.3335,27.2772,26.942,26.9203,26.9887,27.2877,27.0857,27.4459,27.3092,27.325,27.4062,26.9653,26.954,27.0877,27.0157,27.3449,26.7433,27.4626,27.3968,27.0686,27.0584,27.0911,27.2533,27.1134,27.4003,27.0602,26.9585,27.1573,27.1781,27.1557,27.4496,26.7,27.9106,27.3214,27.4231,27.2769,27.0735,27.3836,27.1345,27.2544,27.3544,27.1481
40,12:37:35 PM,26.9998,27.0699,27.0309,27.1348,27.2253,26.8767,27.137,27.0948,27.2436,27.1369,27.1221,26.9923,27.2161,27.3767,27.2579,26.9873,27.1281,27.09,27.2704,27.0847,27.2766,27.0937,27.1634,26.9989,26.8353,27.077,27.534,27.1133,27.0163,26.9883,27.2773,27.1001,27.1901,27.4048,27.355,27.2719,27.2275,27.3826,27.2157,27.3072,27.1919,27.2753,27.363,27.3756,27.1337,27.233,27.3411,27.2846,27.0426,26.7461,27.2016,27.2718,27.9322,27.6846,27.3213,27.4565,26.9018,27.2165,27.5219,27.5431,27.0127,26.9814,27.0194,27.4114,27.0242,27.2085,26.9763,26.833,27.1733,26.8927,27.6569,27.2761,27.2298,27.027,27.1614,27.0067,26.9674,26.9067,27.2597,27.1993,26.8826,26.8995,26.9145,27.0636,26.6728,27.3141,27.2151,27.4397,27.3166,26.9757,27.0086,27.061,27.1663,27.406,26.6936,27.5194,27.4744,27.0229,27.1473,27.1536,26.8987,27.0296,27.3197,27.0825,26.9254,27.1548,27.0325,27.1031,27.4693,26.8111,27.8242,27.3855,27.3297,27.3031,27.1051,27.278,27.2648,27.2786,27.2521,27.1725
41,12:37:55 PM,26.9484,27.0624,27.0081,27.2239,27.0138,26.832,27.1723,27.2179,27.2738,27.1024,27.101,27.0876,27.144,27.5225,27.2302,27.2258,27.1904,27.1324,27.3243,27.0492,27.4761,27.1598,26.8898,27.1007,26.8988,26.9188,27.2974,27.0673,27.0552,26.8829,27.2069,27.0612,27.2886,27.4777,27.1336,27.4043,27.2742,27.4637,27.179,27.4706,27.1214,27.1691,27.3877,27.3404,27.1693,27.303,27.3451,27.2873,26.8416,26.8123,27.3101,27.0697,27.7695,27.7489,27.3554,27.2444,27.055,27.3861,27.5785,27.6936,26.9713,27.0551,27.0395,27.3991,27.0252,27.2905,26.9169,26.7386,27.0836,26.9317,27.555,27.3087,27.3559,26.8977,27.1042,27.1471,26.8967,26.7291,27.2684,27.235,27.101,27.079,27.0159,27.2754,26.9737,27.3745,27.2861,27.5602,27.5039,26.8578,26.9155,27.0877,27.003,27.1932,26.7659,27.4875,27.4852,27.1387,27.0125,27.0132,27.0932,27.2634,27.4448,26.9544,27.0302,26.9979,27.0368,26.9699,27.3451,26.7882,28.0146,27.3788,27.2843,27.1809,27.1344,27.3019,27.151,27.2221,27.2736,27.2102
42,12:38:15 PM,27.0417,26.9601,26.9795,27.0934,27.1078,26.9302,27.1826,27.1251,27.1636,27.2419,27.1746,27.2695,27.2033,27.3808,27.2024,27.0717,27.269,27.1423,27.2649,27.134,27.3539,27.2284,26.9887,27.0648,26.8292,27.2915,27.4058,27.0701,27.0967,26.9278,27.304,27.3044,27.3341,27.3339,27.3412,27.4,27.3133,27.3137,27.2285,27.2551,27.0118,27.185,27.5896,27.5232,27.3375,27.3081,27.3568,27.3148,26.8485,26.8961,27.3608,27.3257,27.9468,27.7679,27.2926,27.4743,26.9868,27.3225,27.5176,27.6751,26.9973,27.1021,26.949,27.4335,27.0141,27.3446,27.1248,26.7661,27.0367,27.0282,27.4011,27.2995,27.2549,27.1217,27.1343,27.0824,26.9427,26.7277,27.5569,27.247,26.9674,27.0041,27.043,27.2755,27.0119,27.3474,27.2358,27.6481,27.4251,26.948,27.0527,27.1278,27.1577,27.3385,26.6581,27.7012,27.3879,27.1103,26.9529,27.2885,27.0212,27.1986,27.4386,27.0655,26.9331,27.1711,27.0262,27.161,27.4943,26.7913,27.99,27.2975,27.4565,27.1977,27.0726,27.2876,27.2675,27.2713,27.3438,27.1402
43,12:38:35 PM,26.9252,26.9372,26.9143,27.3094,27.074,26.9044,27.0431,27.004,27.1074,27.1453,27.3734,27.0755,27.153,27.2063,27.1893,26.9618,27.1472,27.0687,27.3126,27.1639,27.2967,27.1345,26.9076,27.1421,26.6944,27.3108,27.3837,27.0474,27.1131,27.0838,27.4227,27.181,27.2215,27.4883,27.3784,27.2491,27.2759,27.3269,27.3381,27.5043,26.9717,27.1401,27.5629,27.5949,27.4489,27.3701,27.3455,27.3687,26.9434,26.9165,27.202,27.5053,27.8573,27.6331,27.3712,27.4269,26.9354,27.4055,27.7055,27.6109,26.9097,27.1193,27.0521,27.2914,26.9522,27.3016,26.9,26.8312,27.0143,27.0458,27.7646,27.3237,27.3745,27.0842,27.1423,27.1492,27.0011,26.9554,27.2352,27.3031,27.082,27.1018,26.9978,27.1801,26.9046,27.3667,27.3516,27.6047,27.4906,26.916,27.0224,27.0407,27.0668,27.2988,26.6514,27.5502,27.4199,27.1068,27.0349,27.1254,26.9645,27.0656,27.3856,27.0533,27.0066,27.1416,26.9662,27.1465,27.4075,26.602,27.9883,27.4095,27.2995,27.2742,27.0942,27.274,27.231,27.4,27.3894,27.2185
44,12:38:55 PM,26.9281,26.9794,26.9366,27.2792,27.0564,26.9064,27.1427,27.1381,27.3159,27.2277,27.2308,27.3154,27.3136,27.4366,27.1867,27.0923,27.2157,27.1578,27.2784,27.3437,27.4228,27.1947,26.985,27.1094,26.8459,27.1303,27.3457,27.1994,27.0562,27.0594,27.2906,27.3053,27.1963,27.4383,27.3878,27.2767,27.2955,27.3781,27.2658,27.5858,27.1369,27.2973,27.5443,27.2392,27.2707,27.1908,27.3278,27.3511,26.8919,26.8868,27.1622,27.3085,27.9816,27.724,27.3634,27.2861,27.0898,27.4329,27.5202,27.427,26.926,27.1905,27.026,27.3786,27.1336,27.2174,27.1579,26.8221,27.032,27.0379,27.5513,27.5287,27.3906,26.965,27.0234,27.0382,26.9226,26.9578,27.311,27.1631,26.9907,27.1583,27.155,27.3581,27.1312,27.4866,27.3924,27.5547,27.4697,26.9438,26.8763,27.1673,27.1106,27.2606,26.5897,27.6425,27.3771,27.1082,27.0048,27.2132,26.9835,27.1766,27.2567,27.1499,26.9446,27.0447,27.1871,27.2825,27.5652,26.7556,27.6373,27.5142,27.3053,27.0808,27.0149,27.3953,27.2517,27.2368,27.2295,27.1031
45,12:39:15 PM,27.0013,27.1732,27.0529,27.1701,27.2144,27.148,27.0371,27.0453,27.1813,27.2347,27.1535,27.1965,27.1366,27.4337,27.277,27.1682,27.1675,27.1876,27.2786,27.1737,27.3817,27.2442,27.0267,27.1549,26.8056,27.2166,27.4344,27.1771,27.094,26.953,27.2514,27.2286,27.2969,27.4771,27.2772,27.3615,27.2076,27.2739,27.1756,27.3678,27.1078,27.3017,27.3994,27.4418,27.2352,27.4906,27.3054,27.3398,26.8815,26.9536,27.2706,27.2627,28.0263,27.7258,27.3481,27.3092,26.9596,27.4837,27.5584,27.4299,27.0397,27.0341,27.1874,27.3403,27.174,27.2634,27.0992,26.6763,27.213,26.9574,27.5352,27.2209,27.3073,27.1001,27.1737,27.0039,26.9447,26.8254,27.2026,27.1755,26.9844,26.9767,27.1038,27.2137,26.983,27.4468,27.3453,27.5689,27.4719,27.0647,26.9916,27.2322,27.082,27.3668,26.7551,27.7132,27.4018,27.0981,27.0816,27.0667,26.9667,27.151,27.31,27.0737,26.9465,27.1066,26.9357,27.183,27.4188,26.8215,27.9554,27.3552,27.3943,27.2382,26.9916,27.3175,27.2694,27.2802,27.2969,27.054
46,12:39:35 PM,26.9369,26.918,27.0634,27.2998,27.2255,26.8863,27.1708,27.1769,27.292,27.0424,27.2176,27.2967,27.033,27.3841,27.2578,27.1527,26.9701,27.1032,27.1761,27.2201,27.2596,27.2343,26.9259,26.9521,26.8865,27.0876,27.2852,27.151,27.0996,27.0242,27.1973,27.0561,27.2743,27.3563,27.3898,27.3028,27.2135,27.4306,27.3284,27.4338,27.0808,27.3814,27.4246,27.5295,27.369,27.2652,27.3505,27.3795,26.8671,26.8543,27.2922,27.3252,27.7764,27.7038,27.3836,27.3579,26.9778,27.3961,27.5038,27.3665,26.9767,27.0206,26.8888,27.4349,27.2372,27.2712,26.827,26.7744,27.1254,26.9845,27.4853,27.2928,27.2406,27.3127,27.2127,26.9469,26.9198,26.8727,27.534,27.2724,27.0715,26.9797,26.9171,27.2343,27.007,27.5557,27.2252,27.747,27.2672,26.8709,26.9509,27.0226,27.3015,27.2035,26.7467,27.5072,27.4878,27.2113,27.0254,27.1089,27.071,26.8545,27.3329,27.1107,26.8618,27.2355,27.003,27.1659,27.5309,26.9353,27.886,27.2873,27.3652,27.2394,26.9885,27.3288,27.207,27.2814,27.3354,27.0864
47,12:39:55 PM,26.8987,27.0073,27.1108,27.1961,27.177,26.8007,27.0761,27.1538,27.3396,27.3188,27.3627,27.1216,27.2489,27.3573,27.3987,27.1524,27.349,27.2972,27.2218,27.1988,27.3552,27.1451,27.0025,27.1143,26.9637,27.046,27.3607,27.219,27.0754,27.0483,27.0753,27.2303,27.2443,27.2809,27.2667,27.4736,27.2415,27.4179,27.2751,27.5196,27.2455,27.3277,27.5621,27.5897,27.2776,27.1481,27.3869,27.4254,26.8659,26.7739,27.2772,27.2613,27.8387,27.6245,27.2779,27.2737,26.9924,27.2411,27.4844,27.5874,26.9545,27.2389,27.0633,27.3625,27.1568,27.2938,26.994,26.6609,26.8853,26.9488,27.5342,27.4181,27.2532,27.1273,27.0812,27.1422,27.0,26.6534,27.5149,27.2679,27.037,27.0574,27.1811,27.1429,27.0265,27.4896,27.2675,27.5615,27.3826,26.923,26.9906,27.1825,27.0632,27.2956,26.6059,27.4996,27.3251,27.2394,26.9895,27.1622,27.1883,27.1613,27.3406,27.1168,27.0336,27.0546,27.1003,26.9994,27.4127,26.6814,27.9288,27.326,27.3613,27.4637,26.9955,27.3429,27.1056,27.3785,27.3302,27.0826
48,12:40:15 PM,27.0858,26.9991,26.9376,27.0529,27.0597,26.9915,27.1728,26.9314,27.1709,27.1996,27.0463,27.0668,27.2655,27.2876,27.1184,27.1238,27.1067,27.1976,27.3082,27.0846,27.3375,27.1535,26.9993,26.9628,26.7634,27.1716,27.1944,27.0698,27.1942,27.0192,27.3512,27.1995,27.1852,27.4495,27.3737,27.2713,27.2437,27.3299,27.2511,27.3853,27.1236,27.1421,27.507,27.4349,27.2736,27.3211,27.396,27.407,26.9968,26.8583,27.2651,27.3368,27.963,27.5983,27.3882,27.4126,27.0897,27.4375,27.5703,27.5658,26.8916,27.1001,27.073,27.2929,26.7734,27.1477,27.0037,26.7627,27.2193,26.9369,27.923,27.3301,27.1292,27.2165,27.1626,26.8059,27.0328,26.9655,27.3971,27.327,27.1181,27.1186,26.9902,27.1888,27.0622,27.2932,27.2601,27.5584,27.6107,27.0878,27.0639,27.006,27.1432,27.385,26.7615,27.6305,27.3837,27.1688,27.0621,27.2613,26.9525,27.2141,27.3371,27.22,26.8239,27.2563,27.027,27.1649,27.4469,26.8047,27.9723,27.4727,27.4606,27.26,27.0414,27.4329,27.2527,27.4096,27.4294,27.0874
49,12:40:35 PM,26.9868,26.9949,27.073,27.2972,27.3322,27.0405,27.205,27.1916,27.2115,27.1025,27.1096,27.1716,27.3608,27.4017,27.2085,27.0785,27.0376,27.1969,27.367,27.1624,27.4236,27.1365,26.9274,26.8895,26.8126,27.269,27.4578,27.1639,27.04,26.9428,27.2907,27.1466,27.3346,27.3808,27.3974,27.2396,27.16,27.3499,27.23,27.4129,27.0368,27.2326,27.5943,27.4692,27.1967,27.2956,27.3022,27.478,26.9042,26.9148,27.1319,27.2717,27.9871,27.7001,27.3206,27.3063,27.0409,27.2854,27.5511,27.5299,27.0601,27.0449,26.9811,27.4016,27.0036,27.0871,26.8707,26.8307,27.0845,27.0089,27.567,27.3094,27.2852,27.1176,27.0669,27.1366,27.0437,26.8424,27.3805,27.4134,26.9213,27.0827,27.0088,27.1873,26.9471,27.3909,27.4353,27.5349,27.4347,26.8945,27.1295,27.0657,27.1178,27.3355,26.939,27.5072,27.3998,27.1769,27.0488,27.2227,26.9703,27.1414,27.3114,27.257,26.9765,27.204,27.0583,27.3756,27.5545,26.8753,27.8662,27.3703,27.3185,27.3586,27.055,27.4138,27.3097,27.3548,27.3287,27.1464
50,12:40:55 PM,27.0339,27.104,27.1169,27.3406,27.2888,26.9296,27.0521,27.162,27.3689,27.2559,27.142,27.1339,27.1863,27.3659,27.2276,27.2129,27.2027,27.1141,27.3969,27.2797,27.2469,27.2745,27.1005,27.1347,26.9924,27.1646,27.3237,27.0636,27.0568,27.0171,27.2127,27.1811,27.2596,27.3674,27.2682,27.4528,27.3037,27.4168,27.4288,27.4547,27.0821,27.2812,27.3969,27.5717,27.1988,27.1618,27.3011,27.4962,26.9846,26.8635,27.2677,27.327,27.8346,27.8536,27.376,27.4402,27.0095,27.42,27.568,27.4952,26.935,27.0806,27.1102,27.4494,27.1089,27.193,27.082,26.8085,26.9931,26.9441,27.6254,27.3805,27.2966,27.2186,27.108,27.1514,27.019,26.8324,27.2813,27.2411,26.903,27.0683,27.0146,27.2448,26.9101,27.4245,27.3856,27.5157,27.49,27.0202,27.022,27.0942,27.0922,27.3037,26.71,27.4669,27.3985,27.2046,27.0335,27.0505,27.0324,26.9823,27.3611,27.278,26.7263,27.2284,27.0948,27.2068,27.4543,26.9294,27.9679,27.4484,27.4195,27.389,27.2017,27.4675,27.2003,27.3957,27.4417,27.0588
51,12:41:15 PM,26.9939,27.0856,26.9785,27.3103,27.1765,26.9558,27.2512,27.2266,27.3189,27.2184,27.3842,27.2763,27.2674,27.3865,27.209,27.3472,27.2629,27.1749,27.3563,27.1308,27.3497,27.1458,27.0122,27.0303,26.9364,27.1394,27.3737,27.0475,27.1352,27.0433,27.3898,27.2149,27.2599,27.4047,27.363,27.3932,27.2919,27.1895,27.3584,27.5151,27.0227,27.348,27.4214,27.5502,27.2549,27.1554,27.4039,27.4564,26.7646,26.8395,27.2819,27.2018,27.9728,27.8381,27.4041,27.3164,27.1258,27.3975,27.6973,27.5305,26.9608,27.1242,27.0422,27.4138,27.1418,27.2705,27.0206,26.6217,27.0514,27.0171,27.5534,27.2249,27.4122,27.165,26.9443,27.0148,26.9442,26.8868,27.3371,27.2471,27.0076,27.0347,27.0075,27.2513,27.045,27.3768,27.2056,27.6751,27.3987,27.1576,27.0245,26.9914,27.1229,27.2091,26.7629,27.6948,27.4344,27.1551,27.0504,27.1509,27.1222,27.1961,27.2142,27.0283,27.0066,27.0993,27.0366,27.1336,27.6574,26.9538,27.9362,27.5123,27.1405,27.1043,27.1391,27.2906,27.2834,27.3219,27.2896,27.1223
52,12:41:35 PM,27.0986,26.9294,26.9891,27.2223,27.1871,26.8669,27.1596,27.1918,27.2834,27.0398,27.2328,27.2936,27.2681,27.3274,27.3208,27.1562,27.1844,27.2498,27.2508,27.1634,27.2801,27.2146,26.9008,27.1709,26.9501,27.2684,27.3714,27.0775,27.1027,26.9972,27.3384,27.0198,27.4425,27.4516,27.281,27.1355,27.351,27.4447,27.557,27.5023,27.1118,27.3496,27.4061,27.3311,27.5193,27.2183,27.3709,27.2634,27.104,26.936,27.1983,27.2871,28.0145,27.7132,27.2778,27.3035,27.108,27.5741,27.5777,27.6534,27.1186,27.0057,27.2237,27.3996,27.1158,27.3222,26.926,26.9626,27.2326,26.9346,27.5914,27.2371,27.2607,27.0618,27.1958,27.0882,26.8684,26.8701,27.3748,27.2093,26.9938,27.1265,27.1151,27.2582,26.9138,27.302,27.2256,27.6789,27.5309,26.8979,27.0868,27.0648,27.0309,27.3377,26.6628,27.6247,27.3211,27.234,27.0241,27.2244,26.9216,27.1654,27.1509,27.1767,27.0221,27.2553,26.969,27.2579,27.5893,26.9426,28.0536,27.4122,27.3914,27.197,27.2372,27.4135,27.2733,27.4367,27.3836,26.9429
53,12:41:55 PM,27.1115,26.9079,27.1935,27.2891,27.2495,26.9875,27.1146,27.0653,27.2924,27.1853,27.1697,27.3887,27.3288,27.3927,27.3406,27.0921,27.1998,27.2131,27.2394,27.3498,27.3809,27.2866,27.2644,27.0089,26.9248,27.1565,27.2847,27.1769,27.1281,27.0158,27.3194,27.05,27.2348,27.4398,27.178,27.3001,27.2738,27.3009,27.5289,27.3966,27.1186,27.297,27.4603,27.5288,27.4589,27.2245,27.4865,27.3097,26.8306,26.7162,27.267,27.3521,27.8633,27.7161,27.4311,27.2647,27.0826,27.4331,27.7193,27.6043,27.2337,26.9746,27.1031,27.3659,27.1863,27.2594,27.0858,26.6906,26.9779,27.1874,27.5951,27.401,27.282,27.1562,27.0008,27.0127,26.9902,26.7896,27.3923,27.3053,26.9799,26.9946,27.1306,27.2158,27.017,27.3622,27.4597,27.5327,27.4611,27.0097,27.1116,27.0244,27.1317,27.5222,26.8167,27.569,27.3718,27.1685,26.9293,27.4686,27.1738,27.2517,27.2267,27.1583,27.0714,27.1637,27.0288,27.2231,27.6372,26.8168,27.9347,27.4968,27.3587,27.3689,27.0302,27.2665,27.1249,27.3875,27.5602,27.0946
54,12:42:15 PM,26.8869,26.9872,26.9211,27.1986,27.0869,26.8371,27.0886,27.0727,27.2144,27.276,27.1426,27.3052,27.2898,27.3885,27.3726,27.2375,27.0296,27.2562,27.3912,27.268,27.3063,27.3034,26.8437,27.0998,26.9104,27.1848,27.4314,27.1097,27.2678,27.0051,27.2294,27.0459,27.384,27.4184,27.3375,27.3277,27.3015,27.4686,27.4079,27.6091,27.0776,27.2183,27.6129,27.5831,27.2548,27.2971,27.4192,27.3782,26.9434,27.0272,27.344,27.1986,27.8607,27.7089,27.3924,27.1587,27.0722,27.3968,27.6524,27.5566,27.1201,27.0762,27.0248,27.5077,27.0962,27.2434,26.966,26.6725,27.0817,26.9244,27.686,27.464,27.2415,27.2144,26.982,27.0631,26.9554,26.9258,27.3051,27.1845,27.0174,27.1339,27.1157,27.2591,26.9775,27.4103,27.3319,27.5693,27.4799,27.0489,27.0334,27.0442,27.1905,27.3382,26.7894,27.6207,27.3611,27.1526,27.0928,27.1903,26.9912,27.1998,27.4943,27.2876,26.9573,27.0473,27.0459,27.0488,27.5124,26.7621,27.9998,27.4248,27.2636,27.1708,27.0371,27.3775,27.2192,27.4099,27.3479,27.1645
55,12:42:35 PM,27.1421,26.9562,26.9169,27.1635,27.2547,27.0824,27.1545,27.243,27.3807,27.2811,27.2664,27.1692,27.3058,27.3753,27.4264,27.0646,27.0649,27.1912,27.2393,27.1635,27.2485,27.1734,27.0331,27.093,26.8842,27.2239,27.4787,27.1554,26.9127,27.0734,27.1465,27.1503,27.4033,27.4186,27.272,27.411,27.3091,27.3068,27.375,27.4774,27.2295,27.1589,27.5394,27.4664,27.467,27.2231,27.2838,27.3296,26.9825,26.8518,27.3013,27.5028,27.9491,27.7067,27.2236,27.2962,26.9697,27.3524,27.7185,27.5754,27.0723,27.0805,27.0432,27.4662,27.1083,27.1756,26.9052,26.8394,27.0737,27.0417,27.658,27.2651,27.3966,27.2292,27.0322,27.1278,26.9861,26.8189,27.4647,27.2482,27.0725,27.1999,27.0862,27.2034,27.0465,27.399,27.3124,27.7399,27.3675,27.0588,27.042,27.186,27.1744,27.322,26.8376,27.6346,27.3916,27.1637,27.1623,27.3473,26.9984,27.0938,27.3662,27.2081,27.0005,27.1895,26.9842,27.3674,27.4575,26.6308,27.9088,27.2997,27.3602,27.222,27.0825,27.4953,27.0242,27.3649,27.3437,27.1936
56,12:42:55 PM,27.0289,27.1516,27.0522,27.0966,27.1552,27.0817,27.0789,27.2308,27.1817,27.331,27.2633,27.2662,27.1629,27.4482,27.2436,26.9644,27.099,27.2551,27.1683,27.1428,27.2666,27.1436,27.1242,27.0012,26.8533,27.1548,27.5039,27.0585,27.0978,26.9824,27.3639,27.2322,27.3082,27.4039,27.2704,27.386,27.3955,27.3405,27.4147,27.4605,27.1128,27.2673,27.39,27.4871,27.462,27.341,27.4331,27.352,26.9217,26.9026,27.28,27.5139,27.9612,27.7621,27.3824,27.2411,26.9465,27.4988,27.6901,27.7693,27.001,26.9736,27.12,27.5196,27.1749,27.2062,26.9991,26.7177,27.0659,27.0298,27.5848,27.3469,27.4507,27.0004,27.1818,26.9834,27.0588,26.8304,27.5331,27.4218,27.1271,27.2287,27.1492,27.3219,27.1021,27.3378,27.3263,27.7382,27.4593,27.0245,27.1417,26.9927,27.1189,27.2971,26.8747,27.741,27.3436,27.1753,26.9629,27.2371,27.0032,27.1136,27.4016,27.2317,26.9533,27.1797,27.1979,27.1604,27.4959,26.8426,28.0023,27.4529,27.311,27.4946,27.0747,27.3813,27.3577,27.4467,27.3489,27.2638
57,12:43:15 PM,26.906,26.9199,27.0622,27.1812,27.0713,26.9015,27.0676,27.2111,27.3524,27.0499,27.1759,27.2384,27.1497,27.384,27.2972,27.2862,27.1042,27.0771,27.2559,27.2954,27.3164,27.2199,26.9888,26.9604,26.9108,27.1215,27.3804,27.1155,27.1664,27.1189,27.3385,27.1669,27.3314,27.3514,27.3809,27.389,27.167,27.3069,27.2754,27.4309,27.0858,27.5277,27.4167,27.5922,27.3826,27.2077,27.2462,27.4519,26.9361,26.8056,27.1351,27.3472,28.0633,27.5388,27.3506,27.3191,27.0146,27.5129,27.5258,27.6503,27.0222,27.1873,27.0971,27.5045,27.2034,27.3207,26.9688,26.8301,27.1638,26.9614,27.5582,27.3367,27.2985,27.066,27.0377,27.0907,27.0252,26.9518,27.4607,27.4725,27.0007,27.0592,27.2075,27.2045,26.9216,27.3724,27.2275,27.6382,27.4876,27.0976,27.1364,27.0924,27.1857,27.4951,26.6737,27.651,27.4918,27.1458,27.2078,27.358,27.0935,27.2126,27.3995,27.2831,26.9593,27.0622,27.0376,27.1496,27.6154,26.6598,27.8019,27.3373,27.6239,27.3049,27.2459,27.4216,27.2731,27.4849,27.4469,27.1667
58,12:43:35 PM,26.8852,27.0051,26.9671,27.3103,27.061,27.0107,27.0097,27.1404,27.3168,27.2188,27.2552,27.2303,27.2826,27.3842,27.3344,27.1743,27.2329,27.1331,27.4179,27.2366,27.1736,27.2098,26.9682,27.1874,27.1334,27.2405,27.5015,27.0091,27.0652,27.0293,27.2735,27.1512,27.3253,27.3027,27.281,27.625,27.2142,27.4743,27.3713,27.4542,27.1174,27.2728,27.4996,27.4701,27.2959,27.2659,27.3958,27.4655,26.881,26.9336,27.1354,27.1293,27.8751,27.8083,27.3673,27.4143,26.9112,27.3643,27.6391,27.4639,26.8849,27.2189,27.0303,27.6639,27.0579,27.4139,27.0082,26.749,27.2022,27.1036,27.698,27.3744,27.3891,27.1168,27.0714,26.9658,27.0179,26.9992,27.328,27.1662,27.1509,27.0389,27.223,27.1454,27.0345,27.3266,27.2789,27.5787,27.4196,27.0463,27.1396,26.9895,27.0525,27.4745,26.8863,27.6015,27.3703,27.2533,26.9843,27.0945,26.9874,27.1315,27.2315,27.1589,26.9236,26.9436,27.0616,27.1438,27.4507,26.9117,27.8512,27.5819,27.4413,27.2263,27.1661,27.4001,27.1302,27.3595,27.3101,27.122
59,12:43:55 PM,26.9407,27.0856,27.0992,27.2012,27.2062,27.0269,27.0355,27.1443,27.1579,27.3323,27.0702,27.0731,27.2663,27.2982,27.2259,27.2802,27.1331,27.257,27.3805,27.3192,27.3548,27.2846,26.9554,27.1112,26.8996,27.2986,27.4645,27.1325,27.0924,27.074,27.3706,27.2564,27.3181,27.477,27.3334,27.406,27.2962,27.3643,27.3148,27.3542,27.14,27.0922,27.4601,27.6745,27.2563,27.3989,27.2083,27.3631,27.0033,26.955,27.2706,27.192,28.025,27.7262,27.4838,27.2907,27.062,27.4763,27.6052,27.4616,26.8599,27.0634,27.1972,27.5645,27.0833,27.2315,26.9215,26.6528,27.0726,26.9912,27.5694,27.2437,27.3766,27.2505,27.0508,26.9281,26.9459,26.7788,27.4504,27.3402,27.0911,27.2437,27.0281,27.1462,26.9559,27.6446,27.3354,27.7375,27.5566,27.1396,27.061,27.0933,27.209,27.3261,26.8058,27.464,27.3066,27.2703,27.2849,27.1675,26.9975,27.235,27.3407,27.1996,26.9146,27.1491,27.101,27.3727,27.5217,26.9219,27.836,27.5883,27.4574,27.1712,27.0581,27.3457,27.251,27.3422,27.2595,27.0996
60,12:44:15 PM,26.9923,26.9504,27.0533,27.1551,27.0822,26.9914,27.0835,27.176,27.4058,27.1911,27.3009,27.2071,27.2719,27.5115,27.3577,27.1219,27.1444,27.2482,27.511,27.1718,27.447,27.2183,27.0492,26.9618,26.8412,27.2029,27.3444,27.1757,27.1504,26.9807,27.2162,27.0332,27.2719,27.4105,27.4546,27.2951,27.2679,27.4237,27.3039,27.4089,27.0558,27.1961,27.5722,27.5441,27.1208,27.4034,27.3065,27.2457,26.9303,26.9626,27.4255,27.3991,28.071,27.8105,27.3532,27.2614,27.0188,27.3926,27.6208,27.4195,27.0948,26.9377,27.1744,27.4369,27.1774,27.2856,27.0059,26.8186,27.1698,27.1801,27.6913,27.2862,27.3086,27.198,27.2188,26.8486,26.9351,26.9375,27.5736,27.3562,26.9586,27.1128,27.068,27.211,27.1469,27.3078,27.2104,27.5315,27.5315,26.9229,27.081,27.0135,27.189,27.4108,26.7599,27.7262,27.622,27.1372,27.1843,27.1809,27.0533,27.1433,27.4205,27.2914,27.0295,27.1361,26.9893,27.1833,27.4622,26.7706,27.83,27.3832,27.5599,27.3078,27.1055,27.3466,27.2497,27.5089,27.4717,27.1905
61,12:44:35 PM,26.91,26.9604,27.0347,27.1856,27.2203,26.7551,26.8606,27.1886,27.4133,27.1303,27.3546,27.2809,27.1566,27.5981,27.3116,27.1453,27.1116,27.1218,27.2876,27.3355,27.4359,27.3612,27.0593,27.041,27.0538,27.2692,27.19,27.0161,27.2161,27.0178,27.2386,27.2301,27.4367,27.4229,27.4153,27.4917,27.1971,27.2186,27.447,27.4379,27.1214,27.3127,27.5837,27.5745,27.2877,27.2537,27.4395,27.3153,27.0565,26.9101,27.275,27.1833,28.0031,27.8197,27.3344,27.2247,26.9,27.2269,27.6326,27.7709,27.0805,26.9068,27.1235,27.5267,27.3089,27.2046,27.0489,26.839,27.1135,27.074,27.7163,27.5306,27.3906,27.1532,27.038,27.02,26.9066,26.8045,27.3816,27.3145,27.0933,27.2537,27.0525,27.2298,26.9594,27.4239,27.3292,27.5297,27.5475,26.9481,27.0036,27.2234,27.0811,27.4194,26.917,27.6298,27.5104,27.2266,27.2518,27.1287,26.8785,27.0852,27.4314,27.1327,27.0477,27.2049,27.1176,27.3029,27.4717,26.7611,27.9636,27.3969,27.3291,27.4393,27.2007,27.5038,27.3727,27.4781,27.4943,27.2261
62,12:44:55 PM,26.8967,27.0624,27.0738,27.1186,27.2817,26.8792,26.9637,27.0633,27.2841,27.0605,27.2422,27.0842,27.3163,27.3976,27.316,27.2048,27.1071,27.1387,27.4555,27.3415,27.2512,27.1274,27.1624,26.9975,26.9399,27.2407,27.443,27.0294,27.0597,27.0934,27.3483,27.0892,27.2557,27.3912,27.3494,27.5383,27.2283,27.3365,27.23,27.5198,27.1586,27.2409,27.5327,27.5612,27.3492,27.2599,27.2068,27.3339,27.0245,26.7523,27.2318,27.1597,27.9056,27.7281,27.3985,27.3335,26.9183,27.536,27.555,27.3962,26.8886,27.1985,26.971,27.4633,27.2051,27.3245,27.0603,26.7086,27.0943,27.0916,27.7341,27.1741,27.4391,27.0975,27.0525,26.9589,27.0222,26.9782,27.4805,27.3395,27.1684,27.1875,26.9966,27.1212,27.0683,27.4031,27.409,27.5984,27.5802,27.1165,27.1412,26.9162,27.0902,27.3227,26.7102,27.6793,27.5041,27.1464,27.1973,27.0613,26.9731,27.0376,27.3368,27.3033,26.9352,27.2022,26.8688,27.0741,27.5078,26.7331,27.9883,27.3142,27.5649,27.3061,27.081,27.4022,27.1964,27.3689,27.4586,27.2144
63,12:45:15 PM,27.1067,27.1978,27.0121,27.3142,27.2224,27.0268,27.0244,27.3126,27.2903,27.1965,27.2277,27.2268,27.2423,27.3396,27.411,27.1937,27.0977,27.3402,27.3713,27.3839,27.2633,27.1322,27.1559,27.0705,27.0053,27.2128,27.3328,27.0774,27.2567,27.1063,27.4176,27.1853,27.5339,27.408,27.3438,27.2039,27.2417,27.2188,27.3202,27.5059,27.1596,27.2838,27.425,27.6451,27.4824,27.2908,27.445,27.3944,27.0299,26.8377,27.2312,27.2807,28.0868,27.7746,27.3231,27.3525,26.9181,27.4542,27.7853,27.7231,27.0524,27.0866,26.9853,27.4579,27.1136,27.3102,27.0292,26.9216,27.0933,27.0669,27.6516,27.2487,27.3745,27.2186,27.1163,27.0169,27.0602,27.1159,27.5383,27.2295,27.082,27.0914,26.9952,27.3041,26.9393,27.354,27.2134,27.6625,27.4754,27.0411,27.095,27.1208,27.0816,27.2828,26.7377,27.7273,27.5683,27.2028,27.1452,27.1788,27.0902,27.0584,27.4403,27.229,27.0635,27.105,27.0944,27.0662,27.5977,26.7195,27.8501,27.3283,27.491,27.4082,27.1151,27.3057,27.3737,27.4905,27.4074,27.1904
64,12:45:35 PM,27.0657,27.0093,27.0354,27.2715,27.0486,26.9736,27.0524,27.1153,27.3477,27.2642,27.2906,27.1224,27.3087,27.3307,27.1853,27.0893,27.0483,27.3139,27.3168,27.4151,27.2796,26.9999,27.0911,27.1122,26.9576,27.1304,27.4057,27.0305,27.3244,27.0869,27.3981,27.1422,27.2357,27.5864,27.3367,27.2319,27.2347,27.261,27.3174,27.5461,27.0737,27.2575,27.5775,27.6877,27.5072,27.2963,27.34,27.4544,26.9941,27.063,27.3638,27.3606,27.8977,27.5029,27.3753,27.3527,27.1263,27.4213,27.7415,27.7549,26.9429,27.0739,27.1502,27.5404,27.0434,27.3564,27.1475,26.8986,27.1879,27.0831,27.561,27.2665,27.3388,27.0785,27.098,26.9969,26.7243,26.8556,27.5221,27.2438,27.0507,27.026,27.0248,27.2641,26.9561,27.327,27.2187,27.7036,27.6004,27.1521,27.0801,27.0988,27.1632,27.4344,26.7809,27.5834,27.3586,27.1951,27.0501,27.2571,27.0615,27.0742,27.4232,26.9578,27.0754,27.2072,27.0207,27.1521,27.6309,26.9908,27.8878,27.1988,27.4104,27.347,27.2415,27.4299,27.3,27.3417,27.5549,27.1784
65,12:45:55 PM,26.942,27.15,26.9297,27.2372,27.2625,27.0341,27.011,27.1356,27.2513,27.0078,27.2013,27.2649,27.2671,27.4455,27.3212,27.0824,26.9803,27.1866,27.2572,27.2845,27.2333,27.198,26.9683,27.3298,26.9877,27.2332,27.3288,27.1084,27.2626,26.9296,27.2428,27.2763,27.3311,27.6316,27.4171,27.3665,27.2704,27.3596,27.3271,27.487,27.1195,27.1655,27.6292,27.628,27.4366,27.2089,27.5691,27.3877,27.0111,26.9493,27.3812,27.2729,27.8773,27.9155,27.2809,27.2888,27.066,27.4097,27.6654,27.6438,27.0331,27.0415,27.0559,27.4598,27.1094,27.3793,26.9201,26.7766,27.1448,27.1421,27.4812,27.402,27.4289,27.2456,27.1413,26.8801,26.9404,26.9134,27.381,27.3307,27.1486,27.0896,27.1954,27.2595,27.0261,27.4994,27.4284,27.7548,27.4899,27.0831,27.1208,26.9669,27.1512,27.4054,26.789,27.5818,27.3373,27.192,27.2179,27.0971,26.9983,27.0632,27.3731,27.2919,27.024,27.1927,27.0513,27.2691,27.5574,26.6891,28.0118,27.6176,27.3637,27.4222,27.2771,27.4651,27.1859,27.5076,27.6191,27.222
66,12:46:15 PM,26.9294,27.0019,27.0891,27.2556,27.1094,26.9834,27.0632,27.3913,27.3564,27.2322,27.3052,27.1489,27.4115,27.3765,27.3432,27.1834,27.2376,27.0644,27.3222,27.3454,27.2993,27.0582,26.9296,27.2293,27.1663,27.2778,27.3199,27.1326,27.1819,27.055,27.3193,27.2688,27.2771,27.5354,27.3153,27.5229,27.2629,27.393,27.519,27.5939,27.0901,27.1468,27.6899,27.6584,27.3064,27.2435,27.337,27.4301,27.0086,26.8846,27.3679,27.4273,27.9607,27.6679,27.4303,27.3381,26.9386,27.4519,27.6756,27.5581,27.0769,27.0948,27.0231,27.461,27.0683,27.1976,27.0574,27.056,27.2282,27.1148,27.544,27.3308,27.3566,27.2543,27.0182,27.007,26.9469,26.9124,27.2567,27.3911,27.0968,27.1215,27.0745,27.2344,27.0947,27.649,27.4015,27.6575,27.5405,27.0708,27.1468,27.1082,27.0479,27.447,26.7652,27.6236,27.3965,27.2575,27.2607,27.0437,26.8925,27.2568,27.3855,27.1958,26.9677,27.2619,26.92,27.3021,27.6073,26.7914,27.873,27.6244,27.4141,27.3978,27.0449,27.4757,27.2891,27.3629,27.4822,27.1103
67,12:46:35 PM,27.0839,27.1794,26.8921,27.24,27.0873,26.8586,27.1864,27.1436,27.3629,27.1585,27.2007,27.2226,27.2765,27.4158,27.2747,27.2114,27.2329,27.1464,27.2559,27.3708,27.3911,27.3157,26.9472,27.1792,26.8453,27.1,27.4794,27.1952,27.1494,27.1838,27.3656,27.1553,27.4388,27.4543,27.3152,27.2859,27.3218,27.3478,27.3274,27.4989,27.1402,27.1414,27.8332,27.6049,27.3829,27.288,27.2865,27.3471,27.2177,26.9253,27.2864,27.1756,27.9705,27.5668,27.4748,27.187,26.9026,27.4425,27.5907,27.5614,27.0784,27.0643,27.1759,27.5962,27.1022,27.3142,27.091,26.734,27.0372,27.0055,27.4893,27.2063,27.2936,27.1754,27.1433,27.0509,26.9203,26.8656,27.392,27.2802,27.0884,27.1082,27.1983,27.2402,27.1413,27.4822,27.3246,27.6075,27.6501,27.137,27.1343,27.1962,27.0669,27.5227,26.7586,27.6791,27.5189,27.2538,27.1447,27.2494,27.1467,27.1073,27.226,27.15,26.9128,27.2129,27.1118,27.2588,27.6065,26.6855,27.9927,27.5939,27.395,27.3539,27.1644,27.2885,27.2002,27.2988,27.4475,27.0783
68,12:46:55 PM,27.144,27.1355,26.9266,27.3001,27.0881,26.9055,27.0061,27.3138,27.3121,27.2533,27.2256,27.3172,27.2439,27.4044,27.3476,27.0498,27.1396,27.2771,27.3729,27.3414,27.3858,27.3115,27.0399,27.2431,27.0464,27.1165,27.1931,27.1104,27.3119,27.0783,27.1943,27.1217,27.1683,27.5447,27.2249,27.3379,27.3921,27.4029,27.4451,27.6208,27.0646,27.1511,27.6622,27.4546,27.5533,27.1737,27.4518,27.395,27.0349,26.9433,27.1899,27.4767,28.0269,27.5664,27.4124,27.3642,26.9915,27.376,27.7447,27.5727,26.9405,27.0794,27.1797,27.3903,27.0687,27.2038,26.9875,26.7571,27.1736,27.0831,27.6577,27.3915,27.4438,27.3012,27.1982,27.0593,27.0127,26.9722,27.4317,27.2901,27.0866,26.9678,27.1943,27.2683,27.0649,27.5797,27.2018,27.6216,27.4948,27.0222,27.1218,27.0146,27.0793,27.5196,26.767,27.7637,27.5557,27.199,27.1247,27.2326,27.1526,27.3047,27.4001,27.2525,26.8216,27.0825,27.0841,27.2647,27.5479,27.031,28.0173,27.4449,27.33,27.25,27.1982,27.38,27.2213,27.3855,27.4012,27.1402
69,12:47:15 PM,26.9093,26.9411,27.0224,27.2222,27.2667,27.0105,26.9983,27.1284,27.3447,27.2302,27.243,27.2659,27.1472,27.5239,27.1748,27.1223,27.1885,27.2386,27.4327,27.2534,27.3253,27.1364,27.1053,27.0123,26.8769,27.2942,27.292,27.3387,27.2299,27.0976,27.2822,27.2644,27.3234,27.4433,27.3412,27.2865,27.3415,27.2885,27.3052,27.5278,27.0094,27.2222,27.4423,27.6773,27.4496,27.1261,27.3903,27.3999,27.0791,26.8584,27.3585,27.4879,27.9578,27.633,27.3908,27.4253,26.8981,27.2934,27.8975,27.5794,26.9599,27.0815,27.0809,27.426,27.1338,27.2058,26.9909,26.7469,27.2702,27.0187,27.6518,27.4601,27.338,27.044,27.2597,27.0208,26.9828,26.8821,27.3444,27.3326,27.062,27.1285,27.066,27.2476,26.99,27.4443,27.3817,27.7619,27.4709,27.1595,26.9983,26.9911,27.064,27.3371,26.8583,27.5634,27.3449,27.2336,27.1234,27.2007,26.9465,27.2783,27.3506,27.2025,27.1521,27.229,27.1732,27.2512,27.6501,26.8331,27.9607,27.443,27.5041,27.2136,27.0882,27.3527,27.2776,27.378,27.5034,27.2647
70,12:47:35 PM,27.0091,27.1361,26.9894,27.2066,27.2923,26.8554,27.004,27.275,27.3071,27.3773,27.1335,27.3244,27.2542,27.2683,27.2952,27.0875,27.1196,27.166,27.3852,27.2626,27.2908,27.2788,27.0788,27.2468,27.0192,27.2912,27.2031,27.1177,27.2401,27.2228,27.4181,27.1652,27.5185,27.5357,27.3113,27.3306,27.2904,27.3492,27.2976,27.5604,26.8424,27.1699,27.6371,27.5642,27.3737,27.3101,27.3291,27.3721,27.0423,26.8707,27.2774,27.4337,27.9569,27.7579,27.4267,27.4463,26.7822,27.4603,27.9784,27.5983,27.035,26.9847,27.1689,27.6674,27.2159,27.3409,26.9882,26.7999,27.0419,27.0592,27.6524,27.4125,27.4145,27.1643,27.152,27.0385,27.0014,27.0009,27.3768,27.2852,27.0108,27.127,27.2179,27.2093,27.0748,27.495,27.3375,27.6905,27.4308,27.0728,27.1285,27.003,27.1882,27.5859,26.8979,27.7018,27.3417,27.2042,27.1312,27.2848,27.1604,27.1076,27.4751,27.2435,26.9818,27.2366,27.0876,27.4109,27.7444,26.9724,28.0428,27.4952,27.4553,27.4572,27.0494,27.2661,27.1298,27.5437,27.4548,27.1754
71,12:47:55 PM,27.0068,27.0878,27.1928,27.2095,27.2913,26.8585,27.1977,27.0781,27.2928,27.2339,27.2025,27.1671,27.4263,27.5917,27.3928,27.0614,27.197,27.3407,27.3486,27.3126,27.3937,27.2659,27.0042,27.1403,26.8715,27.1417,27.3796,27.1234,27.2173,27.2333,27.3458,27.2301,27.2483,27.5745,27.2704,27.3042,27.2656,27.3754,27.576,27.5371,27.1879,27.1796,27.5655,27.6162,27.3195,27.3036,27.32,27.5469,27.0048,27.0903,27.2339,27.5848,28.1602,27.6118,27.5332,27.4887,26.9851,27.6229,27.9018,27.4478,27.0762,27.0973,27.1913,27.482,27.2595,27.3623,26.9638,26.6839,27.2831,27.0696,27.5959,27.4989,27.316,27.2319,27.1491,27.0297,27.0648,26.7695,27.5182,27.4312,27.1183,27.1964,27.0812,27.3274,27.0511,27.4709,27.3369,27.6865,27.7094,27.1176,27.1839,27.1719,27.1502,27.518,26.8483,27.6941,27.5801,27.1623,27.2257,27.2151,27.1526,27.1966,27.3749,27.1453,26.8245,27.2777,27.0646,27.4101,27.7028,26.9192,28.0655,27.5104,27.3961,27.333,27.1008,27.6177,27.1996,27.5492,27.3453,27.1557
72,12:48:15 PM,27.0249,27.0206,26.9903,27.1632,27.2684,26.9748,27.0946,27.1646,27.3414,27.1489,27.1504,27.293,27.2308,27.585,27.287,27.1621,27.3854,27.2013,27.2782,27.4296,27.4192,27.1796,27.2412,27.1985,26.9824,27.1648,27.3021,27.1686,27.1399,27.1473,27.2574,27.0861,27.3773,27.4932,27.2077,27.2659,27.2836,27.3285,27.2671,27.4119,26.9864,27.3206,27.6857,27.5562,27.4482,27.3015,27.4256,27.446,26.841,27.0213,27.1977,27.515,27.8361,27.4553,27.2369,27.3357,27.0866,27.3954,27.8958,27.6742,26.9949,27.1136,27.1259,27.4849,27.1995,27.2883,27.1477,26.7244,27.1047,27.0567,27.5956,27.3359,27.274,27.1026,27.0804,26.9309,27.0113,26.9712,27.4604,27.3503,27.0493,27.0743,27.2533,27.2453,27.0791,27.7572,27.3245,27.6205,27.4966,27.0425,27.0421,27.1626,27.234,27.5342,26.9828,27.6839,27.2885,27.2829,27.0486,27.2983,27.0133,27.051,27.2771,27.346,27.1043,27.2583,27.1174,27.4015,27.4035,26.907,27.9167,27.5087,27.3341,27.4114,27.1811,27.31,27.3415,27.5553,27.4969,27.2428
73,12:48:35 PM,27.0172,27.0017,27.1688,27.2722,27.0879,26.944,27.0143,27.2924,27.523,27.4344,27.2181,27.1247,27.351,27.5635,27.3478,27.0914,26.8826,27.2574,27.3635,27.2719,27.3985,27.2446,27.0654,27.091,27.0024,27.318,27.2901,27.1764,27.2392,27.2175,27.3378,27.0793,27.3413,27.6018,27.3733,27.4323,27.2291,27.5418,27.413,27.4053,27.1877,27.2848,27.7927,27.4841,27.4045,27.193,27.4096,27.1996,27.1732,26.8194,27.2315,27.3834,28.0202,27.5707,27.1836,27.216,26.9697,27.5219,27.7183,27.5327,27.1162,27.1642,27.0175,27.549,27.0796,27.4632,27.164,26.8668,27.2854,27.1978,27.7291,27.4639,27.4482,27.3087,27.0269,27.0247,26.806,26.892,27.426,27.4342,27.2301,27.2142,27.0828,27.3066,27.1825,27.4132,27.4239,27.6824,27.3893,27.0524,27.1373,27.1841,27.3079,27.2703,26.8495,27.5975,27.5134,27.3079,27.0991,27.1954,27.0737,27.3472,27.3189,27.1964,27.1322,27.1983,27.1494,27.1043,27.6227,26.8452,28.0482,27.5015,27.4155,27.5254,27.2312,27.3805,27.3257,27.4591,27.4642,27.2939
74,12:48:55 PM,26.9417,27.0252,26.9638,27.2799,27.2432,26.8426,26.9824,27.2864,27.2919,27.2655,27.2957,27.3261,27.2402,27.4812,27.312,27.2206,27.1621,27.3004,27.446,27.3424,27.3393,27.2246,27.1801,27.2023,26.9182,27.3116,27.3449,27.0953,27.2298,26.9727,27.3298,27.1448,27.3196,27.4915,27.4308,27.491,27.2457,27.4311,27.4706,27.4733,27.0206,27.332,27.8062,27.4909,27.3304,27.3376,27.2545,27.4429,27.1243,26.8755,27.2486,27.3899,27.8601,27.6687,27.297,27.4403,26.9702,27.5237,27.7963,27.5311,27.1251,27.1019,27.1372,27.4487,27.2136,27.2241,26.9997,26.8152,27.1441,27.0069,27.7591,27.5547,27.4955,27.3571,27.199,27.0904,26.9989,26.8634,27.5987,27.3602,27.1311,27.1563,27.0789,27.3885,27.1401,27.4386,27.3349,27.6135,27.5896,27.0813,26.9195,27.0271,27.273,27.3663,26.8079,27.7283,27.3307,27.2746,27.0665,27.2916,27.0187,27.1937,27.4351,27.3314,27.0455,27.1542,27.0731,27.317,27.6185,26.7853,27.9712,27.5124,27.3817,27.4468,27.1159,27.4088,27.2031,27.5368,27.4015,27.3433
75,12:49:15 PM,26.9705,27.1472,26.9412,27.308,27.2864,26.975,27.1415,27.168,27.3599,27.2059,27.4006,27.3487,27.2834,27.4449,27.3639,27.2591,27.2849,27.2625,27.4235,27.295,27.3942,27.1526,27.2074,27.1974,26.916,27.233,27.4034,27.0862,27.2089,27.1486,27.4693,27.1507,27.3417,27.5735,27.397,27.3806,27.2898,27.3331,27.4369,27.4766,27.1598,27.2918,27.6729,27.6595,27.306,27.2361,27.4185,27.1511,27.0818,26.9137,27.3827,27.4296,27.9767,27.611,27.4984,27.2796,26.9777,27.6171,27.8395,27.3743,26.9685,27.0401,27.0681,27.5735,27.2962,27.2965,27.0481,27.0017,27.1315,26.9995,27.5875,27.3663,27.4871,27.2184,27.0726,27.0995,26.9142,26.7986,27.3822,27.3282,27.1135,26.9673,26.9792,27.39,26.9183,27.5442,27.2128,27.7113,27.5847,27.0546,27.126,27.2634,27.2289,27.4905,26.8494,27.7632,27.5754,27.3027,27.1855,27.2112,27.0585,27.3578,27.4374,27.3369,27.0269,27.2199,27.0853,27.2594,27.6796,26.9928,28.0648,27.5329,27.4048,27.3258,27.2742,27.4758,27.1981,27.4055,27.5279,27.2107
76,12:49:35 PM,26.9343,27.15,27.1131,27.2309,27.1416,26.9211,27.0531,27.236,27.2537,27.3854,27.2256,27.1914,27.2266,27.4112,27.1879,27.2347,27.2429,27.3351,27.4057,27.2983,27.306,27.2794,27.2072,27.2818,27.0478,27.2969,27.4569,27.264,27.1277,27.2328,27.2994,27.0351,27.3068,27.4388,27.429,27.2703,27.3301,27.5129,27.4905,27.5773,27.1162,27.2781,27.5705,27.5998,27.5474,27.2773,27.444,27.3691,27.2832,26.8961,27.1998,27.3486,28.1017,27.6491,27.3155,27.4247,27.0783,27.4928,27.7286,27.5214,26.9359,26.9897,27.098,27.5365,27.1959,27.2183,27.0577,26.9271,27.0315,26.9985,27.6926,27.4284,27.2851,27.3535,27.2155,26.8951,27.0529,26.9957,27.4925,27.2248,26.9776,27.1505,27.2489,27.368,27.1339,27.3942,27.2567,27.7563,27.6158,27.1281,27.0731,26.959,27.3025,27.468,26.7334,27.7344,27.5418,27.3036,27.1408,27.1792,27.0643,27.1603,27.2955,27.3035,27.0324,27.1553,27.0732,27.2864,27.7952,26.8821,27.8777,27.3796,27.3771,27.389,27.0567,27.3631,27.4058,27.5904,27.5444,27.3067
77,12:49:55 PM,27.0599,27.1199,27.1077,27.2922,27.2005,27.0128,27.1248,27.1685,27.3217,27.4026,27.2073,27.2612,27.2336,27.6361,27.3229,27.2055,27.2626,27.3297,27.2798,27.2571,27.3479,27.1963,27.072,27.2311,26.894,27.1129,27.455,27.2745,27.2611,27.2137,27.3945,27.0835,27.369,27.413,27.5317,27.3271,27.2866,27.4545,27.4066,27.3866,27.096,27.2664,27.578,27.5351,27.226,27.34,27.3757,27.4773,27.1868,26.8436,27.3059,27.4474,28.0752,27.7872,27.4455,27.3369,26.9761,27.3852,27.625,27.6875,26.9793,27.0252,27.1267,27.5759,26.9903,27.3457,27.0993,26.8348,27.1321,26.9861,27.6047,27.3,27.3421,27.1305,26.9854,27.1812,26.9614,26.9006,27.4171,27.3057,26.9566,27.0778,27.2013,27.3018,27.087,27.5751,27.1973,27.5973,27.586,27.1654,27.028,27.0331,27.221,27.4865,26.884,27.5676,27.4111,27.3493,27.1041,27.1984,27.0234,27.1949,27.4219,27.2187,27.0569,27.1826,27.0494,27.3824,27.7557,26.9324,27.9805,27.509,27.4626,27.4076,27.3093,27.3923,27.4287,27.5055,27.3436,27.1632
78,12:50:15 PM,26.9886,27.0878,26.9831,27.2518,27.2494,26.9096,27.0356,27.1404,27.4194,27.2797,27.29,27.1006,27.3162,27.4736,27.3371,27.0144,27.2083,27.2038,27.3792,27.3253,27.435,27.4015,27.0576,27.1146,26.8627,27.068,27.5221,27.2279,27.3044,27.0475,27.3687,27.2125,27.3485,27.4765,27.3851,27.3745,27.3076,27.352,27.4274,27.6434,27.2645,27.2958,27.7828,27.6415,27.5389,27.2644,27.3696,27.452,26.957,27.0175,27.2369,27.2677,27.859,27.7102,27.3537,27.3606,27.1029,27.6235,27.9273,27.5715,27.1361,27.0708,27.0552,27.5759,27.194,27.2856,27.0637,26.8237,27.3248,27.093,27.5826,27.2467,27.4729,27.2535,27.1516,27.1133,26.9859,27.0751,27.5379,27.3434,27.1203,27.063,27.1775,27.3326,27.0368,27.3854,27.3793,27.7611,27.6106,26.9606,27.0178,27.0703,27.1503,27.3818,26.8888,27.5648,27.5922,27.2447,27.1213,27.1277,27.022,27.2288,27.3166,27.197,27.0608,27.2278,27.1944,27.4164,27.6905,26.8561,27.9264,27.342,27.5793,27.4402,27.2061,27.5149,27.3403,27.608,27.4593,27.2705
79,12:50:35 PM,27.0704,27.2138,27.086,27.2809,27.4093,26.9368,27.0532,27.4029,27.2492,27.2357,27.1973,27.2623,27.2279,27.5241,27.3628,27.2378,27.1794,27.235,27.4799,27.3862,27.3475,27.2807,27.0945,27.108,26.9118,27.1983,27.3397,27.2911,27.2093,27.0991,27.4302,27.1063,27.4791,27.5137,27.5103,27.5093,27.15,27.4423,27.3906,27.3945,27.1593,27.1948,27.4417,27.7783,27.2917,27.2667,27.3688,27.4409,27.0894,26.9515,27.1574,27.3497,28.04,27.7021,27.3013,27.4643,27.1434,27.5967,27.9961,27.7752,26.9632,27.1906,27.067,27.5207,27.1807,27.5488,26.9717,27.0228,27.299,27.0385,27.6298,27.5099,27.4134,27.1574,27.1502,27.1044,27.0296,26.9571,27.6857,27.3095,27.0278,27.1099,27.1568,27.2934,27.2182,27.5696,27.5681,27.8091,27.4866,27.3067,27.2495,27.2542,27.296,27.4927,26.8232,27.6755,27.5915,27.4187,27.3473,27.3356,27.1152,27.2358,27.4465,27.265,27.0233,27.1514,27.2617,27.3275,27.5685,26.9197,28.0416,27.4628,27.4922,27.2817,27.3294,27.4325,27.3538,27.6426,27.4723,27.3697
80,12:50:55 PM,26.9256,27.1239,27.1001,27.2967,27.2792,26.8889,27.0908,27.2343,27.3835,27.2206,27.259,27.3405,27.4045,27.5032,27.4038,27.2639,27.1772,27.2259,27.4289,27.2839,27.3899,27.2275,27.3621,27.1041,27.038,27.2948,27.4431,27.1274,27.2653,26.9853,27.3264,27.1443,27.3646,27.4852,27.3439,27.3299,27.2918,27.496,27.3608,27.5398,27.0693,27.4941,27.7897,27.6881,27.2757,27.2756,27.402,27.3597,27.1511,27.0328,27.2556,27.3748,27.8666,27.5501,27.3121,27.5175,27.0233,27.7375,27.8556,27.5329,27.1033,27.0505,27.1516,27.4205,27.225,27.1698,26.9974,27.1443,27.1423,27.19,27.7548,27.4306,27.5545,27.2952,27.2593,27.2023,26.968,26.9784,27.4768,27.364,27.1681,27.1342,27.3073,27.3606,27.1373,27.5666,27.4714,27.5654,27.7,26.9964,27.0684,27.2165,27.1926,27.4352,26.8147,27.6348,27.5554,27.2333,27.3691,27.315,27.0877,27.1658,27.5848,27.3058,27.088,27.1721,27.1946,27.4382,27.8327,27.0719,28.1611,27.5119,27.5979,27.4468,27.1208,27.3942,27.1938,27.4691,27.5676,27.1965
81,12:51:15 PM,27.0458,27.103,27.3791,27.324,27.1094,27.0869,27.1451,27.3433,27.2999,27.2193,27.1626,27.2717,27.3588,27.3385,27.2527,27.2807,27.1857,27.3655,27.4988,27.2376,27.4111,27.232,27.091,27.3122,26.9947,27.2328,27.3787,27.3694,27.2976,27.3092,27.339,27.283,27.3874,27.4473,27.4086,27.3648,27.4239,27.4751,27.6282,27.3954,27.2694,27.3943,27.6296,27.7343,27.4306,27.3512,27.4493,27.3713,27.1868,26.9535,27.2156,27.4532,27.9287,27.66,27.2604,27.5958,26.9442,27.6752,27.8179,27.4325,27.3008,27.2341,27.2156,27.5573,27.2835,27.3193,27.0813,26.8398,27.3833,27.1116,27.613,27.4508,27.4208,27.2916,27.1558,27.0587,26.7637,26.9553,27.5498,27.2395,27.2028,27.1153,27.2117,27.2092,27.123,27.4954,27.5034,27.5634,27.6597,27.2476,27.0748,27.2079,27.3279,27.4977,26.8633,27.8366,27.4995,27.3533,27.245,27.1289,27.043,27.2136,27.2486,27.2758,26.9888,27.2418,27.2018,27.3578,27.7592,27.0191,28.02,27.5402,27.5024,27.3696,27.2732,27.4065,27.3454,27.723,27.5907,27.2644
82,12:51:35 PM,27.1121,26.996,27.0738,27.2379,27.1264,27.0296,27.3112,27.2599,27.4632,27.4429,27.1087,27.3576,27.3412,27.4155,27.365,27.0985,27.303,27.4075,27.362,27.3073,27.4211,27.3963,27.0764,27.1096,27.1484,27.3143,27.3865,27.3774,27.2728,27.2546,27.2749,27.1411,27.6176,27.3919,27.296,27.4933,27.3379,27.3733,27.3307,27.3124,27.2644,27.4954,27.7755,27.5324,27.3106,27.4539,27.3844,27.6294,27.1242,26.9106,27.3071,27.5661,27.8499,27.5986,27.4025,27.3485,27.1755,27.6645,27.7619,27.5281,26.9009,27.0904,27.2667,27.5159,27.2321,27.4271,27.2423,26.9226,27.2272,27.1399,27.6747,27.5411,27.5284,27.2659,27.2635,27.1274,27.081,26.8734,27.4422,27.3609,27.236,27.1955,27.2177,27.3851,27.1936,27.4206,27.3411,27.7717,27.782,27.2084,27.2684,27.0908,27.3785,27.6111,26.7759,27.6943,27.5278,27.3467,27.2701,27.3752,27.1106,27.2814,27.5609,27.3253,27.0157,27.2062,27.0702,27.3527,27.9061,26.8459,28.0349,27.5708,27.4791,27.366,27.3153,27.3989,27.2322,27.7022,27.3733,27.1254
83,12:51:55 PM,27.2095,27.118,27.1642,27.3116,27.1725,26.9589,27.3679,27.4286,27.3469,27.281,27.2688,27.3373,27.4844,27.4346,27.3549,27.2027,27.2194,27.2877,27.3272,27.3002,27.4367,27.5114,27.0622,27.029,26.9622,27.2935,27.4449,27.4186,27.0705,27.0938,27.5003,27.2402,27.4584,27.4968,27.4895,27.4411,27.3765,27.4096,27.4529,27.403,27.145,27.2973,27.795,27.702,27.1823,27.238,27.4079,27.4973,27.0696,26.9294,27.3139,27.6043,27.8251,27.5385,27.3888,27.5084,26.9941,27.5294,27.6198,27.6125,27.0675,27.1663,27.1292,27.4694,27.2165,27.2494,27.0121,27.0131,27.2201,27.0512,27.6214,27.4562,27.4859,27.4035,27.1478,27.0007,27.0855,26.9585,27.5559,27.3305,27.0866,27.0562,27.2964,27.2888,27.1185,27.4433,27.4423,27.6933,27.6756,27.1999,27.1094,27.3302,27.332,27.3076,26.9065,27.8043,27.488,27.2581,27.1808,27.0827,27.1275,27.3136,27.5961,27.1871,27.0165,27.1653,27.0966,27.2546,27.8099,27.0068,27.9135,27.4427,27.5857,27.6078,27.2754,27.3498,27.2389,27.7043,27.4297,27.3749
84,12:52:15 PM,26.9084,27.0215,26.9951,27.2384,27.1859,27.0521,27.2721,27.3625,27.4492,27.2499,27.3132,27.3051,27.4108,27.716,27.4263,27.1927,27.2288,27.395,27.4537,27.2989,27.5248,27.2067,27.1372,27.1269,26.9786,27.2157,27.4341,27.2627,27.3238,27.1033,27.5077,27.026,27.6713,27.4808,27.3752,27.4444,27.4977,27.4953,27.662,27.5076,27.2386,27.517,27.8668,27.6441,27.3001,27.44,27.4788,27.4481,27.0189,26.8656,27.1486,27.6062,27.8502,27.6106,27.4726,27.3211,27.1063,27.6899,27.9756,27.4369,27.0479,27.4152,27.3028,27.5946,27.192,27.2283,27.0725,27.0082,27.2657,27.1081,27.6012,27.4803,27.6408,27.3023,27.2139,27.0677,27.1321,26.984,27.744,27.3859,27.1636,27.1125,27.181,27.442,27.1767,27.5916,27.4051,27.7296,27.7639,27.2458,27.1525,27.1327,27.2723,27.6028,26.7131,27.6899,27.5342,27.3737,27.1344,27.3073,27.1276,27.3389,27.382,27.3063,26.9671,27.2266,27.119,27.41,27.8187,27.0136,28.0578,27.7013,27.5589,27.4046,27.3147,27.381,27.4182,27.6565,27.5706,27.0614
85,12:52:35 PM,27.0001,27.21,27.0662,27.3747,27.2435,26.9528,27.057,27.3662,27.5318,27.3007,27.2324,27.2296,27.3777,27.437,27.4278,27.3027,27.1476,27.3479,27.2945,27.2541,27.4427,27.2448,27.1916,27.3589,26.9031,27.1904,27.5288,27.3549,27.3146,27.2106,27.4257,27.2533,27.504,27.5428,27.5983,27.382,27.2881,27.4769,27.4063,27.3061,27.1412,27.449,27.7601,27.6069,27.3365,27.5266,27.5401,27.548,27.1607,26.975,27.3615,27.4247,27.9971,27.6167,27.2596,27.3487,27.0648,27.6187,27.8176,27.6541,27.0658,27.242,27.2936,27.5721,27.2893,27.3507,27.0922,26.9488,27.17,27.2174,27.6896,27.5276,27.5153,27.2572,27.2283,27.0036,26.9892,26.9095,27.6357,27.3022,27.1664,27.1445,27.0828,27.2937,27.1231,27.5357,27.3516,27.6557,27.8752,27.1162,27.139,27.2208,27.3872,27.4583,26.9302,27.6733,27.5405,27.3685,27.2848,27.1914,27.0775,27.2284,27.5295,27.3903,27.1067,27.3013,27.0711,27.433,27.8876,26.8806,28.0699,27.6421,27.4515,27.459,27.1598,27.4221,27.3307,27.726,27.6091,27.1494
86,12:52:55 PM,27.0197,27.2115,27.215,27.4462,27.0434,27.0053,27.2016,27.4022,27.3802,27.1993,27.3597,27.3216,27.3841,27.3171,27.3631,27.3098,27.1652,27.1962,27.5375,27.3705,27.5088,27.3741,27.2761,27.0865,26.8562,27.2352,27.4567,27.4279,27.2143,26.9844,27.5613,27.2378,27.6761,27.4292,27.4854,27.4918,27.4172,27.275,27.3717,27.6903,27.1368,27.3876,27.6869,27.5753,27.3202,27.3801,27.3732,27.6072,27.1282,26.9541,27.4359,27.5505,27.8054,27.6329,27.2971,27.2755,27.1506,27.6409,27.8965,27.6584,27.0831,27.2248,27.1368,27.6538,27.2884,27.2844,27.193,26.8173,27.1872,27.2631,27.76,27.6131,27.6348,27.1412,27.2258,27.2391,27.1327,26.9608,27.6721,27.38,27.2038,27.2268,27.3912,27.3395,27.1365,27.5124,27.4027,27.7694,27.7537,27.1169,27.051,27.16,27.4926,27.4364,26.7456,27.8101,27.4632,27.4088,27.19,27.2163,27.2011,27.2429,27.4009,27.3047,26.9815,27.41,27.223,27.3703,27.6142,26.9537,27.9746,27.5318,27.4784,27.3594,27.3692,27.4868,27.3002,27.5937,27.5038,27.3358
87,12:53:15 PM,26.993,27.2209,27.2524,27.4883,27.3601,26.8739,27.2491,27.4568,27.4903,27.3662,27.2956,27.2377,27.4094,27.4868,27.3773,27.0993,27.3024,27.3976,27.4703,27.4822,27.4007,27.3869,27.2041,27.2797,26.9726,27.3736,27.511,27.2935,27.2836,27.0554,27.3318,27.2802,27.542,27.5457,27.4042,27.276,27.4609,27.586,27.6072,27.5115,27.1466,27.397,27.8909,27.7207,27.4395,27.3021,27.3555,27.4163,27.0397,26.9651,27.1926,27.3979,27.9085,27.4586,27.4174,27.4255,27.2293,27.8435,27.916,27.5168,27.0211,27.3408,27.3404,27.7666,27.2382,27.2987,27.1719,27.059,27.4293,27.0505,27.6814,27.4946,27.6142,27.3072,27.1366,27.0149,27.1521,27.1577,27.5818,27.3693,27.245,27.163,27.2147,27.3721,27.2532,27.4792,27.4157,27.729,27.9194,27.0981,27.0386,27.0971,27.2525,27.6678,26.8368,27.8181,27.5102,27.4133,27.138,27.3171,27.0657,27.2928,27.4833,27.4239,27.0645,27.1978,27.1899,27.3354,27.6599,26.9204,27.9457,27.5898,27.5195,27.3895,27.2576,27.5245,27.3355,27.6582,27.5817,27.4507
88,12:53:35 PM,27.0234,27.0303,27.077,27.3894,27.0765,27.0242,27.5075,27.4188,27.3101,27.3872,27.1273,27.1724,27.362,27.3938,27.3417,27.2,27.2846,27.2988,27.4446,27.3768,27.4374,27.3934,27.1304,27.1907,26.8713,27.2023,27.3168,27.4111,27.2901,27.0388,27.339,27.2306,27.3543,27.5325,27.4723,27.4678,27.491,27.6306,27.474,27.3424,27.2892,27.4356,27.7143,27.6812,27.511,27.4144,27.5552,27.4506,27.236,26.8218,27.2758,27.5575,27.8515,27.6509,27.3554,27.4877,27.1377,27.5752,27.7714,27.6374,27.1298,27.3098,27.3735,27.7226,27.2857,27.4488,27.0591,27.0192,27.2175,27.211,27.6948,27.3498,27.5687,27.2006,27.2369,27.1349,27.2462,26.899,27.6285,27.3171,27.1607,27.1571,27.1554,27.4646,27.0192,27.5664,27.423,27.8731,27.7018,27.1422,27.157,27.1916,27.3743,27.6511,26.7353,27.7265,27.5478,27.3132,27.2773,27.2156,27.0609,27.2623,27.5592,27.2327,27.0679,27.1972,27.321,27.2963,27.7017,26.9138,27.9224,27.7432,27.5791,27.5133,27.1584,27.6516,27.3192,27.7869,27.6393,27.3226
89,12:53:55 PM,27.0053,26.9634,27.2116,27.3754,27.2937,27.0088,27.3969,27.4462,27.4363,27.315,27.25,27.2662,27.462,27.5031,27.3005,27.1171,27.2032,27.3665,27.5597,27.2513,27.3934,27.3764,27.1086,27.1447,27.0063,27.0698,27.4696,27.3656,27.2603,27.0939,27.2688,27.2545,27.3759,27.5433,27.3054,27.5238,27.3561,27.5229,27.4241,27.5924,27.2432,27.3951,27.7591,27.7655,27.4227,27.2941,27.532,27.4862,27.1374,27.0125,27.2987,27.3768,27.678,27.5121,27.2758,27.4707,27.1319,27.7014,27.7638,27.4923,27.0243,27.2337,27.3201,27.5863,27.3379,27.5055,27.155,27.0598,27.2756,27.0935,27.6874,27.4807,27.5525,27.4239,27.0596,27.1861,27.1902,27.0498,27.5853,27.32,27.2842,27.1639,27.3163,27.423,27.2922,27.584,27.4548,27.7948,27.7182,27.1773,27.2672,27.2688,27.3299,27.597,26.8218,27.6589,27.5441,27.4086,27.4871,27.2154,27.1304,27.4291,27.519,27.3924,27.0258,27.0902,27.1121,27.342,27.6584,26.8571,27.9917,27.7654,27.5334,27.3802,27.2313,27.389,27.3727,27.7557,27.636,27.2427
90,12:54:15 PM,27.0943,27.0879,27.2483,27.3436,27.2042,26.9552,27.235,27.1527,27.5544,27.2066,27.3882,27.4482,27.3986,27.5175,27.2616,27.1756,27.2396,27.284,27.3944,27.3101,27.3858,27.3731,27.2273,27.2653,26.9483,27.2395,27.6652,27.3058,27.2516,27.1558,27.4354,27.2997,27.5042,27.4194,27.4968,27.3191,27.3385,27.612,27.585,27.6228,27.1219,27.3804,28.0412,27.7462,27.366,27.442,27.5034,27.4628,27.2204,27.1444,27.2694,27.5337,27.83,27.6942,27.2163,27.4243,27.0687,27.5476,27.6999,27.5419,27.0305,27.207,27.2687,27.5793,27.191,27.5103,27.0817,26.9122,27.3906,27.1744,27.7849,27.3845,27.5719,27.3472,27.1858,27.1394,27.1932,26.9778,27.5225,27.23,27.2738,27.1527,27.2052,27.4127,27.0754,27.5464,27.5385,27.8128,27.7425,26.9727,27.2654,27.2947,27.288,27.5866,26.8541,27.742,27.8361,27.3952,27.1914,27.1406,27.1991,27.2779,27.6189,27.4201,27.2018,27.1845,27.0998,27.5271,27.6885,26.8865,28.0156,27.5143,27.585,27.6021,27.185,27.4499,27.315,27.8375,27.7023,27.2322
91,12:54:35 PM,27.1299,27.2457,27.2408,27.4629,27.0772,27.1843,27.1326,27.4461,27.4581,27.3518,27.2359,27.2826,27.5322,27.2965,27.3282,27.108,27.4389,27.365,27.4214,27.3661,27.3079,27.4484,27.1522,27.2101,26.9808,27.1526,27.4175,27.4209,27.2341,27.118,27.4667,27.2708,27.4647,27.6526,27.2051,27.5485,27.3469,27.666,27.6359,27.6364,27.2369,27.4278,27.7712,27.8101,27.43,27.3557,27.6032,27.4509,27.0403,26.9279,27.4571,27.2873,27.6155,27.694,27.418,27.5132,27.1335,27.7517,27.6765,27.5032,27.2353,27.0542,27.3032,27.5789,27.2268,27.4893,27.1823,26.9793,27.2584,27.1619,27.7602,27.5172,27.5298,27.2863,27.0675,27.1198,27.19,27.0647,27.6254,27.3986,27.2403,27.192,27.3256,27.5177,27.1668,27.4956,27.4836,27.7972,27.6854,27.0771,27.1753,27.2445,27.311,27.5369,26.806,27.9372,27.6213,27.3154,27.2001,27.1768,27.0173,27.3622,27.5095,27.4411,27.2515,27.197,27.328,27.4541,27.9007,26.8884,28.1089,27.4587,27.6232,27.4489,27.2252,27.4719,27.3048,27.6357,27.6443,27.363
92,12:54:55 PM,27.0471,27.2201,27.0742,27.2788,27.1102,27.0509,27.3593,27.3842,27.4753,27.2762,27.2941,27.3106,27.4149,27.6881,27.3091,27.2346,27.3019,27.4192,27.4775,27.1702,27.5389,27.4493,27.2303,27.1242,27.0601,27.1639,27.5872,27.1567,27.4273,26.9773,27.3416,27.3949,27.4871,27.4613,27.3593,27.4156,27.4022,27.6738,27.5085,27.675,27.3222,27.3777,27.857,27.6507,27.3539,27.2895,27.4635,27.6265,27.084,26.9064,27.3633,27.4098,27.6717,27.6022,27.4289,27.434,27.3456,27.6541,27.6573,27.545,27.0349,27.1416,27.2766,27.5275,27.3158,27.236,27.2233,27.1088,27.3204,27.1985,27.8805,27.6406,27.5975,27.2387,26.875,27.3311,27.073,26.9538,27.663,27.373,27.3474,27.1755,27.2246,27.2904,27.002,27.4649,27.559,27.7444,27.691,27.0579,27.1857,27.2324,27.468,27.4942,26.8468,27.9077,27.5819,27.3687,27.2521,27.2636,27.1489,27.3544,27.5739,27.482,27.0206,27.2882,27.1644,27.5174,27.827,26.7768,28.2353,27.5561,27.5339,27.4413,27.314,27.5296,27.2829,27.7262,27.4998,27.2893
93,12:55:15 PM,27.0935,27.1834,27.2374,27.2599,27.1735,27.0113,27.2463,27.3168,27.4912,27.3205,27.3316,27.4647,27.5413,27.5143,27.4416,27.1471,27.2821,27.5978,27.4154,27.2695,27.3644,27.4834,27.1252,27.1604,26.897,27.2372,27.5745,27.2171,27.3256,27.275,27.4127,27.2091,27.4044,27.5168,27.3339,27.4269,27.6502,27.6173,27.5476,27.4712,27.1254,27.2427,27.6926,27.6529,27.2517,27.3412,27.767,27.6761,26.9903,26.9144,27.3044,27.2633,27.5527,27.6072,27.3461,27.4229,27.1976,27.6865,27.7522,27.4847,27.1961,27.2708,27.1079,27.7175,27.2087,27.4223,27.0556,26.8748,27.183,26.9355,27.8228,27.4495,27.5833,27.3702,27.2548,27.2066,27.0181,27.0824,27.5415,27.398,27.2619,27.1021,27.3199,27.2407,27.1875,27.5163,27.5516,27.7809,27.6695,27.0786,27.1518,27.2235,27.321,27.5138,26.9635,27.7212,27.7318,27.5564,27.2985,27.3499,27.0399,27.2538,27.4952,27.4395,27.0971,27.2078,27.2151,27.5154,27.8843,26.8435,28.0836,27.6885,27.535,27.4682,27.3165,27.4391,27.3679,27.8146,27.591,27.3152
94,12:55:35 PM,27.1537,27.0326,27.2009,27.3563,27.2054,27.089,27.1509,27.1516,27.5183,27.2506,27.2307,27.3789,27.4542,27.6266,27.2498,27.3021,27.2516,27.2865,27.3763,27.3261,27.5612,27.5081,27.3363,27.2281,27.0619,27.3138,27.5712,27.3138,27.3752,26.9827,27.4402,27.3832,27.3843,27.4393,27.3939,27.4264,27.3162,27.6149,27.5617,27.6443,27.1394,27.4734,27.652,27.7339,27.5247,27.3482,27.6162,27.677,27.0306,27.1315,27.3897,27.3449,27.5201,27.704,27.1918,27.3764,27.206,27.7006,27.7195,27.5697,27.1531,27.3513,27.2327,27.5605,27.3018,27.2227,27.1214,27.0645,27.3079,27.0045,27.7283,27.7335,27.4215,27.3225,27.0513,27.174,27.0752,27.1163,27.5902,27.4776,27.1072,27.2135,27.3988,27.4153,27.2205,27.5171,27.3734,27.8296,27.6618,27.1019,27.1922,27.2827,27.3833,27.5205,27.0139,27.6844,27.4242,27.4259,27.3844,27.2945,27.1645,27.3336,27.4827,27.2429,27.1113,27.1712,27.1839,27.4482,27.7527,26.9997,27.9536,27.4806,27.7382,27.6125,27.3413,27.4129,27.3008,27.7128,27.4347,27.4208
95,12:55:55 PM,27.2405,27.1344,27.2543,27.2783,27.3161,27.0906,27.2541,27.4082,27.5584,27.2592,27.4099,27.4948,27.2919,27.5431,27.1479,27.088,27.2208,27.54,27.4775,27.2936,27.3915,27.3596,27.3881,27.2704,27.0153,27.2999,27.5638,27.3707,27.0856,27.1743,27.397,27.3017,27.3457,27.6162,27.3658,27.389,27.4844,27.6744,27.6385,27.5713,27.2218,27.3882,27.8343,27.9061,27.3407,27.3435,27.4528,27.7637,27.0934,27.0684,27.3976,27.2069,27.5867,27.8788,27.3094,27.5276,27.1435,27.7215,27.648,27.573,27.2578,27.1044,27.3587,27.6196,27.2512,27.3016,27.2013,27.0829,27.2379,27.097,27.8045,27.5399,27.5559,27.2784,27.1861,27.1105,27.2627,27.0554,27.4897,27.3935,27.2779,27.0279,27.3813,27.3,27.1416,27.5286,27.4337,27.652,27.8069,27.1287,27.1357,27.222,27.3744,27.5839,26.8912,27.6442,27.68,27.4604,27.4438,27.2705,27.1742,27.2179,27.5296,27.4694,27.0024,27.4039,27.1613,27.4939,27.8484,26.9616,28.1408,27.7127,27.6399,27.7314,27.2941,27.3849,27.2389,27.6265,27.5454,27.406
96,12:56:15 PM,27.1173,27.2001,27.1566,27.3966,27.219,27.1253,27.3232,27.5579,27.2879,27.5199,27.2835,27.3277,27.6144,27.4375,27.5151,27.2701,27.2685,27.2871,27.4222,27.2642,27.5103,27.4747,27.3059,27.1122,26.979,27.3189,27.2987,27.2588,27.2168,27.1269,27.4703,27.3594,27.5528,27.4839,27.2906,27.4012,27.3976,27.6327,27.5549,27.545,27.1866,27.4674,27.7818,27.5139,27.4836,27.4368,27.5158,27.7334,27.2468,27.123,27.3539,27.2358,27.6163,27.9887,27.5116,27.5496,27.1524,27.635,27.7911,27.5899,27.0989,27.1728,27.3889,27.6276,27.3105,27.2378,27.0189,27.1846,27.2512,27.0239,27.7106,27.5559,27.4504,27.3687,27.0337,27.154,27.1582,27.0356,27.5924,27.488,27.0956,27.1348,27.4666,27.4277,27.2841,27.5661,27.3596,27.9161,27.8685,27.1704,27.2223,27.025,27.3592,27.6317,26.8706,27.7255,27.6314,27.5111,27.3311,27.2682,27.2899,27.4365,27.5389,27.3386,27.1215,27.289,27.2201,27.4241,27.9225,26.8951,28.0332,27.6634,27.4692,27.479,27.3328,27.5239,27.3776,27.4747,27.6041,27.3277
97,12:56:35 PM,27.1611,27.2107,27.2464,27.3748,27.2819,27.1489,27.4439,27.1676,27.4359,27.1378,27.2344,27.4352,27.471,27.6383,27.4788,27.2872,27.3324,27.4505,27.4303,27.3346,27.4416,27.3146,27.2669,27.1551,27.0104,27.1526,27.5401,27.5106,27.3106,27.0365,27.4469,27.1733,27.4945,27.482,27.3854,27.4212,27.582,27.6092,27.5009,27.5532,27.1405,27.3706,27.7514,27.6495,27.3026,27.4033,27.4636,27.553,27.0579,27.0462,27.4661,27.2699,27.5135,27.838,27.4248,27.3296,27.0034,27.7238,27.6873,27.6314,27.2971,27.1539,27.4608,27.677,27.4136,27.2745,27.229,26.9549,27.3714,27.0613,27.82,27.4532,27.6569,27.207,27.1013,27.1727,27.2427,27.1163,27.652,27.4259,27.2404,27.1976,27.441,27.3414,27.1422,27.4003,27.4675,27.8883,27.799,27.121,26.9916,27.2909,27.2965,27.5984,26.8987,27.7613,27.5529,27.4844,27.4575,27.2232,27.052,27.3345,27.4937,27.3691,27.1591,27.2328,27.1826,27.4827,27.8071,26.9518,28.1697,27.6346,27.6681,27.4805,27.338,27.4918,27.3598,27.6062,27.6611,27.3689
98,12:56:55 PM,27.1424,27.2424,27.19,27.4316,27.0092,27.0534,27.4351,27.3327,27.2191,27.3072,27.2102,27.326,27.4179,27.3647,27.4415,27.1205,27.3396,27.3644,27.6731,27.3541,27.5554,27.3462,27.3483,27.2573,27.0972,27.3379,27.4103,27.2454,27.2015,27.1605,27.6014,27.3158,27.5443,27.5419,27.419,27.4075,27.455,27.4925,27.5485,27.4763,27.1496,27.6031,27.7703,27.7194,27.2941,27.3357,27.4223,27.5488,27.1502,26.8372,27.2667,27.253,27.5064,27.8987,27.4594,27.4188,27.2774,27.6417,27.6743,27.5636,27.2316,27.2452,27.2253,27.7438,27.2619,27.3893,27.2208,27.021,27.2568,27.1146,27.7634,27.4372,27.5377,27.4115,27.1063,27.1696,27.141,26.9421,27.6992,27.476,27.3462,27.3084,27.3892,27.3069,27.2366,27.5376,27.3737,27.8417,27.7376,27.2213,27.007,27.0928,27.2612,27.7187,26.9672,27.716,27.62,27.3791,27.2492,27.1363,27.2087,27.3759,27.5148,27.4291,27.0234,27.351,27.0857,27.3992,27.882,26.9496,28.0624,27.5523,27.6906,27.5599,27.4282,27.4626,27.488,27.4548,27.601,27.4514
99,12:57:15 PM,27.1163,27.186,27.2116,27.2886,27.2126,27.0608,27.2593,27.4468,27.5232,27.2726,27.3315,27.4059,27.5199,27.6345,27.3376,27.2005,27.2173,27.377,27.4358,27.3573,27.2863,27.3847,27.2546,27.2119,26.8425,27.1715,27.4769,27.3098,27.133,27.1028,27.3373,27.5144,27.4141,27.4581,27.3709,27.3497,27.4652,27.6363,27.5107,27.464,27.2428,27.3686,27.9342,27.8042,27.4449,27.4277,27.5588,27.6854,26.9641,26.9702,27.3111,27.4266,27.5201,27.7441,27.4234,27.3476,27.11,27.5586,27.6942,27.4912,27.1919,27.2158,27.255,27.7228,27.1425,27.3639,27.2152,26.9756,27.1377,27.2578,27.7854,27.5073,27.5199,27.316,27.1276,27.1782,27.1659,26.9408,27.6393,27.4133,27.212,27.2053,27.1381,27.4101,27.0286,27.4771,27.4862,27.8406,27.7536,27.1649,27.0915,27.1656,27.3509,27.5164,26.8241,27.764,27.7613,27.4742,27.4454,27.2808,27.271,27.3136,27.6283,27.5027,27.0172,27.3965,27.1509,27.5258,27.9141,27.0329,28.0931,27.5397,27.6099,27.5306,27.2716,27.485,27.4126,27.6241,27.6422,27.3989
100,12:57:35 PM,27.0012,27.1284,27.1873,27.2008,27.2937,26.924,27.2258,27.36,27.5699,27.1523,27.2354,27.4487,27.4367,27.4477,27.2393,27.0277,27.2825,27.3743,27.6146,27.2208,27.5204,27.5366,27.304,27.2565,26.9856,27.2448,27.4718,27.4643,27.1189,27.0498,27.3216,27.3969,27.6814,27.4896,27.5677,27.5458,27.3088,27.5213,27.6406,27.4775,27.1154,27.3859,27.8172,27.7794,27.49,27.442,27.4414,27.6792,27.0365,27.0139,27.3327,27.3015,27.5488,27.9069,27.4144,27.3536,27.0913,27.8044,27.7134,27.5246,27.1548,27.4199,27.2803,27.6308,27.3091,27.3946,27.1904,27.1157,27.1551,27.1588,27.64,27.5987,27.3622,27.3083,27.1365,27.1477,27.1486,26.9776,27.3713,27.3827,27.3813,27.2051,27.2472,27.3557,27.2047,27.5856,27.447,27.7887,27.7155,27.1751,27.0536,27.1988,27.2386,27.555,26.8203,27.6717,27.6046,27.4881,27.3845,27.1655,27.2401,27.4403,27.5818,27.4509,27.1006,27.2914,27.1672,27.4969,27.8655,26.8546,28.1872,27.6445,27.6559,27.5741,27.3608,27.4407,27.4263,27.7564,27.5483,27.3408
101,12:57:55 PM,27.0088,27.2027,27.3239,27.2832,27.1883,26.9454,27.2724,27.2633,27.4329,27.3571,27.2672,27.3255,27.3712,27.6283,27.4641,27.3549,27.2726,27.4072,27.6291,27.3519,27.4329,27.4635,27.2157,27.0474,27.0559,27.3736,27.5087,27.2728,27.2699,27.1158,27.5408,27.2484,27.4455,27.583,27.4742,27.3673,27.3454,27.5984,27.6548,27.5584,27.2404,27.4802,27.8447,27.8447,27.4254,27.3314,27.5144,27.507,27.3382,26.85,27.4308,27.301,27.4624,28.0667,27.3818,27.4637,27.3221,27.6262,27.7495,27.4297,27.172,27.155,27.2492,27.4954,27.2305,27.243,27.154,27.0462,27.2684,27.1175,27.7521,27.6147,27.5679,27.3852,27.1956,27.1103,27.0776,27.0537,27.5982,27.4461,27.2361,27.3561,27.3149,27.3932,27.1456,27.5852,27.5888,27.8044,27.5846,27.2984,27.1424,27.2191,27.2972,27.4926,26.9042,27.7428,27.6578,27.5611,27.3733,27.3063,27.0896,27.2303,27.463,27.4113,27.0552,27.0456,27.0935,27.3128,27.8648,26.9992,28.0799,27.4315,27.5959,27.5046,27.2872,27.4909,27.3967,27.7912,27.5468,27.2925
102,12:58:15 PM,27.0766,27.0372,27.0572,27.3623,27.1842,26.9685,27.2271,27.4092,27.501,27.2197,27.4549,27.2734,27.4767,27.6264,27.3616,27.1666,27.2835,27.4785,27.5213,27.3495,27.3184,27.2974,27.3112,27.2858,27.0152,27.3801,27.5559,27.4041,27.2885,27.0708,27.3303,27.2859,27.5394,27.5606,27.4345,27.521,27.3567,27.6104,27.6183,27.5466,27.2894,27.3847,27.8711,27.7655,27.4515,27.3026,27.4549,27.7511,27.1744,27.0414,27.3358,27.3408,27.4021,28.3095,27.4723,27.4223,27.2478,27.706,27.756,27.5769,27.0889,27.3098,27.4703,27.5479,27.1529,27.3339,27.2592,26.9642,27.3923,27.2167,27.7193,27.4993,27.5765,27.341,26.9151,27.1347,27.0844,26.8717,27.55,27.5304,27.3287,27.1966,27.4604,27.4167,27.193,27.5171,27.3516,27.8923,27.6324,27.1682,27.1296,27.2013,27.4139,27.5195,26.7088,27.6931,27.6377,27.5011,27.4915,27.3845,27.1985,27.4311,27.4551,27.2847,27.0654,27.1555,27.0936,27.4306,27.7784,27.021,28.0865,27.672,27.5981,27.5637,27.2285,27.398,27.4746,27.6005,27.6553,27.3834
103,12:58:35 PM,27.1003,27.1105,27.2618,27.3781,27.1873,26.9561,27.1354,27.4993,27.4156,27.3539,27.3884,27.4275,27.4251,27.5304,27.3602,27.3127,27.2478,27.3449,27.388,27.455,27.4486,27.4151,27.2391,27.236,26.9351,27.2348,27.6527,27.3422,27.296,27.0695,27.4249,27.2509,27.5141,27.5305,27.4438,27.4216,27.362,27.6329,27.6428,27.4915,27.2913,27.3404,27.9091,27.6948,27.4732,27.4521,27.4403,27.6251,27.0496,26.9675,27.2388,27.2572,27.3251,28.1664,27.5442,27.281,27.1514,27.7954,27.6629,27.528,26.9613,27.1827,27.1951,27.7247,27.2575,27.4618,27.1603,26.9479,27.3324,27.1336,27.8124,27.6252,27.5559,27.2724,27.1432,27.131,27.1474,26.9769,27.6666,27.4006,27.3757,27.2729,27.2412,27.2995,27.2761,27.4525,27.4578,27.8438,27.6212,27.1936,27.2305,27.2984,27.4603,27.5477,26.9076,27.5881,27.5948,27.4281,27.4081,27.269,27.0101,27.3985,27.5177,27.435,27.061,27.4707,27.0731,27.4465,27.7502,26.8858,28.0426,27.5124,27.5992,27.5648,27.2989,27.4764,27.4575,27.6295,27.5397,27.2603
104,12:58:55 PM,27.0261,27.1885,27.1871,27.4312,27.1821,27.0469,27.3208,27.4491,27.596,27.4206,27.3144,27.3054,27.4626,27.5186,27.3855,27.2738,27.244,27.3535,27.3837,27.3175,27.4085,27.4179,27.2026,27.0885,27.1845,27.2478,27.5588,27.4763,27.1402,27.3241,27.4978,27.337,27.4644,27.4203,27.5757,27.5375,27.4938,27.4885,27.6102,27.6091,27.2657,27.3623,27.7012,27.8746,27.4754,27.4041,27.414,27.745,27.0435,26.9948,27.2824,27.376,27.3676,27.9878,27.5508,27.3347,27.0763,27.6467,27.7578,27.4676,27.1804,27.1894,27.3761,27.6034,27.2936,27.522,27.1823,26.8795,27.2751,27.0995,27.7769,27.5745,27.6065,27.3012,27.1616,26.9981,27.1823,27.0825,27.5661,27.3557,27.2407,27.1723,27.1866,27.2895,27.1779,27.4643,27.4557,27.8014,27.6165,27.2246,27.134,27.0543,27.4264,27.6493,26.9102,27.7772,27.6146,27.3324,27.3519,27.2425,27.1342,27.258,27.5644,27.4686,27.3196,27.0777,27.1312,27.5468,27.7046,26.9578,28.0094,27.5431,27.5532,27.5058,27.4029,27.5713,27.2126,27.7432,27.7024,27.4076
105,12:59:15 PM,27.1005,27.1267,27.3968,27.2463,27.1748,27.0172,27.2851,27.4613,27.5575,27.4397,27.2754,27.3578,27.4111,27.5727,27.4216,27.3479,27.202,27.4456,27.4262,27.2915,27.5142,27.4059,27.2158,27.1894,27.0614,27.1613,27.4983,27.4088,27.3782,27.0106,27.3223,27.3493,27.6292,27.5619,27.4984,27.569,27.3488,27.6354,27.6755,27.4538,27.2809,27.3323,27.8049,27.8098,27.4565,27.4201,27.6064,27.5154,27.1072,27.002,27.4218,27.2647,27.537,28.2238,27.521,27.3097,27.203,27.466,27.7065,27.4262,27.0771,27.1841,27.2389,27.6753,27.3653,27.4045,27.0038,27.0229,27.2453,27.1808,27.7224,27.4973,27.4808,27.3166,27.2067,27.2076,27.2153,27.0643,27.636,27.4627,27.2649,27.2285,27.3683,27.2781,27.0593,27.4784,27.4972,27.7593,27.7287,27.1325,27.08,27.0798,27.4407,27.5527,26.8703,27.541,27.597,27.5533,27.3478,27.3856,27.0708,27.407,27.3962,27.2043,27.0881,27.1633,27.2056,27.3585,27.8627,27.0869,28.0025,27.7627,27.6608,27.7018,27.377,27.6219,27.2251,27.7297,27.7271,27.2802
106,12:59:35 PM,27.0613,27.2055,27.1941,27.4051,27.4755,26.8425,27.2243,27.3619,27.4705,27.2179,27.2641,27.3589,27.4858,27.5422,27.2663,27.2587,27.3161,27.5455,27.5547,27.2486,27.4784,27.3251,27.2167,27.1989,27.0101,27.2528,27.4793,27.2338,27.4345,27.2152,27.6155,27.3701,27.6444,27.476,27.5741,27.5431,27.3775,27.6772,27.6466,27.5184,27.1664,27.48,27.6443,27.7857,27.3465,27.3144,27.4508,27.6734,27.194,27.0212,27.4292,27.2421,27.4413,28.2657,27.489,27.4326,27.2394,27.5943,27.7435,27.5344,27.253,27.2363,27.4602,27.6534,27.0933,27.4163,27.2353,27.0858,27.2902,27.1527,27.6426,27.6353,27.4854,27.2305,27.0024,27.0483,27.1166,27.0083,27.5993,27.4554,27.4074,27.2375,27.2364,27.3221,27.1268,27.4523,27.4715,27.7446,27.6674,27.1242,27.2833,27.2344,27.35,27.6013,26.8649,27.615,27.6145,27.5519,27.5481,27.3375,27.1255,27.3772,27.3371,27.4254,26.976,27.3035,27.1811,27.4568,27.9465,26.9403,28.0415,27.6232,27.7454,27.5277,27.2935,27.5309,27.3259,27.5898,27.6321,27.2521
107,12:59:55 PM,27.1068,27.1208,27.273,27.3581,27.2201,27.0007,27.2182,27.4398,27.3987,27.3267,27.1618,27.3156,27.6298,27.6419,27.239,27.2132,27.2048,27.4815,27.4114,27.3571,27.4009,27.4535,27.2133,27.303,27.0165,27.2111,27.6326,27.3919,27.2278,27.0552,27.5522,27.2806,27.4637,27.4741,27.6896,27.4667,27.4724,27.7532,27.4817,27.6865,27.2491,27.3211,27.7948,27.7165,27.6039,27.4723,27.5332,27.6046,27.2342,27.0272,27.2455,27.171,27.3375,28.2027,27.4605,27.3777,27.1559,27.5987,27.7529,27.4951,27.0228,27.2952,27.4213,27.494,27.2783,27.3455,27.1562,27.0662,27.3035,27.0913,27.6747,27.5958,27.6499,27.2378,27.0557,26.9932,27.1527,27.1091,27.582,27.3544,27.2432,27.2609,27.3921,27.3383,27.3447,27.5722,27.3505,27.7932,27.7598,27.1593,27.3287,27.1837,27.4312,27.5823,26.9284,27.6926,27.5015,27.6248,27.5157,27.2113,27.2566,27.3778,27.5767,27.353,27.0502,27.2895,27.1128,27.3793,27.9127,26.9361,28.193,27.4383,27.5535,27.6387,27.2777,27.4698,27.4138,27.6365,27.6324,27.3428
108,1:00:15 PM,27.1005,27.142,27.2009,27.4498,27.2841,27.0632,27.3265,27.4537,27.4651,27.4436,27.2736,27.1731,27.5271,27.5616,27.4386,27.045,27.2473,27.4439,27.5259,27.3045,27.3052,27.3511,27.2743,27.2132,26.861,27.2634,27.5608,27.4828,27.2298,27.1878,27.3511,27.2665,27.6701,27.3567,27.4138,27.4293,27.3098,27.7515,27.5482,27.5043,27.111,27.4252,27.8208,27.871,27.6635,27.4742,27.4507,27.5243,27.1111,27.0168,27.3302,27.3125,27.4658,28.2093,27.6137,27.3957,27.1922,27.6293,27.6375,27.4564,27.115,27.11,27.2802,27.4579,27.4846,27.2995,27.0483,26.9533,27.3381,27.0688,27.7145,27.5766,27.4539,27.3584,27.2235,27.1978,27.1027,26.983,27.4579,27.4246,27.1527,27.2782,27.4007,27.3724,27.1929,27.6039,27.4144,27.8345,27.7466,26.9961,27.1437,27.0744,27.2594,27.5407,27.0203,27.5866,27.5166,27.5222,27.5131,27.3883,27.2359,27.2018,27.3981,27.3147,26.9903,27.2037,27.1283,27.3826,27.9493,27.1131,28.0911,27.6558,27.5466,27.5043,27.3392,27.4131,27.3669,27.7996,27.5789,27.2272
109,1:00:35 PM,27.0868,27.227,27.2128,27.3011,27.1994,26.8708,27.2099,27.4061,27.6067,27.3335,27.2176,27.4626,27.3539,27.6114,27.4851,27.2608,27.246,27.5355,27.5223,27.5311,27.4434,27.4451,27.3316,27.2824,27.0533,27.2883,27.7124,27.3564,27.3565,27.1596,27.4784,27.1345,27.5359,27.4641,27.4895,27.4454,27.2138,27.5854,27.5157,27.7394,27.0274,27.3981,27.7389,27.6187,27.453,27.4248,27.5682,27.6747,27.2005,27.107,27.2959,27.2904,27.5258,28.2104,27.6127,27.4611,27.1741,27.713,27.678,27.555,27.1527,27.1776,27.3768,27.6988,27.2388,27.4769,27.1661,26.9023,27.377,27.1685,27.7449,27.4003,27.6462,27.4287,27.0444,27.0171,27.3229,26.8796,27.6395,27.5373,27.2694,27.1135,27.3202,27.3045,27.1891,27.6135,27.5692,27.7886,27.7421,27.1929,27.2079,27.2045,27.322,27.5136,26.9339,27.7675,27.5441,27.5541,27.4159,27.162,27.1401,27.3134,27.5374,27.4694,27.0698,27.1804,27.1995,27.4005,27.8773,26.9499,28.119,27.5371,27.5168,27.5826,27.3481,27.52,27.2643,27.4832,27.6825,27.1674
110,1:00:55 PM,26.9374,27.2783,27.4175,27.3916,27.5364,26.9739,27.1418,27.5175,27.5536,27.4416,27.1402,27.3207,27.5649,27.5312,27.545,27.1984,27.3805,27.445,27.4742,27.371,27.3883,27.2971,27.1715,27.1688,27.0504,27.2615,27.4481,27.3783,27.3588,27.3198,27.5825,27.3871,27.5328,27.6058,27.6082,27.6591,27.3374,27.4105,27.5041,27.7096,27.2849,27.2661,27.7011,27.7042,27.5107,27.3888,27.4464,27.6868,27.1414,27.0988,27.3957,27.3461,27.3709,28.2636,27.584,27.3258,27.1011,27.7312,27.7513,27.4855,27.1788,27.2326,27.3865,27.7043,27.3166,27.3478,27.2719,26.9745,27.2626,27.1497,27.6565,27.4035,27.7004,27.3227,27.3515,27.0853,26.9904,26.9666,27.6909,27.4661,27.2206,27.2527,27.3498,27.3697,27.2407,27.5443,27.3714,27.7803,27.8022,27.1073,27.0738,27.2734,27.3711,27.5361,26.9805,27.711,27.4751,27.4046,27.2854,27.1179,27.1709,27.4134,27.6734,27.4203,27.0842,27.1479,27.2736,27.5531,27.9171,26.9595,28.2426,27.6523,27.6149,27.6189,27.2517,27.5386,27.3703,27.4741,27.6628,27.2563
111,1:01:15 PM,27.1499,27.25,27.2317,27.3889,27.3591,26.9956,27.1201,27.4618,27.5458,27.3173,27.3134,27.3685,27.5262,27.7004,27.4317,27.1959,27.2927,27.4435,27.5032,27.4353,27.5231,27.4322,27.0719,27.1389,27.0819,27.1595,27.588,27.3854,27.4124,27.1857,27.6104,27.3146,27.4907,27.6787,27.6229,27.3747,27.3043,27.4988,27.7111,27.5456,27.1912,27.2497,27.8401,27.6658,27.4387,27.3661,27.4487,27.6086,27.0212,27.1427,27.3091,27.2058,27.4319,28.3004,27.6576,27.3894,27.0146,27.5916,27.62,27.4859,27.0031,27.2139,27.2711,27.5754,27.2444,27.4844,27.1885,26.9516,27.1351,27.4599,27.7049,27.6122,27.536,27.1919,27.166,27.0113,27.0175,27.0623,27.7381,27.4279,27.4007,27.2149,27.4245,27.3818,27.1297,27.6983,27.4094,27.5685,27.783,27.1291,27.1549,27.252,27.3465,27.5388,26.8396,27.7536,27.5227,27.2896,27.5009,27.258,27.0808,27.2574,27.4497,27.5124,26.9611,27.2763,27.2645,27.3651,27.9708,27.1187,28.1887,27.6077,27.5691,27.5872,27.3641,27.4942,27.2786,27.7048,27.5288,27.2951
112,1:01:35 PM,27.1629,27.0106,27.314,27.2626,27.386,26.9011,27.311,27.2468,27.5008,27.4084,27.3719,27.4045,27.4771,27.5143,27.4779,27.3499,27.3372,27.4917,27.4919,27.4621,27.3158,27.1972,27.2443,27.2118,26.9711,27.2664,27.4604,27.5843,27.3741,27.2294,27.5225,27.2783,27.5821,27.4879,27.4852,27.4773,27.448,27.5826,27.5737,27.4525,27.2795,27.3517,27.8318,27.6049,27.4344,27.1322,27.4987,27.6249,27.2293,26.9783,27.3488,27.2264,27.2877,28.3364,27.5473,27.4403,27.24,27.5551,27.6822,27.5924,27.157,27.2414,27.2876,27.683,27.2978,27.2721,27.1354,26.8939,27.2816,27.0973,27.7056,27.4702,27.5083,27.5254,27.1969,27.2369,27.1526,26.9764,27.6301,27.4072,27.3021,27.2158,27.2591,27.3614,27.3212,27.55,27.5473,28.0013,27.7593,27.0495,27.1121,27.2001,27.3815,27.5774,26.7846,27.7458,27.5195,27.4584,27.4681,27.1766,27.2042,27.5511,27.5127,27.4451,26.8954,27.1989,27.1917,27.5809,27.7643,26.9849,27.9818,27.527,27.4494,27.6031,27.2334,27.5105,27.288,27.7508,27.6631,27.3235
113,1:01:55 PM,27.0199,27.1744,27.1541,27.4852,27.2794,26.9657,27.2217,27.3523,27.3567,27.3639,27.2189,27.3147,27.5646,27.5651,27.4539,27.278,27.3137,27.3818,27.4877,27.3328,27.348,27.1464,27.2461,27.3058,26.8729,27.3082,27.4906,27.3519,27.2516,27.2041,27.4616,27.2824,27.5409,27.3728,27.6031,27.3796,27.4188,27.6786,27.6526,27.6437,27.3033,27.34,27.6611,27.6026,27.3762,27.5396,27.3791,27.6281,27.1783,27.0281,27.414,27.1884,27.4287,28.4258,27.5637,27.3258,27.027,27.612,27.6864,27.4479,27.1345,27.3719,27.3933,27.6767,27.2241,27.4476,27.1238,26.9873,27.4311,27.2116,27.7546,27.5245,27.5066,27.4242,27.378,27.1208,27.0486,27.0761,27.7314,27.5052,27.2686,27.2844,27.2594,27.3198,27.1508,27.454,27.3266,27.812,27.7529,27.0844,27.1664,27.2159,27.2277,27.6114,26.931,27.7427,27.5462,27.4317,27.3842,27.2554,27.2561,27.3189,27.5724,27.3573,27.1697,27.2658,27.3334,27.4353,27.9393,26.9235,28.1397,27.5919,27.8255,27.4747,27.3556,27.5245,27.4868,27.7456,27.6106,27.154
114,1:02:15 PM,27.1698,27.1044,27.397,27.383,27.3529,27.143,27.2585,27.3555,27.4585,27.5362,27.2645,27.2342,27.5678,27.6537,27.431,27.1658,27.325,27.4026,27.5699,27.5129,27.4253,27.2442,27.2896,27.2682,27.0453,27.4105,27.5704,27.5317,27.3067,27.1791,27.3072,27.2782,27.5034,27.6494,27.5943,27.4327,27.3566,27.5589,27.5744,27.5619,27.2795,27.2991,27.9269,27.746,27.4653,27.4359,27.593,27.6411,27.4013,27.0732,27.3596,27.1435,27.3621,28.4524,27.5946,27.3449,27.1487,27.7055,27.7504,27.4312,27.0351,27.1911,27.2833,27.5824,27.2128,27.5059,27.1917,27.0811,27.3427,27.2927,27.7447,27.5871,27.4445,27.2547,27.2019,27.0458,26.9998,27.0142,27.3925,27.4284,27.3442,27.1577,27.4657,27.4182,27.1566,27.4696,27.4457,27.7496,27.6931,27.1979,27.0357,27.1359,27.2921,27.7109,26.8829,27.7985,27.5759,27.601,27.3824,27.2152,27.1529,27.2868,27.555,27.4901,27.0529,27.2663,27.0428,27.478,27.8462,27.0087,28.0885,27.4079,27.566,27.5938,27.2822,27.3864,27.4169,27.8,27.6085,27.4111
115,1:02:35 PM,27.0659,27.1557,27.2198,27.3942,27.2452,27.0774,27.2239,27.2799,27.4909,27.3942,27.1922,27.3546,27.5098,27.5516,27.4377,27.2506,27.3659,27.2817,27.4777,27.3838,27.5002,27.3023,27.3539,27.2273,27.2037,27.285,27.5236,27.3909,27.3119,27.241,27.5002,27.3461,27.4398,27.5835,27.6119,27.473,27.492,27.4999,27.593,27.5891,27.2904,27.3807,27.845,27.6885,27.4048,27.3235,27.4268,27.7706,27.1457,27.0095,27.284,27.1722,27.42,28.202,27.6175,27.373,26.959,27.715,27.6698,27.5063,27.0182,27.2563,27.2688,27.5013,27.2725,27.2922,27.248,27.0709,27.1973,27.1766,27.7038,27.4375,27.6043,27.4354,27.1678,27.2304,27.0787,27.1484,27.6794,27.6017,27.3114,27.3191,27.2836,27.3902,27.2206,27.6362,27.437,27.7778,27.6898,27.1575,27.1995,27.4842,27.4531,27.6542,26.9416,27.7444,27.6526,27.5631,27.4387,27.2062,27.1849,27.3945,27.4848,27.4296,27.1045,27.2633,26.851,27.5003,27.7624,26.9437,28.0962,27.4973,27.5483,27.6305,27.4201,27.5793,27.3921,27.6808,27.5313,27.3121
116,1:02:55 PM,27.0213,27.1122,27.1817,27.1615,27.2564,27.1756,27.1123,27.4021,27.5032,27.3564,27.2845,27.3079,27.5106,27.6018,27.3048,27.2457,27.2071,27.5701,27.5453,27.5004,27.4957,27.207,27.2898,27.3553,27.1119,27.1871,27.4593,27.4658,27.3864,27.2793,27.518,27.209,27.5565,27.5375,27.732,27.5116,27.3471,27.4859,27.5793,27.6354,27.3028,27.4011,27.8773,27.7155,27.5891,27.3795,27.5964,27.6586,27.0329,27.1561,27.2485,27.2065,27.512,28.5814,27.6258,27.2872,27.2288,27.6859,27.8444,27.5877,27.0446,27.2992,27.3518,27.5483,27.2306,27.3702,27.1591,26.923,27.4878,27.1496,27.7114,27.5442,27.5113,27.3966,27.3231,27.1623,27.1063,27.0722,27.5923,27.6389,27.2623,27.2763,27.4284,27.3052,27.2073,27.6033,27.5444,27.8502,27.6603,27.1785,27.2192,27.1982,27.5551,27.604,26.8305,27.5536,27.5643,27.5109,27.285,27.183,27.2084,27.1742,27.6183,27.3674,27.0884,27.1608,27.1812,27.3885,28.0171,26.9572,28.1117,27.5442,27.6299,27.508,27.3421,27.5866,27.4221,27.5372,27.6236,27.3017
117,1:03:15 PM,27.1026,27.2111,27.1221,27.4492,27.4521,26.9795,27.1586,27.4289,27.3906,27.4727,27.1793,27.1989,27.4523,27.616,27.5081,27.3183,27.227,27.476,27.6004,27.4614,27.5156,27.3418,27.3527,27.2286,27.1229,27.2227,27.5013,27.3109,27.2971,27.2725,27.4377,27.4778,27.5613,27.463,27.5205,27.3952,27.3902,27.6445,27.6437,27.5754,27.1822,27.3444,27.7688,27.8168,27.3687,27.3177,27.4323,27.5393,27.1529,27.0393,27.4183,27.1344,27.3527,28.4759,27.5886,27.415,27.019,27.6333,27.7788,27.5988,27.1795,27.1866,27.2235,27.6403,27.2953,27.3725,27.1741,26.9554,27.2317,27.1588,27.8209,27.5908,27.5073,27.4575,27.2283,27.0667,27.2209,27.1139,27.7119,27.4247,27.3255,27.206,27.1467,27.3301,27.2323,27.4602,27.4691,27.7351,27.814,27.047,27.0638,27.2735,27.3059,27.5011,27.0719,27.7122,27.4448,27.4528,27.2592,27.4188,27.0279,27.2869,27.4644,27.4302,27.1808,27.1607,27.107,27.4622,27.8819,27.1068,28.0519,27.4671,27.6045,27.5489,27.1693,27.4898,27.3381,27.6212,27.6396,27.3112
118,1:03:35 PM,27.2156,27.1484,27.331,27.3259,27.3731,27.0064,27.336,27.3411,27.594,27.3848,27.2476,27.4466,27.5468,27.6289,27.4193,27.3487,27.2714,27.3844,27.4435,27.5079,27.4368,27.3579,27.3051,27.2155,26.9805,27.3007,27.4709,27.5546,27.3193,27.306,27.4577,27.2104,27.7684,27.4281,27.6806,27.565,27.3629,27.6036,27.7117,27.5596,27.2816,27.4064,27.9157,27.6576,27.469,27.4245,27.5948,27.5493,27.1156,26.9745,27.4172,27.3404,27.5123,28.383,27.6381,27.4111,27.1771,27.5646,27.6409,27.4539,26.9941,27.3378,27.3238,27.6708,27.1681,27.3292,27.1846,27.0821,27.4533,27.0939,27.6253,27.5498,27.6598,27.2842,27.2743,27.1272,27.0271,26.9953,27.5511,27.5113,27.2866,27.2883,27.3013,27.2464,27.3718,27.3581,27.4288,27.8042,27.7538,27.1849,27.0894,27.2991,27.3582,27.5306,26.8618,27.6055,27.5942,27.3306,27.4141,27.1843,27.1492,27.3735,27.5691,27.4201,27.0487,27.2204,27.0916,27.4423,28.0331,26.8754,28.162,27.73,27.6753,27.3881,27.3058,27.4531,27.2933,27.5227,27.849,27.3686
119,1:03:55 PM,27.1619,27.1824,27.4337,27.3567,27.4255,27.0537,27.2208,27.4874,27.4538,27.4714,27.3697,27.232,27.3919,27.6243,27.6464,27.2128,27.4065,27.4362,27.638,27.4473,27.4631,27.4436,27.1279,27.3075,27.1252,27.3064,27.6552,27.5125,27.3751,27.2088,27.4623,27.2434,27.6772,27.4954,27.5191,27.4444,27.3808,27.7712,27.6117,27.4816,27.2411,27.3543,27.9046,27.7954,27.3726,27.301,27.5092,27.6335,27.0754,27.0774,27.2775,27.1782,27.3447,28.3124,27.6929,27.3876,27.0656,27.5229,27.663,27.6286,27.3176,27.2757,27.362,27.5661,27.3151,27.3257,27.1506,27.0099,27.3899,27.2398,27.6888,27.5001,27.6674,27.3302,27.2897,27.0533,27.099,27.1797,27.7552,27.5146,27.2488,27.3737,27.2806,27.3598,27.1357,27.4459,27.4771,27.8665,27.6922,27.2015,27.2231,27.1288,27.4383,27.4144,26.8905,27.7042,27.5826,27.4199,27.3194,27.3387,27.0654,27.2027,27.503,27.5085,27.2359,27.2047,27.1374,27.444,28.0052,26.9811,27.9557,27.7074,27.705,27.5526,27.3795,27.5877,27.3976,27.4726,27.8073,27.3522
120,1:04:15 PM,26.936,27.101,27.2831,27.316,27.3527,27.0162,27.1798,27.3664,27.5478,27.42,27.1921,27.3049,27.6077,27.6899,27.5677,27.1987,27.2716,27.3604,27.5564,27.5421,27.5485,27.2814,27.2419,27.2536,27.0409,27.0818,27.514,27.4668,27.2704,27.1744,27.5322,27.2846,27.5599,27.6577,27.5926,27.412,27.268,27.5252,27.5881,27.4151,27.1369,27.5225,27.8251,27.6849,27.6427,27.4199,27.6009,27.5749,27.0928,27.0428,27.2877,27.1443,27.5653,28.6437,27.7623,27.3917,27.0013,27.4061,27.7397,27.5137,27.0203,27.2082,27.4423,27.7495,27.1413,27.2301,27.2045,26.9191,27.2786,27.1676,27.7199,27.5166,27.5275,27.2688,27.3897,27.1284,26.9952,27.1501,27.7174,27.4264,27.2196,27.2418,27.3451,27.3447,27.1855,27.4225,27.5007,27.7976,27.774,27.202,27.1753,27.2819,27.2602,27.5856,26.8118,27.7156,27.5002,27.4024,27.4101,27.3718,27.1535,27.3339,27.5676,27.6211,27.2403,27.186,27.2103,27.4668,27.9061,27.033,28.1688,27.6061,27.5336,27.5388,27.1564,27.537,27.4025,27.7019,27.6813,27.3596
121,1:04:35 PM,27.0925,27.1609,27.2414,27.4682,27.2935,27.0641,27.3824,27.4937,27.5905,27.3749,27.3355,27.4026,27.6225,27.6672,27.4318,27.2512,27.284,27.4962,27.4866,27.5605,27.4194,27.3278,27.2585,27.1835,27.2188,27.3086,27.5621,27.4787,27.2758,27.2538,27.4826,27.3438,27.5648,27.6272,27.6649,27.4904,27.4293,27.5783,27.6908,27.6817,27.2825,27.3609,27.8654,27.5597,27.6245,27.4868,27.5245,27.5191,27.116,27.1466,27.4762,27.2746,27.3705,28.2395,27.8178,27.3794,27.3559,27.673,27.7974,27.5315,27.2304,27.2683,27.3945,27.75,27.2916,27.4617,27.1415,27.0221,27.4102,27.2186,27.7254,27.5295,27.5799,27.3505,27.2583,27.0271,27.0606,27.027,27.5844,27.5082,27.3092,27.1197,27.3172,27.3407,27.1448,27.5206,27.2575,27.8312,27.8393,27.1502,27.2933,27.1985,27.452,27.5454,27.0624,27.6452,27.6181,27.3633,27.4104,27.4336,27.1733,27.3002,27.5979,27.3675,27.0579,27.1958,27.1354,27.3395,27.817,26.9763,28.1514,27.6386,27.6609,27.6094,27.3659,27.5359,27.4214,27.5692,27.5335,27.2247
122,1:04:55 PM,26.9754,27.209,27.3231,27.4132,27.3143,27.1051,27.1597,27.3934,27.5225,27.3976,27.251,27.1867,27.5314,27.6007,27.5505,27.1607,27.3689,27.5495,27.3611,27.5932,27.544,27.3546,27.2689,27.2428,27.0587,27.4273,27.5209,27.5049,27.3388,27.2838,27.6708,27.1957,27.5034,27.4883,27.7996,27.4134,27.3536,27.7122,27.62,27.5867,27.2525,27.4349,27.8329,27.7895,27.5608,27.4781,27.5593,27.7177,27.2649,27.1272,27.322,27.2215,27.3377,28.4069,27.5995,27.2635,27.053,27.6459,27.7746,27.6094,27.1061,27.1742,27.4831,27.8694,27.2318,27.3817,27.3572,27.1672,27.5664,27.2151,27.6795,27.5255,27.6583,27.359,27.2715,27.0682,27.0853,27.0105,27.7033,27.4941,27.186,27.1822,27.3081,27.3137,27.0865,27.4901,27.4221,27.9587,27.7135,27.1343,27.2444,27.2555,27.3067,27.5736,26.8601,27.8288,27.6379,27.4258,27.2374,27.3514,27.0687,27.176,27.6604,27.4263,27.0972,27.0623,27.2094,27.4711,27.7873,26.8542,28.0695,27.6503,27.5068,27.5295,27.3163,27.5301,27.416,27.5817,27.7128,27.3476
123,1:05:15 PM,27.2295,27.2351,27.1505,27.4978,27.3333,27.0725,27.1675,27.4626,27.5578,27.518,27.2667,27.2581,27.6011,27.5535,27.4441,27.2877,27.2695,27.4429,27.5145,27.5851,27.5007,27.3332,27.3542,27.3226,27.1515,27.3604,27.4715,27.3168,27.3857,27.2074,27.5374,27.3056,27.6087,27.6453,27.7231,27.2825,27.4228,27.706,27.7224,27.6032,27.1969,27.316,27.7605,27.7608,27.6347,27.3926,27.3785,27.5988,27.157,27.0624,27.4333,27.1674,27.3584,28.3999,27.6663,27.4038,27.031,27.794,27.6797,27.512,27.0943,27.2099,27.2604,27.7105,27.3178,27.3514,27.1734,27.0808,27.2268,27.3299,27.6032,27.5614,27.4597,27.3043,27.376,27.0056,27.0501,27.1329,27.736,27.5496,27.2618,27.1943,27.44,27.4309,27.1955,27.4299,27.4595,27.7632,27.8459,27.1071,27.0813,27.3926,27.305,27.601,26.8737,27.6499,27.5703,27.3346,27.4631,27.3297,27.2826,27.2259,27.3936,27.4011,27.1294,27.149,27.2411,27.45,27.8851,26.9827,27.9416,27.5577,27.5761,27.6939,27.2156,27.3897,27.3755,27.6321,27.8159,27.2591
124,1:05:35 PM,27.1645,27.2021,27.3201,27.2847,27.2277,26.9028,27.0984,27.4576,27.4331,27.4051,27.3469,27.2429,27.5135,27.7097,27.4206,27.1903,27.4064,27.4551,27.4807,27.6839,27.4345,27.368,27.3089,27.2138,27.2009,27.3125,27.5422,27.4656,27.3482,27.3505,27.4991,27.0716,27.5343,27.5113,27.5532,27.405,27.3002,27.5171,27.5702,27.567,27.1441,27.4313,27.6933,27.7005,27.5107,27.5261,27.5532,27.5347,27.0584,27.0308,27.296,27.1816,27.4867,28.2507,27.9065,27.322,27.1477,27.6642,27.6958,27.6623,27.1318,27.194,27.2702,27.6472,27.2412,27.2247,27.0963,27.117,27.3187,27.3157,27.8188,27.4117,27.5772,27.3869,27.3326,27.1012,27.0624,27.1063,27.7614,27.4369,27.2074,27.1456,27.3415,27.3757,27.3711,27.5651,27.5994,27.8066,27.7692,27.2691,27.0729,27.1717,27.2073,27.5204,27.0163,27.6842,27.5731,27.5079,27.2337,27.3306,27.0874,27.3778,27.6215,27.4361,27.202,27.2569,27.2457,27.5565,27.9329,26.9173,28.1164,27.5743,27.6303,27.5198,27.1888,27.2664,27.2953,27.5241,27.6505,27.429
125,1:05:55 PM,27.2263,27.3295,27.149,27.4126,27.4392,26.9501,27.2625,27.4449,27.6462,27.4364,27.2063,27.4139,27.5219,27.6607,27.474,27.2392,27.2304,27.4366,27.517,27.712,27.3976,27.3557,27.306,27.2754,26.9736,27.3024,27.4636,27.524,27.3353,27.1922,27.5118,27.3669,27.5825,27.4088,27.6561,27.5625,27.3018,27.4242,27.6596,27.499,27.2744,27.3464,27.7348,27.7279,27.605,27.4076,27.3705,27.6511,27.1967,27.0329,27.228,27.1369,27.3225,28.4029,27.7684,27.2736,27.258,27.5644,27.7014,27.5137,26.9549,27.0793,27.3174,27.6686,27.2807,27.3881,27.1851,26.9142,27.4454,27.2743,27.6791,27.5143,27.6194,27.3945,27.4465,26.9129,27.0707,26.9014,27.6285,27.3772,27.3721,27.2658,27.4471,27.3214,27.1385,27.5856,27.5969,27.8023,27.8579,27.2049,27.074,27.1247,27.4209,27.5476,27.0589,27.7048,27.7481,27.2937,27.442,27.2953,27.1758,27.3254,27.4813,27.488,26.967,27.1636,27.2103,27.3166,27.7609,26.9583,28.116,27.5901,27.65,27.6044,27.3048,27.3785,27.3081,27.7584,27.7623,27.4715
126,1:06:15 PM,27.133,27.0516,27.3364,27.4105,27.3726,27.0586,27.1206,27.4875,27.5921,27.543,27.4375,27.4123,27.5307,27.7297,27.5326,27.1565,27.1741,27.6665,27.5751,27.5266,27.4067,27.2757,27.2755,27.2911,27.1306,27.3735,27.4273,27.5076,27.5275,27.323,27.3021,27.1562,27.5487,27.5115,27.5736,27.553,27.4245,27.5695,27.6222,27.4749,27.0592,27.5273,27.9571,27.8335,27.543,27.3436,27.3409,27.4568,27.1467,27.0374,27.3517,27.1642,27.368,28.3568,27.7445,27.2813,27.1862,27.6078,27.6427,27.4332,27.0844,27.2924,27.4593,27.7503,27.1763,27.4957,27.236,26.9959,27.515,27.2223,27.6275,27.5566,27.5046,27.4249,27.3852,27.1119,27.1026,27.0557,27.5114,27.6091,27.2682,27.3007,27.3105,27.3024,27.242,27.5512,27.4156,27.7873,27.8236,27.101,26.9938,27.2879,27.3633,27.584,26.9306,27.7293,27.4285,27.4341,27.2667,27.3468,27.161,27.429,27.5198,27.4671,27.192,27.1937,27.0217,27.3767,27.8055,26.8272,28.0236,27.6755,27.6602,27.6042,27.2574,27.5043,27.3966,27.5367,27.5974,27.3411
127,1:06:35 PM,27.1766,26.9911,27.1699,27.52,27.2582,26.872,27.3533,27.4754,27.6597,27.4805,27.2894,27.414,27.4821,27.5807,27.6583,27.1239,27.2298,27.3398,27.5113,27.5204,27.4938,27.3589,27.2756,27.294,27.1169,27.4291,27.4861,27.3982,27.4563,27.4083,27.5554,27.3373,27.5164,27.4804,27.6748,27.3984,27.4618,27.5162,27.5066,27.595,27.2039,27.4928,27.8897,27.8636,27.591,27.3273,27.5368,27.7199,27.1896,26.9575,27.2292,27.2157,27.3135,28.3598,27.7317,27.4117,27.2634,27.6269,27.7148,27.4616,27.1588,27.2692,27.3666,27.5556,27.2192,27.3454,27.2835,26.9691,27.4094,27.2944,27.6109,27.5206,27.4586,27.6167,27.3672,26.9776,27.1449,27.0115,27.6911,27.3177,27.1802,27.1491,27.3689,27.3314,27.1761,27.5304,27.4472,27.899,27.6854,27.1985,27.0703,27.2158,27.4495,27.6943,27.0691,27.8307,27.527,27.3316,27.1048,27.509,27.0686,27.3954,27.5595,27.4184,27.2425,27.3093,27.2151,27.3155,27.9671,27.023,28.0956,27.5243,27.6229,27.6781,27.398,27.4891,27.3749,27.659,27.7841,27.434
128,1:06:55 PM,26.9963,27.1637,27.3256,27.4317,27.2889,26.9834,27.1154,27.3322,27.5983,27.5355,27.3535,27.2932,27.637,27.6948,27.5018,27.2621,27.2856,27.5228,27.6246,27.3966,27.3938,27.3102,27.2463,27.2691,27.1379,27.275,27.4778,27.4947,27.4426,27.241,27.5035,27.3996,27.5338,27.5864,27.7375,27.3819,27.4752,27.5712,27.753,27.7262,27.2494,27.3601,27.7534,27.7256,27.5258,27.3269,27.5143,27.5572,27.2232,27.067,27.3527,27.2868,27.5103,28.3739,27.645,27.2781,27.1367,27.5333,27.6177,27.5078,27.2993,27.2381,27.3087,27.5212,27.3809,27.4185,27.0953,27.1278,27.4115,27.2009,27.7365,27.5934,27.5058,27.3641,27.1341,27.221,26.9929,27.1283,27.6259,27.4223,27.2198,27.2174,27.3707,27.4445,27.3041,27.6465,27.4857,27.9125,27.7226,27.2312,27.1777,27.0808,27.2471,27.4753,27.1178,27.5403,27.4742,27.3818,27.2566,27.3211,27.066,27.3374,27.5716,27.5187,27.1071,27.2439,26.9889,27.2778,27.7479,26.7773,28.1857,27.5833,27.6516,27.5934,27.3646,27.2769,27.3807,27.6853,27.5543,27.349
129,1:07:15 PM,27.103,27.1466,27.2707,27.2334,27.2699,26.9503,27.2072,27.4033,27.4121,27.4646,27.2622,27.3431,27.5917,27.5224,27.5051,27.3448,27.2999,27.3795,27.5505,27.3284,27.3384,27.3362,27.2684,27.3035,27.147,27.2767,27.5649,27.4089,27.4741,27.2349,27.5056,27.1809,27.622,27.4395,27.5266,27.1146,27.486,27.579,27.584,27.8422,27.1827,27.212,27.8206,27.6642,27.5807,27.3168,27.6157,27.6608,27.3101,26.9916,27.3669,27.1076,27.4704,28.243,27.7124,27.2713,27.1068,27.6466,27.7788,27.7536,27.092,27.3623,27.2505,27.5937,27.2765,27.4257,27.1103,26.9008,27.4021,27.1413,27.7763,27.6702,27.4745,27.4294,27.2268,27.12,27.0831,27.0869,27.604,27.6745,27.3961,27.235,27.3761,27.2849,27.2286,27.5908,27.4966,27.9935,27.7955,27.2405,27.2088,27.1984,27.3097,27.6756,27.0141,27.6279,27.7274,27.5045,27.2227,27.3358,27.0685,27.3346,27.5211,27.5718,27.1876,27.2066,27.0576,27.5531,27.9535,26.8759,28.1051,27.5405,27.4675,27.5471,27.4144,27.4135,27.2661,27.6916,27.6665,27.3206
130,1:07:35 PM,27.0371,27.2308,27.2646,27.3686,27.4918,26.9089,27.1954,27.5255,27.3871,27.4765,27.2625,27.4237,27.5927,27.6314,27.564,27.1454,27.1019,27.4032,27.5008,27.4058,27.4538,27.4491,27.1457,27.1908,27.0744,27.3159,27.3623,27.3319,27.4748,27.1719,27.4537,27.2863,27.6925,27.4486,27.6826,27.4372,27.2622,27.6373,27.6705,27.7575,27.0695,27.4151,27.8115,27.6787,27.5404,27.5356,27.5625,27.6991,27.1508,27.2703,27.3248,27.2581,27.6056,28.2949,27.7669,27.4009,27.1699,27.4217,27.8698,27.8684,27.1845,27.2262,27.34,27.6515,27.2586,27.2504,27.1986,27.1567,27.4625,27.2241,27.6881,27.4335,27.6455,27.2864,27.3016,27.1397,27.1279,27.0603,27.7432,27.5233,27.323,27.2727,27.3681,27.5451,27.1595,27.6836,27.3979,27.9553,27.8356,27.2708,27.1638,27.2783,27.2827,27.6923,27.1515,27.6317,27.4595,27.4891,27.3524,27.3552,27.1722,27.2671,27.6912,27.5221,27.292,27.1067,27.0794,27.4581,27.8601,26.9883,28.2177,27.5646,27.6587,27.4608,27.4139,27.4321,27.3218,27.5997,27.6846,27.4783
131,1:07:55 PM,26.964,27.1916,27.3487,27.321,27.4304,26.8969,27.2167,27.4563,27.5515,27.5903,27.2134,27.2788,27.5776,27.6498,27.6389,27.3647,27.2497,27.4947,27.7324,27.4893,27.4468,27.4148,27.3595,27.3154,27.0732,27.2654,27.3193,27.2807,27.4505,27.1623,27.5595,27.1824,27.3861,27.6821,27.7429,27.4216,27.2983,27.5677,27.7717,27.6759,27.0377,27.4435,27.8071,27.7867,27.5322,27.4202,27.662,27.6706,27.1949,27.0604,27.333,27.2549,27.5204,28.4355,27.79,27.3689,27.0922,27.8028,27.6368,27.6713,27.1191,27.0759,27.3675,27.6769,27.279,27.3011,27.3093,27.1529,27.551,27.2715,27.6608,27.4196,27.5404,27.3725,27.3913,27.1231,27.0487,27.0925,27.736,27.4455,27.3012,27.2262,27.3875,27.3904,27.2195,27.4972,27.5921,27.7052,27.6457,27.3244,27.086,27.2563,27.2583,27.6508,27.0337,27.6472,27.6458,27.3678,27.1475,27.4366,27.1926,27.1857,27.5315,27.3087,27.1694,27.3579,27.1977,27.4993,27.9216,27.022,28.0445,27.6902,27.6847,27.6867,27.2176,27.4506,27.252,27.6715,27.7375,27.3592
132,1:08:15 PM,27.0305,27.2323,27.3575,27.5602,27.4596,26.9704,27.3817,27.5043,27.5769,27.3955,27.2358,27.4475,27.5232,27.6077,27.6615,27.2685,27.3181,27.541,27.4127,27.5442,27.4642,27.3839,27.2787,27.3086,27.0372,27.28,27.5402,27.2603,27.351,27.3459,27.4778,27.2801,27.7447,27.5539,27.5692,27.5292,27.2175,27.5418,27.5739,27.5419,27.2292,27.3705,27.827,27.6988,27.6146,27.4722,27.4606,27.6756,27.1166,27.0271,27.443,27.295,27.6476,28.4634,27.6288,27.4785,27.0611,27.8476,27.6177,27.5248,27.0995,27.2941,27.1778,27.8347,27.2033,27.2764,27.313,27.0858,27.4275,27.2478,27.6693,27.4098,27.812,27.4577,27.3755,27.1045,27.141,27.1015,27.828,27.3111,27.3956,27.3274,27.4179,27.3678,27.1564,27.5573,27.4363,27.6694,27.7583,27.2314,27.2135,27.133,27.3923,27.6025,27.026,27.8601,27.6535,27.4261,27.2374,27.4139,27.1452,27.2773,27.558,27.4147,27.0895,27.1054,27.1111,27.4779,27.7567,27.0732,28.0379,27.5685,27.754,27.509,27.3858,27.4482,27.2904,27.5783,27.5428,27.5585
133,1:08:35 PM,27.209,27.2005,27.2741,27.4297,27.4718,27.0824,27.196,27.3166,27.4609,27.3468,27.4213,27.3051,27.4085,27.7557,27.5641,27.2508,27.4708,27.4664,27.4624,27.4719,27.3548,27.3599,27.3585,27.2267,27.2093,27.2338,27.443,27.5166,27.2691,27.4164,27.4442,27.3352,27.4801,27.5143,27.6714,27.4861,27.4613,27.5911,27.7769,27.6129,27.0807,27.3532,27.8027,27.9167,27.5287,27.3907,27.4239,27.6035,27.1866,27.2312,27.437,27.1724,27.6358,28.3008,27.7461,27.4038,27.3685,27.7453,27.7453,27.7274,27.2812,27.3043,27.3339,27.8354,27.2413,27.3245,27.1041,27.0756,27.4023,27.3327,27.7816,27.5138,27.7256,27.2836,27.3153,27.0951,27.1496,27.1109,27.6877,27.4547,27.2449,27.277,27.4124,27.3873,27.2694,27.5381,27.53,27.728,27.7276,27.2264,27.1205,27.2972,27.2539,27.6566,27.1514,27.7795,27.4383,27.3796,27.3686,27.5388,27.1117,27.3058,27.5546,27.4131,27.1148,27.2541,27.138,27.4256,27.8405,27.0997,28.0766,27.4131,27.6847,27.6011,27.2939,27.3603,27.2723,27.5303,27.6933,27.5315
134,1:08:55 PM,27.1766,27.1495,27.2595,27.4494,27.4094,26.9721,27.143,27.536,27.7161,27.3065,27.2548,27.4224,27.3882,27.7044,27.4456,27.2251,27.1502,27.5738,27.4433,27.543,27.4257,27.265,27.1689,27.2586,27.1047,27.3406,27.3291,27.3301,27.4443,27.297,27.5877,27.3392,27.528,27.3703,27.6615,27.3982,27.4064,27.6357,27.8854,27.8031,27.2324,27.3915,27.7591,27.7015,27.6718,27.4036,27.3535,27.5381,27.1863,27.0523,27.311,27.3112,27.7756,28.281,27.6544,27.2586,27.0893,27.6851,27.8283,27.8401,27.1495,27.2913,27.2391,27.6668,27.2973,27.3413,27.1081,27.0721,27.361,27.2148,27.6617,27.5593,27.5553,27.429,27.2422,27.2713,26.9974,27.1035,27.6524,27.5649,27.393,27.2581,27.3729,27.3818,27.2591,27.4959,27.386,27.8493,27.8705,27.3246,27.0793,27.1091,27.3072,27.5767,26.9799,27.6723,27.5386,27.4225,27.2034,27.395,27.0631,27.238,27.5233,27.298,27.0894,27.32,27.1341,27.4463,27.9637,26.9949,28.1112,27.6167,27.6007,27.5514,27.5001,27.4866,27.3459,27.7018,27.7913,27.3643
135,1:09:15 PM,27.1062,27.1201,27.2237,27.5821,27.4654,27.0093,27.1686,27.4444,27.5924,27.5363,27.2802,27.4471,27.4813,27.6381,27.4466,27.1685,27.249,27.5574,27.5916,27.5536,27.4382,27.3358,27.2371,27.2939,27.212,27.264,27.3341,27.4501,27.3148,27.298,27.3639,27.3011,27.7066,27.4326,27.6439,27.4044,27.4893,27.6226,27.6167,27.6812,27.2136,27.427,27.8458,27.7971,27.5596,27.3136,27.4014,27.6874,27.2126,27.255,27.2283,27.3318,27.6063,28.0778,27.8044,27.3832,27.1708,27.7252,27.9018,27.7972,27.1818,27.1287,27.3397,27.7892,27.302,27.4369,27.2109,26.9841,27.433,27.3853,27.7686,27.511,27.598,27.3025,27.4846,27.1719,27.1446,27.0714,27.6555,27.5628,27.3148,27.1529,27.2913,27.3345,27.2407,27.5338,27.4608,27.9856,27.8329,27.1171,27.1347,27.2334,27.3498,27.5011,26.9509,27.7412,27.6943,27.4475,27.2762,27.2356,26.9792,27.4291,27.5486,27.4225,27.3293,27.3133,27.0825,27.5276,27.8942,27.0828,28.0619,27.4931,27.642,27.6072,27.4059,27.3884,27.3234,27.6276,27.713,27.5248
136,1:09:35 PM,27.0534,27.1763,27.3621,27.5237,27.2875,27.0057,27.2816,27.4117,27.5047,27.5175,27.3262,27.4481,27.426,27.6014,27.4519,27.3085,27.1894,27.5317,27.5416,27.4417,27.5264,27.4981,27.2485,27.2676,27.1371,27.2195,27.5496,27.445,27.47,27.3038,27.5872,27.2113,27.4676,27.4848,27.6181,27.4679,27.5048,27.5444,27.5562,27.5187,27.2407,27.4856,27.8037,27.6934,27.6264,27.3552,27.5465,27.5656,27.1729,27.1298,27.4213,27.0102,27.739,28.4475,27.6211,27.479,27.0603,27.6093,27.7448,27.6803,27.1879,27.3576,27.2235,27.6943,27.3729,27.3853,27.2476,27.0363,27.285,27.3094,27.7283,27.5054,27.6303,27.3339,27.3149,27.1493,26.9835,27.1059,27.6839,27.5568,27.2669,27.3569,27.3992,27.3233,27.3378,27.4832,27.3238,27.8759,27.7055,27.3512,27.1427,27.1638,27.2695,27.5609,27.1006,27.6619,27.5959,27.4794,27.3658,27.3481,27.1818,27.1992,27.4804,27.5018,27.0999,27.2078,27.125,27.5891,27.8178,27.0236,28.0993,27.4794,27.7247,27.5589,27.2174,27.4246,27.2266,27.7847,27.6313,27.387
137,1:09:55 PM,27.1325,27.0114,27.4122,27.4554,27.3951,26.9474,27.2053,27.4772,27.5547,27.5123,27.4462,27.4096,27.5347,27.6692,27.5107,27.2376,27.2806,27.6749,27.5452,27.5945,27.4694,27.2204,27.4295,27.2239,27.1025,27.2568,27.4716,27.4124,27.395,27.3823,27.571,27.2922,27.5216,27.4771,27.528,27.4645,27.3715,27.6282,27.4939,27.7053,27.261,27.3894,27.6818,27.8929,27.5715,27.4614,27.4741,27.8024,27.1802,27.2175,27.3994,27.2356,28.0011,28.1803,27.5918,27.6165,27.0606,27.6569,27.7584,27.8805,27.0052,27.1918,27.253,27.5919,27.439,27.3503,27.1643,27.0752,27.3064,27.1414,27.6819,27.4677,27.7153,27.472,27.4106,27.0855,27.1196,27.1363,27.7637,27.4074,27.404,27.253,27.3571,27.3941,27.1726,27.5207,27.4571,27.6475,27.8367,27.366,27.2469,27.1399,27.3629,27.6642,26.9483,27.7573,27.5342,27.4721,27.3618,27.4155,27.1562,27.2075,27.594,27.602,27.1631,27.2432,27.1727,27.4045,28.0154,27.1386,28.0933,27.569,27.4052,27.5391,27.4356,27.5131,27.3815,27.7113,27.7925,27.4093
138,1:10:15 PM,27.1222,27.0219,27.2074,27.4524,27.4571,27.0353,27.3045,27.5788,27.6262,27.4878,27.2817,27.4641,27.6053,27.5097,27.4781,27.1851,27.2556,27.5143,27.3977,27.463,27.3818,27.4717,27.3327,27.2884,27.2712,27.3434,27.5664,27.5624,27.3672,27.3888,27.548,27.2702,27.4334,27.5074,27.5577,27.4081,27.2901,27.5191,27.5618,27.6013,27.2126,27.5404,27.7324,27.7999,27.6941,27.3589,27.5305,27.5773,27.1625,27.0976,27.528,27.4576,27.9533,28.1433,27.5986,27.3776,27.1139,27.7172,27.9796,27.792,27.1867,27.043,27.2191,27.6328,27.3693,27.2582,27.212,27.1085,27.4771,27.4182,27.7288,27.5786,27.6344,27.469,27.2441,27.0931,27.1183,27.0662,27.5969,27.4622,27.2764,27.1235,27.2209,27.2988,27.3102,27.5524,27.4652,27.8926,27.7782,27.2647,27.1701,27.2968,27.3434,27.526,27.0551,27.7799,27.5432,27.5207,27.5041,27.5047,27.1742,27.4146,27.6053,27.397,27.1265,27.3562,27.1597,27.7267,27.7617,26.784,28.0876,27.7156,27.4984,27.5803,27.4361,27.5103,27.1706,27.7515,27.6581,27.2574
139,1:10:35 PM,27.205,27.0597,27.1979,27.4562,27.458,27.0493,27.4376,27.333,27.6687,27.3525,27.2838,27.4009,27.4996,27.7028,27.7139,27.1353,27.2739,27.496,27.4626,27.5366,27.4479,27.2668,27.351,27.3241,27.0695,27.3084,27.4666,27.4092,27.3073,27.2227,27.4051,27.304,27.4855,27.4998,27.4798,27.6329,27.4835,27.5145,27.6519,27.714,27.2917,27.3368,27.768,27.6702,27.708,27.3336,27.61,27.6359,27.0794,27.2469,27.273,27.5436,27.9285,28.084,27.7808,27.4277,27.1011,27.67,27.9392,27.6942,27.0831,27.2015,27.1911,27.5917,27.3687,27.3592,27.2047,27.0233,27.3189,27.3426,27.6577,27.4045,27.631,27.4502,27.5219,27.126,27.0679,27.1214,27.6207,27.5435,27.3759,27.2771,27.3984,27.2596,27.2194,27.5687,27.4982,27.7914,27.7251,27.3127,27.2071,27.3545,27.4189,27.6143,27.058,27.7189,27.5881,27.2575,27.3862,27.3726,27.1175,27.3622,27.5365,27.3849,27.2561,27.2729,27.2938,27.4581,27.8746,26.9093,28.1625,27.7138,27.5846,27.5757,27.4236,27.4514,27.4936,27.5265,27.7458,27.3541
140,1:10:55 PM,27.2329,27.1296,27.1544,27.4779,27.3791,26.9573,27.2367,27.4796,27.6332,27.4548,27.3123,27.2635,27.451,27.7141,27.6101,27.4622,27.3829,27.3707,27.5655,27.6086,27.5644,27.4099,27.2921,27.1587,27.0976,27.3642,27.4036,27.3974,27.4058,27.5338,27.6174,27.2569,27.6675,27.4871,27.5847,27.3859,27.3111,27.5803,27.5166,27.6116,27.3096,27.5999,27.8109,27.792,27.5629,27.4458,27.551,27.6741,27.3014,27.2081,27.4233,27.588,27.9089,28.2086,27.6349,27.3822,27.1193,27.618,28.0343,27.7006,27.1644,27.1763,27.2784,27.7438,27.2794,27.3915,27.236,27.0167,27.3939,27.286,27.7573,27.5028,27.6981,27.4099,27.5576,27.014,27.1456,27.0735,27.7907,27.5419,27.2264,27.35,27.3972,27.3562,27.4068,27.5893,27.4521,27.8594,27.6756,27.3608,27.3296,27.1911,27.1615,27.5917,26.8936,27.6846,27.6016,27.4744,27.1831,27.5138,27.2436,27.3056,27.6841,27.4688,27.2657,27.3714,27.1186,27.5012,27.8758,27.06,28.1072,27.7059,27.7671,27.6067,27.3814,27.5212,27.488,27.6357,27.5743,27.3823
141,1:11:15 PM,27.2578,27.2799,27.1512,27.2571,27.3195,26.813,27.3367,27.3538,27.7016,27.4891,27.3128,27.2835,27.3787,27.6708,27.6775,27.3799,27.3926,27.5574,27.5591,27.431,27.5597,27.4532,27.2534,27.3148,27.138,27.1322,27.5619,27.483,27.3261,27.2768,27.6314,27.3358,27.5775,27.5412,27.5703,27.5797,27.394,27.5148,27.6113,27.5975,27.2559,27.2811,27.8022,27.7817,27.6727,27.5856,27.4157,27.6219,27.1931,27.1564,27.2582,27.3495,27.8776,28.0594,27.6094,27.5074,27.1553,27.6787,27.8562,27.8437,27.2074,27.1565,27.4764,27.6791,27.3227,27.4222,27.12,27.0808,27.2877,27.3267,27.7244,27.4592,27.5674,27.2972,27.3233,27.22,27.1369,27.0507,27.8077,27.3163,27.2469,27.2661,27.3587,27.3953,27.1947,27.5056,27.6139,27.8309,27.7747,27.3088,27.1809,27.2081,27.3799,27.6148,27.2169,27.7591,27.669,27.5112,27.3912,27.3639,27.1754,27.2725,27.6771,27.3241,27.1918,27.1019,27.269,27.6583,27.946,27.0598,28.0926,27.7768,27.6235,27.7104,27.2669,27.5688,27.4189,27.6953,27.7751,27.3465
142,1:11:35 PM,27.0756,27.1589,27.3618,27.433,27.4397,27.0673,27.3166,27.3894,27.5948,27.5577,27.25,27.3216,27.2702,27.6775,27.5554,27.2385,27.2656,27.4822,27.6093,27.5918,27.3413,27.3972,27.3901,27.2043,27.1715,27.2247,27.5628,27.4312,27.2806,27.3472,27.539,27.372,27.5375,27.6338,27.5171,27.4281,27.5209,27.5866,27.531,27.6696,27.0713,27.3949,27.959,27.7595,27.7328,27.3532,27.6018,27.6003,27.2864,27.1007,27.4692,27.387,27.9579,28.0353,27.6772,27.4313,27.0676,27.5993,28.0384,27.8545,27.173,27.2514,27.2717,27.7445,27.2992,27.3386,27.2965,27.1333,27.5164,27.1617,27.7021,27.5566,27.7289,27.4041,27.2858,27.3235,27.1324,27.1524,27.7506,27.4723,27.1659,27.1506,27.2359,27.4186,27.2798,27.5398,27.5257,27.827,27.712,27.2251,27.3383,27.2062,27.281,27.5618,26.9909,27.8459,27.3414,27.4695,27.4298,27.4332,27.2369,27.4824,27.3707,27.3924,27.3562,27.3017,27.0904,27.5489,27.8507,27.0167,28.348,27.7717,27.8144,27.7281,27.3436,27.374,27.3333,27.6522,27.7308,27.2371
143,1:11:55 PM,27.0664,27.1092,27.1623,27.4848,27.409,27.0578,27.2731,27.39,27.5987,27.6361,27.2594,27.3645,27.4889,27.6335,27.5278,27.212,27.3927,27.426,27.7008,27.6104,27.4414,27.274,27.2682,27.4064,27.1898,27.2401,27.4707,27.271,27.3556,27.2272,27.5018,27.4521,27.632,27.7075,27.5886,27.4637,27.4179,27.636,27.4976,27.6952,27.1814,27.4889,27.8453,27.936,27.4873,27.4126,27.5425,27.7595,27.0451,27.2235,27.4065,27.5562,27.9929,27.8405,27.6553,27.4627,27.1553,27.8007,27.9568,27.6864,27.0939,27.2975,27.1888,27.6972,27.352,27.3683,27.2484,27.094,27.4324,27.1991,27.9207,27.3592,27.5807,27.3769,27.3825,27.2655,27.0774,27.1417,27.7144,27.6754,27.244,27.2525,27.3324,27.506,27.2977,27.4577,27.5577,27.9925,27.7574,27.2234,27.012,27.2356,27.295,27.6991,26.9562,27.827,27.6476,27.6105,27.3919,27.4998,27.281,27.3646,27.7047,27.3343,27.15,27.315,27.2782,27.5049,27.8197,26.8971,28.0318,27.5241,27.5707,27.5662,27.4592,27.7265,27.271,27.7032,27.7527,27.4696
144,1:12:15 PM,26.9663,27.1284,27.211,27.3147,27.4172,27.011,27.3159,27.4019,27.4856,27.5279,27.3703,27.3133,27.606,27.4419,27.4762,27.2212,27.1601,27.447,27.6063,27.5136,27.4178,27.5326,27.4598,27.1173,27.1897,27.2657,27.4503,27.197,27.2689,27.3548,27.4886,27.3445,27.6957,27.6831,27.4966,27.6205,27.3351,27.8395,27.5404,27.6187,27.3277,27.5435,27.8032,27.9528,27.647,27.3349,27.6733,27.6524,27.1357,27.1135,27.4275,27.3314,27.8911,27.9165,27.6147,27.4549,27.0971,27.6427,27.9806,27.657,27.1723,27.3409,27.4196,27.6133,27.332,27.431,27.3327,26.922,27.4112,27.3564,27.8095,27.5088,27.6581,27.4776,27.4543,27.2495,27.1322,27.0052,27.6214,27.5669,27.3681,27.3324,27.5273,27.3247,27.184,27.418,27.5406,27.9225,27.6804,27.1151,27.2999,27.3677,27.4042,27.6397,26.9928,27.7072,27.6641,27.4925,27.2769,27.3612,27.2169,27.282,27.5924,27.3743,27.0545,27.281,27.1442,27.3416,27.992,27.1252,28.2792,27.6778,27.5877,27.6196,27.4407,27.572,27.4803,27.7184,27.6942,27.5664
145,1:12:35 PM,27.2173,27.1487,27.3242,27.3049,27.3201,27.2243,27.222,27.4482,27.5031,27.3735,27.4427,27.4894,27.5033,27.4869,27.4924,27.3944,27.2709,27.4861,27.5716,27.4017,27.5087,27.4424,27.5097,27.3074,27.0019,27.4498,27.5657,27.1913,27.444,27.2717,27.4595,27.134,27.6363,27.4042,27.5546,27.4925,27.3303,27.6622,27.6204,27.5738,27.2048,27.4196,27.731,27.801,27.4663,27.4316,27.5556,27.6074,27.097,27.2281,27.5511,27.3495,27.755,27.672,27.6334,27.5866,27.195,27.859,28.0365,27.7176,27.2061,27.2335,27.256,27.821,27.268,27.4259,27.2719,27.1496,27.4498,27.287,27.6831,27.5832,27.5709,27.457,27.3879,27.2124,27.1552,27.1174,27.6301,27.6222,27.2132,27.3043,27.388,27.4285,27.2546,27.5189,27.559,27.8626,27.7435,27.185,27.1423,27.3893,27.3403,27.6121,27.0877,27.7985,27.7066,27.4839,27.3428,27.3782,27.1969,27.3003,27.5781,27.4974,27.0255,27.3795,27.3866,27.4145,27.9562,27.0981,27.9965,27.5727,27.622,27.6582,27.3982,27.4768,27.4806,27.6635,27.6258,27.6278
146,1:12:55 PM,27.0939,27.1864,27.275,27.3962,27.3846,27.0189,27.3394,27.4181,27.6717,27.5181,27.5333,27.2376,27.5059,27.4635,27.4858,27.2527,27.2218,27.5506,27.5085,27.4294,27.3639,27.4402,27.1307,27.0906,27.009,27.3234,27.4985,27.4075,27.3764,27.3169,27.5883,27.363,27.6006,27.6057,27.521,27.5738,27.6283,27.5253,27.5282,27.6591,27.1643,27.5509,27.7101,27.8313,27.5147,27.4691,27.4926,27.7058,27.146,27.2473,27.3955,27.4283,27.6696,27.5547,27.5717,27.5343,27.1259,27.7481,27.8622,27.5989,27.1969,27.2912,27.4921,27.5646,27.2667,27.5445,27.2635,27.1913,27.4661,27.3681,27.7817,27.5733,27.5792,27.4027,27.2488,27.2978,27.1144,27.0441,27.7827,27.5098,27.291,27.4447,27.4173,27.4557,27.223,27.538,27.7186,27.8587,27.8452,27.1193,27.2354,27.274,27.4305,27.5416,27.0375,27.8277,27.6982,27.365,27.4407,27.1884,27.2783,27.4485,27.644,27.4367,27.1486,27.2729,27.1568,27.5446,27.665,26.9198,28.147,27.6072,27.7062,27.6506,27.3113,27.6076,27.3693,27.7105,27.7192,27.4905
147,1:13:15 PM,27.2117,27.2867,27.4062,27.5246,27.4825,27.0207,27.5239,27.4342,27.39,27.6461,27.2426,27.3279,27.5068,27.5803,27.5146,27.1628,27.4624,27.4642,27.435,27.5005,27.5457,27.3506,27.3496,27.3339,27.1955,27.2329,27.5066,27.4135,27.3043,27.358,27.6218,27.3253,27.8167,27.6011,27.595,27.5858,27.4432,27.5562,27.5798,27.5873,27.3915,27.5086,27.7955,27.7318,27.6177,27.4647,27.6098,27.6798,27.3025,27.1109,27.3799,27.4992,27.712,27.7226,27.5455,27.4243,27.0942,27.6699,27.7864,27.7371,27.194,27.4039,27.356,27.7356,27.2921,27.3691,27.1538,26.928,27.4123,27.1646,27.7559,27.5614,27.5473,27.4593,27.1921,27.3084,27.0976,27.0385,27.6498,27.4166,27.3918,27.2249,27.4254,27.4434,27.3154,27.4524,27.4644,27.8296,27.7634,27.1658,27.033,27.2361,27.415,27.5789,26.9945,27.7054,27.6224,27.4169,27.469,27.2901,27.2206,27.2846,27.5964,27.376,27.1914,27.2524,27.3958,27.546,27.7864,26.9635,28.1369,27.5685,27.5787,27.6112,27.4831,27.4101,27.3554,27.6991,27.6126,27.3883
148,1:13:35 PM,27.2662,27.1799,27.2396,27.4963,27.4362,27.1756,27.1196,27.4636,27.5037,27.4895,27.3345,27.2815,27.5499,27.6774,27.4993,27.1389,27.4636,27.5553,27.4298,27.4632,27.4379,27.3456,27.3386,27.262,27.2159,27.361,27.6006,27.3876,27.4119,27.3254,27.5013,27.3058,27.679,27.699,27.4916,27.4165,27.4483,27.5456,27.5198,27.6611,27.2276,27.4691,27.7435,27.6481,27.5186,27.4115,27.5047,27.6902,27.1981,27.2198,27.3879,27.4109,27.5898,27.6641,27.5283,27.4835,27.2204,27.6013,27.9352,27.3377,27.2192,27.2336,27.2084,27.6128,27.3386,27.3996,27.2213,27.082,27.513,27.3898,27.8232,27.6422,27.6881,27.4325,27.2192,27.1138,27.0938,27.0042,27.5874,27.5117,27.3014,27.3728,27.2683,27.3907,27.1492,27.525,27.3804,27.9122,27.7757,27.2489,27.2573,27.1638,27.3895,27.5078,26.9976,27.7198,27.5004,27.317,27.2168,27.2671,27.1206,27.2891,27.533,27.4263,27.2639,27.1982,27.221,27.597,27.869,26.9138,28.0944,27.6364,27.6585,27.5164,27.4556,27.4362,27.582,27.6029,27.6343,27.4818
149,1:13:55 PM,27.2434,27.105,27.257,27.4072,27.4777,27.036,27.3811,27.3852,27.5969,27.3841,27.2041,27.2742,27.3867,27.5154,27.5448,27.1998,27.2767,27.4299,27.4309,27.3737,27.5568,27.4611,27.2174,27.1801,27.0912,27.2935,27.5249,27.4289,27.3089,27.1231,27.5568,27.4596,27.7313,27.6352,27.4781,27.5952,27.4253,27.545,27.7562,27.6788,27.3386,27.5273,27.8528,27.7844,27.5863,27.4158,27.6602,27.5383,27.1905,27.2189,27.4444,27.2507,27.6859,27.6169,27.6453,27.4591,27.2369,27.6343,27.7996,27.5016,27.1507,27.465,27.3661,27.687,27.4379,27.4313,27.1386,27.0543,27.1559,27.2105,27.7316,27.4883,27.4788,27.3566,27.2438,27.1729,27.0518,27.0283,27.7563,27.5317,27.1802,27.2354,27.2964,27.5407,27.1341,27.5349,27.5655,27.9744,27.6943,27.2582,27.097,27.2329,27.2344,27.5256,26.9803,27.6832,27.7024,27.4067,27.2874,27.3716,27.2629,27.2554,27.7861,27.5058,27.172,27.428,27.3002,27.4897,27.9386,27.0382,28.1338,27.429,27.6312,27.5942,27.32,27.4395,27.3899,27.6952,27.5406,27.3987
150,1:14:15 PM,27.0367,27.145,27.2252,27.3659,27.3615,27.1847,27.1634,27.3658,27.5448,27.5259,27.2521,27.3997,27.4656,27.4602,27.5453,27.2746,27.3271,27.3163,27.588,27.4915,27.3559,27.3316,27.2039,27.2991,27.1253,27.2333,27.5487,27.3269,27.4572,27.2146,27.5299,27.2521,27.5434,27.5874,27.4105,27.5516,27.476,27.627,27.4659,27.5276,27.3637,27.3582,27.8049,27.8067,27.5338,27.4571,27.5118,27.6133,27.1824,27.2325,27.3812,27.2476,27.6823,27.5516,27.5614,27.4812,27.2084,27.653,27.8458,27.6731,27.1172,27.2235,27.395,27.6462,27.2215,27.35,27.1543,27.1573,27.2755,27.193,27.7371,27.5447,27.7216,27.2888,27.0669,27.1986,27.0526,27.124,27.7142,27.4008,27.4183,27.2557,27.2974,27.5884,27.1823,27.5343,27.5132,27.8413,27.6812,27.2448,27.0869,27.3413,27.2723,27.4746,26.9939,27.8527,27.6749,27.2852,27.322,27.3335,27.2497,27.3183,27.6051,27.414,27.0917,27.2727,27.193,27.5759,27.7462,27.021,28.007,27.66,27.5742,27.4622,27.3536,27.4609,27.2543,27.7236,27.6417,27.3537
151,1:14:35 PM,27.2372,27.2062,27.3115,27.5165,27.3678,27.0204,27.2677,27.43,27.6097,27.4342,27.3325,27.297,27.5679,27.5025,27.4086,27.2419,27.2644,27.3818,27.4254,27.3083,27.5334,27.327,27.3245,27.1188,27.1693,27.2891,27.4841,27.382,27.3469,27.3617,27.4903,27.2655,27.6653,27.5631,27.4212,27.4568,27.3841,27.7472,27.6305,27.5544,27.2099,27.5708,27.8027,27.8103,27.6045,27.4638,27.5827,27.6722,27.2174,27.1622,27.3511,27.2998,27.6008,27.535,27.4206,27.6084,27.1858,27.7454,27.8244,27.6836,27.0753,27.1635,27.2595,27.6283,27.2667,27.3102,27.1086,27.2183,27.3511,27.1892,27.7328,27.5811,27.5883,27.2875,27.1621,27.3458,27.0892,27.1071,27.6312,27.4071,27.3607,27.3545,27.2766,27.4433,27.1904,27.5336,27.596,27.7844,27.8393,27.0678,27.1956,27.3946,27.2629,27.6137,26.9796,27.7666,27.585,27.5161,27.305,27.0169,27.099,27.2437,27.592,27.4007,27.1503,27.1694,27.2627,27.4527,27.9323,26.9578,28.1333,27.5078,27.525,27.3848,27.499,27.5908,27.3045,27.8011,27.7166,27.4798
152,1:14:55 PM,27.0284,27.0784,27.2924,27.4183,27.2788,27.0463,27.3006,27.5596,27.4913,27.4761,27.3141,27.4024,27.5803,27.4495,27.2623,27.2984,27.3706,27.3515,27.3642,27.4008,27.5068,27.4489,27.2055,27.1586,27.0823,27.3469,27.5038,27.3333,27.4279,27.2824,27.2724,27.3359,27.6593,27.6125,27.3574,27.4983,27.3333,27.6745,27.5936,27.5584,27.332,27.4233,27.6869,27.87,27.6015,27.475,27.6556,27.6055,27.2294,27.0139,27.3997,27.3598,27.6046,27.5285,27.3499,27.3948,27.2043,27.7013,27.8259,27.5691,27.0086,27.1719,27.2876,27.7794,27.3091,27.403,27.1373,26.9205,27.4203,27.2835,27.7434,27.5888,27.6097,27.3789,27.4075,27.1483,27.2612,27.027,27.5754,27.459,27.2491,27.2505,27.3732,27.3839,27.2582,27.4851,27.5091,27.8496,27.6469,27.2388,27.2492,27.328,27.4576,27.5668,26.8554,27.7951,27.5391,27.5723,27.3531,27.0969,27.269,27.3073,27.505,27.3819,27.0012,27.4101,27.2,27.3184,27.7471,27.0429,28.2634,27.6784,27.721,27.5118,27.3294,27.5537,27.3408,27.588,27.582,27.3586
153,1:15:15 PM,27.0472,27.1353,27.2203,27.2952,27.3313,27.1411,27.1594,27.4385,27.3935,27.4357,27.2541,27.4784,27.4832,27.508,27.2819,27.1168,27.2849,27.4641,27.559,27.4937,27.6285,27.4943,27.3235,27.2248,27.1443,27.131,27.7021,27.4066,27.4329,27.3786,27.4907,27.3484,27.585,27.4816,27.6496,27.4535,27.637,27.6315,27.5778,27.6998,27.2623,27.4395,27.655,27.7312,27.5858,27.4475,27.5531,27.6842,27.215,27.0455,27.4546,27.3821,27.6928,27.6179,27.532,27.4415,27.1907,27.5602,27.8172,27.4301,27.0611,27.1903,27.2712,27.703,27.2273,27.328,27.2256,26.9885,27.3041,27.4122,27.7806,27.5607,27.5541,27.3763,27.3104,27.09,27.2596,27.0752,27.6395,27.2269,27.3429,27.451,27.32,27.3392,27.134,27.517,27.6228,27.9932,27.6446,27.2065,27.0928,27.3717,27.2528,27.6666,26.88,27.7623,27.5174,27.4223,27.2834,27.2691,27.0883,27.3639,27.5707,27.4142,27.0272,27.3051,27.1323,27.4761,27.9068,26.7953,28.1487,27.7534,27.4884,27.5776,27.3538,27.4826,27.2768,27.6985,27.6849,27.3742
154,1:15:35 PM,26.9579,27.2345,26.9858,27.3755,27.3459,27.0014,27.2359,27.6186,27.3785,27.4511,27.4438,27.3718,27.586,27.5032,27.4675,27.1356,27.2424,27.3616,27.4925,27.3441,27.5016,27.3829,27.3544,27.3146,27.1431,27.4332,27.5401,27.3131,27.4268,27.3106,27.5176,27.32,27.6845,27.534,27.4086,27.4295,27.4171,27.5069,27.4704,27.5286,27.1416,27.4463,27.8597,27.7681,27.6538,27.5121,27.5201,27.636,27.16,27.2243,27.3544,27.3316,27.5871,27.5196,27.4098,27.4256,27.3776,27.755,27.6746,27.4555,27.0752,27.2326,27.4875,27.6998,27.2015,27.3949,27.0953,27.2935,27.4556,27.1874,27.9073,27.6171,27.561,27.4851,27.2817,27.2762,27.0696,26.983,27.7017,27.5586,27.4717,27.1752,27.3385,27.1924,27.1656,27.7065,27.4036,27.7871,27.5521,27.1137,27.1374,27.2672,27.2717,27.4848,26.8989,27.613,27.6552,27.3506,27.257,27.2237,27.2199,27.3268,27.5108,27.5232,26.9775,27.3782,27.1476,27.5573,27.9264,26.8743,28.1519,27.6813,27.6432,27.5565,27.2847,27.4989,27.3538,27.6326,27.4551,27.5174
155,1:15:55 PM,27.1529,27.3291,27.2464,27.3584,27.2104,27.0169,27.1795,27.4905,27.5562,27.5139,27.2118,27.4476,27.4031,27.4672,27.2663,27.2988,27.2491,27.4369,27.5535,27.4452,27.4798,27.3007,27.4601,27.2473,27.0667,27.3386,27.595,27.4362,27.4738,27.193,27.4602,27.336,27.6817,27.6995,27.4117,27.5844,27.5171,27.6084,27.5231,27.6694,27.2925,27.559,27.7242,27.868,27.6011,27.3193,27.4965,27.6949,27.2207,27.0089,27.4139,27.1955,27.5774,27.3075,27.5128,27.4803,27.1969,27.5646,27.9037,27.5417,27.1491,27.2034,27.4054,27.5726,27.3098,27.4622,27.0269,26.8134,27.3719,27.2228,27.8068,27.6539,27.544,27.4085,27.3094,27.2106,27.0318,27.1383,27.7931,27.485,27.0023,27.1811,27.3362,27.3497,27.3024,27.6166,27.4749,27.8452,27.5043,27.2331,27.1226,27.3224,27.2519,27.5571,26.9631,27.7945,27.4649,27.4544,27.3364,27.1957,27.0417,27.3727,27.5621,27.3912,26.9208,27.2989,27.1979,27.5784,27.8468,26.789,28.0552,27.6168,27.5004,27.5626,27.339,27.3348,27.5953,27.661,27.5717,27.4413
156,1:16:15 PM,27.1229,27.1867,27.1818,27.3904,27.3623,27.2139,27.202,27.4814,27.5034,27.4233,27.4011,27.4243,27.4473,27.7097,27.4936,27.3586,27.33,27.4982,27.3691,27.3975,27.6622,27.3197,27.3255,27.2285,26.9782,27.3364,27.6012,27.4254,27.1908,27.1893,27.5212,27.459,27.6166,27.5332,27.5061,27.4832,27.4915,27.5913,27.5247,27.4431,27.3239,27.4851,27.7419,27.7712,27.5228,27.382,27.5609,27.657,27.1481,27.14,27.4422,27.3668,27.6243,27.4397,27.34,27.311,27.1603,27.7077,27.7589,27.5687,27.0729,27.2613,27.3453,27.7762,27.3078,27.4403,27.2337,27.0315,27.3965,27.0942,27.7831,27.4534,27.5284,27.4281,27.3595,27.2324,27.1767,26.9074,27.5863,27.3244,27.2032,27.3324,27.3668,27.4368,27.2019,27.4848,27.5943,27.7984,27.7409,26.9908,27.3032,27.3592,27.5327,27.6759,26.9276,27.7635,27.6024,27.4831,27.1761,27.2471,27.1352,27.3397,27.4933,27.4716,27.1514,27.3738,27.2293,27.5555,27.6847,26.9599,28.0128,27.393,27.7117,27.6291,27.4189,27.5734,27.4223,27.5965,27.5345,27.3899
157,1:16:35 PM,27.0442,27.1993,27.1469,27.4313,27.2474,27.1139,27.3064,27.4057,27.7191,27.4,27.2083,27.42,27.6236,27.5522,27.4081,27.1016,27.2356,27.4474,27.5757,27.275,27.4856,27.437,27.3043,27.2446,26.9787,27.4511,27.6423,27.2533,27.4368,27.0939,27.4732,27.3473,27.5749,27.5133,27.4345,27.5212,27.5723,27.5949,27.5146,27.4589,27.1742,27.4536,27.8849,27.6937,27.3663,27.3586,27.7514,27.6279,27.2282,27.186,27.4091,27.3232,27.6743,27.4023,27.2904,27.4911,27.173,27.4973,27.5411,27.4474,27.0758,27.1674,27.3324,27.5256,27.1511,27.4628,27.1639,26.9013,27.3466,27.1903,27.6628,27.6182,27.7143,27.2931,27.2743,27.128,27.1192,27.0343,27.6655,27.3946,27.267,27.2449,27.3506,27.2608,27.2255,27.559,27.5149,27.8,27.7174,27.2237,27.1849,27.2126,27.4283,27.6686,26.9727,27.7746,27.8084,27.4162,27.2213,27.3721,27.2125,27.3824,27.4161,27.4162,27.0957,27.3316,27.2533,27.3699,27.8444,26.8764,28.224,27.6535,27.5018,27.6136,27.3459,27.4475,27.4881,27.6618,27.6568,27.4111
158,1:16:55 PM,27.0794,27.0736,27.1256,27.3387,27.3835,27.0536,27.2966,27.3555,27.4197,27.3851,27.4179,27.5213,27.5609,27.4731,27.2624,27.1896,27.3601,27.397,27.4623,27.2711,27.578,27.3471,27.3357,27.1799,27.1607,27.363,27.575,27.3617,27.4153,27.2531,27.4651,27.2208,27.4559,27.6987,27.4653,27.6146,27.5339,27.5478,27.4346,27.5344,27.3697,27.4132,27.8207,27.722,27.4246,27.4871,27.7086,27.6162,27.0911,27.1534,27.4004,27.293,27.5794,27.4881,27.6094,27.3509,27.2581,27.6645,27.7226,27.5502,27.2934,27.2687,27.1968,27.6755,27.2548,27.3217,27.156,27.0139,27.3498,27.2985,27.6543,27.4625,27.4466,27.3397,27.2914,27.0303,27.0148,27.0735,27.7056,27.4546,27.1393,27.2304,27.3122,27.4537,27.1444,27.527,27.4585,27.8146,27.6357,27.1509,27.1556,27.2347,27.2668,27.5071,26.8459,27.7962,27.615,27.3892,27.256,27.2381,27.0592,27.3281,27.4488,27.3891,27.2779,27.3197,27.274,27.6143,27.8513,26.8661,28.1213,27.6,27.7073,27.5635,27.1173,27.3555,27.4455,27.6172,27.7771,27.4093
159,1:17:15 PM,27.1176,27.1403,27.2327,27.3823,27.2581,27.0829,27.299,27.4095,27.3679,27.5142,27.2839,27.332,27.5571,27.529,27.3227,27.308,27.1344,27.3676,27.4923,27.4308,27.481,27.5065,27.2579,27.1889,27.0338,27.1348,27.569,27.4923,27.3047,27.282,27.4027,27.3877,27.5039,27.6205,27.316,27.5247,27.4931,27.5013,27.603,27.6139,27.2778,27.4316,27.7967,27.6904,27.4621,27.4098,27.6143,27.7711,27.1837,27.1935,27.3748,27.2529,27.4582,27.3895,27.4284,27.3697,27.1897,27.5859,27.6963,27.4396,27.2846,27.2985,27.2945,27.5936,27.2223,27.4234,27.2159,27.0971,27.2488,27.3059,27.6911,27.6611,27.675,27.3924,27.2236,26.9206,27.2212,27.0684,27.6649,27.4475,27.2997,27.2091,27.2868,27.3541,27.1262,27.7004,27.4936,27.8555,27.6299,27.0996,27.0708,27.3474,27.3025,27.4286,27.0115,27.6767,27.6444,27.5645,27.1281,27.2279,27.2494,27.183,27.5659,27.3341,26.8332,27.4908,27.1978,27.5946,27.7725,26.7843,28.0041,27.4725,27.5941,27.5775,27.2969,27.4306,27.3008,27.7783,27.6918,27.4605
160,1:17:35 PM,27.058,27.1073,27.1885,27.4302,27.2114,27.233,27.2855,27.4737,27.6615,27.4363,27.1568,27.292,27.3425,27.6125,27.2409,27.244,27.292,27.3512,27.3857,27.3371,27.4413,27.5185,27.3119,27.1584,27.123,27.216,27.632,27.3796,27.4437,27.3141,27.4658,27.2947,27.4745,27.4896,27.51,27.4921,27.3745,27.6679,27.5338,27.5062,27.1844,27.3821,27.9232,27.7095,27.4981,27.5374,27.5358,27.6748,27.1848,27.1541,27.4475,27.3368,27.5631,27.5163,27.3327,27.3991,27.1038,27.7531,27.6596,27.4048,27.0418,27.3228,27.314,27.6256,27.2866,27.3235,27.4053,27.0372,27.152,27.1904,27.6489,27.6171,27.5474,27.2545,27.0276,27.2777,27.0991,27.0753,27.7289,27.3973,27.3724,27.2561,27.4437,27.4072,27.1099,27.5354,27.3701,27.8105,27.5478,27.078,27.2759,27.1769,27.2386,27.5165,26.8655,27.6889,27.5633,27.4606,27.3098,27.2375,27.1918,27.3651,27.4212,27.3227,27.181,27.329,27.2942,27.6247,27.8306,26.8885,28.2078,27.7453,27.5833,27.555,27.2476,27.4642,27.4563,27.4556,27.422,27.4482
161,1:17:55 PM,27.1754,27.1988,27.222,27.5305,27.3393,27.0777,27.3929,27.3164,27.5512,27.3623,27.2907,27.5203,27.4429,27.5099,27.3017,27.2141,27.3145,27.3931,27.3521,27.3541,27.4414,27.2851,27.3569,27.1156,27.0441,27.2575,27.4229,27.3081,27.3768,27.2793,27.4543,27.4147,27.4079,27.6666,27.4292,27.6567,27.4854,27.4194,27.5184,27.5217,27.3692,27.4772,27.6605,27.6311,27.4924,27.5874,27.5029,27.5298,27.0136,27.0101,27.4596,27.3785,27.4635,27.399,27.3378,27.399,27.2122,27.7358,27.6879,27.4155,27.1398,27.4229,27.5608,27.5992,27.25,27.4444,27.2044,27.0687,27.338,27.1555,27.7649,27.5299,27.6994,27.3694,27.1104,27.2224,27.2158,27.1025,27.7154,27.4321,27.2729,27.0951,27.3379,27.3292,27.0869,27.5435,27.5572,27.6764,27.528,26.974,27.2359,27.3182,27.3224,27.5372,26.8969,27.7311,27.4712,27.3805,27.3323,27.1264,27.126,27.2904,27.542,27.3691,27.0106,27.3206,27.2179,27.6023,27.7786,26.9245,28.2288,27.6317,27.5869,27.6547,27.3473,27.6474,27.3578,27.6724,27.5996,27.3168
162,1:18:15 PM,27.1487,27.0418,27.2538,27.405,27.308,27.0517,27.2278,27.4308,27.4437,27.2855,27.3808,27.3396,27.3448,27.7028,27.256,27.221,27.2732,27.4937,27.4649,27.3815,27.5179,27.3468,27.2634,27.138,27.0882,27.3008,27.7162,27.2849,27.2759,27.2098,27.2962,27.252,27.4744,27.6483,27.4541,27.5529,27.5091,27.5035,27.3896,27.6074,27.1945,27.3537,27.6754,27.7242,27.5618,27.4214,27.6687,27.4651,27.1063,27.0554,27.3154,27.2465,27.5056,27.2329,27.3422,27.5295,27.1704,27.6684,27.7899,27.4839,27.2212,27.3938,27.2513,27.6716,27.1949,27.4276,27.2289,27.0213,27.2657,27.2011,27.6687,27.5832,27.4975,27.2955,27.2502,27.1391,27.0708,27.0618,27.7251,27.4524,27.1111,27.1057,27.2295,27.5,27.202,27.5585,27.4158,27.8069,27.6324,27.0596,27.241,27.3122,27.1629,27.3941,26.875,27.8752,27.6124,27.3596,27.259,27.2193,27.2631,27.4269,27.4193,27.5176,27.0523,27.238,27.2916,27.4997,27.7386,26.9414,28.0944,27.6497,27.7844,27.4809,27.3205,27.6163,27.4707,27.593,27.7236,27.2465
163,1:18:35 PM,26.9716,27.1041,27.2532,27.4166,27.3586,27.0651,27.2304,27.4463,27.7086,27.3667,27.1282,27.3541,27.5306,27.5472,27.2152,27.2655,27.3441,27.2494,27.4372,27.3364,27.3321,27.5014,27.3558,27.0676,27.1043,27.324,27.5038,27.3805,27.1743,27.2151,27.3773,27.2989,27.5416,27.5458,27.443,27.5845,27.4881,27.3528,27.554,27.4189,27.2471,27.4627,27.7367,27.715,27.6018,27.4261,27.5483,27.5854,27.188,27.0253,27.4773,27.1921,27.6041,27.2963,27.2121,27.4038,27.062,27.5828,27.7713,27.1903,27.295,27.2167,27.1921,27.6046,27.0421,27.4063,27.2808,27.0758,27.1722,27.2322,27.7796,27.5679,27.5393,27.3043,27.1975,27.0886,27.0315,27.0914,27.7065,27.3808,27.2989,27.2849,27.3913,27.4417,27.0975,27.6059,27.4927,27.9037,27.5776,27.0309,27.3301,27.3591,27.2902,27.4502,26.9368,27.5708,27.5445,27.3747,27.2012,26.9129,27.2281,27.3267,27.5639,27.4417,27.0845,27.3714,27.3716,27.4855,27.6562,26.915,28.1191,27.8124,27.6469,27.5243,27.2657,27.49,27.454,27.6329,27.6176,27.4359
164,1:18:55 PM,27.1785,27.1321,27.2955,27.3766,27.1863,26.9651,27.1493,27.3854,27.4324,27.4188,27.2981,27.363,27.4649,27.5542,27.3613,27.3138,27.392,27.4043,27.5948,27.2164,27.2805,27.3179,27.3171,27.0333,27.0398,27.3154,27.6322,27.2574,27.4529,27.141,27.3745,27.3047,27.6635,27.6927,27.3262,27.3226,27.5026,27.5775,27.5446,27.6163,27.3138,27.3191,27.6814,27.7871,27.4088,27.3818,27.3734,27.6281,27.0675,26.9838,27.3881,27.2778,27.6352,27.1983,27.3101,27.3273,27.075,27.6267,27.575,27.3881,27.2159,27.277,27.26,27.6608,27.216,27.5099,27.2813,27.1688,27.4224,27.2055,27.738,27.5203,27.676,27.3943,27.1051,27.3146,27.2218,27.1344,27.7464,27.3011,27.2476,27.2517,27.1243,27.5088,27.2691,27.5731,27.5072,27.8438,27.655,26.9042,27.219,27.2072,27.2763,27.4583,26.9138,27.9259,27.6883,27.2718,27.1237,27.1234,27.2619,27.3852,27.4813,27.4758,27.1467,27.2338,27.1317,27.4944,27.6288,26.942,28.0664,27.7291,27.6698,27.5575,27.4545,27.6304,27.5293,27.6295,27.416,27.2809
165,1:19:15 PM,27.1064,27.1377,27.0817,27.4083,27.3926,27.0187,27.2268,27.374,27.6724,27.3639,27.4289,27.4882,27.4015,27.5046,27.1852,27.2183,27.3312,27.2041,27.4516,27.3398,27.4698,27.3757,27.2502,27.148,26.817,27.278,27.4431,27.3089,27.2582,27.1745,27.418,27.3105,27.5128,27.4734,27.3263,27.4952,27.4466,27.4403,27.5882,27.4966,27.2328,27.4063,27.7243,27.6671,27.4689,27.5739,27.5821,27.6352,27.0645,27.1204,27.2734,27.3252,27.4012,27.3719,27.3978,27.4107,27.1189,27.5953,27.5798,27.31,27.0918,27.3465,27.3032,27.5453,27.281,27.382,27.2497,27.016,27.1572,27.174,27.8125,27.5142,27.5198,27.3044,27.025,27.2478,27.1749,27.0691,27.5847,27.4053,27.1446,27.3545,27.3134,27.241,27.1011,27.626,27.6728,27.9493,27.682,27.0849,27.2846,27.2681,27.2578,27.5011,26.7487,27.8078,27.6507,27.3485,27.1157,27.0989,27.1775,27.2766,27.6043,27.3413,26.9752,27.2682,27.2382,27.4328,27.7932,26.8973,28.1295,27.6104,27.684,27.4908,27.4291,27.5587,27.5536,27.5359,27.6275,27.2651
166,1:19:35 PM,27.1336,27.1558,27.1397,27.344,27.2514,27.0516,27.1444,27.4942,27.4236,27.3369,27.2868,27.334,27.4023,27.4242,27.2449,27.2948,27.2546,27.5158,27.4316,27.4024,27.5263,27.3307,27.3397,27.0991,27.0696,27.4888,27.6111,27.3091,27.1995,27.1829,27.4051,27.2672,27.4916,27.595,27.4064,27.5427,27.5099,27.5722,27.486,27.4355,27.3912,27.4016,27.8062,27.7308,27.3792,27.5081,27.5696,27.5596,27.2307,26.9405,27.3277,27.1684,27.2554,27.1926,27.2994,27.551,27.2554,27.6408,27.6337,27.5369,27.0906,27.2409,27.303,27.5584,27.2888,27.3798,27.3571,26.9517,27.2614,27.1989,27.7582,27.6622,27.627,27.3168,27.2467,27.3405,27.2314,27.0571,27.743,27.123,27.2807,27.2845,27.3174,27.4645,27.14,27.5736,27.6359,27.8371,27.5997,26.8675,27.3416,27.189,27.2046,27.5904,26.8072,27.7338,27.6496,27.4443,27.2248,27.1711,27.2118,27.4101,27.5518,27.4414,27.0223,27.3686,27.2956,27.2774,27.737,26.7599,28.0476,27.6676,27.5564,27.396,27.2117,27.565,27.3193,27.5341,27.3976,27.2934
167,1:19:55 PM,27.1114,27.1408,27.0477,27.4471,27.1363,27.091,27.0363,27.3752,27.5387,27.3265,27.392,27.1919,27.4367,27.524,27.3846,27.2544,27.3116,27.2433,27.2653,27.3216,27.4045,27.4216,27.2738,26.9615,27.0237,27.2526,27.6342,27.2611,27.3838,27.1894,27.4255,27.3801,27.5402,27.5617,27.4578,27.5794,27.4621,27.6014,27.3757,27.4177,27.3736,27.5135,27.6366,27.6483,27.4261,27.5123,27.6418,27.5343,27.0589,27.0567,27.3907,27.228,27.4009,27.1436,27.3374,27.4087,27.2212,27.6555,27.4622,27.4639,27.2053,27.2034,27.1772,27.5842,27.4011,27.5043,27.292,27.0734,27.2416,27.2153,27.8127,27.6608,27.6843,27.2639,27.2286,27.2082,27.1491,27.0398,27.7241,27.2838,27.2153,27.4046,27.3092,27.524,27.201,27.7311,27.7259,27.6362,27.6751,26.8447,27.2719,27.3973,27.1196,27.606,26.8327,27.7878,27.7683,27.402,27.1137,27.0763,27.1688,27.341,27.6146,27.2982,27.0403,27.2552,27.2275,27.4317,27.721,26.6523,28.1901,27.614,27.6967,27.4616,27.394,27.6292,27.402,27.5372,27.5,27.2672
168,1:20:15 PM,26.9752,27.1162,27.1929,27.334,27.1577,26.9818,27.3355,27.4516,27.4449,27.4125,27.2162,27.3364,27.4431,27.3978,27.1801,27.2895,27.3269,27.2595,27.3648,27.1157,27.4386,27.5188,27.2985,27.1172,27.0711,27.2609,27.5805,27.2319,27.185,27.1761,27.3053,27.3219,27.5729,27.7871,27.4243,27.465,27.4082,27.5177,27.5553,27.451,27.2076,27.4417,27.5838,27.678,27.4817,27.5027,27.5213,27.6397,27.1429,27.0498,27.527,27.3734,27.361,27.0839,27.2889,27.3879,27.2031,27.4586,27.7146,27.2976,27.1922,27.1357,27.1926,27.7161,27.1061,27.2918,27.2292,27.1207,27.3263,27.1546,27.753,27.6221,27.5828,27.3932,27.1738,27.1461,27.0986,26.972,27.5532,27.3984,27.1156,27.3387,27.3582,27.4103,27.0857,27.6029,27.5305,27.7451,27.5468,27.1652,27.2313,27.0898,27.2256,27.3955,26.882,27.6916,27.6701,27.3488,27.0367,27.0998,27.2642,27.2955,27.5477,27.4511,27.2546,27.3618,27.368,27.3865,27.8146,26.7234,28.056,27.5749,27.6458,27.6219,27.3061,27.6699,27.5306,27.4355,27.7154,27.2137
169,1:20:35 PM,27.2149,27.228,27.2486,27.3293,27.2127,27.1627,27.2345,27.4009,27.5077,27.2724,27.2411,27.475,27.4909,27.5996,27.1847,27.3037,27.4206,27.2858,27.5015,27.2654,27.4991,27.3954,27.3132,27.1252,27.0707,27.3335,27.4496,27.338,27.1354,27.22,27.2864,27.3846,27.5947,27.565,27.3848,27.4819,27.3877,27.5636,27.4525,27.4023,27.2138,27.4186,27.7136,27.6744,27.4283,27.4901,27.6221,27.6584,26.9942,26.9379,27.3488,27.2341,27.2738,27.2612,27.4741,27.5249,27.2161,27.6221,27.7888,27.4867,27.0405,27.1727,27.3722,27.4837,27.218,27.4133,27.1284,26.9616,27.3314,27.1213,27.8028,27.5323,27.639,27.2529,27.0829,27.1637,27.0508,27.1266,27.5017,27.4066,27.1458,27.2529,27.3435,27.2971,27.261,27.539,27.5711,27.7402,27.598,26.9613,27.2501,27.2504,27.0541,27.4673,26.7002,27.7479,27.6971,27.4253,27.1973,27.0925,27.364,27.152,27.5577,27.5136,27.0848,27.2161,27.3015,27.3934,27.8313,26.8096,28.3218,27.6212,27.678,27.5375,27.4473,27.4656,27.4896,27.5524,27.57,27.2774
170,1:20:55 PM,27.042,27.1002,27.1186,27.2081,27.1137,27.0822,27.3032,27.4177,27.4135,27.302,27.2132,27.3201,27.5217,27.4093,27.3785,27.2299,27.3111,27.3995,27.5135,27.2223,27.4775,27.4458,27.3152,26.8828,26.8494,27.3348,27.5925,27.3,27.4125,27.1471,27.3896,27.368,27.6273,27.6697,27.347,27.6229,27.2944,27.6414,27.6075,27.5556,27.3258,27.4031,27.7416,27.7545,27.3961,27.4746,27.6415,27.8299,26.9913,26.9424,27.3097,27.2633,27.3378,27.1959,27.3133,27.5373,27.1739,27.6903,27.6798,27.3358,27.0986,27.2649,27.2108,27.5039,27.0276,27.231,27.1472,26.9606,27.206,27.163,27.7438,27.4152,27.5512,27.2937,27.0832,27.3117,27.0494,27.04,27.7327,27.2913,27.2506,27.2694,27.3259,27.4152,27.038,27.4887,27.4779,27.703,27.6703,26.9968,27.1749,27.3138,27.3603,27.4114,27.0215,27.6489,27.5736,27.3265,27.1813,27.0528,27.1949,27.3259,27.4657,27.4999,27.0327,27.1944,27.2108,27.5229,27.8298,26.8672,27.9971,27.6078,27.492,27.5763,27.3508,27.4611,27.3915,27.5571,27.4065,27.3114
171,1:21:15 PM,27.0793,27.1238,27.1898,27.2684,27.2796,27.1291,27.2447,27.259,27.315,27.3444,27.4244,27.4223,27.5401,27.4152,27.4513,27.2392,27.2383,27.3761,27.4775,27.333,27.5493,27.3935,27.2308,27.1155,26.8721,27.3227,27.6777,27.2692,27.2933,27.1167,27.3283,27.1982,27.4973,27.6005,27.4695,27.5495,27.4122,27.5168,27.4405,27.4864,27.1613,27.4979,27.6568,27.54,27.4946,27.4739,27.6151,27.5586,27.011,26.9523,27.4452,27.3057,27.3447,27.2312,27.196,27.4282,27.1376,27.679,27.694,27.4574,27.1449,27.2238,27.2225,27.5981,27.2277,27.4693,27.2785,26.9345,27.3404,27.2477,27.8478,27.7321,27.5444,27.3015,27.1557,27.2836,26.9508,27.1269,27.5886,27.3882,27.2877,27.1861,27.2686,27.4589,27.2695,27.6096,27.4585,27.6871,27.5725,26.9837,27.2237,27.21,27.2238,27.4848,26.8599,27.7603,27.7061,27.3681,27.2895,27.034,27.3228,27.2579,27.6372,27.3605,26.9932,27.2682,27.3458,27.4545,27.8016,26.7569,27.9809,27.766,27.5836,27.4227,27.2925,27.6307,27.4879,27.6169,27.4832,27.272
172,1:21:35 PM,27.0551,27.1167,27.3718,27.2944,27.2522,26.969,27.3184,27.3382,27.5289,27.1774,27.3673,27.4692,27.5018,27.5464,27.2931,27.1722,27.2341,27.4201,27.4649,27.2446,27.4329,27.3894,27.2151,27.1935,26.9537,27.3417,27.6578,27.397,27.3138,27.2077,27.3841,27.3881,27.5666,27.5347,27.3133,27.5745,27.5004,27.4088,27.4364,27.5382,27.2769,27.3959,27.6526,27.5717,27.485,27.5394,27.5553,27.5823,27.3412,27.0073,27.5185,27.2676,27.3526,27.0544,27.3854,27.4315,27.0034,27.6385,27.6215,27.2869,27.1818,27.3593,27.263,27.4657,27.1943,27.4484,27.211,26.9391,27.2602,27.1897,27.7665,27.6157,27.497,27.2465,27.0455,27.1411,27.0611,27.1508,27.5746,27.3311,27.2597,27.3166,27.4088,27.3854,27.028,27.6475,27.5503,27.8539,27.6686,26.881,27.3143,27.1415,27.1864,27.3721,26.7886,27.8483,27.6598,27.5283,27.1082,27.1504,27.1987,27.2743,27.4871,27.324,27.006,27.1862,27.3934,27.4005,27.7019,26.771,28.0733,27.5771,27.5676,27.5163,27.2988,27.4122,27.4616,27.4808,27.5801,27.4071
173,1:21:55 PM,26.9606,27.2847,27.1059,27.3714,27.2316,27.0386,27.2773,27.2388,27.3272,27.3753,27.2143,27.276,27.3643,27.332,27.2815,27.3255,27.1552,27.3717,27.4069,27.1956,27.452,27.3469,27.2653,26.9872,27.1139,27.3506,27.5333,27.278,27.2954,27.191,27.3729,27.3602,27.5312,27.5059,27.3139,27.4491,27.2738,27.5699,27.3157,27.2174,27.2851,27.4695,27.7988,27.8109,27.2676,27.432,27.5752,27.6413,27.0905,26.9961,27.5329,27.294,27.398,27.1792,27.3143,27.4314,27.3133,27.5981,27.6011,27.2019,27.1854,27.2687,27.4047,27.4515,27.2534,27.3106,27.2067,26.9359,27.2012,27.0262,27.7045,27.4997,27.5583,27.3007,27.1332,27.1419,27.0958,27.1081,27.7671,27.1869,27.1887,27.1868,27.2108,27.6911,27.2313,27.7496,27.5239,27.8831,27.6661,27.0614,27.2348,27.2745,27.2778,27.4621,26.7438,27.7529,27.7908,27.3809,27.0435,27.1856,27.1299,27.3809,27.3301,27.2825,26.9852,27.2786,27.2007,27.3931,27.8395,26.8584,28.1472,27.5953,27.7387,27.4836,27.4368,27.6393,27.4467,27.7799,27.5382,27.2475
174,1:22:15 PM,27.1742,27.149,27.1716,27.3857,27.1768,26.9672,27.2178,27.3834,27.4338,27.3639,27.316,27.3139,27.3841,27.5133,27.3789,27.2306,27.3956,27.3276,27.2539,27.3041,27.4726,27.4249,27.2145,27.1785,26.8531,27.3683,27.5265,27.3644,27.2755,27.1893,27.5117,27.4101,27.4968,27.5158,27.3449,27.416,27.4229,27.55,27.4613,27.5812,27.2774,27.3552,27.7383,27.7598,27.4528,27.4839,27.5213,27.5124,27.0036,27.0104,27.3976,27.3534,27.3639,27.3086,27.2932,27.3469,27.2155,27.611,27.6204,27.4434,27.1386,27.3141,27.2229,27.7091,27.2241,27.5296,27.0878,27.0646,27.4862,27.1139,27.7824,27.4714,27.5376,27.3616,27.1671,27.3014,27.1016,27.1141,27.5799,27.2346,27.1295,27.202,27.3167,27.3212,27.0328,27.7076,27.4663,27.9248,27.5929,26.8959,27.263,27.2603,27.3874,27.3358,26.8865,27.684,27.7646,27.4493,27.3296,27.1816,27.225,27.1713,27.5993,27.3195,26.9899,27.3828,27.1792,27.4894,27.7157,26.9534,28.0355,27.5204,27.533,27.7041,27.2259,27.5888,27.4047,27.6467,27.6012,27.4095
175,1:22:35 PM,27.0715,27.0121,26.9938,27.1913,27.1619,26.9803,27.3901,27.3999,27.5571,27.3513,27.3638,27.3539,27.555,27.4031,27.3526,27.1754,27.3395,27.322,27.5139,27.2539,27.5108,27.3691,27.1077,27.0761,26.8968,27.2684,27.5321,27.413,27.2543,27.0403,27.244,27.3899,27.524,27.6034,27.2604,27.4447,27.3365,27.4227,27.5268,27.4038,27.2913,27.4457,27.6625,27.6183,27.292,27.4611,27.4112,27.6074,27.1071,27.0275,27.3114,27.357,27.4738,27.122,27.3221,27.3624,27.1233,27.7972,27.6068,27.5091,27.104,27.2659,27.2916,27.4246,27.2147,27.4966,27.1259,27.1138,27.3893,27.0438,27.7125,27.56,27.5256,27.2971,27.0512,27.1155,27.1063,27.0243,27.6645,27.258,27.0637,27.1909,27.1771,27.4178,27.1648,27.5885,27.4726,27.6794,27.4583,27.0414,27.1132,27.267,27.44,27.3749,26.7622,27.9197,27.567,27.504,27.1529,27.2502,27.1387,27.486,27.4737,27.3565,27.0657,27.1899,27.0634,27.4355,27.8522,26.8115,28.1567,27.4928,27.6683,27.4628,27.3208,27.4311,27.5853,27.5259,27.516,27.2946
176,1:22:55 PM,27.1298,27.0945,27.1997,27.2743,27.1492,27.0917,27.2693,27.4825,27.649,27.3116,27.3277,27.345,27.3637,27.3908,27.3354,27.2382,27.2745,27.31,27.3712,27.1875,27.5487,27.2731,27.1222,27.1027,26.8673,27.3619,27.5823,27.3063,27.4175,27.2021,27.3076,27.3798,27.4376,27.6855,27.3202,27.3693,27.5777,27.5314,27.3559,27.4574,27.2942,27.2036,27.6141,27.7711,27.4271,27.5006,27.621,27.6914,27.0807,27.0518,27.3463,27.3046,27.5428,27.1712,27.2298,27.595,27.1923,27.6384,27.5551,27.3865,27.1596,27.3639,27.1841,27.5206,27.2032,27.2138,27.2079,27.1321,27.1097,27.0968,27.7559,27.543,27.5892,27.2876,27.0558,27.1581,27.3195,27.0292,27.5827,27.2729,27.1009,27.2987,27.3272,27.355,27.2223,27.6009,27.5373,27.8226,27.748,26.9215,27.2676,27.2957,27.2806,27.421,26.8688,27.7986,27.5419,27.4558,27.2749,27.1492,27.1726,27.4529,27.4496,27.3925,27.0046,27.1972,27.2641,27.6338,27.532,27.0368,28.0842,27.5465,27.5358,27.5456,27.246,27.3026,27.4349,27.5972,27.6272,27.2582
177,1:23:15 PM,27.0175,27.2342,27.0867,27.3463,27.233,27.0129,27.3415,27.5633,27.5512,27.275,27.2999,27.4248,27.4401,27.6167,27.4251,27.2823,27.3988,27.3679,27.546,27.3682,27.4335,27.2935,27.3093,27.0824,26.9397,27.3273,27.3885,27.3286,27.1568,27.0836,27.3748,27.3182,27.636,27.6965,27.3104,27.3672,27.4475,27.4899,27.3284,27.4352,27.1848,27.3455,27.6043,27.6401,27.3515,27.4938,27.4902,27.5815,27.0812,26.9538,27.3731,27.1521,27.3062,27.3444,27.3531,27.3857,27.0567,27.4377,27.5271,27.2199,27.2236,27.1332,27.3219,27.5873,27.0706,27.3682,27.3201,26.9309,27.2621,27.0701,27.9687,27.7043,27.53,27.3996,27.1883,27.2614,27.0807,26.8974,27.7241,27.3176,27.1864,27.3713,27.304,27.3207,27.0492,27.6439,27.3572,27.8002,27.6654,27.0255,27.2043,27.2909,27.3036,27.4737,26.852,27.8646,27.4786,27.3917,27.2217,27.1022,27.1867,27.3841,27.3547,27.3786,26.9746,27.1734,27.2102,27.5317,27.6283,26.7323,28.2936,27.5648,27.5848,27.4165,27.3398,27.459,27.4126,27.6314,27.6543,27.4369
178,1:23:35 PM,27.0492,27.3475,27.1725,27.3905,27.2189,26.9771,27.2229,27.3766,27.2586,27.2673,27.2551,27.3181,27.4685,27.377,27.263,27.132,27.2954,27.4104,27.3584,27.3088,27.5006,27.3988,27.2409,27.071,26.9719,27.4185,27.4482,27.2568,27.2414,27.2907,27.2423,27.1416,27.4678,27.7551,27.2633,27.7065,27.5406,27.4734,27.3964,27.2895,27.1652,27.3753,27.6451,27.8213,27.4217,27.3949,27.4492,27.6476,27.052,26.8777,27.3378,27.3726,27.3388,27.1095,27.2478,27.556,27.2928,27.5597,27.6573,27.2866,27.0516,27.2898,27.2754,27.6043,27.2847,27.5352,27.234,27.0366,27.3462,26.9985,27.6937,27.6731,27.4423,27.3969,27.0593,27.2217,27.1476,26.9723,27.5474,27.35,27.144,27.1343,27.4341,27.4519,27.0158,27.6526,27.4477,27.6678,27.5168,27.1799,27.2295,27.2584,27.3406,27.2953,26.8234,27.8559,27.6613,27.2513,27.0935,27.1051,27.1848,27.2899,27.4649,27.3623,26.8929,27.2541,27.1823,27.4873,27.7274,26.7628,28.0819,27.5671,27.6369,27.5709,27.2389,27.4932,27.3956,27.5053,27.533,27.3621
179,1:23:55 PM,27.1508,27.1938,27.1537,27.2382,27.1821,27.0881,27.0726,27.3153,27.4321,27.167,27.311,27.2857,27.41,27.5352,27.2916,27.2351,27.3343,27.2643,27.278,27.3008,27.5152,27.4051,27.1854,27.0046,26.9216,27.306,27.727,27.151,27.2132,27.0886,27.2513,27.3137,27.4162,27.5245,27.3237,27.5747,27.6258,27.4602,27.3693,27.4894,27.0649,27.3198,27.8091,27.5432,27.3836,27.388,27.6558,27.6508,27.0131,27.0798,27.4443,27.3156,27.4424,27.1793,27.3057,27.3696,27.0977,27.5628,27.5296,27.2215,27.1752,27.1985,27.1204,27.6289,27.1208,27.5429,27.286,26.9845,27.3457,27.0843,27.8569,27.6083,27.4742,27.2743,27.0645,27.2466,27.1582,26.9852,27.5945,27.3617,27.3266,27.1946,27.2141,27.4803,27.1624,27.4679,27.5223,27.7839,27.6413,27.0847,27.3067,27.3758,27.211,27.4168,26.764,27.6435,27.6993,27.4429,27.1701,27.0646,27.184,27.3786,27.384,27.329,27.0869,27.3379,27.3397,27.4846,27.691,26.9031,28.1575,27.5653,27.6046,27.4155,27.4119,27.4674,27.3662,27.4298,27.7524,27.4221
180,1:24:15 PM,27.0081,27.146,27.0516,27.1272,27.096,26.9501,27.2785,27.3079,27.3316,27.2488,27.2167,27.3284,27.5251,27.4485,27.1248,27.2625,27.2458,27.3004,27.3758,27.1375,27.4169,27.5325,27.2558,27.1195,27.0504,27.3229,27.5207,27.3042,27.2101,27.1909,27.4686,27.2973,27.3374,27.6723,27.4299,27.4133,27.433,27.4803,27.3596,27.4098,27.2343,27.5139,27.6892,27.504,27.3584,27.3876,27.4355,27.6621,27.328,26.8246,27.6097,27.2183,27.3369,27.1228,27.2235,27.4473,27.2092,27.4909,27.6378,27.4268,27.1411,27.1573,27.2683,27.5504,27.1762,27.3719,27.3007,26.9885,27.2844,27.0477,27.7205,27.5254,27.6014,27.2165,27.0398,27.3063,27.0835,27.1274,27.4661,27.149,27.0158,27.1987,27.2138,27.3086,27.0194,27.5618,27.4256,27.8177,27.6247,26.8463,27.2249,27.358,27.3203,27.4409,26.7711,27.7488,27.6012,27.2711,27.2606,27.0995,27.2486,27.311,27.512,27.3261,26.9724,27.3216,27.3013,27.4423,27.7228,26.6994,28.181,27.45,27.5116,27.5314,27.2728,27.6558,27.5023,27.6222,27.4541,27.2562
181,1:24:35 PM,27.0448,27.1281,27.2445,27.4341,27.2511,27.2588,27.1122,27.196,27.3746,27.1734,27.2457,27.2414,27.3248,27.5465,27.132,27.1633,27.3636,27.3375,27.4092,27.1708,27.615,27.3606,27.3089,27.0936,26.9054,27.3423,27.4308,27.3433,27.3477,27.1262,27.4472,27.2938,27.5036,27.6454,27.3934,27.5974,27.3083,27.4479,27.5086,27.4827,27.2836,27.517,27.6105,27.6629,27.4696,27.4654,27.5957,27.461,27.1401,26.9216,27.2783,27.2843,27.2899,27.2148,27.1644,27.5299,27.1421,27.7449,27.5747,27.4477,27.2083,27.3518,27.296,27.557,27.221,27.4752,27.2153,27.0442,27.3298,27.1826,27.6622,27.5,27.5628,27.2591,27.0889,27.0914,27.1895,27.0189,27.6878,27.365,27.1164,27.276,27.1189,27.546,27.1189,27.6065,27.4561,27.6539,27.4094,27.0994,27.1946,27.2078,27.3514,27.5741,26.7634,27.7915,27.518,27.2588,27.1603,27.0922,27.2351,27.3205,27.4628,27.325,26.9692,27.3664,27.1993,27.3461,27.6322,26.876,28.0811,27.5362,27.5418,27.3896,27.2415,27.4988,27.3426,27.5807,27.5735,27.2914
182,1:24:55 PM,27.0355,27.1709,27.2933,27.2116,27.1391,27.0143,27.1748,27.2539,27.4932,27.2173,27.4285,27.2649,27.4441,27.3135,27.2453,27.1985,27.2228,27.5659,27.4453,27.0635,27.5453,27.3486,27.266,26.8945,26.9191,27.2771,27.6172,27.3483,27.3226,27.0873,27.3237,27.2571,27.4561,27.5264,27.3645,27.5613,27.5074,27.5028,27.3456,27.4205,27.127,27.5148,27.6958,27.7725,27.3006,27.2846,27.6523,27.7078,26.9991,26.9498,27.4236,27.2656,27.4506,27.0332,27.1343,27.5122,27.1139,27.6291,27.4818,27.4059,27.1226,27.181,27.1111,27.563,27.3552,27.3623,27.2267,26.8744,27.0726,26.9682,27.7394,27.7584,27.6679,27.2253,27.0953,27.2535,27.1506,27.0506,27.6569,27.176,27.0884,27.1888,27.241,27.3582,27.0797,27.535,27.395,27.7254,27.6878,26.9865,27.234,27.2641,27.1674,27.4224,26.8698,27.6703,27.6003,27.3587,27.1663,27.037,27.2426,27.4599,27.4115,27.2809,27.0209,27.233,27.1744,27.4515,27.7438,26.7589,28.2656,27.5143,27.5801,27.4371,27.2937,27.5981,27.4465,27.4298,27.363,27.2856
183,1:25:15 PM,27.1337,27.0945,27.1698,27.0989,27.1901,26.9378,27.3797,27.3323,27.4611,27.2006,27.3178,27.4302,27.3868,27.3462,27.2723,27.2102,27.399,27.4829,27.2969,27.1946,27.6102,27.3688,27.3432,27.1244,26.8495,27.2127,27.7377,27.3539,27.4451,27.0474,27.3599,27.3722,27.5326,27.494,27.1589,27.5688,27.4511,27.4544,27.4574,27.4713,27.1162,27.2975,27.6819,27.7234,27.4373,27.4736,27.4683,27.4343,27.1642,26.9967,27.3487,27.2348,27.2178,27.0636,27.3289,27.3715,27.1476,27.6592,27.6023,27.4077,27.0301,27.2818,27.3112,27.5253,27.0159,27.2425,27.162,27.0881,27.1562,27.08,27.8394,27.7842,27.6763,27.2545,27.1511,27.1369,27.0903,27.0301,27.5605,27.2828,27.3589,27.2533,27.3326,27.3309,26.9969,27.7006,27.3819,27.8996,27.5827,26.9029,27.1989,27.2991,27.1782,27.4107,26.6508,27.6286,27.5643,27.5677,27.0945,27.067,27.2327,27.3192,27.4681,27.297,26.9273,27.2877,27.2035,27.318,27.734,26.925,28.2333,27.4072,27.6493,27.6375,27.2089,27.5709,27.3929,27.5196,27.529,27.2729
184,1:25:35 PM,27.1616,27.3956,27.2311,27.2107,27.212,27.0223,27.366,27.4861,27.2787,27.225,27.3218,27.3317,27.4894,27.5319,27.1756,27.2879,27.2601,27.2228,27.4382,27.3208,27.4288,27.3604,27.089,27.0081,26.9448,27.3503,27.646,27.2504,27.371,27.2215,27.3231,27.1824,27.5506,27.689,27.2598,27.3784,27.4831,27.4236,27.4064,27.4262,27.2625,27.4347,27.6198,27.7098,27.3637,27.5122,27.5188,27.4425,27.0873,27.0043,27.2752,27.2064,27.3275,27.211,27.1968,27.4614,27.1915,27.642,27.5946,27.3469,27.0951,27.1679,27.2924,27.5754,27.1587,27.3884,27.2186,26.9469,27.2667,26.9576,27.7322,27.4815,27.3611,27.3723,27.0715,27.2084,27.1371,27.0288,27.5025,27.2022,27.0538,27.1813,27.2954,27.3637,26.9866,27.7155,27.4523,27.6745,27.5612,26.7764,27.1351,27.1419,27.2132,27.2961,26.7433,27.7138,27.5556,27.392,27.1099,27.0136,27.3277,27.4675,27.4206,27.3832,27.0606,27.407,27.1322,27.379,27.7227,26.8857,28.0084,27.4907,27.4771,27.4795,27.3054,27.5067,27.4053,27.6531,27.4219,27.2077
185,1:25:55 PM,26.9492,27.0679,27.128,27.3643,27.2001,27.0127,27.3652,27.3553,27.3581,27.1795,27.2839,27.4186,27.4373,27.5568,27.3461,27.176,27.5731,27.3215,27.2933,27.2435,27.4715,27.2715,27.2693,27.1004,26.9664,27.3066,27.5664,27.2303,27.3073,27.0884,27.4135,27.1818,27.5452,27.4615,27.2959,27.4637,27.3942,27.4901,27.5606,27.4476,27.2199,27.3481,27.6369,27.7405,27.2891,27.3728,27.5076,27.6949,27.0629,27.0165,27.5228,27.3165,27.3069,27.1252,27.3189,27.4492,27.0227,27.4724,27.4658,27.2682,27.1457,27.282,27.223,27.4619,27.1224,27.5087,27.1735,26.9717,27.1464,27.099,27.6751,27.5937,27.4785,27.2959,27.0087,27.1506,27.1393,26.9817,27.6387,27.2245,27.2233,27.189,27.2539,27.4192,27.0063,27.4941,27.552,27.7176,27.5891,27.0197,27.2715,27.2581,27.1788,27.3569,26.7018,27.7725,27.5645,27.5023,27.0632,26.8547,27.2941,27.2503,27.4281,27.3701,26.9671,27.1492,27.1033,27.4609,27.6485,26.8704,28.074,27.4911,27.5004,27.2561,27.3,27.6454,27.3909,27.7428,27.5088,27.2476
186,1:26:15 PM,27.164,27.099,27.1282,27.2526,27.1581,26.9426,27.2758,27.3676,27.468,27.2359,27.3857,27.3368,27.3205,27.4703,27.2562,27.2169,27.3629,27.3335,27.4989,27.3925,27.6249,27.4491,27.2939,27.1482,26.8521,27.2012,27.3835,27.2942,27.1153,27.0625,27.2885,27.2507,27.6612,27.5889,27.3381,27.3662,27.4271,27.39,27.291,27.4789,27.2449,27.2077,27.7433,27.6102,27.3009,27.3824,27.5825,27.5349,27.1113,26.9337,27.3885,27.3886,27.1826,27.0494,27.2752,27.3966,27.0828,27.5696,27.551,27.207,27.1255,27.2394,27.2491,27.4346,27.1157,27.2955,27.0048,26.951,27.1977,27.0279,27.7045,27.5907,27.5627,27.2662,26.9991,27.1604,27.0944,26.8902,27.5287,27.2592,27.0488,27.2533,27.3644,27.2624,27.1292,27.6614,27.6153,27.7325,27.5993,27.0062,27.0197,27.1926,27.1848,27.561,26.8303,27.8665,27.6508,27.3249,27.1417,26.9294,27.1795,27.2955,27.5027,27.3808,27.0777,27.2233,27.3137,27.486,27.7056,26.6965,28.0481,27.6349,27.5025,27.48,27.1741,27.613,27.3887,27.7057,27.4442,27.1235
187,1:26:35 PM,27.1709,27.0901,27.293,27.3274,27.2178,27.0953,27.2205,27.4685,27.4822,27.2332,27.1393,27.4087,27.5036,27.3817,27.2004,27.224,27.2214,27.3568,27.3769,27.1965,27.6299,27.4318,27.2433,27.0272,27.0058,27.2352,27.5912,27.1785,27.2705,27.0047,27.3894,27.3075,27.54,27.5191,27.3678,27.3771,27.462,27.5231,27.5317,27.4296,27.3035,27.4201,27.6244,27.6127,27.4365,27.43,27.4993,27.5871,27.0759,26.9752,27.3709,27.2844,27.3148,27.0361,27.1185,27.379,27.1108,27.5679,27.4886,27.2516,27.1995,27.0958,27.1873,27.4806,27.1306,27.4141,27.2198,27.0278,27.1403,27.1642,27.7027,27.5151,27.5546,27.3437,26.9426,27.1462,27.179,26.9605,27.4715,27.2696,27.1127,27.2192,27.3851,27.3787,27.1408,27.5977,27.4942,27.713,27.4746,27.0316,27.1717,27.0718,27.1555,27.3496,26.6673,27.7773,27.7348,27.3855,27.0984,26.9443,27.2973,27.2523,27.4156,27.3966,26.9944,27.1617,27.3056,27.3793,27.7536,26.7696,28.2618,27.6446,27.4697,27.4011,27.2741,27.4821,27.3695,27.6317,27.4121,27.1873
188,1:26:55 PM,27.1855,27.069,27.0302,27.3905,27.2235,27.0429,27.1685,27.3843,27.32,27.224,27.3203,27.4324,27.4263,27.4387,27.1952,27.2443,27.1337,27.3253,27.3068,27.2549,27.5314,27.2699,27.3114,26.9972,26.9712,27.3348,27.5035,27.2248,27.2162,27.1537,27.3507,27.316,27.5463,27.4792,27.3499,27.5558,27.3964,27.5246,27.3317,27.4852,27.2173,27.2577,27.7622,27.7925,27.4025,27.4705,27.2535,27.7422,26.9841,26.7894,27.5909,27.2949,27.2511,27.0293,27.1268,27.4759,27.1981,27.4472,27.6044,27.2105,27.0916,27.3173,27.0715,27.547,27.0575,27.5369,27.3226,26.9452,27.3674,27.2774,27.677,27.6183,27.4368,27.1377,27.0713,27.1217,27.1924,27.0908,27.6278,27.3165,27.1406,27.1874,27.1201,27.4513,27.0409,27.5058,27.7369,27.854,27.4469,26.8967,27.0237,27.2625,27.1675,27.3417,26.9011,27.8984,27.6536,27.4263,26.9985,27.0442,27.2433,27.1881,27.2732,27.3014,26.9942,27.331,27.0648,27.3016,27.665,26.9066,27.985,27.6424,27.5878,27.4391,27.1535,27.4269,27.4143,27.4803,27.5276,27.2801
189,1:27:15 PM,26.9837,27.1685,27.1616,27.1878,27.1784,27.0772,27.1168,27.4595,27.3817,27.2651,27.3153,27.3232,27.2467,27.3328,27.2582,27.3313,27.2562,27.4726,27.3751,27.2029,27.5203,27.3704,27.2382,27.055,27.0023,27.323,27.4966,27.302,27.2348,26.924,27.2982,27.3407,27.5346,27.5521,27.3738,27.5617,27.3909,27.335,27.4237,27.3508,27.3132,27.3074,27.5299,27.67,27.3155,27.5793,27.5061,27.6397,27.0544,26.9742,27.3594,27.2795,27.376,27.0868,27.1483,27.4212,27.0631,27.6349,27.6145,27.2817,27.1505,27.1923,27.2261,27.587,27.3031,27.3493,27.213,27.0506,27.2547,27.0174,27.7859,27.5055,27.4516,27.3426,27.1992,27.3376,27.1363,26.8871,27.5802,27.3379,27.0131,27.2736,27.3036,27.4294,27.0777,27.4949,27.6397,28.0088,27.3983,27.0597,27.3181,27.3681,27.3525,27.3039,26.8127,27.6089,27.5952,27.3193,27.1861,26.8975,27.1877,27.3226,27.4604,27.1568,27.0156,27.3708,27.1409,27.317,27.7498,26.8117,28.2468,27.5096,27.6751,27.3525,26.98,27.4948,27.4593,27.6951,27.5574,27.3397
190,1:27:35 PM,27.2269,27.1363,27.1689,27.2913,27.1611,27.149,27.3283,27.4662,27.3975,27.1264,27.2814,27.5065,27.3799,27.3244,27.2317,27.2805,27.401,27.3873,27.4031,27.0685,27.501,27.382,27.1906,27.1347,27.0451,27.3936,27.4373,27.1538,27.4224,27.0284,27.3304,27.3291,27.5884,27.568,27.1975,27.4726,27.4247,27.3476,27.2307,27.4348,27.258,27.1819,27.6628,27.6535,27.4692,27.4265,27.4825,27.4939,27.0973,26.8674,27.4888,27.2835,27.1885,26.9919,27.2014,27.4823,27.1289,27.5042,27.6416,27.2759,27.2164,27.2822,27.3103,27.4948,27.1639,27.4192,27.114,27.0586,27.0504,27.0801,27.8311,27.53,27.5023,27.2375,27.0322,27.1747,27.0817,26.9358,27.5092,27.2082,27.2333,27.2405,27.3586,27.3035,26.9258,27.4956,27.4662,27.6588,27.4267,26.9961,27.2391,27.323,27.2566,27.4615,26.8409,27.8194,27.5392,27.4771,26.9955,27.0044,27.1289,27.4032,27.3937,27.42,26.9212,27.3028,27.1635,27.4354,27.8381,26.8402,28.2775,27.4936,27.5124,27.3343,27.1375,27.5423,27.3976,27.5257,27.38,27.1385
191,1:27:55 PM,27.0052,27.1331,27.0707,27.2939,27.2123,26.9998,27.279,27.3176,27.3479,27.3311,27.2359,27.4119,27.4661,27.5667,27.2396,27.2719,27.3158,27.3064,27.2336,27.1642,27.3953,27.4107,27.291,27.026,26.8338,27.1584,27.4427,27.246,27.1902,27.1843,27.3182,27.3577,27.5094,27.5645,27.2448,27.353,27.416,27.5237,27.4476,27.4688,27.2491,27.3425,27.5752,27.6012,27.3768,27.2991,27.5655,27.6907,26.9732,26.8467,27.3929,27.3976,27.4275,27.1818,27.0351,27.5503,27.17,27.4659,27.5307,27.2995,27.1923,27.1714,27.2109,27.534,27.1671,27.232,27.2905,26.9963,27.3465,27.148,27.7009,27.5689,27.5113,27.2441,26.9743,27.1485,27.1117,27.0542,27.6112,27.3638,27.2328,27.2144,27.2338,27.4808,27.1469,27.6426,27.382,27.7708,27.4438,27.0256,27.1809,27.2797,27.3045,27.2855,26.7816,27.8419,27.7316,27.2809,27.1017,27.0204,27.1651,27.296,27.4696,27.2742,26.8454,27.2545,27.2422,27.4184,27.7472,26.9561,27.9066,27.5888,27.5752,27.3779,27.072,27.366,27.4181,27.5556,27.5604,27.1559
192,1:28:15 PM,27.0768,27.2491,27.1702,27.2656,27.0993,27.0643,27.2336,27.1636,27.4013,27.3005,27.3303,27.3616,27.3281,27.3897,27.3532,27.1212,27.4234,27.3414,27.3621,27.0758,27.4102,27.4068,27.0932,27.0899,26.8703,27.297,27.6026,27.2234,27.3233,27.1022,27.2641,27.3154,27.4557,27.595,27.2812,27.6379,27.3941,27.656,27.4222,27.3452,27.0023,27.496,27.7581,27.5188,27.3953,27.42,27.4845,27.4708,27.039,26.8418,27.4074,27.1267,27.2569,27.0833,27.289,27.4366,27.0734,27.5449,27.4855,27.2529,27.1946,27.0955,27.1952,27.5112,27.1148,27.4177,27.2679,26.9926,27.0985,26.9619,27.8394,27.5384,27.5891,27.2635,26.907,27.1602,27.2696,26.9401,27.6516,27.282,27.1522,27.2909,27.3231,27.382,26.9682,27.6287,27.5113,27.6473,27.4292,26.8906,27.1332,27.2319,27.3703,27.3872,26.6732,27.8075,27.6508,27.368,27.1246,26.9858,27.1973,27.2206,27.3193,27.2794,26.9152,27.2878,27.1423,27.3868,27.6652,26.6534,28.212,27.5204,27.4488,27.5168,27.1257,27.5075,27.3007,27.526,27.5115,27.2197
193,1:28:35 PM,27.28,27.1795,27.3284,27.1183,27.1645,27.041,27.1943,27.6389,27.349,27.2152,27.3527,27.3411,27.2287,27.4744,27.2677,27.2863,27.3834,27.3563,27.3904,27.3015,27.4694,27.3251,27.2709,26.8913,26.9036,27.2435,27.5856,27.2055,27.3494,27.0919,27.2076,27.3551,27.5302,27.5245,27.2733,27.5336,27.3412,27.6545,27.3953,27.5058,27.1836,27.3911,27.7641,27.5887,27.2812,27.3793,27.5624,27.4462,26.8782,26.8568,27.3902,27.3367,27.2308,27.0209,27.1236,27.4125,27.0729,27.4917,27.4317,27.3316,27.171,27.1559,27.1963,27.5326,26.9872,27.469,27.1923,27.0439,27.1698,27.0838,27.6945,27.6197,27.5107,27.2874,27.0801,27.2407,27.1187,26.9974,27.5514,27.2128,27.1703,27.1623,27.2166,27.3798,27.1467,27.503,27.4938,27.5473,27.559,26.9317,27.1984,27.2041,27.1563,27.3094,26.7453,27.7113,27.6935,27.505,27.1595,26.8433,27.1547,27.3605,27.4941,27.2534,26.9284,27.1852,27.3628,27.3791,27.7738,26.9709,28.1996,27.509,27.5451,27.3577,27.2639,27.4239,27.3348,27.4763,27.4672,27.0722
194,1:28:55 PM,27.1968,27.096,27.1108,27.2405,27.1775,27.0942,27.1852,27.3329,27.2991,27.2186,27.3247,27.3468,27.3173,27.3827,27.12,26.9836,27.4056,27.2425,27.5056,27.2891,27.2933,27.4425,27.2492,27.0352,26.9057,27.2621,27.5956,27.2434,27.345,27.0527,27.3402,27.4075,27.6482,27.5826,27.2725,27.4429,27.4034,27.4814,27.384,27.309,27.3077,27.3676,27.547,27.6121,27.2128,27.5259,27.4733,27.5948,26.8768,26.843,27.4908,27.1398,27.3164,26.9863,27.0237,27.4027,27.262,27.4371,27.5603,27.3098,27.1891,27.263,27.2708,27.5068,26.9394,27.3258,27.1359,26.8975,27.2786,26.9964,27.7356,27.5131,27.4806,27.1652,26.9239,27.0887,27.1625,26.9868,27.596,27.3335,27.2015,27.182,27.2834,27.4152,26.9322,27.5871,27.5629,27.7162,27.496,26.8668,27.2965,27.3814,27.2798,27.3152,26.6063,27.7223,27.6118,27.3269,26.9909,26.9236,27.2262,27.2033,27.3931,27.268,26.8688,27.1788,27.0507,27.2496,27.7003,26.7271,28.0103,27.5827,27.4425,27.3824,27.1947,27.4765,27.3349,27.6294,27.3866,27.1324
195,1:29:15 PM,27.1725,27.0776,27.0837,27.2423,27.2162,27.0996,27.1723,27.4464,27.3861,27.1604,27.3444,27.3649,27.4279,27.4202,27.3143,27.227,27.1769,27.3682,27.4056,27.0366,27.5298,27.4506,27.2713,27.1344,26.8792,27.2409,27.4761,27.3281,27.3613,26.8864,27.3244,27.3598,27.4864,27.4705,27.2654,27.7045,27.2842,27.5046,27.4059,27.4661,27.1453,27.4038,27.6511,27.6228,27.3263,27.3975,27.5697,27.6063,27.0309,26.9176,27.4969,27.1879,27.2572,27.0726,27.2067,27.3317,27.1838,27.4881,27.7184,27.3061,27.1353,27.1556,27.2459,27.5224,27.1392,27.4509,27.2782,26.9219,27.2754,27.0945,27.8305,27.5021,27.4937,27.2652,27.0489,27.1685,26.9146,27.067,27.6366,27.2064,27.114,27.2527,27.1536,27.3897,27.0165,27.6149,27.5761,27.7204,27.5787,26.795,27.2275,27.2939,27.1789,27.3635,26.7569,27.7668,27.7582,27.2573,27.2395,27.0477,27.1955,27.3362,27.3636,27.2601,27.0228,27.1861,27.2297,27.3041,27.6913,26.7237,28.1723,27.4782,27.5708,27.1953,27.0828,27.4326,27.3523,27.598,27.5875,27.2227
196,1:29:35 PM,27.1648,27.228,27.2501,27.162,27.1801,26.9987,27.1668,27.3575,27.3906,27.4146,27.3646,27.3111,27.2983,27.3784,27.1586,27.1447,27.1682,27.4786,27.4852,27.1564,27.5072,27.2811,27.2591,26.95,26.9015,27.2964,27.5115,27.2598,27.2493,27.0481,27.3093,27.2005,27.3769,27.6739,27.0762,27.486,27.3433,27.4667,27.4346,27.249,27.2062,27.3534,27.6848,27.7035,27.3386,27.363,27.4805,27.4688,27.0718,26.7874,27.5262,27.2808,27.3811,27.1096,27.1721,27.3617,27.1154,27.3338,27.7168,27.0768,27.2843,27.2788,27.1279,27.5313,27.135,27.4756,27.2282,26.9515,27.2332,27.0221,27.7295,27.4956,27.491,27.2213,26.9855,27.2185,27.0793,27.1077,27.531,27.3596,27.0597,27.3716,27.189,27.2975,26.9713,27.5434,27.4595,27.662,27.5132,26.9203,27.1094,27.3312,27.2806,27.1936,26.7445,27.7772,27.7168,27.2455,27.0952,27.0517,27.177,27.2029,27.4245,27.3025,27.0617,27.3129,27.0374,27.2451,27.6205,26.6936,28.1393,27.5108,27.4406,27.3742,27.0931,27.1805,27.2953,27.4856,27.4217,27.1336
197,1:29:55 PM,27.1046,27.2311,27.1925,27.2678,27.11,27.1171,27.4822,27.2513,27.3562,27.3277,27.4752,27.1089,27.5361,27.4383,27.2028,27.2921,27.3274,27.2789,27.459,27.1499,27.5089,27.2715,27.399,26.8669,26.8668,27.187,27.554,27.2208,27.1845,27.0915,27.2655,27.1912,27.4015,27.5406,27.2634,27.6303,27.4091,27.4544,27.3629,27.3672,27.257,27.3882,27.3953,27.5564,27.1225,27.2946,27.4308,27.5378,26.9796,26.9975,27.5225,27.4096,27.3778,27.0321,27.2151,27.5074,27.1245,27.5597,27.627,27.1771,27.1775,27.2304,27.2049,27.5482,26.9788,27.4087,27.2767,26.7298,27.1437,27.153,27.7095,27.3914,27.4714,27.2086,26.9193,27.2674,27.0944,26.7795,27.4581,27.1798,27.1202,27.1666,27.3451,27.3057,27.0072,27.5666,27.4251,27.6882,27.5788,26.9493,27.1005,27.2352,27.1852,27.3089,26.7915,27.9291,27.6506,27.4302,27.0572,26.9213,27.0365,27.3584,27.4531,27.161,26.8192,27.2044,27.0323,27.5027,27.5964,26.8729,28.103,27.58,27.6497,27.406,27.1389,27.4984,27.424,27.5885,27.3245,27.2367
198,1:30:15 PM,27.0707,27.1072,27.1942,27.3283,27.2192,27.0771,27.1315,27.2431,27.461,27.1783,27.3176,27.4119,27.4283,27.4314,27.1427,27.204,27.3018,27.2476,27.2171,27.0913,27.5278,27.3803,27.1896,26.9433,26.876,27.25,27.4658,27.2632,27.1685,27.0296,27.1241,27.309,27.4339,27.5981,27.3258,27.5127,27.3913,27.3721,27.3738,27.2012,27.1905,27.4759,27.6926,27.6719,27.1514,27.3497,27.5411,27.6223,27.0916,26.975,27.574,27.3002,27.1196,27.0483,27.092,27.3418,27.0587,27.5509,27.5648,27.1765,27.1449,27.1549,27.1936,27.4182,27.2239,27.6386,27.2274,26.936,27.3108,27.0209,27.8097,27.4849,27.3226,27.3441,26.9707,27.1183,27.0528,27.1167,27.4751,27.0096,27.083,27.1382,27.3782,27.3294,27.0878,27.4909,27.5047,27.6697,27.5859,26.798,27.1689,27.134,27.2697,27.3725,26.6877,27.5959,27.4471,27.2671,27.2297,26.9799,27.3845,27.2197,27.4353,27.264,26.888,27.2644,27.0758,27.3237,27.6244,26.7791,28.1837,27.5658,27.5955,27.2372,27.1179,27.5158,27.2757,27.6167,27.3801,27.1231
199,1:30:35 PM,27.1296,27.0893,27.1554,27.2332,27.2068,27.0671,27.0771,27.414,27.411,27.1129,27.1958,27.388,27.4274,27.4366,27.2708,27.2303,27.3335,27.3692,27.3938,27.0947,27.3761,27.3414,27.2447,27.0539,26.7945,27.284,27.6271,27.2185,27.1525,26.909,27.2283,27.3445,27.4155,27.6072,27.1867,27.4939,27.4135,27.4975,27.3789,27.3217,27.1625,27.3318,27.623,27.5636,27.4587,27.3983,27.6202,27.4374,27.193,26.7664,27.3773,27.1838,27.2191,26.9381,27.1716,27.3092,27.2413,27.5324,27.6256,27.1738,27.3451,27.2159,27.2236,27.5113,27.1118,27.4434,27.1585,26.9512,27.1451,26.9479,27.82,27.6983,27.5206,27.2418,26.8722,27.0698,27.077,26.909,27.5961,27.2529,27.0111,27.1642,27.3578,27.3784,27.0466,27.5078,27.5082,27.7463,27.581,26.9388,27.2995,27.2791,27.1891,27.3728,26.6327,27.7917,27.7341,27.2647,27.307,26.9658,27.1987,27.2301,27.3566,27.3854,27.0283,27.1976,27.0669,27.2959,27.6637,26.8244,28.1264,27.5419,27.4885,27.4683,27.0628,27.5226,27.3265,27.4859,27.55,27.2045
200,1:30:55 PM,27.2515,27.1406,27.1242,27.3162,27.0251,27.0311,27.2135,27.4955,27.2819,27.3061,27.3244,27.4027,27.487,27.3794,27.351,27.3,27.1009,27.2767,27.437,27.2225,27.5469,27.4684,27.4035,26.9587,26.9166,27.2741,27.5331,27.3356,27.2286,26.9812,27.2177,27.3602,27.3882,27.641,27.2853,27.4296,27.3955,27.4722,27.4154,27.3956,27.2134,27.4471,27.6392,27.7001,27.3482,27.5307,27.5989,27.3896,26.9718,26.8885,27.3995,27.2874,27.2908,26.8996,27.0403,27.3561,27.1252,27.5344,27.7558,27.283,27.1143,27.1996,27.2255,27.4766,27.0273,27.2693,27.2271,26.8959,27.0648,27.0988,27.7666,27.5084,27.4458,27.121,27.0172,27.2088,26.8638,27.1722,27.5577,27.1966,27.1898,27.2263,27.2563,27.4632,27.0658,27.5057,27.4918,27.744,27.6005,26.9528,27.0673,27.2187,27.4541,27.2947,26.6302,27.6845,27.6568,27.2393,27.0805,27.0272,27.1939,27.2648,27.4517,27.1862,26.9259,27.2758,27.1351,27.4233,27.631,26.7877,27.9591,27.4469,27.5179,27.4126,27.0961,27.4883,27.3867,27.5026,27.4589,27.0261
201,1:31:15 PM,27.1465,27.1472,27.0859,27.2335,27.1699,27.1276,27.2104,27.2154,27.2365,27.0711,27.2039,27.3642,27.2223,27.2524,27.0927,27.3183,27.2263,27.3356,27.2956,27.1614,27.5697,27.3894,27.1521,26.9621,26.8491,27.265,27.5363,27.2508,27.193,27.2095,27.2058,27.186,27.5239,27.4948,27.1777,27.456,27.4198,27.5242,27.3329,27.4343,27.103,27.4169,27.6496,27.7348,27.3198,27.4139,27.568,27.3931,26.9654,26.935,27.4427,27.4128,27.2682,27.0227,27.0754,27.3698,27.2563,27.4593,27.5549,27.2849,27.1189,27.2299,27.2884,27.4057,27.0375,27.2833,27.2154,27.0626,27.1463,26.9592,27.8231,27.562,27.4448,27.1999,27.0323,27.2384,26.9988,26.8983,27.5981,27.2114,27.0858,27.2116,27.199,27.3787,26.9854,27.4625,27.5214,27.675,27.3506,26.8322,27.2225,27.2036,27.2138,27.2498,26.6347,27.7445,27.4732,27.2383,27.0628,26.9442,27.1706,27.208,27.3232,27.2146,26.8958,27.2165,27.1369,27.3682,27.6872,26.8255,28.1153,27.5503,27.4729,27.4101,27.1135,27.4868,27.4085,27.5927,27.4973,27.2728
202,1:31:35 PM,27.1044,27.1548,27.131,27.2035,27.1553,27.1477,27.2136,27.2485,27.275,27.0796,27.3336,27.2038,27.278,27.3957,27.2068,27.0766,27.2886,27.2644,27.225,27.2132,27.4049,27.4973,27.2563,26.96,26.9319,27.3912,27.477,27.183,27.2196,27.146,27.2605,27.294,27.4559,27.4784,27.1694,27.4188,27.462,27.5071,27.2859,27.3883,27.2551,27.3155,27.6343,27.5085,27.3215,27.5274,27.5528,27.6385,26.7524,26.7855,27.4962,27.3509,27.2126,27.0119,27.0453,27.4208,27.1105,27.41,27.5833,27.0996,27.249,27.309,26.9917,27.5097,26.9928,27.4942,27.1621,26.9247,27.2357,26.8997,27.6777,27.6523,27.3869,27.4338,26.9866,27.2163,26.9932,26.9648,27.7149,27.0507,27.176,27.1559,27.3082,27.3342,26.8288,27.5643,27.4549,27.7207,27.4438,26.8236,27.2413,27.3992,27.1453,27.3808,26.7764,27.8053,27.7092,27.304,27.0689,27.0072,27.1363,27.3017,27.3989,27.2447,26.829,27.1856,27.2407,27.338,27.7563,26.7586,28.0248,27.5029,27.6037,27.3652,27.1383,27.4844,27.4377,27.4369,27.4868,27.1437
203,1:31:55 PM,27.0606,27.2069,27.0962,27.1411,27.2107,27.1302,27.2755,27.1996,27.3367,27.1717,27.3161,27.3144,27.4147,27.3227,27.1508,27.2696,27.3027,27.2797,27.3383,27.1509,27.3886,27.3421,27.24,27.1902,26.8365,27.2893,27.6297,27.3404,27.2261,26.918,27.41,27.3366,27.4228,27.6334,27.2319,27.5447,27.4289,27.5408,27.5135,27.3362,27.3963,27.4003,27.678,27.4951,27.3295,27.3667,27.511,27.4728,27.0316,26.8473,27.2732,27.3281,27.2899,27.0089,27.2577,27.4768,27.0961,27.5148,27.4562,27.21,27.038,27.0605,27.0987,27.469,26.9654,27.3907,27.1703,27.0352,27.1431,27.0316,27.7218,27.4239,27.5586,27.1268,27.0443,27.1698,27.0219,27.0208,27.6439,27.2297,27.1461,27.2003,27.1938,27.3336,27.0489,27.7284,27.6536,27.6629,27.4414,26.9078,27.1987,27.1582,27.1424,27.3507,26.8249,27.7486,27.5203,27.2909,27.1144,26.7705,27.2888,27.3188,27.3418,27.5162,26.9724,27.2221,27.2004,27.2201,27.62,26.6991,28.1767,27.5297,27.4241,27.3425,27.191,27.5066,27.4143,27.5381,27.5014,27.2842
204,1:32:15 PM,27.0986,27.2494,27.0862,27.2253,27.2049,26.9708,27.4062,27.3767,27.3644,27.158,27.3101,27.4766,27.4275,27.4903,27.2999,27.3063,27.2854,27.3317,27.3554,27.0693,27.5479,27.3398,27.2525,27.0501,26.8526,27.3509,27.452,27.239,27.261,26.8082,27.1389,27.2178,27.4398,27.5942,27.3372,27.5276,27.3589,27.4407,27.2723,27.232,27.3294,27.3298,27.6562,27.4879,27.3146,27.3824,27.5402,27.4934,26.96,26.7922,27.3997,27.2684,27.2876,27.0212,27.279,27.2723,27.1848,27.4277,27.5421,27.2847,27.0556,27.2821,27.0031,27.4923,26.9503,27.2806,27.22,26.9787,26.9451,27.0002,27.7782,27.6223,27.3776,27.3574,26.9363,27.2485,27.0673,26.9181,27.5906,27.2288,27.145,27.1672,27.2774,27.3103,27.0591,27.6804,27.4335,27.6484,27.4187,26.7963,27.3525,27.2966,27.1901,27.3054,26.6494,27.6125,27.615,27.3343,27.2478,26.9517,27.1682,27.2767,27.3366,27.2207,26.9022,27.3822,27.1425,27.3911,27.5847,26.7424,28.033,27.5773,27.4762,27.2905,27.0985,27.5199,27.2556,27.4557,27.3944,27.0383
205,1:32:35 PM,27.0247,27.033,26.9899,27.2255,27.1128,27.161,27.2584,27.4017,27.3106,27.2231,27.371,27.2445,27.4234,27.4237,27.1378,27.2272,27.1147,27.412,27.2743,27.1293,27.3613,27.3291,27.1623,27.0189,26.7438,27.2706,27.3937,27.112,27.1986,27.1657,27.3729,27.2832,27.5476,27.4172,27.322,27.4139,27.4625,27.4039,27.4054,27.4311,27.1378,27.5366,27.6603,27.5224,27.1703,27.5739,27.54,27.6563,27.0732,26.7132,27.2228,26.8273,27.09,26.8029,27.0976,27.4322,27.0421,27.6043,27.5576,27.1691,27.0942,27.0542,27.1305,27.4783,27.1297,27.2301,27.3602,26.9823,27.1595,27.0234,27.5153,27.5198,27.5085,27.1977,26.9335,26.8963,26.9267,27.0368,27.4597,27.2354,27.2641,27.1461,27.0805,27.1527,26.9734,27.3758,27.3532,27.6009,27.5763,26.9833,26.9441,27.0398,26.9769,27.3074,26.7763,27.5435,27.5634,27.3034,27.0586,27.0731,27.1403,27.1952,27.4195,27.3796,26.9453,27.1661,27.0688,27.348,27.6693,26.7145,27.8465,27.2967,27.4304,27.4249,26.96,27.322,27.4147,27.5002,27.3268,27.4177
206,1:32:55 PM,26.8194,26.7586,26.9747,27.0478,27.0406,27.0743,27.4331,27.2941,27.3865,27.29,27.3406,27.4916,27.2681,27.4303,27.1829,27.273,27.2509,27.2368,27.2531,27.2632,27.5178,27.4262,27.1729,26.915,26.8045,26.978,27.1432,26.6863,26.756,26.9329,27.1943,27.3235,27.4959,27.6249,27.1432,27.565,27.4743,27.4661,27.3309,27.191,27.2958,27.4172,27.4886,27.6549,27.4311,27.5044,27.6255,27.5074,27.0299,26.9108,27.1093,26.6372,26.9288,26.7447,27.0621,26.9265,27.0249,27.4598,27.4369,27.1074,27.134,27.3776,27.0758,27.5147,27.0361,27.4413,27.215,26.8941,26.9785,27.0679,27.2899,27.4575,27.3819,27.2463,26.9481,26.7555,26.7553,26.8562,27.3498,27.1133,27.1869,26.8895,26.7463,26.8697,26.8587,26.9705,27.0318,27.544,27.4046,26.8737,26.703,27.0604,26.9178,27.4385,26.7584,27.2925,27.1426,27.1108,26.9885,26.9151,27.0234,27.2439,27.3249,27.0706,26.7712,27.0817,27.0145,27.1499,27.5843,26.6225,27.7162,27.1543,27.5715,27.3918,27.093,26.962,27.1415,27.3961,27.3375,27.0655
207,1:33:15 PM,26.6292,26.7856,26.6423,27.1102,27.0485,26.9794,27.0332,27.1582,27.136,27.1568,27.3669,27.1525,27.2479,27.2253,27.1714,26.9597,27.1326,27.055,27.2276,27.0178,27.4622,27.3183,27.0595,26.7526,26.6455,26.9519,26.9766,26.6243,26.8893,26.891,27.3078,27.3669,27.4883,27.4995,27.0256,27.2884,27.2049,27.3919,27.2113,27.0888,27.0685,27.3108,27.5614,27.577,27.2335,27.3746,27.4273,27.5695,26.9139,26.7207,26.8771,26.7322,26.7647,26.8784,27.1462,26.837,26.806,27.4917,27.4696,27.353,27.1448,27.2576,27.2138,27.3708,27.0787,27.5402,27.0486,26.8815,27.2445,26.8858,27.2727,27.3642,27.1725,27.1379,26.722,26.4256,26.6343,26.7959,27.1508,27.0097,26.8007,26.9449,26.8246,26.6663,26.8893,26.8882,26.7844,27.1326,27.0888,26.853,26.2977,26.9909,27.0642,27.2159,26.463,27.2721,27.1139,27.2195,26.8679,26.7967,27.1106,27.2453,27.3067,27.0019,26.6827,26.8985,26.9145,27.0857,27.4802,26.5261,27.232,26.8468,27.383,27.3888,27.0125,26.4865,27.0707,27.4817,27.3921,27.3515
208,1:33:35 PM,26.3819,26.5421,26.3448,26.869,27.0938,26.9922,27.0929,27.3095,27.2582,27.1906,26.9925,27.2177,27.2259,27.2626,26.9433,27.201,26.9883,27.2083,27.2978,27.0716,27.5821,27.2686,27.0234,26.6997,26.5596,26.3295,26.5965,26.1734,26.5364,26.9731,27.2614,27.1717,27.4754,27.4228,27.0115,27.2365,27.2214,27.3488,27.0991,27.1862,27.2505,27.2022,27.4347,27.4017,27.0941,27.3394,27.4187,27.385,26.9229,26.7454,26.6548,26.195,26.7493,26.556,27.0987,26.0837,26.325,27.2991,27.4187,26.9984,27.1034,27.1328,27.0199,27.3407,26.9783,27.2967,27.0778,26.8316,27.0105,27.0437,26.2976,26.9871,27.1605,27.1141,26.8097,26.169,26.3466,26.7105,26.9091,27.0309,26.9352,26.6731,26.5131,26.4829,26.8088,26.0843,26.4082,26.7111,27.3685,26.6565,25.8207,26.5415,26.4357,26.8949,26.6662,26.8104,27.0632,27.0245,26.7103,26.6808,26.8066,26.9903,27.2838,27.1865,26.6518,26.4897,26.9661,26.7708,27.345,26.4901,26.8302,26.7365,27.2622,27.2917,26.9321,26.1805,26.9749,27.035,27.4015,27.1822
209,1:33:55 PM,26.0445,26.089,25.9851,26.5885,26.9961,26.8234,26.6819,27.2177,27.1357,27.028,26.789,26.7778,26.9487,26.9401,26.9209,26.998,27.1409,27.0773,27.1623,26.7144,27.0501,26.8407,26.8765,26.3909,26.3923,26.0548,26.4443,25.8951,26.259,26.7721,26.9673,27.1137,27.3766,27.1683,26.7895,26.9789,26.974,27.0561,27.0904,27.1999,27.1982,27.0347,27.1451,27.4318,27.19,27.1812,27.2491,27.397,26.8609,26.5897,26.3712,25.7753,26.5285,26.23,26.9108,26.076,26.6999,27.2299,27.3095,26.8785,26.717,27.0841,27.0712,27.3997,26.8897,27.3058,26.8789,26.6516,26.9728,26.7902,26.5567,26.8465,27.144,26.8311,26.8081,26.0776,26.0522,26.6525,26.9063,27.1178,26.9179,26.4921,26.2909,26.2677,26.7628,26.0918,26.3816,26.686,26.7632,26.5237,25.6138,26.5954,26.14,26.7931,26.4912,26.2917,26.3461,26.6244,26.7183,26.6729,26.6078,26.769,27.0694,26.5967,26.7042,26.2409,26.7691,26.5177,27.7245,26.5335,26.1747,26.6058,27.1973,27.0712,26.9164,25.7019,26.8373,26.5345,27.0304,26.8492
210,1:34:15 PM,25.6178,25.9509,25.6907,26.3996,26.9815,26.6947,26.9042,27.1348,27.1425,27.0887,26.5579,26.783,26.6593,26.7368,26.7691,26.9934,27.01,27.0135,27.1956,26.6604,27.1336,26.9192,27.0494,26.415,26.3811,25.8625,26.2551,25.4648,26.0581,26.7928,26.6643,26.6587,27.1364,26.8298,26.9611,26.8333,26.9294,26.8912,26.7826,26.5592,26.9161,27.0555,27.1675,27.1423,26.8629,26.9354,27.3195,27.4316,26.8667,26.657,25.9892,25.4551,26.3585,26.3095,26.922,25.5381,26.5204,27.0722,27.1706,26.8486,26.5258,26.9345,26.77,26.9309,26.9738,26.8648,26.5446,26.5284,27.0021,26.6329,26.2013,26.6996,26.8038,26.8688,26.6283,25.4821,25.7785,26.515,26.3934,26.7983,26.8295,26.0623,25.5827,25.4407,26.8067,25.8249,26.1424,26.5986,26.9532,26.2846,25.5392,26.0022,25.9834,26.7234,26.5689,26.276,26.3149,26.5736,26.5759,26.2212,26.481,26.8377,26.7454,26.6564,26.7702,26.103,26.4472,26.31,27.1674,26.5073,26.3717,26.2274,26.9182,27.0225,26.6493,25.4591,26.3746,26.4244,26.7068,26.7258
211,1:34:35 PM,25.3292,25.5484,25.5943,26.3085,26.94,26.4737,26.7975,26.8984,26.9298,26.9964,26.3463,26.6498,26.1765,26.429,26.5705,26.7809,26.6502,26.8734,26.947,26.7845,26.9052,26.8381,26.9344,26.3427,26.2985,25.5843,26.0705,25.411,25.6306,26.5632,26.6498,26.4765,26.8983,27.1453,26.8309,26.4863,26.7761,26.5182,26.525,26.5971,26.5434,26.8763,26.9857,27.3929,26.9851,27.0979,27.2461,27.2702,26.7162,26.5835,25.7064,25.4497,25.9991,26.0275,26.8514,25.264,26.4052,26.85,26.9289,26.7633,26.4566,26.7965,26.5582,26.8205,26.9077,26.872,26.2312,26.5161,26.9432,26.8816,26.1177,26.5776,26.2326,26.8005,26.6686,25.3489,25.6539,26.3029,26.72,26.6922,26.8812,26.1252,25.7891,25.3484,26.7423,25.3705,25.8005,26.2657,26.7409,26.3992,24.9376,25.9374,26.0428,26.3895,26.3213,25.9644,26.2622,26.194,26.2261,26.1832,26.4497,26.4146,26.6012,26.7141,26.5315,25.9044,26.4187,26.1748,26.9878,26.5099,26.1739,25.6811,26.7001,26.7264,26.4918,25.2585,26.4089,26.2936,26.6218,26.5432
212,1:34:55 PM,25.1494,25.2432,25.2415,26.4883,26.8024,26.091,25.93,26.8265,27.0319,26.9494,26.0355,26.1734,26.0002,26.2603,26.4895,26.7356,26.847,26.8763,26.9655,26.4881,26.774,26.5402,26.8247,26.0214,26.28,25.1722,25.5307,25.0677,25.6295,26.5985,26.4778,26.8264,26.8751,26.6185,26.9442,26.3743,26.7643,26.1156,26.1614,26.2899,26.6449,26.4217,26.6265,27.1365,26.957,26.9584,26.9803,27.3088,26.5873,26.3655,25.5047,25.1706,25.8702,25.9652,26.8441,25.0145,26.1499,26.9096,26.9107,26.3337,26.4244,26.4432,26.5142,26.5688,26.7811,26.6524,26.0403,26.3283,26.8267,26.734,25.5192,26.3939,26.0517,26.7474,26.5459,25.1581,25.4174,26.1309,26.5974,26.6625,26.7203,25.5511,25.4146,25.2663,26.4703,25.1002,25.6684,26.1123,26.4221,26.1211,24.9699,25.735,25.6966,26.1421,26.452,25.8644,26.1278,26.216,25.845,25.9449,26.2146,26.4955,26.2323,26.2141,26.3613,25.182,26.1805,25.9558,26.6467,26.3029,25.5969,25.6188,26.5872,26.6241,26.1988,24.7757,25.9836,26.1468,26.4274,26.3934
213,1:35:15 PM,24.8794,25.2842,25.3243,25.7919,26.7227,26.032,26.0369,26.7337,26.8825,26.7849,25.6147,26.1945,26.0377,26.1465,26.4949,26.6506,26.8248,26.8771,26.7672,26.3225,26.1017,26.2464,26.5413,25.7931,26.1779,25.0732,25.4157,24.981,25.4395,26.6314,26.3145,26.2569,26.5599,25.9111,26.736,26.159,26.3887,26.2375,25.8385,26.052,26.6442,26.5316,26.5757,26.8799,26.7583,26.8291,26.8002,27.0896,26.4048,26.3522,25.2622,24.7774,25.6579,25.5404,26.6669,24.7581,25.8988,26.6869,26.7021,26.3905,26.1184,26.464,26.2816,26.4824,26.7522,26.4931,25.8949,26.1161,26.7197,26.4548,25.346,26.2688,26.2214,26.7559,26.3564,24.8149,25.1187,26.1022,26.0921,26.4117,26.595,25.3204,24.8997,24.9456,26.4837,24.555,25.5292,25.8965,25.8742,25.7868,24.8398,25.6563,25.9431,26.0872,26.216,25.6543,26.1019,26.1077,25.6494,25.6386,26.0298,26.2508,25.9503,26.0592,26.2292,25.5725,26.0692,25.7121,26.7724,26.296,25.2869,25.0733,26.1848,26.4815,25.8462,24.2817,25.6381,25.8999,26.0526,26.1898
214,1:35:35 PM,24.6938,24.8943,24.6909,25.584,26.5452,25.7622,25.7057,26.6047,26.709,26.6314,25.5012,25.7708,25.7235,25.596,26.2301,26.4245,26.5357,26.5266,26.8034,26.0207,26.2861,25.9901,26.4389,25.4258,25.9056,24.8813,25.1371,24.8168,25.0716,26.36,26.6658,26.1743,26.3693,26.2229,26.7035,25.9792,26.1657,25.8694,25.799,25.9136,26.3489,26.2347,26.5449,26.6837,26.4017,26.7982,26.8528,26.9711,26.3882,26.2388,25.0764,24.3822,25.3661,25.5203,26.397,24.3512,25.6718,26.5603,26.5849,26.3593,25.9238,26.3405,26.2127,26.1761,26.5672,26.1335,25.5019,25.9613,26.4385,26.4039,25.1083,25.9003,25.9944,26.4177,25.9868,24.5987,24.756,25.8644,26.3,26.3648,26.439,25.1966,24.6802,24.6758,26.2556,24.5369,24.9585,25.7766,25.8523,25.9948,24.6581,25.3452,25.3509,25.7934,26.2606,25.429,25.9081,25.7454,25.4134,25.335,25.78,25.9144,25.8001,26.0301,25.8126,24.8557,25.902,25.4906,26.251,26.0664,25.1593,24.7604,26.013,26.0803,25.9196,24.1831,25.6541,25.8637,26.0248,26.048
215,1:35:55 PM,24.3756,24.7272,24.6665,25.555,26.2117,25.6927,25.6697,26.2265,26.5899,26.367,25.3083,25.7249,25.5903,25.6084,25.864,26.1861,26.2543,26.3053,26.6068,25.8984,26.0085,25.8459,26.4729,25.0388,25.7647,24.7787,24.9686,24.4121,24.9425,26.2223,26.0685,26.4703,26.2807,26.2301,26.4843,25.7413,26.296,25.6363,25.1557,25.5072,25.8736,25.899,26.0107,26.3947,26.3026,26.5339,26.5748,26.8868,26.2404,25.8918,25.1617,24.2699,25.3227,25.3725,26.5155,24.4997,25.1109,26.4782,26.5911,26.033,26.292,25.745,26.1472,25.7493,26.3156,26.4294,25.39,25.5795,26.1537,26.3288,25.1665,25.893,25.6422,26.1617,25.9467,24.4799,24.7075,25.6201,25.4897,26.3635,26.27,24.9832,25.2647,24.7299,26.1328,24.2326,24.9026,25.4475,25.6572,25.773,24.1422,25.0806,24.9478,25.5032,26.0286,24.8407,25.3356,25.4917,25.1106,25.103,25.4806,25.6929,25.6521,25.9258,26.2529,25.3273,25.5587,25.4087,26.3756,26.2133,24.7799,24.6038,25.9983,25.8202,25.6156,24.0689,25.5195,25.9509,25.7404,25.9029
216,1:36:15 PM,24.3915,24.5139,24.5558,25.3233,26.2906,25.6334,25.5604,26.4906,26.4059,26.4947,25.0961,25.4318,25.2711,25.4697,25.8473,26.1339,26.1859,26.094,26.4315,25.7376,25.9829,25.2814,26.1641,24.7175,25.309,24.5804,24.9225,24.6497,24.7112,25.9532,26.0623,25.8664,26.016,25.6559,26.6307,25.7147,25.9192,25.342,25.1816,25.2314,25.8409,25.8242,25.8921,26.2624,26.1552,26.3128,26.4841,26.7717,25.9621,25.6509,24.8917,24.0896,25.1363,25.3303,26.3777,24.1527,25.2523,26.3533,26.5995,25.9555,25.817,25.8682,25.8512,25.5844,26.0567,25.901,25.2852,25.5057,26.187,26.2936,24.7342,25.4037,25.1789,26.1589,25.8903,24.3783,24.6888,25.5316,25.6906,26.009,26.0675,24.8612,24.6777,23.9782,26.0489,23.9632,24.7426,25.2436,25.5207,25.444,23.9066,24.6147,24.7236,25.2433,25.8955,24.8275,25.0653,25.272,24.8967,24.8063,25.4717,25.671,25.4883,25.8205,25.3154,24.5339,25.4353,25.1588,25.8701,25.4804,24.7026,24.5494,25.7812,25.6881,25.5615,23.4676,25.3097,25.1376,25.5304,25.6972
217,1:36:35 PM,24.0265,24.2677,24.3948,25.0439,26.1822,25.5216,25.6434,26.3548,26.2819,26.5409,25.0397,25.3799,24.9997,25.4561,25.6556,26.0049,25.7644,25.9678,26.3684,25.7177,25.925,25.3183,26.2535,24.5427,25.1743,24.4268,24.5279,24.1111,24.5399,26.0149,25.6943,26.0989,25.8758,25.5256,26.4867,25.271,25.7889,25.3905,24.9655,25.3058,25.82,25.6392,25.7693,26.4625,26.1667,26.0019,26.1347,26.5075,26.155,25.7941,24.46,23.9118,24.9363,24.9642,26.2211,24.1689,25.1651,26.1117,26.3877,26.0111,25.429,25.8154,25.6343,25.411,26.262,26.0659,25.1644,25.3649,25.7891,25.8427,24.1686,25.1866,25.2583,25.7502,25.6131,24.2559,24.7155,25.4127,25.5074,26.008,26.0609,24.7344,24.4719,24.0895,25.8972,23.734,24.3886,25.1136,25.0277,25.1868,23.7046,24.4618,24.5709,25.0995,25.8652,24.7786,24.8779,25.1913,24.8376,24.6868,25.1885,25.2697,25.0576,25.5445,25.56,24.4063,25.1548,24.7146,25.5799,25.6659,24.3441,24.4274,25.8184,25.3362,25.276,23.3916,25.2798,25.2498,25.3327,25.3234
218,1:36:55 PM,23.7696,24.2288,24.0522,24.7818,25.9305,25.3155,25.1031,26.2939,26.3111,26.2992,24.9073,25.1152,24.9058,25.0095,25.1874,25.5951,25.5888,25.9848,26.1901,25.3729,25.896,25.3813,26.0915,24.62,24.9857,23.7988,24.3613,24.1168,24.6645,25.6686,25.8329,25.6483,25.7165,25.2962,26.3653,25.1798,25.6626,25.4415,24.7694,24.8648,25.5081,25.326,25.4743,26.3916,26.1967,26.1914,25.786,26.4253,25.9862,25.438,24.0317,23.534,24.6281,24.7146,26.0232,24.1265,24.9386,26.036,26.0018,25.5023,25.0054,25.5426,25.1753,25.144,25.854,25.6334,24.8382,25.1922,25.8869,25.9078,24.3168,25.3242,25.0528,25.9909,25.4966,23.6924,24.0358,25.3583,25.231,25.835,25.6933,24.4108,24.4134,23.6237,25.5341,23.3452,24.0379,24.5572,24.6704,24.863,23.5534,24.3663,24.3782,25.1878,25.6758,24.527,25.07,25.1421,24.3891,24.4168,24.9589,25.0912,25.2113,25.4485,25.4502,23.9132,24.9634,24.8328,25.6969,25.756,23.9241,24.1388,25.3381,25.3886,25.1492,23.4853,24.9636,25.0188,25.2247,25.2545
219,1:37:15 PM,23.5186,23.925,23.6216,24.5136,25.9314,24.7911,24.7903,25.7912,25.9448,26.2182,24.5482,24.9938,24.8751,24.9333,25.2715,25.6033,25.4116,26.0693,26.0212,25.5304,25.6244,25.3661,26.1903,24.5074,25.0555,24.0568,23.9929,23.7468,24.0094,25.796,25.4321,24.8782,25.6898,25.0456,26.1827,25.072,25.5964,25.1627,24.6773,24.8008,25.3942,25.2187,25.555,25.8226,26.0914,25.9905,25.7357,26.3752,25.8356,25.4372,24.2398,23.4774,24.396,24.6192,25.8316,23.6618,24.4823,25.8966,25.9176,25.3199,24.986,25.4921,25.1225,25.119,25.7052,25.3105,24.6594,25.1998,25.6387,25.7539,23.9189,24.8072,24.7807,25.6868,25.57,23.8063,23.8653,25.018,25.0051,25.5553,25.5962,24.1202,23.4103,23.4633,25.4813,23.5121,24.065,24.3966,24.7131,25.0501,23.5321,24.1195,24.0196,24.8383,25.4616,24.3774,24.6705,25.3952,24.4258,24.3581,24.8262,25.0212,25.0705,25.126,25.2714,24.133,24.8319,24.4817,25.5828,25.613,23.9924,23.7406,25.3771,25.3205,24.9459,23.235,24.3976,24.7213,25.0587,25.1323
220,1:37:35 PM,23.6426,23.7581,23.8663,24.5488,25.654,24.9016,24.54,25.8113,25.8939,25.7688,24.592,24.5937,24.3655,24.5667,24.911,25.4819,25.3739,25.7097,25.9342,25.2124,25.5764,25.2388,25.8691,24.3021,24.7411,23.9581,23.9913,23.6011,23.9781,25.384,25.1547,25.1492,25.3429,25.1514,25.8062,24.9624,25.4784,24.7899,24.7101,24.7529,25.0109,24.8617,25.0882,25.824,25.8888,25.952,25.5476,26.2311,25.5793,25.084,24.075,23.4897,24.4901,24.4428,25.7252,23.3452,24.3591,25.5945,25.9337,25.1873,25.1354,25.1913,25.089,25.0237,25.7851,25.3515,24.5513,25.0031,25.6546,25.5477,23.4681,24.7996,24.7309,25.3982,25.4683,23.6375,23.8708,25.0157,24.6887,25.5242,25.4139,24.0281,23.8292,23.331,25.251,23.6243,23.8701,24.8227,24.477,24.7837,22.9864,23.7324,23.8307,24.574,25.404,23.8153,24.2517,24.948,24.0877,24.1951,24.6948,24.8822,24.9475,24.7363,24.7218,24.3346,24.4996,24.1561,25.2598,25.5569,23.9427,23.7095,24.8717,25.0863,25.007,23.2223,24.6663,24.9109,24.7126,24.8441
221,1:37:55 PM,23.4113,23.5444,23.3472,24.6011,25.5471,24.7091,24.4723,25.3606,25.8519,25.739,24.2998,24.4328,24.5774,24.5242,24.8662,25.2211,25.3172,25.3844,25.6945,25.0415,25.3925,24.7742,25.5773,23.7063,24.459,23.6473,23.6799,23.1384,23.9439,25.4602,24.9457,25.1648,25.1853,24.7881,25.8869,25.0025,25.1148,24.7193,24.3121,24.2218,24.8334,25.135,24.7259,25.5677,25.8866,25.568,25.5572,25.9543,25.394,25.0312,23.7028,23.1381,24.1222,24.3073,25.4894,23.5657,23.854,25.5145,25.504,24.9129,24.8727,25.0326,25.1431,24.8458,25.2368,25.32,24.4357,24.5868,25.3202,25.5884,23.6634,24.872,24.5252,25.111,25.2241,23.4142,23.6823,24.8832,24.334,25.295,25.364,23.9109,23.4196,23.5511,25.1489,22.8838,23.617,24.5544,24.5444,24.4131,23.0229,23.7311,23.6152,24.3566,25.1992,23.6832,24.0037,24.5468,24.1,23.8947,24.5117,24.7888,24.7369,25.0135,24.9072,24.1266,24.6451,24.2455,25.156,25.2873,23.9222,23.3833,24.9418,24.996,24.8796,23.1397,24.0567,24.5108,24.8237,24.8416
222,1:38:15 PM,23.4079,23.5321,23.6383,24.2579,25.4165,24.6026,24.7103,25.4444,25.4194,25.7171,24.2309,24.2628,24.3499,24.2393,24.7931,25.1245,24.8884,25.1849,25.5655,24.9534,24.796,24.2933,25.1682,23.8833,24.3885,23.573,23.6652,23.5229,23.7813,25.3803,25.1938,24.8808,25.1664,24.6898,25.7367,24.6698,24.8256,24.4425,24.2155,23.9076,24.7985,24.7287,24.8771,25.577,25.8841,25.4101,25.1734,25.8736,25.4744,24.959,23.7686,23.0577,23.6891,24.2181,25.5664,23.2952,23.7512,25.2433,25.4016,24.8671,24.8242,25.1464,24.8038,24.4586,25.2593,25.0591,24.3209,24.5936,25.2488,25.2655,23.6145,24.3936,24.1712,24.9119,25.0094,23.1397,24.0511,24.683,24.2409,25.3252,25.336,23.4536,23.2175,22.875,25.0592,22.7781,23.6016,24.1383,24.1137,24.504,22.8266,23.5736,23.6893,24.501,25.1332,23.4794,23.8455,24.2464,24.09,23.6433,24.421,24.5426,24.5191,24.9472,24.8892,24.0877,24.566,24.2005,25.0543,25.5024,23.6817,23.1195,24.4794,24.6452,24.5617,22.6995,23.9877,24.5902,24.6337,24.9735
223,1:38:35 PM,22.99,23.334,23.3199,24.0353,25.3893,24.414,24.4579,25.3704,25.6074,25.6321,24.1418,24.4047,23.8889,24.0817,24.3473,25.0383,24.9373,25.1515,25.4485,25.132,24.4724,23.8979,24.6181,23.7887,24.3358,23.1658,23.4346,23.0047,23.3539,25.0374,24.8891,24.3113,25.0688,24.5435,25.7637,24.2848,24.8039,24.3473,24.0196,24.17,24.8549,24.5232,24.9899,25.6802,25.8175,25.1968,25.0699,25.6522,25.3584,24.6834,23.4477,22.7144,23.84,23.9954,25.351,23.0546,24.4482,24.8172,25.2335,24.7299,24.6944,24.9892,24.6187,24.3396,25.0857,24.9598,24.2331,24.2974,24.9555,25.109,23.208,24.1868,23.943,24.8302,24.7639,23.0714,23.2932,24.3315,24.141,25.2011,25.0649,23.7066,23.3207,22.5837,24.7582,23.1112,23.4039,24.2152,24.2156,24.8293,23.1208,23.5015,23.118,24.2718,25.0143,23.4397,23.6482,24.0991,23.8415,23.7361,24.2531,24.3166,24.2283,24.5654,24.9917,24.137,24.229,23.9869,24.7129,24.934,23.5226,23.3378,24.614,24.5587,24.29,23.0217,23.8518,24.5024,24.5264,24.659
224,1:38:55 PM,23.0016,23.1134,23.0804,23.8374,25.2298,24.2084,24.5115,25.3483,25.451,25.4072,24.1273,24.0661,23.8975,24.0708,24.4093,24.7062,24.7762,25.2344,25.3349,24.9412,24.0119,23.9,24.6103,23.6662,24.2138,23.1465,23.5031,22.9952,23.3364,24.692,24.5695,24.6566,25.0771,24.4186,25.3173,24.2722,24.5111,24.1849,23.8019,23.8022,24.853,24.3132,24.8442,25.6181,25.6498,25.3857,25.0031,25.6445,25.4135,24.5156,23.1952,22.5471,23.6739,23.7186,25.2208,22.8069,23.7603,24.6878,24.8443,24.7596,24.5982,25.0544,24.6048,24.3938,24.9423,24.6635,24.0678,24.4445,24.6817,25.0358,22.9924,23.8031,24.2222,24.9577,25.0094,22.8838,23.1961,24.104,24.2752,25.0109,24.9319,23.2594,23.0847,22.4891,24.6947,22.9445,23.5866,24.1986,24.0012,24.9419,22.7997,23.2963,23.531,24.0803,24.9785,23.3434,23.4258,24.2302,23.3967,23.5559,23.9847,24.0213,24.3283,24.4915,24.789,23.6458,24.3929,23.8603,24.6376,25.3333,23.5742,22.9292,24.5376,24.3869,24.2109,22.5469,23.5902,24.1027,24.3485,24.3357
225,1:39:15 PM,23.0285,23.1266,23.1435,23.7771,24.9991,24.2012,24.0765,25.2346,25.4178,25.5299,23.7631,23.8423,23.7896,23.6681,24.1919,24.7223,24.6253,24.8807,25.0967,24.9174,24.0942,23.8039,24.6378,23.2388,24.1628,23.1902,23.5425,22.9369,23.332,24.7546,24.7351,24.3825,24.8637,24.3068,25.1898,24.1533,24.4544,24.0962,23.974,23.836,24.3948,24.307,24.4288,25.2434,25.5383,25.1068,24.8343,25.5535,25.1931,24.7072,23.0427,22.5168,23.3764,23.7268,24.9636,22.8202,23.7697,24.8835,25.0184,24.39,24.0197,24.764,24.5305,24.0374,24.839,24.6457,23.9898,24.0414,24.7888,25.1036,23.0631,23.784,23.9433,24.7257,24.9225,22.7783,23.0808,24.0347,23.9547,25.0221,24.6683,23.0912,22.7848,22.2993,24.6427,22.6997,23.4184,24.3732,24.0983,24.7517,22.4077,23.0984,22.9846,24.0984,24.7921,23.1107,23.2569,24.0224,23.5223,23.7669,23.6308,24.0855,24.1529,24.4615,24.7275,23.6533,23.9386,23.7795,24.486,25.3931,23.3403,22.8066,24.1166,24.1681,23.9913,22.8386,23.5681,24.1529,24.2338,24.4144
226,1:39:35 PM,22.8645,23.0715,22.7812,23.6623,24.8342,23.9649,24.1352,25.115,25.0171,25.2188,23.7447,23.8396,23.663,23.6618,24.0741,24.3824,24.7095,24.5027,25.0531,24.3882,23.7475,23.4822,24.1836,23.2328,24.1249,22.906,23.233,22.6614,23.0941,24.6145,24.404,24.5161,24.8733,24.1895,25.1355,23.9493,24.3333,23.9355,23.6226,23.6772,24.1933,24.2483,24.2346,25.0742,25.4122,24.7695,24.7365,24.9952,25.0193,24.3129,23.0267,22.3699,23.3686,23.6068,24.959,22.7052,23.555,24.698,24.8765,24.3092,24.3897,24.7635,24.3494,23.891,24.8106,24.4642,23.8257,23.9565,24.6296,25.1102,23.0911,23.8523,23.8091,24.5426,24.7065,22.6372,22.8217,23.8379,23.6588,24.8124,24.5304,23.1699,23.2454,22.4908,24.5532,22.5637,23.0953,23.8618,23.979,24.3627,22.3109,22.8384,23.1613,24.0206,24.74,23.306,23.3008,24.2539,23.424,24.0926,23.6876,23.8561,23.9007,23.8806,24.1245,23.4527,23.6986,23.6592,24.1805,24.8515,23.2881,23.0389,24.1528,23.9496,23.8454,22.3898,23.4463,23.7954,23.935,24.0819
227,1:39:55 PM,22.7774,22.7659,22.8632,23.6383,24.7354,23.8027,24.1945,25.119,25.09,25.0685,23.6152,23.8387,23.6509,23.3216,23.8805,24.2548,24.3277,24.4784,24.833,24.605,24.0751,23.7517,24.3838,23.57,23.8942,22.8747,23.0828,22.6537,23.262,24.4212,24.1121,24.1006,24.6001,24.1644,24.7847,23.881,24.0612,23.7335,23.3817,23.3331,24.2504,23.9441,24.1946,25.1266,25.4639,24.5655,24.6047,25.3288,24.9127,24.2219,22.9675,22.5243,23.3184,23.7368,24.8347,22.8084,23.3925,24.3963,24.5793,24.1022,24.1776,24.3595,24.3223,23.944,24.6857,24.306,23.5664,23.7811,24.3376,24.757,23.152,23.9228,23.6776,24.1889,24.2496,22.6921,22.8388,23.8827,23.643,24.724,24.4375,22.52,22.6493,22.5467,24.5671,22.3689,22.9833,23.7675,23.7532,24.5248,22.3357,22.7889,22.8648,23.6249,24.6627,22.9245,22.9525,23.7293,23.3684,23.065,23.5067,23.7392,23.9768,24.0,24.5541,23.5652,23.7732,23.4669,24.3401,25.0146,23.0244,22.617,23.6031,23.8831,23.5853,22.2811,23.531,23.781,23.9565,24.1696
228,1:40:15 PM,22.6958,22.7379,22.8202,23.4179,24.5829,24.1525,23.9337,24.8395,25.062,25.1252,23.5157,23.7701,23.2238,23.5383,23.8429,24.324,24.0619,24.45,24.6798,24.3639,23.6704,23.5415,24.5845,23.1949,23.911,23.0054,22.9512,22.5029,22.9367,24.2707,24.6361,24.1659,24.2465,24.032,25.0382,23.8574,24.0252,23.8223,23.3768,23.3873,24.0614,23.8968,24.1009,24.5301,25.0709,24.8141,24.4241,25.2777,24.794,24.1671,22.6875,22.4487,22.9775,23.4089,24.8264,23.0562,23.2848,24.514,24.6947,24.3046,24.0518,24.1847,24.1657,23.8947,24.6432,24.3423,23.6021,23.6624,24.2663,24.8188,22.9005,23.5288,23.7994,24.5414,23.8869,22.2818,22.6271,23.612,23.4782,24.5113,24.214,22.6973,22.5985,22.6846,24.3886,22.279,22.8365,23.4069,23.5967,24.2838,22.3251,22.7875,22.8729,23.9088,24.4792,22.8605,22.9782,23.7177,23.2259,23.1988,23.2377,23.5088,23.7383,23.7077,24.1603,23.1489,23.4843,23.4575,24.3041,24.8155,22.8216,22.5867,23.7538,23.8196,23.9435,22.3495,23.3045,23.2214,23.8374,24.1788
229,1:40:35 PM,22.5334,22.3567,22.7144,23.3125,24.4946,24.0868,23.9937,24.8052,24.8252,25.0789,23.4183,23.4883,23.2651,23.3844,23.8134,24.2212,23.939,24.4064,24.7119,24.4529,23.6977,23.5668,24.3668,22.8582,24.0727,22.6912,22.9212,22.1754,22.7864,24.3336,24.4916,24.0921,24.3534,24.0054,24.9135,23.8945,23.8873,23.4972,23.348,23.4284,24.076,23.8075,24.2427,24.6675,24.9804,24.613,24.2895,24.9883,24.5558,24.1623,22.6463,22.0446,22.714,23.2543,24.5669,22.6115,23.3483,24.2756,24.5575,24.0736,23.8056,24.2821,23.997,23.6812,24.3837,24.1257,23.2494,23.5877,24.1558,24.7778,22.3529,23.8439,23.5739,24.246,24.4309,22.2846,22.5507,23.5476,23.3898,24.5099,24.1441,22.4781,22.5762,22.11,24.6791,22.1098,22.6967,23.6604,23.3706,23.8762,22.3331,22.7917,22.9067,23.6983,24.3534,22.5842,23.1182,23.3536,23.0896,22.992,23.1641,23.5793,23.5696,23.7836,24.3902,22.9366,23.4551,23.2729,24.0204,24.8267,22.8819,22.6759,23.6829,23.6422,23.6923,22.1114,23.0733,23.407,23.6904,23.8988
230,1:40:55 PM,22.4899,22.5707,22.4374,23.171,24.3786,23.7649,23.871,24.6794,24.789,24.9918,23.3263,23.2997,23.2235,23.1635,23.6511,24.0691,23.9275,24.3277,24.5926,24.1946,23.4737,23.4771,24.4252,23.2722,23.7885,22.8317,22.8228,22.3303,22.5048,24.0375,24.2116,23.8326,24.2535,23.9092,24.7194,23.776,23.7534,23.6405,23.354,23.2528,23.7933,23.8134,23.9904,24.4268,25.0261,24.3342,24.3786,25.0253,24.4465,24.0192,22.5302,22.002,22.7836,23.0398,24.6661,22.3507,23.2594,24.1444,24.3125,23.8276,23.9313,24.0646,24.0718,23.5215,24.3343,23.8873,23.3928,23.5213,24.0584,24.6923,22.3801,23.425,23.5512,24.223,24.3059,22.1935,22.5243,23.4181,23.4551,24.4585,24.1827,22.5922,22.5235,22.0777,24.567,22.2434,22.8755,23.6446,23.5235,23.8675,22.0058,22.5032,22.8466,23.4597,24.3232,22.5857,22.8338,23.3126,23.0943,23.6349,23.208,23.2959,23.5004,23.7335,24.1257,23.2248,23.4806,23.4285,23.992,24.8237,22.9141,22.3091,23.3796,23.6837,23.5875,21.951,23.1406,23.5927,23.4745,23.8393
231,1:41:15 PM,22.3418,22.6933,22.3931,23.2326,24.3058,23.689,24.1551,24.7941,24.8806,24.7127,23.2891,23.3449,23.0287,23.1729,23.5246,23.8293,24.1076,24.2524,24.5118,23.977,23.5043,23.1921,23.9915,23.0262,23.5913,22.5035,22.6024,22.3717,22.8138,24.0182,23.7721,23.9416,24.0639,24.1592,24.8134,23.5244,23.7208,23.3458,23.0728,23.0679,23.8524,23.7057,23.9351,24.5371,24.7061,24.2954,24.2266,24.8706,24.1894,23.8868,22.4749,22.0454,22.7162,23.0299,24.5117,22.8689,23.2518,24.0182,24.1575,23.898,24.3824,24.0025,23.8444,23.6776,24.0506,24.0054,23.3381,23.3657,24.0588,24.4126,22.606,23.4002,23.4834,24.4415,24.1184,22.2074,22.3011,23.3951,23.3658,24.1495,24.0313,22.4913,22.6096,22.0084,24.3965,22.1478,22.5511,23.4803,23.369,24.1506,22.1789,22.3744,22.5791,23.6571,24.3041,22.5405,22.5066,23.004,22.8536,23.5114,22.9345,23.2157,23.3867,23.5293,24.339,22.9124,23.3231,23.1607,24.2799,24.8775,22.8205,22.5204,23.4546,23.7513,23.3432,21.7554,23.0342,22.8275,23.3614,23.8379
232,1:41:35 PM,22.3027,22.3746,22.3532,23.0964,24.1587,23.4805,23.4779,24.5941,24.5768,24.7441,23.0717,23.3345,23.1551,23.2737,23.4972,23.9081,23.906,24.0534,24.461,24.0064,23.8795,23.4492,23.9871,23.0635,23.6376,22.4346,22.5263,22.0466,22.5997,23.8907,23.8997,23.4092,23.9718,23.5997,24.698,23.5506,23.6598,23.2568,23.0999,23.5892,23.9674,23.521,23.7732,24.494,24.6149,24.1898,23.9405,24.6439,24.2571,23.8352,22.4075,21.8936,22.5577,23.0054,24.2706,22.6951,23.4288,23.9196,24.2799,23.9811,24.0876,23.8557,23.5734,23.4501,24.3539,23.8634,23.0383,23.4114,23.9558,24.3138,22.2948,23.2982,23.2244,24.1922,24.0136,22.0379,22.1334,23.118,23.0364,24.0534,23.7959,22.2325,22.0609,21.7909,24.2209,22.1157,22.6516,23.465,23.3752,23.8022,21.8442,22.3293,22.6154,23.5153,24.1753,22.3738,22.6661,23.487,23.0975,22.8686,22.7503,22.9642,23.3893,23.4688,23.7597,22.8518,22.984,22.987,23.7294,24.8401,22.7703,22.2568,23.321,23.3217,23.232,21.9064,22.8194,23.3029,23.4446,23.6355
233,1:41:55 PM,22.3164,22.5672,22.3782,23.0784,24.043,23.3252,23.498,24.2724,23.8759,24.512,23.144,23.1608,22.9709,23.1811,23.5289,23.8661,23.9343,23.9872,24.3834,24.0098,23.4466,22.9643,23.7787,23.2145,23.6441,22.3525,22.7026,22.5073,22.797,23.8467,23.8919,23.5326,23.7793,23.6621,24.6263,23.5011,23.8696,23.3812,23.3578,23.3655,23.7594,23.6395,23.4891,24.6269,24.5357,24.1926,23.956,24.6497,24.0315,24.149,22.1941,22.122,22.6004,22.9458,24.1055,22.5618,23.1622,23.9454,23.9964,23.7272,23.3943,23.9573,23.4485,23.458,24.1232,23.9173,23.3375,23.1065,23.6999,24.3696,22.503,22.9947,23.4312,24.0821,24.1581,21.9977,22.2571,22.9965,23.0684,23.9102,23.6252,22.3186,21.9429,21.7378,24.1097,22.0989,22.7545,23.2764,23.3428,23.8936,21.6493,22.272,22.6379,23.7176,24.0585,22.2472,22.6088,23.3091,22.9716,22.7345,22.8049,23.0005,23.126,23.4665,23.795,22.7105,23.296,23.083,23.8464,24.271,22.6658,22.0833,23.4032,23.1859,23.2614,21.7724,22.7809,23.1544,23.2355,23.7511
234,1:42:15 PM,22.2496,22.0174,22.2421,22.7622,23.9683,23.4664,23.0146,24.0341,24.2824,24.4771,23.2161,23.1233,22.8656,22.9319,23.2089,23.5231,23.8347,23.6697,24.2853,23.9917,23.3076,23.1751,23.8064,22.7829,23.5697,22.2485,22.6837,22.0761,22.4596,23.3856,23.5323,23.7249,23.9037,23.8209,24.4818,23.4001,23.3526,23.2633,22.8297,22.8731,23.692,23.5731,23.6004,24.1511,24.3306,23.9874,23.8953,24.5284,23.9024,23.866,22.1983,21.7166,22.5089,22.6355,24.1467,22.3522,23.2318,23.9152,23.9702,23.5946,23.3644,23.6193,23.4439,23.3774,23.9408,23.6399,23.0596,23.2371,23.7382,24.2103,22.1495,22.8953,23.2806,23.6431,23.8054,21.9904,22.1229,22.9885,23.01,23.8504,23.68,22.3318,22.456,21.8889,24.046,21.7084,22.5063,23.4906,23.4084,24.3299,21.6641,22.0975,22.2632,23.3558,24.0503,22.0735,22.5761,22.9306,22.6021,23.0843,22.6523,22.7886,23.1342,23.2587,23.6982,22.3444,23.1575,22.8534,23.8261,24.4087,22.5213,21.9374,23.1038,23.3387,23.0356,21.766,22.5899,22.622,23.3366,23.3907
235,1:42:35 PM,22.061,22.2557,22.1576,22.7771,24.0219,23.204,23.0364,24.0713,24.3112,24.3641,23.1271,23.0729,22.8716,22.9643,23.3894,23.638,23.7534,23.6309,24.1526,23.8849,23.6317,23.0232,24.0629,22.815,23.4425,22.0998,22.355,21.8649,22.2091,23.6656,23.6565,23.5561,23.7547,23.7016,24.2517,23.333,23.3954,23.1266,22.9558,22.8957,23.3959,23.0855,23.5221,24.2243,24.4382,23.9887,24.0309,24.4747,23.8989,23.6349,22.1961,21.6536,22.5298,22.5519,23.9936,22.2755,22.5836,23.6103,23.7294,23.3365,23.5302,23.6812,23.5554,23.2781,23.9881,23.4515,22.7863,22.9359,23.6792,23.8779,22.2206,23.0599,23.0716,23.462,23.9886,21.7835,22.1471,22.7247,23.0252,23.7182,23.5917,22.0392,22.3105,21.6842,24.0469,21.8372,22.3001,23.0584,23.1026,23.7628,21.6692,21.9111,22.4225,23.3504,24.1303,22.1067,21.9069,22.8282,22.8285,22.9205,22.4925,22.8811,22.941,23.4102,23.8603,22.5943,22.9137,22.7772,23.2835,24.4721,22.5561,22.1328,23.0254,23.2816,23.0915,21.5604,22.4491,22.852,23.2362,23.5664
236,1:42:55 PM,22.2029,22.223,22.0986,22.6549,23.8107,23.1351,23.1855,24.198,24.1397,24.2052,22.9151,23.058,22.7274,22.854,23.2545,23.5397,23.7143,23.722,23.8613,23.6713,23.3289,22.9249,23.394,22.6412,23.3566,22.0376,22.3405,21.8044,22.0932,23.2836,23.6101,23.585,23.6664,23.306,24.3476,23.1387,23.4776,23.109,22.8028,22.8905,23.4283,23.2075,23.3339,24.0797,24.3742,23.9387,23.8462,24.4234,23.7365,23.4898,22.0944,21.5505,22.3622,22.7836,24.0085,22.2242,23.1487,23.5073,23.6825,23.8112,23.1836,23.5722,23.036,23.2353,24.0854,23.6738,23.0046,23.0709,23.5774,24.1324,22.1575,23.0811,23.163,23.7554,23.9131,21.7091,21.9025,22.6905,22.6742,23.6286,23.4553,21.8248,21.7689,21.5654,23.8624,21.8181,22.6221,23.0582,23.0688,24.0198,21.7366,21.8919,22.235,23.5446,23.8118,22.0485,22.7708,22.9326,22.6357,22.6859,22.5811,22.8586,22.7295,23.2292,23.5339,22.3545,22.6437,22.6749,23.5123,24.5865,22.4217,22.0477,23.0724,22.9889,23.2833,21.6604,22.416,22.8037,23.0502,23.215
237,1:43:15 PM,21.879,22.406,22.235,22.6109,23.4832,22.9828,22.9985,24.0464,23.9758,24.2097,22.8623,22.9528,22.6808,22.8641,23.1658,23.3264,23.6524,23.7623,23.8506,23.6568,23.3261,22.9268,23.3179,22.7478,23.38,21.8612,22.1003,21.8571,22.101,23.1942,23.4356,23.4757,23.5912,23.3659,24.3933,23.0871,23.2843,23.1136,22.5632,22.9515,23.5226,23.0979,23.6616,24.2951,24.4806,23.8266,23.7306,24.0861,23.601,23.7634,21.8331,21.5063,22.1229,22.4878,23.7815,21.9886,22.9939,23.525,23.6699,23.3709,23.1831,23.5817,23.0096,23.121,23.8911,23.3001,22.802,22.9103,23.37,23.9599,21.9461,22.7954,22.9725,23.6104,23.4396,21.7804,21.8048,22.5331,22.6712,23.7477,23.5211,22.0523,21.5573,21.5914,23.6828,21.7035,22.2518,22.9221,22.926,23.7917,21.4991,21.8102,22.1583,23.1265,23.7977,21.7859,22.2402,22.9525,22.2717,23.0828,22.3999,22.5453,22.8652,22.8347,23.0362,22.2264,22.937,22.4792,23.5901,24.782,22.2488,22.0485,22.8645,23.0056,22.8248,21.5558,22.4529,22.8661,22.9864,23.3893
238,1:43:35 PM,21.8774,22.0717,21.9196,22.4444,23.5066,22.912,22.7093,23.6463,23.8896,23.9958,22.8136,22.8366,22.7805,22.9406,23.257,23.3428,23.6928,23.5419,23.9114,23.58,22.9784,22.6815,23.4582,22.6962,23.3066,22.1556,22.0009,21.7864,22.2023,23.3042,23.5708,23.3775,23.4105,23.2933,24.2102,23.247,23.0759,23.0052,22.9231,22.8634,23.4434,23.2356,23.5861,24.4179,24.2149,23.7972,23.625,24.1423,23.5571,23.8047,22.0132,21.7108,22.281,22.256,23.7108,22.212,22.7416,23.3942,23.5058,23.5757,22.7947,23.1512,23.0789,22.8895,23.8753,23.4386,22.6897,22.7147,23.2767,23.8719,21.6274,22.7736,23.122,23.7103,23.43,21.82,21.9067,22.6334,22.7171,23.3996,23.3829,21.9555,21.9077,21.5456,23.7284,21.7447,22.3259,22.845,23.0468,23.5355,21.287,21.7964,22.152,22.9384,23.6914,21.7578,22.2624,22.5532,22.3212,22.5846,22.4587,22.6902,22.756,22.8952,23.7442,22.2196,22.7215,22.6029,23.2237,24.5582,22.441,21.8273,22.7769,22.9322,22.7888,21.3502,22.5067,23.0064,22.8806,23.2635
239,1:43:55 PM,21.785,21.9458,21.8776,22.4774,23.3374,22.673,22.7432,23.6616,23.9017,23.9302,22.9066,22.9686,22.5824,22.6656,23.1357,23.2895,23.4621,23.3914,23.7552,23.6708,22.9319,22.571,23.1142,22.4828,23.3402,21.9684,22.0996,21.5408,22.1633,23.0424,23.2368,23.0411,23.373,23.1664,24.4234,22.9391,23.037,23.0662,22.8206,22.7304,23.3015,23.0691,23.3979,24.2338,24.4059,23.699,23.3218,24.0188,23.5558,23.35,21.7885,21.4229,22.0861,22.1872,23.722,21.9101,22.8124,23.3074,23.2931,23.2588,22.695,23.318,23.0171,22.8917,23.7655,23.3399,22.6003,22.6445,23.153,23.8005,21.7149,22.5133,22.9211,23.4592,23.6898,21.551,21.6858,22.5027,22.4576,23.5033,23.5006,21.754,21.5246,21.3704,23.4292,21.776,21.9988,22.9031,22.8614,23.5012,21.6379,21.6969,21.8256,23.1355,23.5093,21.7451,21.9556,22.7494,22.492,22.96,22.2202,22.435,22.6998,22.9284,23.1567,22.0509,22.596,22.2623,23.274,24.0627,22.5679,22.2063,22.9186,23.029,22.8389,21.3474,22.1958,22.6673,22.8301,23.1792
240,1:44:15 PM,21.9185,21.9904,21.761,22.3843,23.2935,22.6761,22.6953,23.4425,23.6474,23.681,22.7068,22.8263,22.6368,22.749,23.0664,23.1576,23.437,23.4159,23.6521,23.4939,22.5834,22.5609,23.2856,22.537,23.1412,21.8481,22.2845,22.1146,22.1032,23.0846,23.1781,23.147,23.1395,23.0472,23.9392,22.9905,23.0845,22.7992,23.0648,22.85,23.2736,23.0819,23.3551,24.2362,24.3185,23.5874,23.4007,23.8665,23.4988,23.536,21.8086,21.5179,21.9582,22.5149,23.6142,22.1348,22.8004,23.1788,23.2569,23.4764,22.573,23.0495,22.9085,23.0999,23.6529,23.1238,22.5537,22.6526,23.0951,23.3514,21.9161,22.5132,22.8979,23.4349,23.5453,21.548,21.8137,22.4003,22.3832,23.3328,23.1073,21.7603,21.4439,21.2351,23.4347,21.759,22.0997,22.5643,23.0298,23.8867,21.3192,21.6543,21.9808,22.7257,23.6829,21.7885,22.0576,22.4573,22.123,22.3227,22.295,22.358,22.6309,23.108,23.5409,22.0199,22.4311,22.3042,22.9907,24.1157,22.2946,21.7242,22.8332,22.8449,22.5268,21.3483,22.1498,22.7418,22.8953,23.5149
241,1:44:35 PM,21.7088,21.9101,21.8193,22.5227,23.1987,22.5634,22.4774,23.1899,23.6188,23.554,22.7706,22.8363,22.464,22.5387,22.907,23.1111,23.2487,23.3391,23.329,23.4211,22.3538,22.4413,23.0528,22.1123,23.0008,21.8704,22.1237,21.7539,22.1962,22.8832,22.7518,23.0174,23.2861,23.208,23.9819,22.916,22.9268,22.8486,22.7193,22.8433,23.1668,23.1894,23.2419,24.2698,24.1863,23.6193,23.4384,23.7787,23.3574,23.3157,21.5397,21.2285,22.0602,22.0773,23.4214,22.0131,22.6266,22.9631,23.4084,23.2922,22.7907,23.1374,22.8607,23.0797,23.7159,23.2308,22.5956,22.6075,22.9296,23.6211,22.4018,22.4624,22.7853,23.344,23.4397,21.4576,21.766,22.3344,22.4343,23.0534,23.1441,21.6024,22.0521,21.2268,23.3996,21.5096,21.869,22.7533,22.9412,23.633,21.2963,21.5531,21.68,22.7451,23.6323,21.742,22.0918,22.5237,22.1334,22.3766,22.238,22.3114,22.7386,22.7058,23.5151,21.939,22.4286,22.2856,23.1713,24.6351,22.1746,21.8214,22.6167,22.8185,22.4596,21.454,22.2745,22.7423,22.8145,23.1083
242,1:44:55 PM,21.6066,21.8048,21.8309,22.4856,23.165,22.6548,22.5855,23.2665,23.5579,23.7868,22.5496,22.5443,22.4298,22.4626,22.7557,23.1308,23.0708,23.318,23.6074,23.2973,22.2506,22.4417,22.996,22.1933,22.9206,21.7506,22.1565,21.7224,22.1221,22.9513,23.2546,23.0791,23.0978,23.1142,23.6881,22.7856,22.8941,22.5828,22.6261,22.5362,23.2758,22.9816,23.1402,23.9724,24.1823,23.3135,23.4632,23.7667,23.5019,23.291,21.8139,21.4169,21.9399,22.4236,23.4055,21.4316,22.8561,23.0268,22.9324,23.3763,22.8341,23.1809,22.8596,22.8091,23.6837,22.9799,22.656,22.6436,23.147,23.4771,21.8257,22.231,22.9552,23.3486,23.6166,21.6012,21.63,22.2407,22.4009,23.1291,22.9583,21.5024,21.69,21.5382,23.1186,21.3979,21.866,22.7238,22.6722,23.6443,21.2097,21.5099,22.0057,22.7744,23.4089,21.734,22.1023,22.5775,22.1905,22.2445,22.3113,22.3424,22.4336,22.6753,23.0489,22.0534,22.3579,22.3632,22.9361,24.3629,22.001,21.711,22.4973,22.5682,22.4932,21.3688,22.0812,22.5268,22.7956,23.1679
243,1:45:15 PM,21.7317,21.9894,21.5024,22.2703,23.1261,22.7164,22.5506,23.4485,23.7448,23.8464,22.4558,22.4656,22.3176,22.2229,22.6469,23.0667,23.0483,23.1128,23.4614,23.3329,22.8522,22.419,23.1434,22.2449,23.0452,21.6811,21.9509,21.6669,22.0726,22.7291,23.2614,22.6802,23.1184,22.9205,23.7134,22.5542,22.7976,22.4769,22.4177,22.7506,23.146,23.0069,23.2092,24.0021,23.9101,23.2693,23.2956,23.7936,23.1222,23.2701,21.5591,21.2068,21.6859,22.0107,23.4208,22.3141,22.5587,23.0578,23.3858,22.9885,22.7118,23.048,22.6292,22.7505,23.5561,22.7947,22.3574,22.6037,23.1367,23.2654,21.4573,22.3602,22.6701,23.2253,23.5036,21.354,21.4949,22.1356,22.3429,23.056,22.8892,21.2784,21.6295,20.9064,23.0837,21.4925,21.9719,22.8183,22.9712,24.2185,21.1587,21.5431,21.704,22.8709,23.4333,21.5885,22.1593,22.6421,22.128,22.1718,22.1148,22.1989,22.3555,22.7756,23.3981,22.0013,22.4189,22.3696,23.3157,24.8277,22.1271,21.8326,22.7049,22.3789,22.216,21.3202,21.9151,22.1365,22.7844,23.1234
244,1:45:35 PM,21.6387,21.7204,21.587,22.2176,23.028,22.7156,22.3534,23.5118,23.264,23.8009,22.4787,22.3103,22.3249,22.2419,22.5846,23.0085,22.9398,22.9874,23.4277,23.3066,22.53,22.3685,23.1116,22.5098,23.0068,21.6948,21.8898,21.4979,21.8389,22.7853,22.7353,22.7263,23.0499,22.9916,23.8232,22.6222,22.6464,22.6887,22.6671,22.3993,23.0926,22.9475,22.8462,23.822,24.1668,23.3369,23.311,23.5169,23.3127,23.406,21.586,21.0366,21.6824,22.0262,23.258,22.1653,22.4629,22.9906,23.1268,23.2653,22.5124,23.0956,22.4296,22.9511,23.6058,22.7574,22.3016,22.3869,22.8046,23.2961,21.3867,22.2085,22.589,23.2589,23.247,21.3335,21.3005,22.0585,21.8833,22.8855,22.9004,21.473,21.5817,21.0087,23.1045,21.4671,21.9438,22.6782,22.8971,23.7218,21.1945,21.3278,21.7076,22.8545,23.4074,21.6486,22.1032,22.4189,22.1528,22.1452,21.9375,22.1078,22.181,22.5087,22.6889,21.824,22.2016,21.976,23.2877,24.5612,22.1466,21.6933,22.5435,22.4998,22.3904,21.2854,21.7954,22.4265,22.7747,23.1676
245,1:45:55 PM,21.8289,21.6505,21.5339,22.2308,23.0083,22.4853,22.286,23.2433,23.3001,23.5757,22.5106,22.6517,22.1274,22.3662,22.6886,22.8066,23.0236,23.1715,23.3492,23.3683,22.393,22.4895,23.1197,22.1589,23.051,21.6136,21.9648,21.4266,21.6002,22.6383,22.97,22.6276,23.0344,22.742,23.6901,22.7148,22.6879,22.6232,22.3298,22.4087,22.9237,22.8239,22.7613,23.5596,24.1769,23.0134,23.2363,23.3467,23.0336,23.4408,21.3999,21.087,21.4381,21.9497,23.2377,21.9227,22.2944,23.057,23.0545,22.9574,22.7849,22.8126,22.6868,22.725,23.5725,22.8369,22.3738,22.3732,22.7348,23.3261,21.534,22.3255,22.5871,23.0549,23.349,21.2159,21.3173,22.0647,22.1938,22.9144,22.6916,21.4347,21.5934,21.1209,23.3091,21.4341,21.8649,22.6448,22.6214,23.6757,21.1875,21.3984,21.3635,22.5832,23.1301,21.416,21.6557,22.168,22.1592,21.8349,21.9892,21.9839,22.2659,22.4239,23.016,21.7425,22.2655,22.2562,23.0568,24.3187,21.8072,21.7659,22.4034,22.4103,22.2596,21.2278,21.751,22.3407,22.6264,22.997
246,1:46:15 PM,21.8878,21.6635,21.7146,22.1271,22.8487,22.3543,22.577,23.1721,23.499,23.5278,22.3335,22.5711,22.2699,22.3344,22.389,22.7194,22.7697,23.0352,23.2742,23.1944,22.3111,22.3575,22.9245,22.3339,23.0295,21.5528,21.8776,21.7057,21.8033,22.7914,23.108,22.3022,23.1325,22.4999,23.5932,22.6403,22.8171,22.6488,22.3076,22.524,22.9445,22.6616,22.9123,23.6195,23.8668,23.0808,23.1595,23.6172,23.0732,23.0991,21.5419,21.0384,21.634,21.8838,23.1612,21.6693,22.2943,22.9541,23.1779,23.0569,22.3612,22.8103,22.5195,22.6842,23.5731,22.7063,22.3131,22.2262,22.8902,23.5134,22.1122,22.3331,22.1985,22.8455,23.2967,21.4477,21.4635,21.998,22.1949,22.6283,22.6605,21.5414,21.4772,21.2975,23.0317,21.4786,21.8689,22.6872,22.7172,23.7311,21.1651,21.5101,21.3382,22.5387,23.2685,21.3746,21.8451,22.1957,21.9716,22.4301,21.8698,21.9412,22.2987,22.5439,23.0154,22.0683,22.1203,22.3893,22.8435,23.8191,22.0611,21.8437,22.4908,22.4962,22.352,20.9349,21.8694,22.2006,22.48,23.068
247,1:46:35 PM,21.4843,21.6117,21.6463,22.1256,22.7334,22.4303,22.3764,22.9919,23.3375,23.2674,22.3225,22.5402,22.0597,22.1717,22.6542,22.5169,22.8244,22.9811,23.2687,23.2539,22.4145,21.9414,22.5355,21.8963,23.0236,21.5576,21.7835,21.7521,22.0077,22.4982,22.7572,22.8347,22.857,22.8864,23.3448,22.4804,22.619,22.4552,22.2271,22.1179,22.9194,22.7961,22.8972,23.4517,23.7275,23.0263,23.0472,23.3818,22.8083,23.0678,21.3956,21.2987,21.7171,21.7996,22.9771,21.4915,22.3791,22.7023,22.9697,22.9995,22.4231,22.6684,22.3509,22.5553,23.577,22.5016,22.1441,22.2736,22.6766,23.2624,21.4665,22.1343,22.4511,22.9503,23.0396,21.1106,21.4402,21.8115,21.9045,22.8445,22.7803,21.306,21.6462,21.1092,23.2983,21.4895,21.8018,22.4072,22.9076,23.639,21.0037,21.3095,21.731,22.6119,23.1694,21.4306,21.7687,21.9141,21.7053,22.0802,21.9156,22.019,22.157,22.3931,23.3065,21.7243,21.9651,22.1663,22.8048,24.3223,21.8094,21.6976,22.4487,22.3537,22.1142,20.9479,21.6912,22.3607,22.519,23.0388
248,1:46:55 PM,21.6097,21.4724,21.4042,21.9881,22.7186,22.5275,22.3552,22.9192,23.2954,23.3543,22.372,22.3663,22.0272,22.2342,22.5291,22.2977,22.6895,22.734,23.1743,23.1925,22.0991,22.2335,22.6778,21.8963,22.8459,21.6662,21.6475,21.411,21.7315,22.5448,22.6411,22.5305,22.7739,22.9601,23.628,22.4996,22.4134,22.4369,22.5995,22.379,22.8964,22.8203,22.7594,23.6694,23.8919,22.9437,23.2054,23.4391,22.9268,23.2014,21.5429,20.9726,21.4497,21.8628,22.8723,21.8173,22.5961,22.6621,22.984,23.1682,22.8103,22.6713,22.3118,22.4285,23.3896,22.5214,22.0954,22.1209,22.7021,23.2682,21.3889,21.9741,22.4125,22.7239,22.8519,21.2689,21.2443,21.8665,21.9067,22.7039,22.7359,21.3355,21.4591,20.9917,22.9909,21.2782,21.9,22.3196,22.6608,23.6488,21.0982,21.188,21.4181,22.3821,23.0809,21.2782,21.7338,22.0822,21.969,22.1837,21.6443,21.9031,22.1671,22.108,22.8434,21.9223,21.994,22.1857,22.4982,24.1885,22.0829,21.5329,22.3204,22.119,22.2111,21.1427,21.5571,22.1959,22.2896,22.9162
249,1:47:15 PM,21.6327,21.5124,21.3057,22.0384,22.6431,22.3052,22.2032,22.8138,23.3671,23.3887,22.3724,22.3196,22.1101,21.9416,22.4262,22.6245,22.9011,22.7665,23.2114,23.3103,22.3089,22.1241,22.6041,21.863,23.0793,21.4659,21.5195,21.4569,21.6704,22.5289,22.7819,22.7659,22.6728,22.7726,23.5242,22.5202,22.5248,22.3306,22.0877,22.193,22.6893,22.6748,22.9782,23.6844,23.9391,22.9956,22.9379,23.4362,22.7629,23.2445,21.2746,21.1832,21.4206,21.8179,22.7135,21.7361,22.3668,22.7384,22.6634,22.7895,22.3908,22.5941,22.2416,22.5231,23.3059,22.4819,22.1017,22.1384,22.6902,23.0918,21.3319,22.0765,22.3557,22.9392,23.2162,21.0555,21.327,21.9311,21.914,22.6992,22.7468,21.1389,21.1139,21.0494,23.1923,21.0921,21.858,22.2433,22.3434,23.4427,20.882,21.2368,21.3571,22.2076,22.8897,21.0974,21.4199,22.0173,21.6972,22.0343,21.601,21.8489,22.1121,22.186,22.7638,21.5032,21.9963,22.2359,22.9448,24.2475,21.8365,21.6375,22.3111,22.3098,22.1307,21.0201,21.6266,22.1438,22.6652,23.0389
250,1:47:35 PM,21.3966,21.3073,21.5532,21.7691,22.7169,22.3033,22.2298,22.798,23.2278,23.3351,22.2528,22.2416,21.9544,22.1945,22.4947,22.4751,22.7692,22.6914,23.0635,23.081,22.0343,22.0343,22.5206,22.0226,22.9068,21.3456,21.6455,21.3022,21.4419,22.3615,23.0054,22.4311,22.8644,22.872,23.3089,22.4258,22.3753,22.2936,22.1212,22.1231,22.6646,22.649,22.5392,23.4568,23.649,22.7744,22.8499,23.1864,22.8036,23.1197,21.3466,20.9396,21.4397,21.7552,23.0006,21.7325,22.3343,22.5293,22.7353,22.6494,22.5532,22.6636,22.2254,22.3891,23.3745,22.6324,21.9585,22.1395,22.6135,23.0552,21.227,21.8632,22.3633,22.6986,23.3195,21.0149,21.1031,21.7497,21.79,22.7089,22.5706,21.045,21.9233,21.0091,23.206,21.0643,21.6181,22.3159,22.2276,23.4147,20.9813,21.1635,21.4902,22.12,22.9442,20.988,21.2036,21.8936,21.496,22.411,21.8971,21.84,22.1317,22.0486,22.7489,21.8689,21.911,22.0498,22.5187,24.5733,21.8694,21.4468,22.1876,22.2354,22.1245,20.9824,21.5916,22.0919,22.4162,22.8379
251,1:47:55 PM,21.5716,21.62,21.3845,21.9052,22.6341,22.3433,22.2422,23.018,23.2017,23.155,22.3217,22.2449,21.917,22.0024,22.3379,22.3702,22.7897,22.5928,23.0524,23.2029,22.2144,22.0163,22.3535,21.9154,22.8633,21.3699,21.6182,21.3143,21.6727,22.2587,22.5852,22.4585,22.7769,22.7471,23.1454,22.3438,22.2919,22.2252,22.1302,22.0829,22.4555,22.6332,22.9558,23.5451,23.8475,22.8927,22.6678,22.9198,22.4909,23.1611,21.2625,20.8828,21.4533,21.63,22.8387,21.5749,22.1709,22.5097,22.9122,22.5735,22.3519,22.646,22.193,22.3617,23.1711,22.5438,22.0235,21.9851,22.345,23.1985,21.5431,21.8886,22.191,22.9873,23.0789,20.98,20.908,21.7567,22.0397,22.4963,22.5773,21.1089,21.4963,21.0582,22.8276,21.1909,21.6768,22.3613,22.5166,23.485,20.9818,21.2369,21.1241,22.1263,23.0582,21.1602,21.455,21.7592,21.2522,21.8804,21.6187,21.7535,22.1968,22.1578,22.8779,21.8078,21.9512,21.9607,22.6845,23.7193,21.7026,21.5744,22.1835,22.2905,22.4552,20.6643,21.5504,21.763,22.5651,22.8677
252,1:48:15 PM,21.5672,21.4175,21.3643,21.9401,22.5597,22.192,22.2359,22.8082,22.9813,23.1228,22.2282,22.3059,21.9128,21.9044,22.3429,22.4454,22.7457,22.5298,22.9912,23.3243,22.0823,22.0455,22.4955,21.7661,22.6803,21.4734,21.7829,21.5365,21.5055,22.3843,22.6198,22.386,22.6223,22.4279,23.4163,22.3732,22.5386,22.4786,22.2952,22.4353,22.5356,22.3788,23.047,23.3562,23.7481,22.8303,22.8523,23.0747,22.5309,22.9667,21.3368,20.9344,21.3976,21.5999,22.7332,21.5609,22.0206,22.4583,22.7695,23.1055,22.1351,22.593,22.3266,22.4229,23.1735,22.6612,22.0368,22.0915,22.5072,22.9576,21.3407,21.7421,22.1772,22.5954,22.6439,21.0072,21.1362,21.5305,21.7519,22.5199,22.4941,20.9977,21.744,20.9151,22.4995,21.165,21.701,22.5878,22.4797,23.5674,21.0048,21.0864,21.1448,22.0902,22.9818,21.2078,21.478,21.8993,21.7402,22.1035,21.7326,21.6312,21.9298,22.051,22.4276,21.448,21.9907,22.1592,22.4491,23.5148,21.9004,21.4951,21.9761,22.1626,21.9744,21.2131,21.5543,22.2576,22.4503,22.6693
253,1:48:35 PM,21.3578,21.2768,21.4313,21.8384,22.3847,22.058,22.0658,22.781,22.6741,23.0244,21.9979,22.1345,22.1574,22.0744,22.547,22.2975,22.7047,22.7312,22.9253,23.0762,21.8971,22.1812,22.3057,22.007,22.6728,21.3272,21.5199,21.1011,21.4337,22.3522,22.6089,22.131,22.5017,22.2645,23.0064,22.2958,22.3399,22.5114,22.3006,22.1835,22.6697,22.4764,22.5772,23.3751,23.636,22.7831,22.826,23.0973,22.6371,22.8283,21.3083,20.6862,21.3399,21.582,22.9254,21.2617,22.2756,22.5248,22.4577,22.5932,22.2644,22.4447,22.129,22.4953,23.2877,22.5554,22.0236,21.8603,22.3842,22.9365,21.4934,22.0056,22.2379,22.5754,22.6946,21.1968,21.0428,21.7318,21.9186,22.6169,22.4369,21.1976,21.5318,21.0589,22.7762,21.2907,21.4596,22.1859,22.2884,23.2893,20.7661,21.1402,21.2054,22.3234,23.0628,21.2669,21.6026,22.0664,21.8205,22.3204,21.7587,21.7019,21.9675,21.9249,23.2296,21.6818,21.7393,22.0169,22.6664,24.1444,21.6694,21.4582,21.7999,22.2006,22.1869,20.721,21.4861,22.1244,22.4559,22.5805
254,1:48:55 PM,21.2858,21.4893,21.3041,21.849,22.2777,22.0794,22.0648,22.5097,22.7901,22.8002,22.214,22.3334,22.0298,22.2833,22.5613,22.2585,22.7816,22.6103,22.7834,23.1158,21.9799,21.846,22.4998,22.1609,22.5977,21.3297,21.6132,21.1319,21.4593,22.015,22.468,22.3042,22.5184,22.3491,23.0891,22.3105,22.3366,22.4445,22.2119,22.2905,22.6243,22.6424,22.7469,23.4033,23.7494,22.6829,22.6922,23.0875,22.4358,22.6236,21.1747,20.5769,21.2249,21.5361,22.8158,21.2371,22.1095,22.5128,22.5289,22.8557,22.1304,22.4554,22.0704,22.363,23.0484,22.447,22.0088,22.0096,22.279,22.9382,21.322,21.7391,22.1304,22.3849,22.6365,20.9659,21.1143,21.4781,21.7573,22.457,22.4099,21.0297,21.4488,20.994,22.7502,20.9009,21.5556,22.3559,22.305,23.4732,20.9811,21.1277,21.2416,22.4508,23.0115,21.0433,21.0212,21.9096,21.6891,22.342,21.5085,21.4658,21.8608,21.9973,22.3649,21.6659,21.7409,21.967,22.3386,23.7022,21.5,21.4523,22.122,22.2542,22.389,21.1431,21.5646,22.2681,22.2807,22.5301
255,1:49:15 PM,21.2883,21.4822,21.1949,21.5594,22.4992,21.8513,22.0291,22.4875,23.0124,23.0593,22.0411,22.0811,21.6977,22.0643,22.2567,22.3975,22.5969,22.6538,22.8879,23.1512,22.0054,22.2087,22.6643,22.055,22.7073,21.2803,21.6415,21.2886,21.3153,22.1483,22.3816,22.0594,22.3452,22.4737,23.2765,22.2382,22.281,22.4333,22.5007,22.3225,22.4771,22.2583,22.7048,23.3059,23.7165,22.6102,22.9926,23.0267,22.4776,22.899,21.262,21.0139,21.4566,21.5504,22.7784,21.4631,22.1689,22.3359,22.4022,22.662,21.955,22.3142,21.7488,22.4393,22.991,22.5511,21.9113,21.883,22.2569,22.9587,21.3361,21.8524,22.3131,22.565,23.0733,21.1176,21.1365,21.5696,21.991,22.3152,22.3983,21.2253,21.629,20.815,22.3863,21.0626,21.5262,22.3587,22.3377,23.3967,20.71,20.9319,21.3226,21.9828,22.8737,20.9856,20.8934,21.428,21.7261,21.4606,21.8123,21.5639,21.9154,21.9898,22.9479,21.6852,21.8633,22.1344,22.6445,23.6333,21.8187,21.5537,22.0729,22.2871,22.0858,20.7566,21.5706,21.7678,22.2027,22.6901
256,1:49:35 PM,21.2362,21.3309,21.3212,21.6731,22.2444,22.0851,21.8872,22.5544,22.7103,22.9085,22.0441,21.7984,21.7438,22.0605,22.567,22.229,22.5841,22.6846,22.8013,22.9898,21.9828,22.1185,22.2816,21.8481,22.8566,21.3683,21.4322,21.0937,21.1487,22.1493,22.4034,22.2415,22.4185,22.3778,23.1282,22.1634,22.2234,22.2581,22.0726,22.3662,22.5833,22.4785,22.4373,23.2989,23.3904,22.5214,22.7942,22.9604,22.4253,22.8836,21.1747,20.9578,21.2664,21.4293,22.4594,21.2711,22.0699,22.3866,22.5752,22.5283,22.0356,22.2259,21.9706,22.4186,23.2015,22.2348,21.8516,21.8638,22.2764,22.969,21.0441,21.8756,21.9441,22.2088,22.8218,21.0053,21.0245,21.6142,21.6998,22.2095,22.2592,20.9641,21.3972,20.814,22.6418,21.1335,21.4455,22.2222,22.5975,23.7516,20.6527,20.7682,21.0814,22.2712,23.0285,21.0656,21.2468,21.7439,21.6319,22.3202,21.3822,21.665,21.8551,22.0105,22.5726,21.3914,21.8344,21.9321,22.428,24.1929,21.5388,21.49,21.9872,22.021,22.1306,20.8567,21.586,21.8125,22.2581,22.3661
257,1:49:55 PM,21.2197,21.4201,21.2322,21.5459,22.3588,22.1235,22.0014,22.6013,22.7781,22.6602,21.9249,22.1342,21.8338,22.1127,22.2506,22.2091,22.524,22.3372,22.8167,23.0362,21.8855,21.9268,22.3112,21.9432,22.5659,21.1421,21.4719,21.3691,21.3914,22.0904,22.4035,22.1556,22.504,22.3624,23.094,22.3431,22.2695,22.1672,22.1922,21.9912,22.4797,22.4643,22.8401,23.247,23.5724,22.5055,22.843,22.7988,22.5431,22.8035,21.1968,20.7262,21.3152,21.4307,22.5884,21.0855,22.0489,22.4042,22.4308,22.5881,21.9515,22.2125,21.9096,22.2708,23.1728,22.2223,21.7815,21.793,22.1776,22.8677,20.9537,21.6608,22.1242,22.2808,22.6931,20.994,21.0223,21.5148,21.8987,22.2794,22.2895,20.9792,21.2976,21.0558,22.8457,20.9393,21.5041,22.1378,22.403,23.2642,20.7418,20.8845,21.166,21.8887,22.7836,21.0912,21.0731,21.3937,21.45,22.3435,21.3995,21.4792,21.9589,21.988,22.9194,21.4008,21.8003,21.8092,22.5048,24.0659,21.5381,21.297,22.0611,21.9296,21.9238,20.7925,21.4064,22.1371,22.3458,22.3393
258,1:50:15 PM,21.2104,21.2966,21.0875,21.7017,22.2814,22.1525,21.6582,22.1098,22.4029,22.7409,22.0314,21.8661,21.7321,21.9873,22.3662,22.1935,22.4496,22.4545,22.6732,22.9981,22.1053,22.1874,22.3187,21.9239,22.5058,21.1022,21.44,21.0372,21.4965,22.093,22.5367,21.9383,22.2282,22.4901,23.1806,22.1329,22.2701,22.1715,22.2133,22.1844,22.264,22.438,22.82,23.3092,23.4464,22.5939,22.7147,22.9836,22.4423,22.7297,21.0087,20.7368,21.1163,21.3842,22.5218,21.2103,22.106,22.2031,22.5059,22.75,22.1362,22.4412,22.1276,22.3353,22.9907,22.3254,21.7712,21.8153,22.2237,22.8543,21.1807,21.864,22.0303,22.3849,22.8946,20.8479,21.3303,21.3368,21.8985,22.2233,22.3385,20.901,21.4721,20.8577,22.3475,20.9622,21.5306,21.9935,22.0751,23.2063,20.7827,20.83,21.4013,22.4067,22.8666,20.8835,21.2434,21.9476,21.6652,22.0009,21.4252,21.542,21.7817,21.9229,22.359,21.4413,21.8454,21.7645,22.3731,23.6116,21.5136,21.4702,22.2,21.8317,22.1908,20.5268,21.4006,21.8495,22.0786,22.2839
259,1:50:35 PM,21.0439,21.1353,21.2134,21.7712,22.2242,22.0655,22.1151,22.4761,22.5194,22.5788,22.0867,21.852,21.6952,21.9169,22.4464,22.1328,22.4269,22.5843,22.9191,23.0137,22.0805,21.8457,22.3306,22.0295,22.6374,20.9665,21.4512,21.6077,21.5657,22.038,22.0375,22.1275,22.4235,22.3162,22.8789,22.0536,22.0959,22.0832,22.1991,22.0313,22.2628,22.3008,22.5446,23.0573,23.3896,22.6844,22.6598,22.8272,22.342,22.8259,20.9622,20.7283,21.2021,21.4258,22.4539,21.2137,22.0921,22.454,22.5527,22.3496,21.8749,22.2873,21.9508,22.3223,23.2866,22.2298,21.5542,21.7016,21.991,22.8065,21.1478,21.6429,21.9511,22.2355,22.5878,20.8163,20.8423,21.2739,21.7011,22.2679,22.267,20.916,21.5912,20.6093,22.5374,21.0057,21.3687,21.8787,22.1657,23.8733,20.5848,20.7188,20.9623,22.1682,23.0785,20.9006,20.9626,21.6101,21.5154,21.6093,21.3853,21.6791,21.7482,21.5681,22.5373,20.8832,21.523,21.6244,22.1365,23.9133,21.3146,21.3369,22.0567,21.9199,22.2924,20.6472,21.4896,21.8326,22.1425,22.437
260,1:50:55 PM,21.0743,21.0722,21.2513,21.722,22.2149,22.0173,21.6446,22.3018,22.5629,22.7558,21.8199,21.9053,21.5392,21.9359,22.3131,22.1401,22.3552,22.2823,22.6921,22.8242,21.8778,21.8225,22.1564,21.5528,22.5088,21.1533,21.2026,21.1508,21.2274,21.8331,22.1764,21.9692,22.3499,22.4636,23.1911,22.0104,22.1181,22.0766,22.1224,22.1881,22.4609,22.1983,22.3778,23.0976,23.4747,22.4979,22.5358,22.8541,22.3722,22.871,20.9731,20.7286,20.9508,21.3022,22.4865,21.2484,21.8566,22.3687,22.3356,22.6031,21.8441,22.1166,21.9418,22.1676,22.9212,22.2705,21.7466,21.7845,22.121,22.8477,21.0305,21.862,22.0749,22.3005,22.8544,21.0875,21.0139,21.4789,21.6046,22.1232,22.2021,20.8715,21.3653,20.6349,22.3662,20.9872,21.3245,22.1702,22.0889,23.4519,20.5447,20.8206,20.7055,22.3296,22.9583,20.9175,21.0835,21.5885,21.4419,22.0791,21.452,21.4278,21.572,21.9569,22.5772,21.1861,21.6029,21.711,22.0625,23.9061,21.4514,21.2837,21.8494,21.9035,21.8517,20.6603,21.3311,21.7944,22.0592,22.3408
261,1:51:15 PM,21.1595,21.1379,21.1272,21.652,22.1376,22.1418,21.6861,22.3129,22.7934,22.5686,21.8948,21.666,21.4731,21.5549,22.1774,22.1229,22.2633,22.5911,22.5207,22.9476,22.0129,21.8615,22.2323,21.9304,22.4527,21.2626,21.1574,20.9279,21.4813,22.0686,22.2218,22.1649,22.4284,22.4932,22.95,22.0158,22.1461,22.0944,21.6894,21.7877,22.2866,22.1792,22.563,23.2017,23.4932,22.527,22.445,22.7361,22.0939,22.9843,21.0579,20.8283,21.0759,21.1821,22.3119,21.0927,21.9229,22.2003,22.2562,22.6279,22.0754,22.1227,21.8868,22.1375,23.0266,22.0742,21.7516,21.53,22.1008,22.6732,21.0395,21.6548,22.0303,22.0822,22.4011,20.8392,21.0213,21.4133,21.5232,22.1211,22.1151,20.9301,21.3721,20.602,22.4507,20.6196,21.4004,21.9996,22.0799,23.4068,20.5377,20.7672,20.8573,22.0486,23.0682,20.7408,21.1317,21.7477,21.5384,21.8347,21.3966,21.5654,21.7471,21.8223,22.6606,21.2962,21.6161,21.621,22.2516,23.9484,21.4041,21.3461,21.9814,21.7396,21.7142,20.5256,21.3229,21.5235,21.9583,22.2987
262,1:51:35 PM,21.1382,21.2568,20.939,21.5719,22.26,21.9133,21.7447,22.2011,22.6661,22.5774,21.5934,21.7339,21.5216,21.7511,22.0728,22.0549,22.3815,22.4799,22.6367,22.9278,21.8079,21.7224,22.1488,21.2792,22.5074,21.149,21.2067,21.0198,21.0704,21.852,22.3495,21.7792,22.4677,22.319,23.003,21.945,22.0465,22.0904,21.8498,21.9905,22.2958,22.1163,22.3163,23.1433,23.442,22.3593,22.4482,22.7533,22.176,22.6422,20.9053,20.6599,21.034,21.3003,22.3351,21.3857,21.9313,22.2982,22.4052,21.9779,21.8315,22.3689,21.923,22.1499,22.9952,22.0827,21.5609,21.6992,22.1033,22.8301,20.9211,21.6956,21.7726,22.273,22.4734,20.7501,20.9164,21.4167,21.5262,22.133,22.2226,20.8684,21.2161,20.6947,22.2006,21.0897,21.3652,22.0215,22.4001,23.4344,20.5397,20.7422,21.1472,22.4617,22.8711,20.8708,20.9762,21.5426,21.5903,21.6754,21.399,21.3164,21.7838,21.8554,22.1517,21.3746,21.5985,21.6427,22.181,24.3586,21.3761,21.1867,21.9866,21.7164,21.8493,20.5427,21.0934,21.589,22.0308,22.5667
263,1:51:55 PM,20.9432,20.9028,21.0266,21.5308,22.1611,22.1016,21.8648,22.1509,22.5681,22.6342,21.7684,21.9259,21.5538,21.7399,22.1818,21.9533,22.2601,22.2933,22.4078,22.785,21.73,21.7789,21.8445,21.6432,22.3999,21.0368,21.309,21.1112,21.2134,21.8942,21.8357,21.9712,22.1225,22.2275,22.9072,22.0534,22.1052,21.8962,21.9359,21.9604,22.4849,22.1798,22.2895,23.2349,23.472,22.4072,22.5982,22.6194,22.1098,22.7081,20.8743,20.6234,20.9397,21.1712,22.3416,21.1195,22.0909,22.2683,22.5243,22.5019,21.7384,22.1563,21.7663,22.0872,23.037,22.0711,21.5381,21.5093,21.8834,22.6759,21.2951,21.5409,21.7547,22.2295,22.2739,20.6519,20.8714,21.1991,21.4173,22.1435,22.0757,20.7395,21.3809,20.4975,22.0928,20.5258,21.138,21.9985,22.1855,22.9345,20.6598,20.7594,20.2471,22.0326,22.7995,20.7481,20.9334,21.4858,21.5721,21.5058,21.3081,21.4057,21.4981,21.8701,22.0311,21.2872,21.6765,21.7796,21.9379,23.2483,21.3346,21.3269,22.0289,21.9073,21.6343,20.5618,21.3195,21.6875,21.9912,22.5329
264,1:52:15 PM,21.0508,20.9755,20.9482,21.5978,22.277,22.0379,21.6748,22.1363,22.3927,22.5482,21.9461,21.7372,21.4393,21.4398,22.163,22.0341,22.331,22.1084,22.5976,22.8082,21.76,21.7558,22.0925,21.5583,22.3731,21.005,21.0592,20.9261,21.1424,22.0437,22.0687,21.8386,22.3144,22.1607,22.968,21.8624,21.9816,21.9009,21.9641,21.8381,22.2313,22.1298,22.4451,22.9228,23.3389,22.3354,22.3405,22.4633,22.3366,22.611,21.037,20.5765,21.1216,21.2084,22.2621,21.0964,21.8937,22.2613,22.4286,22.4194,21.8033,22.1162,21.5878,21.9686,22.6744,22.0538,21.4754,21.6071,22.0673,22.7368,20.7592,21.4426,21.9448,22.0501,22.327,20.7099,20.6618,21.2885,21.5574,22.0152,22.1861,20.6607,21.4622,20.6731,22.1791,20.868,21.1984,22.052,22.0236,22.9162,20.4988,20.6867,20.9995,21.5394,22.9424,20.7266,20.938,21.4433,21.246,21.6546,21.3242,21.4344,21.5629,21.6313,21.9255,20.9503,21.4189,21.4658,22.0566,23.6166,21.4247,21.2766,21.8573,21.6359,21.4742,20.7285,21.2716,21.7275,22.2374,22.4788
265,1:52:35 PM,21.0258,21.053,20.9152,21.4552,22.0527,21.8104,21.6382,22.3387,22.4909,22.4826,21.6773,21.7678,21.4858,21.5509,22.0814,21.9342,22.26,21.9359,22.5257,22.7709,21.5213,21.4259,21.8893,21.7886,22.429,20.975,21.2279,20.9733,21.2584,21.832,22.2139,22.0291,22.1283,22.3854,22.942,21.9169,21.7765,21.8893,21.7795,21.746,22.0836,22.0074,22.1725,22.9746,23.1425,22.2211,22.3215,22.5586,22.1599,22.6568,20.8917,20.7046,20.9189,21.1645,22.1474,20.9175,21.7863,22.2106,22.2106,22.206,21.7385,21.987,21.6647,21.9088,22.5665,22.1923,21.7033,21.6794,21.9842,22.6452,21.2028,21.401,21.7561,22.1725,22.3317,20.7566,20.7761,21.1182,21.4495,22.0157,21.9316,20.5862,21.2847,20.4511,22.4697,20.7015,21.2852,21.7276,21.7985,23.6954,20.4376,20.546,20.4483,21.9858,22.9527,20.6854,21.0976,21.2545,21.2069,21.2119,21.2543,21.2535,21.5295,21.7039,22.3339,21.0095,21.491,21.637,22.1121,24.1116,21.2232,21.159,21.8098,21.7605,21.5297,20.5152,21.2908,21.5255,21.8063,22.2268
266,1:52:55 PM,21.1356,21.156,20.9269,21.4076,22.0498,21.8535,21.6794,22.1893,22.5567,22.6442,21.6975,21.491,21.4907,21.6025,21.7428,21.8762,22.0311,22.0979,22.5136,22.7783,21.8068,21.6487,22.0577,21.941,22.2294,21.217,21.2242,21.2822,21.3477,21.8433,22.1208,21.7873,22.3049,22.2795,22.7313,21.8988,21.909,21.5923,21.3479,21.6171,21.8757,22.167,22.244,22.9811,23.1754,22.1657,22.27,22.62,22.0333,22.3523,20.8223,20.613,20.8238,21.1794,22.3244,21.5099,21.906,22.0624,22.3056,22.1322,21.7358,22.1759,21.7379,21.7729,23.0632,22.0735,21.3574,21.4224,21.8378,22.5704,20.7773,21.4137,21.8417,22.1503,22.307,20.6081,20.8276,21.1424,21.0701,22.0047,22.1661,20.7917,21.0763,20.3438,22.1369,20.8017,20.9008,21.6272,22.0072,23.044,20.5482,20.4999,21.0142,21.8967,22.893,20.73,21.0989,21.3797,21.3213,21.9297,21.2518,21.3112,21.3367,21.643,22.1466,21.0644,21.3757,21.3153,21.8501,23.3868,21.31,21.2751,21.5619,21.6078,21.5969,20.5966,21.3136,21.3786,22.0571,22.264
267,1:53:15 PM,20.886,20.8126,20.6356,21.3971,21.8242,21.5848,21.4807,22.1676,22.3227,22.5626,21.8002,21.6051,21.3695,21.5461,21.8616,21.7146,21.946,22.0205,22.3546,22.7413,22.0052,21.558,21.9743,22.0401,22.5101,20.7353,21.0235,20.8893,21.2042,21.6888,22.1595,21.9611,22.2095,22.1055,22.9382,21.7455,21.7163,21.8186,21.7617,21.5574,22.2153,21.9922,22.2454,22.9907,23.2756,22.2588,22.1939,22.5508,22.0223,22.4166,20.7811,20.2299,20.8108,21.0981,22.1559,20.9911,21.6379,22.1529,22.2407,22.5568,21.6519,21.9568,21.7459,21.6908,22.8836,21.7756,21.5814,21.4813,21.9706,22.627,20.8092,21.6109,21.821,22.1854,22.5206,20.5645,20.477,21.0639,21.3566,21.999,22.0455,20.4714,21.0605,20.4106,22.2295,20.7625,21.0896,22.0752,21.8964,23.2952,20.4658,20.5502,20.8383,22.0191,22.6449,20.7515,21.1343,21.2992,21.1171,21.4335,21.2699,21.1352,21.5425,21.5939,22.4441,21.0082,21.3572,21.3935,21.9635,23.6727,21.138,21.1975,21.5085,21.7646,21.5638,20.7499,21.0618,21.7119,22.0017,22.1354
268,1:53:35 PM,20.9111,20.9566,20.9093,21.2858,21.969,21.7488,21.3842,22.1098,22.2327,22.4475,21.7128,21.6432,21.6157,21.7292,21.9574,21.7779,22.0669,22.0497,22.2913,22.7708,21.7535,21.6724,21.6912,21.9105,22.3223,20.9111,21.0517,20.9586,21.1309,21.6304,22.0355,21.5957,21.949,22.1407,22.869,21.8039,21.8859,21.9015,21.9593,21.6725,21.8979,22.0309,22.0419,22.8742,23.2156,22.2443,22.2969,22.4919,22.1178,22.7383,20.5286,20.5392,20.7361,21.0823,22.3484,20.8272,21.7314,22.1654,22.301,22.0934,21.5242,21.8011,21.5834,21.9648,22.9153,21.8069,21.4044,21.4964,21.9037,22.5633,20.7616,21.2514,21.5973,22.0803,22.411,20.5848,20.6046,21.0374,21.2445,22.0011,22.0209,20.6327,21.1216,20.3571,22.4137,20.6246,20.7447,21.6757,21.664,22.8731,20.3654,20.5907,20.6991,21.8805,22.8107,20.8277,20.9883,21.5643,21.1009,21.8005,21.1314,21.2976,21.469,21.5126,22.2557,21.0845,21.3263,21.3486,21.7953,23.3824,21.2133,21.3069,21.6702,21.703,21.8341,20.6311,21.0617,21.6768,21.796,22.1617
269,1:53:55 PM,20.8661,20.9752,20.8813,21.3038,21.6921,21.7052,21.3636,22.1364,22.4039,22.423,21.6775,21.5244,21.403,21.523,21.89,21.7474,22.073,22.2267,22.2828,22.8525,21.5356,21.6477,21.7933,21.5964,22.1228,20.9308,21.0311,20.6903,21.1483,21.5313,21.4899,21.8457,21.9899,22.1037,22.707,21.7066,21.835,21.7316,21.2757,21.7092,22.0376,22.0247,22.2822,22.9647,23.1934,22.2009,22.2219,22.2849,21.8892,22.3735,20.7784,20.5404,20.8953,21.2845,22.1693,20.902,21.7364,21.9716,22.1595,22.2781,21.5051,21.7188,21.3925,21.8848,22.8623,22.104,21.4575,21.4083,21.7572,22.4883,20.5779,21.4752,21.5826,22.0516,22.2694,20.5672,20.3987,21.0697,21.2943,21.8758,21.8476,20.5297,20.7973,20.528,22.3479,20.7519,21.3049,21.6516,21.8854,23.0242,20.1675,20.4793,20.5387,21.7549,22.77,20.574,20.7472,21.3336,21.3105,21.1918,21.0501,20.9624,21.5158,21.3945,22.35,20.9572,21.2564,21.4101,21.9624,23.6596,21.2228,21.1587,21.5901,21.6288,21.5602,20.6758,20.9079,21.3338,21.9515,22.0554
270,1:54:15 PM,20.624,20.6577,20.7297,21.3559,21.7352,21.6326,21.2399,22.0736,22.3922,22.4513,21.6064,21.5645,21.2002,21.5669,21.9462,21.8531,22.0792,22.1306,22.3649,22.6468,21.6275,21.7439,21.8288,21.3874,22.2571,20.9862,20.9684,20.91,21.0234,21.7499,22.1446,21.6166,22.0558,22.0317,22.6934,21.791,21.9033,21.673,21.7413,21.6552,22.1688,21.8567,22.0822,22.9474,23.2179,22.1323,22.278,22.4932,22.112,22.5492,20.6543,20.522,20.5326,21.0079,22.2875,20.8952,21.6054,21.7414,22.0059,22.1043,21.6475,21.6361,21.5929,21.9216,22.95,21.8364,21.3719,21.5449,21.8627,22.6184,20.8879,21.2276,21.5977,21.8611,22.1093,20.4481,20.254,21.0265,21.3111,21.944,21.9858,20.5522,20.878,20.4446,22.0443,20.6305,21.0964,21.7148,21.9658,22.8407,20.4615,20.413,20.1336,21.9597,22.8755,20.3392,21.0284,21.2834,21.3318,21.8326,21.1006,20.9375,21.2956,21.5095,22.0239,20.9849,21.2504,21.3373,21.9252,23.3912,21.2312,20.9213,21.5602,21.5289,21.724,20.4923,21.2184,21.717,21.9354,22.0497
271,1:54:35 PM,20.8505,20.7878,20.7247,21.3135,21.8637,21.6758,21.5592,21.8915,22.0213,22.3632,21.4216,21.5174,21.3685,21.5832,21.7793,21.8152,22.0163,21.9458,22.4342,22.7064,21.831,21.7151,21.8464,21.8731,22.1997,20.7991,21.0529,20.9451,21.1516,21.6953,21.8037,21.6564,21.9503,21.9581,22.7952,21.7587,21.7421,21.8753,21.9931,21.7842,21.966,21.6923,22.0604,22.7871,23.1573,22.1128,22.3056,22.2823,21.9421,22.27,20.4753,20.2086,20.6888,21.0187,21.9492,20.6984,21.4679,22.0044,22.1651,22.1498,21.615,21.5738,21.6179,21.8837,22.6564,21.8159,21.1941,21.2356,21.6609,22.578,20.7998,21.2154,21.6716,22.0379,22.2882,20.4829,20.6266,21.0876,21.331,21.7246,21.8029,20.5188,21.0344,20.3949,22.3695,20.5888,20.9639,21.7775,21.8686,23.0303,20.1423,20.4135,20.7773,21.6601,22.5027,20.6765,20.9548,21.4764,21.1277,21.3385,20.9237,21.0647,21.3717,21.4075,22.1238,20.7044,21.1696,21.2157,22.0903,22.9511,21.0644,20.8856,21.6196,21.4642,21.2544,20.3371,21.3233,21.6085,21.9102,22.0183
272,1:54:55 PM,20.7514,20.7579,20.7508,21.1886,21.8411,21.5617,21.2724,21.8822,22.0575,22.2834,21.5709,21.6067,21.5797,21.8265,21.9342,21.8217,22.0165,21.968,22.3538,22.4719,21.6528,21.7126,21.9124,21.3209,22.2493,20.7265,21.079,20.6139,20.8738,21.5344,21.8861,21.5655,21.9593,21.8237,22.7574,21.7993,21.7455,21.8234,21.743,21.9411,21.9388,21.9712,21.8651,22.6172,23.1459,22.0793,22.1128,22.2546,21.9371,22.3802,20.635,20.4656,20.6413,20.9582,22.1144,20.8869,21.341,21.8525,22.0391,22.3541,21.5358,21.5397,21.4268,21.9616,22.6236,21.759,21.2364,21.4004,21.8104,22.6585,20.6614,21.2513,21.9222,21.9465,22.4124,20.4354,20.5092,20.9689,21.3315,21.897,21.9503,20.5311,21.1699,20.3459,22.1225,20.6546,20.9244,21.6143,21.7817,22.7935,20.0983,20.3962,20.8435,22.0383,22.5245,20.3719,20.8212,21.0591,20.8951,21.3607,21.0396,21.1282,21.2356,21.4209,22.2778,20.9785,21.3292,21.2222,22.4932,23.4482,21.1419,20.9493,21.4517,21.502,21.1723,20.305,21.0642,21.6372,21.8547,22.1257
273,1:55:15 PM,20.8681,20.8252,20.9166,21.3075,21.7368,21.483,21.4539,21.8561,22.0958,22.1165,21.5919,21.3306,21.2175,21.5357,21.8994,21.7893,21.8409,22.0409,22.2185,22.4716,21.6258,21.5425,21.7916,21.3715,22.1442,20.7951,20.9512,20.6167,20.9126,21.6054,21.7519,21.8374,22.0234,21.8699,22.4978,21.662,21.5866,21.6326,21.8544,22.1486,22.1644,21.9969,22.1438,22.6453,23.0585,22.2299,22.2492,22.1934,21.8673,22.2731,20.7976,20.2112,20.5708,20.9078,22.2259,20.936,21.4976,21.8428,21.8859,22.0826,21.409,21.7636,21.4033,21.8431,22.7252,21.9717,21.425,21.3255,21.6722,22.5994,20.9731,21.3802,21.7297,21.7844,22.0745,20.5217,20.5267,21.0516,21.1701,21.6742,21.915,20.5116,20.6369,20.274,21.9964,20.4056,20.8773,21.3737,21.4876,22.3582,20.1552,20.449,20.6114,21.9878,22.48,20.4228,20.672,21.2679,21.0793,21.3472,21.0594,21.0254,21.2454,21.3701,21.9442,20.8175,21.1038,21.2101,22.2022,23.5055,21.084,21.053,21.597,21.4822,21.6339,20.3525,20.959,21.4488,21.7331,22.3713
274,1:55:35 PM,20.6619,20.8201,20.7495,21.1647,21.6462,21.8533,21.2605,21.5318,21.5603,21.9082,21.3506,21.415,21.2512,21.6345,21.7955,21.6923,22.0988,21.8787,22.4203,22.4557,21.551,21.3382,21.7749,21.6674,22.2003,20.7522,20.8497,20.7166,20.9472,21.5445,21.8815,21.6268,21.8632,22.0245,22.7074,21.6092,21.6657,21.5366,21.6188,21.8311,22.1139,21.991,22.1211,22.7754,23.0794,22.0965,22.2148,22.3373,21.7334,22.3888,20.5869,20.1997,20.7566,21.0838,22.0447,21.1199,21.399,21.8595,21.96,22.0008,21.5403,21.568,21.6439,21.9985,22.6944,21.7817,21.3357,21.2771,21.6814,22.5493,20.4476,21.1709,21.163,22.0275,22.1902,20.4477,20.4775,20.9437,21.1684,21.7196,21.7174,20.6022,20.7323,20.19,22.168,20.5147,20.9347,21.7411,21.7301,22.9492,20.1797,20.4367,20.5334,21.5984,22.4105,20.5475,20.6086,20.8902,20.7207,21.8442,20.9192,21.0979,21.3067,21.3327,22.0701,20.891,21.193,21.2444,22.0941,23.2209,21.1885,21.0104,21.5805,21.5747,21.7039,20.2385,20.9555,21.4315,21.7997,22.0575
275,1:55:55 PM,20.7947,20.775,20.8213,21.0701,21.7015,21.6087,21.1878,21.6425,21.8811,22.1452,21.3848,21.402,21.2019,21.2558,21.6589,21.7235,21.7723,21.8552,22.1717,22.4956,21.6837,21.4993,21.6215,21.3961,21.9937,20.5487,20.6821,20.2889,20.7709,21.4807,21.7418,21.5248,21.9429,21.7763,22.5086,21.6969,21.5316,21.5855,21.4867,21.4632,21.8546,21.7387,21.8836,22.6191,22.985,22.19,22.0752,22.2492,21.7143,22.3091,20.4165,20.1494,20.6292,20.8083,22.0378,20.8821,21.5792,21.7328,21.698,22.0878,21.4986,21.6293,21.6295,21.9844,22.5924,21.7915,21.4036,21.1651,21.5361,22.3128,20.5409,21.3667,21.6591,21.9815,22.3334,20.4291,20.525,20.8417,21.1281,21.7686,21.7015,20.3673,20.5214,20.3232,22.1507,20.7012,20.6864,21.4786,21.8429,22.914,20.1121,20.3348,20.8003,21.5602,22.401,20.374,20.7598,21.232,20.8571,21.4169,21.007,20.9082,21.2452,21.3624,22.0822,20.9033,21.1635,21.1812,22.0711,23.0719,21.2553,20.8797,21.1812,21.5555,21.3182,20.2689,20.9799,21.3942,21.8088,21.9987
276,1:56:15 PM,20.5578,20.5293,20.5107,21.0858,21.6279,21.56,21.3256,21.8277,22.109,22.1855,21.3182,21.3536,21.0644,21.4354,21.524,21.7739,21.9148,21.9839,22.2284,22.4141,21.7873,21.6328,21.8355,21.5001,22.1351,20.563,20.7765,20.4761,20.7959,21.5899,21.9579,21.5078,21.8787,21.9204,22.5671,21.6017,21.5613,21.5528,21.4821,21.5232,21.8425,21.8845,22.0681,22.7429,23.1332,21.9542,22.155,22.1276,21.7137,22.4046,20.4542,20.3362,20.514,20.8573,21.9733,20.8053,21.2315,21.608,22.0088,22.0565,21.5293,21.7197,21.3784,21.7726,22.4159,21.7562,21.3432,21.2709,21.7369,22.1358,20.3424,21.1095,21.5173,21.8251,21.9492,20.3299,20.5242,20.7917,20.9985,21.5054,21.6866,20.378,20.5335,20.3004,22.3375,20.431,20.9713,21.5035,21.8728,23.0166,20.247,20.3776,20.909,21.3957,22.6317,20.4497,20.6339,21.2144,20.8455,21.0973,20.9084,20.9322,21.239,21.3819,22.2067,20.9999,21.2086,21.289,21.8305,23.413,21.0785,20.7696,21.3676,21.4301,21.5785,20.2914,20.8603,21.2645,21.7079,22.0687
277,1:56:35 PM,20.6873,20.62,20.6177,21.0714,21.5798,21.522,21.2431,21.8876,22.0206,22.1807,21.5842,21.3844,21.0509,21.3303,21.5649,21.7706,21.8183,21.8003,22.1477,22.4461,21.4274,21.3709,21.5979,21.1441,22.0218,20.6236,20.8204,20.3949,20.5125,21.5343,21.8745,21.5665,21.8695,22.1688,22.5306,21.6189,21.5652,21.5987,21.6264,21.7211,21.8547,21.6553,21.8385,22.5954,22.8539,21.9569,22.0343,22.1776,21.7036,22.3321,20.6072,20.1996,20.6922,20.6591,22.0514,20.6463,21.4645,21.6684,22.0009,22.4734,21.4519,21.601,21.361,21.6964,22.7283,21.6265,21.2125,21.0341,21.4769,22.335,20.7878,21.2423,21.3941,21.7696,21.9688,20.3819,20.3893,20.8113,20.9842,21.557,21.7698,20.3618,20.8481,20.2544,22.0762,20.4422,20.8209,21.5912,21.7108,23.0971,20.3349,20.3192,20.5518,21.5992,22.5068,20.5091,20.6686,20.6576,20.9977,21.5129,20.8298,20.863,21.1317,21.3867,21.8119,21.0177,21.0,21.1459,21.9289,23.3298,20.8396,20.412,21.1669,21.2604,21.3747,19.9155,20.9857,21.172,21.4978,21.9605
278,1:56:55 PM,20.5251,20.6647,20.6457,21.1105,21.6565,21.6436,21.2792,21.7759,21.9968,22.0417,21.5247,21.3111,21.111,21.2101,21.5194,21.5582,21.7432,21.8533,22.1768,22.4406,21.3652,21.1113,21.6665,21.4225,21.9787,20.8042,20.9627,20.4883,21.0222,21.5498,21.6967,21.4369,21.7439,21.6881,22.6886,21.6286,21.4512,21.5054,21.4838,21.6639,21.8061,21.857,21.9022,22.5074,22.9467,21.7511,22.0136,22.1412,21.6421,22.1788,20.5138,20.0473,20.7082,20.7293,21.7873,20.9303,21.2791,21.7507,21.7905,21.7841,21.4605,21.5034,21.3555,21.789,22.4463,21.7317,21.2135,21.2571,21.5435,22.2759,20.573,21.1858,21.3113,21.7033,21.9099,20.3004,20.4331,20.8729,20.9799,21.5054,21.7912,20.3639,21.2385,20.1503,21.9395,20.4084,20.9523,21.365,21.856,22.7038,20.199,20.2529,20.6188,21.6839,22.4119,20.472,20.5741,21.0652,20.7778,21.8049,20.9192,21.0,21.1224,21.348,22.0113,20.962,21.018,21.0803,21.984,23.0388,21.2532,20.7134,21.2325,21.3205,21.484,20.1856,20.8,20.4285,21.5441,22.0753
279,1:57:15 PM,20.5557,20.8105,20.4883,20.9702,21.8708,21.4718,21.0851,21.7739,22.1426,22.2398,21.2618,21.309,21.2006,21.3477,21.3641,21.4873,21.447,21.5283,21.9107,22.3534,21.2456,21.2644,21.6571,21.1293,21.8613,20.631,20.9184,20.8728,20.9234,21.4316,21.7491,21.5985,21.8549,22.0922,22.6248,21.5593,21.5853,21.3583,21.3513,21.3451,21.7327,21.7972,21.9881,22.3478,22.7705,21.6604,22.0666,22.1974,21.6902,22.077,20.5312,20.1039,20.6278,20.6867,21.861,20.7283,21.3231,21.6947,21.7678,22.0502,21.4206,21.489,21.374,21.7479,22.3897,21.8725,21.1351,21.0118,21.6453,22.2327,20.5443,21.1349,21.3781,21.6574,22.0219,20.2646,20.2271,20.8283,20.9438,21.6297,21.789,20.1686,20.4019,20.0822,21.802,20.4974,20.7466,21.4594,21.5814,22.685,20.1273,20.1603,20.7288,21.4644,22.3039,20.5141,20.884,21.0405,21.0495,21.1794,20.6253,20.7209,21.1552,21.0402,22.1415,20.8917,20.9772,21.2239,21.9934,23.3752,20.953,20.9055,21.3003,21.4896,21.1169,19.8514,20.9335,20.9659,21.5134,22.2137
280,1:57:35 PM,20.362,20.6086,20.4475,20.9546,21.586,21.4436,21.522,21.8493,22.1272,22.1761,21.5072,21.3209,21.2054,21.3612,21.2244,21.6209,21.4168,21.6344,22.0871,22.142,21.5217,21.3009,21.5008,21.2495,21.877,20.406,20.6884,20.5686,20.6968,21.2973,21.4327,21.2757,21.9397,21.8839,22.319,21.7894,21.4173,21.5091,21.341,21.6155,21.8345,21.7129,21.8848,22.59,22.6615,21.8702,21.9542,22.006,21.742,22.1509,20.5067,20.0927,20.4412,20.6635,21.7822,20.6249,21.1599,21.6932,21.8135,22.0684,21.4671,21.4134,21.5161,21.697,22.435,21.7192,21.1792,21.1095,21.7849,22.2787,20.6059,20.9528,21.4138,21.6242,21.7283,20.2603,20.2498,20.7646,20.9373,21.5311,21.5913,20.3954,20.8057,20.1566,21.9516,20.3829,20.4847,21.6121,21.6157,22.8888,19.9892,20.1969,20.5768,21.6977,22.2271,20.5877,20.5872,21.0206,21.0039,20.8764,20.8145,20.767,21.0334,21.3311,21.7809,20.4448,20.7903,21.088,21.9028,23.8029,21.0665,20.6362,21.2469,21.4441,21.4541,20.129,20.9049,21.3283,21.7281,21.8616
281,1:57:55 PM,20.4508,20.3862,20.5612,20.9928,21.634,21.4819,21.3505,21.6964,22.0615,22.152,21.1759,21.3126,21.1727,21.19,21.3063,21.471,21.4976,21.7389,21.9907,22.3133,21.403,21.1226,21.6021,21.3123,21.87,20.3978,20.682,20.8099,20.7467,21.3562,21.6065,21.5021,21.8709,21.9374,22.6148,21.4928,21.5393,21.5168,21.1721,21.2581,21.4507,21.5623,21.6257,22.2847,22.9267,21.8723,21.9442,22.0963,21.8127,22.0866,20.613,20.0322,20.518,20.7591,21.8158,20.6563,21.3782,21.5188,21.8697,21.814,21.6143,21.5216,21.3189,21.5907,22.1663,21.5931,21.2048,21.0473,21.42,22.2407,20.6756,21.2451,21.5614,21.7248,22.0984,20.2524,20.3767,20.6728,20.9333,21.547,21.5494,20.2412,20.4175,19.9413,22.0536,20.3393,20.7621,21.3576,21.4151,22.7979,19.8855,20.163,20.5688,21.6634,22.4614,20.855,21.0851,21.2083,20.7348,20.8466,20.7521,20.9546,20.9814,21.1832,21.5119,20.6477,21.1136,21.1657,21.7529,22.7866,20.6867,20.7384,21.3231,21.1967,21.1086,20.0471,20.7603,21.049,21.6565,21.8899
282,1:58:15 PM,20.5897,20.5369,20.3915,21.1615,21.6152,21.6354,21.4608,21.8469,22.0673,22.1234,21.151,21.0962,21.3171,21.2204,21.3717,21.438,21.4301,21.7431,22.0532,22.1283,21.4449,21.3441,21.6691,21.3246,22.0584,20.594,20.5792,20.4919,20.9229,21.3215,21.6506,21.4221,21.8943,21.6969,22.6131,21.5853,21.1865,21.2802,21.0845,21.528,21.633,21.4617,22.0009,22.3313,22.7722,21.8299,21.8086,21.9359,21.4974,22.2327,20.2719,20.1257,20.4494,20.7865,21.804,21.1216,21.1229,21.6623,21.8849,22.0445,21.3377,21.4597,21.4284,21.6161,22.461,21.5509,21.0127,21.0381,21.378,22.2251,20.313,21.0694,21.3102,21.6967,22.1737,20.2101,20.2747,20.761,20.8867,21.5646,21.4239,19.9934,20.1313,19.9157,21.9732,20.3179,20.7019,21.6387,21.872,22.5396,20.0512,20.1646,20.8622,21.3418,22.3822,20.4079,20.3774,20.9293,20.8445,20.7752,20.8989,20.7761,21.0328,21.217,22.0083,20.7088,20.9973,21.1679,21.6401,23.2726,21.0193,20.5162,21.1563,21.1962,21.0241,20.2115,20.937,21.3019,21.5408,21.9632
283,1:58:35 PM,20.3672,20.557,20.5514,20.8175,21.4863,21.6414,21.2416,21.8324,22.0559,22.1811,21.2114,21.1188,20.915,21.1024,21.5535,21.4273,21.5981,21.7158,21.8705,22.2641,21.1311,21.2885,21.6269,21.3967,21.7307,20.5297,20.751,20.2442,20.7083,21.3307,21.7055,21.2069,21.9411,21.7956,22.3046,21.4282,21.5325,21.1871,21.4514,21.4104,21.5651,21.4624,21.7862,22.2697,22.8116,21.8709,21.9741,21.8574,21.6988,22.1499,20.2854,20.0884,20.5259,20.7673,21.8283,20.8675,21.174,21.6378,21.808,21.5765,21.673,21.4854,21.3229,21.6695,22.2337,21.7227,21.186,20.8953,21.4797,22.1113,20.7148,21.2592,21.3495,21.7062,22.284,20.2418,20.1113,20.6881,21.0442,21.6002,21.5897,20.2384,20.2361,20.0566,21.9702,20.35,20.6611,21.372,21.5111,22.5733,19.9035,20.2307,20.5773,21.4536,22.6531,20.2435,20.5586,20.7539,20.712,21.4121,20.7312,20.8168,21.0562,21.1082,21.9074,20.6185,21.1331,21.1113,21.4782,23.2319,21.0995,20.9764,21.0775,21.0327,21.3723,20.0502,20.9302,20.9413,21.8348,21.8025
284,1:58:55 PM,20.356,20.8493,20.5796,20.7768,21.4515,21.3733,21.2774,21.7118,22.0373,22.0057,21.2957,21.3271,20.9983,21.1534,21.1507,21.4394,21.6102,21.6052,21.9456,22.3372,21.6354,21.1254,21.6116,21.2879,22.1756,20.3477,20.4743,20.6949,20.7776,21.3005,21.7528,21.3505,21.7577,21.8563,22.5799,21.5363,21.3664,21.2586,21.2675,21.1537,21.702,21.4906,21.7519,22.4988,22.8785,21.8566,22.015,22.1295,21.5639,21.9943,20.417,20.0894,20.3881,20.6994,21.9067,20.3412,21.0476,21.6457,21.7373,22.1213,21.494,21.3896,21.3061,21.4589,22.4753,21.6851,21.2125,20.9488,21.3685,22.1483,21.0187,21.1314,21.4299,21.5702,22.3224,20.155,20.2691,20.6241,21.0391,21.4589,21.5121,20.3209,20.481,20.0095,21.7444,20.3134,20.5284,21.6903,21.6385,23.1314,19.7229,20.292,20.2921,21.6282,22.2284,20.0821,20.3906,20.7864,20.8979,21.2067,20.6767,20.851,21.0036,21.2654,21.8703,20.741,20.9266,20.9815,21.8124,22.3096,20.7063,20.5693,21.1132,21.2134,21.0464,20.0863,20.6016,21.2928,21.7104,21.837
285,1:59:15 PM,20.5602,20.4757,20.4776,20.9312,21.4707,21.4269,21.224,21.6333,22.06,22.197,21.2446,21.2217,21.0868,21.3913,21.4419,21.4308,21.7945,21.7073,21.9579,22.2929,21.1912,20.9439,21.587,21.2439,22.1498,20.5813,20.7885,20.5366,20.6326,21.0754,21.9033,21.3078,21.7191,21.6254,22.2994,21.4731,21.4995,21.2914,21.2141,21.3145,21.746,21.6173,21.6074,22.2993,22.6701,21.5626,21.7696,21.9503,21.4247,22.2163,20.3373,20.1418,20.3359,20.6368,21.6639,20.7839,21.3185,21.5224,21.7338,21.6837,21.1528,21.4685,21.2213,21.485,22.4157,21.4474,21.0773,21.0974,21.5727,22.2623,20.2904,21.0146,21.4779,21.5453,22.4083,20.1661,20.0786,20.6399,20.7442,21.3322,21.4659,20.282,20.203,19.9275,21.7034,20.2969,20.8258,21.3381,21.6388,23.1612,20.0432,20.038,20.2455,21.3877,22.0961,20.0653,20.5144,20.9916,20.8507,20.5946,20.8453,20.7587,21.1175,21.036,21.648,20.6156,21.0084,20.9099,21.5876,22.4954,21.032,20.8706,21.0786,21.0812,21.2809,20.0559,20.7291,21.0791,21.5404,21.981
286,1:59:35 PM,20.5311,20.4256,20.4316,20.8695,21.4238,21.3265,20.9439,21.6241,21.8683,22.0251,21.1918,21.246,20.8844,21.2208,21.3445,21.2737,21.4135,21.5788,21.8554,22.2969,21.1163,20.9014,21.2715,21.0176,22.0837,20.5295,20.7637,20.4526,20.5796,21.1374,21.7785,21.3887,21.5197,21.6238,22.3798,21.4178,21.31,21.3114,21.3865,21.2776,21.6961,21.5406,21.6104,22.3575,22.7594,21.82,21.8291,21.9255,21.5744,22.0623,20.3537,19.9429,20.4742,20.52,21.7103,20.4126,21.2335,21.5531,21.8123,21.7348,21.1561,21.3348,20.9924,21.5493,22.3355,21.5731,21.0987,21.0819,21.3753,22.0572,20.5165,21.007,21.2918,21.6027,22.006,20.1393,20.2467,20.6196,20.7787,21.1566,21.4413,20.239,21.0675,19.9793,21.9306,20.2718,20.6763,21.329,21.8421,22.8799,19.911,20.2059,20.5867,21.5709,22.3017,20.3118,20.5113,20.8704,21.0015,21.5778,20.6069,20.7966,20.9881,21.0331,21.8996,20.5975,21.0149,20.9549,21.4968,23.2112,20.7792,20.7713,21.094,21.4402,21.1971,20.1079,20.6312,20.8358,21.2356,21.5368
287,1:59:55 PM,20.3503,20.3919,20.3196,20.968,21.3463,21.2304,21.1272,21.6186,21.8265,22.0312,21.3346,21.2879,20.9931,21.4284,21.3551,21.2831,21.6092,21.515,21.9292,22.2243,21.2957,20.9561,21.4819,21.2524,21.8747,20.3621,20.6366,20.35,20.4489,21.2825,21.7439,21.1278,21.4311,21.6182,22.3927,21.3562,21.4497,21.2896,21.0974,21.5341,21.4041,21.5023,21.8912,22.1805,22.7648,21.7422,21.9836,21.7794,21.4013,22.0298,20.3137,20.1451,20.3836,20.6994,21.6315,20.3168,21.2569,21.5204,21.7643,21.6818,21.267,21.3355,21.1632,21.3361,22.1283,21.4465,20.9428,21.1463,21.2169,22.0908,20.5424,20.9858,21.3829,21.6254,22.087,20.0627,20.0912,20.5778,20.9274,21.2821,21.5033,20.0519,20.4592,19.8918,21.6826,19.9959,20.5408,21.1909,21.3272,22.8549,20.019,20.0261,20.5188,21.4884,22.3206,20.2006,20.1876,20.8695,20.9196,21.4227,20.5377,20.697,20.9,20.992,21.5351,20.4283,20.9647,20.9241,21.425,22.6303,20.8397,20.5387,20.9844,21.0573,21.0868,19.9994,20.6002,21.2736,21.5385,21.8764
288,2:00:15 PM,20.3039,20.3398,20.3447,20.845,21.4252,21.2386,21.0746,21.5944,21.7851,21.9439,21.167,21.2796,20.9536,21.0074,21.3352,21.367,21.6817,21.6421,21.9786,22.2295,21.2513,21.0733,21.304,21.1363,22.1256,20.4364,20.6459,20.1261,20.8554,21.1662,21.4672,21.2607,21.5998,21.6293,22.3252,21.354,21.3304,21.4135,21.0495,21.4948,21.5998,21.6608,21.9187,22.2735,22.7119,21.6676,21.8249,21.9584,21.4696,22.0229,20.0611,19.8901,20.2377,20.6007,21.6687,20.593,21.2837,21.5107,21.751,21.862,21.0502,21.3433,21.0232,21.5764,22.1691,21.4017,20.9739,20.9236,21.4028,22.1351,20.3037,21.0587,21.3001,21.4017,21.8138,20.1611,20.0686,20.7109,20.7152,21.2199,21.3908,20.1573,20.835,20.0337,21.5934,20.1353,20.7026,21.257,21.6808,22.7417,20.0858,20.1606,20.1336,21.1398,22.2655,20.1832,20.4835,20.7396,20.5169,20.9563,20.6886,20.7295,21.0144,21.0273,21.9214,20.5598,20.913,20.9547,21.6027,23.4065,20.7788,20.4998,21.1082,21.0099,20.9179,19.9022,20.5879,20.8696,21.4742,22.0032
289,2:00:35 PM,20.1909,20.3359,20.3247,21.0696,21.3743,21.1674,20.9578,21.616,21.9816,21.8209,21.1762,21.133,20.9044,21.1156,21.1246,21.1942,21.6312,21.2909,21.7975,21.9724,21.1155,21.1155,21.5155,20.9357,21.8095,20.3676,20.3701,20.3212,20.3511,21.133,21.4935,21.268,21.4769,21.6017,22.3835,21.2158,21.3013,21.1576,21.0511,21.267,21.4851,21.5599,21.7594,22.2763,22.734,21.6598,21.7127,21.7407,21.7676,22.1459,20.2831,19.7956,20.2302,20.4431,21.579,20.6443,21.065,21.6489,21.648,21.9691,21.3751,21.2902,21.0708,21.3269,22.1491,21.3846,21.0314,20.8367,21.2338,22.1488,20.4514,20.9501,20.9723,21.3864,21.5638,19.9733,20.4071,20.5829,20.7441,21.2926,21.4326,20.177,20.5579,19.8752,21.7242,20.1454,20.3919,21.1662,21.2716,22.1424,19.922,20.0457,20.2603,21.2329,22.1181,20.3818,20.1042,20.8209,20.3236,20.6425,20.5594,20.6044,20.9135,20.9778,21.3516,20.4964,20.9394,20.8299,21.3872,23.585,20.7787,20.3846,21.081,21.0955,20.9268,20.1835,20.784,20.7349,21.4088,21.789
290,2:00:55 PM,20.1442,20.2433,20.3802,20.7385,21.1858,21.1511,20.8645,21.4132,21.8959,21.7642,21.092,21.0877,21.1803,20.9172,21.2326,21.3998,21.3672,21.5717,21.761,21.9483,21.0047,21.0343,21.4232,20.86,21.7131,20.1857,20.4209,20.1491,20.4297,21.1445,21.5248,21.0317,21.6462,21.5537,22.3472,21.1912,21.2344,21.2498,21.0458,20.9929,21.2831,21.5119,21.6884,22.2059,22.7802,21.5059,21.7807,21.9596,21.5212,21.7886,20.1819,19.8425,20.3717,20.527,21.5419,20.5168,21.0989,21.4496,21.5664,21.7095,21.1656,21.3632,21.1096,21.4737,22.2555,21.441,20.8533,20.89,21.2223,21.971,20.4768,20.7916,21.1305,21.3564,21.4573,20.0298,20.1601,20.4804,20.6805,21.4353,21.3497,20.0308,20.8036,19.8791,21.9168,19.9527,20.2082,21.086,21.1842,22.6496,19.9088,20.1007,20.3112,21.3934,22.2301,20.2144,20.4226,20.8711,20.7271,20.7766,20.6173,20.5888,20.7838,21.0738,21.8349,20.3441,20.908,20.9699,21.656,23.3612,20.797,20.6302,21.0454,21.1094,20.9426,20.0648,20.6586,21.1405,21.427,21.6441
291,2:01:15 PM,20.2221,20.334,20.2303,20.7766,21.4798,21.2522,21.0447,21.6311,21.7348,21.8322,21.1842,21.0273,20.9869,21.3501,20.9382,21.3574,21.3995,21.5673,21.7598,22.1776,21.1415,20.8988,21.3924,21.155,21.7503,20.3831,20.6464,20.317,20.491,21.02,21.6157,21.1029,21.7029,21.4581,22.3419,21.2373,21.2788,21.2141,21.0573,21.0152,21.4354,21.4901,21.7122,22.2255,22.418,21.6084,21.8399,22.0032,21.6148,21.9718,20.0748,19.9993,20.2701,20.5652,21.6242,20.6362,20.8635,21.4649,21.793,21.8433,21.1786,21.1978,21.1726,21.3871,21.899,21.4848,21.0091,20.7247,21.3012,22.2229,20.2828,20.8462,21.1304,21.3823,21.8057,20.0061,20.1401,20.5104,20.617,21.3671,21.4545,19.9193,20.7924,20.0,21.9302,20.2601,20.5428,21.0482,21.1683,22.6105,19.9368,20.0099,20.1842,21.4047,22.2289,20.1528,20.2388,20.8022,20.4125,20.6408,20.5057,20.5728,20.7335,20.8739,21.7692,20.5019,20.6605,20.8918,21.4952,23.1711,20.6287,20.4059,21.1047,20.9345,20.8679,19.9016,20.2951,21.0125,21.394,21.6955
292,2:01:35 PM,20.5435,20.51,20.3146,20.7928,21.1969,21.0203,20.4682,21.2139,21.6449,21.8092,21.1908,21.0951,21.2106,21.2688,21.1975,21.1318,21.3165,21.4875,21.709,22.0181,21.0647,20.8743,21.2484,21.2829,21.8339,20.6347,20.5397,20.4713,20.3425,21.0747,21.5543,21.098,21.5219,21.1743,22.3341,21.4566,21.5329,21.4112,21.224,21.2718,21.5168,21.4995,21.6872,22.1012,22.7687,21.5462,21.5171,21.7888,21.4661,21.8533,20.029,19.6478,20.1986,20.2571,21.5215,20.5254,21.0744,21.3162,21.5693,21.8035,21.0357,21.133,20.7991,21.2944,22.012,21.4663,21.0755,20.8986,21.3085,22.3891,20.177,20.6888,21.1693,21.4083,22.0302,20.0302,20.0256,20.5041,20.8102,21.3004,21.4607,20.0381,20.5436,19.9751,21.7581,20.0871,20.5147,21.3134,21.2745,22.4926,19.6987,20.048,20.381,21.2981,22.4291,19.906,20.0495,20.6192,20.5398,20.62,20.3648,20.5117,20.8532,20.9596,21.5687,20.629,20.9907,20.8072,21.4235,22.38,20.746,20.3709,20.8638,21.0099,20.8214,19.9771,20.5225,20.8864,21.3391,21.7899
293,2:01:55 PM,20.4203,20.2874,20.296,20.8243,21.1489,21.1089,20.719,21.0736,21.6857,21.4179,21.2019,21.1105,20.8854,21.149,21.3628,21.363,21.3733,21.3,21.67,22.0931,21.1552,20.9009,21.313,20.9711,22.0451,20.1526,20.4811,20.2025,20.529,21.102,21.3425,20.8952,21.3281,21.3826,22.1639,21.3336,21.2372,21.341,21.5516,21.6694,21.6879,21.4336,21.1609,22.1033,22.7085,21.7218,21.752,21.8094,21.3586,21.8059,20.2933,19.6141,20.253,20.5377,21.4483,20.378,20.9692,21.2244,21.4833,21.8807,21.0956,21.1428,20.9764,21.4171,22.0963,21.2619,20.9512,20.8156,21.232,21.9897,20.4027,20.7529,21.3442,21.3775,21.9064,20.0068,20.0614,20.5446,20.5857,21.067,21.3162,20.0768,20.6926,20.0974,21.6571,20.1513,20.6349,21.5839,21.2948,22.9385,19.7126,19.9059,20.1849,21.3279,22.2352,20.0615,20.3621,20.4245,20.3196,21.0124,20.6368,20.687,20.8857,20.8627,21.473,20.2555,20.7277,20.5488,21.1208,23.0169,20.746,20.3741,20.8711,21.0449,20.8848,19.8968,20.4003,20.8101,21.2676,21.6812
294,2:02:15 PM,20.2565,20.3488,20.2906,20.8466,21.0928,21.1058,20.6769,21.3345,21.3341,21.3587,21.123,21.0785,20.7517,21.1203,21.7032,21.1002,21.5068,21.4644,21.6842,22.1718,21.0691,21.2405,21.3101,21.1524,21.7632,20.2817,20.6094,20.2145,20.6126,21.1311,21.0376,20.9501,21.1678,21.4325,22.1238,21.1642,21.1286,21.2591,21.2267,21.4472,21.6899,21.4781,21.6066,22.1252,22.7622,21.7752,21.7805,21.7655,21.4316,21.6871,20.1842,19.8153,20.0927,20.4595,21.5259,20.2344,21.0261,21.3072,21.4751,21.7729,21.0806,21.1407,21.0506,21.259,22.0667,21.3338,20.8861,20.7359,21.3423,22.048,19.9799,20.9538,21.1234,21.3921,21.7881,20.0288,20.0287,20.3648,20.7689,21.1383,21.194,19.9421,20.4289,19.9416,21.6727,20.1372,20.3343,21.0791,21.1664,22.8049,19.5423,19.9846,20.0765,21.6291,22.1935,20.0237,20.033,20.7493,20.7956,21.5305,20.4685,20.5539,20.7374,20.949,21.549,20.6207,20.6345,20.4984,21.2617,23.3261,20.6609,20.5231,20.9437,20.7081,20.8078,20.1396,20.5999,20.8076,21.1694,21.6849
295,2:02:35 PM,20.1073,20.1365,20.2254,20.7435,21.4641,20.9959,20.9554,21.1792,21.3665,21.2544,21.121,21.0119,20.7302,20.9643,21.3839,21.178,21.5823,21.4849,21.6504,22.0579,21.1699,20.9687,21.2403,20.9884,21.7713,19.9073,20.2151,20.22,20.5577,21.2623,21.2557,21.1546,21.3058,21.6181,22.2379,21.1953,20.9899,21.1633,21.0314,21.0191,21.3826,21.2332,21.5034,22.0751,22.4909,21.733,21.87,21.6171,21.5262,21.8857,20.1873,19.8161,20.0096,20.4338,21.6073,20.108,20.8626,21.37,21.4056,21.4447,21.4765,21.1554,20.8892,21.3591,21.987,21.2267,21.0191,20.8757,21.1865,21.987,20.2222,20.7375,21.0319,21.4601,21.7287,19.9626,19.831,20.4773,20.5179,21.1678,21.3611,19.9454,20.3487,19.7127,21.6968,20.0745,20.3339,20.9313,21.1195,22.5982,19.6812,19.8727,19.9396,21.6946,22.0963,20.0114,20.3575,20.7021,20.6657,21.2165,20.39,20.6008,20.6845,20.9571,22.1145,20.3632,20.8001,20.7804,21.6117,23.1703,20.6786,20.299,21.0336,21.1573,21.0998,19.8007,20.6471,20.9503,21.2927,21.6751
296,2:02:55 PM,20.1131,20.0212,20.3304,20.8159,21.2002,20.9404,20.83,21.1622,21.4764,21.3855,21.081,20.8936,20.6787,21.0232,21.2526,21.0714,21.453,21.4711,21.5614,21.9901,21.0858,20.8056,21.3371,20.903,21.6976,20.2405,20.3643,20.3951,20.2592,21.0927,21.3554,20.8229,21.4041,21.2031,22.0801,21.0938,21.1393,21.2999,20.8559,21.2289,21.5168,21.4999,21.5987,22.1307,22.5409,21.5923,21.7542,21.768,21.3661,21.8418,20.0995,19.9315,20.1189,20.3333,21.4028,20.2737,20.8683,21.2183,21.4065,21.5011,21.2025,21.1956,20.7212,21.3078,22.1019,21.2145,20.878,20.6318,21.1874,21.689,20.2662,20.8064,20.8556,21.2834,21.65,19.7827,20.0954,20.4155,20.6842,21.1644,21.325,19.8961,20.5008,19.9135,21.8858,20.2041,20.5634,21.1437,21.2119,22.273,19.6155,19.8597,20.5077,21.3386,22.243,19.8727,20.5766,20.6989,20.4768,20.7402,20.4146,20.6187,20.7377,20.9875,21.5134,20.2876,20.6654,20.6888,21.1596,23.4027,20.5112,20.187,20.8659,20.8589,20.7776,20.0455,20.5546,20.7239,21.3589,21.5185
297,2:03:15 PM,20.1019,20.061,20.1463,20.7729,21.1275,21.0576,20.7933,21.3765,21.6498,21.3339,20.8829,20.9747,20.6587,20.8267,21.3171,21.2308,21.5792,21.5946,21.5231,21.9988,21.1375,20.9023,21.2581,20.8919,21.7411,20.0858,20.2315,20.2905,20.6377,21.1167,21.1264,21.0674,21.4503,21.5039,22.243,21.3259,20.9297,21.1595,21.1126,21.1656,21.246,21.4311,21.4924,21.9381,22.6043,21.6042,21.7095,21.6703,21.4318,21.4962,20.044,19.5478,19.968,20.4203,21.5005,20.0901,20.9358,21.3172,21.4094,21.6667,21.4675,21.193,20.8604,21.2627,21.8311,21.159,20.8028,20.7609,21.0852,21.6883,20.2937,20.7771,20.9981,21.3792,21.8103,19.9087,19.9425,20.1966,20.5587,21.1933,21.2641,19.8919,20.0196,19.4933,21.8758,19.8958,20.2307,21.1405,21.3181,22.2951,19.7545,19.9604,20.3184,21.2182,22.1486,19.9717,20.239,20.5164,20.3878,21.1265,20.4531,20.3831,20.5829,20.9136,21.6654,20.3491,20.7704,20.8059,21.562,23.2739,20.3899,20.2775,20.932,20.8709,20.4476,20.0745,20.7302,20.9159,21.1134,21.6378
298,2:03:35 PM,20.1877,20.1346,20.0905,20.7257,21.2096,20.9172,20.7765,21.2812,21.5505,21.4483,20.9211,20.6094,20.4732,20.8071,21.1364,21.1333,21.4726,21.6571,21.4984,22.0721,21.4279,20.9628,21.2504,21.0585,21.6585,20.0989,20.2337,19.9554,20.3719,20.9632,21.3195,21.07,21.4936,21.6987,22.1611,20.9976,20.8919,20.9888,20.7032,20.7707,21.2673,21.3274,21.5737,21.9612,22.4826,21.6573,21.7847,21.7092,21.3007,21.7323,19.9745,19.6094,20.071,20.223,21.5472,20.0357,20.7403,21.2745,21.5304,21.4486,21.0509,21.0402,20.7474,21.2308,21.8938,21.117,20.7062,20.5754,21.1379,21.8939,20.1712,20.9266,21.1073,21.2721,21.8365,19.7909,19.9539,20.26,20.5069,21.3018,21.2746,19.9632,20.3728,19.7423,21.8228,20.1364,20.4205,21.0332,21.3502,22.5833,19.8459,19.7558,20.2679,21.471,22.0112,20.1821,20.1947,20.6712,20.4361,21.4172,20.3202,20.4319,20.6597,20.8942,21.5973,20.4122,20.73,20.7348,21.2566,23.2,20.4989,20.1359,20.8608,20.7136,20.692,19.9331,20.5798,21.0173,21.2705,21.634
299,2:03:55 PM,20.1764,20.066,20.008,20.5925,21.2484,20.8217,20.7462,21.3646,21.4622,21.5311,20.826,20.7372,20.7179,20.7093,21.2189,21.0717,21.217,21.5112,21.6012,21.9173,21.1069,20.8809,20.884,20.8124,21.5248,19.9596,20.2091,20.123,20.4351,20.9456,21.272,20.9758,21.4359,21.4078,22.1553,21.0612,21.1403,21.0949,20.9903,21.0602,21.2751,21.4396,21.4319,21.8426,22.382,21.736,21.5753,21.7245,21.4202,21.7907,19.9386,19.5782,20.0368,20.0121,21.3587,20.0247,21.0233,21.2885,21.4815,21.2991,21.0248,21.1301,21.0459,21.1925,21.9554,21.4227,20.854,20.538,21.1876,21.9248,20.0274,20.7148,21.1576,21.34,21.5943,19.861,19.8629,20.3673,20.4237,21.0345,21.2196,19.6602,20.2253,19.4492,21.6266,19.8398,20.3532,21.0202,21.0284,22.6707,19.6394,19.9206,20.1524,21.3603,22.0804,19.8396,20.243,20.7408,20.6169,20.802,20.3863,20.3029,20.6483,20.7875,21.5706,20.196,20.5354,20.6048,21.4506,23.2563,20.5135,20.166,20.9928,20.8016,21.0839,19.8382,20.4269,20.7647,21.2043,21.3659
300,2:04:15 PM,19.9352,19.9802,19.9865,20.5835,21.1748,21.0502,21.0623,21.3272,21.5054,21.3816,20.9604,20.6462,20.4338,20.8664,21.3526,20.7998,21.3069,21.4158,21.6038,21.9763,21.0308,20.8809,21.2201,20.9723,21.7265,20.0938,20.413,20.2776,20.5034,20.8817,21.132,21.1128,21.5291,21.5257,22.2669,21.0291,21.0229,21.0576,21.1162,21.1136,21.2969,21.2458,21.4387,21.8149,22.4614,21.6314,21.6033,21.6385,21.2657,21.8508,19.8768,19.8447,20.1308,20.3582,21.4086,20.4837,20.8674,21.3659,21.5525,21.3001,21.2506,21.0272,20.8722,21.046,21.9506,21.2186,20.7862,20.5734,21.0859,21.7644,20.2878,20.5969,21.1293,21.2854,21.8231,19.8619,19.9263,20.2589,20.5792,21.2018,21.229,19.9434,20.4783,19.6942,21.8373,19.996,20.2025,20.9787,21.3839,22.1579,19.5464,19.8037,20.2872,21.301,21.8784,19.9841,20.3101,20.6264,20.6938,20.606,20.5783,20.3444,20.4915,20.8829,21.6597,20.3882,20.5572,20.7255,21.5071,23.0399,20.3321,20.1415,20.7678,21.0137,20.7189,20.0131,20.5088,20.804,21.1256,21.6651
301,2:04:35 PM,20.2548,20.2042,20.2834,20.6479,21.0659,20.9412,20.8926,21.3115,21.633,21.6919,20.8386,20.9658,20.72,20.9028,20.8724,21.093,21.3228,21.5296,21.6633,22.1032,21.1339,21.1035,21.1577,20.9941,21.7767,20.0326,20.3111,20.1845,20.3476,20.9462,21.5756,20.922,21.4147,21.659,22.1519,21.1879,21.0749,20.8509,21.0495,20.968,21.184,21.3393,21.4566,21.8134,22.6685,21.5747,21.4774,21.7214,21.3373,21.7915,20.1258,19.7993,20.0238,20.2594,21.3551,20.6793,20.7947,21.1737,21.3819,21.2539,21.1614,21.0635,20.7239,21.2393,22.0775,21.2903,20.8572,20.4817,21.0193,21.6186,19.7767,20.6646,21.0584,21.3915,21.6503,19.8691,20.0179,20.187,20.589,21.098,21.1257,19.7813,19.9551,19.874,21.7642,19.8066,20.3355,21.0361,21.1712,22.1386,19.4658,19.6036,19.4636,20.7679,22.1216,20.0921,20.0232,20.608,20.4583,21.0324,20.4424,20.4386,20.5449,20.6853,21.5877,20.345,20.5224,20.6081,21.2007,22.586,20.3571,20.4012,20.6736,20.6925,20.6599,19.7303,20.3433,20.8837,21.1442,21.4814
302,2:04:55 PM,20.2452,20.01,20.0221,20.6862,21.1623,21.0466,20.935,21.3086,21.3293,21.5237,20.9106,20.753,20.5508,20.7958,21.1485,21.1289,21.3973,21.2001,21.3615,22.093,21.0762,20.8016,21.0449,20.534,21.6894,20.0227,20.39,20.1088,20.3731,20.9808,21.4943,21.0649,21.3897,21.2623,22.1513,20.9356,20.9549,20.9602,21.117,20.9764,21.4452,21.1682,21.4796,21.7579,22.3074,21.4018,21.427,21.713,21.4129,21.7747,20.0427,19.7484,19.7271,20.2143,21.3574,20.4047,20.8715,21.3531,21.5942,21.4784,21.2282,21.0336,20.8817,20.957,22.0751,21.2727,20.7209,20.5494,21.1816,21.3059,20.1853,20.6263,20.9187,21.185,21.9375,19.8866,19.9014,20.1293,20.3024,20.9679,21.15,19.7782,20.392,19.6866,21.9573,20.0552,20.5741,20.986,21.251,22.0706,19.8016,19.8122,20.0425,20.8723,21.8924,19.754,19.8416,20.4582,20.3509,21.0935,20.2136,20.5418,20.4483,20.6055,21.7806,20.2622,20.6937,20.6232,21.6701,23.2515,20.5095,20.1344,20.7867,20.8825,20.8795,19.5695,20.1888,20.4408,20.9804,21.5184
303,2:05:15 PM,20.3205,20.2973,20.2254,20.5995,21.0491,20.7428,20.7966,21.3052,21.5072,21.5858,20.9625,20.9752,20.5225,20.61,21.1272,20.8955,21.1819,21.254,21.5957,21.9812,20.8501,20.7696,21.1145,20.9876,21.5831,20.163,20.4386,20.2776,20.1358,20.9552,21.2975,21.0902,21.2333,21.283,21.8115,21.0713,21.0939,21.0829,21.1986,21.3441,21.3161,21.1737,21.2234,21.9611,22.4072,21.3302,21.5382,21.5422,21.1085,21.4223,20.0559,19.6948,20.0416,20.1497,21.3096,20.2319,20.9362,21.1323,21.2323,22.0199,20.9295,20.9049,20.8319,21.3128,22.1855,21.0456,20.5465,20.5479,21.1284,21.6828,20.1064,20.6158,20.8763,21.2721,21.7848,19.856,20.0054,20.2133,20.4641,21.0583,21.1902,19.7549,20.2981,19.7403,21.8391,19.9871,20.3669,20.8912,21.1295,22.7224,19.6795,19.6282,19.8547,20.9604,21.8542,19.804,20.0941,20.3747,20.3481,20.8886,20.4134,20.3405,20.5775,20.7735,21.6139,20.3414,20.5232,20.7564,21.1591,22.9485,20.4617,20.1627,20.8936,20.8508,20.8409,19.528,20.3645,20.6525,20.8486,21.4259
304,2:05:35 PM,20.2249,20.2198,20.1915,20.4785,21.1159,20.9117,20.7052,21.1756,21.3798,21.5186,20.9073,20.9289,20.7051,20.7208,21.0209,21.1011,21.1755,21.2159,21.4107,21.7601,20.9885,20.829,21.2719,20.7623,21.5619,20.0718,20.3793,20.0149,20.1095,20.9358,21.2454,21.2088,21.4164,21.4654,22.0469,21.1308,20.8759,20.9933,21.0771,20.9506,21.2809,21.2889,21.4002,22.0024,22.286,21.3364,21.4862,21.4333,21.0581,21.5347,20.0855,19.8082,20.0928,20.3331,21.2622,20.0967,20.7638,21.2033,21.2525,21.5078,20.773,20.9043,20.7825,21.0862,22.0818,20.9397,20.7074,20.6034,21.1283,21.6099,20.1505,20.7451,20.9298,21.0972,21.5444,19.9557,19.8785,20.2588,20.5828,21.0435,21.125,19.6302,20.3714,20.0162,21.7926,19.9811,20.1584,21.0201,21.1119,22.1375,19.4939,19.7115,19.8091,21.0072,22.0113,19.83,20.1505,20.2655,20.6733,20.8338,20.2682,20.3331,20.6133,20.6577,21.2324,20.2106,20.6344,20.7797,21.1418,22.8115,20.3064,20.1125,20.8208,20.6868,20.7896,19.6641,20.2222,20.7885,21.1809,21.3458
305,2:05:55 PM,19.9531,20.0412,20.1385,20.6341,21.0679,20.7294,20.4265,21.2528,21.2392,21.5504,20.8223,20.774,20.8603,20.6717,20.9173,21.0082,21.2096,21.24,21.4429,21.7605,20.5065,20.7727,21.0792,20.983,21.3799,19.991,20.1812,19.874,20.2529,20.7328,21.1682,20.7942,21.0455,21.2451,21.9608,20.9309,20.8574,20.793,20.866,20.7172,20.998,21.2602,21.5927,21.8715,22.2128,21.3648,21.5217,21.7541,21.1383,21.5957,20.0847,19.7763,19.94,20.1195,21.2025,20.116,20.5785,21.1138,21.3241,21.3274,20.7286,20.7869,20.7621,21.0592,21.914,21.0447,20.6174,20.5358,20.9387,21.7158,20.1576,20.6155,21.0819,21.1954,21.6718,19.6289,19.8355,20.2228,20.677,20.9806,21.1797,19.7601,20.2162,19.6269,21.6972,19.8865,20.3534,20.8841,20.9795,21.7933,19.504,19.7163,20.12,21.0794,21.8967,19.9013,19.9042,20.6145,20.2873,20.8245,20.2064,20.1937,20.8032,20.9169,21.5573,20.5622,20.5168,20.6766,21.1927,23.2648,20.5554,19.9905,20.6236,20.6644,20.947,19.409,20.2443,20.4509,20.8821,21.3024
306,2:06:15 PM,19.8579,19.9383,20.2351,20.5973,21.1209,20.8393,20.6927,21.2618,21.2272,21.215,20.7674,20.8071,20.5637,20.6717,20.9851,20.8483,21.1876,21.1529,21.361,21.8483,20.9402,20.9157,21.0767,20.8199,21.4504,19.958,20.218,20.1153,20.2352,20.9391,20.8721,21.0243,21.1297,21.4834,21.7783,20.8587,20.8533,20.7324,20.7565,20.6732,20.9616,21.0121,21.2148,21.9836,22.3036,21.4361,21.4724,21.5204,21.2876,21.5608,19.9467,19.4633,19.9725,20.1075,21.1565,20.0019,20.7284,21.1599,21.2798,21.3836,21.0622,20.9598,20.716,21.0512,22.0018,21.1224,20.6622,20.5753,20.9629,21.5665,20.1115,20.7203,20.9989,21.1135,21.0496,19.7416,19.8166,20.2786,20.546,20.9095,21.0174,19.6958,20.512,19.6114,21.5397,19.7403,20.3491,20.6653,21.0811,22.5254,19.5718,19.9886,20.387,21.0396,22.0393,19.9389,20.2409,20.4028,20.3053,21.1693,20.1475,20.2952,20.6525,20.6056,21.4856,20.1078,20.4624,20.5363,21.1049,23.5183,20.4592,20.106,20.744,20.7738,20.6481,19.628,20.2753,20.6371,20.9115,21.2158
307,2:06:35 PM,19.7985,19.7172,19.8263,20.5882,21.1668,20.7108,20.5802,21.1333,21.3447,21.6109,20.7215,20.8029,20.6779,20.5252,20.7933,20.8271,21.2291,21.222,21.5094,21.9941,20.876,20.8285,21.079,20.8845,21.4748,19.9006,19.9486,20.0478,20.305,20.8266,21.3356,20.967,21.3059,21.238,21.871,20.9125,20.7517,20.8752,20.8095,20.8608,21.2564,20.961,21.2138,21.7077,22.3389,21.3728,21.5951,21.5186,21.2215,21.7205,19.7622,19.4351,20.0099,19.9266,21.1846,19.7763,20.3923,21.0368,21.1716,21.4474,20.8433,20.9142,20.7112,21.0626,21.8829,21.0798,20.552,20.5295,20.9731,21.5354,19.978,20.3578,20.9724,20.9256,21.5235,19.7876,19.7271,20.099,20.3123,20.9965,21.2662,19.6059,20.1169,19.4312,21.3369,19.7218,20.2738,20.7996,20.9086,21.6823,19.5374,19.7969,20.3037,21.0686,21.8468,19.8862,20.2843,20.5531,20.0714,20.365,20.2722,20.2231,20.4338,20.3509,21.0696,19.9786,20.441,20.5266,21.036,23.3231,20.2761,19.9132,20.5839,20.662,20.6709,19.5868,20.4093,20.4465,21.0298,21.5477
308,2:06:55 PM,19.842,19.9429,19.99,20.2708,21.0792,20.6021,20.6543,21.2403,21.4076,21.6785,20.8576,20.7033,20.3158,20.7838,20.8731,20.8373,21.0725,21.1367,21.5228,21.9492,20.8298,20.7662,20.9601,21.0404,21.6061,19.9925,20.229,20.1108,20.252,20.6808,21.1306,20.862,21.2582,21.2965,21.9642,20.8859,20.8765,20.79,20.6447,20.7445,21.2046,21.0011,21.0699,21.8757,22.2517,21.4863,21.4345,21.5318,21.1401,21.6135,19.8656,19.4599,19.8601,19.9781,21.1728,20.1046,20.5578,21.0408,21.2196,21.5868,20.9796,20.7447,20.6423,20.917,21.9612,21.0799,20.7015,20.3814,21.0546,21.7444,19.9893,20.5833,21.03,21.0928,21.5977,19.6723,19.6464,20.1761,20.5661,21.0562,21.039,19.7267,20.0582,19.5824,21.2635,19.7964,20.1188,20.9347,21.016,22.0168,19.4676,19.7951,19.8774,21.1515,21.8621,19.769,20.1658,20.5854,20.4038,20.8305,20.131,20.2889,20.4603,20.5553,21.1154,20.0382,20.3138,20.4182,20.983,23.7542,20.2176,19.8554,20.7108,20.7814,20.4139,19.789,20.2121,20.7178,20.961,21.2696
309,2:07:15 PM,19.9965,20.0409,20.1386,20.631,21.0728,20.7106,20.6493,21.1524,21.26,21.4093,20.7388,20.5718,20.3049,20.4356,20.9929,20.7543,21.1229,21.1955,21.464,21.8674,21.1454,20.9224,21.035,20.7106,21.4871,19.9073,20.0715,19.9626,20.2542,20.8849,21.0103,20.9038,21.2752,21.3885,21.8302,20.8208,20.8941,20.6612,20.6093,20.4479,21.1425,21.0057,21.2595,21.8094,22.2223,21.4386,21.458,21.5573,21.2527,21.5623,19.8189,19.4044,19.8381,19.9044,21.2179,20.1542,20.6105,20.9753,21.4233,21.3234,20.6996,20.8495,20.7254,21.1533,22.0731,20.9676,20.5359,20.3797,20.84,21.5337,20.0302,20.6978,20.9049,21.0732,21.6951,19.618,19.5943,20.1114,20.1902,20.87,20.9651,19.6433,20.5781,19.5134,21.6016,19.8033,19.7363,20.5117,21.0121,22.1415,19.4988,19.5811,20.1949,20.9768,21.6983,19.8302,20.003,20.1983,20.3715,20.9559,20.0965,20.308,20.3556,20.5132,21.2309,20.2845,20.4354,20.706,20.986,23.0227,20.4208,19.9514,20.7263,20.6215,20.9642,19.7965,20.2567,20.6121,20.7506,21.2692
310,2:07:35 PM,20.2432,20.0247,20.1762,20.5621,21.0795,20.7555,20.6211,20.8961,21.0949,21.2596,20.5991,20.7523,20.7261,20.8545,21.0799,21.0239,21.1399,21.1221,21.3747,21.8176,20.9141,20.7488,20.9646,20.497,21.5904,20.1623,20.2277,19.9362,20.1808,20.9249,20.9813,20.5568,21.0039,21.1132,21.8658,21.0507,20.8541,21.0012,20.8134,21.2057,21.1955,21.1695,21.1524,21.7263,22.3202,21.4835,21.2356,21.4101,21.0729,21.3583,19.7492,19.3908,19.9398,19.937,21.1732,20.2726,20.7277,21.1225,21.2621,21.4833,20.7186,20.7172,20.5756,21.1989,21.7274,20.9691,20.5965,20.4307,20.9356,21.6367,20.0043,20.6645,20.8878,20.9888,21.4952,19.7293,19.4498,20.0448,20.41,20.9932,20.9401,19.6607,20.0156,19.4344,21.2059,19.7486,20.1705,21.0151,21.0491,22.4955,19.482,19.6614,19.3876,20.9081,21.786,19.7846,19.8629,20.4418,20.049,20.506,20.1298,20.1299,20.396,20.3994,21.2571,20.242,20.3997,20.4473,20.9034,23.0309,20.3179,19.9908,20.4709,20.6935,20.6779,19.6148,20.3295,20.6319,21.1187,21.3336
311,2:07:55 PM,19.9734,19.9429,19.7048,20.5583,21.0207,20.7993,20.4622,20.9053,21.2799,21.1578,20.7789,20.8457,20.3888,20.5967,20.9754,20.7187,21.2451,21.1531,21.5061,21.877,20.9605,20.8192,20.9245,20.2835,21.6248,19.8442,20.0253,20.0095,20.3042,20.8,20.816,20.6613,20.9866,21.1819,21.7939,20.6874,20.8033,20.8317,20.8289,21.0166,21.2048,21.0628,21.379,21.7533,22.2996,21.1939,21.2903,21.5603,21.0017,21.4636,19.7457,19.5111,19.8817,20.0024,21.2758,19.8995,20.6479,21.0035,21.0814,21.3148,20.946,20.8843,20.5312,20.9274,21.5733,21.2566,20.67,20.2829,20.6791,21.6817,20.059,20.5113,20.9383,21.0618,21.387,19.5636,19.4151,20.1539,20.4603,20.8212,20.9062,19.5219,20.1869,19.6316,21.2688,19.7276,20.0393,20.6879,20.791,21.8106,19.3844,19.6392,19.761,20.9872,21.9416,19.8216,20.1423,20.2354,20.0503,20.3427,20.1134,20.1013,20.4013,20.5,20.7315,19.8219,20.2254,20.6045,20.9982,23.4869,20.2093,19.8988,20.5692,20.577,20.9154,19.4404,20.166,20.3281,21.0485,21.1726
312,2:08:15 PM,19.7822,20.019,19.8489,20.4947,20.9193,20.6657,20.6267,20.9455,20.9369,21.0844,20.8043,20.6503,20.575,20.7127,21.0585,20.8309,21.0053,20.7161,21.3474,21.5487,20.6455,20.7014,21.0602,20.8549,21.2359,20.0087,20.0466,20.1372,20.2927,20.6344,21.0561,20.7828,21.051,21.3299,21.7818,20.8659,20.8889,20.8223,20.9124,20.9789,21.2331,21.0546,21.209,21.7624,22.0209,21.2577,21.1693,21.3232,20.9684,21.283,19.8512,19.4821,19.6995,19.8902,21.0039,19.9813,20.5963,21.106,21.1178,21.1701,20.7772,20.7876,20.6168,21.0815,21.5409,20.9626,20.622,20.4328,20.8054,21.5018,20.2007,20.5042,20.7604,21.0294,21.3451,19.6047,19.4956,20.0488,20.3301,20.9865,20.9569,19.6855,20.1802,19.747,21.2072,19.7678,20.0689,20.7935,20.8019,22.0223,19.3928,19.7095,19.8195,20.827,21.7469,19.689,20.0898,20.1772,19.7656,20.1542,19.8704,20.156,20.3,20.4713,21.2475,20.0446,20.2626,20.5471,21.1573,22.8029,20.3477,20.1698,20.6293,20.5224,20.6694,19.5796,20.2525,20.4619,20.8919,21.3341
313,2:08:35 PM,19.9013,20.0557,19.9625,20.501,20.8514,20.6888,20.7747,21.012,21.1838,21.2408,20.6239,20.5699,20.3985,20.7534,20.9663,20.7995,21.0284,20.9791,21.4855,21.7924,20.5567,20.4871,20.7995,20.8594,21.4723,20.0647,20.2383,20.0764,20.1851,20.7208,20.917,20.6112,21.1618,21.3099,21.5943,20.6984,20.7094,20.7469,20.7784,20.6104,21.1158,21.1364,21.1354,21.7867,22.0915,21.2925,21.3338,21.3232,21.0616,21.4604,19.8159,19.6348,19.8374,20.0803,20.9486,19.9486,20.7569,21.0369,21.147,20.955,20.6244,20.7983,20.5076,20.8805,21.8434,20.854,20.4659,20.3115,20.8977,21.4534,19.8889,20.4062,20.8973,20.9534,21.3587,19.6247,19.6004,19.9939,20.2575,20.9375,20.7778,19.5338,19.882,19.3138,21.1392,19.7119,20.2756,20.8261,21.0005,22.1861,19.3498,19.6214,19.7823,20.846,21.7576,19.565,19.6821,20.1073,19.7361,20.7221,19.9927,20.2422,20.4189,20.5532,21.458,20.094,20.461,20.4497,21.4149,23.3435,20.238,19.8216,20.7015,20.7124,20.4967,19.4689,20.1118,20.3175,20.6875,21.1964
314,2:08:55 PM,19.9938,20.1863,19.6142,20.354,21.0902,20.6167,20.6033,20.9949,21.3152,21.2989,20.7462,20.5867,20.4571,20.6938,20.8326,20.7485,21.0127,21.1309,21.4117,21.8422,20.6974,20.4031,20.7735,20.8573,21.4303,19.6589,20.0366,19.6716,20.0663,20.7285,21.1538,20.3921,20.9392,21.0631,21.8384,20.7066,20.7642,20.635,20.6758,20.7774,21.0507,21.1208,21.0271,21.7221,21.8427,21.1974,21.3597,21.2726,20.9635,21.2105,19.8066,19.4356,19.8055,19.9036,21.0547,20.0158,20.6226,20.9842,20.9932,21.3357,20.8155,20.7571,20.6514,20.8598,21.624,20.9338,20.419,20.3825,20.7366,21.7107,19.8096,20.3521,20.8131,20.9795,21.4423,19.4481,19.333,19.9954,20.1575,20.8513,20.7012,19.481,19.9975,19.5356,20.8292,19.7352,20.0151,20.6841,20.8367,22.2363,19.4201,19.4356,20.1306,20.7217,21.7674,19.6416,19.7195,20.011,19.9199,20.6078,19.9887,20.1597,20.3662,20.4245,21.273,19.6573,20.3548,20.4259,21.187,23.0983,20.1196,20.1716,20.4919,20.6241,20.6629,19.5184,19.8649,20.6001,20.8217,21.1915
315,2:09:15 PM,19.8988,19.8949,19.9879,20.3481,21.0574,20.5226,20.4292,21.0327,21.2124,21.1553,20.4678,20.5857,20.4127,20.5611,20.7935,20.64,20.9241,20.9316,21.2955,21.8243,20.5473,20.4294,20.8725,20.3199,21.2407,19.9041,20.1094,19.8404,20.0784,20.5997,20.8376,20.6021,21.0879,20.8568,21.7203,20.6634,20.7303,20.6955,20.7721,20.7345,20.9967,20.9238,21.1005,21.8893,22.1049,21.2193,21.1435,21.3014,21.0981,21.1341,19.7393,19.447,19.872,20.0441,20.9424,19.9736,20.6252,20.7308,21.0411,21.1413,20.7049,20.6179,20.4659,20.8238,21.6364,20.9442,20.3641,20.3775,20.6723,21.6497,19.9332,20.3475,20.8701,20.9719,21.2822,19.4997,19.6386,20.0348,20.0343,20.767,20.8921,19.6121,20.4294,19.556,20.7635,19.8124,20.099,20.8064,20.8869,22.7093,19.4262,19.4418,19.8426,20.6221,21.6639,19.6638,19.6774,20.0006,19.9371,21.2173,20.0892,20.0974,20.3375,20.567,21.243,20.1156,20.3317,20.4353,20.9691,22.9495,20.3077,20.2425,20.5349,20.4348,20.7082,19.3459,19.8877,20.5527,20.6918,21.1914
316,2:09:35 PM,20.0845,20.0905,19.9234,20.4184,20.6759,20.4087,20.3895,20.8938,21.3519,21.2672,20.5624,20.6325,20.3739,20.811,20.9272,20.8484,20.9623,20.9742,21.2488,21.732,20.6114,20.393,20.7348,20.4236,21.4273,19.9821,19.981,19.8693,19.9337,20.764,20.7366,20.6151,20.9344,21.0848,21.5913,20.76,20.8391,20.8048,20.8431,20.9299,21.1707,20.9778,21.0679,21.6679,21.9934,20.9994,21.1703,21.2512,20.7581,21.1649,19.6821,19.3888,19.8964,20.0491,21.1057,19.8093,20.5197,20.8494,21.1391,21.6216,20.4592,20.4357,20.5293,20.8997,21.6134,20.6996,20.3579,20.3652,20.7703,21.3449,19.7039,20.2673,20.5947,20.7478,21.4151,19.7098,19.5957,19.9726,20.2655,20.7553,20.8254,19.4606,20.2566,19.6961,21.0595,19.6215,20.0496,20.6036,20.5937,22.145,19.3895,19.516,19.5872,20.5903,21.7328,19.5131,19.7686,20.0937,19.9145,20.109,20.0682,20.2009,20.1434,20.5068,21.0842,19.9238,20.3728,20.4181,21.0448,21.7302,20.1277,19.796,20.6224,20.5558,20.7683,19.5972,20.1862,20.5022,20.954,21.2089
317,2:09:55 PM,19.9509,19.7501,20.1431,20.2109,20.7138,20.5924,20.4608,20.6393,21.028,21.1095,20.6538,20.5299,20.5601,20.7707,20.9795,20.7101,21.0301,20.8474,21.0959,21.6849,20.7225,20.2944,20.5567,20.6303,21.456,19.8956,19.9496,19.7199,19.8559,20.4382,20.8088,20.5573,20.7517,21.0174,21.6739,20.806,20.688,20.6994,20.6846,20.8853,21.0754,21.0673,21.0181,21.569,22.054,21.2245,21.1955,21.2958,20.9659,21.4648,19.8624,19.4494,19.7988,19.798,21.0461,20.0604,20.2969,20.8073,21.0395,21.3259,20.3865,20.5275,20.3771,21.004,21.7094,20.8859,20.3873,20.38,20.6063,21.4335,19.8005,20.3062,20.6412,20.7628,21.0188,19.6164,19.515,19.9626,20.4035,20.8149,20.8386,19.5264,20.2064,19.6011,21.12,19.6114,19.9241,20.6326,20.8609,22.2937,19.33,19.5568,19.8548,20.7806,21.5148,19.6193,19.4642,19.8583,19.8588,20.0338,20.0124,20.0032,20.1951,20.4564,21.0443,20.2188,20.1216,20.1891,20.9578,22.7648,20.218,19.7692,20.2819,20.4245,20.8061,19.3038,19.9134,20.3792,20.7447,21.0101
318,2:10:15 PM,19.8974,19.9321,19.6366,20.3047,20.7813,20.4492,20.3352,20.6132,20.7972,20.8806,20.6844,20.7983,20.5101,20.7865,21.0048,20.7105,20.978,20.9407,21.235,21.5638,20.8598,20.3871,20.7173,20.5494,21.339,19.867,20.037,19.6725,20.0864,20.4664,20.7558,20.48,20.6169,21.0372,21.6015,20.7188,20.7981,20.7563,20.882,21.1038,21.055,20.9573,21.0753,21.5498,21.9795,21.1025,21.214,21.3556,20.7938,21.1238,19.5489,19.3868,19.7179,19.9425,21.0057,19.9741,20.3726,20.7374,21.0246,21.3898,20.7485,20.4617,20.3725,21.0214,21.6625,20.7643,20.4657,20.2921,20.7445,21.4453,19.6555,20.2981,20.8505,20.6983,20.9762,19.5789,19.7181,19.8834,20.2144,20.7622,20.8004,19.2306,19.986,19.2041,21.1112,19.6272,20.0768,20.6284,20.8941,22.5237,19.0501,19.5283,20.0825,20.5473,21.4237,19.552,19.6431,20.2034,19.8061,20.6381,20.0726,19.992,20.3419,20.2985,21.2912,20.1617,20.3017,20.4913,21.1579,22.9748,20.2264,19.7612,20.3421,20.4111,20.6453,19.2276,19.9289,20.3097,20.6528,21.1053
319,2:10:35 PM,19.7515,19.8113,19.7137,20.0303,20.752,20.6051,20.4213,20.5393,20.9723,20.8797,20.6098,20.4108,20.3609,20.546,21.0291,20.5519,20.9274,20.8484,21.1168,21.7244,20.7313,20.356,20.72,20.4309,21.3626,19.8245,19.8913,19.677,20.0392,20.7855,20.6169,20.7416,20.8536,20.9655,21.7047,20.626,20.8895,20.6871,20.6304,21.1896,21.131,20.9756,20.9885,21.6056,21.7984,21.1757,21.0999,21.3395,20.9318,21.1656,19.5967,19.2735,19.7353,19.8493,20.9267,19.9207,20.4127,20.8293,20.8853,21.1012,20.519,20.5112,20.5196,20.9139,21.4497,20.8992,20.4908,20.4494,20.6461,21.3102,19.8289,20.4072,20.7528,20.8942,21.1252,19.313,19.4176,20.0917,20.1653,20.6975,20.7351,19.3253,19.6069,19.1966,20.9738,19.5097,19.8651,20.4912,20.7029,21.7629,19.2735,19.5256,20.0835,20.7482,21.5454,19.6959,19.8729,20.332,20.1642,20.8714,19.8805,20.0487,20.2452,20.4529,20.8559,19.9079,20.1443,20.2912,21.7586,22.988,20.1087,20.0155,20.4143,20.2741,20.5646,19.3736,19.9722,20.4911,20.7572,21.4615
320,2:10:55 PM,19.757,19.9458,19.725,20.0513,20.7654,20.5743,20.2874,20.7005,20.7609,20.9875,20.601,20.4684,20.4907,20.5813,21.0528,20.6297,20.8276,20.9569,21.2899,21.6469,20.5954,20.3686,20.6702,20.6505,21.2941,19.7575,19.9324,19.5718,19.9662,20.5578,20.68,20.4289,20.8316,20.7099,21.6999,20.708,20.5882,20.6476,20.6248,21.0335,21.1896,20.8912,20.9764,21.6823,22.0616,20.852,21.3647,21.0853,20.9734,21.2721,19.597,19.3347,19.6835,19.8771,20.7818,19.7019,20.4461,20.8126,21.064,20.9881,20.5183,20.583,20.2328,20.8794,21.6439,20.6844,20.221,20.3144,20.6951,21.343,20.0304,20.2242,20.7296,20.7618,21.2217,19.2447,19.2586,19.7617,20.1249,20.6786,20.7232,19.3729,20.0851,19.3537,21.1676,19.4828,19.9703,20.3274,20.7748,21.6988,19.1446,19.4074,19.7871,20.7984,21.6368,19.773,20.0419,20.2461,20.2115,20.6221,19.9775,20.1889,20.3069,20.2664,21.19,19.6749,20.0119,20.2069,21.3144,23.0785,19.9495,20.017,20.3622,20.4778,20.3906,19.2526,19.984,20.6164,20.7816,21.2461
321,2:11:15 PM,19.7103,19.9337,19.7364,20.2392,20.6965,20.5726,20.5561,20.7018,20.8822,20.8848,20.5182,20.374,20.1716,20.5551,20.7432,20.5533,20.88,20.9848,21.2726,21.6424,20.8075,20.4188,20.6226,20.5001,21.4048,19.67,20.1416,20.2706,20.0751,20.5494,20.6898,20.8241,20.8239,20.888,21.6528,20.6873,20.665,20.7689,20.7198,20.7577,20.9689,20.9484,20.9568,21.5787,22.1556,20.9859,21.3988,21.3358,20.8962,21.3404,19.4865,19.3952,19.7414,19.8022,20.9041,19.7237,20.3215,20.8776,21.0186,21.5748,20.5415,20.6358,20.3362,20.9952,21.4857,20.6144,20.2224,20.0921,20.6913,21.4431,19.6894,20.403,20.7147,20.7869,21.5112,19.3109,19.3858,19.7857,20.1281,20.7125,20.5739,19.4901,19.8809,19.2631,21.2021,19.4521,20.0517,20.374,20.6407,21.4701,19.2479,19.5825,19.6984,20.9531,21.7227,19.7055,20.1297,20.2223,20.1722,20.6667,19.7811,19.9298,20.1006,20.3013,21.0842,19.6015,20.2066,20.2644,20.7407,22.9418,19.8747,19.827,20.5325,20.4079,20.4047,19.3402,20.1166,20.2059,20.6763,20.9782
322,2:11:35 PM,19.6629,19.5624,19.7249,20.2944,20.716,20.5149,20.2015,20.7966,20.9566,20.9435,20.4382,20.4056,20.3365,20.6362,20.8388,20.7296,21.0041,20.9837,21.2669,21.5965,20.9661,20.4851,20.7466,20.9042,21.477,19.6601,19.8403,19.5054,19.9302,20.6018,20.8278,20.5167,20.9474,21.0284,21.559,20.7672,20.6018,20.5109,20.4455,20.4915,20.6971,20.9053,21.0934,21.4718,21.8685,21.147,21.1091,21.1394,20.9276,21.2724,19.4623,19.2366,19.5533,19.8473,20.9162,19.6251,20.43,20.8931,20.9091,21.3787,20.407,20.6855,20.3087,20.8026,21.7304,20.7483,20.3321,20.1073,20.7245,21.197,19.8612,20.4957,20.6557,20.6866,21.2329,19.3418,19.4248,19.6824,20.3028,20.905,20.6184,19.3853,19.5548,19.1663,21.3949,19.613,19.8343,20.4976,20.4947,21.9603,19.2696,19.393,19.98,20.4467,21.8127,19.4945,19.8897,20.5542,20.0315,20.6068,19.727,19.9438,20.0493,20.1677,21.3087,19.8932,20.1683,20.4246,21.0578,22.9977,20.2502,19.8788,20.4066,20.4118,20.3284,19.2913,20.1982,20.14,20.565,20.8112
323,2:11:55 PM,19.7554,19.9727,19.6736,20.2524,20.8082,20.4453,20.3974,20.825,20.86,21.019,20.6517,20.3687,20.2085,20.6332,21.0942,20.6255,20.8045,20.9039,21.1857,21.5706,20.5887,20.5686,20.793,20.6673,21.1828,19.8865,19.8468,19.5259,19.6343,20.5574,20.448,20.492,20.9163,20.9348,21.618,20.7576,20.5552,20.6706,20.6629,21.1917,20.7363,20.8462,20.9781,21.6196,22.0198,21.0955,21.0387,21.1446,20.8525,21.2348,19.5962,19.357,19.5342,19.8688,20.86,20.0196,20.3468,20.7469,20.8769,21.268,20.7511,20.5282,20.2545,20.8307,21.7982,20.6121,20.1701,20.1958,20.7453,21.3555,19.6622,20.3478,20.5755,20.7857,21.3924,19.5958,19.4878,19.7964,20.0942,20.7199,20.7137,19.4817,20.0546,19.3494,21.5672,19.6523,20.0746,20.7904,21.246,21.7834,19.3836,19.3892,19.7551,20.7764,21.8734,19.359,19.769,19.9955,19.7027,20.1722,19.8774,19.8946,20.0096,20.3021,21.0859,19.7981,20.0841,20.3134,21.1143,22.7539,20.2103,19.7834,20.4347,20.2447,20.72,19.6286,19.9928,20.1121,20.8151,20.8993
324,2:12:15 PM,19.7043,19.9034,19.9311,20.2223,20.7087,20.5912,20.3059,20.8788,20.9422,20.9552,20.5713,20.4405,20.1923,20.4087,20.6563,20.7429,20.7605,20.7293,21.1807,21.5539,20.362,20.5986,20.8299,20.4467,21.2661,19.654,20.1217,20.1151,20.1757,20.5291,20.7943,20.6613,20.9927,21.1238,21.4989,20.7608,20.6352,20.3835,20.2007,20.3846,20.9228,20.8637,21.0205,21.4652,21.7372,20.9869,21.0144,21.1941,20.8339,21.3073,19.6945,19.5591,19.6217,19.9167,20.7563,19.9703,20.3732,20.7177,20.9867,21.2828,20.6473,20.584,20.5171,20.7551,21.5458,20.848,20.2511,20.2157,20.5954,21.5674,19.5905,20.1493,20.5786,20.5409,21.0559,19.7422,19.6079,19.7395,20.0984,20.7727,20.6366,19.3301,19.647,19.4735,21.5623,19.5113,19.8779,20.6315,20.7038,21.667,19.3144,19.4962,19.5997,20.4638,21.7604,19.2573,19.7255,19.9456,19.9887,20.4561,19.8287,19.8922,20.3288,20.1929,20.9552,19.8462,20.0857,20.085,20.8868,23.1427,20.1339,20.029,20.303,20.5169,20.5032,19.3067,19.9619,20.4767,20.8837,21.0698
325,2:12:35 PM,19.8733,19.7803,19.6139,20.1289,20.6409,20.1824,20.2543,20.767,21.0188,20.9381,20.4979,20.1738,20.1078,20.4404,20.8611,20.6026,20.8432,20.8379,21.1043,21.5114,20.7039,20.309,20.7171,20.3803,21.2093,19.7916,19.7821,19.8272,19.8733,20.5717,20.9614,20.3968,21.0395,20.9437,21.4618,20.5407,20.5341,20.5496,20.3768,20.3226,20.8315,20.8784,20.8202,21.5391,21.8278,21.0764,21.1209,21.2634,20.6128,21.2212,19.6086,19.2797,19.4443,19.8265,20.9658,19.8115,20.4656,20.7275,20.9412,20.771,20.6,20.6279,20.365,20.6414,21.5111,20.5215,20.2909,20.2189,20.7137,21.3305,20.052,20.4905,20.5704,20.7462,21.0934,19.4382,19.5714,19.6748,20.0206,20.3341,20.6924,19.2002,19.6132,19.3281,21.394,19.4854,19.7731,20.5628,20.4777,21.5794,19.1798,19.4577,20.0301,20.7171,21.6632,19.6388,19.9984,19.6554,19.8658,20.7726,19.7738,19.9731,20.2085,20.1423,21.2583,19.8701,20.0802,20.083,20.6504,22.9928,20.1803,19.8166,20.4501,20.2363,20.2124,19.2473,19.828,20.3494,20.8276,20.9472
326,2:12:55 PM,19.7472,19.7581,19.6339,20.2303,20.5852,20.3156,20.0837,20.428,20.9143,21.0136,20.6619,20.5216,20.4389,20.5842,20.4507,20.5575,20.8517,20.8017,21.2575,21.367,20.407,20.3236,20.7509,20.5582,21.2135,19.8258,20.0525,19.7455,19.7626,20.5417,20.4819,20.2684,20.9542,20.6689,21.3607,20.6199,20.544,20.6273,20.6189,20.7168,20.6887,20.7229,21.088,21.5158,21.8677,21.049,21.0745,21.0466,20.496,21.2637,19.3982,19.2152,19.4188,19.6443,21.0364,19.6348,20.0875,20.6693,20.867,21.0136,20.3256,20.3546,20.418,20.8462,21.6391,20.6399,20.3466,20.2102,20.6001,21.3107,19.8489,20.1464,20.6883,20.7855,21.3684,19.2312,19.332,19.9371,19.8245,20.4472,20.6593,19.4216,19.7111,19.2111,21.3763,19.6956,19.824,20.2379,20.7468,21.8806,19.1159,19.5053,19.7876,20.7331,21.8039,19.3925,19.8447,20.1109,20.1001,20.8515,19.815,19.8231,20.2055,20.1474,21.1288,19.8627,20.1528,20.2565,21.5676,22.6171,20.0058,19.8882,20.3637,20.5202,20.4027,19.209,20.1437,20.448,20.619,21.024
327,2:13:15 PM,19.6362,19.82,19.6278,19.9449,20.7146,20.403,20.1474,20.5427,20.7775,20.6047,20.5503,20.4651,20.3932,20.7183,20.8625,20.6943,20.9287,20.6732,21.1168,21.3419,20.6354,20.3372,20.8254,20.218,21.3009,19.8511,20.0279,19.7079,19.9462,20.5182,20.7454,20.4152,20.6754,20.5991,21.7276,20.6216,20.7141,20.7505,20.7308,20.7362,20.9157,20.7497,20.8884,21.5606,21.8654,21.1678,21.0517,21.1381,20.8025,21.0966,19.5655,19.1757,19.4548,19.7727,20.7239,19.7156,20.2537,20.7612,20.9668,20.9331,20.3627,20.3992,20.3874,20.6672,21.4455,20.8455,20.4065,20.241,20.6722,21.4119,19.7258,20.4025,20.714,20.6531,21.3387,19.3036,19.3011,19.794,20.0858,20.5782,20.4987,19.4138,19.9595,19.2276,20.9095,19.6312,19.7689,20.3569,20.6185,22.1902,19.2726,19.3152,19.6111,20.9006,21.5789,19.5739,19.9101,20.4954,20.4066,20.5154,19.8715,19.8548,20.1645,20.2062,20.7199,19.8406,20.0509,20.1402,21.1859,22.7985,20.1257,20.1273,20.2866,20.402,20.1287,19.3228,19.9631,20.4435,20.7166,21.0023
328,2:13:35 PM,19.5506,19.5457,19.6122,20.1553,20.6884,20.3414,20.1763,20.6223,20.768,20.7352,20.635,20.5349,20.1973,20.2859,20.6579,20.4134,20.7138,20.81,21.1359,21.5796,20.6626,20.4431,20.6984,20.3348,21.2435,19.5721,19.8621,19.7616,20.0416,20.4945,20.389,20.3765,20.7423,20.7663,21.5124,20.657,20.617,20.5548,20.6999,20.9129,20.8998,20.7517,21.0442,21.5569,21.9292,21.019,21.1521,21.2051,20.7164,21.0956,19.5508,19.2597,19.5358,19.7038,20.8225,19.5498,20.3589,20.7554,20.659,21.0322,20.5489,20.6344,20.2551,20.6969,21.3792,20.7804,20.27,20.1436,20.6193,21.3512,19.786,20.4147,20.4308,20.6867,21.2483,19.3777,19.3564,19.9128,20.0975,20.561,20.4311,19.2778,19.9573,19.2785,21.7789,19.494,19.7425,20.7471,20.8123,22.2485,19.2709,19.353,19.8906,20.8118,21.6507,19.5902,19.7566,20.0509,19.9882,20.1584,19.8352,19.9428,20.1825,20.3093,20.644,19.7417,19.937,20.268,21.1338,22.8884,20.1365,19.6494,20.328,20.1813,20.2515,19.3186,19.9249,20.263,20.3592,20.9405
329,2:13:55 PM,19.4396,19.5311,19.5364,20.0568,20.6448,20.4587,20.0434,20.7818,20.9997,20.9741,20.503,20.4039,20.0744,20.1835,20.6607,20.4875,20.7033,20.9824,21.1362,21.4816,20.8437,20.6385,20.6456,20.6068,21.1927,19.5697,19.9962,19.5716,19.9432,20.4057,20.8335,20.4084,20.9115,20.6914,21.6064,20.7565,20.6186,20.341,20.3925,20.1613,20.5349,20.7306,20.6486,21.4555,21.7889,21.0608,21.323,21.1566,20.7109,21.2646,19.4389,19.2063,19.513,19.6459,20.7433,19.5335,20.2433,20.8071,20.859,21.1737,20.4354,20.4864,20.1863,20.592,21.3334,20.7843,20.1405,20.1408,20.457,21.5616,19.7837,20.3222,20.6204,20.7229,21.0648,19.2849,19.241,19.7985,20.2607,20.7639,20.6175,19.0845,19.8546,19.0778,21.5972,19.4324,19.6962,20.5991,20.7228,22.0791,19.0574,19.3715,19.6977,21.0393,21.6792,19.6552,20.1569,19.824,20.0128,20.4873,19.769,19.8559,20.0729,20.1786,20.9631,19.6633,19.8757,20.2454,20.9772,22.7425,19.9625,19.736,20.3061,20.4346,20.2115,19.3022,19.8252,20.3399,20.6879,20.8452
330,2:14:15 PM,19.545,19.5222,19.4529,20.1087,20.7126,20.3893,20.1353,20.7316,21.0696,21.0713,20.4606,20.2935,20.109,20.0931,20.7132,20.6062,20.765,20.8818,20.9802,21.4008,20.8125,20.6568,20.679,20.3158,21.1033,19.7437,19.7395,19.5988,19.7428,20.4277,20.5807,20.4781,20.8444,20.7344,21.5106,20.6526,20.5224,20.449,20.5435,20.4857,20.4607,20.6088,20.9282,21.4146,21.8275,21.0591,21.2852,21.1409,20.8396,21.0832,19.5103,19.3605,19.5145,19.6266,20.8717,19.7921,20.4044,20.7831,20.8128,21.0069,20.5243,20.408,20.2618,20.8256,21.5059,20.7643,20.1598,20.0858,20.5302,21.5118,19.5265,20.2764,20.6503,20.7561,20.9255,19.2824,19.4313,19.8728,19.8961,20.6448,20.6924,19.3418,19.798,19.3384,21.8805,19.5337,19.9049,20.4059,20.6501,21.7722,19.3396,19.3092,19.8122,20.968,21.8272,19.5773,20.4203,20.1442,19.9639,20.4761,19.614,19.9416,20.1688,20.0399,20.7451,19.6617,20.046,20.1959,20.7832,23.0592,19.9864,19.8887,20.3829,20.287,20.1887,19.251,19.949,20.273,20.6348,21.2547
331,2:14:35 PM,19.539,19.7189,19.5499,19.9834,20.6214,20.3771,20.3709,20.8639,21.064,21.0604,20.4895,20.1188,20.1528,20.2352,20.7024,20.5145,20.7194,20.7927,21.2024,21.5903,20.9795,20.5713,20.6972,20.7345,21.3414,19.4704,19.6629,19.5775,19.8492,20.3047,20.7533,20.3333,20.7843,21.0256,21.5407,20.8601,20.3878,20.3229,20.6826,20.6749,20.797,20.8612,20.8396,21.2491,21.9015,20.9533,21.1292,21.0513,20.7439,21.1483,19.5541,19.2705,19.4954,19.6538,20.7123,19.7396,20.4052,20.7679,20.9917,20.9315,20.3839,20.6554,20.3578,20.7404,21.3512,20.9382,20.253,20.104,20.496,21.2867,19.7202,20.2046,20.4139,20.6428,21.265,19.47,19.2117,19.69,19.8339,20.669,20.6598,19.3018,19.5496,19.4476,21.4353,19.3452,19.8033,20.572,20.7607,21.9536,19.0874,19.4139,19.5101,20.5893,21.6336,19.4363,19.8398,19.9015,20.0676,20.6288,19.8315,19.8116,20.1349,20.166,20.9422,19.6771,20.0547,20.2493,21.0022,22.9972,19.9102,19.7213,20.4307,20.2348,20.7401,19.2531,19.779,20.2884,20.6368,20.9313
332,2:14:55 PM,19.6412,19.6539,19.7697,20.1123,20.4637,20.2433,20.483,20.7472,21.0322,20.9568,20.2388,20.2468,20.2391,20.4339,20.761,20.5073,20.6776,20.8184,21.0002,21.4036,20.5817,20.7321,20.632,20.8175,21.2504,19.6362,19.6611,19.8487,19.7058,20.2661,20.8075,20.548,20.9577,21.0388,21.6994,20.5666,20.4932,20.349,20.4201,20.5458,20.9984,20.7584,20.8869,21.4255,21.5877,21.1394,21.0968,21.0541,20.736,21.2565,19.4619,19.2648,19.3993,19.751,20.789,20.1585,20.2861,20.611,20.8881,20.95,20.5512,20.5622,20.1769,20.5264,21.5249,20.8165,20.2879,20.228,20.5806,21.0417,19.6966,20.2779,20.4187,20.6787,21.093,19.3137,19.4647,19.7721,20.096,20.6084,20.3327,19.3417,19.9402,19.2014,21.5677,19.237,19.7952,20.4061,20.6631,22.0669,19.1467,19.317,19.9626,20.6742,21.4483,19.7449,20.0164,19.902,19.9404,20.8158,19.7456,19.7498,19.9461,20.2395,21.0671,19.7127,20.1025,20.2138,21.0041,22.2831,20.0924,19.7848,20.4042,20.2756,20.4227,19.331,19.9419,20.2761,20.7027,21.1759
333,2:15:15 PM,19.8575,19.7723,19.5197,20.0019,20.661,20.3406,20.4613,20.7407,21.072,21.0806,20.2789,20.1856,20.1505,20.26,20.5675,20.3985,20.6959,20.629,21.0674,21.5167,20.5946,20.2801,20.6417,20.4207,21.1803,19.6493,19.7881,19.7879,19.7892,20.4115,20.8016,20.675,20.8843,20.857,21.5383,20.3547,20.3369,20.3472,20.1434,20.1513,20.6147,20.739,20.9155,21.4752,21.7569,21.0023,21.2724,21.0559,20.8655,21.3239,19.4054,19.1655,19.4028,19.726,20.7547,19.7869,20.3089,20.6927,20.8639,20.8401,20.6211,20.6592,20.4044,20.5889,21.4571,20.5199,20.039,20.0208,20.5976,20.9025,20.0695,20.4316,20.6403,20.6523,21.2075,19.3989,19.2265,19.8413,20.0276,20.4245,20.5862,19.3961,19.5014,19.3184,21.2717,19.59,19.8739,20.2315,20.5503,21.8199,19.1379,19.2716,19.8042,20.6255,21.6511,19.7225,20.1104,20.0474,19.6935,20.7499,19.8024,19.6934,20.0044,20.0743,21.5964,19.9659,20.0333,20.2438,21.8562,22.7737,20.102,20.1297,20.4183,20.6239,20.557,19.327,19.8246,20.1694,20.6819,20.9296
334,2:15:35 PM,19.6297,19.6496,19.5927,19.9859,20.829,20.4242,20.2908,20.9334,21.0094,21.0282,20.5189,20.3634,20.2868,20.5634,20.3586,20.5428,20.7465,20.9642,21.0607,21.4786,20.6901,20.4089,20.5526,20.3732,21.167,19.547,19.7958,19.6585,19.7514,20.3333,20.8569,20.4847,21.0284,20.5312,21.3996,20.5657,20.3958,20.5383,20.4067,20.4595,20.6865,20.5576,20.616,21.3987,21.7397,20.8119,21.1888,21.0529,20.8666,21.2971,19.5741,19.4016,19.4808,19.5125,20.6687,20.067,20.2949,20.5874,20.7387,20.7522,20.2577,20.4475,20.3149,20.6258,21.4257,20.8206,20.1506,19.9845,20.3979,21.0204,19.6529,20.2061,20.5091,20.7181,21.1071,19.3375,19.3413,19.6697,19.9841,20.5045,20.6449,19.2795,19.4949,19.2333,21.2934,19.4718,20.0567,20.4117,20.7122,22.0183,19.0741,19.1435,19.2027,20.5473,21.3755,19.3536,19.3526,19.9663,19.7563,20.3962,19.8154,19.9909,19.7402,19.9577,20.9693,19.7164,20.1716,20.155,21.1868,22.4899,20.1858,19.7556,20.098,20.1258,20.3249,19.3005,19.8875,20.3411,20.8805,21.0587
335,2:15:55 PM,19.6753,19.5628,19.5535,19.9412,20.447,20.3818,20.4163,20.6267,20.5942,20.9445,20.3272,20.4048,20.1133,20.441,20.6409,20.5495,20.6785,20.81,21.1663,21.5082,20.279,20.1964,20.5096,20.5051,21.1844,19.6714,19.7501,19.8695,19.7451,20.254,20.8896,20.2681,20.7502,20.7755,21.5403,20.4913,20.4561,20.4459,20.4699,20.7004,20.7902,20.669,20.7725,21.4412,21.6711,21.0996,21.0947,20.9415,20.764,21.0611,19.5276,19.3429,19.4499,19.5773,20.8878,19.7078,20.4536,20.6956,21.0451,21.2804,20.3009,20.3182,20.3874,20.7474,21.5179,20.6543,20.1261,20.0235,20.6068,21.0993,19.6898,20.2791,20.4732,20.5457,21.162,19.3358,19.4556,19.7232,19.9328,20.4824,20.6777,19.3038,19.6102,19.1776,21.1965,19.4712,19.926,20.2678,20.8243,22.0521,19.2283,19.1976,19.8606,20.4991,21.4989,19.5567,19.6653,20.0325,19.5305,20.3243,19.7036,19.6557,20.089,20.279,21.21,19.7776,19.9855,20.2384,21.102,22.7949,20.0918,19.7005,20.2487,20.3984,20.5746,19.518,19.9777,20.1346,20.7457,21.0166
336,2:16:15 PM,19.7357,19.8799,19.5503,20.0886,20.5844,20.5541,20.2483,20.7405,20.9219,20.9781,20.4962,20.179,20.0083,20.2505,20.4781,20.2953,20.6357,20.8561,21.1139,21.4444,20.6836,20.3946,20.6754,20.2831,20.9901,19.6747,19.9592,19.7368,19.965,20.4337,20.459,20.5887,20.8262,20.9764,21.521,20.4341,20.51,20.4297,20.4721,20.4796,20.7555,20.7671,20.8483,21.4559,21.8172,20.8691,21.1561,21.0397,20.7407,21.2057,19.4736,19.1237,19.4777,19.7216,20.7354,19.7146,20.3181,20.536,20.7661,20.9393,20.5052,20.3116,20.2302,20.6825,21.4401,20.7056,20.0034,19.9452,20.4506,21.2609,19.6484,20.2627,20.4242,20.7742,20.9469,19.3667,19.4874,19.6005,20.0395,20.52,20.433,19.5492,19.8531,19.2664,21.2676,19.4946,19.7111,20.5821,20.6356,22.1815,19.3103,19.3016,19.311,20.6492,21.4023,19.4662,19.6008,20.3483,20.0925,21.0103,19.8464,19.8412,19.9226,20.0678,20.9207,19.8062,19.9927,20.3359,20.7927,21.8141,20.1952,19.9988,20.2638,20.3404,20.1584,19.1372,19.9412,20.0762,20.6357,21.2536
337,2:16:35 PM,19.4511,19.4056,19.4798,20.1789,20.568,20.2754,20.3042,20.7831,20.5335,20.9165,20.2438,20.2758,20.05,20.0438,20.6045,20.3794,20.6287,20.6812,21.0311,21.5969,20.483,20.3628,20.6621,20.4848,21.2036,19.6061,19.7842,19.6177,19.8584,20.2569,20.9338,20.3079,20.9857,21.003,21.5085,20.4586,20.5273,20.4059,20.186,20.787,20.8093,20.6575,20.9396,21.3582,21.8485,21.1357,21.0462,21.0602,20.7695,21.2875,19.4308,19.2547,19.4336,19.5932,20.8003,19.5748,20.2655,20.727,20.7159,20.8454,20.4302,20.4044,20.2814,20.6763,21.4098,20.6698,20.1588,20.0367,20.5311,21.1521,19.6233,20.0846,20.5747,20.7269,20.9856,19.3775,19.3304,19.6405,20.0042,20.4882,20.5898,19.4552,19.8409,19.1149,21.2566,19.5965,19.71,20.4669,20.5299,21.9524,19.1502,19.3008,19.6367,20.5595,21.4712,19.542,19.7254,19.982,20.0904,19.5678,19.6559,19.7208,20.07,20.1605,20.5096,19.596,20.0729,20.3168,21.0424,22.5306,19.8432,19.76,20.3379,20.2784,20.3757,19.4345,19.9246,20.2619,20.563,20.9956
338,2:16:55 PM,19.6129,19.511,19.5436,19.995,20.6798,20.4416,19.9261,20.8385,21.0393,20.9519,20.2941,20.2521,20.1382,20.104,20.2753,20.3571,20.8891,20.7206,21.0613,21.3436,20.447,20.4863,20.6021,20.4865,21.1817,19.5767,19.7487,19.4914,19.713,20.3689,20.617,20.138,20.8572,20.5901,21.4365,20.4164,20.4619,20.2984,20.2878,20.5299,20.6594,20.6055,20.7275,21.582,21.735,21.0359,20.9123,21.0099,20.7969,21.0391,19.5888,19.1798,19.4853,19.5891,20.6955,20.0316,20.3623,20.5364,20.8501,21.0062,20.551,20.5808,20.4024,20.4761,21.1964,20.59,20.0208,20.0619,20.4772,21.0399,19.699,20.1521,20.51,20.7332,21.0564,19.4898,19.385,19.6891,19.8655,20.5104,20.4669,19.3765,19.6863,19.1241,21.4059,19.3777,19.6088,20.5373,20.5322,21.4525,19.2334,19.3298,19.5691,20.7329,21.5482,19.5789,19.5941,19.6356,19.7427,20.5584,19.6534,19.8251,19.9898,20.0997,20.5216,19.855,19.9798,20.1508,20.6718,22.5143,19.9767,19.7845,20.3483,20.3607,20.3734,19.3789,19.9554,20.0613,20.4364,21.0543
339,2:17:15 PM,19.8598,19.7071,19.5205,19.9745,20.5583,20.3467,20.5049,20.8636,20.9651,21.0808,20.3066,20.1991,20.1392,20.1693,20.3499,20.5032,20.5465,20.5953,21.0267,21.4647,20.3972,20.25,20.7085,20.3056,21.1819,19.4885,19.8888,19.4662,19.7487,20.2273,20.8903,20.5191,20.8088,20.7161,21.5438,20.626,20.425,20.4661,20.3568,20.3984,20.6837,20.4831,20.6259,21.3144,21.7174,20.9649,21.0052,20.81,20.7187,21.1668,19.5106,19.2227,19.4405,19.6569,20.8148,19.7132,20.396,20.7179,20.8368,21.4142,20.4189,20.5235,20.3282,20.6309,21.4001,20.7599,20.0185,20.0288,20.3652,21.1795,19.5348,20.3498,20.3473,20.5017,20.9804,19.5137,19.3987,19.8175,20.0528,20.4909,20.4796,19.3558,19.7222,19.2674,21.3992,19.7472,19.7316,20.5851,20.5949,22.0322,19.3653,19.3414,19.3693,20.6448,21.6146,19.4157,19.3351,19.7902,19.9192,20.3272,19.885,19.719,19.8778,20.1431,20.6381,19.8355,19.9631,20.2197,20.5071,22.2929,19.9255,19.8644,20.2361,20.2064,20.3592,19.4304,19.8663,20.4448,20.7677,20.9328
340,2:17:35 PM,19.6495,19.6163,19.7351,20.1363,20.6062,20.4355,20.3541,20.85,21.1349,21.0523,20.5628,20.0406,20.1636,20.12,20.4022,20.4013,20.7596,20.6183,20.9958,21.427,20.5903,20.3938,20.6204,20.7025,21.0053,19.7564,19.8733,19.737,19.6888,20.3169,20.8292,20.3854,20.9657,20.9345,21.335,20.5608,20.483,20.6097,20.26,20.2005,20.5117,20.5836,20.6938,21.3463,21.6021,20.9019,20.8666,21.0449,20.6096,21.2455,19.5289,19.4832,19.5679,19.7061,20.6809,19.7645,20.2095,20.5407,20.8802,21.0769,20.5571,20.4207,20.2952,20.6847,21.4759,20.5463,20.2743,20.0629,20.4921,21.1916,19.6413,20.5105,20.3813,20.5928,20.9643,19.5135,19.3093,19.7225,20.0605,20.6565,20.6215,19.3126,19.53,19.0698,21.1304,19.5253,19.8586,20.7725,20.8445,21.8889,19.3193,19.2989,19.8828,20.8346,21.5804,19.4807,19.6796,19.9432,19.6745,19.9901,19.7729,19.7168,20.0101,19.998,20.7661,19.8065,20.097,20.3791,20.7186,22.5373,20.0318,19.7315,20.197,20.448,20.3299,19.4068,19.7786,20.1682,20.6308,21.216
341,2:17:55 PM,19.6842,19.6512,19.4855,19.928,20.3876,20.3234,20.1653,20.6586,21.0455,21.1678,20.3682,20.4132,20.3364,20.405,20.3312,20.4258,20.6708,20.7684,21.1134,21.2513,20.4303,20.3105,20.6708,20.5814,21.1977,19.49,19.8767,19.7625,19.948,20.2424,20.893,20.3577,20.867,20.8043,21.4585,20.5733,20.55,20.4135,20.2944,20.6834,20.5524,20.6265,20.6309,21.4739,21.7766,20.6669,21.0041,20.9877,20.559,20.9764,19.5908,19.171,19.4614,19.4644,20.9187,19.7173,20.1294,20.4998,20.8531,21.1767,20.3695,20.3819,20.174,20.463,21.4806,20.4645,20.1609,20.0426,20.3431,21.3356,19.6076,20.0119,20.4791,20.6167,20.7678,19.4504,19.24,19.602,20.0437,20.274,20.6007,19.2877,19.7959,19.2163,20.8667,19.4437,19.8763,20.6928,20.7525,21.5764,19.1712,19.307,19.517,20.7593,21.5282,19.4765,19.693,19.7758,19.6978,20.5199,19.6508,19.7313,19.9876,20.0214,20.6692,19.6911,19.9854,20.2046,21.1137,22.5617,19.8266,19.6002,20.3525,20.2692,20.4829,19.325,20.1709,20.3096,20.5972,21.2634
342,2:18:15 PM,19.699,19.7621,19.6966,19.8452,20.4215,20.4463,20.2381,20.7318,20.9057,21.0159,20.466,20.2712,20.1809,20.2607,20.3107,20.3785,20.6721,20.4066,20.8759,21.2373,20.7083,20.1975,20.7395,20.8588,21.0856,19.4263,19.688,19.5812,19.6739,20.1339,20.6563,20.2783,20.795,20.6986,21.4265,20.518,20.5042,20.2896,20.2146,20.3418,20.6477,20.6478,20.8804,21.2229,21.6269,21.0275,20.7684,20.9448,20.6427,21.139,19.4354,19.0665,19.5344,19.6495,20.6333,20.0139,20.349,20.5943,20.8521,20.7101,20.1729,20.2461,20.1894,20.5993,21.337,20.7929,20.2084,19.9584,20.5462,21.2791,19.6305,20.107,20.7107,20.6005,21.0357,19.4521,19.4104,19.5411,20.131,20.4089,20.6084,19.5522,19.9112,19.4216,21.0581,19.7172,19.9592,20.5099,20.8616,22.1966,19.1615,19.2604,19.7626,20.6769,21.6484,19.5331,19.5893,19.9059,19.9319,20.25,19.8105,19.8184,19.9154,20.0857,21.0847,19.9672,20.1266,20.3587,20.7944,22.4232,20.0165,19.861,20.202,20.4734,20.381,19.3909,19.8045,20.3256,20.7758,21.1108
343,2:18:35 PM,19.7773,19.6664,19.7024,20.0489,20.3255,20.2788,20.1528,20.7457,20.6824,20.9661,20.4463,20.2483,19.9631,20.2969,20.4027,20.4752,20.6753,20.7084,20.7752,21.3119,20.5637,20.3312,20.5283,20.7433,20.9696,19.6983,19.7641,19.7838,19.7195,20.2502,20.7526,20.3951,20.9286,20.7876,21.4025,20.6326,20.487,20.4332,20.4402,20.7297,20.7007,20.7282,20.7916,21.2642,21.7086,21.0043,21.0231,20.865,20.5875,21.1364,19.4843,19.4992,19.5455,19.6473,20.6638,19.8104,20.3313,20.7272,20.7199,20.9714,20.4863,20.5536,20.163,20.5165,21.4337,20.4811,20.4039,20.0612,20.4405,21.1966,19.6974,20.1106,20.5508,20.3323,21.113,19.509,19.4132,19.573,19.8887,20.479,20.4592,19.3766,19.8377,19.3781,20.6075,19.4966,19.8924,20.538,20.9936,22.0262,19.2496,19.3125,19.4175,20.7637,21.2391,19.4299,19.5356,20.0149,19.9303,20.3004,19.7529,19.8194,20.0992,20.1658,20.7254,19.919,20.0552,20.2638,20.6748,22.4114,19.8361,19.868,20.3879,20.3089,20.1326,19.2188,19.9633,20.0206,20.6778,20.7228
344,2:18:55 PM,19.6906,19.5591,19.812,20.3223,20.4417,20.4436,20.2501,20.7258,20.8723,20.8552,20.439,20.3398,20.1725,20.4176,20.2861,20.2083,20.6577,20.7238,20.8873,21.3379,20.3881,20.3667,20.501,20.5455,21.1176,19.6556,19.8531,19.5614,19.7981,20.29,20.5051,20.4413,20.9019,20.877,21.2902,20.6268,20.4371,20.5989,20.3669,20.3329,20.8319,20.7546,20.9383,21.1868,21.6823,20.7417,20.8148,20.9716,20.5961,21.2047,19.5965,19.2299,19.5775,19.6902,20.6453,19.9448,20.1921,20.6087,20.7104,21.0914,20.4205,20.5504,20.2994,20.6385,21.3168,20.6757,20.2269,19.9994,20.4379,21.021,19.7484,20.0559,20.5342,20.7002,21.0593,19.4226,19.3103,19.7819,19.8821,20.5506,20.5117,19.1981,20.0985,19.4186,20.8371,19.483,19.7731,20.5748,20.773,22.3035,19.0911,19.2298,19.5342,20.4361,21.3732,19.4618,19.5816,19.503,19.828,20.3671,19.6642,19.8496,20.0207,19.932,20.9334,19.9235,20.0497,20.2051,20.7359,22.5859,20.2459,20.0507,20.3662,20.3719,20.2924,19.3578,19.916,20.2233,20.9028,21.0255
345,2:19:15 PM,19.7623,19.8525,19.6311,19.9926,20.5188,20.3136,20.1297,20.5867,20.7979,20.9139,20.3315,20.4148,19.9816,20.2862,20.4993,20.4047,20.6332,20.5122,20.9749,21.2641,20.4017,20.2145,20.5399,20.5366,20.9078,19.5958,19.8872,19.7514,19.7954,20.2225,20.6081,20.3335,20.6628,20.6442,21.3476,20.4808,20.6226,20.4125,20.5247,21.0247,20.7039,20.6788,20.6964,21.2764,21.6261,20.7991,20.8693,20.8709,20.5283,21.1028,19.4624,19.2467,19.5575,19.6252,20.6246,19.8886,20.4381,20.4308,20.7978,21.1517,20.1727,20.4846,20.0305,20.7427,21.068,20.6349,20.0257,20.0896,20.2745,21.107,19.66,19.9956,20.6435,20.5494,20.9102,19.4437,19.3174,19.648,19.9743,20.5698,20.4976,19.4365,19.6466,19.3637,20.9046,19.5988,19.9401,20.648,20.8687,21.4984,19.2104,19.2402,19.66,20.7337,21.4336,19.4837,19.6142,19.8982,19.9605,20.7665,19.8543,19.7859,19.9435,20.0584,20.7044,20.0213,20.0451,20.2191,20.8014,22.4046,20.002,20.1376,20.4362,20.3974,20.8695,19.3766,19.8928,20.2849,20.7218,21.0535
346,2:19:35 PM,19.8036,19.8382,19.7234,20.0059,20.4784,20.3867,20.292,20.6055,20.9269,20.9397,20.4101,20.1783,20.2104,20.2562,20.5644,20.4213,20.5439,20.6191,20.8438,21.3179,20.5118,20.1978,20.4818,20.2449,20.9063,19.7031,19.9372,19.5669,19.6171,20.1445,20.4419,20.2427,20.7146,20.8115,21.4344,20.4347,20.3331,20.463,20.6243,20.3779,20.6594,20.7079,20.7683,21.1579,21.6397,20.8016,21.0003,21.044,20.7473,21.0332,19.5823,19.0739,19.5193,19.5684,20.5987,19.7508,20.4151,20.479,20.9637,21.1082,20.1455,20.3593,20.1495,20.5915,21.5773,20.491,19.9597,19.9216,20.3348,21.212,19.5107,20.0385,20.5816,20.4363,20.9222,19.3464,19.3885,19.5682,20.0077,20.3441,20.4321,19.4681,19.9836,19.2838,20.7903,19.7109,19.9596,20.5698,21.0666,22.0551,19.2274,19.3101,19.3757,20.3079,21.4124,19.486,19.6228,19.6728,19.7467,20.0619,19.7984,19.8765,20.022,20.0548,20.5677,19.7194,19.942,20.3187,20.7493,22.1778,20.1036,19.8199,20.341,20.3142,20.6029,19.4813,19.9402,20.4718,20.6717,21.089
347,2:19:55 PM,19.5307,19.7731,19.5228,19.9488,20.455,20.5017,20.1186,20.5923,20.8565,20.9679,20.3783,20.242,19.9537,20.3787,20.7303,20.3033,20.4826,20.6208,20.8865,21.3398,20.5372,20.3996,20.533,20.636,21.0875,19.6496,19.6629,19.5684,19.8237,20.2248,20.4954,20.3752,20.8864,20.8275,21.332,20.4638,20.3947,20.3566,20.3833,20.5197,20.5602,20.6239,20.8109,21.382,21.7221,20.8345,21.0605,20.8553,20.5694,21.0828,19.5332,19.2099,19.4577,19.635,20.6847,19.8356,20.2373,20.6644,20.8301,21.0341,20.2143,20.4076,20.1631,20.6133,21.2975,20.4492,20.1333,20.012,20.4284,21.0027,19.8265,20.1357,20.5299,20.5588,20.8718,19.3418,19.2566,19.671,19.9535,20.4015,20.5647,19.3018,19.6715,19.2503,20.8877,19.5208,19.8158,20.4422,20.6322,22.1598,19.1909,19.1759,19.699,20.5343,21.3361,19.5068,19.7429,19.7897,19.6925,20.1453,19.8578,19.8235,20.1301,20.0594,20.7214,19.7792,20.1067,20.245,20.7898,22.4845,20.1161,19.7399,20.1588,20.248,20.1163,19.4755,19.8052,20.4037,20.8637,21.0673
348,2:20:15 PM,19.8265,19.7309,19.6903,20.0145,20.4643,20.5132,20.2205,20.6807,20.8097,20.9889,20.4146,20.207,20.2021,20.1983,20.7234,20.4236,20.5488,20.3353,20.9501,21.437,20.4457,20.2472,20.5307,20.3679,21.1633,19.6431,19.9377,19.8045,19.8502,20.1554,20.5223,20.317,20.9122,20.9147,21.3944,20.5089,20.3794,20.2074,20.3235,20.3773,20.6871,20.6773,20.9219,21.1091,21.7171,20.783,21.0754,20.7993,20.4781,20.7642,19.5343,19.1855,19.6552,19.6126,20.6724,20.0102,20.1389,20.4863,21.047,21.1834,20.1984,20.2786,20.2536,20.7464,21.34,20.6694,20.3436,20.0144,20.2642,20.8033,19.5626,20.1382,20.4316,20.3459,20.8188,19.4385,19.4283,19.7023,20.0982,20.4641,20.5186,19.5275,19.8701,19.5014,21.042,19.5263,19.8255,20.4761,20.8343,21.8708,19.0649,19.4026,19.5261,20.5424,21.4789,19.6005,19.4153,19.5792,19.5031,20.1008,19.8405,19.8237,20.0645,20.0971,21.0552,19.8989,20.0454,20.1707,21.6936,22.3843,19.8784,19.8447,20.2592,20.2415,20.3351,19.4356,19.9415,19.9306,20.5464,20.8577
349,2:20:35 PM,19.8497,19.6944,19.7577,20.0048,20.3809,20.4077,20.1123,20.6385,20.7863,20.8021,20.1137,20.2782,19.9182,20.2174,20.5526,20.4563,20.5586,20.4863,20.9286,21.5371,20.3398,20.2449,20.3695,20.5999,20.9733,19.7783,19.9331,19.5208,19.9154,20.1717,20.6167,20.4529,20.8553,20.8098,21.3889,20.4125,20.476,20.4131,20.4187,20.4191,20.4962,20.6622,20.8383,21.2779,21.751,20.9137,21.1328,20.9754,20.6148,21.0978,19.5106,19.3259,19.615,19.6004,20.5931,19.8486,20.3627,20.49,20.675,20.835,20.15,20.4851,20.154,20.498,21.5193,20.4101,20.0731,19.973,20.5208,20.86,19.6419,20.2258,20.3465,20.2706,20.9766,19.5342,19.4699,19.6375,19.8363,20.455,20.4674,19.301,20.0906,19.3609,20.9976,19.6952,19.7161,20.484,20.6627,21.9024,19.167,19.185,19.4917,20.6168,21.4201,19.4117,19.4459,19.8639,19.728,19.8092,19.7594,19.8932,20.0143,20.131,21.0219,19.8076,19.9694,20.2578,21.0347,22.4658,20.0678,19.7348,20.3224,20.3274,20.3519,19.446,19.8914,20.2034,20.6901,20.9793
350,2:20:55 PM,19.8922,19.558,19.4511,19.9958,20.3239,20.3156,20.004,20.4698,20.8543,20.8979,20.1899,20.349,20.0835,20.1411,20.6122,20.3862,20.6514,20.6993,20.9134,21.3312,20.4544,20.417,20.3865,20.6159,21.028,19.6641,19.9634,19.5016,19.8262,20.2047,20.4976,20.4969,20.7609,20.9442,21.5142,20.4646,20.413,20.3928,20.4206,20.4351,20.6419,20.7024,20.6811,21.3484,21.5076,20.6776,20.9718,20.8937,20.593,21.0565,19.5353,19.0997,19.3244,19.5228,20.6246,19.8524,20.1813,20.524,20.6204,20.9936,20.3164,20.3539,20.1775,20.5655,21.4625,20.3597,19.9382,19.9239,20.4682,21.0364,19.546,19.9248,20.4485,20.5873,20.7491,19.3698,19.3719,19.6593,19.8469,20.6231,20.4735,19.3384,20.0966,19.2939,20.6657,19.499,20.0402,20.5466,20.8622,22.0377,19.1304,19.3297,19.4935,20.6701,21.5053,19.4315,19.5398,19.8499,19.7642,19.854,19.881,19.7174,20.0097,20.1601,21.0721,19.7893,20.0432,20.3817,20.7234,22.717,20.2128,19.9331,20.2073,20.2297,20.5646,19.5678,19.9531,20.5048,20.8363,21.0132
351,2:21:15 PM,19.7933,19.6208,19.5832,20.122,20.4179,20.3184,20.3279,20.6531,20.6098,20.9222,20.4581,20.2645,20.182,20.0656,20.672,20.3597,20.4679,20.7318,20.8131,21.3178,20.3896,20.1782,20.4581,20.5513,20.9766,19.7702,19.8003,19.4122,19.7732,20.0992,20.487,20.3843,20.7715,20.8043,21.4587,20.3943,20.3873,20.3006,20.5137,20.8202,20.7431,20.7758,20.8312,21.3017,21.7866,21.0691,21.1372,20.8302,20.6731,20.9344,19.4548,19.2267,19.4151,19.6926,20.5797,19.8086,20.2428,20.6134,20.6031,20.6313,20.2562,20.3835,20.1144,20.6573,21.2523,20.544,20.314,19.9145,20.2936,21.1356,19.8211,20.1832,20.5259,20.3832,21.0469,19.237,19.2687,19.6405,20.0378,20.4088,20.5807,19.3505,20.1671,19.2021,21.3083,19.5533,19.8313,20.4407,20.7589,21.9376,19.1303,19.2572,19.5465,20.5135,21.6451,19.4364,19.7985,19.7941,19.7192,19.8974,19.8545,19.8227,19.9718,20.2538,20.6738,19.7084,19.9141,20.1719,20.8834,22.5853,20.2454,20.0064,20.2316,20.2974,20.1353,19.4759,19.8812,20.3328,20.7638,20.8426
352,2:21:35 PM,19.5026,19.5189,19.3958,20.0781,20.4058,20.3622,20.2415,20.5015,20.8814,20.8934,20.1733,20.2112,19.9688,20.1747,20.7051,20.4704,20.5967,20.3901,20.8898,21.549,20.4307,20.4121,20.5549,20.4515,21.0087,19.6057,19.6677,19.5509,19.7382,20.1778,20.4989,20.4866,20.8391,20.8618,21.4202,20.3994,20.3642,20.2867,20.321,20.6931,20.6836,20.7453,20.612,21.279,21.6659,20.9891,21.223,20.9659,20.5511,21.1427,19.5729,19.2719,19.4346,19.7883,20.5675,19.9702,20.2381,20.798,20.8197,20.6633,20.3453,20.4005,20.1338,20.6649,21.421,20.6065,20.1833,20.0066,20.4048,20.9769,19.8793,20.0961,20.4529,20.3875,21.1885,19.4136,19.4743,19.6774,19.8735,20.3644,20.522,19.3919,19.5552,19.2602,21.1166,19.5868,20.115,20.5904,20.5402,21.7466,19.2051,19.4159,19.7609,20.4545,21.551,19.5757,20.029,19.9863,19.9718,19.9189,19.6829,19.8697,20.1516,19.9843,21.076,19.691,20.0046,20.2493,21.2681,22.6382,20.0203,19.9379,20.3962,20.3931,20.079,19.4914,19.9138,20.297,20.5321,20.972
353,2:21:55 PM,19.653,19.4088,19.5534,20.0818,20.5735,20.209,20.1291,20.6171,20.9067,20.8025,20.2894,20.1912,20.1605,20.3974,20.8519,20.4921,20.6877,20.5282,20.8736,21.4313,20.7124,20.2784,20.4004,20.2212,20.8496,19.565,19.8228,19.6056,19.7049,20.2726,20.3669,20.2753,20.77,20.7204,21.2925,20.5592,20.5094,20.3059,20.5962,20.964,20.5906,20.6307,20.8405,21.2546,21.6522,20.8441,20.9691,20.9636,20.5621,21.0516,19.3667,19.2543,19.3719,19.4163,20.5147,19.8376,20.1109,20.5344,20.7516,20.9522,20.3409,20.3866,20.1316,20.9041,21.3459,20.548,20.1091,19.9224,20.2394,21.0648,19.6848,20.082,20.4446,20.4877,21.1731,19.4289,19.3969,19.6779,19.9535,20.3004,20.4889,19.5188,19.7056,19.1839,20.6957,19.7052,19.8642,20.5709,20.8054,21.9213,19.0852,19.2422,19.8677,20.3736,21.3877,19.4152,19.5097,19.8784,19.8991,20.4536,19.8735,19.9872,20.1036,20.1317,20.5915,19.8747,19.8344,20.134,20.6046,22.231,20.0707,20.1433,20.2526,20.3036,20.5549,19.1714,19.8798,20.0394,20.4677,21.0015
354,2:22:15 PM,19.5245,19.4517,19.4815,20.0406,20.4999,20.4557,20.1501,20.5539,20.8866,20.9261,20.4037,20.1412,19.8567,20.3365,20.6491,20.5006,20.6479,20.5678,20.9887,21.2841,20.6091,20.385,20.6038,20.6097,20.9974,19.5357,19.694,19.5377,20.0663,20.079,20.6631,20.2638,20.8874,20.7613,21.3425,20.5918,20.4438,20.4601,20.4808,20.7771,20.6872,20.6139,20.8714,21.0966,21.7656,20.8939,20.8897,21.0039,20.5075,21.0693,19.6921,19.2952,19.4392,19.6597,20.5962,19.5972,20.3076,20.514,20.7859,21.034,20.2661,20.3772,20.0847,20.5917,21.3853,20.5637,20.1416,19.912,20.3294,20.964,19.7536,20.2217,20.6311,20.5781,20.9001,19.3568,19.4037,19.6196,20.0144,20.3906,20.5315,19.3104,19.8237,19.3561,21.0486,19.4566,19.7452,20.2713,20.4132,21.5778,19.2161,19.2376,19.2997,20.465,21.4945,19.5858,19.7101,19.7488,19.7191,19.9221,19.6357,19.7568,19.9658,20.0915,20.7581,19.642,19.9078,20.0963,21.119,22.469,20.0596,19.7731,20.4992,20.2621,20.0353,19.5429,19.8658,19.9533,20.6344,21.1334
355,2:22:35 PM,19.6423,19.5813,19.5762,20.1878,20.5065,20.1835,20.0652,20.6206,20.7025,20.9209,20.3208,20.3572,20.0448,20.5015,20.6818,20.4424,20.6271,20.4765,20.9549,21.5947,20.5769,20.4428,20.4353,20.3121,21.0052,19.6195,19.8445,19.7641,19.8443,20.1493,20.4378,20.4174,20.8075,20.7571,21.3063,20.5749,20.3052,20.2315,20.7499,20.7676,20.5553,20.4788,20.8093,21.2855,21.7736,20.826,21.0654,20.907,20.3946,21.1979,19.6983,19.1784,19.4887,19.5723,20.7531,19.7618,20.2424,20.6018,20.7196,21.0124,20.3822,20.3646,20.0966,20.4585,21.33,20.6663,20.2592,20.1711,20.2346,20.959,19.5342,20.0538,20.6018,20.3691,21.1021,19.5001,19.4307,19.6794,19.9214,20.508,20.5889,19.3022,20.2032,19.2213,21.3272,19.4853,19.8512,20.5206,20.6019,21.7338,19.1924,19.4136,19.4001,20.6373,21.3676,19.4783,19.6773,19.9801,19.94,20.1523,19.7622,19.8238,20.0851,20.033,20.7774,19.9523,20.0206,20.2193,20.7894,22.5043,19.9311,19.6326,20.2752,20.2678,20.8367,19.4287,19.9523,20.1689,20.4172,21.1009
356,2:22:55 PM,19.6377,19.5405,19.6092,20.007,20.4012,20.4043,20.0922,20.5616,20.7164,20.9455,20.3278,20.3609,20.1289,20.3054,20.8565,20.5823,20.6691,20.6808,20.8595,21.5492,20.6312,20.3341,20.6201,20.1804,21.0707,19.6088,19.6106,19.4826,20.0226,20.3024,20.7393,20.3055,20.4394,20.6595,21.4707,20.5889,20.2734,20.5222,20.7857,21.0315,20.7437,20.5611,20.7403,21.3351,21.6589,20.8797,21.0068,20.8756,20.627,21.2564,19.6269,19.3158,19.536,19.5752,20.586,19.7451,20.2452,20.5655,20.8426,21.2247,20.3171,20.3705,20.1378,20.5821,21.2975,20.623,20.065,19.8869,20.3498,20.9397,20.1876,20.1393,20.5798,20.4745,20.7315,19.4436,19.4796,19.5937,20.1253,20.6563,20.5291,19.3598,19.7577,19.1896,21.104,19.5435,19.7729,20.3236,20.5703,21.7685,19.2016,19.2609,19.5883,20.3017,21.4407,19.5558,19.5754,20.1862,19.8105,20.3775,19.9326,19.8792,20.098,20.1465,20.7675,19.7412,20.1169,20.2805,20.5959,22.6716,20.2139,19.8332,20.2629,20.2128,20.3029,19.463,20.0552,20.392,20.6436,20.9061
357,2:23:15 PM,19.6186,19.5788,19.5119,20.0895,20.4464,20.1994,19.9821,20.3692,20.6557,20.8119,20.3094,20.3291,20.3449,20.4919,20.8338,20.5285,20.6785,20.6563,20.9092,21.3532,20.4853,20.3248,20.5588,20.4226,20.8953,19.6966,19.8715,19.6562,20.0216,20.2633,20.6275,20.2645,20.5743,20.8973,21.5416,20.6103,20.3506,20.5583,20.4636,20.7488,20.5587,20.615,20.8304,21.3454,21.7647,20.7683,21.0549,21.0157,20.7069,21.0032,19.504,19.1241,19.5107,19.6014,20.4532,20.1594,20.2073,20.6482,20.776,21.0374,20.2879,20.3351,20.0405,20.5961,21.1995,20.7018,20.245,19.9212,20.414,21.1652,20.1697,20.2944,20.5684,20.4811,21.1123,19.349,19.4499,19.647,20.2128,20.4367,20.5101,19.3885,19.8645,19.2134,21.1615,19.6964,20.0043,20.4154,20.5424,21.5333,19.1126,19.101,19.6932,20.4426,21.4633,19.5568,19.551,19.701,19.6971,20.1524,19.7086,19.8125,20.2361,20.1079,21.3226,19.9895,20.0346,20.2899,20.7631,22.1612,20.2454,19.899,20.2988,20.3641,20.2682,19.4043,19.9859,20.2934,20.7287,21.0312
358,2:23:35 PM,19.5137,19.6744,19.5882,19.941,20.4547,20.3208,20.1271,20.4812,20.7499,20.7648,20.2976,20.2929,20.0457,20.2798,20.5047,20.4757,20.6925,20.7161,20.8147,21.4575,20.647,20.3843,20.655,20.5982,21.0698,19.5947,19.765,19.5462,19.906,19.9797,20.3225,20.3966,20.7068,20.7489,21.2877,20.4728,20.218,20.4891,20.1671,20.1591,20.6438,20.689,20.8027,21.3559,21.6988,20.762,20.9863,20.9135,20.4713,20.9043,19.595,19.2063,19.5946,19.563,20.5814,19.6171,20.2698,20.6726,20.724,21.1539,20.2299,20.2364,20.2711,20.722,21.3092,20.5571,20.1303,20.0082,20.3824,21.0388,20.0294,20.2307,20.5779,20.4221,20.9073,19.2817,19.3294,19.6106,20.0134,20.4192,20.5095,19.3071,19.9964,19.2316,21.2862,19.4992,19.9402,20.4434,20.5948,22.1861,19.2921,19.4901,19.8675,20.6687,21.4289,19.6754,19.5988,19.8714,19.9543,20.3856,19.7572,19.8169,20.1402,20.0193,20.5548,19.7549,20.1569,20.2102,20.8634,22.124,20.0737,20.0504,20.3301,20.4217,20.0818,19.536,19.8624,20.2683,20.5671,20.8802
359,2:23:55 PM,19.5443,19.4013,19.647,19.8879,20.3472,20.2741,20.0807,20.4828,20.7355,20.812,20.4039,20.2541,20.1371,20.3222,20.5137,20.5103,20.5673,20.5914,20.9346,21.1316,20.6082,20.4277,20.643,20.3695,20.8491,19.4911,19.7921,19.6418,20.1169,20.2416,20.3367,20.4476,20.7753,20.775,21.4053,20.3798,20.3903,20.4261,20.5339,20.4568,20.6455,20.6117,20.7606,21.3062,21.717,20.8261,21.1243,20.9549,20.5648,21.1273,19.7039,19.1417,19.5056,19.6201,20.7906,19.733,20.2354,20.6315,20.7391,20.7193,20.4264,20.3903,20.1885,20.6593,21.166,20.5284,20.0758,19.88,20.3603,20.9865,19.743,20.2611,20.4065,20.4258,21.051,19.4845,19.4014,19.5514,20.0929,20.4887,20.6103,19.4392,19.8897,19.3892,20.803,19.3497,19.9097,20.4414,20.549,22.1845,19.0831,19.4736,19.6338,20.5821,21.3963,19.5051,19.7948,19.7625,19.5839,20.1545,19.6294,19.8328,20.031,20.2213,20.8227,19.6379,19.974,20.2835,20.6599,22.4925,20.1746,19.8333,20.1506,20.219,20.3001,19.702,19.7579,20.5332,20.7038,21.1793
360,2:24:15 PM,19.6447,19.8492,19.5694,20.0356,20.3121,20.2994,20.1272,20.5728,20.6351,20.8485,20.4637,20.2884,20.1131,20.4187,20.493,20.4365,20.6491,20.5345,20.9393,21.1372,20.559,20.3383,20.4542,20.5087,20.8833,19.7352,19.7648,19.8008,19.7867,20.2189,20.6943,20.4038,20.7615,20.7951,21.3534,20.4063,20.3777,20.4876,20.5334,20.4891,20.7386,20.7118,20.8447,21.2222,21.724,20.8327,21.0359,20.8363,20.6782,21.1177,19.6593,19.4346,19.6713,19.6033,20.508,19.9333,20.2661,20.6749,20.847,20.9512,20.2899,20.3543,20.061,20.479,21.3608,20.706,20.1432,19.9146,20.3544,20.9565,20.1763,20.4092,20.5583,20.5075,21.0495,19.3306,19.3142,19.5771,20.1512,20.5104,20.5515,19.3689,19.6688,19.483,20.9998,19.607,20.0496,20.3755,20.5978,21.6764,19.1151,19.3992,19.5205,20.398,21.6183,19.4339,19.6843,19.7976,19.7368,20.6183,19.7846,19.8385,20.0891,20.1269,20.7974,19.6461,20.0292,20.2093,20.81,21.829,20.1359,19.9477,20.3406,20.3335,20.2951,19.3449,19.8459,20.2387,20.6495,21.0357
361,2:24:35 PM,19.5635,19.8327,19.5143,20.1533,20.3597,20.1891,20.2188,20.5486,20.8082,20.6708,20.4604,20.2933,20.143,20.5063,20.7167,20.1179,20.5894,20.6859,20.9909,21.2483,20.6792,20.3679,20.4711,20.4294,20.7971,19.6189,19.8528,19.5913,19.7707,20.1022,20.5263,20.4592,20.8078,20.8837,21.3302,20.5732,20.4408,20.5049,20.6592,20.9556,20.7974,20.7565,21.0422,21.2645,21.4842,20.9129,21.0275,20.9842,20.5544,21.0162,19.7169,19.3819,19.4582,19.5764,20.5639,19.7605,20.2927,20.4604,20.7748,20.8622,20.4381,20.2228,20.1632,20.732,21.3293,20.4131,20.1715,19.8,20.2782,20.9168,19.6799,20.054,20.4987,20.5546,20.745,19.5471,19.4128,19.5453,20.1627,20.568,20.3736,19.5176,19.8349,19.5437,20.9604,19.7159,20.0299,20.493,20.5364,22.3145,19.4003,19.4151,19.6684,20.4343,21.4401,19.5464,19.5422,19.7111,19.6509,20.2822,19.7812,19.7178,19.9889,20.0813,20.9969,19.9255,20.0912,20.2489,20.6924,22.3203,20.0533,19.7666,20.2567,20.1538,20.1353,19.518,20.0784,20.3534,20.6544,21.1092
362,2:24:55 PM,19.6817,19.6762,19.5888,20.0291,20.3903,20.5295,20.1978,20.5913,20.9575,20.8177,20.2143,20.2518,20.1135,20.2239,20.5205,20.4308,20.6173,20.7315,20.9568,21.3133,20.4754,20.2975,20.5098,20.4082,20.9606,19.701,19.8239,19.7405,19.9742,20.3165,20.6286,20.236,20.7754,20.8054,21.365,20.4902,20.3084,20.5263,20.604,20.7028,20.6645,20.7215,20.6761,21.1897,21.7215,20.9531,21.0522,20.8871,20.6863,20.9919,19.5447,19.4228,19.5108,19.8149,20.684,19.7068,20.1759,20.5108,20.7829,20.7738,20.3828,20.2422,20.0439,20.6817,21.2503,20.6802,20.0798,19.7301,20.2397,21.2612,19.8019,20.3894,20.5334,20.437,20.6086,19.4639,19.4305,19.8148,20.1528,20.4675,20.4902,19.5448,19.7852,19.3396,20.987,19.7222,19.8151,20.2536,20.7428,21.7524,19.31,19.3867,19.4157,20.5678,21.4779,19.4794,19.7583,19.9058,19.7312,20.2045,19.8773,19.7801,20.0107,20.0872,21.0351,19.8777,20.1072,20.2176,21.1077,22.4672,20.1588,19.8668,20.2551,20.3973,20.232,19.461,19.9252,20.1636,20.6711,21.0489
363,2:25:15 PM,19.592,19.7196,19.5468,20.1627,20.5013,20.2153,20.3051,20.7741,20.8038,20.7672,20.3214,20.0503,19.9996,20.4359,20.7696,20.3868,20.6778,20.6748,20.8701,21.4503,20.7179,20.4971,20.5835,20.6267,20.9663,19.6024,19.8353,19.6956,19.9426,20.3116,20.4775,20.4566,20.7407,20.8118,21.3434,20.4328,20.3167,20.441,20.7695,20.9561,20.5986,20.5837,20.8867,21.2821,21.8383,20.9513,21.0955,20.9147,20.6358,21.034,19.4319,19.2527,19.6769,19.6729,20.6329,19.8518,20.0329,20.7509,20.7213,21.0987,20.3607,20.3147,20.3597,20.5784,21.3844,20.5972,20.1816,20.0085,20.3791,20.9893,20.1304,20.2417,20.5184,20.4344,21.1816,19.2628,19.2497,19.7269,19.9301,20.4772,20.5393,19.2602,19.9266,19.1561,21.0795,19.6626,19.8029,20.4135,20.5766,21.5561,18.9868,19.4937,19.9845,20.4697,21.6626,19.6253,19.6694,19.9138,19.8204,20.2495,19.8382,19.9078,20.0844,20.0722,20.9177,19.5702,19.975,20.2321,20.7318,22.7734,20.1733,19.8451,20.383,20.3695,20.326,19.5274,20.0456,20.3913,20.6736,20.978
364,2:25:35 PM,19.6287,19.5502,19.5164,20.0708,20.4644,20.1316,20.2714,20.6723,20.6448,20.7762,20.3795,20.2746,20.0364,20.3407,20.7879,20.4489,20.5821,20.6667,20.9403,21.4689,20.5972,20.208,20.6695,20.1693,20.8937,19.6679,19.8733,19.6355,19.688,20.0179,20.6014,20.1688,20.8442,20.6738,21.2777,20.5121,20.4014,20.396,20.4585,20.6426,20.6388,20.7911,20.802,21.1976,21.7042,20.8607,21.1135,20.8538,20.6617,20.9744,19.5598,19.3068,19.8148,19.765,20.642,19.9945,20.3134,20.5547,20.7636,20.9336,20.1739,20.2366,20.1598,20.5976,21.1649,20.6695,20.2073,19.8863,20.3096,21.0888,19.8815,20.0784,20.464,20.513,21.2598,19.2675,19.3794,19.7377,19.9213,20.5293,20.4217,19.3268,19.9077,19.3783,21.0403,19.6886,19.7473,20.4283,20.6864,21.7209,19.145,19.4477,19.7738,20.3422,21.6424,19.6022,19.5328,19.7026,19.7243,19.7915,19.768,19.7489,20.0373,20.292,21.107,19.718,19.9957,20.2536,21.0048,22.5669,20.2485,19.7919,20.4474,20.3234,20.3935,19.2809,19.8329,20.2029,20.6263,20.8699
365,2:25:55 PM,19.7492,19.5413,19.7815,20.0786,20.38,20.2986,20.3497,20.456,20.8128,20.8297,20.2178,20.2545,19.9521,20.2225,20.6333,20.5313,20.569,20.629,20.8973,21.3418,20.5566,20.4428,20.3141,20.6398,20.9971,19.6392,19.9232,19.6751,19.8729,20.2034,20.4478,20.535,20.7757,20.6116,21.2247,20.5417,20.2835,20.4904,20.4607,20.8147,20.6809,20.6021,21.0028,21.1071,21.5537,20.7253,20.9536,20.9516,20.5212,20.949,19.5379,19.3855,19.5178,19.6292,20.4539,20.0676,20.414,20.6287,20.7684,21.2502,20.2143,20.4455,20.3385,20.6604,21.1179,20.6188,20.1476,20.0199,20.2949,21.0524,19.981,20.4603,20.5465,20.5347,20.8257,19.4519,19.4848,19.5482,20.1339,20.3102,20.5183,19.9368,20.1136,19.5403,20.8701,19.6864,19.8025,20.4966,20.8019,21.8252,19.2975,19.3617,19.7207,20.4947,21.6944,19.5522,19.6246,19.808,19.9714,20.3358,19.8536,19.9855,19.9152,20.1852,21.6917,19.661,20.0262,20.3911,20.627,22.5138,20.0787,19.7749,20.4351,20.3425,20.2746,19.5434,20.055,20.5434,20.7352,20.9705
366,2:26:15 PM,19.5786,19.5439,19.722,20.1467,20.3878,20.3365,20.0182,20.5661,20.8163,20.8138,20.269,20.3702,20.0865,20.0859,20.3277,20.3753,20.5777,20.6813,20.976,21.3416,20.6845,20.5308,20.6236,20.4848,21.0119,19.5811,19.852,19.8944,19.9288,20.259,20.5318,20.3593,20.7294,20.9043,21.2187,20.5557,20.409,20.442,20.4356,20.1919,20.6472,20.5282,20.7496,21.0315,21.5568,20.8339,20.9822,20.826,20.4607,20.9943,19.5779,19.2816,19.5438,19.5934,20.5028,19.8178,20.2247,20.5774,20.7356,20.9835,20.4847,20.3461,19.9907,20.5304,21.5408,20.4865,20.3788,19.84,20.3938,21.0572,20.1023,20.1887,20.3038,20.3925,20.9205,19.5739,19.3325,19.7645,20.0487,20.4796,20.5916,19.3879,20.113,19.503,20.5266,19.5434,19.9782,20.4066,20.6499,22.0505,19.2578,19.3791,19.6226,20.5743,21.5221,19.7063,19.7357,19.8172,19.8167,20.4049,19.8674,19.8961,20.0888,20.1099,20.8345,19.7967,20.0153,20.2742,20.5556,22.3194,20.0836,19.7517,20.1801,20.1542,20.5633,19.776,19.9624,20.1864,20.637,21.101
367,2:26:35 PM,19.5171,19.6331,19.6391,20.0382,20.3855,20.2086,20.3698,20.5672,20.8276,20.9678,20.4631,20.3306,20.0974,20.363,20.4377,20.4649,20.6946,20.5194,20.974,21.2505,20.6638,20.4648,20.5247,20.7146,20.9657,19.4933,19.7096,19.4369,20.0078,20.2521,20.5957,20.4497,20.6229,20.9119,21.3212,20.5134,20.3359,20.5153,20.384,20.8445,20.6104,20.6221,20.8961,21.4059,21.5522,20.8351,20.9273,20.9419,20.547,20.7812,19.3906,19.157,19.4908,19.6142,20.4056,19.7293,20.3448,20.506,20.7354,21.1977,20.295,20.4161,20.1498,20.7198,21.4872,20.5032,20.3436,20.1016,20.349,21.2069,19.7832,20.3472,20.5313,20.4553,21.0229,19.1735,19.2981,19.7472,19.808,20.4525,20.4344,19.216,19.8275,19.2747,20.9047,19.6942,19.6986,20.4133,20.8658,21.66,19.3369,19.3193,19.5803,20.4196,21.5744,19.5166,19.4596,19.6963,19.8725,19.899,19.6748,19.803,20.093,20.2156,21.3777,19.7222,19.9567,20.1281,20.5934,22.0909,20.0349,19.5544,20.0688,20.294,20.2502,19.3156,20.0319,20.3186,20.5067,20.9453
368,2:26:55 PM,19.698,19.5852,19.6225,19.8576,20.3655,20.3841,20.4184,20.6066,20.8529,20.9153,20.3333,20.3501,20.136,20.3377,20.6366,20.5668,20.7716,20.7032,20.9452,21.3917,20.5902,20.3072,20.5035,20.8337,21.0213,19.6134,19.9662,19.8163,19.7197,20.2493,20.7118,20.214,20.7824,20.7066,21.4792,20.4562,20.4239,20.478,20.5298,20.8984,20.759,20.7156,20.896,21.2085,21.8356,20.793,20.8508,20.7454,20.5,21.0037,19.705,19.1795,19.5291,19.6731,20.6076,19.9409,20.3232,20.5746,20.786,21.0193,20.0835,20.3046,20.0847,20.505,21.331,20.6732,20.2736,19.8679,20.5045,21.2458,19.7366,20.2676,20.6551,20.5808,21.1603,19.3791,19.49,19.6824,19.9908,20.3769,20.4306,19.3795,19.8953,19.4801,20.8879,19.7794,19.9308,20.5557,20.8318,22.0341,19.1217,19.3822,19.6049,20.3947,21.7084,19.4436,19.6312,20.1095,20.0726,19.7382,19.802,19.8329,20.0914,20.1187,21.0068,19.657,19.9585,20.3005,20.7181,21.6249,20.2087,20.0433,20.1917,20.2339,20.6263,19.5138,20.0737,20.3888,20.5403,20.7964
369,2:27:15 PM,19.5904,19.5195,19.6443,19.9717,20.3318,20.2578,20.1487,20.5883,20.8678,20.9472,20.2674,20.4493,20.1765,20.4388,20.6145,20.5038,20.7015,20.6442,20.7282,21.3189,20.6579,20.3685,20.4902,20.4532,20.9445,19.5908,19.8259,19.566,19.8526,20.269,20.6739,20.2961,20.8985,20.8759,21.5541,20.409,20.3184,20.5254,20.7984,21.0253,20.7155,20.8474,21.02,21.3127,21.8117,20.9257,21.0178,20.8534,20.5779,21.0775,19.5868,19.1701,19.5282,19.7508,20.7247,19.8413,20.0349,20.5565,20.8439,21.1313,20.2971,20.4418,20.1804,20.5731,21.3522,20.4358,20.2053,19.8709,20.4329,21.0812,19.8126,20.2769,20.4834,20.4785,20.8274,19.4778,19.3494,19.6991,19.9359,20.4404,20.3826,19.5054,20.2244,19.2768,20.8476,19.6807,19.7848,20.6043,20.7744,21.782,19.3686,19.5278,19.6207,20.3236,21.8603,19.6322,19.8507,19.889,19.8416,19.7233,19.8031,19.7486,20.1046,20.1773,20.8194,19.79,20.1445,20.3255,20.9158,21.714,20.1499,20.1746,20.3157,20.3097,20.6025,19.4765,19.9818,20.0964,20.6901,21.0063
370,2:27:35 PM,19.7578,19.9379,19.5989,20.05,20.2376,20.3536,20.2483,20.6628,20.9052,20.972,20.4205,20.3519,19.9853,20.4049,20.4405,20.4577,20.6033,20.73,20.9174,21.2301,20.4128,20.4482,20.5838,20.2611,21.0351,19.5626,19.9426,19.638,19.82,20.1113,20.7608,20.4409,20.8067,21.0879,21.5313,20.499,20.4636,20.4756,20.2712,20.5981,20.717,20.9277,20.8449,21.1659,21.5208,20.8245,21.0884,20.9332,20.5679,20.9034,19.7143,19.4382,19.4677,19.6766,20.562,19.8854,20.5156,20.6349,20.8443,21.2079,20.2766,20.3243,20.0788,20.7846,21.2901,20.6386,20.168,19.8741,20.3244,21.1428,20.0481,20.3045,20.6848,20.6108,20.7406,19.3707,19.394,19.6677,19.933,20.515,20.6574,19.4288,20.1781,19.5363,21.0108,19.6616,19.8635,20.8319,21.1733,22.0715,19.2747,19.2159,19.7002,20.6467,21.5752,19.8108,19.8344,20.0737,19.7688,19.6409,19.8361,19.7575,20.1023,20.1443,20.998,19.5392,20.0128,20.4352,20.6229,21.6539,20.0914,20.0176,20.1388,20.2169,20.3726,19.6807,20.0286,20.2706,20.7435,21.0872
371,2:27:55 PM,19.7118,19.8017,19.8224,20.0108,20.3669,20.4066,20.3695,20.7122,20.9514,20.9145,20.2815,20.2145,20.0514,20.2363,20.4478,20.6359,20.5555,20.7771,20.9026,21.131,20.5497,20.4208,20.6077,20.3091,20.7389,19.775,19.6923,20.0772,20.0314,20.4026,20.597,20.2831,20.9005,20.9442,21.3049,20.5351,20.5666,20.4159,20.4552,20.4469,20.5639,20.5813,20.6972,21.2219,21.6842,20.8724,21.0351,20.9563,20.5936,20.9217,19.6012,19.4211,19.5599,19.5946,20.5797,19.835,20.1548,20.6841,20.7065,21.1021,20.5308,20.3525,20.2157,20.5453,21.1643,20.4604,20.339,20.0081,20.5119,21.0481,20.1544,20.0972,20.7326,20.4762,20.9242,19.4396,19.4983,19.6299,19.9342,20.4481,20.5939,19.4595,19.9489,19.3531,20.9007,19.5801,19.8527,20.6773,20.6817,21.5173,19.3503,19.2214,19.8731,20.6925,21.8018,19.7369,19.9488,19.9098,19.8984,19.7736,19.6811,19.8667,20.0305,20.2076,20.8023,19.7508,20.1871,20.2922,20.6289,22.4516,20.0568,19.7876,20.1755,20.4781,20.4876,19.393,19.9194,19.905,20.5513,20.9609
372,2:28:15 PM,19.7038,19.6961,19.6081,20.1405,20.3134,20.2561,20.5329,20.7437,20.6251,20.844,20.3894,20.2506,19.911,20.2233,20.5748,20.4779,20.6408,20.7134,20.8118,21.0356,20.5917,20.5868,20.6855,19.99,20.7463,19.7465,19.8839,19.9844,19.9802,20.2164,20.5978,20.5198,20.8342,20.8225,21.2725,20.4904,20.3103,20.6475,20.5706,20.6242,20.6951,20.7691,20.8554,21.2604,21.6817,20.8896,20.9567,20.9282,20.6674,20.8868,19.5426,19.2173,19.495,19.7133,20.6237,19.8109,20.2209,20.608,20.8701,21.2103,20.3381,20.2444,20.1442,20.567,21.1597,20.5303,20.3033,20.0586,20.3834,21.0689,19.7291,20.3491,20.2647,20.5602,20.7155,19.5297,19.4723,19.6438,19.9565,20.5679,20.4546,19.5711,19.8506,19.1642,20.4437,19.5075,19.9465,20.557,20.686,22.4438,19.3122,19.324,19.8383,20.4968,22.0244,19.5272,19.6571,20.1043,19.7711,20.3605,19.9248,19.7409,20.2169,20.1761,20.923,19.8617,19.983,20.1704,20.9144,22.7797,20.1183,19.7657,20.1721,20.3047,20.2784,19.6198,20.1642,20.3654,20.6446,21.0244
373,2:28:35 PM,19.7642,19.527,19.6026,20.03,20.3229,20.3538,20.2936,20.6336,20.799,20.73,20.2778,20.0273,20.053,20.1978,20.4853,20.5124,20.6902,20.6061,20.9769,21.2072,20.8396,20.2387,20.3307,20.2217,20.9385,19.642,19.8523,19.6222,19.8298,20.3443,20.7344,20.4543,20.7069,21.0127,21.3932,20.5903,20.3474,20.4241,20.576,20.4796,20.6763,20.6046,20.9123,21.1148,21.6148,20.9328,21.0994,20.8502,20.531,20.9848,19.5596,19.2459,19.4993,19.5597,20.607,20.0773,20.1436,20.5808,20.763,21.1227,20.4116,20.4674,20.3008,20.6303,21.3802,20.5634,20.1616,19.8975,20.4138,21.1529,19.9051,20.1595,20.603,20.5723,20.6664,19.3671,19.2483,19.6171,19.8839,20.4126,20.6193,19.5452,19.5466,19.2965,20.7905,19.6207,19.9791,20.6299,20.771,21.4462,19.3192,19.3555,19.2834,20.5198,21.7726,19.6388,19.9313,19.9134,19.5795,20.3889,19.7348,19.8143,20.0188,20.2441,21.366,19.6808,20.073,20.3034,20.6882,22.3755,20.1914,19.91,20.3886,20.5529,20.3037,19.613,19.8318,20.4634,20.5936,20.8707
374,2:28:55 PM,19.6668,19.5689,19.7691,19.9289,20.3137,20.3402,20.4747,20.7075,20.7707,20.8142,20.4332,20.3523,20.0731,20.1089,20.5895,20.4183,20.622,20.5244,20.9618,21.281,20.6064,20.5976,20.6004,20.3103,20.8298,19.5149,19.8648,19.5921,19.7887,20.2563,20.587,20.4166,20.8586,20.7925,21.0792,20.456,20.4003,20.3491,20.3907,20.5875,20.6038,20.5175,20.6769,21.2926,21.6871,20.8849,20.9826,21.0034,20.4435,20.989,19.576,19.4228,19.3906,19.5914,20.6581,19.8217,20.234,20.6774,20.8791,20.8856,20.5093,20.4162,20.1096,20.6322,21.07,20.4572,20.0631,19.9812,20.3267,20.9471,19.6876,20.22,20.5578,20.5598,20.8227,19.2624,19.548,19.7241,19.8654,20.5463,20.3475,19.2559,19.5849,19.2632,20.6468,19.5663,20.0369,20.5679,20.8954,22.2171,19.2645,19.3394,19.7778,20.4529,21.7985,19.7491,19.7829,19.8085,19.6518,19.8093,19.8004,19.7782,19.9576,20.1461,20.8289,19.6421,19.9517,20.1067,21.168,22.6292,20.252,20.0404,20.4606,20.3867,20.0573,19.3932,19.8174,20.3585,20.5596,20.7899
375,2:29:15 PM,19.7608,19.6068,19.6508,20.1478,20.3492,20.347,20.451,20.6248,20.9101,20.7498,20.3733,20.1107,20.007,20.1433,20.4249,20.5322,20.6053,20.6102,20.7088,21.2207,20.6982,20.2723,20.5435,20.5122,20.9804,19.5625,19.8391,19.5058,19.84,20.1737,20.5371,20.2942,20.6978,20.8828,21.2505,20.7115,20.4504,20.4883,20.4884,20.3139,20.6196,20.7145,20.7084,21.2047,21.8073,20.7093,21.0541,20.8237,20.5343,20.9593,19.6575,19.5766,19.6061,19.6317,20.6607,19.7907,20.319,20.6115,20.9057,21.1316,20.5889,20.1625,20.0839,20.5842,21.241,20.7745,20.1995,20.0082,20.5759,20.9906,19.7934,20.1604,20.4983,20.5418,20.9658,19.4616,19.34,19.615,20.0275,20.3459,20.4912,19.4812,20.0204,19.4279,20.7152,19.6777,19.8843,20.5171,20.8916,22.2052,19.1738,19.2456,19.5067,20.191,21.7462,19.6737,19.7737,20.0171,19.6675,19.7541,19.8493,19.7843,20.1796,20.0181,21.0043,19.6686,20.0709,20.33,20.7324,22.8418,20.2478,19.9496,20.2225,20.361,20.1965,19.4455,19.9292,20.288,20.7978,20.9085
376,2:29:35 PM,19.7352,19.7852,19.5838,20.0868,20.3267,20.4758,20.1337,20.671,20.9352,20.7807,20.2932,20.3732,20.0789,20.2178,20.482,20.4265,20.5209,20.4955,20.8198,21.0951,20.5636,20.3839,20.4275,20.4941,20.8581,19.6518,20.0022,19.6605,19.6384,20.227,20.733,20.3547,20.8527,20.8501,21.3603,20.5616,20.2431,20.2268,20.3981,20.6144,20.8212,20.5255,20.8373,21.1536,21.6181,20.7358,20.9835,20.9232,20.6822,20.9977,19.6999,19.2524,19.5051,19.5294,20.5801,20.2026,20.2402,20.5773,20.7335,21.0526,20.5428,20.2551,20.2462,20.4364,21.4903,20.7384,20.3365,19.8876,20.3319,21.0673,19.5277,20.0788,20.5494,20.5644,20.7773,19.4204,19.2832,19.7248,20.0184,20.5823,20.4515,19.5513,20.0587,19.4166,20.7392,19.5821,19.8726,20.6673,20.8912,22.0808,19.1922,19.4396,19.7461,20.5171,21.8833,19.7569,19.5388,19.8374,19.8402,20.2812,19.7062,19.6572,20.0382,20.1274,21.1281,19.8545,19.8022,20.0595,20.696,22.9367,20.1434,20.1479,20.2763,20.2931,20.2101,19.5917,19.888,20.5031,20.6014,21.1175
377,2:29:55 PM,19.6984,19.7668,19.8547,19.9555,20.4205,20.3671,20.2237,20.5812,20.8494,20.9488,20.4264,20.3461,20.2726,20.1282,20.3908,20.2962,20.489,20.4922,20.8654,21.3011,20.4949,20.2049,20.5354,20.5656,21.0334,19.8613,19.9858,19.685,19.8997,20.1006,20.7615,20.3502,20.8308,20.8806,21.1628,20.5308,20.3163,20.403,20.2306,20.2492,20.5344,20.5385,20.6086,21.2411,21.6767,20.839,21.0775,20.8023,20.714,21.0091,19.8362,19.6406,19.7997,19.6669,20.5572,19.7874,20.251,20.6236,20.711,20.6402,20.3195,20.3429,20.2771,20.5464,21.2348,20.6391,20.3631,19.8927,20.3952,20.9906,19.8536,20.2304,20.4364,20.5633,20.7175,19.4855,19.4387,19.6646,19.9797,20.5738,20.401,19.5419,20.0125,19.5862,20.7096,19.8569,19.8955,20.451,20.7536,22.0732,19.167,19.4197,19.8731,20.508,21.7016,19.564,19.9712,19.9546,19.7185,19.9135,19.732,19.7376,20.0834,19.9336,20.7749,19.9191,20.0245,20.3462,21.6913,22.9143,20.2783,19.7688,20.3408,20.2409,20.4883,19.2938,19.9277,20.4443,20.7842,21.0152
378,2:30:15 PM,19.6578,19.5433,19.6244,20.0707,20.2437,20.5933,20.2628,20.4974,20.9707,20.9749,20.3984,20.2085,20.2307,20.2776,20.3733,20.5108,20.5773,20.5641,20.8967,21.2701,20.4952,20.3924,20.4244,20.2711,20.8356,19.7201,19.8855,19.5563,19.8759,20.1585,20.7522,20.4946,20.9419,20.9009,21.4464,20.3776,20.313,20.316,20.2598,20.2779,20.7043,20.614,20.6801,21.098,21.7238,20.6991,20.8981,20.8346,20.5455,20.8753,19.6279,19.4401,19.6023,19.7552,20.5038,19.7779,20.2617,20.5891,20.9467,21.0235,20.6305,20.4952,20.2523,20.576,21.3911,20.7422,20.3179,19.9437,20.3684,20.9141,19.6611,20.2694,20.4943,20.5902,20.9652,19.4057,19.5347,19.6665,19.963,20.4753,20.6312,19.4189,20.1897,19.5331,20.7485,19.7549,20.0096,20.5204,20.8808,21.9851,19.2246,19.323,19.6601,20.504,21.7259,19.7163,19.6712,19.8108,19.7999,19.7417,19.8583,19.7698,20.122,20.0562,20.9051,19.9789,20.2081,20.4087,21.0916,22.786,20.2686,19.7211,20.1594,20.2082,20.2911,19.2629,20.2414,20.1898,20.7104,20.847
379,2:30:35 PM,19.9666,19.777,19.741,20.065,20.4403,20.4451,20.1971,20.5389,20.8099,20.6459,20.4081,20.286,20.0928,20.1663,20.5915,20.2984,20.6436,20.6836,20.8832,21.3604,20.4473,20.5507,20.5688,20.2338,20.9413,19.7104,19.8874,19.8372,19.8204,20.0513,20.9373,20.3273,20.8497,20.7672,21.2891,20.6489,20.3579,20.4487,20.4401,20.6757,20.5693,20.5847,20.7257,21.1956,21.6028,20.8602,20.8077,20.9506,20.6223,21.1852,19.7576,19.3244,19.5644,19.6134,20.6473,19.8046,20.3169,20.7989,20.7299,21.0966,20.4034,20.0952,20.1359,20.6769,21.681,20.4639,20.1986,19.9558,20.5073,21.3529,19.8566,20.1332,20.4575,20.4464,20.6724,19.502,19.5983,19.648,20.1379,20.5413,20.5136,19.2953,19.8116,19.6821,20.6861,19.5116,20.1138,20.5521,20.7661,21.8993,19.2001,19.3587,19.4976,20.2621,21.6277,19.4044,19.578,19.6946,19.8844,20.0107,19.7799,19.8054,20.0863,20.1808,20.8663,19.7853,19.9983,20.2657,20.9436,22.2884,20.3102,19.8126,20.0884,20.2033,20.3351,19.6581,19.9628,20.1306,21.0163,21.2467
380,2:30:55 PM,19.6644,19.7049,19.9541,20.1988,20.5073,20.2671,20.2358,20.6257,20.8456,20.7631,20.3901,20.1731,19.984,20.2061,20.3311,20.4471,20.5998,20.7523,20.9342,21.204,20.36,20.4543,20.652,20.3588,20.8119,19.5518,19.884,19.8724,20.0072,20.189,20.4491,20.4076,20.6865,20.7528,21.3353,20.7234,20.3834,20.3285,20.453,20.3731,20.5456,20.5689,20.7901,21.2542,21.6081,20.8007,20.952,20.7805,20.7042,20.8743,19.6149,19.3839,19.7496,19.7049,20.6544,19.8042,20.1439,20.6221,20.5983,20.9528,20.5388,20.3538,20.3176,20.5792,21.3535,20.684,20.2924,20.0051,20.6312,20.9529,19.7416,20.1234,20.6044,20.6176,20.882,19.6442,19.4991,19.6679,20.1643,20.6006,20.5703,19.3974,19.9895,19.3793,20.629,19.7297,19.9109,20.5305,20.8886,21.8747,19.3376,19.4704,19.7991,20.7291,21.7069,19.5788,19.659,20.0104,19.9769,19.6395,19.8255,19.8355,20.1594,20.1487,21.2117,19.9279,19.9297,20.1943,20.7452,22.665,20.1576,20.0927,20.2825,20.3228,20.3664,19.5963,20.158,20.1749,20.7952,21.2619
381,2:31:15 PM,19.5835,19.733,19.7338,20.1389,20.4313,20.4292,20.1189,20.6547,20.8072,20.8002,20.2951,20.1996,20.0132,20.0335,20.3615,20.3798,20.5682,20.7027,20.8419,21.3611,20.4328,20.5533,20.5062,20.3304,20.8375,19.7304,19.9931,19.7818,19.882,20.4158,20.606,20.3185,20.7451,20.9106,21.2848,20.5383,20.3566,20.3822,20.5958,20.5043,20.8083,20.6965,20.7996,21.305,21.6178,20.7111,20.972,20.9308,20.5309,20.8907,19.6452,19.3134,19.4806,19.7608,20.7425,19.9054,20.3059,20.7691,20.8594,20.9234,20.4204,20.5663,20.2087,20.5778,21.2824,20.6952,20.2292,19.981,20.4264,21.1317,19.9062,20.0409,20.525,20.3756,20.9214,19.5636,19.2853,19.6886,20.0387,20.2683,20.6685,19.4574,20.0854,19.3748,20.8417,19.9637,20.1182,20.7317,20.9464,22.1103,19.3672,19.4751,19.9596,20.383,21.6184,19.4523,19.5002,19.6222,19.6767,19.7556,19.7282,19.7862,20.0983,19.9724,20.9509,19.7776,19.9857,20.352,20.9485,22.4303,20.2958,20.1289,20.3255,20.5584,20.833,19.8905,19.9186,20.3121,20.7983,21.2308
382,2:31:35 PM,19.8933,19.7762,19.7553,20.0666,20.2074,20.4982,20.3251,20.7668,20.8896,20.9334,20.4337,20.3312,20.124,20.1702,20.2768,20.2673,20.6073,20.7475,20.8956,21.231,20.6449,20.3012,20.6255,20.3469,20.7045,19.7704,20.1281,19.8091,19.8742,20.2403,20.3174,20.3233,20.7867,20.9415,21.2986,20.4906,20.3833,20.3983,20.2601,20.2638,20.6461,20.5133,20.7113,21.201,21.6622,20.6405,20.9943,20.8541,20.6957,21.0312,19.7485,19.4747,19.6235,19.686,20.5763,19.9973,20.4471,20.589,20.9045,20.6146,20.2827,20.5019,20.1517,20.6674,21.4668,20.5625,20.2667,20.044,20.3033,20.8447,19.8611,20.4143,20.5972,20.4161,20.8365,19.484,19.4027,19.887,20.1589,20.579,20.3926,19.6024,19.782,19.6501,20.5856,19.9374,20.1305,20.6996,20.9311,21.9681,19.4284,19.3939,19.8314,20.2819,21.5783,19.7958,19.8284,19.84,19.7671,20.1735,19.8647,19.8795,20.1506,20.0233,21.4681,19.8288,20.1464,20.3531,21.0668,22.6547,20.4234,20.2287,20.3673,20.561,20.5426,19.6364,19.9171,20.4817,20.7294,21.1697
383,2:31:55 PM,19.7054,19.6884,19.7453,20.0494,20.382,20.443,20.4355,20.7135,20.8886,20.9562,20.2785,20.4209,19.9797,20.0804,20.321,20.3146,20.4581,20.4483,20.7682,21.0844,20.7302,20.2529,20.5162,20.2757,20.7603,19.9593,20.0319,19.8605,19.8175,20.255,20.8796,20.5239,20.9857,20.8925,21.4534,20.4655,20.5598,20.4592,20.2787,20.4041,20.5656,20.6386,20.8446,21.1406,21.4629,20.8435,20.9168,20.8556,20.5979,20.9868,19.7443,19.4868,19.6099,19.7111,20.5516,19.8881,20.1864,20.6862,20.9257,20.9363,20.4163,20.3014,20.3768,20.5695,21.3351,20.7709,20.2882,19.9153,20.5036,20.9842,19.9152,20.1085,20.5268,20.441,20.697,19.7489,19.534,19.7191,20.2134,20.5853,20.4289,19.5877,20.0597,19.7161,20.7674,19.8254,20.0158,20.9292,21.2397,22.2254,19.4083,19.5022,19.8892,20.5984,21.5743,19.8307,19.7859,19.9426,20.0179,20.0909,19.6635,19.8724,20.1162,20.147,20.9549,19.6941,20.1908,20.4692,20.8332,22.6281,20.0912,20.0528,20.4832,20.5174,20.57,19.6311,20.0591,20.5106,20.7486,21.2525
384,2:32:15 PM,19.71,19.976,19.9259,20.0393,20.2825,20.2964,20.4013,20.576,20.9758,20.8044,20.5712,20.263,20.3418,20.2221,20.4656,20.4227,20.4488,20.759,20.8119,21.2819,20.7753,20.4693,20.6425,20.1878,20.7658,19.7099,20.014,19.8061,19.8675,20.3089,20.9445,20.2874,20.7231,20.7986,21.4291,20.5233,20.4158,20.4874,20.2244,20.5922,20.4854,20.6187,20.7452,21.1155,21.7103,20.6162,20.8792,20.7798,20.6261,21.049,19.7061,19.3321,19.6297,19.5876,20.6094,19.8966,20.2168,20.6704,20.8807,20.8427,20.3654,20.4053,20.2678,20.7741,21.2803,20.586,20.2395,19.8929,20.4177,21.1807,20.0331,20.319,20.734,20.6803,20.8377,19.4831,19.5289,19.7947,19.9891,20.6227,20.527,19.681,20.069,19.4013,20.41,19.7632,20.0842,20.6562,21.0045,22.092,19.4286,19.3847,19.8546,20.6158,21.5512,19.6423,19.4709,19.6456,19.8014,20.0437,19.7859,19.9709,20.0775,20.3755,20.9466,19.9072,20.0927,20.2998,20.9492,22.064,20.3088,20.0185,20.4218,20.3509,20.6757,19.5622,20.1622,20.2073,20.7328,21.0713
385,2:32:35 PM,19.7595,19.8653,19.799,20.1486,20.2674,20.4389,20.284,20.6394,20.7879,20.997,20.3672,20.4475,20.1742,20.4225,20.5234,20.3856,20.52,20.632,20.587,21.3642,20.6915,20.5288,20.4383,20.2199,20.9687,19.6787,20.0492,19.6819,19.828,20.3449,20.6226,20.3782,20.8593,20.961,21.2208,20.4729,20.4102,20.4741,20.7952,20.9929,20.4836,20.658,20.6413,21.0659,21.6016,20.6709,20.8326,20.8771,20.5002,21.0628,19.7563,19.3905,19.5974,19.7418,20.7268,20.0565,20.3902,20.6914,20.8064,21.1644,20.4098,20.3772,20.2798,20.7657,21.5756,20.6602,20.5319,20.0282,20.4922,21.1522,19.9798,20.1648,20.5925,20.5159,20.9169,19.6038,19.5778,19.772,20.1431,20.3828,20.4624,19.5935,20.1048,19.4434,20.5677,20.0227,20.1263,20.6763,21.2218,22.602,19.4788,19.4358,19.332,20.4837,21.479,19.6646,19.6592,19.8808,19.9817,20.4495,19.815,19.8593,20.1443,20.1084,20.873,19.949,20.1406,20.2789,20.9428,22.7057,20.376,20.0072,20.3894,20.347,20.3628,19.4583,19.9183,20.2519,20.8252,21.2223
386,2:32:55 PM,19.7219,19.7612,19.6342,20.031,20.3366,20.3319,20.241,20.8015,20.8375,21.0298,20.6171,20.3812,20.0705,20.4231,20.7043,20.3447,20.5622,20.7107,20.7397,21.3258,20.6636,20.406,20.5774,20.6119,20.8043,19.4942,20.0207,19.7986,19.8336,20.079,20.7412,20.1883,20.7993,20.8508,21.3423,20.5087,20.5695,20.5029,20.6674,20.9365,20.585,20.6375,20.94,21.2377,21.5723,20.6002,20.9939,21.057,20.5394,21.0319,19.6555,19.3767,19.5383,19.5261,20.7716,19.9815,20.3629,20.5895,20.9207,21.1938,20.1508,20.3837,20.2302,20.6616,21.3617,20.4726,20.1891,20.0376,20.4915,21.0796,20.1401,20.175,20.5615,20.4986,20.7734,19.3358,19.3863,19.669,20.2767,20.5804,20.383,19.4356,20.0171,19.4073,20.5228,19.6426,20.1065,20.6769,20.9763,22.2714,19.3799,19.3489,19.8184,20.5957,21.6078,19.9489,19.7555,19.9328,19.8668,19.9171,19.8908,19.8873,20.1046,20.1445,20.9038,19.6455,20.1987,20.4384,20.9588,22.5206,20.3008,19.8883,20.215,20.4052,20.5691,19.5647,20.2196,20.5289,20.7605,21.0719
387,2:33:15 PM,19.8669,19.7724,19.5406,20.0774,20.3886,20.3127,20.3023,20.5297,20.8067,20.8592,20.6283,20.3719,20.1831,20.3259,20.6323,20.5044,20.6953,20.8038,20.6509,21.2008,20.6064,20.6635,20.7775,20.5626,20.9316,19.7593,19.9824,19.9208,19.8327,20.2024,20.7154,20.4586,20.863,20.8132,21.2116,20.5278,20.4884,20.587,20.6966,20.9459,20.705,20.6877,20.8858,21.3605,21.6301,20.8053,20.9584,21.0161,20.5802,21.0328,19.5855,19.1775,19.7325,19.754,20.6684,19.6819,20.2577,20.7493,21.0631,20.9027,20.4214,20.2878,20.2947,20.6183,21.4175,20.4858,20.3775,20.0989,20.4135,21.2236,19.7545,20.3324,20.5529,20.5289,21.155,19.5443,19.4523,19.6228,20.054,20.2579,20.6053,19.695,20.2347,19.3814,20.6873,19.8194,20.0547,20.7332,20.8418,22.0249,19.4005,19.4935,19.8649,20.7498,21.6898,19.7059,19.9384,20.0765,20.0242,20.0945,19.7966,19.8657,20.1964,19.9172,20.6576,19.7877,20.0595,20.0,20.9007,22.6772,20.253,20.0318,20.369,20.3808,20.5234,19.6129,19.9016,20.372,20.6301,21.0332
388,2:33:35 PM,19.7398,19.8564,19.6078,20.0249,20.4316,20.3425,20.2761,20.6328,20.6301,20.8885,20.4692,20.2502,20.4062,20.5011,20.4305,20.4884,20.643,20.6259,20.9254,21.5594,20.6323,20.5919,20.6882,20.3319,20.8486,19.6788,19.8539,19.6316,20.0052,20.2309,20.4413,20.3076,20.8069,21.0214,21.3296,20.607,20.6138,20.614,20.5333,20.7513,20.707,20.7705,20.7853,21.2964,21.5455,20.8694,20.9976,21.0079,20.5815,20.8574,19.7768,19.5623,19.6168,19.8649,20.6386,19.9586,20.3634,20.6308,20.8071,20.9814,20.465,20.425,20.3645,20.7476,21.1688,20.6825,20.2045,19.9751,20.4783,21.0475,20.0468,20.3418,20.7183,20.3955,21.027,19.484,19.4682,19.8719,20.1752,20.5555,20.5847,19.7199,20.0861,19.5985,20.6389,19.7774,19.9823,20.5139,20.8696,22.1558,19.426,19.4588,19.8835,20.5215,21.4903,19.6638,19.7192,20.0524,19.9248,20.091,19.7864,19.7937,20.0629,20.103,20.6984,19.9198,20.1175,20.2949,20.9461,22.0534,20.3261,20.1566,20.4634,20.2549,20.6461,19.7017,20.1602,20.2672,20.8763,20.8403
389,2:33:55 PM,19.7562,19.7645,19.6269,20.0465,20.3718,20.3906,20.4573,20.7685,20.8325,20.8785,20.3972,20.2531,20.2501,20.3435,20.712,20.4838,20.6447,20.6951,20.9573,21.4126,20.6133,20.6023,20.657,20.6863,20.9531,19.8372,20.0632,19.9335,19.9832,20.2496,20.7088,20.3936,20.7556,21.0246,21.2208,20.6304,20.4607,20.6819,20.445,21.1008,20.5757,20.6884,20.8167,21.354,21.7222,20.7994,21.0922,21.0224,20.5234,20.9398,19.9152,19.3953,19.5955,19.7559,20.4469,19.8601,20.3384,20.6158,20.9166,20.9741,20.3853,20.3585,20.177,20.8112,21.2728,20.5165,20.3109,20.1193,20.3766,21.0407,20.0359,20.5094,20.6681,20.5997,21.0671,19.6658,19.2925,19.7009,20.1589,20.3169,20.5047,19.4911,20.0939,19.5694,20.7388,19.8424,20.1817,20.6626,20.9535,22.0561,19.5327,19.516,19.9187,20.8158,21.7187,19.6547,19.7184,19.7873,19.9712,20.5631,20.0688,19.9297,20.3241,20.1972,21.005,19.9114,20.1475,20.4519,20.9584,22.6653,20.4635,20.0953,20.6019,20.3134,20.5978,19.7277,20.1906,20.5762,20.9329,21.321
390,2:34:15 PM,19.7584,19.7909,19.7418,20.0594,20.3291,20.3548,20.1991,20.5796,20.8272,20.9498,20.3354,20.4343,20.3658,20.4071,20.5461,20.4054,20.6908,20.6742,20.7821,21.1963,20.5904,20.4957,20.5707,20.261,20.8302,19.8047,19.9164,19.6356,19.8928,20.2922,20.7713,20.2903,20.8411,20.7112,21.4158,20.6685,20.6131,20.5826,20.5031,20.629,20.7195,20.9894,20.9458,21.2972,21.7623,20.7858,20.9873,21.1093,20.5581,21.015,19.6731,19.3047,19.5782,19.662,20.5309,20.1224,20.1416,20.7121,20.9033,20.8555,20.4801,20.4895,20.1568,20.823,21.3321,20.6502,20.3778,20.0469,20.4778,21.246,19.9502,20.5446,20.6398,20.6259,20.9944,19.4575,19.5574,19.7766,20.3045,20.5881,20.437,19.6344,19.9466,19.5915,20.6401,19.9307,20.0982,20.6746,21.3124,21.761,19.3425,19.4234,19.6529,20.5089,21.5421,19.7159,19.4765,19.914,19.767,19.9882,19.7834,19.8772,20.0507,20.0444,21.0265,19.9165,20.0964,20.5246,20.9157,22.3069,20.3093,20.0321,20.3558,20.4065,20.9125,19.6087,19.9831,20.3867,20.7009,20.9385
391,2:34:35 PM,19.8153,19.7938,19.8304,20.0757,20.4767,20.445,20.3559,20.7164,20.9027,21.0087,20.5455,20.2736,20.3998,20.115,20.4803,20.5676,20.6352,20.7276,20.727,21.1713,20.4327,20.4965,20.7218,20.4285,20.794,20.032,19.9753,19.6654,19.8745,20.1161,20.686,20.5435,20.9178,20.9877,21.4899,20.7684,20.529,20.492,20.4148,20.5491,20.7684,20.7103,20.8212,21.281,21.4783,20.888,20.9392,20.9236,20.5231,21.1285,19.9059,19.5056,19.78,19.8326,20.6276,20.1406,20.4853,20.4862,20.9535,20.9622,20.3326,20.285,20.2942,20.9513,21.2662,20.8851,20.1652,20.0284,20.5964,20.9393,19.9368,20.2879,20.6857,20.579,21.0491,19.6822,19.5572,19.7491,20.1644,20.4927,20.458,19.8048,20.1745,19.669,20.667,19.8807,20.1442,20.9339,21.3897,22.013,19.5734,19.5652,19.7583,20.6028,21.5936,19.6507,19.5748,19.8718,19.7985,19.8032,19.7734,19.8942,20.3226,20.1713,20.7265,19.9424,20.2268,20.4515,20.7365,22.4157,20.2998,20.2391,20.4726,20.3179,20.6844,19.701,19.9851,20.3656,20.8077,21.2188
392,2:34:55 PM,19.9928,19.8144,19.917,20.0822,20.4646,20.5404,20.373,20.7681,20.9838,20.9292,20.6186,20.317,20.2064,20.4345,20.5012,20.3815,20.5126,20.6439,20.7896,21.2698,20.7493,20.3735,20.5772,20.2802,20.6485,19.8396,19.8568,19.7068,19.8721,20.2286,20.7608,20.2201,20.7467,20.9179,21.0992,20.8499,20.6524,20.5613,20.4107,20.2978,20.765,20.7061,20.8604,21.2346,21.4156,20.6689,21.2337,20.9038,20.6545,21.0885,19.8771,19.4979,19.7149,19.5957,20.649,19.9834,20.2998,20.7709,20.8813,20.7696,20.3622,20.4135,20.252,20.8211,21.2088,20.6622,20.1178,20.0483,20.4648,20.9751,19.7881,20.2386,20.5705,20.5515,20.933,19.8612,19.608,19.6618,20.2122,20.652,20.4898,19.6027,20.0371,19.6997,20.5957,19.7745,20.2191,20.8663,21.2722,22.2399,19.5956,19.5138,19.5968,20.5498,21.4168,19.7926,19.4665,19.8581,19.9455,19.9312,20.1143,20.1323,20.2544,20.2411,20.9847,20.0499,20.2822,20.5883,20.8373,21.9844,20.6001,20.3349,20.437,20.3826,20.6734,19.6975,20.1984,20.3984,20.8084,21.4743
393,2:35:15 PM,19.762,19.9715,19.9314,19.9036,20.2252,20.4616,20.2485,20.6415,21.0935,20.8999,20.5836,20.3436,20.2646,20.1857,20.389,20.3644,20.5972,20.5316,20.7971,21.2211,20.7473,20.395,20.5117,20.5686,20.8463,19.7011,20.0265,19.8832,19.7676,20.2604,20.5988,20.3693,21.0534,20.9798,21.1883,20.6195,20.5031,20.4699,20.3809,20.4154,20.5816,20.7813,20.9344,21.2716,21.7099,20.717,21.0657,20.7792,20.4758,21.0969,19.7757,19.5456,19.469,19.7017,20.556,19.9293,20.2479,20.7681,21.0232,20.9742,20.4674,20.4127,20.2031,20.8558,21.3013,20.5745,20.248,20.0821,20.4833,21.0146,19.7843,20.0747,20.4145,20.5542,20.7515,19.654,19.5621,19.781,20.0613,20.535,20.5629,19.8912,20.2532,19.5039,20.6295,20.0386,20.1597,20.6787,21.2847,22.2496,19.4813,19.3524,19.8731,20.4543,21.492,19.7228,19.5042,20.1114,19.9236,20.0491,20.0215,20.0521,20.3197,20.1658,20.8272,19.9702,20.3311,20.5714,20.9362,22.2835,20.2099,20.1482,20.3856,20.4011,20.4249,19.8023,20.2389,20.4837,20.7987,21.2275
394,2:35:35 PM,20.0091,19.9067,19.9038,20.1149,20.1941,20.5393,20.4142,20.7652,20.7999,20.9029,20.5461,20.2493,20.1753,20.3625,20.4071,20.4962,20.6173,20.4635,21.0223,21.2589,20.6126,20.5286,20.4671,20.5212,20.8033,20.0231,20.0483,19.9705,19.9325,20.3425,20.7521,20.2645,20.9421,20.8752,21.2576,20.6902,20.5862,20.5534,20.4926,20.7476,20.675,20.5505,20.8586,21.0944,21.6585,20.6965,21.2663,20.9413,20.8349,20.9662,19.8181,19.6434,19.7269,19.644,20.6148,19.9716,20.223,20.727,20.8657,20.9041,20.1972,20.3535,20.2506,20.7736,21.4742,20.8677,20.2838,19.9511,20.6916,21.0179,19.9722,20.4048,20.6834,20.6534,20.7707,19.6036,19.4637,19.8292,20.0101,20.6998,20.5717,19.5723,19.7815,19.4889,20.6143,19.9957,20.2682,20.7088,21.3791,22.2611,19.4304,19.6586,19.6902,20.6,21.4024,19.5621,19.4945,19.999,20.1184,19.6463,19.8784,19.96,20.3832,20.2418,20.9395,20.0552,20.2117,20.3376,20.7253,22.7423,20.3947,19.9371,20.3761,20.307,20.4378,19.6155,20.1898,20.5317,20.8892,21.4062
395,2:35:55 PM,19.7851,19.9349,19.7406,20.0155,20.2039,20.5761,20.2596,20.5991,20.992,21.0982,20.4112,20.4099,20.2287,20.4267,20.3481,20.4604,20.5731,20.7347,20.639,21.0624,20.5819,20.4776,20.6439,20.2801,20.6028,19.8997,20.2217,19.8894,19.9578,20.2715,20.8896,20.2582,21.0197,20.9565,21.2772,20.7023,20.6004,20.5172,20.2097,20.3686,20.7077,20.7412,20.6653,21.2917,21.5024,20.8026,21.147,20.9205,20.6233,21.1397,19.7765,19.53,19.703,19.7393,20.4586,20.2657,20.1777,20.8273,21.0605,20.7035,20.4394,20.4586,20.3055,20.7314,21.3175,20.6317,20.3668,19.9702,20.62,21.2601,19.8938,20.1502,20.602,20.6796,20.7998,19.6772,19.5975,19.6739,20.1721,20.5878,20.5605,19.6546,20.3577,19.6756,20.651,19.9968,20.1054,20.5524,21.0308,22.1283,19.2572,19.3229,19.7571,20.702,21.5335,19.6801,19.7876,20.0992,20.2523,20.306,19.9656,19.912,20.2112,20.1525,20.7643,19.992,20.2793,20.475,20.9224,22.2198,20.3842,20.5075,20.5025,20.3696,20.4851,19.8325,20.1047,20.2468,20.7513,21.0597
396,2:36:15 PM,19.7825,19.9428,19.7788,20.1311,20.3046,20.4267,20.2879,20.6611,20.7783,20.8245,20.3828,20.3321,20.1886,20.3936,20.5284,20.4474,20.5255,20.719,20.7896,21.3759,20.6001,20.3439,20.6751,20.3608,20.69,19.7891,20.1896,19.796,20.2348,20.2961,20.8013,20.4621,21.0287,20.8618,21.2012,20.5687,20.4256,20.4739,20.4209,20.6861,20.5144,20.5503,20.6408,21.2877,21.7455,20.7717,20.9641,20.9083,20.6717,20.9583,19.959,19.5552,19.7877,19.8077,20.7156,20.0561,20.4051,20.7422,20.8868,21.0086,20.4471,20.4071,20.2734,20.8767,21.6553,20.5539,20.3228,20.1433,20.3463,21.1606,20.0449,20.4931,20.6976,20.4273,20.5883,19.6774,19.5793,19.943,19.9837,20.765,20.6464,19.6633,20.1332,19.8227,20.5254,19.8917,20.0458,20.6426,21.1752,22.0941,19.3395,19.5918,19.9288,20.5586,21.537,19.7762,19.6828,19.9935,19.9679,20.2642,20.0483,19.8693,20.1995,20.3473,21.0115,19.9329,20.3235,20.3536,21.0986,22.6268,20.1118,20.114,20.484,20.5193,20.4812,19.7673,20.2107,20.5617,20.6852,20.9483
397,2:36:35 PM,19.8609,19.9165,19.7202,20.0595,20.2968,20.4547,20.4007,20.6441,20.7295,20.9393,20.5374,20.4756,20.4072,20.6464,20.686,20.5553,20.7995,20.7,20.8232,21.2996,20.7964,20.5773,20.5967,20.559,20.9159,20.021,20.0579,19.9134,19.908,20.1184,20.6434,20.4999,20.7861,20.9899,20.988,20.6603,20.5091,20.4638,20.7164,21.0726,20.7097,20.702,20.7704,21.2576,21.8145,20.8151,20.8665,21.1091,20.6172,21.0926,19.8116,19.368,19.8642,19.6475,20.6104,20.1334,20.3718,20.7954,20.9412,20.8741,20.3677,20.4725,20.2291,20.7251,21.3206,20.5851,20.1307,20.0237,20.4849,21.2389,20.1192,20.3014,20.7848,20.5225,20.8002,19.8857,19.4633,19.8411,20.3475,20.4063,20.664,19.5957,19.9953,19.7217,20.7113,19.9635,20.0862,20.6599,20.856,21.5697,19.4484,19.4353,19.6485,20.8883,21.6183,19.7246,19.7834,20.1054,20.0061,19.9122,19.9866,20.1881,20.1727,20.232,20.9557,19.9212,20.3019,20.4804,21.0082,22.5107,20.2888,20.1472,20.4947,20.2728,20.5845,19.5951,20.0459,20.4432,20.7313,21.1775
398,2:36:55 PM,19.7852,19.9666,19.8517,20.0461,20.2094,20.4009,20.3527,20.6802,20.9036,20.7686,20.6038,20.4279,20.1253,20.417,20.4923,20.3504,20.761,20.71,20.9091,21.4501,20.6673,20.339,20.6663,20.7539,20.9589,19.8031,20.1371,19.9356,20.1302,20.2764,20.4044,20.3521,20.7899,20.9746,21.3372,20.5232,20.5054,20.6817,20.5598,20.8597,20.609,20.7171,20.6892,21.1674,21.6135,20.7174,21.0434,20.768,20.5791,20.846,19.873,19.4843,19.7039,19.7646,20.7763,19.9969,20.2148,20.699,20.8471,21.3705,20.4562,20.4566,20.2904,20.7456,21.4156,20.6904,20.286,19.9973,20.3237,21.0165,19.7404,20.5385,20.7788,20.5228,20.9011,19.6847,19.505,19.8316,20.2137,20.51,20.5568,19.9385,20.6618,19.6005,21.3487,20.0743,19.9899,20.823,21.1213,21.9249,19.4208,19.4991,19.9198,20.4704,21.7358,19.8029,19.8361,20.0221,20.0633,20.6724,19.9269,19.9327,20.2486,20.2838,20.7202,19.8323,20.2861,20.4665,20.8975,22.5669,20.3924,19.9363,20.6154,20.5457,20.6489,19.746,20.0606,20.3635,20.7488,21.0192
399,2:37:15 PM,19.7024,19.7802,19.7765,20.3328,20.4752,20.439,20.3502,20.5853,20.7209,20.8796,20.5338,20.2924,20.1595,20.4702,20.5928,20.4487,20.789,20.8026,20.8352,21.4821,20.8395,20.4966,20.6272,20.6345,20.8653,19.695,20.1412,19.8336,19.9361,20.3591,20.7854,20.3219,20.9779,20.9711,21.2985,20.6892,20.5163,20.5643,20.496,20.8291,20.6232,20.7125,20.8474,21.3662,21.5294,20.976,21.0185,20.7986,20.5961,20.9388,19.7057,19.4038,19.7584,19.9578,20.7654,20.2029,20.3957,20.8376,20.9615,21.1228,20.4097,20.4083,20.1813,20.6366,21.2362,20.7137,20.2744,20.0506,20.5417,21.2258,19.9945,20.4561,20.6143,20.6042,20.8201,19.6074,19.4978,19.895,20.172,20.6265,20.4028,19.722,20.2273,19.6686,20.754,19.9402,20.0971,20.9526,21.1001,22.1069,19.5047,19.4283,19.6316,20.7456,21.7149,19.7966,19.8227,19.8076,19.8908,20.4075,19.9556,19.931,20.2672,20.1174,21.11,19.718,20.4908,20.4646,20.6966,22.0505,20.3659,20.3212,20.3745,20.4035,20.543,19.6219,20.0722,20.2518,20.7859,21.2193
400,2:37:35 PM,19.7723,19.9354,19.788,20.0938,20.2659,20.4267,20.3333,20.8174,20.7808,20.9323,20.5497,20.5249,20.3699,20.5441,20.5846,20.5309,20.6428,20.6111,20.9953,21.5534,20.8243,20.5404,20.8025,20.409,21.0419,19.9817,20.1824,19.8255,20.0089,20.337,20.7112,20.5152,20.979,20.7636,21.4372,20.5862,20.635,20.5378,20.5049,20.8212,20.7096,20.6808,20.9878,21.2409,21.5595,20.8523,21.1899,21.0558,20.7267,20.9712,20.0255,19.6483,19.8461,19.7864,20.7005,19.8632,20.4162,20.7624,21.1229,21.2546,20.1705,20.3882,20.2484,20.6694,21.4234,20.6178,20.2382,20.0806,20.502,21.1462,19.8775,20.4871,20.6283,20.7533,20.725,19.6444,19.7166,19.8569,20.3031,20.7033,20.5329,19.725,20.2835,19.629,20.9432,19.806,20.1672,20.7513,21.06,22.0559,19.5195,19.5651,19.6502,20.6364,21.847,19.8111,19.7764,19.8954,19.9499,20.2496,19.9483,20.1216,20.268,20.2508,20.9796,19.9733,20.4296,20.6546,20.9522,22.2907,20.4782,20.1052,20.3441,20.4878,20.7135,19.5089,20.0282,20.3935,20.7715,20.9717
401,2:37:55 PM,19.9225,19.8788,19.8274,20.0719,20.3557,20.5364,20.3712,20.7062,20.8305,20.8855,20.5352,20.4796,20.1945,20.3449,20.4544,20.4439,20.6886,20.6909,20.8588,21.2042,20.7506,20.5383,20.4037,20.4665,20.8897,19.781,20.1687,19.7288,19.9482,20.2724,20.5436,20.6081,20.7628,20.849,21.2242,20.7082,20.4677,20.4796,20.6044,20.7111,20.7155,20.7506,20.8084,21.2927,21.6651,20.7762,20.9563,20.8221,20.5611,21.1341,19.9105,19.5921,19.848,19.5829,20.6859,19.934,20.4847,20.7795,20.7832,21.1475,20.502,20.2018,20.3539,20.8242,21.3719,20.7359,20.2613,20.1544,20.5636,21.1416,20.1424,20.4282,20.6813,20.5795,20.8442,19.8285,19.5999,19.8,20.3228,20.6225,20.4677,19.8256,20.4873,19.892,21.2471,20.0059,20.1806,20.8021,21.2338,22.3262,19.4961,19.5075,20.0207,20.626,21.7418,19.6955,19.829,20.2463,20.0849,20.2287,20.0824,20.0928,20.3388,20.2272,21.12,19.9421,20.3423,20.4717,20.9264,22.1765,20.5062,20.122,20.5547,20.4867,20.5921,19.7194,20.3603,20.4813,20.7304,21.2393
402,2:38:15 PM,19.9513,19.8864,19.7326,20.2087,20.3632,20.4266,20.3286,20.6627,20.9352,20.9024,20.5497,20.3628,20.2624,20.2973,20.5238,20.4622,20.6607,20.7624,20.9046,21.4189,20.8333,20.7682,20.6463,20.2215,20.9488,19.8853,20.087,19.9923,20.1338,20.3146,20.7253,20.5623,20.8338,20.8782,21.542,20.6297,20.6583,20.6008,20.5667,20.8103,20.7488,20.9553,20.9392,21.185,21.6669,20.9564,21.1649,20.9374,20.6995,21.1019,19.7916,19.5129,19.8345,19.9185,20.6239,20.0213,20.4325,20.822,20.9037,21.098,20.5653,20.4751,20.1961,20.8175,21.5944,20.4774,20.1134,19.996,20.4552,21.0422,20.0919,20.4767,20.584,20.5714,20.6781,19.5403,19.5675,19.8729,20.1359,20.7151,20.6818,19.7106,20.0859,19.5445,20.9507,19.6808,20.098,20.7985,21.1176,21.6529,19.5305,19.7092,19.8735,20.8424,21.7102,19.6255,19.8079,20.1501,20.0255,20.2819,20.1577,20.0372,20.1872,20.4685,21.1969,20.1054,20.2752,20.3966,21.2623,22.5472,20.1598,20.2119,20.5627,20.4912,20.381,19.9075,20.1478,20.6145,20.6894,21.2601
403,2:38:35 PM,19.7759,19.75,19.832,20.0706,20.4689,20.3244,20.3089,20.7961,20.6656,20.7907,20.5847,20.2329,20.177,20.4887,20.5051,20.5205,20.7088,20.6634,20.8259,21.3876,20.6307,20.3277,20.5367,20.4318,20.9115,19.827,20.0713,19.9943,19.8585,20.2376,20.8124,20.6074,20.8766,21.0173,21.4594,20.6372,20.5841,20.6867,20.6545,21.0529,20.6323,20.7117,20.9814,21.287,21.5394,20.8619,21.0931,21.0226,20.5991,20.8952,19.8437,19.6106,19.7012,19.814,20.549,19.9637,20.4879,20.5837,21.1995,20.7256,20.3395,20.4681,20.3852,20.7649,21.8614,20.6207,20.3158,20.2368,20.6163,20.9488,19.9085,20.4445,20.6808,20.6954,20.83,19.6225,19.6063,19.9277,20.0853,20.6733,20.6499,19.8287,20.1492,19.3563,20.7371,20.0796,20.2265,20.8527,21.3632,22.2025,19.4324,19.4942,19.8048,20.5585,21.7059,19.7083,19.5886,19.9344,20.1379,20.2848,19.9714,19.9573,20.254,20.5037,21.376,20.0322,20.3582,20.4188,21.4691,22.7725,20.3793,19.9642,20.5546,20.5716,20.7385,19.6579,20.1438,20.4674,20.7808,21.0485
404,2:38:55 PM,19.9119,19.9021,19.8355,20.2038,20.4448,20.4927,20.3868,20.7548,20.6458,20.8144,20.4607,20.4046,20.2313,20.2359,20.5285,20.5893,20.7556,20.7869,20.7965,21.5985,20.8718,20.5542,20.7835,20.489,20.7782,19.8484,19.9227,19.7793,19.9654,20.1833,20.5108,20.5265,20.7852,20.9409,21.2558,20.7105,20.5089,20.5172,20.4924,21.0166,20.5971,20.7309,21.1297,21.2919,21.6929,20.8332,20.9432,20.9056,20.5824,21.2104,19.7747,19.4652,19.692,19.7467,20.8486,20.0478,20.3789,20.7733,20.881,20.8499,20.4894,20.5158,20.3081,20.915,21.3145,20.7595,20.3223,20.0122,20.5345,21.1127,20.1205,20.4326,20.7066,20.7,20.8182,19.7333,19.6196,19.8031,20.2345,20.6474,20.5119,19.7836,20.0038,19.3944,20.8147,19.8865,20.11,20.7513,20.8592,21.9036,19.5403,19.5278,19.7857,20.6431,21.6707,20.0,19.9231,20.1776,20.0431,20.6863,20.1037,20.0678,20.0626,20.1354,20.9139,19.9676,20.3489,20.5247,20.8228,22.4829,20.3541,20.003,20.4755,20.5558,20.7267,19.6606,20.2423,20.3881,20.8637,21.131
405,2:39:15 PM,19.7669,19.8208,19.9188,20.3912,20.2469,20.402,20.4359,20.5459,20.8793,20.8478,20.4161,20.4757,20.2095,20.7557,20.5704,20.5274,20.7148,20.7756,20.8892,21.3607,20.7696,20.732,20.6043,20.4461,20.9657,19.8784,20.1266,19.7663,20.2295,20.3282,20.6977,20.5078,20.7366,20.8454,21.4142,20.8817,20.6507,20.7249,20.6554,20.7758,20.9469,20.851,20.7868,21.2913,21.6509,20.9463,20.9898,21.1275,20.6982,21.0141,19.7409,19.502,19.9367,19.8236,20.5618,20.0637,20.3708,20.7208,20.8346,21.0535,20.3377,20.3924,20.2056,20.6773,21.3361,20.5376,20.1214,20.1839,20.5906,21.1239,20.1882,20.3734,20.5569,20.5664,20.8032,19.6724,19.5515,19.9911,20.2215,20.4255,20.5666,19.5273,19.8776,19.3682,21.1416,19.7955,20.2166,20.6486,20.8744,22.2311,19.4247,19.643,20.0725,20.4225,21.8685,19.7751,19.8582,19.9961,20.2566,20.2672,19.9704,19.7907,20.3962,20.1909,20.9235,19.8799,20.3304,20.5476,21.0084,22.3777,20.3996,20.2235,20.6321,20.4451,20.6831,19.6475,20.071,20.7325,20.9939,21.1925
406,2:39:35 PM,20.0028,19.6616,19.8224,20.223,20.2621,20.3279,20.2099,20.669,20.8247,20.7767,20.4097,20.4951,20.206,20.6632,20.6088,20.511,20.8261,20.7882,20.874,21.4145,20.5847,20.5815,20.5215,20.4463,20.7509,19.8929,20.1667,19.8032,20.0929,20.1477,20.3191,20.5854,20.9081,20.8709,21.3007,20.6748,20.4434,20.5632,20.5785,20.9038,20.8194,20.7469,20.833,21.2223,21.6334,20.9864,21.0766,20.9778,20.6503,21.1486,19.7194,19.4005,19.8698,19.8202,20.6062,20.256,20.4023,20.7648,20.8205,20.8946,20.4946,20.5734,20.3267,20.9095,21.4765,20.7312,20.3096,20.1346,20.5864,21.2825,19.9783,20.5219,20.7849,20.609,20.7854,19.6173,19.3853,19.6887,20.0598,20.5609,20.4994,19.5741,20.2301,19.6423,20.9022,19.8802,20.2256,20.7686,21.0452,21.6029,19.5092,19.6368,20.0896,20.6219,21.856,19.8471,19.8833,20.1735,20.1027,20.4422,19.9271,20.0345,20.1999,20.2315,21.124,19.8979,20.3789,20.6172,21.0042,22.6923,20.5938,20.4596,20.6512,20.4249,20.5775,19.5503,20.2312,20.6638,20.83,21.1891
407,2:39:55 PM,20.018,19.9089,19.9763,20.3013,20.4663,20.4739,20.4415,20.7664,20.8592,20.8683,20.4848,20.4026,20.2165,20.3133,20.6783,20.6001,20.5894,20.7648,20.9724,21.4615,20.6399,20.5159,20.6364,20.649,20.9511,19.9023,20.1629,20.0096,20.1966,20.3785,20.4399,20.6134,20.9783,21.143,21.3203,20.5681,20.5081,20.5711,20.4047,20.5726,20.8864,20.7268,20.9555,21.2991,21.6358,20.8173,21.0876,21.0597,20.6762,21.0582,19.8495,19.6211,19.8519,19.7291,20.6047,20.1642,20.466,20.6813,20.9182,20.8713,20.3186,20.4094,20.3635,20.8643,21.3678,20.581,20.1856,20.175,20.575,21.1206,19.9935,20.3796,20.798,20.691,20.8427,19.8238,19.6197,19.8619,20.2632,20.5634,20.4532,19.7488,20.2691,19.5859,20.724,19.9932,20.1616,20.8776,21.4527,21.7799,19.7319,19.4408,19.4597,20.4497,21.7316,19.6971,19.4773,20.1254,20.1368,20.3016,20.0606,20.1012,20.1875,20.2333,21.1892,20.1373,20.2574,20.6887,21.1518,22.6463,20.55,20.059,20.4369,20.545,20.5185,19.6472,20.0507,20.3999,20.9741,21.2954
408,2:40:15 PM,19.9488,19.8913,19.9002,20.4447,20.506,20.4997,20.5217,20.7543,20.8454,20.8825,20.4356,20.3642,20.2554,20.3933,20.3459,20.4431,20.6491,20.87,20.9866,21.4599,20.6983,20.582,20.8117,20.5319,20.9176,19.9892,20.073,19.7809,20.0298,20.3172,20.4587,20.465,20.8522,21.0407,21.2962,20.7144,20.474,20.4848,20.2792,20.8493,20.7117,20.7125,20.8803,21.2513,21.669,20.8558,21.11,20.9531,20.6887,21.1726,19.8838,19.7411,20.0176,19.9335,20.7893,20.1047,20.2962,20.5364,20.9119,21.1618,20.5873,20.5474,20.2086,20.9389,21.8305,20.7129,20.4735,20.1317,20.5019,21.0257,19.9517,20.3038,20.7907,20.7434,20.8097,19.718,19.773,19.9156,20.2165,20.6605,20.7252,19.7232,20.4503,19.7471,20.8056,20.0723,20.2518,20.8572,21.356,21.8014,19.5912,19.7017,19.7169,20.6546,21.6049,19.7908,19.6833,20.0914,20.0403,20.3166,20.0033,20.1172,20.2056,20.382,21.2877,20.0988,20.3071,20.4122,21.0664,22.8865,20.6107,20.0975,20.4349,20.5884,20.5188,19.5277,20.1942,20.7048,21.0436,21.5614
409,2:40:35 PM,19.9371,19.9769,19.8204,20.1616,20.4807,20.3733,20.5575,20.7871,20.9074,20.739,20.7365,20.4795,20.071,20.3415,20.3769,20.5785,20.7089,20.7502,20.9564,21.3123,20.5988,20.5463,20.392,20.321,20.7093,20.0418,20.1327,19.9684,20.0009,20.2568,20.619,20.413,20.7856,20.9239,21.3028,20.6899,20.5369,20.5381,20.129,20.4359,20.7763,20.7513,20.9721,21.3238,21.3982,20.8724,21.1016,20.9738,20.7171,20.7577,19.9164,19.6049,19.7281,19.9895,20.7282,19.9928,20.3669,20.7202,21.0177,21.2107,20.5696,20.4366,20.3738,20.7932,21.5121,20.5928,20.2513,20.0272,20.4474,21.1397,20.1973,20.3739,20.7762,20.7147,20.7331,19.7749,19.6193,20.0382,20.3122,20.7116,20.5778,19.6486,19.8536,19.7947,20.6459,19.8425,20.0026,20.7408,21.2788,22.4618,19.4657,19.4447,19.8608,20.4234,21.5213,19.5993,19.4376,19.8906,20.0599,19.7453,20.0539,19.8899,20.462,20.2203,20.967,20.2964,20.2281,20.5145,21.0872,22.171,20.4666,20.1961,20.6118,20.5186,20.6143,19.8211,20.4956,20.231,20.8385,21.1679
410,2:40:55 PM,19.7039,19.8606,19.8697,20.3533,20.4741,20.3781,20.32,20.7195,20.8848,20.887,20.5479,20.4495,20.1974,20.366,20.3719,20.4657,20.5341,20.5989,20.9238,21.4282,20.7295,20.5512,20.5628,20.4006,20.7298,19.7941,19.946,19.7326,19.6607,20.2748,20.5685,20.4348,21.0024,20.9046,21.4975,20.6443,20.6007,20.6688,20.5473,20.6678,20.6774,20.7148,20.9227,21.2325,21.7886,20.6699,20.9817,21.0457,20.4966,21.0084,19.7338,19.6308,19.6794,19.8728,20.6853,20.1753,20.4827,20.8149,21.1073,21.1039,20.4092,20.5149,20.2472,20.7438,21.4592,20.6116,20.4098,20.1896,20.6107,21.3389,20.2224,20.3284,20.6916,20.4775,20.7518,19.5983,19.5877,19.9117,20.0901,20.6186,20.4911,19.7676,20.2227,19.4578,20.7094,19.8154,20.1569,21.1133,21.4123,22.1226,19.6595,19.7373,19.7861,20.7563,21.7504,19.735,19.8219,20.1335,20.1209,20.033,20.0461,20.025,20.2801,20.3574,21.1256,20.0003,20.2996,20.5739,21.0491,22.1712,20.2143,19.9754,20.4779,20.4289,21.0014,19.9459,20.2077,20.5962,20.8577,21.4337
411,2:41:15 PM,19.7218,19.9017,19.8684,20.0669,20.4972,20.5886,20.3578,20.6026,20.7368,20.6286,20.485,20.398,20.2626,20.2817,20.54,20.4607,20.6044,20.826,20.9441,21.128,20.7614,20.4819,20.7053,20.3698,20.581,19.9517,19.917,19.9009,20.1131,20.2019,20.4707,20.5836,20.8245,21.1979,21.4827,20.7325,20.5847,20.6421,20.477,20.9829,20.7887,20.6074,20.945,21.0957,21.5344,20.8854,21.1224,21.1466,20.6928,21.0561,19.762,19.4888,19.6714,19.8998,20.7018,19.8481,20.3964,20.6784,20.7152,21.1053,20.3392,20.3799,20.1423,20.7702,21.4628,20.5033,20.1838,20.1844,20.5557,21.2189,19.841,20.4546,20.57,20.6475,20.7915,19.5676,19.6716,19.7084,20.5098,20.743,20.4999,19.7989,20.3146,19.2427,20.7661,20.0034,20.0897,20.9476,21.1487,22.4781,19.5816,19.5303,19.8246,20.9197,21.7899,19.825,19.9266,20.1511,20.1203,20.2235,20.0959,20.0272,20.2532,20.3307,21.2485,19.7748,20.2392,20.4066,20.9021,21.6848,20.3785,19.9286,20.5819,20.4896,20.7324,19.8473,20.4746,20.6319,20.8427,21.2759
412,2:41:35 PM,19.5991,19.7623,19.7324,20.0442,20.477,20.4523,20.3402,20.7828,20.8239,20.5897,20.3997,20.4866,20.4632,20.2828,20.3561,20.5736,20.8215,20.6252,20.7657,21.4098,20.7603,20.5035,20.7894,20.6165,20.911,19.789,20.0797,19.8664,19.9337,20.3522,20.4141,20.386,20.86,20.9741,21.325,20.4875,20.6558,20.6826,20.3758,20.7864,20.5667,20.7173,20.9925,21.1851,21.8058,20.8703,21.0166,20.8885,20.6656,20.9909,19.6877,19.4262,19.6423,19.8305,20.6798,19.9897,20.4112,20.7634,20.9502,21.1755,20.5744,20.5146,20.2423,20.7615,21.2606,20.6495,20.2762,20.1534,20.4651,21.1507,20.0605,20.3697,20.6374,20.6768,20.4828,19.5841,19.5244,19.8933,20.4195,20.7801,20.4285,19.8678,20.1824,19.719,20.6127,19.9299,20.3103,20.8626,21.2616,22.5561,19.4079,19.6322,19.7836,20.6429,21.7137,19.8627,19.7785,19.902,19.9737,19.8609,20.0001,20.0481,20.3744,20.2535,20.7818,20.1181,20.303,20.3698,21.1917,22.1037,20.3402,20.04,20.5414,20.457,20.6325,20.0188,20.2989,20.4294,20.8131,21.2017
413,2:41:55 PM,19.6722,19.7567,19.6991,20.2928,20.5596,20.4635,20.2132,20.6957,20.9492,20.8785,20.5911,20.4586,20.0737,20.3998,20.4634,20.5831,20.7264,20.7505,20.8944,21.1661,20.7911,20.6827,20.6657,20.3851,20.8026,19.9679,20.0716,19.8937,19.8053,20.3329,20.5798,20.5462,20.7231,20.9649,21.3191,20.7648,20.4556,20.6678,20.6599,20.7423,20.6099,20.8365,20.7902,21.151,21.6014,20.8216,21.0489,21.0383,20.7622,21.0468,19.8281,19.5217,19.8315,19.898,20.6551,20.2238,20.3579,20.6147,20.8436,20.9041,20.5321,20.4166,20.3037,20.8717,21.6601,20.7215,20.3676,20.1177,20.4766,21.3647,20.1055,20.539,20.7628,20.591,20.8778,19.6543,19.6942,19.6697,20.2988,20.6736,20.5467,19.6693,20.3261,19.5088,20.9744,19.7246,20.1905,20.9461,21.3719,22.4723,19.6816,19.4425,19.714,20.6416,21.7622,19.7327,19.7671,19.9901,20.1662,19.9493,20.0384,19.985,20.2654,20.3595,21.1202,19.7939,20.2135,20.3606,20.8172,22.5066,20.4184,20.2663,20.4826,20.5972,20.6167,19.8496,20.2962,20.4906,21.0138,21.2441
414,2:42:15 PM,19.7033,19.762,19.8413,20.0843,20.4873,20.5527,20.3237,20.6839,20.9261,20.9065,20.4988,20.4054,20.1352,20.3075,20.3721,20.712,20.6486,20.6272,21.0477,21.258,20.7001,20.5914,20.6879,20.3497,20.6967,19.8763,19.9752,19.8779,19.8907,20.3672,20.7643,20.493,20.9621,21.0446,21.3924,20.6259,20.6122,20.6032,20.2492,20.2278,20.4752,20.7718,20.8604,21.2393,21.4431,20.7098,21.1893,20.9124,20.6449,21.0585,19.9508,19.8239,19.6679,19.8029,20.8345,20.1662,20.3314,20.6081,21.0267,21.1208,20.4364,20.4661,20.1466,20.8269,21.8583,20.7989,20.3459,20.0954,20.6296,21.2869,20.2209,20.4354,20.7537,20.7853,20.8143,19.7181,19.5403,19.9634,20.2832,20.583,20.6181,19.6891,20.155,19.5746,20.734,19.9006,20.0563,21.0089,21.3078,22.2257,19.5622,19.4229,19.4585,20.6852,21.7861,19.6711,19.7682,19.8056,20.0856,20.3511,20.0161,20.0131,20.3014,20.1231,20.5072,20.1635,20.3226,20.5208,20.7948,22.4473,20.2667,19.8999,20.2446,20.3254,20.7502,19.7238,20.3095,20.6374,20.9942,21.027
415,2:42:35 PM,19.9664,19.966,19.7976,20.2171,20.6427,20.4622,20.3491,20.6439,20.8971,20.9578,20.4533,20.4962,20.259,20.3639,20.5706,20.5016,20.9553,20.8028,20.8016,21.3451,20.8666,20.4948,20.7405,20.3158,21.007,19.8826,20.146,19.7489,19.9699,20.2013,20.6798,20.3375,20.8686,20.8629,21.4531,20.4873,20.6099,20.5372,20.5405,20.9785,20.6009,20.7862,20.7864,21.2703,21.7213,20.9761,21.0732,21.0457,20.5001,21.0382,19.7463,19.4538,19.7689,19.8065,20.753,20.0994,20.4679,20.7513,20.9047,20.9012,20.3308,20.4724,20.2241,20.7833,21.633,20.6555,20.3452,20.0287,20.4269,21.2562,19.7395,20.3467,20.6459,20.6384,20.6453,19.4353,19.5664,19.9355,20.1821,20.556,20.6738,19.6619,20.0315,19.6441,20.786,19.7047,20.2381,20.7184,21.009,22.2907,19.4783,19.4197,19.676,20.6049,21.7573,19.7406,19.8223,20.0658,19.9328,20.5807,19.9852,19.9582,20.2719,20.3588,22.0198,19.7831,20.2806,20.5144,21.4809,22.7428,20.3372,20.2566,20.4766,20.4725,20.6478,19.7512,20.2451,20.6511,20.8162,21.0572
416,2:42:55 PM,19.9212,19.7886,19.7624,20.1365,20.4489,20.4213,20.3014,20.5501,20.7804,20.7656,20.4869,20.4193,20.402,20.5908,20.8341,20.4826,20.6839,20.8427,20.7583,21.3693,20.7424,20.6194,20.4644,20.4495,20.6656,19.6971,20.0065,19.6239,19.9736,20.2716,20.6883,20.4378,20.7228,20.9366,21.3638,20.5466,20.5801,20.6567,20.6701,20.581,20.6576,20.8189,20.8584,21.3676,21.6041,20.9786,21.0371,21.0749,20.7613,20.8422,19.7547,19.4914,19.861,19.825,20.7756,19.9224,20.5878,20.7142,20.9387,21.0397,20.566,20.485,20.3152,20.8095,21.4616,20.6083,20.3078,19.9598,20.597,21.4796,19.9593,20.6081,20.7584,20.6905,20.7991,19.6795,19.675,19.7422,20.1795,20.5471,20.581,19.8106,20.2198,19.4891,20.8203,19.7814,20.0102,20.7434,20.8267,22.432,19.3422,19.7158,19.8752,20.7995,21.9238,20.0951,19.9637,19.8592,19.7963,20.3879,19.9001,20.149,20.1727,20.3206,20.823,19.6222,20.2688,20.4191,21.0022,22.1489,20.4237,20.1188,20.5124,20.4394,20.6027,19.8075,20.0617,20.6201,20.5966,21.1044
417,2:43:15 PM,19.9889,19.6952,19.7597,20.2029,20.404,20.5279,20.1225,20.4908,20.9794,20.9164,20.5808,20.4551,20.3341,20.6435,20.7254,20.6453,20.7018,20.7265,20.8573,21.39,20.7065,20.5845,20.6789,20.5855,20.8451,19.8292,19.9179,19.9862,19.8178,20.3926,20.574,20.3189,20.8059,20.8398,21.1186,20.6547,20.5373,20.7452,20.7351,20.4306,20.7027,20.838,20.9552,21.3753,21.5734,20.8707,21.2456,21.0797,20.604,21.0691,19.6851,19.5664,19.7716,19.7902,20.8017,19.8618,20.1977,20.6979,20.8293,20.9143,20.57,20.4765,20.2886,20.8477,21.2924,20.58,20.2125,20.2242,20.494,21.3548,19.9146,20.5158,20.724,20.6653,20.8799,19.6527,19.5127,19.8124,20.2476,20.503,20.4701,19.6512,20.1636,19.5156,20.5814,19.9243,20.1527,20.7242,20.9812,22.111,19.4933,19.6476,19.6684,20.5512,22.0717,19.7649,19.5376,19.801,20.0703,20.076,20.0168,20.0612,20.1768,20.1708,20.984,19.9859,20.3039,20.3483,20.9082,22.4942,20.4158,20.0058,20.4649,20.2977,21.0898,19.8201,20.1677,20.412,20.6153,21.3517
418,2:43:35 PM,19.8105,19.8041,19.8671,20.0447,20.4962,20.3275,20.0948,20.4187,20.9258,20.6324,20.4608,20.4641,20.2795,20.3775,20.4273,20.6523,21.0645,20.8026,20.7103,21.5409,20.6171,20.5791,20.6739,20.4151,20.7952,19.8555,19.9381,19.9452,19.9492,20.2145,20.7363,20.3504,20.8382,21.0488,21.3362,20.7813,20.5072,20.6424,20.5152,20.7147,20.7196,20.7509,20.73,21.2534,21.4585,20.8728,21.1329,21.0235,20.6115,20.7928,19.8586,19.4963,19.6645,19.7148,20.7503,20.1418,20.3257,20.6349,20.8577,21.3675,20.3607,20.4206,20.347,20.9444,21.5477,20.6504,20.2173,20.01,20.4679,21.0044,19.9846,20.4611,20.6529,20.6248,20.6075,19.7451,19.5603,19.7981,20.1246,20.5949,20.5965,19.5471,20.1123,19.8655,20.8937,19.8973,20.2717,20.8902,21.3751,22.5051,19.6014,19.7371,19.4875,20.593,21.7192,19.9245,19.7173,19.7959,19.745,19.9055,20.0834,19.8973,20.1682,20.4531,21.0838,20.1303,20.2069,20.2873,20.898,22.2454,20.4401,20.3075,20.5432,20.4848,20.803,19.5712,20.2445,20.1544,20.7618,21.449
419,2:43:55 PM,19.7507,19.8442,19.7679,20.0511,20.3968,20.4982,20.258,20.5089,20.8807,20.8068,20.4962,20.4429,20.3665,20.4087,20.5306,20.4587,20.7708,20.7454,20.7317,21.2156,20.7557,20.6346,20.531,20.186,20.5935,19.9951,20.1357,19.7811,19.8729,20.2141,20.7039,20.3787,20.781,20.8807,21.3971,20.728,20.7262,20.4702,20.4322,20.7085,20.7232,20.7933,20.6158,21.2298,21.3689,20.9139,21.0112,21.0112,20.6884,20.9174,19.9883,19.6504,19.6765,19.7166,20.6875,20.1114,20.4794,20.6543,20.8962,21.2192,20.4517,20.4388,20.2518,20.8276,21.3548,20.7168,20.3955,20.1702,20.492,21.2489,20.0106,20.5354,20.6424,20.5726,20.5622,19.6404,19.5662,19.7102,20.1032,20.4304,20.6666,19.6451,19.6928,19.4018,20.7197,19.7932,20.1156,20.7846,21.1338,22.1843,19.6228,19.7008,19.6785,20.5536,21.7515,19.6887,19.7299,20.0319,20.0475,19.8897,19.954,20.0791,20.1982,20.3362,20.7425,19.8017,20.3145,20.4269,20.9514,22.8608,20.2777,20.193,20.3153,20.5645,20.632,19.8242,20.3062,20.2123,20.6948,21.2051
420,2:44:15 PM,19.8441,19.9189,19.7651,20.1126,20.4709,20.266,20.2563,20.6907,20.9227,20.8309,20.5675,20.4297,20.1939,20.255,20.3126,20.5704,20.8213,20.6096,20.8501,21.1756,20.6588,20.4792,20.724,20.1567,20.5928,20.032,20.1161,19.7676,19.7921,20.2104,20.5483,20.3666,20.8588,20.9482,21.3159,20.8185,20.6119,20.5521,20.4159,20.5602,20.7607,20.7643,20.8891,21.0869,21.5088,20.9734,21.0371,20.8863,20.5952,20.917,19.8768,19.4834,19.7406,19.87,20.681,19.9858,20.5766,20.6902,20.7129,20.9681,20.6108,20.3613,20.376,20.7566,21.3576,20.5846,20.3228,20.0921,20.543,21.1176,20.2071,20.6037,20.5883,20.6982,21.004,19.7819,19.3111,19.8092,20.4026,20.5773,20.5026,19.6749,20.0437,19.4834,20.6699,19.8197,19.952,20.449,20.7373,22.2166,19.4899,19.5646,19.7712,20.5469,21.7068,19.8518,19.7229,20.0981,19.8182,19.9693,19.9337,19.9583,20.0684,20.2855,20.8261,19.8126,20.0884,20.375,21.2216,22.731,20.2532,19.9186,20.4331,20.6018,20.63,19.7845,20.2873,20.5245,20.6377,21.2339
421,2:44:35 PM,19.8806,19.967,19.8473,20.1418,20.4417,20.2641,20.3012,20.6989,20.9071,20.707,20.5058,20.256,20.1219,20.3521,20.351,20.3263,20.7118,20.8002,20.7659,21.132,20.6672,20.6309,20.6913,20.2884,20.6428,19.7614,20.0553,19.7468,20.0816,20.4267,20.5102,20.5885,20.7874,20.8616,21.3774,20.6139,20.6877,20.4359,20.234,20.4078,20.6981,20.8832,20.931,21.2314,21.4285,21.0396,21.0635,20.9266,20.5223,20.5679,19.8481,19.5375,19.8269,19.5853,20.6006,19.9169,20.5117,20.7198,20.8804,21.0066,20.6517,20.5144,20.2366,20.728,21.2328,20.633,20.3189,20.2716,20.7385,21.2406,20.0294,20.6849,20.6503,20.6255,20.8477,19.6779,19.5718,19.7949,20.3935,20.5669,20.5837,19.6401,20.3625,19.5796,20.5253,19.9928,20.1746,20.9001,21.1298,21.8953,19.5513,19.7757,19.7992,20.6958,21.6331,19.727,19.7498,20.0294,19.8863,19.9447,20.0035,20.0135,20.2432,20.3448,21.805,19.808,20.1202,20.4172,21.4028,22.4455,20.5111,20.2355,20.3716,20.7266,20.8391,19.8218,20.3324,20.7169,20.7944,21.1309
422,2:44:55 PM,19.9532,20.0543,19.8643,20.0919,20.4627,20.4588,20.2515,20.5822,20.9566,20.7258,20.5488,20.4928,20.1888,20.4773,20.4938,20.5833,20.7306,20.784,20.8689,21.2703,20.6747,20.3343,20.7764,20.5264,20.7075,19.8904,20.0407,19.8269,19.899,20.1356,20.5052,20.2839,20.8632,20.8375,21.3793,20.6779,20.6558,20.7471,20.3318,20.5382,20.7416,20.7025,20.677,21.2935,21.6375,20.8606,21.1,20.9423,20.5565,20.7228,19.9136,19.3303,19.6404,19.872,20.804,20.0257,20.4562,20.5551,20.7651,21.1197,20.4406,20.5175,20.2064,20.5972,21.6036,20.5645,20.263,20.0313,20.5066,21.2793,19.5195,20.3606,20.6241,20.6545,21.0165,19.6749,19.497,19.986,20.0763,20.2934,20.5193,19.6196,20.4539,19.5651,20.735,19.9426,20.1441,20.98,21.1363,22.768,19.4916,19.5194,19.6215,20.8609,21.7457,19.7848,19.7342,20.1039,19.6914,19.8046,20.0393,20.0282,20.1361,20.4512,21.0068,19.9013,20.1754,20.2846,20.7843,21.6829,20.4352,20.1545,20.507,20.3544,21.0814,19.8102,20.274,20.6666,20.9698,21.221
423,2:45:15 PM,19.7968,19.96,19.8129,20.0607,20.3085,20.4017,20.1773,20.5582,20.6155,20.8029,20.3981,20.3985,20.255,20.2582,20.3311,20.5852,20.7801,20.8902,20.9158,21.1277,20.8226,20.6019,20.7473,20.4377,20.8153,19.8139,20.0739,19.8771,20.0386,20.3114,20.6145,20.493,20.6901,20.8977,21.1853,20.74,20.506,20.4759,20.602,20.926,20.5865,20.6182,20.7487,21.234,21.426,20.8202,20.9789,21.0733,20.5326,20.9233,19.6472,19.679,19.7772,19.8377,20.7813,20.1732,20.3987,20.6776,20.8466,21.1941,20.4585,20.5203,20.3418,20.9814,21.3896,20.4006,20.2623,20.0454,20.5203,21.1747,19.6392,20.3309,20.5851,20.5982,20.7948,19.7734,19.6782,19.8817,20.1131,20.6087,20.552,19.5177,20.1694,19.8054,20.7201,19.829,20.0614,21.0231,21.1838,22.3313,19.3808,19.5855,19.4947,20.4878,21.3642,19.7553,19.7581,20.0984,19.9503,19.7928,19.9295,19.9189,20.3677,20.2784,21.2325,19.9824,20.327,20.3885,20.9652,22.1452,20.5283,20.2827,20.5226,20.5438,20.8063,19.6783,20.3286,20.2338,21.0452,21.264
424,2:45:35 PM,19.8079,19.8433,19.8952,20.152,20.4774,20.3625,20.2666,20.7645,20.8736,20.8878,20.3221,20.4581,20.2758,20.369,20.417,20.491,20.6328,20.7725,20.9222,21.2851,20.6557,20.3835,20.4525,20.299,20.7692,19.7282,20.0297,19.9348,20.0018,20.1455,20.9032,20.4481,20.947,20.896,21.4097,20.7464,20.6382,20.5417,20.3913,20.6061,20.8671,20.7364,20.7775,21.2681,21.3509,20.9307,21.1398,21.1207,20.4687,20.8722,19.7367,19.4029,19.6096,19.7504,20.6556,19.9028,20.319,20.7135,20.9055,21.2361,20.4438,20.3516,20.1117,20.9483,21.6232,20.5989,20.1297,19.8921,20.5485,21.1314,19.8576,20.5458,20.6297,20.693,20.8231,19.4569,19.6302,19.9231,20.2478,20.6114,20.6581,19.8315,20.3661,19.6005,20.9791,19.8098,19.9226,20.8554,21.4949,22.0118,19.3581,19.4081,19.5193,20.6009,21.5798,19.6791,19.683,19.8654,20.1833,20.5937,20.003,20.0768,20.1847,20.2553,20.8885,20.0198,20.186,20.4114,21.108,22.2369,20.2118,20.1012,20.5254,20.3865,20.5462,20.0376,20.5144,20.4537,20.7559,21.2569
425,2:45:55 PM,19.8056,19.7688,19.769,20.1716,20.3497,20.382,20.2248,20.6032,20.693,20.842,20.5087,20.5198,20.3494,20.4875,20.8476,20.6413,20.7153,20.723,20.7983,21.643,20.6374,20.6654,20.8768,20.5469,20.785,19.7923,19.829,19.5605,19.8386,20.2155,20.5688,20.3517,20.5881,20.7937,21.4542,20.4723,20.4745,20.5089,20.6171,20.9216,20.8851,20.6417,20.9006,21.134,21.5262,20.8449,20.9792,21.0021,20.582,20.9402,19.531,19.5484,19.5544,19.7909,20.8244,19.9568,20.321,20.4823,20.8186,20.6527,20.3716,20.3931,20.3465,20.9559,21.5238,20.5308,20.434,20.0043,20.5581,21.029,19.8996,20.4403,20.5947,20.5898,20.8629,19.5755,19.5789,19.7553,20.0642,20.4675,20.5569,19.7675,19.804,19.6206,20.7907,19.7678,20.0193,20.8003,21.1309,22.1428,19.3795,19.509,19.7817,20.5609,21.8161,19.6903,19.7421,20.167,20.144,20.3347,19.9078,20.045,20.285,20.4037,21.2376,19.9378,20.3308,20.3823,21.3954,22.533,20.3395,19.8323,20.2821,20.569,20.466,19.6867,20.0743,20.3595,20.8005,21.089
426,2:46:15 PM,19.7926,19.7691,19.7351,20.0269,20.4681,20.227,20.3241,20.5396,20.837,20.8558,20.4537,20.6739,20.4273,20.695,20.7951,20.6092,20.6331,20.7507,20.9226,21.3192,20.6119,20.401,20.4773,20.579,20.8603,19.859,20.0628,19.7313,19.7984,20.4764,20.7374,20.3575,20.6764,20.8257,21.4482,20.6216,20.55,20.5613,20.7616,21.0141,20.7894,20.6054,20.8844,21.2669,21.5188,20.8473,21.1441,20.9706,20.5224,20.8887,19.7311,19.523,19.6044,19.6671,20.732,20.0622,20.4645,20.5938,20.8643,21.3011,20.3535,20.4159,20.2515,20.9055,21.7889,20.5353,20.2169,20.0973,20.4079,20.9327,19.7058,20.3908,20.601,20.6441,20.8251,19.5173,19.5858,19.6492,20.103,20.6216,20.5627,19.7203,20.4324,19.68,21.1108,19.774,20.2441,20.8567,21.4054,22.5972,19.5283,19.4501,19.7199,20.6037,21.6818,19.6768,19.8136,20.2388,20.0219,19.8102,19.9032,19.8927,20.2161,20.3275,21.5305,19.9209,20.0707,20.3515,21.0288,22.4358,20.2615,19.815,20.4156,20.3488,20.6519,19.6254,20.1889,20.2845,20.688,21.0871
427,2:46:35 PM,19.6937,19.763,19.8331,20.0093,20.3856,20.2529,20.2595,20.3991,20.6683,20.6614,20.3931,20.4404,20.1746,20.6352,20.795,20.577,20.7578,20.8675,20.8311,21.3913,20.4843,20.5342,20.7484,20.6198,20.7124,19.7723,19.9518,19.8532,19.767,20.273,20.7357,20.3201,20.4345,21.0714,21.4074,20.6507,20.5885,20.5964,20.7091,21.1079,20.6755,20.6644,20.9576,21.1387,21.3441,20.8491,21.2185,21.0371,20.5597,20.9116,19.8258,19.4166,19.5543,19.8213,20.7307,20.1539,20.4885,20.648,20.7323,21.328,20.428,20.4366,20.1437,20.7993,21.596,20.5518,20.3327,20.11,20.5234,21.39,20.0527,20.5516,20.5285,20.5692,21.0231,19.5501,19.4467,19.7546,20.1258,20.5378,20.5956,19.8545,20.2906,19.9586,21.1622,19.9754,20.0603,20.6283,21.1755,22.459,19.5285,19.4137,19.7994,20.6802,21.6558,19.7088,19.7117,20.0295,20.0854,20.302,19.8038,20.0828,20.302,20.1151,21.2344,19.8561,20.0931,20.2743,21.1333,22.7492,20.3222,20.1336,20.5669,20.5345,20.5383,19.6511,20.1467,20.4822,20.7928,21.239
428,2:46:55 PM,19.7262,19.9841,19.7568,19.8655,20.3949,20.4482,20.3788,20.4065,20.5004,20.8401,20.4127,20.3711,20.3984,20.4885,20.5818,20.6355,20.8371,20.6627,20.8907,21.3719,20.6043,20.7627,20.644,20.6996,20.8452,19.8966,19.9232,19.8902,19.9424,20.395,20.6303,20.4847,20.7068,20.801,21.3904,20.6614,20.6272,20.503,20.4414,20.6356,20.7717,20.6665,20.8408,21.1709,21.6338,20.9477,21.1448,20.9938,20.5045,20.892,19.8983,19.5705,19.6275,19.6612,20.7817,19.7142,20.3034,20.6847,21.0079,21.1568,20.363,20.389,20.2959,20.7337,21.3076,20.4106,20.2068,19.9897,20.5424,21.0185,20.0336,20.6293,20.8182,20.5845,20.8697,19.8054,19.563,19.8569,20.2816,20.6259,20.554,19.5436,19.7527,19.515,20.9661,19.8231,20.1433,20.6661,20.8604,21.8904,19.3864,19.5242,19.6776,20.481,21.8287,19.732,19.6097,20.1999,20.0597,19.9657,20.0828,19.9319,20.2544,20.2234,20.8982,19.9165,20.295,20.2559,21.0254,22.2224,20.4568,19.9892,20.3927,20.5574,20.3119,19.6412,20.2435,20.5238,20.9757,21.4086
429,2:47:15 PM,19.7832,19.9038,19.6173,20.0457,20.3602,20.3568,20.1664,20.482,20.8412,20.4464,20.1781,20.3328,20.2732,20.5264,20.8,20.3972,20.7466,20.6796,20.8806,21.5028,20.5473,20.4223,20.696,20.1399,20.9454,19.9222,19.913,19.8502,20.0151,20.1853,20.4212,20.308,20.7458,20.9758,21.18,20.6751,20.4979,20.6292,20.6372,20.8131,20.6691,20.7738,20.8386,21.1807,21.5795,20.7882,21.0884,21.0124,20.5793,20.7953,19.9243,19.5203,19.8137,19.739,20.7508,20.0092,20.4092,20.7123,20.7548,21.4634,20.4393,20.4847,20.1797,20.8797,21.5954,20.6256,20.2562,20.0419,20.4073,21.1867,20.1986,20.4315,20.689,20.577,21.0993,19.6583,19.6143,19.8538,20.4382,20.4896,20.5153,19.7686,20.3486,19.7825,21.0962,19.8454,20.1432,20.6026,21.0855,22.0278,19.3565,19.4149,19.8237,20.694,21.6376,19.6404,19.7414,20.1298,19.9567,20.0521,19.9652,19.9966,20.2425,20.2077,21.3269,20.0303,20.4107,20.5801,20.9998,21.74,20.4064,20.2633,20.4702,20.5217,20.6253,19.6228,20.2002,20.6068,20.918,21.0713
430,2:47:35 PM,19.8271,19.7414,19.8705,20.3442,20.4096,20.4357,20.3779,20.7739,20.8248,20.5781,20.4535,20.3447,20.1886,20.5023,20.7278,20.5065,20.7016,20.6293,20.9314,21.4912,20.5471,20.4182,20.6718,20.4574,21.0007,19.8923,20.0016,19.8615,20.0018,20.3707,20.8147,20.4072,20.6441,20.9785,21.4328,20.677,20.5711,20.461,20.1621,20.7039,20.6995,20.7364,20.8245,21.0801,21.6616,20.8028,20.9194,20.8487,20.7755,20.8176,19.9146,19.4173,19.7547,19.8936,20.5905,20.0724,20.4208,20.6528,20.8157,21.1267,20.5845,20.4373,20.1261,20.7983,21.6584,20.5185,20.1664,19.8734,20.4051,21.1203,19.9866,20.5134,20.761,20.6929,21.0505,19.6156,19.5672,19.9291,20.2786,20.5509,20.5609,19.6594,20.1993,19.4036,21.1436,19.8664,20.2014,20.5445,21.1095,22.097,19.5274,19.4646,19.515,20.8282,21.7291,19.7355,19.9065,20.2367,20.0613,20.6633,19.9739,20.0126,20.2477,20.2772,21.1836,20.1158,20.2349,20.3818,20.9937,22.4638,20.1512,19.9342,20.391,20.3149,20.7126,19.5861,20.071,20.4663,20.9434,21.0991
431,2:47:55 PM,19.7386,19.6767,19.5872,20.2511,20.4776,20.3955,20.2715,20.6121,20.9165,20.6463,20.4364,20.3203,20.2607,20.3218,20.4433,20.384,20.6532,20.7814,20.957,21.2864,20.5304,20.561,20.6707,20.7872,20.9869,19.7644,19.9372,20.0235,20.0141,20.3085,20.724,20.3673,20.763,21.0806,21.437,20.7579,20.4856,20.6127,20.5403,20.6412,20.6432,20.682,20.7232,21.2528,21.6099,20.8565,20.9868,20.8837,20.6368,20.857,19.74,19.5251,19.7107,19.7601,20.8767,19.7118,20.2792,20.5371,20.7698,21.0947,20.4439,20.5007,20.3073,20.6117,21.3994,20.5771,20.2173,20.1231,20.2573,21.1326,20.0008,20.4979,20.6324,20.5763,20.5559,19.6697,19.5332,19.8857,20.0532,20.7772,20.5716,19.4881,19.951,19.604,21.2567,19.8178,20.0825,20.5029,21.013,22.3828,19.5447,19.5616,19.7014,20.5905,21.7115,19.8137,19.83,20.1781,19.9074,20.1566,19.932,19.8953,20.3885,20.3249,21.2999,19.7634,20.3267,20.5056,21.1572,22.6511,20.3359,19.912,20.2744,20.4475,20.2847,19.373,20.1437,20.1179,20.6951,21.1974
432,2:48:15 PM,19.8183,19.9665,19.7128,20.1055,20.452,20.2824,20.2487,20.8231,20.8885,20.6564,20.4667,20.5604,20.369,20.5747,20.7372,20.5257,20.6871,20.7884,20.8322,21.4067,20.6095,20.6321,20.6831,20.085,20.8143,19.8284,19.9812,19.8159,20.0819,20.5153,20.5176,20.3163,20.6624,20.8434,21.4034,20.5977,20.7756,20.6251,20.6963,21.0994,20.734,20.6567,20.6847,21.2673,21.5438,20.8381,20.9762,20.926,20.862,21.1033,19.7148,19.3883,19.7261,19.7494,20.8208,20.0755,20.3359,20.5949,20.8066,21.3096,20.4285,20.5817,20.4018,20.8227,21.61,20.7159,20.3725,20.0304,20.4974,21.1415,19.6031,20.3199,20.9239,20.8068,21.1911,19.6843,19.6001,19.7835,20.1353,20.6414,20.4155,19.792,20.2297,19.6558,20.8537,19.9861,20.2587,20.6142,21.2995,21.7185,19.4933,19.5456,19.507,20.4604,21.6785,19.51,19.8312,19.9791,19.8447,20.2172,19.9998,19.8941,20.3064,20.3158,20.9663,19.789,20.1561,20.4129,20.7747,22.0717,20.4449,19.9459,20.4276,20.4044,20.5754,19.4067,20.1752,20.5886,20.7386,21.2856
433,2:48:35 PM,19.922,19.8895,19.9444,20.2612,20.3631,20.3827,20.2781,20.5492,20.5386,20.6051,20.3012,20.551,20.0249,20.3291,20.8124,20.4379,20.6739,20.7829,20.8155,21.4786,20.6994,20.5552,20.6392,20.5923,21.092,19.7215,19.9055,19.6447,20.136,20.2494,20.7924,20.5276,20.7219,21.0007,21.3865,20.6711,20.3117,20.5622,20.5966,20.7939,20.641,20.6945,20.8329,21.2244,21.4248,20.882,21.0333,20.9808,20.7008,21.0955,19.9397,19.4455,19.6936,19.9106,20.5125,19.8713,20.4209,20.8026,20.9473,21.37,20.5253,20.3478,20.155,20.8012,21.5797,20.7478,20.3243,20.006,20.5562,21.1396,20.0289,20.4454,20.7601,20.6276,20.9915,19.7063,19.6016,19.8418,20.1314,20.3499,20.4588,19.5937,20.1636,19.5606,20.6736,20.0259,20.2629,20.8111,21.1074,22.3004,19.3395,19.4493,19.78,20.6354,21.7325,19.7461,19.7215,19.932,19.9967,20.109,19.9573,20.0042,20.375,20.2432,21.4874,19.7848,20.1258,20.4333,20.9922,22.3846,20.206,19.8473,20.2709,20.2869,20.3587,19.4457,20.1689,20.386,20.7089,21.2618
434,2:48:55 PM,19.8956,19.8513,20.0678,20.2408,20.5019,20.47,20.5552,20.7577,20.6714,20.6124,20.5678,20.4213,20.1254,20.3106,20.7566,20.4126,20.6298,20.6578,21.0256,21.2067,20.6658,20.57,20.6079,20.4186,21.0551,19.7602,19.9924,19.8828,20.1019,20.2502,20.4207,20.4449,20.7004,20.9109,21.4887,20.775,20.5262,20.3979,20.5349,20.38,20.771,20.6487,20.7176,21.3606,21.4381,20.7696,21.1034,20.982,20.4693,20.8724,19.6953,19.4204,19.6552,19.6946,20.6647,20.0539,20.1612,20.6602,21.0268,21.0015,20.3883,20.4028,20.2532,20.7526,21.4426,20.5242,20.2703,20.1104,20.5166,21.239,20.0043,20.42,20.6528,20.5297,20.9269,19.4899,19.6369,19.8523,19.9891,20.6161,20.5745,19.5993,19.8073,19.4819,20.7766,19.8515,20.334,20.879,20.9909,22.0841,19.4604,19.4867,19.7114,20.6064,21.552,19.9146,20.0048,20.1304,20.2111,20.2926,19.995,20.0641,20.3582,20.1813,21.3276,20.13,20.1266,20.221,21.1034,22.1764,20.2106,20.1364,20.4126,20.355,20.3991,19.9228,20.286,20.1773,20.6695,21.0549
435,2:49:15 PM,20.0376,19.7552,19.7592,20.2217,20.3417,20.4178,20.3012,20.7124,20.7856,20.7659,20.4935,20.2953,20.2891,20.321,20.6773,20.6628,20.728,20.6042,20.9487,21.4642,20.602,20.5742,20.803,20.6361,20.9597,19.7465,20.0458,19.7273,20.0947,20.3115,20.786,20.7333,20.6625,20.8791,21.4572,20.4554,20.4826,20.6605,20.4022,20.38,20.6613,20.887,20.8378,21.3126,21.7459,20.9863,20.9237,20.9628,20.6087,21.0675,19.7979,19.4302,19.6925,19.7919,20.6896,19.9533,20.3991,20.8272,20.8916,21.522,20.4958,20.4885,20.1867,20.6429,21.501,20.6263,20.1791,19.9404,20.4244,21.0665,19.9584,20.5238,20.7198,20.546,20.8128,19.6575,19.6218,19.8099,20.2318,20.383,20.4615,19.5391,20.0536,19.7201,20.9861,19.8155,19.9121,20.7024,20.6857,22.1601,19.4584,19.319,19.7222,20.5079,21.6254,19.7433,19.706,19.8522,20.0775,19.9129,20.0309,19.9515,20.3373,20.4169,21.0375,19.8566,20.0989,20.2982,20.9736,22.6104,20.3216,20.0411,20.4611,20.4336,20.1957,19.7521,20.025,20.5819,20.5354,20.898
436,2:49:35 PM,19.7852,19.779,19.5733,20.1696,20.4068,20.4262,20.3317,20.764,20.6905,20.7968,20.4436,20.5107,20.1398,20.4679,20.6013,20.4416,20.6693,20.6395,20.9133,21.2706,20.5255,20.5475,20.4727,20.3916,20.8734,19.7617,20.1814,19.7109,19.8509,20.3163,20.5911,20.497,20.908,21.0088,21.3542,20.5972,20.4275,20.4865,20.6035,20.7178,20.5848,20.7839,20.741,21.1651,21.5697,20.8063,21.0735,20.9312,20.5636,21.1378,19.7859,19.4433,19.7578,19.7405,20.7421,20.042,20.4425,20.6969,20.8725,20.8391,20.4063,20.4411,20.3203,20.7253,21.4105,20.4817,20.1667,20.1034,20.4323,21.3894,19.8135,20.3471,20.6402,20.6967,20.9243,19.6078,19.4874,19.951,19.9956,20.4757,20.5236,19.5273,19.9031,19.4438,20.6814,19.9457,20.0079,20.4924,20.7596,21.9976,19.6533,19.4321,19.4074,20.5589,21.6407,19.5222,19.5816,19.8999,19.7752,20.2853,19.9963,20.0232,20.3091,20.3586,21.4395,20.0663,20.2579,20.4394,20.702,22.635,20.4642,20.3496,20.4032,20.4806,20.4293,19.7933,20.3149,20.4462,20.7371,21.1784
437,2:49:55 PM,19.7392,19.7475,19.8056,20.1078,20.4346,20.4431,20.2326,20.6233,20.8467,20.6787,20.4906,20.2103,20.2689,20.305,20.6362,20.4914,20.5046,20.8382,20.8913,21.3781,20.5373,20.6924,20.5683,20.9928,20.8626,19.8877,20.1181,19.936,19.9542,20.1748,20.4266,20.3718,20.8483,21.106,21.5236,20.6525,20.6019,20.4756,20.2569,20.4559,20.6816,20.7852,20.8527,21.0411,21.5493,20.8258,21.0697,20.9176,20.6551,21.0368,19.7428,19.6088,19.6768,19.7899,20.5862,19.8443,20.4409,20.5451,20.9285,21.2178,20.3681,20.2919,20.2222,20.8268,21.8157,20.5558,20.4431,20.2272,20.4456,21.1995,19.9508,20.2573,20.5242,20.6605,21.039,19.6366,19.6411,20.0365,20.2437,20.6107,20.6224,19.5056,20.2024,19.5962,20.7321,19.9895,20.0778,20.6389,20.9766,22.4521,19.4548,19.5517,19.7202,20.512,21.7985,19.7053,19.7329,20.1817,20.0016,20.6218,20.1365,20.0213,20.2719,20.1519,22.0089,19.8527,20.1688,20.3751,20.9447,21.9255,20.3995,20.2333,20.6004,20.4256,20.0888,19.6454,20.0934,20.5516,20.8212,21.1595
438,2:50:15 PM,19.7345,19.9292,19.8171,20.1649,20.5636,20.4588,20.1976,20.5031,20.5529,20.5873,20.4279,20.3263,20.3641,20.4821,20.6105,20.4673,20.5802,20.7184,20.9247,21.4515,20.6435,20.6312,20.6312,20.3711,21.1134,19.7981,20.0335,19.868,20.1794,20.2838,20.8169,20.3868,20.6815,20.837,21.2403,20.7055,20.5348,20.669,20.4937,20.7837,20.4888,20.5317,20.7376,21.1623,21.5761,20.7942,20.9262,20.8896,20.5474,21.0641,19.7154,19.3814,19.6373,19.6646,20.652,19.9136,20.4129,20.7341,21.0253,21.0236,20.3974,20.4899,20.3228,20.7674,21.5835,20.5599,20.1539,20.1035,20.5035,21.0488,20.1498,20.3479,20.5783,20.5247,21.0037,19.5077,19.3939,19.8522,20.0881,20.6732,20.4965,19.4152,19.7806,19.4448,20.8719,19.8305,20.0274,20.5865,20.9015,22.5454,19.6159,19.3377,19.8284,20.4614,21.6131,19.5929,19.9434,20.0928,19.8689,19.9067,19.8654,20.0297,20.2093,20.2875,21.7498,19.9538,20.1807,20.3551,20.8724,22.7153,20.4449,20.5572,20.5209,20.4604,20.3937,19.6424,19.9345,20.4005,20.7938,21.3978
439,2:50:35 PM,19.7695,19.8681,19.6886,20.1477,20.7073,20.2961,20.2484,20.6871,20.6313,20.5386,20.4768,20.4434,20.1438,20.4766,20.7574,20.6637,20.7496,20.7288,20.9603,21.577,20.5254,20.3585,20.4004,20.4297,20.9573,19.8635,19.9909,19.8324,19.8967,20.2465,20.6998,20.5165,20.6689,20.8161,21.2638,20.627,20.5595,20.5337,20.5262,20.8445,20.6135,20.7631,20.7633,21.1617,21.6305,20.8885,21.0058,21.1003,20.5512,21.018,19.7347,19.5527,19.745,19.7914,20.7241,19.9794,20.4025,20.6748,21.0374,21.1549,20.4539,20.449,20.0813,20.8004,21.3779,20.549,20.2394,19.9412,20.3625,21.3659,20.3024,20.6076,20.7514,20.4623,21.1076,19.564,19.4561,19.8065,20.1904,20.5808,20.5443,19.5304,20.1241,19.5357,20.7882,19.8492,20.0302,20.6295,20.7936,22.385,19.5994,19.5917,19.7409,20.4784,21.78,19.7336,19.8939,20.0668,19.9061,19.7281,19.9756,19.9318,20.267,20.2648,20.982,19.863,20.2021,20.3712,20.7669,22.5386,20.2328,20.228,20.3462,20.3003,20.3478,19.5794,20.2004,20.4009,20.6332,21.142
440,2:50:55 PM,19.6141,19.904,19.8966,20.1799,20.4494,20.4087,20.157,20.3744,20.6358,20.5892,20.474,20.3444,20.3916,20.4501,20.7641,20.5241,20.6971,20.9327,20.8742,21.3811,20.6141,20.4491,20.3744,19.9775,21.0187,19.6648,19.9444,19.6208,20.0164,20.3763,20.4492,20.1669,20.6202,20.7729,21.4203,20.6653,20.4773,20.5973,20.5927,20.5952,20.6073,20.738,20.8265,21.1858,21.6571,21.0314,20.9468,21.0542,20.5812,20.9591,19.7646,19.4112,19.5517,19.8468,20.5477,19.8995,20.3503,20.7174,20.7979,21.2658,20.2621,20.3738,20.2584,20.715,21.3894,20.6186,20.3022,20.1028,20.3895,21.095,19.724,20.3982,20.6652,20.6758,20.8391,19.5823,19.5048,19.8463,20.1568,20.4927,20.6342,19.6495,20.0634,19.4667,20.6094,19.8807,19.8801,20.3716,20.7566,22.3532,19.3883,19.4413,19.615,20.2948,21.8191,19.7126,19.8486,20.1167,20.0258,20.4202,19.8024,19.8465,20.414,20.2148,22.0381,19.9534,20.1764,20.2785,21.0661,22.6104,20.2489,20.2267,20.2496,20.4493,20.2823,19.7853,20.2923,20.5925,20.8277,21.1298
441,2:51:15 PM,19.6564,19.7744,19.7259,20.2829,20.547,20.2666,20.2843,20.5337,20.6959,20.7145,20.4407,20.29,20.1768,20.5094,20.4496,20.4604,20.804,20.6823,20.9279,21.5151,20.5969,20.4374,20.6483,20.5928,21.0651,19.7796,19.9771,19.9062,19.9589,20.3086,20.5573,20.2112,20.5935,20.8648,21.4061,20.4733,20.4452,20.5609,20.4613,20.6643,20.6147,20.6791,20.5983,21.3296,21.6887,20.7902,20.9004,20.9865,20.603,20.9242,19.8033,19.5202,19.798,19.8252,20.6454,19.9755,20.345,20.8222,21.0361,21.2197,20.4589,20.3767,20.2775,20.7706,22.0591,20.8481,20.2716,20.0924,20.4675,21.0818,19.7786,20.3738,20.6801,20.3327,20.9932,19.5972,19.3578,19.8426,20.1245,20.5798,20.6381,19.5795,20.3641,19.5753,21.074,19.7665,19.9243,20.6812,21.1908,22.1953,19.3479,19.5061,19.5651,20.3111,21.6724,19.6734,19.541,20.1527,19.9239,20.1355,19.8435,19.8268,20.2238,20.2879,21.0591,19.7315,20.1128,20.3391,20.7629,22.6973,20.3865,20.1211,20.6071,20.405,19.9821,19.6589,20.1875,20.3625,20.7729,20.9529
442,2:51:35 PM,19.9482,19.7666,19.8268,20.0607,20.6266,20.2564,20.2274,20.513,20.6742,20.6791,20.4951,20.3328,20.1954,20.4554,20.7692,20.5276,20.6617,20.808,20.9256,21.4324,20.6459,20.3622,20.5091,20.5249,21.0498,19.8484,20.0756,19.7794,20.0145,20.2683,20.5764,20.4843,20.8207,20.7969,21.313,20.576,20.5309,20.4872,20.3386,20.6294,20.7199,20.7874,20.9995,21.3195,21.4926,20.8857,21.0299,20.8235,20.5758,20.9134,19.6654,19.4279,19.7349,19.831,20.5852,19.9321,20.2101,20.6551,20.8894,20.9378,20.1627,20.4098,20.0947,20.7057,21.3081,20.532,20.1659,20.1787,20.5558,21.0383,20.2288,20.2808,20.554,20.5978,20.9587,19.6433,19.5347,19.7053,20.1262,20.4353,20.5156,19.7831,20.0625,19.4738,20.9059,19.8248,20.0327,20.6574,21.0332,22.3627,19.3886,19.4988,19.851,20.6465,21.6709,19.7618,20.0449,20.1605,19.9809,20.031,19.8437,19.9442,20.1016,20.2508,20.9514,19.9182,20.2198,20.5696,20.6025,22.4586,20.3038,20.1852,20.3416,20.4296,20.5215,19.7328,20.1527,20.4342,20.682,21.0376
443,2:51:55 PM,19.5665,19.6853,20.0401,20.1976,20.5052,20.473,20.6098,20.5687,20.6859,20.5335,20.4967,20.456,20.1845,20.3297,20.5678,20.436,20.5738,20.6298,20.8528,21.4043,20.4769,20.3115,20.6983,20.4243,20.7369,19.8642,20.016,19.8276,20.1305,20.28,20.6255,20.469,20.7632,20.842,21.2764,20.6382,20.4269,20.6621,20.2988,20.4702,20.6204,20.6466,21.0088,21.0955,21.5269,20.7324,21.0761,20.8591,20.5061,21.0783,19.6297,19.512,19.7262,19.5565,20.6484,20.2615,20.5022,20.7083,20.927,21.1704,20.3944,20.5205,20.3086,20.8769,21.3341,20.6228,20.3526,20.041,20.5086,21.044,19.9705,20.5457,20.6824,20.708,21.076,19.7019,19.6455,19.7863,20.1462,20.5452,20.5007,19.6958,20.168,19.5808,20.8812,19.9126,20.1564,20.8531,21.1986,22.2641,19.5075,19.4673,19.6739,20.658,21.7479,19.5706,19.9321,20.2359,19.9413,19.9209,20.0304,20.0684,20.1752,20.1748,21.2473,20.0056,20.2024,20.4204,20.8364,22.7053,20.4635,20.2124,20.5493,20.3714,20.3754,19.6117,20.0016,20.1133,20.966,21.2747
444,2:52:15 PM,19.7624,19.8009,19.474,20.1499,20.3499,20.2895,20.3805,20.6692,20.8492,20.5792,20.3655,20.3679,20.1207,20.1725,20.4205,20.3867,20.5562,20.5179,20.8312,21.3212,20.6392,20.464,20.629,20.2281,20.9166,19.7644,19.8132,19.7897,19.8945,20.3074,20.7886,20.3833,20.7248,20.9059,21.4892,20.6234,20.5034,20.4388,20.2241,20.4557,20.7622,20.7467,20.8739,21.1286,21.5841,20.8169,21.0699,21.0448,20.6097,20.7555,19.877,19.3571,19.7737,19.7358,20.7283,19.9733,20.2937,20.5913,20.7239,21.0504,20.4976,20.312,20.1209,20.6718,21.5362,20.6967,20.2528,20.0516,20.4704,21.0432,19.9048,20.3053,20.6756,20.7798,20.71,19.5016,19.4889,19.6971,20.0679,20.7671,20.5767,19.6448,19.6945,19.5158,20.6182,19.6666,20.1184,20.5445,21.3106,22.0213,19.4674,19.4628,19.6628,20.5201,21.5047,19.5855,19.8023,20.1724,20.0478,20.1456,19.9153,19.9381,20.2735,20.2836,20.728,19.8922,20.2364,20.4629,20.7299,21.6881,20.1899,19.9896,20.2939,20.4486,20.3901,19.7043,20.1703,20.5318,20.908,21.0747
445,2:52:35 PM,19.6847,19.9252,19.9875,20.254,20.4222,20.3954,20.1629,20.8402,20.8807,20.8259,20.2669,20.2627,20.1663,20.1325,20.4248,20.3965,20.6383,20.6401,20.8655,21.463,20.6653,20.3242,20.4363,20.4864,20.8544,19.8834,19.873,19.7812,19.9143,20.2901,20.8364,20.4419,20.7586,20.7229,21.4239,20.4729,20.56,20.4471,20.4241,20.5318,20.7139,20.7388,20.8479,21.1807,21.6431,20.7034,20.9655,20.9399,20.6052,20.9735,19.7073,19.4628,19.7801,19.6235,20.5794,20.1483,20.3973,20.647,20.9792,20.9212,20.3127,20.4474,20.1966,20.6679,21.654,20.545,20.1775,20.0433,20.4628,21.2116,20.2617,20.4993,20.7039,20.6423,20.8893,19.6052,19.5656,19.936,20.371,20.4967,20.4554,19.4103,19.945,19.5632,20.9356,19.6522,19.9571,20.5385,20.8815,22.0392,19.3508,19.3535,19.805,20.5924,21.6113,19.67,19.7503,20.0402,19.9453,19.8516,19.8538,19.9415,20.1839,20.3585,21.3438,19.9484,20.2717,20.2868,20.7592,22.5716,20.3273,19.8343,20.4348,20.2761,20.7348,19.7074,20.0977,20.4007,20.9862,21.154
446,2:52:55 PM,19.9463,19.7831,19.7003,19.8837,20.5252,20.4476,20.5987,20.6442,20.9088,20.6613,20.4035,20.3071,20.3118,20.401,20.3329,20.6224,20.7463,20.7924,20.9837,21.4587,20.5196,20.3592,20.5809,20.2815,20.9489,19.6949,19.9936,19.7847,19.7248,20.3696,20.7975,20.5416,20.9874,20.7924,21.3904,20.6399,20.5617,20.5131,20.2379,20.5618,20.7029,20.6894,20.7447,21.2168,21.4985,20.8215,21.0174,20.9106,20.5539,20.667,19.7364,19.4343,19.7486,19.6214,20.6232,19.883,20.2983,20.6055,20.9574,20.8973,20.3549,20.4037,20.2061,20.6192,21.3784,20.6162,20.1863,20.0742,20.4845,21.0695,19.7387,20.4055,20.597,20.5313,20.8646,19.5209,19.5766,19.7982,20.0642,20.7786,20.3987,19.5629,19.8092,19.5509,20.6822,19.8088,19.9193,20.7311,20.9815,22.0327,19.4564,19.4399,19.6038,20.673,21.7261,19.6533,19.6402,19.9377,19.9869,19.9541,19.8585,19.9114,20.3512,20.1802,21.1123,19.9472,20.1807,20.2789,20.8377,21.6513,20.3442,20.0563,20.4734,20.3487,20.6535,19.6292,20.0801,20.6102,20.8251,21.2635
447,2:53:15 PM,19.8899,19.8788,19.755,20.0049,20.4974,20.3669,20.1324,20.585,20.8746,20.7301,20.5051,20.3608,20.1179,20.3498,20.8075,20.3284,20.6783,20.6194,20.7029,21.2323,20.5063,20.4858,20.698,20.4659,20.995,19.8674,20.0219,19.701,19.8962,20.0585,20.8283,20.4461,20.8433,20.8499,21.4041,20.6509,20.2761,20.534,20.2537,20.9703,20.6392,20.766,20.9338,21.2457,21.4242,20.9117,20.9074,20.8462,20.6439,20.8106,19.7907,19.4981,19.6621,19.8617,20.6611,20.0249,20.3998,20.7808,21.0361,21.0923,20.5062,20.4288,20.0891,20.5263,21.6528,20.6063,20.2615,19.9921,20.5843,21.1939,19.8378,20.5329,20.7003,20.5861,20.9845,19.6601,19.444,19.9709,20.2318,20.5687,20.2679,19.6318,20.066,19.6004,21.0503,19.9138,20.1265,20.6171,21.0282,22.404,19.4685,19.4803,19.7262,20.2917,21.7911,19.7631,19.7182,19.9978,19.7815,20.1599,19.9742,20.0055,20.1947,20.2485,21.0363,19.9979,20.3002,20.2693,20.8001,21.9116,20.3744,20.168,20.4478,20.3276,20.6734,19.5697,19.8822,20.4168,20.8604,21.0957
448,2:53:35 PM,19.8374,19.847,19.7246,20.0023,20.6075,20.4048,20.2022,20.7065,20.8357,20.6295,20.4889,20.3739,20.3526,20.5359,20.8527,20.5086,20.6147,20.6876,20.9297,21.4999,20.6705,20.5888,20.5866,20.3987,21.1169,19.8481,19.804,19.6005,19.6943,20.0876,20.5689,20.2969,20.9309,20.5366,21.3922,20.5246,20.5364,20.3782,20.5278,20.9772,20.6379,20.6274,20.5657,21.1481,21.6136,20.7994,20.9593,20.8912,20.6531,20.8974,19.7535,19.4692,19.6586,19.739,20.579,19.7319,20.3788,20.6908,20.9851,21.125,20.3504,20.2828,20.2802,20.7183,21.3875,20.5276,20.2957,20.0196,20.435,21.1187,20.0636,20.3285,20.8099,20.4737,20.8563,19.6111,19.524,19.836,20.2712,20.5425,20.5085,19.6893,20.1846,19.558,20.5363,19.6553,19.9408,20.7328,20.7474,22.4682,19.4972,19.5567,19.9337,20.5565,21.5968,19.7692,19.6421,19.7812,19.9817,20.411,19.9825,19.9786,20.3299,20.2658,21.2266,19.7245,20.2038,20.5777,21.1233,22.6094,20.2292,20.0125,20.429,20.1741,20.7339,19.5466,20.1845,20.5611,20.8738,21.0789
449,2:53:55 PM,19.7888,19.741,19.7575,20.1046,20.4995,20.4315,20.4441,20.5312,20.8306,20.5245,20.6237,20.4166,20.3787,20.6367,20.6751,20.2805,20.624,20.7631,20.8957,21.5331,20.6437,20.6259,20.3942,20.4793,20.9541,19.7782,20.025,19.7149,19.9547,20.4185,20.4299,20.3344,20.7741,21.0004,21.2261,20.428,20.5284,20.5706,20.6588,21.0138,20.7493,20.7036,20.7999,21.0904,21.5793,20.8186,21.2316,20.9626,20.6653,20.8655,19.7151,19.4008,19.7107,19.7518,20.6407,20.0132,20.435,20.6561,20.8833,21.1271,20.4328,20.4919,20.4665,20.7466,21.5413,20.3844,20.1703,20.2123,20.3254,21.1945,19.816,20.2298,20.5827,20.51,20.9504,19.7432,19.6583,19.7057,20.079,20.4279,20.4625,19.6849,20.3673,19.5903,20.9225,20.0365,20.1524,20.8733,21.1733,22.0256,19.5004,19.5337,19.6002,20.6088,21.5137,19.6125,19.8483,20.0649,19.7177,20.0576,20.0855,20.1736,20.2049,20.3475,20.8947,20.24,20.0047,20.3204,21.3327,22.501,20.2737,20.1422,20.3274,20.6472,20.7757,19.7517,20.0003,20.5163,20.6609,20.9488
450,2:54:15 PM,19.7338,19.8823,19.8011,20.1778,20.5772,20.338,20.2623,20.5478,20.7906,20.4915,20.6352,20.456,20.1973,20.5611,20.7114,20.469,20.7236,20.7298,20.9189,21.5201,20.8015,20.6079,20.5658,20.3628,20.816,19.5361,20.0642,19.7712,19.9284,20.2391,20.6583,20.3023,20.7077,20.9275,21.4425,20.5081,20.4908,20.6927,20.5889,21.3226,20.7719,20.7904,20.8432,21.1254,21.5911,20.7359,20.9747,20.9918,20.6235,20.8577,19.8556,19.5339,19.8293,19.7832,20.6062,19.8731,20.4645,20.7238,20.9404,21.2941,20.5335,20.4198,20.2036,21.0058,21.4896,20.7986,20.1635,20.03,20.5362,21.1396,20.0259,20.3987,20.5459,20.4775,20.6945,19.5625,19.3945,19.7588,20.1103,20.7039,20.4909,19.5523,20.3158,19.7272,21.2516,19.8648,19.9811,20.6119,20.9113,22.1835,19.4579,19.5749,19.6659,21.0618,21.6698,19.8032,19.8847,20.0933,19.905,20.0073,19.8935,19.9552,20.1958,20.3085,20.9784,19.8361,20.1643,20.5504,20.8981,22.8418,20.3754,20.1324,20.4298,20.4283,20.3621,19.4633,19.9895,20.775,20.9618,21.2388
451,2:54:35 PM,19.6301,19.8486,19.7027,20.1311,20.3972,20.3884,20.3025,20.5538,20.6091,20.7227,20.5128,20.426,20.298,20.4337,20.7392,20.4234,20.5462,20.7361,20.9905,21.1913,20.538,20.6281,20.5876,20.2766,20.9242,19.5703,19.9762,19.7251,19.9388,20.1776,20.5234,20.378,20.5763,20.802,21.3438,20.7997,20.3839,20.6841,20.3412,20.6032,20.6311,20.8184,20.7737,21.3339,21.5586,20.907,21.0956,21.0153,20.6448,20.8182,19.701,19.4993,19.6559,19.7238,20.6656,19.9565,20.425,20.5631,20.776,20.8388,20.6672,20.3382,20.236,20.7301,21.4702,20.6025,20.3538,20.114,20.483,21.1598,20.0795,20.6532,20.6845,20.4227,20.9973,19.6554,19.3283,19.8043,20.2029,20.4812,20.5819,19.6994,20.0924,19.7293,20.7842,19.6839,20.0778,20.6022,20.9357,22.3034,19.3366,19.4548,19.4337,20.7192,21.7537,19.7596,19.7173,20.1992,19.9809,20.1334,19.9678,19.9848,20.2893,20.2131,20.9196,19.7285,20.2559,20.4371,21.0855,22.6294,20.2472,19.9425,20.6291,20.4896,20.5074,19.7726,20.1302,20.3094,20.6795,21.346
452,2:54:55 PM,19.6108,19.8836,19.8101,20.0038,20.2441,20.4007,20.173,20.5967,20.605,20.3566,20.4944,20.3431,20.2503,20.1806,20.8223,20.5235,20.7355,20.7592,20.9592,21.3873,20.8616,20.397,20.5155,20.4813,21.0359,19.6397,19.8534,19.6277,19.7968,20.3812,20.7469,20.4587,20.7122,20.987,21.4618,20.6621,20.499,20.5065,20.4945,20.6002,20.7458,20.5508,20.7036,21.2739,21.5706,20.9317,21.0646,20.9346,20.7806,20.9087,19.6556,19.515,19.6465,19.6391,20.5577,19.9031,20.2731,20.7924,20.6755,20.9669,20.4976,20.4527,20.1661,20.7627,21.3592,20.4052,20.2067,20.0437,20.3309,21.2519,20.0425,20.4611,20.7829,20.6573,20.9802,19.6679,19.5056,19.8732,20.1241,20.5077,20.4365,19.4158,19.9926,19.5405,21.0239,19.8077,20.0851,20.7389,20.921,22.0205,19.4982,19.4853,19.7567,20.3904,21.7369,19.75,19.826,20.0524,20.0437,19.8821,19.7984,19.9523,20.1532,20.1276,21.5063,19.8553,20.117,20.2404,20.8607,22.6048,20.3249,19.9917,20.3533,20.5298,20.9681,19.7335,20.1109,20.3586,20.8067,21.1846
453,2:55:15 PM,19.7075,19.6764,19.8495,20.0851,20.4431,20.2954,20.4058,20.5473,20.7539,20.6157,20.4648,20.3489,20.2093,20.2522,20.6076,20.4917,20.602,20.7469,21.0283,21.3227,20.8563,20.6598,20.6697,20.3512,20.7331,19.6256,19.8215,19.6308,20.1492,20.2151,20.4394,20.5653,20.9327,20.9692,21.4807,20.6283,20.5338,20.4955,20.615,20.7567,20.7867,20.7454,20.7372,21.1767,21.6263,20.8961,20.9534,21.0496,20.6565,20.9418,19.6391,19.4346,19.7015,19.5494,20.665,20.0347,20.2571,20.7519,20.7562,21.1947,20.6896,20.5098,20.1722,20.6749,21.3772,20.7338,20.4711,19.9053,20.4773,21.4579,20.2382,20.5316,20.7131,20.6474,20.8281,19.5598,19.3252,19.8653,20.1494,20.6645,20.4401,19.4995,19.9173,19.4672,21.107,19.7067,20.0114,20.622,20.8112,22.1731,19.3931,19.4742,19.8766,20.5341,21.8913,19.771,20.0333,20.0341,19.7139,19.8143,19.9743,20.0534,20.2215,20.1668,21.1464,19.9615,20.1107,20.4885,21.0517,22.796,20.2224,19.8758,20.5863,20.5458,20.5748,19.7162,20.117,20.5577,20.665,21.0919
454,2:55:35 PM,19.5831,19.5324,19.8239,20.3046,20.6279,20.3478,20.2342,20.6421,20.6169,20.6294,20.4954,20.3717,20.0752,20.4183,20.8691,20.4565,20.555,20.6082,20.7298,21.2144,20.712,20.5842,20.7121,20.5711,21.0592,19.7426,19.9395,19.702,20.0264,20.1678,20.3654,20.4754,20.7154,20.9601,21.2334,20.5299,20.486,20.4881,20.5886,20.8446,20.6836,20.5962,20.8734,21.0865,21.6687,20.9655,21.0085,20.974,20.6862,21.0641,19.8121,19.5486,19.9113,19.5239,20.4965,19.7504,20.1328,20.6468,20.6888,20.7393,20.5929,20.4675,20.1539,20.7323,21.4519,20.7408,20.1914,20.1177,20.4142,21.2119,20.1603,20.352,20.6742,20.8551,20.8556,19.4241,19.5616,19.7766,20.2314,20.5386,20.5434,19.4741,20.2183,19.5248,20.8406,19.8447,20.0535,20.6833,20.6824,22.0019,19.3467,19.6074,19.7559,20.5164,21.7803,19.878,20.0801,20.1217,20.0415,20.3454,19.9982,20.0491,20.146,20.3828,21.1585,19.8009,19.9854,20.5372,21.1098,22.734,20.0519,19.9926,20.5316,20.4129,20.7615,19.712,20.1256,20.4105,20.7563,21.0782
455,2:55:55 PM,19.5751,19.663,19.8372,20.3011,20.439,20.4104,20.0817,20.7818,21.0424,20.6127,20.4967,20.3082,20.3264,20.3169,20.482,20.4333,20.7049,20.7582,20.8926,21.2902,20.9292,20.5029,20.5324,20.5469,20.944,19.8524,20.1443,19.6995,19.9153,20.4104,20.6976,20.3509,20.8234,20.9143,21.2437,20.6593,20.51,20.4905,20.4773,20.6482,20.6491,20.6144,20.7908,21.2817,21.7077,20.9235,21.0356,20.9399,20.6881,20.8906,19.885,19.5486,19.5698,19.8881,20.4928,19.7801,20.3417,20.6934,20.836,21.0859,20.568,20.3766,20.2519,20.7567,21.5395,20.8036,20.1968,20.1327,20.5383,21.0045,19.7502,20.3883,20.6574,20.6939,20.9621,19.5703,19.6874,19.843,20.2175,20.5157,20.6566,19.5387,19.5361,19.5494,21.2629,19.7283,20.0684,20.8398,20.5937,22.0021,19.3569,19.4022,19.9034,20.6293,22.0436,19.7061,20.2119,20.1168,19.9575,20.7021,19.9131,20.0543,20.1885,20.1951,20.9937,19.9562,20.1226,20.6411,20.751,22.6142,20.365,20.0158,20.5547,20.4286,20.4641,19.5985,20.0995,20.4004,20.7921,21.0922
456,2:56:15 PM,19.7045,19.7562,19.9023,20.0835,20.657,20.4987,20.4034,20.7577,20.9189,20.7685,20.3339,20.3308,20.0473,20.3288,20.607,20.6404,20.6687,20.7383,20.8549,21.2959,20.7877,20.7737,20.6745,20.5062,20.9993,19.7283,19.9066,19.7237,19.9139,20.1516,20.6732,20.5297,20.9523,20.9257,21.2904,20.6619,20.5603,20.4992,20.3847,20.6659,20.6391,20.7988,20.8148,20.8865,21.7014,20.8667,21.07,21.021,20.4662,20.9312,19.7458,19.3887,19.5348,19.6731,20.4454,19.651,20.2525,20.6527,20.9062,21.1966,20.5664,20.4384,20.3801,20.789,21.3628,20.449,20.2601,20.2024,20.6121,20.8971,19.9956,20.4891,20.7105,20.5799,20.6384,19.4504,19.3906,19.8358,20.0601,20.5735,20.415,19.5314,20.0968,19.4145,20.8539,19.7066,20.1567,20.5744,21.0334,22.2178,19.4191,19.5988,19.8346,20.7097,21.7485,19.8251,19.76,20.0769,20.0905,19.8635,19.8033,20.1012,20.3022,20.287,21.3741,19.8078,20.4232,20.41,21.268,22.4707,20.2732,19.9283,20.519,20.4266,20.8271,19.6454,19.9785,20.4763,20.7221,21.3536
457,2:56:35 PM,19.6746,19.7361,19.8043,20.0526,20.5575,20.3085,20.3659,20.6675,20.9644,20.8496,20.4951,20.2786,20.1986,20.3219,20.6318,20.5502,20.5119,20.7642,20.9282,21.0366,20.7944,20.5277,20.5485,20.573,21.0106,19.7414,19.8708,19.6597,19.8554,20.2482,20.6352,20.5503,21.0432,20.8998,21.3332,20.5428,20.3453,20.5624,20.5947,20.5259,20.7098,20.5717,21.0573,21.0869,21.6841,20.9455,21.0501,20.9487,20.5824,20.9791,19.8138,19.5341,19.6839,19.7034,20.7129,19.9841,20.3331,20.7512,21.0971,20.8378,20.4009,20.3479,20.1817,20.8155,21.3885,20.6657,20.2421,19.944,20.2951,21.1269,19.7088,20.4856,20.7859,20.5514,20.8229,19.6703,19.4879,19.9739,20.2318,20.4333,20.4454,19.7192,19.904,19.4019,20.8911,19.9171,20.237,20.8535,20.9571,21.8142,19.5536,19.5145,19.6958,20.6412,21.7904,19.636,19.8971,20.0538,19.9104,19.9757,19.976,19.9213,20.2652,20.1551,20.854,19.8803,20.1771,20.508,20.8689,22.1499,20.5558,20.0703,20.5049,20.2995,20.8714,19.618,20.0356,20.1402,20.6092,21.0539
458,2:56:55 PM,19.7505,19.8842,19.5087,20.2242,20.4091,20.3947,20.4447,20.7513,20.995,20.8235,20.5063,20.228,20.0691,20.2214,20.6205,20.6072,20.6458,20.7161,20.912,21.2659,20.681,20.5664,20.363,20.4646,21.096,19.7365,20.0726,19.8275,20.0527,20.1776,20.6235,20.4857,20.8625,20.9885,21.1741,20.673,20.485,20.5326,20.5786,20.7423,20.5818,20.5949,20.8797,21.1368,21.4938,20.69,21.023,20.8672,20.4657,21.0039,19.7918,19.4773,19.635,19.8182,20.5491,20.0335,20.4147,20.8669,20.875,20.7099,20.5024,20.3767,20.4456,20.8737,21.2623,20.4937,20.2018,20.1909,20.5444,21.0328,20.0137,20.4549,20.7162,20.5252,20.6985,19.4704,19.5903,19.8474,20.1276,20.5857,20.675,19.6448,19.9948,19.548,20.6822,19.933,20.1465,20.9699,20.918,22.5471,19.5276,19.4887,19.6894,20.7051,21.9521,19.7466,19.5562,19.9055,19.8342,19.7822,19.9887,20.012,20.2719,20.3179,21.0456,19.8154,20.302,20.3471,21.2286,22.4538,20.4675,20.1239,20.4598,20.3889,20.7467,19.8265,19.9821,20.3682,20.5966,21.11
459,2:57:15 PM,19.8326,19.7401,19.8649,20.0568,20.4083,20.3935,20.4607,20.6556,20.891,20.8423,20.5851,20.264,20.2203,20.3424,20.4709,20.5848,20.5968,20.7225,20.8107,21.2158,20.6232,20.3369,20.5578,20.5694,20.8203,19.8476,20.1139,19.7914,19.7619,20.3707,20.5425,20.3917,20.6763,20.7086,21.2662,20.7434,20.4398,20.355,20.4406,20.681,20.5458,20.606,20.8719,21.1226,21.4294,20.8983,20.9768,20.9625,20.5378,20.8978,19.6898,19.567,19.6255,19.7062,20.5535,19.9017,20.3412,20.6875,21.0062,21.0322,20.4427,20.5158,20.2618,20.7494,21.4348,20.56,20.3128,20.1444,20.3893,21.0257,19.7929,20.3773,20.6732,20.5246,20.6676,19.6937,19.5205,19.7689,20.0518,20.4406,20.5927,19.664,20.2697,19.7405,20.5249,19.745,20.0208,20.7903,20.8695,22.1982,19.51,19.6509,19.5923,20.4482,22.0506,19.6967,19.6375,19.9021,19.8126,19.6072,20.0235,19.9147,20.1755,20.3784,20.9611,19.9717,20.2526,20.2652,21.4286,22.7493,20.2982,19.8471,20.3654,20.3654,20.6271,19.5709,20.213,20.2238,20.6667,21.1255
460,2:57:35 PM,19.6338,19.7377,19.8015,20.0829,20.4729,20.4913,20.2751,20.6366,20.9718,20.7349,20.5665,20.2562,20.2347,20.0995,20.4409,20.5719,20.6017,20.6346,20.9021,21.2712,20.4116,20.2516,20.5629,20.3453,20.6356,19.7478,19.9865,19.7626,19.9746,20.2083,20.313,20.4367,20.7615,20.9909,21.1311,20.4917,20.4434,20.6889,20.3607,20.345,20.6833,20.6842,20.7121,21.0713,21.4181,20.8616,21.1001,20.9464,20.4528,20.9281,19.9156,19.5506,19.648,19.7123,20.5445,20.0423,20.3548,20.7031,20.8747,20.8824,20.4961,20.3412,20.1497,20.6635,21.2811,20.6511,20.3045,19.9652,20.3852,21.3258,19.941,20.5179,20.6333,20.4946,20.8244,19.5868,19.6522,19.7552,20.1601,20.5592,20.5587,19.672,20.2324,19.5533,21.3038,19.7134,20.0161,20.8884,21.0022,22.3856,19.4713,19.429,19.2131,20.5288,21.6685,19.8636,19.8461,19.9805,20.1085,20.1875,20.0209,19.9399,20.1491,20.1865,21.3738,20.1814,20.1861,20.2962,21.3539,22.9686,20.2861,19.8622,20.3449,20.3986,20.7523,19.7914,20.0683,20.3746,20.7052,21.1636
461,2:57:55 PM,19.7707,19.662,19.6835,20.0532,20.3184,20.2476,20.2115,20.7459,20.9022,20.7821,20.3859,20.2719,20.1265,20.3656,20.3825,20.4281,20.4664,20.6858,21.0332,21.3144,20.5755,20.4653,20.609,20.2217,20.9672,19.6665,19.9668,19.822,19.9471,20.3515,20.9118,20.4971,20.6678,20.9689,21.1828,20.5047,20.5354,20.3325,20.3233,20.6572,20.5758,20.6912,20.8093,21.0588,21.6414,20.6911,21.0172,21.0419,20.5961,20.7098,19.7111,19.5242,19.6156,19.912,20.6016,19.8814,20.1967,20.7333,20.7765,20.697,20.5118,20.4422,20.3249,20.7115,21.2781,20.6701,20.1955,20.0561,20.4033,21.1383,20.1471,20.3735,20.6083,20.6344,20.8793,19.5069,19.4969,19.8978,19.9508,20.5735,20.3825,19.5878,19.9119,19.6398,20.7641,19.8076,19.927,20.6832,20.8022,21.8974,19.4559,19.7525,19.8103,20.7163,21.8987,19.6902,19.9501,19.8163,20.0852,20.4281,19.8035,19.954,20.2239,20.2253,20.8204,19.9157,20.141,20.3218,20.9379,22.5929,20.1413,20.1365,20.4167,20.4018,20.6034,19.6081,20.0204,20.4149,20.7404,20.9493
462,2:58:15 PM,19.787,19.7821,19.6938,20.3103,20.4284,20.4338,20.0627,20.6313,20.9868,20.8056,20.3745,20.3764,20.3429,20.4694,20.3344,20.4103,20.6441,20.8713,20.8703,21.3966,20.6702,20.6022,20.5976,20.5353,20.9564,19.8086,20.0691,19.61,19.7768,20.2043,20.7132,20.3163,20.7484,20.8738,21.2524,20.6555,20.504,20.5257,20.6532,20.6848,20.7854,20.593,20.7719,21.0014,21.6177,20.902,20.7777,20.8511,20.6196,20.8603,19.7076,19.4712,19.5244,19.6615,20.4542,19.949,20.2358,20.698,20.9348,20.8443,20.4442,20.4684,20.2315,20.9533,21.068,20.5803,20.4285,19.9062,20.4704,21.1283,20.0378,20.3925,20.7362,20.6457,20.816,19.406,19.3831,19.8775,20.1226,20.5484,20.5273,19.8064,19.9521,19.4199,20.7212,19.7687,20.1953,20.6591,20.8193,21.7851,19.5244,19.4896,19.6941,20.5131,22.1213,19.7813,19.9403,20.0404,20.0191,20.0957,19.7154,19.8551,20.1273,20.3402,22.3868,20.212,20.1918,20.4376,20.965,22.8237,20.1712,20.0903,20.2615,20.3451,20.4882,19.6614,20.0873,20.5303,20.9129,20.9334
463,2:58:35 PM,19.65,19.7959,19.6472,20.077,20.4462,20.3425,20.1717,20.5719,20.8469,20.8603,20.2947,20.3176,20.2094,20.4373,20.7479,20.5561,20.7132,20.6448,20.9131,21.3368,20.5698,20.4351,20.5808,20.1973,21.0765,19.7718,19.9163,19.8176,19.8351,20.2086,20.4115,20.5964,20.6756,20.6675,21.353,20.7737,20.4866,20.6473,20.4633,20.7548,20.6353,20.6095,20.8581,21.0533,21.5251,20.8148,20.9117,20.9306,20.5999,21.0296,19.7611,19.3934,19.6239,19.7908,20.4038,19.9786,20.2232,20.6118,20.864,21.0544,20.3229,20.3556,20.176,20.9162,21.5369,20.629,20.3623,20.0497,20.4755,21.2038,20.1277,20.4414,20.6271,20.5736,20.9505,19.5184,19.4765,19.5555,19.9944,20.4065,20.5802,19.5202,20.1113,19.5093,21.0418,19.8887,19.876,20.6481,20.8711,21.7934,19.299,19.5169,19.9571,20.6158,21.9788,19.7389,19.8629,20.1232,20.0583,20.4639,19.8697,19.939,20.1202,20.2133,21.1046,19.8022,20.113,20.5127,20.6509,22.2213,20.2711,20.2219,20.4156,20.304,20.3663,19.6614,20.0045,20.4761,20.7318,20.9348
464,2:58:55 PM,19.7843,19.6573,19.7492,20.0957,20.4314,20.3795,20.3298,20.5991,20.9561,20.7808,20.4391,20.3937,20.1179,20.2032,20.4614,20.563,20.5936,20.7017,20.7965,21.2931,20.7234,20.438,20.504,20.0873,20.8675,19.9358,20.1914,19.83,19.6009,20.2076,20.6809,20.3713,20.6783,20.7804,21.093,20.5038,20.5126,20.6318,20.4566,20.6767,20.6539,20.8529,20.9628,21.1462,21.4816,20.7893,20.9376,20.8966,20.6203,20.9027,19.5676,19.4843,19.6988,19.7313,20.6634,19.7975,20.3382,20.642,20.9932,21.0708,20.1888,20.3894,20.2863,20.8091,21.5161,20.5699,20.2641,19.9785,20.4827,21.072,19.9225,20.4836,20.8865,20.7157,20.566,19.5036,19.4665,19.8179,20.0554,20.3533,20.4557,19.5855,19.7511,19.5887,20.9019,19.6383,19.8921,20.4922,21.0859,22.0433,19.435,19.4523,19.7672,20.2944,21.8307,19.6851,19.622,19.6648,19.9233,20.0117,19.9615,19.9338,20.1712,20.3092,20.8319,20.0582,20.0701,20.2556,20.8746,21.9306,20.2296,20.0132,20.3166,20.3611,20.3166,19.5303,20.0191,20.1821,20.6267,21.1963
465,2:59:15 PM,19.7507,19.7587,19.7446,20.0776,20.431,20.4113,20.1676,20.743,20.7907,20.8494,20.5412,20.6365,20.2745,20.5988,20.6501,20.4398,20.7478,20.6542,21.0045,21.2847,20.8143,20.5017,20.7097,20.5134,20.8129,19.8154,19.8078,19.7231,19.5896,20.0923,20.6378,20.6032,20.7477,20.7479,21.2159,20.5895,20.5484,20.5165,20.8165,20.6839,20.5259,20.5896,20.6689,21.1278,21.7167,20.8193,20.9737,21.015,20.4728,21.0647,19.5297,19.4116,19.7248,20.0287,20.6208,19.9105,20.2401,20.6036,20.9258,21.0842,20.3703,20.4266,20.0951,20.7145,21.3951,20.745,20.2264,19.9395,20.4396,21.0687,19.8614,20.4254,20.6794,20.6597,20.9102,19.7123,19.59,19.9193,20.0215,20.5139,20.5697,19.439,20.0078,19.5883,21.1044,19.7294,19.8802,20.5017,20.8483,21.7973,19.2926,19.3393,19.89,20.4429,21.7878,19.6004,19.633,19.8349,19.947,20.3072,19.9816,20.0845,20.0669,20.2556,21.2163,19.9309,19.9838,20.311,21.1353,22.7053,20.2512,19.9191,20.4933,20.5374,20.7537,19.7036,20.1016,20.4486,20.6668,21.2122
466,2:59:35 PM,19.776,19.871,19.7044,20.1312,20.447,20.3455,20.3442,20.6028,20.7625,20.7383,20.4082,20.2802,20.4101,20.5423,20.6313,20.5106,20.6751,20.6517,20.8832,21.2638,20.3586,20.561,20.4604,20.2043,20.9384,19.7431,20.1481,19.8823,19.8877,20.3184,20.4614,20.4139,20.6604,20.7942,21.1974,20.3246,20.4613,20.7288,20.6601,20.9334,20.5083,20.5605,20.7607,21.0362,21.6713,20.8681,21.0561,20.9451,20.5187,20.9906,19.7544,19.3193,19.7582,19.7921,20.7069,19.9354,20.2297,20.6308,20.8604,20.6871,20.3174,20.3311,20.264,21.0175,21.3546,20.6631,20.1018,20.0001,20.686,21.2272,19.8257,20.289,20.5432,20.5389,20.8137,19.5445,19.6941,19.7662,20.0523,20.4721,20.4999,19.651,20.2649,19.5823,20.8338,19.972,20.1048,20.6874,21.1951,21.8513,19.354,19.6316,19.4702,20.5724,21.8505,19.6612,19.7405,19.9471,20.0307,20.0255,19.8327,19.828,20.199,20.2365,21.5129,19.9346,20.1627,20.2996,21.0143,22.6061,20.4221,20.1168,20.4699,20.2923,20.5928,19.5435,19.9348,20.3118,20.4539,21.1058
467,2:59:55 PM,19.8469,19.7449,19.8456,20.0282,20.453,20.3521,20.3076,20.759,20.9066,20.8366,20.5195,20.4143,20.2447,20.2018,20.3965,20.5493,20.6735,20.7321,20.8752,21.1388,20.9283,20.2776,20.4676,20.5359,21.056,19.7773,19.934,19.5818,19.7792,20.3026,20.5602,20.2949,20.784,20.8245,21.266,20.6037,20.5815,20.3186,20.4436,20.2113,20.5931,20.7868,20.9397,21.1049,21.5521,20.8133,21.0827,20.8932,20.5594,20.9278,19.6393,19.4193,19.6834,19.6439,20.5904,19.7974,20.414,20.7438,20.809,20.9397,20.3059,20.2971,20.2617,20.7694,21.3917,20.5889,20.2308,20.1593,20.2365,21.2327,19.7614,20.2021,20.64,20.4118,20.6031,19.4875,19.4432,19.7454,20.0812,20.4045,20.5553,19.4276,20.0183,19.5327,20.8168,19.6872,20.0581,20.6621,20.863,22.661,19.3472,19.5662,19.9307,20.6596,21.6524,19.7329,19.7194,19.6851,19.7704,19.8968,19.8868,19.846,20.0723,20.0991,20.7793,19.8637,20.3574,20.3984,20.7669,23.0789,20.3068,20.0567,20.3649,20.2801,20.1005,19.4968,20.0889,20.2129,20.6038,21.1493
468,3:00:15 PM,19.7515,19.9148,19.7599,20.0851,20.3722,20.2977,20.2327,20.5194,20.6705,20.8096,20.3559,20.3248,20.081,20.1881,20.3794,20.587,20.5552,20.3774,20.9459,21.2831,20.5718,20.3693,20.3803,20.1744,20.8613,19.5661,19.8622,19.7032,19.7454,20.1423,20.4514,20.3852,20.7218,20.9372,21.1686,20.6838,20.5782,20.5795,20.5599,20.6536,20.7159,20.8004,20.8308,21.11,21.3312,20.6338,20.9867,20.8642,20.5283,20.8131,19.5936,19.3761,19.5993,19.7363,20.5709,19.9989,20.3664,20.6103,20.8408,20.9492,20.3988,20.3569,20.2332,20.8342,21.4362,20.5033,20.1863,20.1693,20.5114,21.1767,20.208,20.2957,20.6777,20.5014,20.8101,19.4926,19.4635,19.7402,19.9403,20.4015,20.4083,19.5767,19.8123,19.5733,20.4604,19.7522,20.1034,20.5127,20.9807,22.3791,19.4416,19.6701,19.7885,20.2762,21.7248,19.4446,19.5713,20.022,19.9893,20.4012,19.7701,19.918,20.0466,20.0709,21.3111,19.9252,20.1015,20.4084,20.8208,22.8777,20.2064,20.0531,20.5923,20.4653,20.7786,19.6052,20.2176,20.3607,20.6444,21.083
469,3:00:35 PM,19.8184,19.9087,19.7075,20.2568,20.2711,20.4245,20.2018,20.2021,20.7825,20.7564,20.3334,20.3719,20.2641,20.1867,20.4647,20.4947,20.6273,20.5528,20.8822,21.0467,20.2936,20.2468,20.6057,20.389,20.7062,19.7358,20.102,19.9048,19.9831,20.2801,20.7806,20.3035,20.8041,20.7305,21.2134,20.5568,20.4739,20.5502,20.736,20.5838,20.5327,20.7025,20.6101,21.0571,21.5152,20.7725,20.9405,20.8368,20.6456,20.929,19.9495,19.6653,19.5998,19.6422,20.4426,19.9898,20.3544,20.5899,20.9072,20.9585,20.5462,20.3906,20.0728,20.8637,21.3762,20.5681,20.3246,19.9382,20.3681,21.2059,20.0997,20.3935,20.7333,20.5328,21.0932,19.6154,19.6004,19.779,20.095,20.2785,20.603,19.7245,20.1499,19.6405,20.6257,19.7625,19.8711,20.5239,20.6486,21.8225,19.3685,19.3363,19.4651,20.5195,21.6325,19.6899,19.4587,19.6604,19.6297,20.1988,19.9113,19.8476,20.1629,20.0798,21.0838,19.8844,20.0815,20.3619,20.8593,22.5463,20.3791,20.2838,20.4219,20.366,20.3775,19.7122,19.9339,20.531,20.7308,21.4396
470,3:00:55 PM,19.7179,19.8204,19.8563,20.1763,20.4534,20.2867,20.2117,20.6196,20.7826,20.6975,20.2133,20.4258,20.1613,20.2776,20.6066,20.3371,20.6195,20.6966,20.7879,21.2909,20.4812,20.4518,20.4623,19.9959,20.6435,19.5428,19.9208,19.6412,19.9259,20.2271,20.525,20.3365,20.6416,20.9376,21.193,20.3289,20.4805,20.493,20.5368,20.9278,20.6607,20.5363,20.9357,21.0608,21.5534,20.7614,21.0377,20.9495,20.4785,20.875,19.7419,19.5377,19.6822,19.7302,20.4276,19.7381,20.3632,20.5989,20.8965,20.8488,20.4206,20.2543,20.2453,20.7605,21.3922,20.4886,20.2642,19.882,20.4079,21.2058,19.9063,20.4024,20.4713,20.5898,20.8807,19.5603,19.4587,19.8402,19.9452,20.5787,20.6045,19.6062,19.9884,19.4804,20.5167,19.7436,20.2164,20.7047,21.0898,22.1011,19.4848,19.5377,19.6069,20.6126,21.5442,19.5958,19.6188,19.9479,19.9473,20.0996,19.9227,19.8529,20.166,20.2449,20.7293,19.9579,20.2006,20.323,21.0327,22.6792,20.2595,19.9087,20.4085,20.426,20.3773,19.6422,20.2809,20.3253,20.7208,20.9207
471,3:01:15 PM,19.7736,19.6999,19.6144,20.0411,20.3381,20.3502,20.0764,20.5686,20.8456,20.7549,20.3288,20.2311,20.1716,20.2943,20.5233,20.5591,20.599,20.7318,20.7553,21.1363,20.6218,20.5169,20.4246,20.3925,20.9465,19.911,20.0243,19.6839,19.966,20.1604,20.4223,20.4642,20.6821,20.6956,21.2262,20.3607,20.5271,20.5245,20.5012,20.3274,20.5689,20.5783,20.8077,21.0975,21.4959,20.6627,20.8815,20.9571,20.6323,20.8575,19.6552,19.6592,19.6825,19.6169,20.536,19.8098,20.2952,20.5934,20.6716,20.8536,20.2167,20.4417,20.0966,20.6673,21.3081,20.5084,20.3052,19.9835,20.2549,21.2594,19.9799,20.1606,20.5048,20.3411,20.8765,19.5255,19.4478,19.7767,20.0491,20.4712,20.3718,19.623,19.7365,19.5363,20.7619,19.7088,20.0119,20.7176,20.7479,22.2208,19.6167,19.3875,19.6098,20.4808,21.4526,19.6236,19.5546,19.9236,19.9022,19.8164,19.8512,20.0351,20.2795,20.3116,21.1041,19.8545,19.9945,20.3112,20.975,22.3754,20.4065,20.1031,20.359,20.3221,20.4047,19.6749,20.021,20.3807,21.0739,21.3689
472,3:01:35 PM,19.6099,19.7094,19.7192,20.2066,20.3725,20.2837,20.2272,20.6814,20.7499,20.7111,20.3753,20.4324,20.2695,20.3906,20.6842,20.4682,20.7007,20.8215,20.9151,21.3112,20.6257,20.4961,20.5496,20.4722,20.7004,19.7464,19.9417,19.6454,20.0093,20.1962,20.6316,20.4321,20.5849,20.6158,21.1496,20.6919,20.2904,20.5188,20.5087,20.5074,20.5438,20.6689,20.7115,20.9814,21.6725,20.7075,20.7562,20.9394,20.5229,20.868,19.7377,19.4582,19.6885,19.6854,20.4596,19.9402,20.3256,20.6089,20.8442,20.8632,20.1264,20.4116,20.1234,20.7586,21.1675,20.5866,20.1776,20.0113,20.4926,21.1028,19.9454,20.3149,20.421,20.7114,20.9666,19.4758,19.5372,19.6175,19.9661,20.4828,20.3914,19.4278,19.7905,19.5884,20.3652,19.807,20.0438,20.4728,20.8613,22.1538,19.4235,19.3865,19.7258,20.6274,21.4918,19.6043,19.8115,20.0227,19.8074,19.8833,20.0065,19.9129,20.0783,20.1544,21.1013,19.8115,20.1556,20.4873,21.4792,22.325,20.3622,20.1144,20.3879,20.4192,20.503,19.7713,19.9907,20.2666,20.7832,20.953
473,3:01:55 PM,19.5612,19.7141,19.7769,20.1841,20.3986,20.3429,20.3558,20.5386,20.7409,20.5497,20.3696,20.1909,20.1496,20.2559,20.7774,20.4464,20.6032,20.699,20.8632,21.2843,20.5863,20.6151,20.6704,20.0289,20.7916,19.6781,19.8945,19.7862,19.9963,20.1585,20.5891,20.2242,20.322,20.8946,21.1084,20.5934,20.5575,20.5288,20.5514,20.9521,20.8046,20.8015,20.9274,21.0968,21.504,20.6495,20.858,21.0251,20.4763,20.7356,19.6553,19.3714,19.6019,19.7224,20.4644,20.0224,20.3937,20.6561,20.9302,21.0951,20.2428,20.3091,20.0987,20.6989,21.4552,20.6413,20.1404,19.8695,20.3847,21.1555,20.3153,20.5338,20.2961,20.4999,20.6506,19.6264,19.5654,19.6612,20.1311,20.3267,20.4234,19.4396,20.2966,19.6214,20.7205,19.8048,20.1104,20.9134,21.2409,22.2955,19.4393,19.5078,19.5973,20.5677,21.4707,19.7985,19.6577,19.7689,19.9516,19.7821,19.7724,20.0289,19.866,20.3044,20.8521,19.7808,20.1556,20.4816,20.7678,22.5235,20.2467,20.1656,20.4779,20.3567,20.3714,19.7145,20.0414,20.388,20.9404,21.1808
474,3:02:15 PM,19.8009,19.8427,19.5758,20.0359,20.265,20.2628,20.2781,20.5359,20.8137,20.784,20.4055,20.4299,20.2015,20.3155,20.5664,20.4147,20.667,20.6265,20.7222,21.1598,20.4802,20.4425,20.495,20.2084,20.5373,19.7997,19.938,19.7576,19.6809,20.294,20.7615,20.449,20.7327,20.8564,21.3451,20.6128,20.4923,20.5684,20.6639,20.8672,20.7938,20.6696,20.7666,21.0288,21.6284,20.7397,20.9028,20.9914,20.4664,20.6428,19.7886,19.4691,19.9072,19.8746,20.4907,19.9207,20.2503,20.7383,20.9416,20.9444,20.2187,20.354,20.1587,20.7237,21.1413,20.7291,20.4,20.1041,20.5463,21.0946,19.7614,20.5392,20.457,20.4553,20.8402,19.6467,19.4742,19.8076,20.051,20.512,20.5004,19.5915,19.8135,19.7832,20.9427,19.8824,20.1497,20.6672,20.9028,21.748,19.4292,19.4268,19.2841,20.2557,21.5284,19.5776,19.7302,19.8534,19.8422,19.8945,19.8403,19.9773,20.2941,20.1849,21.6458,19.924,20.0143,20.2618,21.6922,22.2547,20.3367,20.1259,20.5257,20.28,20.7122,19.8098,20.2127,20.7208,20.5154,20.9423
475,3:02:35 PM,19.7261,19.8255,19.7381,20.1483,20.3615,20.366,20.4602,20.5077,20.641,20.6962,20.488,20.4667,20.1496,20.3364,20.4972,20.5374,20.6264,20.5111,20.7849,21.3272,20.6769,20.3084,20.5343,20.4444,20.6677,19.7468,20.1858,19.7384,20.0855,20.1351,20.6988,20.4115,20.791,20.7058,21.2414,20.3529,20.5673,20.5982,21.0383,20.9581,20.5685,20.582,20.9185,20.9477,21.498,20.8544,20.9717,20.8101,20.474,20.8437,19.8922,19.4297,19.598,19.7779,20.4574,20.0072,20.3984,20.7093,20.7366,21.3553,20.2073,20.3412,20.1658,20.7093,21.4391,20.6377,20.0215,19.9567,20.6338,21.3919,19.6904,20.2256,20.6028,20.5408,20.7244,19.6172,19.5669,19.7909,20.0852,20.561,20.4739,19.425,20.4137,19.3955,20.5515,19.8547,20.2101,20.6424,21.1868,22.0331,19.3352,19.5025,19.4978,20.6184,21.4798,19.5361,19.7555,19.9869,19.9234,20.3368,20.0218,19.9166,20.2219,20.3086,20.9309,19.764,20.0524,20.3375,20.8325,22.6678,20.1925,20.0222,20.4553,20.3372,20.6386,19.593,20.0772,20.5474,20.5921,21.2807
476,3:02:55 PM,19.8519,19.9015,19.6149,19.9414,20.4085,20.2933,19.9885,20.2922,20.6013,20.7304,20.4967,20.3969,20.095,20.5755,20.72,20.5146,20.5019,20.6775,20.7823,21.1561,20.75,20.4336,20.6589,20.4865,20.8241,19.9425,19.9742,19.9822,19.7881,20.2115,20.6627,20.401,20.7296,20.6964,21.3614,20.5939,20.4293,20.6487,20.612,21.0155,20.6613,20.7312,20.883,21.0893,21.4132,20.7792,21.0132,20.9391,20.5411,20.7712,19.7483,19.691,19.6976,19.7781,20.4277,20.1469,20.3112,20.6624,20.9844,20.9306,20.4135,20.3481,20.1748,20.7012,21.1247,20.5243,20.3589,20.0833,20.4386,20.9753,19.8,20.4268,20.5112,20.4891,20.5978,19.5597,19.4711,19.6697,19.9909,20.4507,20.5444,19.5379,20.021,19.8183,20.6401,19.6353,20.0287,20.6359,20.7686,21.6336,19.4006,19.4487,19.5755,20.3613,21.5776,19.6521,19.666,19.8175,19.61,19.9707,20.0286,19.9602,20.0712,20.2748,20.6648,19.8833,20.3505,20.349,20.9557,22.1815,20.2987,19.7706,20.4521,20.3923,20.9546,19.5894,20.1794,20.7656,20.8917,21.091
477,3:03:15 PM,19.9226,19.6865,19.6978,20.0053,20.3287,20.1829,20.2258,20.538,20.671,20.7261,20.4015,20.4144,20.2829,20.2666,20.7306,20.3889,20.7017,20.7064,20.7179,21.107,20.3878,20.5229,20.5222,20.5076,20.7355,19.831,19.8947,19.8812,19.672,20.0939,20.4578,20.4344,20.6419,20.743,21.1491,20.4984,20.5628,20.5486,20.6634,21.0824,20.619,20.5566,20.6708,21.0979,21.3876,20.9019,20.9794,20.9252,20.5004,20.7269,19.8865,19.4995,19.5759,19.6423,20.4045,19.9883,20.237,20.6174,20.9673,21.3808,20.3301,20.1616,20.0662,20.6963,21.4761,20.4138,20.1683,19.8202,20.5133,21.1196,19.9524,20.2871,20.6868,20.4669,20.8292,19.6587,19.4762,19.7459,19.9759,20.6327,20.5592,19.6531,20.2582,19.5984,20.7246,19.7009,19.973,20.7942,20.9481,22.5683,19.5689,19.4813,19.4753,20.5195,21.3884,19.6349,19.603,19.9942,19.6309,20.0799,19.9146,20.0833,20.1541,20.331,20.9924,19.9889,20.1016,20.2568,20.724,22.3529,20.2428,20.1402,20.4774,20.2876,20.7994,19.4788,20.1139,20.226,20.6171,21.158
478,3:03:35 PM,19.791,19.8721,19.5438,20.2035,20.4014,20.4106,20.295,20.7808,20.7074,20.6788,20.5017,20.3483,20.219,20.1214,20.5193,20.4252,20.6575,20.6589,20.8338,21.2937,20.669,20.3943,20.5884,20.1029,20.7276,19.7021,19.8854,19.8657,19.952,20.2211,20.3616,20.3697,20.5275,20.7053,21.2572,20.4154,20.5001,20.4769,20.7622,20.7856,20.6044,20.5833,20.8924,21.2288,21.4907,20.9643,20.9994,20.9054,20.4809,20.8072,19.8944,19.4408,19.7763,19.7713,20.5069,19.9695,20.2079,20.5002,20.7194,21.3988,20.354,20.3522,20.2189,20.7365,21.5536,20.4622,20.3546,19.9331,20.496,21.1052,20.0034,20.2108,20.5158,20.4535,20.8675,19.4555,19.4924,19.705,19.9349,20.5728,20.4448,19.6278,20.0203,19.6065,20.7029,19.6943,19.9713,20.4769,21.1532,22.3638,19.5168,19.5697,19.3841,20.6823,21.5607,19.7203,19.8609,19.9058,19.9689,20.0668,19.8059,19.9189,20.182,20.0888,21.421,19.8107,20.2027,20.1928,20.9929,22.5349,20.2667,19.8211,20.3652,20.2546,20.535,19.5103,20.0846,20.0567,20.3194,21.0992
479,3:03:55 PM,19.7876,19.6559,19.7955,20.1815,20.2444,20.2131,20.0922,20.5032,20.6367,20.6557,20.313,20.5181,20.1655,20.4442,20.5101,20.3928,20.4987,20.6549,20.9245,21.2627,20.6889,20.3589,20.7037,20.2553,20.768,19.8184,20.0067,20.0119,20.0959,20.1852,20.6701,20.1912,20.6391,20.7158,21.2285,20.5797,20.546,20.6147,20.5783,20.8754,20.6743,20.7676,20.7872,21.1935,21.5577,20.865,20.8727,20.8488,20.41,20.8784,19.7313,19.3182,19.6711,19.4981,20.5278,19.7893,20.4077,20.5918,20.7352,20.8357,20.2871,20.3471,20.1894,20.7641,21.3186,20.4318,20.1396,20.0288,20.3117,21.0009,19.864,20.29,20.6305,20.5163,20.9086,19.4982,19.5021,19.8146,20.1664,20.5668,20.347,19.4418,20.1903,19.5036,20.6971,19.8328,20.31,20.7302,21.139,21.9084,19.3739,19.5077,19.3778,20.5434,21.3729,19.6778,19.6612,19.9064,19.7621,20.4091,19.8469,20.0229,20.1828,20.0981,20.6773,19.8615,20.049,20.2117,20.7506,22.2122,20.2276,19.9129,20.3175,20.5037,20.8143,19.5215,20.0414,20.2127,20.6,21.3549
480,3:04:15 PM,19.6368,19.794,19.8315,20.1515,20.3888,20.358,20.1772,20.6165,20.6951,20.5824,20.4015,20.2799,20.1961,20.408,20.9245,20.4405,20.7675,20.7295,20.8434,21.218,20.701,20.5544,20.6837,20.468,20.8179,19.9123,20.1471,19.5544,19.8633,20.2661,20.5185,20.4894,20.6681,20.7323,21.3126,20.5837,20.459,20.5532,20.5121,21.1203,20.6633,20.715,20.7486,21.1169,21.534,20.8091,21.0287,20.8961,20.5418,20.5803,19.6697,19.4074,19.7119,19.7491,20.446,19.9879,20.2528,20.6631,20.9265,21.2294,20.3405,20.2189,20.0955,20.7495,21.3181,20.6392,20.1705,20.0021,20.5162,21.2889,19.6578,20.2771,20.6354,20.5106,20.6735,19.4508,19.4945,19.7942,19.9876,20.4657,20.4482,19.6633,20.0666,19.6655,20.5388,19.8718,20.0941,20.7716,20.8724,22.0972,19.5271,19.4299,19.2227,20.5661,21.4572,19.7759,19.4772,19.9627,19.7569,19.9639,19.8684,19.8506,20.1819,20.249,21.2401,19.8682,20.1399,20.3589,20.9356,21.8329,20.3103,20.2257,20.4796,20.4156,20.8854,19.6522,19.9942,20.3514,20.6166,21.118
481,3:04:35 PM,19.6049,19.7746,19.8623,20.1844,20.3991,20.2003,20.2113,20.4847,20.6066,20.505,20.4707,20.3313,20.1849,20.1297,20.6598,20.4357,20.5774,20.7416,20.8659,21.201,20.6052,20.5906,20.5505,20.1353,20.72,19.6327,19.9479,19.8098,20.1188,20.3091,20.3514,20.2341,20.6022,20.9394,21.335,20.5312,20.5026,20.5242,20.6801,20.8769,20.58,20.7423,20.6141,21.0099,21.525,20.8156,20.8557,21.0656,20.4256,20.8506,19.5954,19.4818,19.5534,19.6337,20.5389,19.711,20.2729,20.6487,20.8178,21.0135,20.4097,20.1836,20.1798,20.6369,21.1564,20.618,20.2856,19.9,20.4963,21.4635,19.9548,20.3682,20.5854,20.4519,20.7213,19.6168,19.4499,19.8361,20.1406,20.5253,20.5944,19.7041,20.0906,19.4231,20.6689,19.7166,20.185,20.6216,20.9439,22.2111,19.2642,19.3576,19.6409,20.672,21.6884,19.7991,19.8095,19.9543,20.0802,19.9698,19.8007,19.7636,20.0751,20.2811,21.2919,19.7297,20.1869,20.257,20.6635,21.6989,20.2833,19.974,20.3859,20.4144,20.7419,19.5244,20.0191,20.6079,20.4646,21.1016
482,3:04:55 PM,19.516,19.6486,19.7843,20.0723,20.3118,20.1867,20.0484,20.506,20.7665,20.5916,20.1618,20.5195,20.2342,20.1998,20.5613,20.4281,20.5605,20.7832,20.8437,21.3262,20.7347,20.5696,20.6919,20.3965,20.7853,19.7383,19.7248,19.713,19.9535,20.0138,20.6254,20.214,20.7034,20.5956,21.5036,20.3534,20.5588,20.5391,20.5073,20.7921,20.5848,20.6707,20.7296,21.1325,21.5265,20.8108,21.0876,20.9152,20.6025,20.8428,19.8236,19.351,19.7339,19.65,20.5674,20.0362,20.3026,20.581,20.837,20.9047,20.377,20.4982,20.021,20.5338,21.4089,20.6448,20.1608,20.0257,20.3266,21.1808,19.8543,20.2039,20.3347,20.4148,20.7369,19.4355,19.459,19.7181,20.0862,20.4702,20.6023,19.4666,19.7707,19.4704,20.4493,19.7449,19.9947,20.4764,20.5929,21.8612,19.386,19.4344,19.4911,20.666,21.6805,19.8973,19.6817,19.8021,19.9934,20.0918,19.8434,19.8757,20.1711,20.0276,20.5741,19.8772,20.0218,20.3085,20.5459,22.0004,20.1635,19.8873,20.312,20.2532,20.4252,19.6342,19.9882,20.1995,20.4826,20.9832
483,3:05:15 PM,19.6505,19.7806,19.5356,20.0933,20.3549,20.3969,20.0483,20.5352,20.5864,20.6154,20.3804,20.3333,20.1808,20.1118,20.4686,20.5837,20.761,20.6791,20.7023,21.2852,20.7417,20.5943,20.6386,20.2516,20.7924,19.822,20.0282,19.8004,19.6484,20.2886,20.6164,20.2835,20.7362,20.8101,21.3801,20.5646,20.4645,20.5262,20.4045,20.8953,20.7675,20.7368,20.827,21.2331,21.2947,20.8224,20.9348,20.9235,20.5465,20.8579,19.8389,19.3896,19.7008,19.6477,20.4754,19.8064,20.3164,20.6354,20.8372,21.0163,20.2329,20.3176,19.9975,20.7609,21.3712,20.3644,20.1905,19.9152,20.4917,21.0653,19.977,20.3878,20.5775,20.4905,21.0034,19.5835,19.4553,19.6271,20.0302,20.5908,20.5974,19.5705,20.0784,19.3802,20.7845,19.6093,19.9421,20.5452,20.616,21.975,19.2824,19.4763,19.558,20.8773,21.5142,19.6459,19.9493,20.0938,19.8372,20.632,19.8282,19.9308,20.1477,20.2734,21.1493,19.6735,20.1563,20.139,20.6896,22.0219,20.1465,20.01,20.3191,20.1754,20.5096,19.4986,20.022,20.2068,20.6302,20.8434
484,3:05:35 PM,19.6113,19.7764,19.7352,20.1217,20.3734,20.5167,20.0357,20.7329,20.7387,20.8359,20.2691,20.3665,20.1458,20.2084,20.4468,20.497,20.5224,20.6031,20.8629,21.3253,20.6903,20.5012,20.407,20.4039,20.7563,19.7298,19.8992,19.4627,19.7706,20.2203,20.4704,20.4376,20.8501,20.8237,21.3036,20.4656,20.315,20.5252,20.2487,20.4457,20.5552,20.7095,20.7143,21.2241,21.2397,20.9838,20.8889,20.9367,20.5047,20.9965,19.8447,19.441,19.802,19.5369,20.3579,19.872,20.2635,20.5966,20.7538,20.9644,20.3275,20.3944,20.1175,20.6447,21.2742,20.4334,20.1887,19.8322,20.3819,21.1864,20.3791,20.3816,20.7098,20.5684,20.8837,19.4928,19.4347,19.6695,20.1191,20.4758,20.5109,19.4627,20.0501,19.4526,20.9502,19.767,20.1291,20.5427,20.666,22.0127,19.5532,19.4798,19.7522,20.6127,21.7431,19.5865,19.9744,20.1885,19.7798,20.525,19.8527,19.8907,20.2312,20.1873,21.0067,19.8884,20.0851,20.3164,20.8596,21.8577,20.0894,19.9566,20.3508,20.2886,20.396,19.6516,19.9786,20.3902,20.5709,21.2676
485,3:05:55 PM,19.7299,19.7386,19.7053,20.0488,20.3967,20.2807,20.1082,20.6233,20.8562,20.5601,20.2681,20.3145,20.2025,20.1353,20.4573,20.4349,20.5994,20.5447,20.8716,21.2449,20.4303,20.3749,20.5662,20.2898,20.7294,19.6941,19.8847,19.7277,19.873,20.2624,20.5379,20.2792,20.6278,20.9063,21.2079,20.4654,20.3826,20.4419,20.4149,20.4897,20.5287,20.4991,20.9857,21.0797,21.4772,20.779,20.9321,20.9506,20.5848,20.9128,19.6856,19.4072,19.5843,19.7855,20.6126,20.0783,20.4378,20.7104,20.811,20.9554,20.4527,20.2877,20.0426,20.6236,21.3054,20.4718,20.1232,20.0703,20.4456,21.1277,19.6557,20.0739,20.5114,20.3949,20.7365,19.5855,19.498,19.7806,19.8283,20.4657,20.4527,19.4057,19.8536,19.5812,20.7763,19.8893,20.1779,20.5763,20.926,21.7565,19.5924,19.4147,19.3601,20.2376,21.4479,19.5831,19.8196,19.8825,19.8146,20.0217,19.9345,19.7732,20.2042,20.2123,20.7611,19.8209,20.1715,20.3987,20.7241,22.3368,20.1293,20.2441,20.3224,20.2603,20.7019,19.4993,20.0326,20.1386,20.7663,20.9821
486,3:06:15 PM,19.7045,19.7401,19.6202,19.9871,20.5198,20.2995,20.3797,20.7437,20.7671,20.7573,20.2287,20.1983,20.1253,20.2898,20.4522,20.4507,20.5686,20.7022,20.7332,21.389,20.7446,20.4127,20.7272,20.2116,20.8285,19.6885,19.7929,19.5331,19.9532,20.1733,20.4959,20.4372,20.7574,20.7978,21.3702,20.4508,20.3568,20.2833,20.2676,20.7435,20.6407,20.5972,20.6422,21.0239,21.4398,20.8208,21.0015,20.9389,20.5607,20.8089,19.7233,19.4299,19.6738,19.8685,20.3603,19.8805,20.0352,20.6311,20.7691,21.404,20.4218,20.1655,20.2263,20.616,21.2385,20.3958,20.1634,20.0541,20.3399,21.097,20.0555,20.3783,20.5661,20.464,20.8174,19.6133,19.5563,19.699,20.2402,20.5282,20.3192,19.6862,20.1118,19.5731,20.8092,19.9136,20.0629,20.6498,20.9737,21.7683,19.4392,19.4884,19.4054,20.4101,21.6322,19.7158,19.745,19.9458,19.7982,20.0976,19.8738,19.8406,20.3122,20.1371,21.3748,19.8195,19.9872,20.3116,20.9301,22.5771,20.151,20.2282,20.1758,20.4315,20.6426,19.3941,19.9752,20.2285,20.5651,20.799
487,3:06:35 PM,19.9672,19.7507,19.7436,20.0807,20.3697,20.3186,20.3043,20.6424,20.8172,20.6055,20.2654,20.0808,20.2149,20.4401,20.5649,20.4919,20.8456,20.5816,20.7213,21.1236,20.5989,20.435,20.533,20.1738,20.6558,19.7578,20.0233,19.7412,19.9672,20.3542,20.7535,20.3715,20.657,20.8143,21.2741,20.5113,20.4811,20.4407,20.8365,20.904,20.4923,20.593,20.8508,21.1598,21.4154,20.8761,21.0688,20.966,20.6665,20.8365,19.7079,19.3031,19.6263,19.7486,20.5111,19.9957,20.2105,20.5051,20.8758,20.7596,20.3535,20.2513,20.1625,20.6049,21.1791,20.555,20.189,19.9855,20.3702,21.0829,19.799,20.3095,20.5917,20.5006,20.7849,19.6108,19.3887,19.7932,19.9265,20.5622,20.4226,19.5857,20.0401,19.4075,20.8376,19.8298,20.1109,20.8591,20.7069,21.7377,19.479,19.2627,19.4318,20.2617,21.5759,19.5412,19.5163,19.7595,20.0938,19.8101,19.8839,19.9357,20.2081,20.1088,20.8624,19.8643,20.0493,20.1809,21.0009,21.721,20.2199,20.2,20.4371,20.2807,20.7429,19.5379,20.3123,20.4088,20.6786,20.9137
488,3:06:55 PM,19.6044,19.782,19.7327,20.1333,20.4625,20.1894,20.3937,20.6509,20.9295,20.7177,20.2492,20.2829,19.9826,20.3641,20.5793,20.5467,20.6301,20.583,20.9045,21.3239,20.4837,20.3456,20.4964,20.5284,20.7753,19.6686,20.0581,19.5356,19.7716,20.3016,20.8026,20.1884,20.704,20.7253,21.2761,20.5393,20.4781,20.3564,20.7535,20.9307,20.6176,20.7031,20.7861,21.2673,21.4519,20.9308,20.9956,20.8748,20.2978,20.7311,19.7726,19.6773,19.5789,19.6095,20.5075,19.997,20.2295,20.828,20.9809,21.3523,20.3087,20.1696,20.2384,20.8529,21.2613,20.598,20.1979,19.974,20.3791,21.1808,19.7535,20.3457,20.6763,20.5476,20.6774,19.5608,19.5358,19.6495,20.1797,20.5262,20.4409,19.4121,20.2478,19.6663,21.1438,19.7815,20.0168,20.9946,21.042,22.2545,19.3367,19.3278,19.4018,20.206,21.6131,19.5668,19.4623,19.8064,19.7927,19.7235,19.825,19.9787,20.1942,20.1483,22.0721,20.0447,20.2243,20.2833,20.7227,22.5064,20.1916,20.0173,20.1944,20.4022,20.6214,19.609,20.084,20.4407,20.5437,20.9705
489,3:07:15 PM,19.7872,19.7662,19.715,19.9719,20.3536,20.2808,20.1954,20.6002,20.5721,20.8461,20.3221,20.2112,20.1,20.2956,20.4894,20.3367,20.6215,20.4865,20.9536,21.2132,20.3387,20.4259,20.5571,20.2864,20.7331,19.8374,19.9448,19.7083,19.8662,20.3415,20.6459,20.2685,20.6084,20.6056,21.2255,20.5744,20.3425,20.513,20.1474,20.6708,20.5309,20.5997,20.6704,21.1537,21.3252,20.7642,20.8525,20.9836,20.5131,20.7701,19.8788,19.4848,19.6815,19.7527,20.4823,19.987,20.353,20.6189,20.9213,21.1543,20.3905,20.2654,20.2449,20.7753,21.2875,20.4881,20.0519,19.8039,20.328,21.263,20.1313,20.4417,20.7125,20.4174,20.638,19.5498,19.3206,19.6741,20.1708,20.5545,20.3951,19.5215,20.1834,19.6414,20.8654,19.6872,19.9251,20.8077,21.0465,21.9005,19.3079,19.2498,19.5295,20.3,21.5996,19.8505,19.658,19.8327,19.6343,19.5615,19.7792,19.8864,20.1657,20.3771,21.4561,20.0844,20.0181,20.359,20.9665,22.9043,20.2249,19.9,20.3916,20.3991,20.6506,19.6204,19.9757,20.0859,20.5863,20.7753
490,3:07:35 PM,19.9083,19.7945,19.5466,20.0432,20.3034,20.1885,20.1581,20.6038,20.6437,20.9136,20.3775,20.4245,20.0683,20.2633,20.4705,20.4683,20.707,20.6831,20.8924,21.326,20.6104,20.3886,20.5093,20.4274,20.7621,19.6601,19.9292,19.7023,19.8634,20.1908,20.6274,20.375,20.6818,20.9687,21.215,20.5817,20.4727,20.4875,20.3274,20.8295,20.506,20.4783,20.5409,21.1286,21.3453,20.9235,20.8251,21.0192,20.4036,20.8398,19.7312,19.3521,19.6109,19.6165,20.4913,19.7839,20.1723,20.7617,20.845,20.8136,20.2673,20.1821,20.3614,20.5085,21.2712,20.3697,20.0192,19.927,20.4086,21.2618,20.0149,20.3236,20.4621,20.4662,21.0805,19.6131,19.5082,19.6362,20.0209,20.5201,20.4862,19.6598,19.8147,19.4211,20.5405,19.7741,20.0857,20.7686,20.9571,21.8414,19.2581,19.3884,19.4482,20.6888,21.802,19.6878,19.6868,19.9294,19.9956,19.8736,19.9393,20.034,20.1648,20.2508,21.4213,19.9753,20.0075,20.1838,20.7276,22.0356,20.2845,19.8343,20.2193,20.5267,20.8078,19.5201,20.01,20.3837,20.6573,21.2107
491,3:07:55 PM,19.6905,19.6942,19.5863,19.8883,20.2726,20.3419,20.1138,20.5223,20.5547,20.7275,20.3353,20.2765,20.2206,20.2694,20.5568,20.3984,20.5516,20.7303,20.8471,21.2058,20.4774,20.2784,20.558,20.2172,20.7438,19.6168,19.8864,19.7119,19.7809,20.1046,20.665,20.3498,20.6941,20.8221,21.1313,20.4773,20.5686,20.5193,20.4816,20.6744,20.5772,20.5789,20.7883,21.0912,21.487,20.9141,20.9947,20.7834,20.5112,20.7793,19.6812,19.3796,19.6883,19.5911,20.5296,19.6224,20.1938,20.5803,20.8534,20.9843,20.2085,20.3154,20.2083,20.6214,21.2818,20.5626,20.1096,20.0376,20.3774,21.3904,19.9676,20.4112,20.5085,20.5492,20.99,19.4551,19.6434,19.7147,20.0757,20.5814,20.3844,19.3359,20.037,19.3228,20.6901,19.8818,20.0191,20.4053,21.0458,22.4959,19.5357,19.3938,19.5674,20.4633,21.7867,19.5343,19.5356,20.0256,19.767,19.6633,19.8947,19.9194,20.2696,20.1291,20.9544,19.76,19.9521,20.301,20.8102,21.6604,20.1441,19.9909,20.4769,20.3078,20.7479,19.6362,20.0826,20.2764,20.8211,20.8786
492,3:08:15 PM,19.7552,19.7955,19.7355,19.791,20.2402,20.1481,19.9463,20.4575,20.6766,20.5342,20.314,20.2898,20.1283,20.3239,20.7533,20.5576,20.7071,20.6849,20.7925,21.1202,20.644,20.3444,20.4459,20.3091,20.6189,19.7412,19.9083,19.9129,19.8225,20.1462,20.4325,20.3175,20.732,20.7793,21.282,20.4382,20.3275,20.4634,20.5387,20.9615,20.5131,20.5971,20.7414,21.157,21.5416,20.7754,20.8405,20.866,20.5472,20.8529,19.6079,19.4127,19.6243,19.6415,20.4427,20.0633,20.1407,20.7356,20.7369,20.7996,20.1808,20.3008,20.0749,20.5633,21.4611,20.4753,20.2041,19.9591,20.6195,21.1826,19.8864,20.506,20.5598,20.4213,20.7887,19.521,19.4971,19.7547,19.8896,20.6934,20.445,19.3679,19.9008,19.435,21.1332,19.8862,20.0915,21.028,21.1843,22.0427,19.348,19.4515,19.4862,20.4743,21.6712,19.5008,19.6162,19.7032,19.9016,19.6753,19.9472,19.7965,20.0554,20.0494,20.9699,19.6471,19.9968,20.4095,20.635,22.4879,20.3215,20.1026,20.239,20.292,20.7019,19.5444,20.0543,20.4567,20.7689,21.0295
493,3:08:35 PM,19.8361,19.8023,19.6649,20.1342,20.3807,20.2526,20.0357,20.347,20.581,20.6261,20.3973,20.3011,20.2069,20.2776,20.766,20.4186,20.5748,20.568,20.7456,21.3638,20.4344,20.4029,20.4566,20.3837,20.8696,19.937,19.825,19.6702,19.9126,20.204,20.4216,20.2432,20.5091,21.0213,21.3757,20.4793,20.4923,20.5285,20.5141,21.0585,20.5752,20.5336,20.6631,21.0342,21.4221,20.8579,21.0163,20.8148,20.6143,20.9537,19.7299,19.4717,19.6624,19.728,20.4577,19.9491,20.2956,20.7106,20.8791,20.9542,20.1309,20.2464,20.287,20.789,21.2965,20.424,20.1112,20.0891,20.4966,21.1568,19.7956,20.3428,20.5354,20.485,20.8388,19.5437,19.4382,19.7368,20.1835,20.3946,20.4044,19.5575,19.9031,19.5456,20.9664,19.8023,20.1142,20.4919,20.8201,22.0609,19.3998,19.3624,19.8276,20.3832,21.7946,19.8106,19.6761,19.7789,19.9232,19.7606,19.7889,19.822,20.236,20.1225,21.3432,19.9214,19.9449,20.5105,20.9951,22.2287,20.3651,20.232,20.4993,20.4275,20.6309,19.4766,19.9809,20.2285,20.6198,20.9561
494,3:08:55 PM,19.9121,19.8202,19.5233,20.0576,20.3418,20.203,20.0231,20.4848,20.6833,20.5657,20.3727,20.3262,20.2989,20.4792,20.7891,20.499,20.607,20.697,20.7519,21.2698,20.7647,20.5859,20.4737,20.6761,20.8048,19.6764,19.9211,19.6682,20.0651,20.3612,20.4807,20.1868,20.4202,20.6368,21.4471,20.5483,20.36,20.6099,20.7146,20.959,20.5429,20.5794,20.5874,21.0652,21.5516,20.799,21.0882,20.8729,20.5974,20.9348,19.5824,19.345,19.5678,19.6448,20.3411,19.9323,20.1992,20.5537,20.939,20.7941,20.1856,20.3061,20.0576,20.7291,21.3318,20.5212,20.2621,19.9143,20.4345,21.0962,19.9874,20.5247,20.6807,20.5056,20.8557,19.435,19.6782,19.7299,19.9908,20.5207,20.3542,19.5642,20.0979,19.614,20.7569,19.712,19.9024,20.7307,20.9217,22.5105,19.5017,19.3796,19.3427,20.1969,21.6955,19.5801,19.8442,19.983,19.8125,19.9977,20.1306,19.8599,20.1992,20.1551,21.0703,19.7834,20.0083,20.3795,20.9042,22.4006,20.1038,19.9186,20.3297,20.283,20.5152,19.6688,20.1654,20.3006,20.5431,21.0881
495,3:09:15 PM,19.7763,19.7724,19.6799,20.0637,20.164,20.2178,20.0864,20.4637,20.3839,20.5137,20.4728,20.4269,20.2991,20.4017,20.4592,20.5144,20.532,20.5141,20.76,21.2032,20.5443,20.4201,20.4716,20.3344,20.8286,19.6855,19.9021,19.4863,19.8018,20.0954,20.5597,20.1098,20.7325,20.7372,21.4249,20.4977,20.3738,20.5201,20.6085,21.0108,20.7506,20.6646,20.7534,21.2058,21.5536,20.8529,21.0072,20.6717,20.4544,20.7578,19.673,19.3599,19.6461,19.6694,20.5442,19.8836,20.3243,20.6248,20.8741,21.1386,20.1279,20.3872,20.1727,20.7301,21.4651,20.6336,20.1704,19.9941,20.5331,21.2124,19.7585,20.2147,20.5019,20.6473,20.9447,19.4499,19.4881,19.5642,19.8969,20.4738,20.4744,19.7606,19.9939,19.3188,20.6895,19.5817,19.9978,20.5342,20.8524,22.1703,19.462,19.3509,19.4357,20.4393,21.6782,19.6221,19.8342,20.0989,19.9952,19.6942,19.868,19.7119,20.0558,20.1897,21.0098,19.7663,20.1395,20.2492,20.6812,22.5176,20.1562,19.8807,20.3341,20.3083,20.763,19.7506,20.2019,20.3598,20.66,21.3075
496,3:09:35 PM,19.7966,19.7263,19.774,19.8677,20.2511,20.3082,19.9713,20.371,20.6603,20.4531,20.3701,20.1699,20.16,20.4526,20.975,20.4233,20.6418,20.6053,20.8305,21.3996,20.7109,20.4787,20.3504,20.2157,20.911,19.7505,19.7987,19.6772,19.7722,20.1118,20.6671,20.1996,20.5507,20.6974,21.4007,20.512,20.5236,20.4693,20.6257,20.7407,20.5828,20.4554,20.7884,21.0584,21.5386,20.9711,20.9904,20.8704,20.4049,20.8781,19.7431,19.4452,19.7106,19.4968,20.5423,19.9399,20.251,20.558,20.9643,20.9818,20.2332,20.1401,20.2145,20.8292,21.374,20.5247,20.0851,19.8697,20.3363,21.1836,20.2086,20.2983,20.5093,20.5435,20.9669,19.3756,19.4855,19.6375,19.9394,20.4021,20.4974,19.5157,19.933,19.4811,20.5874,19.6483,20.0459,20.45,20.7562,21.85,19.3101,19.4773,19.669,20.6507,21.8586,19.694,19.913,19.9356,19.9519,19.8754,19.7383,19.8598,20.2425,20.229,20.9685,19.8301,19.9164,20.3728,20.9544,22.5601,20.2338,20.0287,20.2813,20.4236,20.5874,19.7199,20.0898,20.404,20.4868,21.0115
497,3:09:55 PM,19.6265,19.361,19.622,19.8835,20.3479,20.2914,20.2728,20.4092,20.6347,20.6005,20.4257,20.3772,20.473,20.5665,20.7516,20.4295,20.6058,20.7601,20.9091,21.3416,20.6288,20.4825,20.5171,20.2982,20.896,19.6429,19.8519,19.6435,19.8299,20.2032,20.4678,20.2831,20.6698,20.6782,21.4677,20.6621,20.5152,20.609,20.6587,20.6956,20.5766,20.6219,20.7718,21.2729,21.5128,20.9778,20.862,20.7481,20.4034,20.883,19.6169,19.4546,19.5701,19.5554,20.4643,19.7245,20.2925,20.7117,20.9486,20.8284,20.2763,20.4332,20.0891,20.6015,21.2296,20.6236,20.322,20.1312,20.3903,21.3707,20.2216,20.388,20.6363,20.5939,20.8853,19.5605,19.4869,19.6509,20.2894,20.391,20.389,19.5441,19.8993,19.6058,20.9734,19.8648,20.0526,20.5699,20.4542,21.8487,19.4553,19.2839,19.5451,20.5952,21.706,19.6955,20.0509,19.875,19.8294,20.3327,19.9276,20.0425,20.1117,20.1133,20.6659,19.7398,20.166,20.1932,20.8079,22.5611,20.3905,19.9599,20.2945,20.2094,20.9372,19.6704,20.1398,20.3343,20.6592,21.0999
498,3:10:15 PM,19.6467,19.5325,19.6238,20.007,20.265,20.0914,20.2932,20.6864,20.731,20.5915,20.3347,20.0414,20.0442,20.4051,20.8492,20.4771,20.6403,20.6389,20.7638,21.3837,20.5266,20.3459,20.6028,20.4214,20.8421,19.7225,19.9799,19.6814,19.9299,20.2302,20.3987,20.2323,20.5411,20.8392,21.4058,20.3601,20.3262,20.3475,20.5166,20.9622,20.7154,20.6972,20.7953,21.1204,21.5581,20.8958,20.964,20.9391,20.5727,20.9607,19.6087,19.3283,19.6521,19.5776,20.4509,19.541,20.2633,20.6916,20.7694,20.8608,20.2006,20.304,20.1423,20.7343,21.3057,20.5852,20.252,19.9802,20.3024,21.1905,19.9283,20.4001,20.7937,20.3918,21.0315,19.4621,19.4056,19.7711,20.07,20.5023,20.5153,19.5675,19.9084,19.3822,21.1052,19.812,20.1426,20.7242,20.7444,22.0168,19.4426,19.2566,19.5958,20.6705,21.4868,19.6122,19.7355,19.9613,19.9866,19.9827,19.9479,19.7319,20.155,20.2342,21.0316,20.0724,20.2531,20.3924,21.2835,22.5888,20.2244,20.2277,20.4954,20.4534,20.6967,19.4959,20.0536,20.3263,20.6604,21.0981
499,3:10:35 PM,19.5387,19.4744,19.8041,20.153,20.3571,20.2946,20.2192,20.5054,20.6655,20.5388,20.3768,20.2379,20.1779,20.255,20.4294,20.3893,20.451,20.6059,20.8471,21.2919,20.7064,20.3753,20.6155,20.1488,20.817,19.6953,19.9194,19.6865,19.6753,20.3444,20.6535,20.3221,20.6953,21.0232,21.3126,20.5383,20.3803,20.4147,20.3443,20.2492,20.4465,20.4618,20.5346,21.0827,21.5207,20.7379,20.9984,20.8127,20.516,20.9341,19.6545,19.3485,19.66,19.506,20.4967,19.8344,20.3727,20.3759,20.9962,20.7358,20.4474,20.3434,20.189,20.6372,21.1424,20.6529,20.0866,19.953,20.5427,21.0551,20.0295,20.2604,20.6119,20.3836,20.5877,19.4516,19.3619,19.8569,19.9977,20.7112,20.4,19.7614,20.2703,19.478,21.18,19.7689,20.092,20.4343,20.7182,21.9427,19.3197,19.3331,19.7002,20.6239,21.6534,19.6161,19.771,19.6952,19.827,19.8479,19.7651,19.8796,20.1053,20.1164,20.9689,19.9128,20.0843,20.359,20.9195,22.5399,20.3002,20.3811,20.4682,20.314,20.46,19.6323,20.094,20.0489,20.6261,20.8652
500,3:10:55 PM,19.6137,19.6954,19.6491,20.0271,20.4146,20.3778,20.4591,20.6144,20.8187,20.7567,20.5468,20.1507,20.1562,20.2725,20.4829,20.4519,20.4149,20.5668,20.8425,21.399,20.6034,20.1778,20.4289,20.4313,20.8251,19.6241,20.0643,19.8655,19.9117,20.1805,20.4671,20.3173,20.8004,20.9838,21.4301,20.686,20.3854,20.3548,20.3103,20.2473,20.4826,20.6435,20.9303,21.0687,21.5571,20.8802,20.9914,20.8734,20.4325,20.7957,19.7294,19.3257,19.5938,19.5182,20.3958,19.8516,20.3049,20.7581,20.8557,20.965,20.3286,20.4104,20.3372,20.6552,21.2755,20.56,20.3033,20.0904,20.4331,21.146,20.081,20.1202,20.4047,20.4576,20.858,19.5613,19.4792,19.7754,20.0147,20.4978,20.4428,19.7478,20.2459,19.5973,20.9256,19.7162,20.0903,20.7307,20.9081,21.976,19.4445,19.3616,19.3969,20.8042,21.7425,19.6788,19.9605,19.9582,20.0078,19.8501,19.7754,19.8405,20.2415,20.2418,21.0898,19.8341,20.2326,20.4895,20.9623,22.5296,20.2094,19.8767,20.2902,20.2561,20.6616,19.9427,20.2154,20.3159,20.43,21.0264
501,3:11:15 PM,19.6907,19.7563,19.7102,20.01,20.3224,20.2127,20.3095,20.5333,20.7091,20.5595,20.3698,20.1044,20.1628,20.2847,20.4662,20.2452,20.538,20.7153,20.6938,21.3225,20.7547,20.5083,20.4088,20.3581,20.9599,19.7919,19.8045,19.7564,19.9675,20.227,20.6238,20.3929,20.7207,20.873,21.2704,20.4912,20.3455,20.2917,20.4176,20.5211,20.6962,20.6126,20.7069,21.155,21.5424,20.788,20.8538,20.8024,20.5165,20.924,19.6368,19.3748,19.5969,19.7131,20.5107,20.0575,20.1784,20.6049,20.8447,20.8554,20.3774,20.3476,20.1615,20.5358,21.6089,20.5434,20.1527,19.9795,20.2995,21.1597,19.66,20.2737,20.5764,20.6408,20.8255,19.5963,19.4965,19.8213,19.8464,20.4572,20.6867,19.7594,20.3103,19.4426,21.2062,19.7914,20.2323,20.6267,21.0413,22.2504,19.2912,19.3181,19.2557,20.3442,21.6873,19.7087,19.8568,20.0107,19.9934,19.7898,19.8919,19.8212,20.1676,20.2413,21.0801,19.7745,20.1316,20.3768,21.0818,22.601,20.2704,20.2577,20.3491,20.4912,20.7309,19.5993,20.206,20.1546,20.7914,21.0088
502,3:11:35 PM,19.7093,19.722,19.6164,20.2369,20.4397,20.2204,20.3284,20.557,20.6278,20.6892,20.3252,20.1482,20.062,20.2809,20.4979,20.337,20.6293,20.7084,21.0392,21.2799,20.6187,20.3083,20.5085,20.5557,20.9996,19.9036,20.0222,19.8578,19.9814,20.112,20.4944,20.2888,20.9246,20.7492,21.3079,20.5937,20.4629,20.4701,20.3705,20.7804,20.7081,20.6049,20.6428,21.1531,21.6183,20.6204,20.7558,20.9039,20.6102,20.9073,19.6244,19.5437,19.5693,19.8026,20.4937,19.8699,20.4683,20.5137,20.8349,21.0412,20.1941,20.3249,20.0917,20.7266,21.3663,20.597,20.1924,19.8313,20.3104,21.0426,19.7143,20.1813,20.5133,20.5596,20.6535,19.8016,19.4008,19.6971,20.2567,20.4547,20.5363,19.5676,20.0561,19.4705,20.8306,19.913,20.1553,20.6182,20.7301,22.085,19.377,19.3248,19.5287,20.3355,21.3928,19.5808,19.6031,19.8687,19.934,19.7917,19.7732,19.9421,20.161,20.203,21.0427,19.8708,20.1741,20.2459,20.6106,22.8193,20.3993,20.2513,20.368,20.2694,20.6717,19.6106,20.0832,20.2872,20.5819,21.0682
503,3:11:55 PM,19.7859,19.7996,19.6584,20.0136,20.3802,20.3457,20.2643,20.7272,20.7644,20.7258,20.2269,20.1822,20.0307,20.179,20.8094,20.3763,20.5164,20.7707,20.7751,21.4252,20.7159,20.5297,20.5901,20.5509,20.7412,19.8509,20.1339,19.8148,20.2577,20.268,20.8114,20.1515,20.6715,20.9369,21.3455,20.4296,20.3904,20.5001,20.8292,21.0803,20.5826,20.6103,20.6159,21.2249,21.3061,20.8369,20.748,20.8886,20.6184,20.7726,19.7309,19.3704,19.6905,19.7373,20.5059,20.0227,20.2484,20.5508,20.9756,20.9611,20.3099,20.3047,20.0211,20.6807,21.3536,20.5327,20.0329,19.9492,20.4163,20.9531,20.0907,20.3002,20.5836,20.6472,20.6756,19.3955,19.5721,19.7513,20.0281,20.4443,20.6231,19.557,20.1536,19.5517,20.6897,19.7377,19.9076,20.6713,20.6113,21.6821,19.4051,19.4346,19.8269,20.3575,21.4947,19.6676,19.5871,19.6557,19.8696,19.7632,19.9376,19.897,20.1598,20.2252,21.1144,19.7298,20.146,20.3803,20.85,21.864,20.1645,19.8236,20.5435,20.1921,20.5809,19.5546,20.0879,20.4086,20.6417,21.07
504,3:12:15 PM,19.6284,19.9196,19.6059,20.0752,20.408,20.3492,20.0727,20.6861,20.7752,20.8042,20.3878,20.2322,20.1961,20.285,20.5714,20.5052,20.6124,20.6145,21.0468,21.3082,20.6377,20.3432,20.5378,20.2411,20.8138,19.7607,19.9754,19.69,20.0905,20.1788,20.4758,20.3843,20.7366,20.7492,21.3758,20.4322,20.3945,20.6534,20.7987,20.772,20.7511,20.5528,20.9773,21.1487,21.6554,20.9448,21.0391,21.0473,20.7088,20.8987,19.7462,19.4344,19.6881,19.7515,20.4818,19.7627,20.2475,20.6535,20.7798,20.7457,20.2689,20.2996,20.0657,20.6465,21.2015,20.2657,20.1717,19.8616,20.4845,21.3706,20.0088,20.2615,20.5925,20.6073,20.9242,19.2755,19.2961,19.7188,19.9206,20.4679,20.4329,19.5332,19.7934,19.2922,20.7089,19.7377,20.1048,20.4679,20.7604,21.9829,19.3087,19.3972,19.4829,20.5161,21.7503,19.6058,19.7465,19.943,20.2257,20.0135,19.8907,19.9412,20.1134,20.1988,20.978,19.8798,20.1075,20.4113,20.8243,21.9416,20.1291,20.1222,20.319,20.3875,20.7639,19.5183,20.0988,20.4642,20.726,20.9044
505,3:12:35 PM,19.4847,19.6282,19.6161,19.9799,20.4189,20.3804,20.2745,20.6956,20.6242,20.7689,20.4163,20.2534,20.2151,20.3907,20.575,20.5838,20.5469,20.6641,20.7423,21.4412,20.5612,20.3485,20.6095,20.5875,20.8543,19.7665,19.82,19.6537,19.7333,20.2119,20.7746,20.241,20.7531,20.8581,21.4239,20.5448,20.3343,20.2701,20.3084,20.5688,20.5391,20.7182,20.6638,21.2443,21.3061,20.6286,20.8298,20.9059,20.5884,20.8511,19.5887,19.2844,19.6293,19.7922,20.4365,20.0996,20.1875,20.5842,20.938,21.0688,20.5346,20.275,20.1354,20.7014,21.2879,20.4749,20.1428,19.9598,20.4425,21.1895,19.6915,20.3606,20.692,20.5596,21.0733,19.4156,19.3103,19.5573,19.8896,20.5164,20.5454,19.5272,20.4249,19.5105,20.6488,19.7446,20.3689,20.7359,21.0113,21.9817,19.4998,19.3742,19.4472,20.5613,21.7882,19.6626,19.4313,19.8506,19.844,20.3227,19.849,19.9073,20.225,20.117,21.0357,19.7817,19.9676,20.2273,21.6692,22.1564,20.2164,20.1004,20.3187,20.273,20.5703,19.7154,19.9884,20.0497,20.8213,21.0056
506,3:12:55 PM,19.7876,19.8417,19.8302,20.2237,20.219,20.1953,20.1469,20.4953,20.8201,20.7569,20.3843,20.1333,20.1727,20.077,20.482,20.4045,20.3941,20.7222,20.8174,21.3982,20.6283,20.4457,20.4861,20.364,20.7756,19.8458,20.1112,19.8181,19.8479,20.313,20.6552,20.3631,20.7827,20.9299,21.326,20.4024,20.4551,20.2834,20.4015,20.8235,20.5486,20.6434,20.6636,20.9688,21.4799,20.7489,20.983,20.8138,20.3732,20.8414,19.6573,19.5809,19.7949,19.7321,20.5985,20.0829,20.4761,20.5257,20.8593,21.0464,20.4184,20.3492,20.1489,20.5732,21.8427,20.4754,20.2275,19.874,20.4206,21.0628,19.9782,20.2242,20.4477,20.5548,20.9358,19.6311,19.5995,19.7956,20.1315,20.4671,20.5642,19.3962,19.8399,19.5427,20.8951,19.7434,20.0332,20.7648,21.3778,22.2389,19.353,19.4943,19.2156,20.4798,21.63,19.6098,19.4247,19.9312,20.104,20.441,19.8721,19.8429,20.1062,20.1987,20.7215,20.0599,20.0225,20.4197,20.9911,21.7961,20.1155,20.0693,20.4818,20.3075,20.5471,19.6973,19.9006,20.2353,20.7851,20.9609
507,3:13:15 PM,19.8026,19.8172,19.6104,20.2349,20.4616,20.4089,20.0504,20.2617,20.7348,20.8557,20.3296,20.231,20.2687,20.4281,20.6625,20.4466,20.4799,20.6176,20.75,21.4893,20.6874,20.3995,20.5042,20.1772,20.9624,19.7149,20.0391,19.8428,19.7223,20.1458,21.0298,20.224,20.6697,20.698,21.2954,20.5597,20.4847,20.4681,20.4223,20.5216,20.6132,20.3922,20.5668,21.4508,21.4673,20.8047,20.827,20.9211,20.6022,20.9251,19.8157,19.3701,19.5982,19.4727,20.6174,19.909,20.2313,20.5099,20.8144,21.1661,20.1594,20.3079,20.1813,20.5448,21.3215,20.4156,19.9967,19.8779,20.4944,21.1021,20.1659,20.168,20.5765,20.4377,21.0693,19.5603,19.4758,19.7611,20.1483,20.5881,20.6433,19.6901,20.0641,19.7435,20.6616,19.7564,20.128,20.5186,21.0763,21.8434,19.2751,19.2753,19.6214,20.4,21.3867,19.5491,19.6497,20.0116,19.8036,20.5956,19.7605,19.8406,20.0812,20.0297,20.9003,20.0109,20.0512,20.3619,20.748,21.9968,20.2741,19.8911,20.4562,20.354,20.9191,19.8785,20.0104,20.5375,20.9533,20.8776
508,3:13:35 PM,19.9077,19.9055,19.6127,20.1529,20.4473,20.1114,20.0362,20.3503,20.5963,20.7142,20.4118,20.1795,20.0242,20.5477,20.4924,20.3798,20.6231,20.4122,20.8459,21.221,20.4557,20.3455,20.4587,20.3609,20.8369,19.7619,19.9916,19.6108,19.8257,20.2942,20.5613,20.2617,20.7207,20.712,21.4363,20.3798,20.5348,20.4635,20.7987,20.9719,20.6493,20.5179,20.6867,20.9923,21.454,20.8704,20.9163,20.8243,20.4944,20.8757,19.8192,19.4093,19.6874,19.6471,20.5222,19.6535,20.1078,20.4861,20.8544,21.0743,20.1134,20.3135,20.2106,20.6874,21.4371,20.5413,20.1436,19.8943,20.3,21.0987,19.8668,20.3376,20.4745,20.3569,20.6998,19.5731,19.5143,19.7436,20.1433,20.5376,20.5063,19.7053,20.1641,19.574,20.7671,19.8288,20.1952,20.6037,20.8059,21.9239,19.4183,19.4892,19.4568,20.6233,21.5425,19.5856,19.4708,19.6723,19.6136,20.3312,19.9454,19.7576,20.2133,20.1526,20.8066,20.0403,20.2646,20.2422,20.743,22.103,20.4728,20.2684,20.5395,20.3995,21.1782,19.4539,19.9946,20.2568,20.7836,21.3232
509,3:13:55 PM,19.5776,19.5944,19.6565,20.2354,20.2944,20.2951,20.1726,20.5074,20.5483,20.6078,20.3778,20.3717,20.2294,20.4389,20.5284,20.442,20.5337,20.4757,20.7204,21.3742,20.6266,20.421,20.5385,20.2983,21.1247,19.6353,19.926,19.6432,19.9054,20.1078,20.5847,20.254,20.6601,20.693,21.344,20.1989,20.4088,20.4787,20.5131,20.9021,20.7011,20.6335,20.8258,21.1978,21.6097,20.7878,20.8225,20.991,20.5035,21.0685,19.7483,19.4868,19.6981,19.7006,20.6108,19.6743,20.5091,20.6184,20.6065,20.8705,20.3033,20.3435,20.1107,20.7062,21.469,20.5758,20.1069,19.9946,20.3067,21.2246,19.9643,20.2227,20.3868,20.5797,20.8931,19.6911,19.456,19.6639,20.1197,20.5544,20.4586,19.636,20.1248,19.5344,21.0442,19.6994,20.0346,20.3137,20.8409,22.3125,19.467,19.4812,19.5264,20.3421,21.2539,19.6688,19.5343,19.9364,19.8038,19.8123,20.1039,20.0949,20.1842,20.2521,21.1826,20.0071,20.2727,20.3495,20.9434,22.6742,20.3423,20.1708,20.3687,20.2986,20.6818,19.7231,20.181,20.4747,20.7798,21.1902
510,3:14:15 PM,19.5919,19.5715,19.7068,19.912,20.4343,20.4565,20.1735,20.5153,20.5836,20.4662,20.4572,20.1574,20.117,20.3218,20.6092,20.4473,20.4329,20.4581,20.7879,21.2955,20.3481,20.5363,20.5145,20.3404,20.9243,19.6575,19.7662,19.5111,19.6694,20.1837,20.4105,20.3199,20.6535,20.5937,21.3374,20.544,20.3509,20.3895,20.4218,20.4293,20.6405,20.5828,20.7221,21.1451,21.4622,20.7393,20.8384,20.8011,20.4336,20.9482,19.6447,19.2604,19.6532,19.7229,20.4589,19.7787,20.4075,20.6492,20.7376,20.766,20.5154,20.4418,20.3717,20.4848,21.4537,20.4858,20.2122,19.9737,20.3655,21.2996,19.9438,20.3407,20.5762,20.4098,20.9276,19.3853,19.5835,19.7336,20.0359,20.461,20.5893,19.4766,19.8942,19.2886,20.8103,19.7581,20.0731,20.4778,20.8002,21.7683,19.3962,19.3477,19.4444,20.6249,21.6116,19.7503,19.705,19.92,19.8902,20.1122,19.6671,19.9677,20.199,20.158,21.1018,19.8647,20.1062,20.3103,21.0401,22.0898,20.2322,20.005,20.33,20.3532,20.8248,19.85,20.1339,20.4699,20.648,21.2452
511,3:14:35 PM,19.8098,19.7428,19.5752,20.0225,20.333,20.4517,20.2994,20.6944,20.7877,20.6648,20.3408,20.1403,20.0821,20.2276,20.5254,20.3787,20.5024,20.5989,20.8021,21.4002,20.7204,20.5353,20.4756,20.2053,20.8546,19.8517,19.965,19.6168,19.7511,20.225,20.2626,20.3725,20.8282,20.9255,21.215,20.4381,20.3348,20.3379,20.2152,20.8071,20.3749,20.5221,20.8082,21.1762,21.4676,20.6304,20.9017,20.905,20.508,20.9583,19.738,19.4209,19.5951,19.757,20.3776,19.6524,20.385,20.6102,20.6545,21.1681,20.2984,20.4365,20.2412,20.614,21.2958,20.5136,20.0164,19.8347,20.342,21.0363,20.0762,20.4633,20.5387,20.4922,20.8019,19.4437,19.6049,19.8143,19.9768,20.4486,20.4845,19.6436,19.8596,19.4943,21.1804,19.7751,20.2075,20.3374,20.6914,21.9803,19.4865,19.52,19.4834,20.4188,21.6203,19.8265,19.5483,19.9296,19.7223,19.9596,19.9018,19.845,20.0539,20.1666,21.7954,19.9301,20.2019,20.2374,20.726,22.4688,20.3451,20.0836,20.3295,20.3315,20.7322,19.73,20.0537,20.3481,21.0793,20.9489
512,3:14:55 PM,19.7803,19.7204,19.5201,19.9508,20.3782,20.4457,20.4765,20.5212,20.8354,20.6887,20.2305,20.2112,20.2219,20.3092,20.4425,20.3761,20.6041,20.6148,20.7571,21.3218,20.5467,20.5136,20.6559,20.5135,21.0394,19.5983,19.8223,19.7591,19.9106,20.2535,20.3582,20.4207,20.6781,20.7548,21.2072,20.5514,20.349,20.23,20.2289,20.5964,20.55,20.5761,20.8708,21.0523,21.3842,20.78,20.9463,20.866,20.538,20.952,19.5988,19.2367,19.607,19.8355,20.4867,19.7476,20.3944,20.5311,20.6913,21.0767,20.4391,20.2795,20.1914,20.5923,21.7114,20.4182,20.015,19.9856,20.2842,21.1944,19.9062,20.3217,20.6182,20.5508,20.6301,19.3589,19.4239,19.705,20.0925,20.536,20.5179,19.5839,20.1329,19.4444,21.2714,19.7663,20.1476,20.6753,21.2918,22.0479,19.3862,19.2484,19.3645,20.4296,21.5976,19.7074,19.8155,20.1546,19.8918,19.8118,19.8477,19.9188,20.0708,20.207,21.1241,19.8118,20.1825,20.1417,20.6122,21.8576,20.1042,19.9462,20.2132,20.2875,20.6404,19.5183,20.1446,20.024,20.6005,20.9725
513,3:15:15 PM,19.6737,19.7444,19.5781,19.9532,20.446,20.3168,20.3022,20.5705,20.7712,20.7525,20.2604,20.1931,20.2128,20.35,20.2364,20.4209,20.5731,20.7062,20.7138,21.1986,20.6583,20.3901,20.5915,20.0426,20.9288,19.7021,19.9194,19.7246,19.9357,20.0388,20.6018,20.4476,20.7095,20.7064,21.3373,20.3477,20.3639,20.4274,20.4282,20.4123,20.462,20.5867,20.8586,21.0317,21.5262,20.7473,21.0333,20.8513,20.4504,20.7492,19.5998,19.2891,19.47,19.7543,20.426,19.975,20.3259,20.6717,20.6992,20.9597,20.3023,20.3913,20.2179,20.7128,21.3584,20.2232,20.2339,19.9239,20.4199,20.9523,19.994,20.2519,20.4424,20.4792,20.9489,19.3127,19.2423,19.6278,19.9263,20.3108,20.449,19.4217,19.7608,19.3203,20.7659,19.8801,20.0949,20.8649,21.0304,22.1502,19.5312,19.6069,19.8466,20.4479,21.8802,19.5924,19.6103,19.9543,19.9301,19.8142,19.8096,19.6704,20.1214,20.1705,21.1221,19.8589,19.996,20.1464,21.0616,22.3899,20.1149,20.0375,20.3306,20.326,21.0411,19.6228,20.0756,20.4708,20.8425,21.0174
514,3:15:35 PM,19.9144,19.816,19.64,20.0177,20.3592,20.338,20.3452,20.6551,20.7891,20.7687,20.3922,20.1109,20.0665,20.3935,20.5409,20.3933,20.7163,20.5663,20.8104,21.3598,20.6943,20.3866,20.3149,20.1914,20.8669,19.6386,20.0436,19.8369,19.9836,19.9853,20.3429,20.4708,20.4703,20.6774,21.2104,20.5445,20.4624,20.4845,20.4212,20.4694,20.6446,20.6302,20.5759,21.0942,21.5099,20.8163,21.1323,20.9212,20.4656,20.7914,19.6475,19.4266,19.6839,19.556,20.3507,20.0756,20.3653,20.6596,20.8292,21.0321,20.3458,20.363,20.1257,20.812,21.4179,20.4321,20.2495,20.0009,20.5248,21.2548,19.9313,20.3745,20.5409,20.4043,21.0288,19.5039,19.5592,19.6809,19.9954,20.4078,20.497,19.8059,20.0483,19.4228,20.5709,19.6784,20.111,20.4644,20.7843,21.9858,19.1935,19.4175,19.1098,20.8199,21.6102,19.5339,19.8056,19.8555,19.751,19.9238,19.8706,19.8483,20.075,20.176,21.2487,19.602,20.028,20.2452,21.0305,22.1332,20.367,20.2445,20.3345,20.3937,20.6897,19.6259,20.0098,20.2766,20.7919,21.1941
515,3:15:55 PM,19.7173,19.5785,19.5991,20.0803,20.26,20.3684,20.09,20.5529,20.7327,20.5368,20.5159,20.1133,19.9786,20.2064,20.5718,20.2864,20.4512,20.4927,20.738,21.3192,20.585,20.4529,20.53,20.5153,20.8581,19.814,20.0388,19.6687,20.0314,20.1016,20.4805,20.4378,20.5924,20.7362,21.3027,20.5201,20.3792,20.4732,20.3918,21.026,20.5525,20.7107,20.6018,21.1819,21.4404,20.6513,20.9686,20.8963,20.5272,21.0094,19.6287,19.403,19.6359,19.592,20.4923,20.0475,20.2008,20.4376,20.7875,20.8645,20.3226,20.2558,20.2117,20.7032,21.3636,20.5743,20.2015,19.9649,20.4508,21.1667,19.9829,20.178,20.5952,20.4656,20.8961,19.5064,19.5093,19.7424,19.9452,20.5832,20.5906,19.5578,20.0244,19.5793,20.8191,19.8747,19.9183,20.6362,20.8957,22.1246,19.3859,19.5052,19.5282,20.5384,21.4276,19.7313,19.6461,19.8401,19.6821,20.3924,19.8299,19.8949,20.0312,20.2405,20.8682,19.8817,20.1548,20.1898,20.8632,22.0774,20.068,20.0961,20.3007,20.3741,20.7041,19.5505,19.9443,20.0147,20.7063,21.2546
516,3:16:15 PM,19.7778,19.8882,19.6487,19.9527,20.2998,20.2239,20.141,20.5748,20.7871,20.8692,20.2735,20.039,20.0092,20.2986,20.4001,20.3914,20.7113,20.6952,20.9285,21.437,20.6097,20.4193,20.572,20.5959,21.0766,19.7904,20.0129,19.8417,19.6758,20.0558,20.7452,20.4345,20.5361,20.6512,21.3559,20.4166,20.4498,20.3217,20.231,20.2505,20.67,20.6258,20.9216,21.2273,21.5984,20.6889,21.0282,20.8905,20.5728,20.8093,19.6363,19.4816,19.8112,19.6805,20.4062,19.9245,20.2878,20.5892,20.7252,20.8483,20.254,20.305,20.0751,20.7117,21.1434,20.4615,20.2355,19.8376,20.3018,20.949,19.7363,20.1228,20.5155,20.401,20.9508,19.3902,19.4536,19.7984,20.1204,20.4541,20.5898,19.5677,20.1618,19.381,20.8727,19.807,19.8541,20.6444,20.7421,21.8872,19.3085,19.3622,19.8211,20.6426,21.5993,19.6087,19.724,20.0783,19.8916,20.0144,19.7948,19.9735,20.1528,20.3333,20.9188,19.9068,20.1293,20.1634,20.7976,22.4362,20.3524,20.0172,20.3415,20.3135,20.4827,19.4102,20.2211,20.3895,20.6911,20.9812
517,3:16:35 PM,19.7979,19.7623,19.4961,20.0267,20.2686,20.2555,20.1583,20.4762,20.5499,20.8381,20.2608,20.3097,20.0927,20.1867,20.5521,20.2281,20.4645,20.5923,20.7769,21.4651,20.5395,20.5417,20.5091,20.4439,20.7922,19.7891,19.8254,19.8263,19.715,20.1268,20.7401,20.2476,20.6134,20.6901,21.501,20.441,20.4106,20.4979,20.6923,20.8139,20.5709,20.776,20.8844,21.1398,21.4798,20.7069,20.9021,20.8891,20.4659,20.9866,19.6731,19.4902,19.7334,19.6052,20.4529,19.888,20.238,20.6066,20.9783,21.2325,20.3114,20.4235,20.1722,20.9227,21.731,20.4406,20.2024,19.9133,20.3247,20.8531,19.8841,20.1842,20.6064,20.4132,20.7892,19.6123,19.622,19.6844,20.0978,20.3859,20.6158,19.6244,19.9488,19.5517,21.0486,19.7518,20.2214,20.6877,21.1676,22.0487,19.4753,19.5981,19.5176,20.3381,21.6273,19.7136,19.6036,19.796,19.8232,19.9523,19.752,19.8244,20.0693,19.9812,20.9871,19.9369,20.0347,20.3651,20.8952,22.4726,20.2184,20.0827,20.3957,20.2432,20.4319,19.6768,20.0903,20.5156,20.7505,21.0145
518,3:16:55 PM,19.657,19.6563,19.8001,19.9444,20.2717,20.3789,20.3318,20.5947,20.8441,20.8247,20.1738,20.2603,20.0224,20.1859,20.2583,20.4105,20.3979,20.4746,20.7758,21.1929,20.6143,20.5546,20.5608,20.1748,20.7779,19.8028,19.9829,19.7294,19.7522,20.0814,20.6844,20.461,20.7379,20.7006,21.3721,20.5422,20.459,20.5288,20.0655,20.2114,20.5068,20.6049,20.7299,21.2124,21.4956,20.7188,20.934,20.8108,20.5712,20.9052,19.7617,19.4066,19.6162,19.8015,20.4659,19.718,20.2722,20.6518,20.7402,20.9899,20.334,20.1514,20.0314,20.6505,21.5299,20.5926,20.2299,19.9043,20.3317,21.0528,19.9053,20.2228,20.4114,20.6902,20.6639,19.5941,19.6286,19.6333,20.2268,20.317,20.5331,19.4631,20.1061,19.5701,20.9063,19.7039,20.1633,20.3594,20.6205,22.259,19.4999,19.5274,19.6693,20.3606,21.7138,19.5918,19.4129,19.8715,19.7097,19.78,19.8171,19.8712,19.9633,20.1145,20.7103,19.7239,20.0939,20.3111,20.8966,22.7373,20.2173,19.8743,20.2125,20.1862,20.8458,19.4613,19.8518,20.3811,21.0131,21.0396
519,3:17:15 PM,19.83,19.872,19.5787,19.9346,20.3259,20.4178,20.5716,20.5518,20.8457,20.9009,20.4912,20.228,19.9184,20.1967,20.4232,20.5627,20.4879,20.4371,20.929,21.2505,20.5724,20.2983,20.6784,20.3995,20.7132,19.915,19.7527,19.581,19.7172,19.968,20.5561,20.3915,20.7732,20.7485,21.4342,20.5762,20.6012,20.3789,20.3589,20.884,20.5514,20.4827,20.7921,21.1191,21.3657,20.7399,20.8393,20.9514,20.5675,20.8339,19.6539,19.3258,19.5344,19.7363,20.4657,19.9344,20.2162,20.6169,20.7917,20.7467,20.204,20.3555,20.0176,20.6411,21.3294,20.5684,20.2161,19.8694,20.4278,21.0858,20.0617,20.4007,20.4788,20.5226,20.7877,19.4483,19.5068,19.7348,19.9984,20.3483,20.4666,19.4994,19.8475,19.3624,20.5767,19.6931,20.0816,20.4047,20.749,21.6523,19.2871,19.3184,19.873,20.4714,21.7148,19.7075,19.8221,20.0131,19.6715,19.6689,19.925,19.8833,20.0774,20.2522,21.0862,19.7654,20.0883,20.2133,21.0284,22.2556,20.1686,20.1684,20.3938,20.2146,20.5174,19.537,19.8893,20.2158,20.5797,21.2219
520,3:17:35 PM,19.4933,19.7887,19.7907,19.9201,20.2895,20.4038,20.2282,20.5316,20.7989,20.8541,20.3099,20.2257,20.1753,20.2046,20.3603,20.4584,20.5381,20.5682,20.8696,21.253,20.7345,20.4842,20.5364,20.361,20.9195,19.8174,19.7787,19.7861,19.6793,20.0686,20.7879,20.33,20.7502,20.995,21.2981,20.4141,20.0937,20.4257,20.2279,20.2279,20.5181,20.5455,20.7999,21.0833,21.3865,20.7071,20.7845,20.9137,20.4217,20.9428,19.6452,19.4497,19.679,19.5745,20.3964,19.7697,20.2347,20.651,20.8361,20.9825,20.5224,20.3584,20.1434,20.6035,21.3735,20.5756,20.3672,19.8646,20.388,20.9396,19.7824,20.3912,20.6226,20.2496,20.7445,19.6149,19.4712,19.6828,20.0042,20.5357,20.5285,19.5585,20.0736,19.6683,21.0925,19.6572,20.034,20.5033,20.6719,21.9778,19.2152,19.3268,19.9185,20.6224,21.6399,19.6437,19.8773,20.1477,20.1574,20.1219,19.8086,19.8616,20.278,20.1049,20.8192,19.5099,20.2149,20.4586,20.7743,21.6841,20.0806,19.9219,20.3938,20.3799,20.4821,19.5927,19.8473,20.1433,20.4861,20.9209
521,3:17:55 PM,19.7165,19.7581,19.7417,19.916,20.3609,20.2102,20.0559,20.6463,20.8051,20.7836,20.2022,20.1464,20.0599,20.1175,20.2798,20.4053,20.6265,20.6208,20.8373,21.1997,20.5264,20.4382,20.5045,20.4722,20.7505,19.7686,20.2568,19.8789,19.5846,20.096,20.8016,20.3717,20.7956,20.7399,21.4228,20.5595,20.4483,20.3326,20.362,20.8899,20.4543,20.6041,20.6708,21.196,21.4978,20.7493,21.004,20.9481,20.5935,20.8542,19.6007,19.3262,19.7229,19.4871,20.3961,19.8444,20.1106,20.5523,20.7325,20.6795,20.281,20.296,20.2374,20.5334,21.4941,20.519,19.9422,19.7595,20.4495,20.724,19.865,20.0894,20.3961,20.4266,20.5593,19.2264,19.4744,19.7621,19.9235,20.3723,20.5709,19.4009,19.7077,19.4638,20.7517,19.901,20.2462,20.5931,20.6966,22.0656,19.3176,19.4429,19.7244,20.3821,21.5097,19.7187,19.6128,20.0698,19.9076,20.1131,19.9122,19.811,20.1607,20.079,20.8375,19.5496,20.2812,20.1809,20.6581,22.4017,20.384,20.199,20.2445,20.2709,20.7309,19.7637,19.9468,20.283,20.6533,21.2397
522,3:18:15 PM,19.6014,19.7353,19.7997,19.928,20.3619,20.4373,20.391,20.6665,20.8328,20.8295,20.3639,20.1592,20.2304,20.0864,20.502,20.401,20.6008,20.7032,20.8242,21.2893,20.6851,20.4655,20.3115,20.3188,20.9415,19.8572,19.9961,19.8193,20.1266,20.2066,20.512,20.4009,20.7685,21.0707,21.2917,20.4243,20.399,20.3592,20.4367,20.7707,20.5625,20.5088,20.562,21.0863,21.29,20.6775,20.9319,20.7953,20.6661,20.8088,19.6662,19.5233,19.5995,19.6757,20.5698,19.9345,20.0871,20.6185,20.8699,20.7124,20.4097,20.3332,20.1516,20.7282,21.5442,20.4921,20.1449,19.7867,20.3206,20.9316,19.9921,20.3218,20.4652,20.4627,20.6444,19.5238,19.5314,19.7945,20.1616,20.3122,20.4543,19.3281,19.9118,19.7436,20.5959,19.7701,20.1088,20.6162,20.8211,22.0342,19.2876,19.3728,19.3145,20.4403,21.6692,19.7803,19.6294,19.9969,19.933,19.756,19.8795,20.0136,20.1507,20.2192,20.8259,19.8214,20.1882,20.4083,20.8519,22.4787,20.0772,19.8671,20.2917,20.378,20.711,19.537,19.9722,20.4797,20.556,21.1322
523,3:18:35 PM,19.7753,19.6323,19.7364,20.0762,20.3513,20.2642,20.1982,20.6131,20.764,20.8344,20.1983,20.1771,20.1072,20.1827,20.1771,20.3233,20.5813,20.8222,20.6542,21.3139,20.4292,20.3777,20.3284,20.4562,20.8475,19.7024,19.8867,19.9764,19.6813,20.1346,20.9204,20.2824,20.7957,20.6467,21.4935,20.3706,20.3661,20.4698,20.3588,20.5035,20.5102,20.5298,20.5596,21.184,21.423,20.8011,20.9361,20.9136,20.5806,20.839,19.5488,19.2796,19.5707,19.5991,20.3305,19.7146,20.1344,20.6738,20.8421,20.9085,20.3992,20.237,20.1213,20.4911,21.9041,20.4927,20.1329,19.8875,20.3658,20.9182,19.7754,20.1805,20.5431,20.4482,20.8083,19.4501,19.4758,19.6356,19.8685,20.5801,20.4723,19.4154,19.6997,19.5904,20.7364,19.753,19.9611,20.7478,21.2265,22.4239,19.2861,19.4435,19.1557,20.3365,21.7828,19.6281,19.6314,19.7754,19.8077,19.7007,19.9811,19.868,20.2879,20.1821,20.9031,19.6385,20.1429,20.3414,20.7239,21.6929,20.1993,19.908,20.1552,20.3585,20.563,19.6435,20.0994,20.2989,20.5902,21.1999
524,3:18:55 PM,19.8008,19.848,19.7161,19.9363,20.2706,20.2858,20.2313,20.4068,20.9242,20.8151,20.3876,20.1969,20.2932,20.1233,20.4048,20.19,20.6115,20.6265,20.7047,21.1516,20.5456,20.5739,20.4237,20.309,20.7075,19.7504,19.9843,19.5968,20.0424,20.1976,20.3978,20.4336,20.6119,20.7104,21.3169,20.5387,20.4573,20.332,20.3109,20.3779,20.7021,20.4941,20.72,21.1934,21.3114,20.7024,20.9416,20.9145,20.3129,20.7778,19.5145,19.2611,19.392,19.5155,20.3857,19.872,20.1832,20.5884,20.7952,20.7075,20.2053,20.2587,20.0539,20.6014,21.4153,20.46,20.1999,19.9276,20.3789,21.0073,19.8147,20.2951,20.6394,20.4759,20.9066,19.3774,19.1197,19.5717,19.9537,20.3936,20.3601,19.3844,19.9582,19.5158,20.5654,19.6988,20.153,20.4436,21.0262,22.1683,19.4751,19.4916,19.6124,20.4433,21.51,19.5659,19.4793,20.0404,19.7328,19.7983,19.8226,19.8745,20.1204,20.0267,20.9736,19.6467,20.0613,20.2605,20.7417,21.8138,20.1983,19.9834,20.2039,20.3178,20.8033,19.4906,19.9152,20.4346,20.7702,21.0245
525,3:19:15 PM,19.8377,19.6557,19.6978,20.029,20.3012,20.3855,20.1322,20.5166,20.606,20.7501,20.2872,20.2106,20.1697,20.1483,20.2299,20.3379,20.5895,20.5134,20.6623,21.2551,20.5383,20.4482,20.521,20.3152,20.778,19.8101,20.1027,19.5906,19.7231,19.9551,20.5724,20.3383,20.7631,20.8482,21.2252,20.4056,20.3861,20.4469,20.2287,20.3634,20.5243,20.6382,20.7334,21.2093,21.3753,20.6092,20.9871,20.9127,20.6105,20.8843,19.6362,19.23,19.5706,19.7168,20.411,19.654,20.1772,20.5044,20.7612,21.2658,20.2808,20.3244,20.2294,20.7115,21.5366,20.4947,20.1458,20.0579,20.3574,20.7483,19.8737,20.1509,20.3646,20.4072,20.8056,19.4891,19.2772,19.8139,20.1209,20.4324,20.3883,19.4688,20.0151,19.4777,21.1699,19.7029,20.1147,20.5809,20.853,22.6988,19.3419,19.4504,19.8076,20.4445,21.598,19.4822,19.6262,19.9967,19.872,20.3199,19.8972,19.8142,20.1902,20.0627,20.6652,19.7652,19.9077,20.1704,20.668,22.1814,20.1481,19.953,20.2464,20.2885,20.3828,19.6005,20.0218,20.3278,20.7252,21.1113
526,3:19:35 PM,19.7336,19.7006,19.5677,20.0142,20.2754,20.1891,20.1299,20.4685,20.7526,20.6409,20.403,20.3624,19.9937,20.2094,20.4405,20.3406,20.5515,20.6558,20.7108,21.2274,20.591,20.355,20.457,20.1988,20.8149,19.7092,19.8224,19.472,19.8204,20.2223,20.6059,20.1863,20.8026,20.8833,21.1999,20.4106,20.4391,20.4822,20.4628,20.7702,20.4376,20.4646,20.5904,20.9557,21.5172,20.6975,21.0218,20.8111,20.5663,20.9016,19.596,19.3815,19.5706,19.5787,20.3404,19.7023,20.2876,20.503,20.8922,20.9087,20.3107,20.4062,20.1552,20.6786,21.4912,20.4613,20.1471,19.9452,20.4279,20.8581,19.9825,20.246,20.5307,20.5804,20.8171,19.411,19.3865,19.6915,20.0148,20.3506,20.3328,19.4058,19.8168,19.4668,21.4317,19.6676,20.2658,20.5972,20.9521,22.3348,19.3985,19.4825,19.6125,20.3958,21.6626,19.6004,19.5671,19.8373,19.583,19.9991,19.8747,20.0394,20.2134,20.1492,20.8149,19.754,20.0209,20.3583,21.0048,22.2864,20.1176,19.9569,20.3313,20.3947,20.7498,19.4668,19.9577,20.2511,20.6761,21.0585
527,3:19:55 PM,19.7565,19.7198,19.5918,20.0526,20.299,20.2339,20.0285,20.4242,20.6147,20.8041,20.4665,20.2388,20.0895,20.4801,20.4994,20.4276,20.6804,20.5827,20.5553,21.3582,20.6328,20.5457,20.3749,20.5795,20.8062,19.7547,19.9977,19.6313,19.7114,20.0246,20.6645,20.2468,20.631,20.5141,21.2765,20.591,20.5014,20.549,20.8004,21.1301,20.5951,20.518,20.6984,21.1916,21.431,20.7338,20.7345,20.852,20.4595,20.8764,19.7101,19.3787,19.504,19.6733,20.4025,19.7451,20.1746,20.5728,20.7722,21.1256,20.1964,20.2646,20.0977,20.6186,21.1651,20.4324,20.065,19.9575,20.2181,20.9399,19.9777,20.3777,20.5425,20.4322,21.101,19.48,19.3659,19.6528,20.0789,20.3938,20.5112,19.4217,19.8683,19.337,20.9159,19.6011,19.9989,20.6964,20.889,22.2896,19.2777,19.4366,19.4571,20.6394,21.5518,19.5425,19.758,20.1669,19.7857,19.6824,19.6486,19.7582,20.0115,20.1658,20.9672,19.9305,20.0141,20.3168,20.5951,22.4157,20.2058,20.0409,20.2533,20.2501,20.5898,19.6285,20.0774,20.4026,20.4755,20.8468
528,3:20:15 PM,19.5758,19.8135,19.5412,19.917,20.2395,20.1441,20.0113,20.5024,20.6475,20.7033,20.3987,20.3103,20.2017,20.3511,20.6915,20.1789,20.5066,20.59,20.744,21.4033,20.4699,20.2192,20.6575,20.4159,20.7818,19.7066,19.9602,19.7905,20.0632,20.1072,20.5626,20.2997,20.6025,20.6045,21.2978,20.3369,20.4096,20.5345,20.6227,20.9737,20.5651,20.4897,20.6159,21.0168,21.3864,20.7467,20.839,20.8541,20.5127,20.7382,19.6264,19.3921,19.6592,19.5674,20.4825,19.9144,20.1871,20.5366,20.7896,21.1428,20.2699,20.1566,20.0994,20.6528,21.5892,20.6721,20.255,19.8866,20.4292,20.9993,19.7882,20.3296,20.5277,20.5154,20.7395,19.5203,19.4686,19.7115,19.9671,20.5541,20.4357,19.6599,20.0342,19.5082,21.1011,19.8033,20.015,20.4762,20.9042,21.9084,19.3194,19.2482,19.4207,20.3994,21.6668,19.3656,19.6663,20.0118,19.9283,19.9349,19.9864,19.9144,20.0347,20.2449,21.2112,19.8451,19.9948,20.1431,20.7024,22.7183,20.3394,20.192,20.3833,20.4374,21.1563,19.4711,20.1243,20.4281,20.5329,20.9491
529,3:20:35 PM,19.7139,19.6298,19.7011,20.2135,20.2435,20.2457,20.1041,20.664,20.5898,20.6871,20.2651,20.2596,20.0097,20.2248,20.4018,20.4085,20.6504,20.5708,20.9064,21.3601,20.5412,20.2549,20.4768,20.4842,20.9523,19.7523,20.0115,19.7155,19.9476,20.1497,20.3366,20.2057,20.5231,20.7356,21.2629,20.4915,20.3659,20.4789,20.2251,20.5534,20.5317,20.591,20.6209,21.0921,21.3904,20.5711,20.8968,20.8447,20.4254,20.828,19.7172,19.3496,19.4033,19.7371,20.4867,20.0596,20.1684,20.4527,20.7714,20.8375,20.3128,20.3503,20.0459,20.6212,21.2899,20.4659,20.112,19.9301,20.3732,21.0885,19.9295,20.3034,20.5062,20.6503,20.7704,19.4946,19.3159,19.6269,20.0488,20.3699,20.5791,19.5802,19.9676,19.4723,20.7169,19.8077,19.9397,20.5774,21.0084,22.4734,19.3378,19.3998,19.5093,20.545,21.7442,19.7074,19.8621,19.9688,19.8457,20.1787,19.8278,19.8205,20.1178,20.2361,20.5283,19.7873,19.9034,20.242,20.9168,22.0131,20.3121,19.9615,20.3988,20.1083,20.8825,19.558,19.9159,20.2008,20.5387,20.8675
530,3:20:55 PM,19.6461,19.8509,19.5422,20.3046,20.2939,20.3845,20.1711,20.4325,20.7329,20.6714,20.4566,20.0681,20.0478,20.3035,20.2536,20.5874,20.4715,20.4647,20.8236,21.2833,20.5817,20.2123,20.451,20.0025,20.8572,19.6355,19.8703,19.7128,19.8933,20.2308,20.5919,20.3471,20.6572,20.8559,21.2281,20.5845,20.4272,20.4296,20.3612,20.2512,20.4075,20.5645,20.7302,20.9869,21.4677,20.7318,20.9605,20.8499,20.3061,20.7605,19.6649,19.3796,19.6868,19.5641,20.4534,19.6664,20.1383,20.4723,20.7723,20.7004,20.2652,20.2662,20.1597,20.5613,21.2806,20.4966,20.174,19.9461,20.2582,20.9806,19.8142,20.0417,20.3898,20.4965,20.6991,19.5166,19.5258,19.7893,20.0973,20.3941,20.4667,19.5937,20.1627,19.5074,20.7467,19.7669,19.8733,20.2612,20.5655,22.1016,19.1567,19.4217,19.6959,20.8466,21.6865,19.6218,19.7696,19.8689,19.6473,20.1335,19.7583,19.769,20.1885,20.1936,21.375,19.6983,19.9716,20.2158,20.8134,22.514,19.9919,20.0913,20.3043,20.4286,20.8339,19.3897,19.9825,20.2741,20.5528,20.6543
531,3:21:15 PM,19.6299,19.6889,19.4845,20.0473,20.4144,20.1794,20.3433,20.6111,20.7273,20.6748,20.26,20.2604,20.0794,20.354,20.3125,20.3845,20.5808,20.5968,20.7593,21.1674,20.5247,20.2582,20.3744,20.237,20.7204,19.5056,19.7646,19.5332,19.7509,20.194,20.7555,20.3963,20.4885,20.6337,21.2267,20.3513,20.2905,20.213,20.2607,20.5704,20.4882,20.5961,20.6096,21.2631,21.4423,20.5679,20.7859,20.8821,20.3581,20.8517,19.652,19.257,19.4284,19.5922,20.3478,19.9271,20.2773,20.575,20.9416,20.8278,20.1798,20.2148,19.9975,20.7248,21.272,20.4655,20.1323,19.8403,20.3565,21.1804,19.649,20.0492,20.4356,20.3262,20.6516,19.5619,19.4221,19.68,20.161,20.3308,20.4518,19.4685,19.7748,19.3044,20.4988,19.5717,19.9519,20.4,20.6325,22.0501,19.5571,19.5183,19.6354,20.5715,21.664,19.4367,19.4089,19.7445,19.7559,20.3351,19.6836,19.9139,20.122,20.3338,20.7385,19.9531,20.087,20.2626,20.7501,21.4864,20.2561,19.788,20.2963,20.4533,21.0149,19.5709,19.9235,20.114,20.6042,20.8687
532,3:21:35 PM,19.6614,19.7739,19.6674,19.8206,20.3916,20.2639,20.1714,20.5397,20.5503,20.5794,20.1915,20.2628,19.989,20.3934,20.343,20.5537,20.5951,20.5464,20.8347,21.2581,20.5489,20.31,20.6099,20.3889,20.9025,19.6105,19.9727,19.6359,19.8084,19.9576,20.6695,20.3206,20.677,20.7762,21.2797,20.4903,20.2675,20.4862,20.3357,20.7042,20.4504,20.5203,20.7481,20.9672,21.3256,20.6946,20.7597,20.8975,20.3551,20.8922,19.4477,19.4466,19.5123,19.5374,20.4431,19.8236,20.3057,20.6259,20.7652,20.5872,20.2,20.2139,19.9666,20.616,21.6852,20.7234,20.1761,20.0218,20.2294,21.2459,20.1861,20.2053,20.6401,20.5405,20.8416,19.6732,19.3931,19.529,20.024,20.3542,20.4599,19.6362,19.9481,19.4587,20.7073,19.6737,20.0875,20.6376,20.8093,21.4513,19.5554,19.4255,19.8699,20.5105,21.6751,19.4646,19.9098,19.9906,19.6731,19.8087,19.7804,19.778,20.1043,20.1765,21.3414,19.7663,20.0955,20.0997,21.7852,22.4489,20.0014,19.6987,20.442,20.1113,20.7083,19.5121,20.0297,20.6963,20.6115,21.1454
533,3:21:55 PM,19.6242,19.6096,19.6089,19.9562,20.2503,20.3359,20.2304,20.5329,20.6638,20.6041,20.1764,20.0791,20.0748,20.343,20.5583,20.3916,20.566,20.4946,20.8509,21.3208,20.4945,20.3754,20.5681,20.3026,20.8563,19.6622,19.8239,19.6959,19.953,20.1202,20.4656,20.2883,20.6089,20.6978,21.0741,20.4749,20.4409,20.6198,20.6489,20.4905,20.5724,20.4933,20.8445,21.0288,21.4932,20.7036,20.9017,20.9079,20.5341,20.6219,19.6397,19.5425,19.6287,19.553,20.4235,20.0328,20.3233,20.4556,20.6754,20.9218,20.169,20.1104,20.0808,20.6743,21.3717,20.5301,20.1132,19.9877,20.3169,21.2348,19.8082,20.0864,20.5376,20.4724,20.6831,19.6092,19.3828,19.6572,19.906,20.4135,20.2866,19.555,19.9592,19.6358,20.5324,19.7129,19.8677,20.4718,20.7327,22.0619,19.6414,19.4479,19.3833,20.3438,21.6915,19.7127,19.6218,19.8382,20.0098,19.7342,19.7592,19.9066,20.0869,20.2313,20.8258,19.6937,20.2859,20.0977,21.3757,22.6559,20.0761,19.9943,20.3464,20.4322,20.6181,19.462,20.0352,20.3702,20.5863,20.9264
534,3:22:15 PM,19.479,19.7624,19.5051,20.0113,20.3,20.3221,20.2198,20.5,20.6712,20.5954,20.1743,20.1521,20.1299,20.2746,20.441,20.3215,20.6166,20.5394,20.7308,21.3228,20.5614,20.4897,20.4181,20.2195,20.7607,19.5343,19.8284,19.4768,19.8433,20.2299,20.5922,20.3938,20.6522,20.8329,21.3197,20.5248,20.3954,20.3197,20.3938,20.2369,20.4061,20.4379,20.8825,21.0401,21.3575,20.5629,20.8199,20.9001,20.568,20.7771,19.5978,19.2839,19.6258,19.6594,20.5319,19.9803,20.2807,20.6438,20.9312,20.9029,20.3778,20.244,20.1672,20.3916,21.2967,20.4587,20.1104,19.9046,20.467,21.2709,19.732,20.3844,20.4944,20.3561,20.7416,19.4589,19.4744,19.732,20.0326,20.4468,20.4136,19.4806,20.1807,19.4414,20.5151,19.7235,19.945,20.58,20.6359,21.9452,19.3386,19.4172,19.4786,20.5177,21.5733,19.5188,19.4738,19.7395,19.8002,20.0091,19.7655,19.7852,20.0727,20.0253,20.6541,19.7752,20.2306,20.2612,20.9629,22.371,20.2737,19.8248,20.4128,20.2455,21.0465,19.6524,19.9348,20.405,20.7933,21.2986
535,3:22:35 PM,19.4952,19.6482,19.6491,19.9916,20.1764,20.2058,20.3909,20.6246,20.6933,20.6227,20.4816,20.2154,20.1699,20.2862,20.3764,20.3738,20.5529,20.4754,20.8135,21.1563,20.5526,20.4967,20.4532,20.4156,20.8168,19.702,19.8094,19.7373,19.8476,20.2093,20.5453,20.221,20.7351,20.8178,21.2438,20.4301,20.2643,20.3363,20.3002,20.3667,20.4709,20.4625,20.9407,21.0379,21.3404,20.7516,20.9304,20.8411,20.6291,20.9423,19.555,19.3688,19.6016,19.6151,20.4615,19.8473,20.1046,20.5722,20.781,20.7127,20.2176,20.2754,20.0688,20.374,21.375,20.4292,20.0893,19.7057,20.2058,21.1102,19.9423,20.3588,20.4198,20.3465,20.6236,19.4566,19.5903,19.6193,20.0598,20.4331,20.5361,19.705,19.9314,19.5659,20.3587,19.5181,19.9887,20.3995,20.733,21.7205,19.4998,19.3204,19.5008,20.6596,21.6517,19.6164,19.6338,19.8913,19.9295,19.7965,19.7854,19.9068,20.1075,20.3051,20.7961,19.9388,20.1427,20.0755,20.986,22.3464,20.1231,19.8939,20.3722,20.2956,20.8868,19.4788,19.8924,20.4328,20.6007,21.1476
536,3:22:55 PM,19.5797,19.5555,19.556,20.1059,20.3091,20.3155,20.2346,20.3519,20.7035,20.6735,20.2228,20.1903,19.989,20.1443,20.3125,20.3884,20.4986,20.5689,20.5831,21.3036,20.5927,20.453,20.5736,20.3407,20.6879,19.7311,19.9257,19.5742,19.6723,20.0385,21.0187,20.2864,20.7958,20.7492,21.1061,20.4581,20.4521,20.4099,20.3519,20.6875,20.4443,20.5935,20.8171,21.1399,21.3362,20.7226,20.9574,20.8625,20.5004,20.8841,19.6127,19.366,19.641,19.5959,20.5638,19.711,20.2367,20.5021,20.566,20.8207,20.3474,20.2842,20.1386,20.4389,21.8103,20.4121,20.3153,19.8595,20.4205,21.202,19.7741,20.179,20.6215,20.459,20.9797,19.507,19.5038,19.6116,19.9255,20.5458,20.3949,19.4821,19.7614,19.4872,21.011,19.5497,19.8985,20.395,20.6062,21.9624,19.2111,19.4782,19.4876,20.5385,21.7019,19.6246,19.6564,19.9787,20.0806,20.0316,19.8361,20.0099,20.1676,20.2943,21.0129,19.8945,20.2194,20.328,20.8431,21.7763,20.0934,19.7706,20.0672,20.2871,20.9503,19.3859,20.0199,20.0058,20.5057,20.8049
537,3:23:15 PM,19.4937,19.4923,19.5937,19.9945,20.2439,20.3565,20.2152,20.6367,20.7309,20.7012,20.1968,20.3747,20.163,20.2803,20.4907,20.5001,20.396,20.581,20.7626,21.3207,20.7406,20.2851,20.3805,20.3599,20.6913,19.6446,19.7451,19.6278,19.6867,19.9051,20.7835,20.4556,20.8057,20.8162,21.1646,20.3921,20.4641,20.3041,20.4488,20.5644,20.4165,20.536,20.7238,21.1181,21.4395,20.7095,20.9235,20.8676,20.5141,20.8072,19.5763,19.1858,19.6115,19.6467,20.6397,19.5558,20.173,20.6122,20.7309,20.8742,20.3487,20.2991,20.0682,20.6683,21.3425,20.4805,19.9966,19.8556,20.371,21.1878,19.8462,20.3235,20.5138,20.372,20.5556,19.3202,19.3986,19.7152,19.8723,20.3861,20.3964,19.4266,19.7322,19.4334,21.5059,19.7681,20.146,20.6107,20.9932,22.1184,19.4105,19.3062,19.5726,20.3736,21.6908,19.6081,19.6824,19.9866,19.8986,20.1513,20.0756,19.8582,20.1557,20.1029,20.9671,19.5666,19.9099,20.1906,21.2534,22.6467,20.0485,20.0948,20.3401,20.1655,20.8954,19.4837,20.072,20.2961,20.4366,20.9319
538,3:23:35 PM,19.4848,19.6258,19.5863,19.8935,20.3992,20.3611,20.2398,20.5535,20.7409,20.7705,20.4179,20.1158,20.2885,20.2437,20.4909,20.4627,20.3578,20.444,20.8306,21.373,20.5286,20.4244,20.5456,20.3652,20.794,19.7443,19.9102,19.5999,19.7786,20.1871,20.7421,20.3658,20.7561,20.7995,21.2753,20.6211,20.5105,20.3668,20.5109,20.4092,20.3844,20.6091,20.6597,21.1143,21.5898,20.6984,20.9105,20.9404,20.5837,21.0452,19.5271,19.4522,19.5101,19.6127,20.4101,19.7411,20.1353,20.5962,20.7482,20.6446,20.166,20.1497,20.0922,20.5373,21.1739,20.5736,20.0204,19.7741,20.2508,21.4342,19.8441,20.1344,20.5839,20.4948,20.7947,19.33,19.332,19.581,20.0196,20.3028,20.4423,19.4898,19.7157,19.5941,21.077,19.6645,19.9204,20.5863,20.788,21.7512,19.3411,19.4491,19.7963,20.9339,21.67,19.8104,19.7823,19.9372,19.7,20.4373,19.7723,19.7871,20.173,20.1031,20.8439,19.67,20.0956,20.3035,20.8092,22.5315,20.1571,20.0302,20.3581,20.4094,20.7053,19.2963,19.902,20.1496,20.4936,20.9383
539,3:23:55 PM,19.6004,19.7527,19.6418,20.1039,20.2087,20.3505,20.2009,20.6178,20.5765,20.8393,20.179,20.2176,19.9897,20.3405,20.4383,20.2819,20.5627,20.6292,20.8584,21.2634,20.6262,20.5627,20.5637,20.5705,20.7992,19.6492,19.7733,19.7471,19.7546,20.0334,20.6801,20.3264,20.6184,20.7603,21.1338,20.3482,20.3627,20.3496,20.2667,20.3923,20.4497,20.4281,20.7585,21.1009,21.5487,20.7441,20.8896,20.7639,20.4631,20.8847,19.5832,19.3081,19.4074,19.6327,20.3923,19.8315,20.2594,20.5636,20.8658,20.7106,20.4408,20.2997,20.1227,20.5321,21.3812,20.4399,20.2607,19.8408,20.192,21.0577,19.9653,20.1694,20.4988,20.3714,20.6833,19.4197,19.2628,19.4989,19.9359,20.4342,20.368,19.1862,20.0189,19.334,21.0324,19.7025,20.1601,20.4437,20.8321,22.0614,19.3344,19.51,19.6113,20.307,21.6283,19.6274,19.6928,20.0911,19.6173,19.9167,19.7895,19.868,20.0865,20.2496,21.6505,19.6332,20.1546,20.0826,21.5182,22.5077,20.0539,20.1049,20.434,20.3921,20.8187,19.6195,19.9655,20.3013,20.6072,20.9195
540,3:24:15 PM,19.4853,19.5764,19.6471,19.8186,20.4044,20.3395,20.2418,20.4765,20.9254,20.9733,20.2824,20.1888,20.1147,20.3655,20.4282,20.4392,20.5409,20.6064,20.8268,21.3142,20.5913,20.5702,20.4061,20.2741,20.722,19.9439,19.9523,19.6112,19.8151,20.1238,20.7247,20.3361,20.6082,20.6247,21.2801,20.3891,20.329,20.4453,20.5172,20.8916,20.6332,20.46,20.7616,21.1785,21.5347,20.7468,20.9868,20.8226,20.6988,20.9975,19.6335,19.5903,19.5732,19.7797,20.3361,19.8581,20.201,20.4071,20.8718,20.8541,20.2376,20.2169,20.0128,20.7035,21.2247,20.2583,20.1727,19.9342,20.3875,21.0038,19.7684,20.2068,20.5127,20.5162,20.8593,19.6243,19.52,19.5262,19.8229,20.5251,20.3061,19.5951,20.1251,19.4526,21.2974,19.857,19.8692,20.4674,20.7468,22.3076,19.1525,19.4448,19.4285,20.3184,21.7617,19.5876,19.5296,20.1214,19.8856,20.0042,19.9022,19.6605,20.1085,20.1235,20.8823,19.7337,20.1266,20.3271,20.8172,22.455,20.1606,19.9455,20.2733,20.1964,20.7822,19.5191,19.8485,20.0264,20.6361,21.0397
541,3:24:35 PM,19.4635,19.5435,19.7289,20.0324,20.4637,20.3366,20.2802,20.7439,20.8696,20.8938,20.3214,20.0828,20.0357,20.2418,20.4642,20.2639,20.4259,20.6001,20.7439,21.2723,20.5031,20.4848,20.6166,20.338,20.7701,19.7615,19.9086,19.6219,19.7494,20.1469,20.6486,20.2575,20.6924,20.615,21.548,20.4829,20.385,20.3099,20.2674,20.5956,20.5471,20.5937,20.748,21.069,21.3973,20.695,20.9496,20.8831,20.4472,20.7516,19.6394,19.391,19.6132,19.7661,20.4588,19.8422,20.0796,20.4663,20.7734,21.0769,20.2905,20.2084,20.1186,20.685,21.5196,20.4664,20.0953,19.8544,20.3762,21.0233,19.6469,20.3347,20.4609,20.5517,20.849,19.3755,19.4868,19.5801,20.0399,20.3977,20.4425,19.2991,19.7702,19.4524,20.9033,19.5649,19.9364,20.3405,20.5801,21.9236,19.3971,19.0661,19.8028,20.519,21.6516,19.6809,19.7359,19.9256,19.7403,20.2595,19.8559,19.876,20.2271,20.0508,20.6478,20.0964,20.144,20.3515,20.8727,22.1834,20.2684,19.9016,20.1334,20.1981,21.087,19.4289,19.8736,20.2694,20.8196,21.0257
542,3:24:55 PM,19.5799,19.738,19.6377,19.973,20.3701,20.3948,20.1219,20.6178,20.8094,20.9607,20.2419,20.0385,20.0666,20.3062,20.4061,20.4107,20.348,20.4647,20.8426,21.2986,20.5683,20.2161,20.4593,20.0689,20.8946,19.7579,19.7477,19.587,19.7176,20.156,20.6373,20.4618,20.6199,20.6599,21.4311,20.3224,20.4314,20.3768,20.6525,20.6466,20.4979,20.6594,20.6302,21.1138,21.4243,20.6417,20.9691,20.7002,20.462,20.783,19.6787,19.0907,19.4754,19.5277,20.527,19.8895,20.2505,20.7197,20.7643,20.717,20.1426,20.311,20.1142,20.4651,21.3633,20.344,19.9968,19.8044,20.2303,21.1197,19.7073,19.9931,20.4662,20.2898,20.6634,19.4909,19.3807,19.7804,20.0516,20.2172,20.4308,19.5016,19.9778,19.555,20.8995,19.6524,20.0228,20.4017,20.6327,22.2263,19.2609,19.4467,19.5553,20.2566,21.6728,19.5083,19.5374,19.99,19.6274,20.0051,19.919,19.8744,20.2284,20.2,21.0407,19.7531,20.1242,20.3448,20.6347,22.7673,20.2699,19.8498,20.2543,20.1344,20.5886,19.2912,19.9732,20.0623,20.713,21.0504
543,3:25:15 PM,19.4825,19.7579,19.7398,19.8194,20.2233,20.3624,20.2802,20.5992,20.8585,20.9343,20.2968,20.1964,20.2036,20.3649,20.5118,20.3987,20.55,20.5869,20.7787,21.1563,20.5483,20.2765,20.4854,20.2954,20.8452,19.6138,19.7988,19.6364,19.6595,20.1577,20.7972,20.4057,20.6311,20.6187,21.2449,20.4041,20.1761,20.5893,20.4498,20.4954,20.4289,20.4158,20.7109,21.0383,21.4243,20.7488,20.832,20.9538,20.4851,20.8461,19.6252,19.3553,19.7266,19.6172,20.5597,19.8513,20.1821,20.6651,20.8097,20.7979,20.137,20.2099,19.9839,20.5285,21.4248,20.4075,20.1698,19.8259,20.3697,21.0359,19.9457,20.2165,20.4884,20.5014,20.7974,19.356,19.3622,19.6608,19.9646,20.4984,20.3666,19.5022,19.6304,19.2087,20.7472,19.6877,19.8589,20.345,20.6282,22.0143,19.2865,19.5593,19.7523,20.2462,21.5205,19.5738,19.6494,19.7078,19.5174,19.9821,19.7952,19.8266,20.1347,20.154,20.7486,19.721,20.0836,20.5565,20.6522,22.582,20.1507,20.0337,20.2818,20.1816,20.4606,19.6156,19.9871,20.0447,20.6437,21.1188
544,3:25:35 PM,19.5345,19.6551,19.6828,19.9198,20.2386,20.1949,20.3046,20.5457,20.8659,20.7908,20.2359,20.1589,20.2145,20.3663,20.4344,20.4031,20.5344,20.4101,20.6209,21.029,20.4573,20.2631,20.4555,20.2519,20.8325,19.5504,19.8545,19.6826,19.7065,20.1384,20.6278,20.3628,20.7494,20.6962,21.1659,20.4052,20.3174,20.2994,20.5754,20.8726,20.7157,20.4274,20.7517,20.8521,21.5768,20.6468,20.8115,20.8322,20.6153,20.8691,19.5878,19.4712,19.5828,19.7019,20.4726,20.1069,20.1534,20.4777,20.9529,20.7367,20.1853,20.1443,20.1769,20.5534,21.3387,20.4518,20.0311,19.9081,20.3064,21.0972,19.7658,20.1448,20.4206,20.5513,20.9721,19.4224,19.5075,19.5599,20.1446,20.4801,20.3279,19.5114,20.0432,19.5002,20.5244,19.8157,19.9323,20.6278,20.576,22.0806,19.3373,19.2904,19.5105,20.1108,21.3482,19.6639,19.5803,19.8895,19.5673,19.7991,19.8254,19.6782,20.1967,20.208,20.8292,19.8119,19.989,20.2437,20.8076,21.7151,20.3031,20.1571,20.4944,20.2506,20.5622,19.5004,19.9926,20.3193,20.745,21.0015
545,3:25:55 PM,19.6198,19.5938,19.7548,19.983,20.2745,20.3022,20.3034,20.7358,20.8663,20.7777,20.2434,20.1603,20.0286,20.2478,20.3895,20.3188,20.4816,20.4356,20.8488,21.1245,20.4855,20.2986,20.4597,20.005,20.683,19.6511,19.7698,19.5062,19.7164,19.946,20.5556,20.3074,20.6114,20.9597,21.2399,20.5802,20.4472,20.3492,20.1982,20.2366,20.6316,20.7106,20.7708,20.9815,21.4047,20.7313,20.7487,20.966,20.334,20.8593,19.7132,19.1725,19.3703,19.665,20.4762,19.7829,20.1999,20.4656,20.9155,20.7151,20.1361,20.1546,20.0136,20.5285,21.2525,20.4466,20.075,19.9061,20.3567,21.0911,19.8832,20.2555,20.324,20.5888,20.4258,19.3744,19.4187,19.5336,20.0207,20.3339,20.3318,19.4636,20.0959,19.3192,20.8575,19.887,20.1256,20.4624,20.7425,22.2986,19.3868,19.2787,19.6971,20.4517,21.5099,19.5105,19.39,19.9383,19.8819,19.7125,19.8053,19.7819,20.1284,20.2249,21.652,19.7958,20.1905,20.3946,21.6137,22.6516,20.1324,20.1241,20.3722,20.3034,20.7089,19.5083,19.9209,20.3625,20.872,21.1211
546,3:26:15 PM,19.6867,19.6175,19.5043,20.0047,20.3187,20.207,20.3817,20.5885,20.8169,20.829,20.2648,20.0742,20.1521,20.1993,20.0585,20.2142,20.4649,20.5651,20.651,21.0925,20.3088,20.3693,20.3954,20.1386,20.6534,19.6426,19.7899,19.7098,20.002,20.1253,20.5788,20.208,20.7138,20.7013,21.2363,20.3429,20.2394,20.3026,20.1867,20.0859,20.5165,20.4409,20.6132,20.9409,21.3213,20.6158,20.7466,20.8192,20.5064,20.7074,19.6217,19.3606,19.6454,19.5653,20.5787,19.8737,20.062,20.4948,20.9629,20.8297,20.0776,20.2966,20.1026,20.4552,21.1883,20.4259,20.3005,19.8977,20.2047,21.181,20.0998,20.4734,20.6027,20.39,20.78,19.3601,19.3443,19.7788,19.9366,20.5102,20.4882,19.3902,20.1151,19.349,21.1002,19.7302,19.8986,20.6577,20.6662,21.982,19.3153,19.4159,19.6432,20.528,21.6546,19.7689,19.7465,19.7499,19.7991,20.1313,19.7843,19.7651,20.1607,20.2269,20.6444,19.8898,20.0885,20.1774,21.0684,22.4434,20.0862,19.9683,20.3749,20.3246,21.0927,19.592,20.0718,20.401,20.9494,21.064
547,3:26:35 PM,19.5781,19.7985,19.5472,19.9215,20.1133,20.4561,20.2731,20.5896,20.698,20.6984,20.2423,20.0944,20.0157,20.0634,20.3326,20.2683,20.5008,20.629,20.6698,20.9596,20.358,20.3317,20.2705,20.2046,20.6847,19.5955,19.8389,19.7023,19.7997,20.0876,20.6459,20.2399,20.7731,20.6623,21.1648,20.5602,20.3681,20.3234,20.297,20.2754,20.3364,20.6946,20.7841,21.1596,21.3943,20.7143,20.7979,20.7247,20.4168,20.8769,19.6849,19.2985,19.5629,19.6861,20.439,19.8586,20.1931,20.671,20.8249,20.6404,20.2758,20.3291,20.3186,20.4663,21.1935,20.4175,20.1226,19.7558,20.4231,21.1367,19.788,20.091,20.5277,20.2895,20.6121,19.4191,19.1456,19.6661,19.8917,20.5123,20.3679,19.2783,20.2545,19.3361,20.624,19.8116,19.9442,20.749,20.6203,22.4211,19.4044,19.4349,19.518,20.6721,21.7281,19.8915,19.6914,19.934,19.8195,20.3666,19.8193,19.9267,20.1754,20.258,20.6574,19.6829,20.0519,20.2406,20.5641,22.0498,20.2868,19.9776,20.2415,20.204,20.9,19.4618,19.8795,20.1994,20.6452,21.0372
548,3:26:55 PM,19.6596,19.6527,19.5934,19.9936,20.1815,20.2169,20.0011,20.4854,20.6347,20.6047,20.338,20.1774,20.1506,20.3008,20.2966,20.2644,20.5831,20.6037,20.7823,21.1677,20.4907,20.2253,20.4253,20.3935,20.6134,19.5585,19.9223,19.6216,19.7119,20.0367,20.653,20.3308,20.631,20.842,21.2325,20.4074,20.3646,20.472,20.2381,20.213,20.4705,20.5816,20.6692,21.016,21.4635,20.6892,20.8882,20.7669,20.5589,20.8692,19.6436,19.3447,19.4667,19.7137,20.3806,20.0254,20.1066,20.556,20.825,20.6122,20.2315,20.1415,20.2833,20.5045,21.2611,20.4473,20.1183,19.7655,20.2679,21.2943,19.7965,20.0989,20.4023,20.3806,20.6484,19.4909,19.3549,19.5328,20.2085,20.4904,20.3408,19.6283,20.0009,19.5382,20.5286,19.6251,20.1991,20.518,20.661,22.1728,19.2002,19.4048,19.3484,20.5051,21.762,19.7054,19.6963,19.6612,19.8294,20.5171,19.8864,19.8038,19.8537,20.0762,21.1703,19.947,20.0837,20.4081,20.6186,22.7252,20.0533,19.7942,20.2498,20.3799,20.8421,19.6131,20.1355,20.4148,20.4619,20.8673
549,3:27:15 PM,19.6796,19.7568,19.5089,20.0368,20.4313,20.2549,19.9672,20.5341,20.5531,20.5517,20.278,20.2021,19.8895,20.1719,20.1983,20.1557,20.5003,20.6833,20.7617,21.1743,20.5022,20.5003,20.4404,20.6347,20.8053,19.5615,19.7799,19.7675,19.8164,20.1457,20.561,20.2465,20.6445,20.7923,21.1793,20.432,20.5667,20.4708,20.5234,20.5701,20.4056,20.5888,20.6354,20.9901,21.4637,20.5203,20.8045,20.8144,20.4473,20.7122,19.5704,19.334,19.6238,19.5604,20.4437,19.7794,20.2263,20.5386,20.773,20.8014,20.1991,20.1945,20.1459,20.6786,21.2917,20.4634,20.0142,19.8696,20.2361,21.3332,20.0478,20.1083,20.4445,20.4784,20.7586,19.3718,19.5533,19.6086,20.127,20.4241,20.5077,19.6208,20.1224,19.4879,20.6309,19.9054,19.8258,20.4149,20.8144,22.2131,19.2724,19.4618,19.4993,20.2501,21.6906,19.6212,19.6608,20.0218,19.9137,20.6404,19.9852,19.7176,20.0487,20.1523,20.8623,19.8834,20.0937,20.0681,20.9686,22.6194,20.0899,20.0562,20.4282,20.2868,20.5948,19.3943,19.876,20.2605,20.6517,21.0926
550,3:27:35 PM,19.7294,19.7597,19.6954,19.995,20.3709,20.3136,20.4431,20.4446,20.7424,20.7773,20.165,20.1979,19.9672,20.2159,20.3004,20.2973,20.5902,20.6947,20.8973,21.2867,20.5588,20.1871,20.4498,20.666,20.7405,19.5417,19.719,19.8703,19.8977,19.9591,20.4772,20.201,20.6615,20.6434,21.1785,20.363,20.4263,20.339,20.5313,20.5828,20.4915,20.4391,20.7817,21.0299,21.4317,20.8434,20.7794,20.913,20.4617,20.9418,19.8276,19.2595,19.5698,19.5814,20.5506,19.6728,20.1249,20.5527,20.8181,21.0094,20.0734,20.1948,20.0336,20.5342,21.2601,20.4791,20.1581,19.9625,20.3643,21.0598,19.9924,20.0751,20.6363,20.388,20.7675,19.5753,19.5135,19.7037,19.96,20.4284,20.3617,19.6815,20.0868,19.6119,20.4928,19.9172,19.9659,20.3161,20.9887,21.9704,19.3589,19.2857,19.5379,20.3935,21.7749,19.7431,19.7502,19.7928,19.9807,19.7831,19.7076,20.0537,20.1904,20.1035,21.2401,19.7845,20.1006,20.4185,20.8422,22.4908,20.1343,20.0289,20.309,20.3679,20.7381,19.3685,20.0473,19.9633,20.6629,21.373
551,3:27:55 PM,19.6643,19.6239,19.5701,20.0236,20.2666,20.1859,20.1279,20.4257,20.6997,20.6477,20.4063,20.2049,20.2365,20.4361,20.5714,20.4651,20.7206,20.6277,20.7317,21.1537,20.4474,20.3979,20.4708,20.2936,20.6356,19.728,19.8732,19.6132,19.9137,20.1464,20.4032,20.4663,20.6837,20.7891,21.0984,20.4741,20.3413,20.5914,20.5947,20.8231,20.4755,20.5315,20.848,21.0366,21.3668,20.8051,20.8953,20.7668,20.5745,20.8797,19.4715,19.1912,19.4797,19.5626,20.469,19.7224,20.2218,20.5352,20.8038,20.5925,20.2054,20.1459,20.108,20.5734,21.2974,20.524,19.9054,19.771,20.4242,21.0503,19.8807,20.3593,20.4369,20.643,20.7325,19.3794,19.2703,19.7125,20.0183,20.4409,20.4092,19.3831,19.5705,19.258,20.8971,19.5483,19.9218,20.5289,20.6919,22.363,19.2825,19.4031,19.6252,20.2705,21.6308,19.8061,19.725,19.8528,19.6216,19.6003,19.6936,20.0122,20.1836,20.151,21.2846,19.5135,20.1708,20.1847,20.9364,22.4218,19.9938,19.8484,20.2284,20.0827,20.7257,19.3456,19.8479,20.199,20.6773,20.8782
552,3:28:15 PM,19.5069,19.6765,19.7513,20.0493,20.2084,20.1737,20.2195,20.6239,20.5372,20.5765,20.3996,20.1209,20.1075,20.2889,20.5797,20.3691,20.5589,20.5515,20.8651,21.2433,20.7472,20.3403,20.3325,20.4542,20.7242,19.7043,19.8502,19.6363,19.7843,20.0837,20.4519,20.1307,20.7683,20.79,21.2622,20.396,20.2771,20.4065,20.6296,20.6441,20.4767,20.6785,20.8643,21.1507,21.5969,20.7738,20.91,20.8798,20.4587,20.8779,19.5689,19.1785,19.5113,19.577,20.4853,19.7837,20.0938,20.681,20.7526,20.7259,20.2114,20.3346,20.0667,20.7769,21.2472,20.4155,20.1233,19.9924,20.3753,21.0717,19.8569,20.4212,20.6061,20.4405,20.5896,19.4096,19.4881,19.6101,19.9309,20.5802,20.3351,19.5346,20.1231,19.2521,20.9018,19.6938,19.8767,20.8362,20.996,21.9896,19.335,19.3008,19.3773,20.3029,21.5715,19.6152,19.6296,19.9434,19.6886,20.0657,19.6841,19.8487,20.1255,20.1688,21.0921,19.7403,20.0548,20.1623,20.9353,22.6843,20.1395,19.9664,20.2451,20.1525,20.5184,19.2812,19.7985,20.5273,20.8392,21.0757
553,3:28:35 PM,19.5671,19.4386,19.572,20.2377,20.2948,20.1196,20.1819,20.5318,20.6984,20.5694,20.2693,20.1426,20.0279,20.231,20.2593,20.3075,20.3741,20.7426,20.6885,21.183,20.4018,20.3255,20.5838,20.1252,20.7112,19.5027,19.8445,19.62,19.7272,20.1527,20.6251,20.3117,20.7187,20.9734,21.1638,20.5346,20.3858,20.3373,20.461,20.5284,20.4194,20.6786,20.7523,21.2181,21.3261,20.7337,21.1896,21.0132,20.3135,20.7459,19.7597,19.2005,19.54,19.7049,20.4145,19.8376,20.14,20.5734,20.7288,21.2544,20.4137,20.176,20.3679,20.6206,21.1691,20.514,20.1582,19.997,20.1569,21.0454,20.2301,20.3702,20.5813,20.4369,20.7425,19.5327,19.4612,19.5899,20.0438,20.4347,20.4512,19.7041,20.062,19.7446,20.7116,19.7352,19.8865,20.611,21.0551,22.4574,19.3044,19.3479,19.6015,20.3217,21.6094,19.6795,19.7156,19.895,19.8208,20.2617,19.7021,19.904,20.1195,20.0439,20.6116,19.7272,20.1807,20.3148,20.9222,22.2778,19.9825,19.7717,20.1493,20.4301,20.5935,19.6871,20.1474,20.3204,20.5536,20.8944
554,3:28:55 PM,19.4781,19.5294,19.6126,20.1057,20.3597,20.2505,20.2926,20.6128,20.5957,20.5358,20.1995,20.3223,19.9698,20.0724,20.289,20.4103,20.4531,20.5681,20.7975,21.1613,20.7181,20.4541,20.5099,20.1815,20.6786,19.6164,19.7657,19.4602,19.6515,19.9987,20.4474,20.3734,20.7317,21.0037,21.2628,20.4361,20.3291,20.4167,20.148,20.2674,20.5032,20.5504,20.7064,21.0729,21.3883,20.8655,20.9503,20.7202,20.4689,20.8555,19.4283,19.2068,19.5877,19.5999,20.4474,20.0396,20.2271,20.5573,20.7639,20.6056,20.1383,20.1103,20.1531,20.5927,21.2186,20.2751,20.1778,19.7969,20.3266,21.0888,20.2332,20.1317,20.517,20.3577,20.9259,19.3384,19.3309,19.5886,20.0326,20.4647,20.4799,19.5519,20.0773,19.3067,20.9842,19.5591,20.0375,20.5842,20.6993,22.0579,19.142,19.245,19.5223,20.3451,21.6748,19.749,19.788,19.9476,19.8521,20.0333,19.7013,19.755,20.1061,20.1476,20.6243,19.9072,20.0491,20.1887,20.7448,22.2652,20.095,19.7249,20.3221,20.0319,20.7552,19.2071,19.9466,20.2807,20.6861,20.9029
555,3:29:15 PM,19.5823,19.7194,19.385,20.0317,20.2988,20.3124,20.4388,20.4269,20.6481,20.6518,20.3035,20.1768,19.9531,20.1255,20.3329,20.3843,20.4434,20.6189,20.6556,21.2633,20.5825,20.3725,20.4875,20.1266,20.6468,19.5171,19.8343,19.6075,19.7707,20.1873,20.4979,20.3857,20.6138,20.5819,21.3162,20.3812,20.2238,20.3547,20.358,20.6355,20.4271,20.5959,20.7898,21.0844,21.2483,20.6308,21.0634,20.9021,20.3183,20.7771,19.5714,19.3895,19.6185,19.7489,20.4554,19.6727,20.3723,20.7061,20.7007,20.8109,20.4264,20.2076,20.0322,20.6096,21.2342,20.4183,20.3102,19.7812,20.3278,20.9667,19.8662,20.2033,20.609,20.389,20.6729,19.5478,19.3901,19.7527,20.1033,20.457,20.5121,19.5435,20.1134,19.6788,21.0653,19.7723,20.1694,20.5158,20.7362,22.1027,19.2324,19.3079,19.4197,20.2421,21.8136,19.7331,19.474,19.7763,19.7533,19.8117,19.8214,19.8486,20.1311,20.0566,21.0064,19.9015,20.0749,20.1586,20.9651,22.3109,20.1717,20.1254,20.2255,20.2493,20.4092,19.6531,19.9994,20.4626,20.5066,21.0583
556,3:29:35 PM,19.6741,19.8843,19.8192,19.9862,20.2677,20.3393,20.2653,20.4786,20.7002,20.4987,20.2762,20.2009,20.1127,20.2233,20.2266,20.3483,20.4596,20.457,20.6238,21.2306,20.5006,20.0334,20.4309,20.3394,20.7045,19.8072,19.854,19.7313,19.7462,20.2569,20.7695,20.4077,20.8244,20.9549,21.0965,20.4777,20.3383,20.2701,20.3128,20.2258,20.6142,20.6017,20.4665,20.9667,21.3439,20.6752,20.9978,20.8327,20.5864,20.839,19.5617,19.5233,19.4742,19.7265,20.5476,19.768,20.2585,20.5451,20.7567,20.7861,20.2544,20.2316,20.1621,20.5956,21.4861,20.4212,20.1582,19.8154,20.2789,21.2034,19.9527,20.3447,20.4371,20.3865,20.707,19.5194,19.4924,19.616,20.1638,20.4656,20.4148,19.5676,20.0889,19.5173,21.0647,19.7354,19.938,20.6554,21.3061,22.2284,19.3002,19.2958,19.3819,20.4938,21.6983,19.5386,19.712,19.861,19.8492,19.8156,19.9034,19.9403,20.1309,20.0526,20.5452,19.8085,20.2483,20.2849,20.8959,21.7506,20.1359,20.0298,20.3003,20.1644,20.4396,19.5377,19.959,20.3533,20.6065,21.0478
557,3:29:55 PM,19.8564,19.8319,19.6952,20.1804,20.4013,20.4692,20.1151,20.4916,20.8019,20.5959,20.3226,20.0868,20.0827,20.1375,20.1571,20.1888,20.5799,20.5587,20.7384,21.046,20.6591,20.4351,20.5165,20.251,20.644,19.7678,19.7431,19.7254,19.8927,20.0872,20.5511,20.2784,20.8084,20.7042,21.129,20.4197,20.3238,20.4766,20.1362,20.2686,20.365,20.5129,20.7363,20.9173,21.4616,20.7251,20.9365,20.9501,20.5127,20.6968,19.6403,19.4221,19.5213,19.6643,20.4624,19.9468,20.1797,20.6842,20.8975,20.888,20.2628,20.2314,19.9935,20.4671,21.4712,20.4777,20.1052,19.8228,20.4835,21.1571,20.2102,20.3683,20.4898,20.3585,20.5352,19.4748,19.3743,19.7225,19.9294,20.4308,20.5361,19.6083,19.8015,19.548,20.8566,19.8871,20.0041,20.6903,20.7373,22.3749,19.3218,19.3898,19.365,20.4915,21.7151,19.6012,19.6424,19.8463,19.7575,20.0546,19.8113,19.8859,20.0843,20.1129,20.7204,19.6238,20.1632,20.3323,20.7523,21.9415,20.2509,19.982,20.2301,20.2229,20.243,19.4658,20.14,20.3314,20.5474,21.2831
558,3:30:15 PM,19.5977,19.6484,19.7153,20.0471,20.2915,20.2212,20.1161,20.577,20.7156,20.6916,20.1119,20.0835,20.0593,20.2645,20.3495,20.4678,20.5782,20.586,20.6456,20.9089,20.5431,20.3953,20.4882,20.164,20.6603,19.6848,19.8558,19.3657,19.9008,20.0945,20.5579,20.3229,20.7846,20.6004,21.4178,20.5121,20.2878,20.424,20.2884,20.2817,20.4583,20.5144,20.7796,21.1652,21.4067,20.7618,21.1115,20.8203,20.4138,20.7987,19.5169,19.4105,19.5358,19.4445,20.3897,19.876,20.0491,20.5699,20.9048,21.0649,20.1739,20.1561,20.0876,20.6262,21.1366,20.4043,20.0146,19.8301,20.3662,21.4646,20.0635,20.3245,20.7122,20.299,20.6016,19.5431,19.3722,19.582,20.0165,20.41,20.4727,19.465,19.7911,19.31,20.6417,19.8102,20.2346,20.7486,21.0311,22.7458,19.4311,19.3818,19.2464,20.2636,21.6025,19.6332,19.5722,19.8292,20.0517,19.8953,19.8529,19.9985,20.3048,20.2254,20.8681,19.8932,20.1474,20.425,20.9212,23.0048,20.1413,19.9263,20.183,20.1884,20.6519,19.4055,19.8337,20.3709,20.5278,20.9548
559,3:30:35 PM,19.7145,19.6754,19.6992,20.1145,20.2463,20.2539,20.0741,20.2617,20.7244,20.5763,20.3288,20.1252,20.1703,20.6317,20.2122,20.388,20.3589,20.6533,20.6401,21.1963,20.4779,20.3625,20.5556,20.1115,20.801,19.7302,19.8623,19.8995,19.8606,20.1373,20.4589,20.2385,20.6465,20.7688,21.2581,20.5649,20.3964,20.5551,20.6213,20.5405,20.6821,20.6464,20.681,20.9493,21.4238,20.6427,20.961,20.8092,20.4325,20.6728,19.6499,19.605,19.7123,19.5393,20.3806,19.992,20.1704,20.5337,20.7172,20.8386,20.239,20.2599,20.162,20.6433,21.1349,20.7335,20.0902,19.914,20.5005,21.2531,20.2784,20.4346,20.7491,20.3361,20.6576,19.5201,19.4722,19.6211,20.0063,20.5398,20.412,19.5859,19.4915,19.6177,20.4967,19.9585,19.7623,20.8222,20.7582,21.9333,19.2178,19.1896,19.6339,20.4445,21.6151,19.5745,19.7778,19.8301,19.7688,20.1862,19.769,19.8976,20.1936,20.2247,21.0432,19.976,19.924,20.1739,20.9341,22.2139,20.2501,20.0768,20.2988,20.2814,21.0282,19.7204,19.9348,20.258,20.7823,21.2123
560,3:30:55 PM,19.6482,19.5724,19.6352,19.8877,20.3585,20.1528,20.0887,20.2988,20.6473,20.5737,20.4876,20.274,20.2665,20.5217,20.4107,20.3176,20.4451,20.6146,20.6361,21.2996,20.6945,20.5229,20.4509,20.0476,20.8179,19.8308,19.8941,19.7639,19.8684,19.921,20.4577,20.285,20.4389,20.7123,21.1346,20.413,20.2988,20.4323,20.6418,20.777,20.48,20.4218,20.7319,20.9945,21.4395,20.7712,20.8908,20.8409,20.3768,20.8676,19.6696,19.4964,19.5707,19.4458,20.4728,20.0302,20.1994,20.4363,20.6227,20.9249,20.1367,20.2809,20.0676,20.6358,21.212,20.595,20.0771,19.9012,20.4885,21.1834,19.9363,20.1439,20.594,20.2667,20.5354,19.4326,19.3298,19.6107,20.0266,20.3993,20.4566,19.5189,19.9732,19.7072,21.0116,19.8579,20.1872,20.8965,21.3018,22.3125,19.3422,19.4685,19.4332,20.7851,21.4597,19.6914,19.5614,19.9277,19.9058,20.4239,19.6667,19.8502,20.1304,20.1021,20.6849,19.7427,20.0857,20.3743,20.7076,21.5152,20.3131,20.049,20.4344,20.2778,20.5029,19.633,20.0085,20.2938,20.668,21.5692
561,3:31:15 PM,19.7289,19.7067,19.6457,19.9566,20.2894,20.301,20.1962,20.4945,20.7122,20.3994,20.2608,20.2836,20.0695,20.2706,20.3903,20.4867,20.464,20.5078,20.8011,21.2467,20.5875,20.4347,20.3646,20.2571,20.8092,19.9191,20.1258,19.7229,19.963,20.1713,20.4211,20.2699,20.5542,20.8129,21.1101,20.4141,20.4108,20.4409,20.3724,20.5019,20.7022,20.5468,20.8486,21.0581,21.3473,20.7558,20.803,20.7823,20.4407,20.7817,19.7986,19.6156,19.5831,19.7544,20.6152,20.1282,20.3051,20.5608,20.747,20.8343,20.3495,20.1674,20.0154,20.7364,21.2445,20.4935,20.1473,19.8993,20.4157,21.0466,19.943,20.3743,20.5921,20.3327,20.8427,19.7157,19.5219,19.5667,19.9799,20.4665,20.4349,19.6875,19.9345,19.5162,20.8044,19.8872,20.032,20.6262,20.7891,21.916,19.4969,19.4665,19.6136,20.3507,21.4531,19.7115,19.82,20.1811,20.0603,19.8726,19.8921,19.728,20.1414,20.2339,20.81,19.9247,20.0679,20.1426,20.9473,22.4823,20.3343,20.1395,20.4232,20.532,20.863,19.6516,20.13,20.1102,20.6899,21.1294
562,3:31:35 PM,19.7642,19.8448,19.8655,20.315,20.2676,20.1708,20.1365,20.7509,20.7525,20.6442,20.284,20.3668,20.2117,20.1228,20.2483,20.4715,20.5309,20.6073,20.7325,21.1159,20.6278,20.3923,20.4524,20.3904,20.7239,19.7106,19.8714,19.9882,19.7704,20.3294,20.702,20.393,20.8301,20.6906,21.1442,20.4447,20.4413,20.6073,20.2027,20.5085,20.3388,20.6569,20.6174,20.9879,21.2111,20.6673,20.8786,20.8846,20.5039,20.8849,19.7445,19.4687,19.5744,19.5659,20.4285,19.7493,20.2126,20.6331,20.6334,20.6252,20.3942,20.2095,20.0637,20.6728,21.144,20.6194,20.1499,19.9787,20.4407,21.2647,20.096,20.2394,20.3622,20.5124,20.9332,19.5548,19.4018,19.8332,20.0884,20.2604,20.3067,19.6471,20.1502,19.8413,20.7231,19.6417,20.1009,20.4444,20.6761,22.3217,19.5132,19.4779,19.7437,20.4363,21.6158,19.8772,19.6228,19.7004,19.9483,20.9115,19.8583,19.8843,20.2173,20.0882,20.5928,20.1616,20.046,20.2549,20.8656,22.1358,20.3969,20.1793,20.2161,20.264,20.7331,19.638,20.1511,20.3246,20.7536,21.0627
563,3:31:55 PM,19.6526,19.7716,19.8426,20.2107,20.3221,20.4676,20.2896,20.747,20.7894,20.6033,20.4896,20.226,20.2089,20.1752,20.3582,20.3928,20.5527,20.6862,20.7042,21.1282,20.6511,20.4965,20.5793,20.3142,20.7802,19.7503,19.9885,19.5729,19.8495,20.1277,20.6808,20.2297,20.6638,20.7467,21.1755,20.662,20.331,20.4322,20.1899,20.4872,20.5723,20.5971,20.5478,21.1302,21.5504,20.7892,20.8444,20.8769,20.6961,20.7447,19.6589,19.3759,19.5673,19.6354,20.5495,19.8256,20.0647,20.4839,20.7612,21.0081,20.3667,20.2158,20.1325,20.811,21.1235,20.5602,20.3318,19.9106,20.3572,21.1266,20.1341,20.5046,20.7071,20.381,20.7064,19.5546,19.4639,19.7217,19.9882,20.4963,20.4094,19.4743,20.0301,19.6095,20.9469,19.7758,20.0725,20.7648,20.9924,22.3948,19.4976,19.4968,19.715,20.6855,21.592,19.8838,19.5825,19.7405,19.7972,19.9914,19.9148,19.8836,20.2228,20.1398,20.7527,19.787,20.1122,20.2575,20.877,22.2721,20.2953,19.9756,20.3927,20.2779,20.6578,19.7764,20.1838,20.3448,20.6516,21.2699
564,3:32:15 PM,19.759,19.8227,19.8149,20.1636,20.4463,20.356,20.216,20.6406,20.7242,20.7186,20.4651,20.213,20.0397,20.1764,20.3676,20.487,20.592,20.6388,20.6051,21.3152,20.3622,20.3719,20.5318,20.2687,20.7114,19.7109,20.0623,19.7655,20.0268,20.0594,20.8538,20.3486,20.6523,20.9097,20.9876,20.4923,20.4813,20.3598,20.4642,20.7267,20.4831,20.5774,20.7221,21.0777,21.3132,20.7163,20.9641,20.9315,20.5682,20.7732,19.6857,19.3385,19.5249,19.6708,20.4117,19.9715,20.1376,20.6418,20.8872,21.0359,20.3475,20.3889,20.0245,20.5958,21.1555,20.5197,20.3611,19.935,20.4039,21.0246,20.0241,20.2713,20.5181,20.6173,20.5497,19.4364,19.545,19.8811,20.1006,20.2281,20.3983,19.5627,19.6488,19.4626,20.816,19.7618,20.1745,20.6686,20.7132,22.1819,19.583,19.5197,19.5762,20.5569,21.7156,19.9218,19.9199,20.0457,19.9586,20.1944,19.9552,20.0331,20.2139,20.3937,20.7992,19.8251,20.2065,20.4181,20.676,22.3922,20.413,20.0798,20.3413,20.347,21.1024,20.0185,20.1943,20.5538,20.7212,21.2254
565,3:32:35 PM,19.9472,19.8238,19.8947,19.9175,20.3918,20.3081,20.3317,20.6944,20.7358,20.6384,20.3336,20.2192,20.2114,20.1622,20.188,20.477,20.5025,20.4956,20.7507,21.1777,20.5967,20.4383,20.5026,20.3476,20.7944,19.7168,19.9597,20.0262,19.8582,20.0124,20.2882,20.4494,20.7064,20.9066,21.1658,20.4737,20.4058,20.3877,20.2812,20.7863,20.4736,20.6036,20.7301,21.1071,21.3911,20.6334,20.9502,20.7972,20.5039,20.8093,19.8446,19.6532,19.6318,19.7125,20.5331,20.3279,20.4584,20.6919,20.9417,20.8937,20.482,20.2994,20.2471,20.4936,21.5021,20.5633,20.1371,19.8543,20.3777,21.0269,20.1567,20.3787,20.4484,20.5378,20.8562,19.7738,19.5674,19.6392,20.0697,20.3655,20.4426,19.6904,20.2237,19.7296,20.8445,19.9853,20.0448,20.8371,21.1459,22.5615,19.5367,19.616,19.7748,20.4813,21.6403,19.7914,19.8898,20.0476,19.8652,20.0254,19.8761,19.8878,20.1257,20.0506,21.1951,19.8002,20.2389,20.5018,21.2074,22.3878,20.4958,20.1857,20.2978,20.3992,20.6936,19.6345,20.0677,20.1082,20.7545,21.0753
566,3:32:55 PM,19.9052,19.6983,19.7092,20.0549,20.3485,20.3885,20.3664,20.522,20.7057,20.5924,20.3092,20.2485,20.1909,20.3309,20.4424,20.4687,20.5748,20.7084,20.7441,21.2952,20.4983,20.5074,20.6422,20.177,20.7179,20.1209,19.9864,20.1066,20.0686,20.1501,20.6854,20.3605,20.6013,20.9161,21.2927,20.5331,20.522,20.5068,20.5382,20.8128,20.5992,20.5104,20.7509,21.2016,21.4501,20.8538,20.7281,20.8516,20.4719,20.7182,19.7657,19.561,19.824,19.7471,20.589,20.1487,20.3332,20.6429,20.971,20.6449,20.2742,20.2978,20.1356,20.7629,21.268,20.793,20.1586,19.9129,20.3841,21.2144,19.9166,20.3008,20.5645,20.7407,20.8855,19.5968,19.6425,19.8534,20.0961,20.4468,20.4895,19.4817,20.013,19.6705,20.6053,19.8353,20.0652,20.9543,21.2756,22.0565,19.407,19.601,19.4597,20.5471,21.4968,19.7852,19.7898,19.778,19.9279,19.9873,19.98,19.7363,20.0568,20.1308,20.6852,19.788,20.0876,20.5026,20.8934,22.1991,20.3184,20.0711,20.2772,20.3888,21.1709,19.8287,19.9813,20.0112,20.6613,21.0249
567,3:33:15 PM,19.641,19.7467,19.6698,19.9799,20.2551,20.296,20.4281,20.5243,20.6927,20.8139,20.2972,20.1808,20.0635,20.2917,20.5745,20.5385,20.5477,20.6397,20.7468,21.266,20.466,20.6781,20.45,20.5284,20.5356,19.8563,20.0256,19.7977,19.9577,20.0156,20.7719,20.5098,20.7744,20.8608,21.1932,20.5212,20.5548,20.4352,20.6435,20.874,20.3515,20.6296,20.6075,21.0771,21.2756,20.6159,20.9073,20.8716,20.6053,20.7659,19.6859,19.4687,19.791,19.615,20.3337,19.807,20.3671,20.6027,20.9195,21.4572,20.0629,20.3975,20.0532,20.6563,21.2822,20.5256,20.1477,20.0799,20.3909,21.1757,20.3551,20.4235,20.5081,20.5799,20.507,19.5636,19.6411,19.7182,20.1278,20.4814,20.423,19.6643,20.3399,19.6449,20.7077,19.9929,20.2605,20.8968,21.2897,22.4102,19.5698,19.4779,19.6542,20.3529,21.6228,19.8801,19.5697,19.9257,19.9715,20.5214,20.0277,19.9196,20.1308,20.327,20.8304,19.9282,20.1289,20.1017,21.5596,22.565,20.4549,20.3067,20.6185,20.5156,20.8652,19.797,20.1087,20.4217,20.7621,21.1172
568,3:33:35 PM,19.7935,19.8907,19.738,20.2404,20.4645,20.2098,20.1848,20.5489,20.7357,20.7324,20.417,20.2463,20.1183,20.4689,20.4922,20.2805,20.5432,20.5868,20.7737,21.31,20.5377,20.6237,20.4391,20.4617,20.6563,19.7997,20.1718,19.9164,19.9316,20.1161,20.4454,20.3442,20.7649,20.8192,21.404,20.694,20.4157,20.2704,20.6663,21.2008,20.4345,20.5882,20.7058,21.2244,21.4736,20.7727,20.8961,20.8425,20.5314,20.849,19.8549,19.449,19.7152,19.5943,20.347,19.9584,20.4214,20.6409,20.9846,21.1931,20.3164,20.3366,20.281,20.6836,21.5002,20.319,20.1784,19.7368,20.3938,21.1483,20.1083,20.4924,20.584,20.433,20.5741,19.6727,19.5882,19.7737,20.0078,20.6385,20.51,19.6276,20.1038,19.666,20.9206,19.9233,20.2475,20.8624,21.066,22.601,19.5821,19.5285,19.5852,20.4434,21.4447,20.0456,19.92,20.0179,20.0012,20.1923,19.9998,19.9533,20.155,20.1874,20.8894,19.8062,20.1626,20.5104,20.9111,22.0045,20.3295,20.1609,20.3709,20.429,20.5006,19.8627,20.0267,20.6125,20.7663,21.1069
569,3:33:55 PM,19.7942,19.6946,19.8247,20.0802,20.403,20.272,20.3487,20.6874,20.8613,20.6889,20.5527,20.3805,20.0979,20.3368,20.638,20.2783,20.592,20.5299,20.7241,21.3208,20.6004,20.6436,20.4694,20.5292,20.5006,19.5421,19.9415,19.661,19.766,20.0481,20.5848,20.428,20.6974,20.8188,21.0608,20.6374,20.6542,20.5059,20.4833,21.0627,20.632,20.6761,20.7556,21.1039,21.4752,20.7737,20.9275,20.7723,20.5953,20.6767,19.7356,19.5838,19.678,19.6711,20.3515,20.0569,20.07,20.5952,20.8098,20.9507,20.3746,20.2377,20.1642,20.6882,21.339,20.3345,19.9614,19.9286,20.3682,21.1342,20.2886,20.4867,20.5749,20.4676,20.706,19.5953,19.5957,19.8511,20.0187,20.5352,20.4095,19.7089,19.7099,19.4476,20.7212,20.0025,20.1556,20.7899,21.0163,22.3707,19.6412,19.6176,19.8585,20.6432,21.5253,19.8953,19.8745,19.7657,19.9295,20.0004,19.9087,19.9548,20.2874,20.4678,20.875,19.9619,20.0118,20.3735,20.8214,22.3585,20.1641,20.0319,20.3197,20.3006,20.6877,19.5611,20.1838,20.192,20.6008,21.0485
570,3:34:15 PM,19.68,19.7516,19.5622,19.9067,20.3247,20.3538,20.367,20.6221,20.8471,20.7278,20.2692,20.2584,20.1502,20.3585,20.5349,20.3756,20.5249,20.6957,20.7167,21.288,20.7633,20.363,20.5891,20.4657,20.676,19.572,19.967,19.6344,19.7938,20.0644,20.5286,20.4193,20.8416,20.6901,21.3031,20.3957,20.4143,20.3318,20.4909,20.5838,20.4202,20.5522,20.8544,21.0599,21.4266,20.7175,21.0118,20.8738,20.5326,20.9736,19.7089,19.3083,19.6215,19.6138,20.3021,20.1854,20.2205,20.5965,20.796,20.5757,20.3393,20.3366,20.2464,20.7832,21.2293,20.7075,20.0956,19.9899,20.2903,21.2431,20.4563,20.481,20.5993,20.4547,20.616,19.355,19.6825,19.7182,20.1934,20.5148,20.4922,19.6225,19.8378,19.6895,20.7242,20.0754,20.1916,20.8009,21.0565,22.0085,19.5806,19.4909,19.6961,20.5044,21.6475,19.7434,19.877,19.9853,20.0578,19.731,19.8684,19.8994,20.1578,20.4309,21.0883,19.8412,20.1517,20.2472,21.0518,22.274,20.2238,20.2071,20.3349,20.4198,20.6836,19.7377,19.9226,20.4493,20.8203,20.983
571,3:34:35 PM,19.7893,19.808,19.7054,19.9526,20.4408,20.2362,20.3889,20.5514,20.6979,20.65,20.3039,20.4092,20.2831,20.3851,20.4741,20.1852,20.5221,20.6896,20.7105,21.3422,20.6966,20.5341,20.6388,20.2696,20.8104,19.9142,20.1832,19.7905,19.9833,20.0823,20.5775,20.4609,20.6897,20.9729,21.1095,20.5627,20.3851,20.5588,20.5449,20.6555,20.6161,20.7248,20.6869,21.1934,21.5477,20.8077,20.9444,20.8285,20.6008,20.7519,19.8822,19.5346,19.665,19.6654,20.5125,20.2284,20.2817,20.4938,20.9533,20.7752,20.1677,20.3766,20.2131,20.8754,21.438,20.5945,20.2915,20.0089,20.2719,21.1819,19.9918,20.3029,20.405,20.5816,20.9134,19.5618,19.5651,19.6932,20.0074,20.46,20.4547,19.6158,20.024,19.5557,20.5183,19.8898,20.2432,20.7822,21.125,22.1351,19.4449,19.4448,19.5873,20.2712,21.6327,19.6647,19.7073,19.9979,19.9311,20.1422,19.9077,19.8904,20.1063,20.3865,20.9734,20.0189,20.1324,20.0959,20.8649,22.3749,20.3913,20.161,20.4869,20.364,21.0901,19.5456,20.1791,20.081,20.6131,21.1898
572,3:34:55 PM,19.8087,19.6944,19.9116,20.1153,20.4601,20.4619,20.2822,20.7714,20.8435,20.7091,20.372,20.3758,20.2708,20.317,20.6128,20.4504,20.5874,20.5782,20.6204,21.3445,20.686,20.4574,20.6325,20.5767,20.6876,19.795,20.1369,19.7815,20.1224,20.0995,20.833,20.517,20.8209,20.7887,21.3149,20.4403,20.4319,20.5134,20.303,20.3196,20.6852,20.737,20.9082,21.2052,21.4618,20.7618,20.9977,21.0038,20.5255,20.6742,19.8862,19.5254,19.7726,19.7785,20.3785,20.1724,20.3416,20.7831,20.8249,21.1419,20.2843,20.3183,20.2419,20.8154,21.2906,20.5081,20.2625,20.1368,20.4131,21.1312,20.1197,20.4766,20.6837,20.589,20.7076,19.7439,19.4587,19.7376,20.2231,20.4707,20.4669,19.8296,20.2195,19.8498,21.1869,19.9878,20.05,20.7695,21.1075,22.4522,19.4374,19.5814,19.4801,20.4882,21.7422,20.0538,19.6166,19.985,19.9144,19.8069,19.8753,19.8784,20.0823,20.2854,20.7651,19.8438,20.2256,20.4306,20.7906,22.0656,20.1431,20.299,20.3782,20.5386,20.6075,19.7585,20.0811,20.5732,20.6798,21.1342
573,3:35:15 PM,19.9104,20.0103,19.8234,20.1705,20.2891,20.3612,20.2551,20.6363,20.8038,20.729,20.4192,20.201,20.2608,20.0709,20.5452,20.336,20.6803,20.723,20.6342,21.2652,20.6048,20.6485,20.6276,20.4556,20.6808,19.6824,20.0464,19.9364,19.8506,20.0737,20.7113,20.4954,20.8106,20.8719,21.3659,20.5153,20.5394,20.615,20.5997,21.0975,20.4823,20.6562,20.8436,21.2079,21.4163,20.761,21.0327,20.9687,20.5936,20.8829,19.9123,19.5481,19.7621,19.7628,20.4183,19.992,20.3268,20.6891,20.9149,20.9381,20.4591,20.2203,20.2348,20.8335,21.496,20.7214,20.2272,19.9197,20.3722,21.1173,20.1578,20.4285,20.7242,20.4229,20.767,19.6321,19.5499,19.7186,20.0863,20.4089,20.539,19.6981,20.4028,19.5203,21.0061,19.8142,20.2481,20.7676,21.1055,21.9412,19.4549,19.6022,19.4968,20.2834,21.5612,19.8851,19.7284,19.9038,20.0837,20.1969,19.7853,20.0243,20.2479,20.2459,21.1967,19.9704,20.1369,20.6521,20.9404,22.3733,20.4786,20.3251,20.3412,20.5011,20.9382,19.8766,20.2356,20.1246,20.8038,20.8452
574,3:35:35 PM,19.9015,19.8062,19.8676,20.2053,20.2477,20.3392,20.0373,20.3488,20.7337,20.6787,20.436,20.4168,19.9476,20.2818,20.4835,20.2787,20.6869,20.7095,20.765,21.3746,20.7181,20.5531,20.6009,20.5853,20.757,19.8725,20.1191,19.842,19.9456,20.1181,20.4818,20.1877,20.7185,20.6652,21.2042,20.5748,20.4599,20.6535,20.8081,20.96,20.6029,20.7886,20.8673,20.919,21.5754,20.6844,20.8231,20.9015,20.4491,20.9225,19.8904,19.6226,19.8608,19.6963,20.6941,19.8417,20.2992,20.7163,20.8861,20.4943,20.3268,20.3553,20.1919,20.7359,21.2466,20.3993,20.2786,19.8752,20.3637,21.1814,20.2443,20.3233,20.5896,20.7568,20.7027,19.5116,19.5478,19.7562,20.2371,20.5529,20.4833,19.709,20.2424,19.6161,20.7283,20.015,20.1803,20.8547,21.1553,22.448,19.6669,19.5537,19.6728,20.5904,21.7259,19.7368,19.8492,20.0379,19.9357,19.9474,19.9272,19.8953,20.1594,20.3489,21.3607,19.8327,20.2272,20.4663,21.2495,22.4509,20.3679,19.9265,20.2462,20.3503,20.801,19.5812,20.0978,20.0935,20.5393,21.0955
575,3:35:55 PM,19.8614,19.8181,19.7187,20.0333,20.3624,20.3866,20.2058,20.5884,20.5123,20.4485,20.3261,20.3966,20.2165,20.5552,20.8326,20.4419,20.6023,20.6889,20.7357,21.4059,20.7853,20.6589,20.5774,20.5579,20.8129,19.9606,19.9629,19.766,19.7891,20.1849,20.504,20.4825,20.7453,20.7693,21.4003,20.7297,20.5484,20.5399,20.8081,20.9777,20.6152,20.7441,20.7751,21.2394,21.5109,20.9355,21.0054,20.9708,20.5615,20.9518,19.783,19.2668,19.7278,19.77,20.4642,20.0435,20.3038,20.6562,20.7744,20.926,20.3382,20.1416,20.2883,20.851,21.4042,20.3756,20.212,19.9387,20.4841,21.77,20.1742,20.5041,20.7654,20.7449,21.097,19.516,19.5109,19.7171,20.0242,20.5518,20.4632,19.6716,19.978,19.3775,20.7705,19.8147,20.1701,20.6282,20.853,22.0323,19.5492,19.6111,19.632,20.7441,21.7141,19.8652,19.8343,19.9242,19.9841,20.2798,20.0375,19.8389,20.0724,20.4844,21.2759,19.77,20.1821,20.2441,21.0606,22.4675,20.3272,20.1308,20.6146,20.623,20.7053,19.6737,20.241,20.2663,20.7108,21.076
576,3:36:15 PM,19.7578,19.7213,19.8336,20.0615,20.4399,20.2994,20.4073,20.7509,20.5953,20.5145,20.6483,20.1698,20.1127,20.2672,20.6382,20.5911,20.7282,20.6844,20.7308,21.3994,20.8209,20.6847,20.7301,20.6169,20.8933,19.899,20.0326,19.8377,19.8211,20.2166,20.633,20.4076,20.6491,20.9664,21.3523,20.7294,20.5485,20.4806,20.8092,20.9259,20.6825,20.6177,20.8792,21.1571,21.5218,20.8727,20.9715,21.0488,20.6384,20.8436,19.7542,19.537,19.6832,19.6705,20.5611,19.9003,20.252,20.6293,20.9305,20.7932,20.4249,20.3765,20.2652,20.6818,21.4126,20.5894,20.2091,20.0361,20.4947,21.4047,20.176,20.59,20.7589,20.7217,20.7261,19.6551,19.6009,19.7249,20.0288,20.4563,20.5631,19.6614,20.2247,19.7107,21.1833,19.7623,20.0886,20.9374,21.1349,21.8899,19.52,19.6218,19.5417,20.5242,21.6852,19.8343,19.9491,20.0483,19.9088,20.3061,19.9467,19.9278,20.2299,20.2511,22.2773,19.9563,20.2169,20.2198,21.6633,22.475,20.4726,20.2357,20.6715,20.428,20.7001,19.6768,20.2922,20.5719,20.9924,21.2369
577,3:36:35 PM,19.8164,19.8262,19.7171,20.0825,20.4061,20.3299,20.4266,20.8014,20.6814,20.6247,20.6481,20.3216,20.0154,20.5227,20.4859,20.3985,20.5564,20.7706,20.754,21.4436,20.8679,20.6914,20.6697,20.403,20.8893,19.8666,20.0994,19.7362,20.0382,20.1217,20.5775,20.5156,20.7712,20.8207,21.2988,20.8215,20.5003,20.6986,20.7092,20.7176,20.5811,20.6332,20.6421,21.1193,21.4395,20.954,20.9088,21.0246,20.584,20.7557,19.8214,19.3671,19.6862,19.7635,20.3928,19.8622,20.4595,20.7115,20.7062,20.9641,20.5528,20.2551,20.435,20.6789,21.4726,20.7252,20.3098,19.9467,20.4313,21.2154,20.2199,20.5283,20.7469,20.6909,20.9321,19.5659,19.6629,19.7925,20.0323,20.5332,20.4153,19.605,19.9468,19.6986,20.9962,19.805,20.1734,20.6156,20.8331,22.1161,19.4041,19.6594,19.9049,20.5083,21.7682,19.9279,19.8091,19.8406,19.8573,20.1551,20.0898,20.0363,20.2445,20.2756,21.2934,20.1252,20.3126,20.3765,21.1982,22.6192,20.3541,19.9684,20.4596,20.4741,20.5939,19.9805,20.2422,20.5801,20.8549,21.2692
578,3:36:55 PM,19.7462,19.6625,19.8254,20.085,20.4995,20.4558,20.419,20.7006,20.7988,20.6719,20.5274,20.3814,20.1884,20.5046,20.7136,20.486,20.5325,20.7311,20.7591,21.2645,20.7549,20.6781,20.5854,20.4069,20.8466,19.6439,20.1048,20.0019,20.0129,20.2518,20.4067,20.3712,20.8306,20.9079,21.2445,20.7247,20.655,20.376,20.3444,20.7008,20.6116,20.6322,20.809,21.072,21.5219,20.8704,21.0197,20.8645,20.5953,20.8156,19.8539,19.4244,19.7364,19.7125,20.6305,19.7585,20.3809,20.6123,20.9513,20.875,20.4919,20.3666,20.0965,20.8564,21.5674,20.7239,20.291,19.9317,20.4498,21.0955,20.092,20.5055,20.7087,20.5373,20.7776,19.6897,19.5401,19.6883,20.1183,20.6055,20.4826,19.5473,19.9401,19.587,20.7989,19.9963,20.2592,20.9852,21.2367,22.2708,19.5138,19.5987,19.7432,20.4418,21.6356,19.69,19.9058,20.2245,19.9646,20.3709,20.0914,20.0975,20.24,20.3371,21.1922,20.0544,20.2225,20.3468,21.0981,22.6539,20.417,20.1955,20.3112,20.4958,20.8169,19.8568,20.2152,20.4914,20.9102,21.4201
579,3:37:15 PM,19.8063,19.7412,19.8636,20.1795,20.5209,20.3361,20.4383,20.6097,20.8432,20.6158,20.4359,20.2345,20.1803,20.2443,20.5825,20.615,20.6063,20.6978,20.7335,21.3289,20.7313,20.4756,20.6465,20.1261,20.6994,19.8936,19.9486,19.828,20.1695,20.3608,20.624,20.5116,20.9053,21.0595,21.2028,20.493,20.473,20.4923,20.3436,20.5998,20.5007,20.6512,20.7152,21.0289,21.5091,20.9586,20.8452,21.1104,20.5723,20.7261,19.816,19.5182,19.6482,19.8029,20.5631,20.0676,20.2461,20.7034,20.8341,21.1147,20.4538,20.3439,20.3332,20.6809,21.2668,20.6254,20.205,19.9133,20.3645,21.2528,20.1893,20.6006,20.738,20.5893,20.7205,19.7432,19.6199,19.8413,20.2305,20.5355,20.4793,19.6948,20.211,19.84,20.9808,19.9235,20.2336,20.7855,21.0537,22.3965,19.4352,19.703,19.824,20.4798,21.7123,19.785,19.9858,20.1065,20.0759,20.0894,20.0419,19.9829,20.21,20.2619,21.1988,20.0314,20.2233,20.3836,21.098,22.5977,20.6053,20.2358,20.4337,20.3352,20.6449,19.6081,20.2259,20.5043,20.8165,21.1126
580,3:37:35 PM,19.8433,19.8115,19.7526,20.0558,20.3499,20.5694,20.207,20.7219,20.9115,20.8271,20.5055,20.3161,20.2801,20.1485,20.3112,20.4496,20.5891,20.6886,20.8922,21.3085,20.7907,20.6714,20.6413,20.6726,20.7293,19.8268,20.0995,19.8555,19.8842,20.3161,20.7823,20.555,21.0389,20.8949,21.1985,20.5738,20.4996,20.4346,20.4252,20.4122,20.4771,20.8002,20.8297,21.1403,21.5554,20.9224,21.0832,21.0438,20.5511,20.7293,19.8558,19.5251,19.803,19.6516,20.4095,20.1659,20.4508,20.8092,21.016,21.0671,20.5151,20.3531,20.1999,20.706,21.3812,20.458,20.1259,20.0525,20.4936,21.1375,20.1707,20.3201,20.6267,20.4494,20.6272,19.7523,19.6434,19.8114,20.1535,20.6451,20.5732,19.6521,20.2834,19.7049,21.11,19.8212,20.2173,20.7656,21.1057,22.2828,19.5656,19.6332,19.8209,20.4835,21.7099,20.0038,19.8755,20.157,20.0175,20.1545,19.9061,19.9973,20.2161,20.3008,21.1911,20.0444,20.2945,20.3298,21.045,22.6337,20.444,20.2804,20.4821,20.5431,20.9195,19.6861,20.2164,20.3917,20.6775,21.2164
581,3:37:55 PM,19.9474,19.8323,19.9072,20.1792,20.3884,20.3159,20.3832,20.7719,20.9617,20.939,20.4176,20.2594,20.4162,20.3673,20.4555,20.4182,20.7316,20.7601,20.8494,21.1709,20.704,20.6181,20.6117,20.4735,20.8912,20.0879,20.1173,19.9626,19.8643,20.1344,20.9871,20.5605,20.8208,20.8941,21.2495,20.5529,20.3026,20.5975,20.474,20.4544,20.7191,20.5984,20.7147,21.0406,21.5567,20.8989,21.0707,20.9602,20.5497,20.9425,19.8728,19.5903,19.7729,19.8025,20.5356,20.0976,20.4704,20.6173,20.9181,20.6097,20.2922,20.2844,20.1517,20.5618,21.379,20.4315,20.3939,20.1014,20.469,21.3377,20.2858,20.5621,20.5453,20.6052,20.7698,19.7086,19.5108,19.8943,20.2546,20.3472,20.5438,19.6721,20.0339,19.703,21.0423,20.0039,20.2299,20.785,21.1589,21.7697,19.6706,19.6564,19.8243,20.8636,21.6536,19.9725,20.1168,20.0858,19.973,20.3748,19.9495,19.9396,20.2777,20.3445,21.3714,19.8015,20.0527,20.4632,20.9923,22.3224,20.5358,20.0085,20.489,20.5905,20.8164,19.8709,20.3222,20.1855,20.6486,20.8993
582,3:38:15 PM,19.9213,19.8455,19.7466,20.156,20.3535,20.3272,20.4291,20.6102,20.683,20.7279,20.4277,20.2934,20.442,20.2538,20.4905,20.5653,20.6248,20.6449,20.8599,21.4134,20.6859,20.8617,20.7073,20.4556,20.886,19.8249,20.1124,20.1654,20.1364,20.1714,20.7715,20.573,20.782,20.7885,21.363,20.6545,20.5949,20.5772,20.6243,20.6322,20.7148,20.8254,20.7533,20.8639,21.6516,20.8503,21.0284,20.8968,20.4596,20.8787,19.9833,19.5871,20.0089,19.8181,20.5408,19.9581,20.514,20.7501,20.8893,20.9689,20.5929,20.4132,20.2183,20.8451,21.6456,20.7289,20.1902,19.9414,20.3634,21.2076,20.1065,20.4878,20.7808,20.679,20.6373,19.7364,19.8279,19.7939,20.1257,20.5241,20.6305,19.9408,20.3159,19.7768,20.9782,20.0092,20.4448,20.9975,21.376,22.0517,19.5694,19.6709,19.805,20.7805,21.7922,19.9059,19.8993,19.9663,19.8654,20.1806,20.1276,20.0886,20.3357,20.2363,21.138,19.9606,20.3226,20.3573,20.993,22.4389,20.3606,20.1113,20.3744,20.5514,20.687,19.6785,20.1726,20.4172,20.6806,21.1192
583,3:38:35 PM,20.042,19.863,19.8356,20.0967,20.3452,20.3794,20.2816,20.7461,20.6507,20.7685,20.44,20.3984,20.2433,20.4592,20.3974,20.58,20.6584,20.7108,20.8986,21.2856,20.8271,20.6475,20.5586,20.7096,20.8182,20.005,20.1937,19.7537,20.008,20.2327,20.6913,20.5316,20.9332,20.9094,21.4339,20.6513,20.5879,20.4499,20.4595,20.8807,20.6605,20.8172,20.8978,21.0959,21.5829,20.817,21.06,21.0845,20.6091,20.7416,19.7924,19.564,19.8015,19.7296,20.5747,19.9587,20.4581,20.7942,21.0028,20.9501,20.2684,20.4737,20.4192,20.6823,21.4878,20.7757,20.3864,19.9839,20.3515,21.2374,20.2099,20.6451,20.7006,20.606,20.459,19.8114,19.6874,19.7658,20.2526,20.7103,20.644,19.8069,20.6985,19.8683,21.3084,19.9149,20.0638,20.9434,21.1294,22.0991,19.6062,19.6648,19.7293,20.4085,21.8445,19.9856,19.9532,19.9302,20.0912,20.122,20.1003,20.1567,20.3156,20.1211,20.9632,20.0526,20.4294,20.5577,21.0144,22.5541,20.4515,20.1005,20.5799,20.5199,20.8229,19.7725,20.306,20.6967,20.8133,21.1322
584,3:38:55 PM,19.99,19.954,19.6686,20.1678,20.3729,20.3116,20.1768,20.5978,20.787,20.81,20.5287,20.4182,20.2852,20.4038,20.5083,20.4384,20.577,20.6028,20.6445,21.2716,20.7243,20.6635,20.6399,20.3679,20.7539,19.8158,20.1795,19.7936,19.961,20.3296,20.8418,20.3996,20.9021,20.9646,21.367,20.725,20.5882,20.6187,20.655,20.7433,20.7025,20.6939,20.8566,21.0928,21.5466,20.8879,20.9179,20.8839,20.6696,20.8336,19.8335,19.4385,19.7456,19.768,20.5048,19.95,20.4511,20.8449,20.8843,21.0836,20.4062,20.3731,20.4556,20.7593,21.2479,20.5673,20.4458,20.0658,20.5725,21.2632,20.1897,20.4722,20.763,20.6467,20.9483,19.5914,19.6817,19.8253,20.0913,20.4767,20.5977,19.6951,20.0619,19.7537,20.9457,20.1145,20.3144,20.9132,21.1831,22.286,19.7385,19.6259,19.7493,20.5955,21.6709,20.0323,20.198,20.2875,19.9542,20.0531,20.0746,20.0524,20.4733,20.5102,21.338,20.0363,20.2562,20.4953,21.4606,22.6281,20.4345,20.1943,20.4394,20.5259,20.734,19.936,20.402,20.2315,20.8963,21.4165
585,3:39:15 PM,19.8638,19.8999,19.7268,20.2751,20.369,20.4232,20.2918,20.4582,20.688,20.8326,20.5842,20.4546,20.3187,20.4507,20.6039,20.5413,20.6504,20.6984,20.9164,21.4669,20.837,20.4681,20.5278,20.5145,20.7857,19.9231,20.0266,19.9918,19.9785,20.3504,20.6264,20.4124,20.854,21.0951,21.2047,20.6585,20.6977,20.7255,20.7062,21.0081,20.7053,20.7638,20.8084,21.1639,21.5564,21.0272,20.9059,21.0313,20.6066,20.9543,19.9577,19.6194,19.7654,19.9144,20.5877,19.8321,20.3559,20.7713,20.9443,21.2883,20.355,20.3607,20.3281,20.7631,21.267,20.645,20.3286,19.976,20.5642,21.3114,20.4636,20.6542,20.7926,20.5847,20.9544,19.8065,19.6395,19.8233,20.3638,20.5665,20.5874,19.7296,20.2128,19.6309,21.2318,19.7803,20.2416,20.8262,20.966,22.4404,19.6763,19.8071,19.7511,20.6671,21.7437,19.909,20.0102,20.3767,20.1892,19.9952,20.0508,20.015,20.4707,20.2448,21.1614,19.6915,20.1603,20.4672,20.8016,23.0355,20.3166,20.3127,20.4447,20.5512,20.6682,19.8549,20.2525,20.6994,20.8626,21.5588
586,3:39:35 PM,19.8958,19.8078,19.9063,20.2205,20.4257,20.4658,20.2731,20.7075,20.6963,20.6113,20.5464,20.4662,20.2006,20.3397,20.7564,20.4629,20.8654,20.6102,20.8435,21.5321,20.8349,20.7682,20.8006,20.5288,20.795,19.8066,20.0382,19.7343,19.941,20.2788,21.1,20.4505,20.9147,20.9261,21.2739,20.7661,20.7061,20.5742,20.7921,21.1971,20.6746,20.8422,20.8736,21.1466,21.5216,20.859,20.9516,21.0824,20.5415,20.8614,19.8582,19.5176,19.7615,19.8454,20.4888,19.9827,20.4804,20.8248,21.0485,21.233,20.5225,20.2461,20.4331,20.9388,21.3182,20.6273,20.3438,20.0495,20.6823,21.1303,20.5335,20.4375,20.7044,20.7439,20.6988,19.6641,19.5934,19.8092,20.1797,20.5491,20.7561,19.693,20.1204,19.5617,20.9769,19.8553,20.1675,20.7249,21.1799,22.2973,19.6401,19.79,19.9786,20.5943,21.9425,19.9089,20.0005,20.0858,20.2537,20.2888,20.0845,19.9063,20.2854,20.402,21.0312,19.7701,20.1507,20.3144,21.1362,22.8446,20.5611,19.8479,20.5211,20.511,20.6008,19.6087,20.3868,20.5184,20.5819,21.0752
587,3:39:55 PM,19.8244,19.6527,19.7531,20.1507,20.3326,20.4384,20.5248,20.6408,20.9694,20.7569,20.5429,20.3956,20.4205,20.5186,20.8248,20.6311,20.5023,20.795,20.8671,21.5028,21.0171,20.6264,20.5415,20.5541,20.7428,19.7853,20.0303,19.8707,20.1109,20.1687,20.3919,20.4374,20.912,20.9936,21.4869,20.7244,20.5366,20.6356,20.4485,20.6956,20.5373,20.6938,20.8632,21.0564,21.6857,20.9821,20.967,20.9556,20.6823,20.6464,19.6702,19.6745,19.8149,19.8663,20.5812,19.8798,20.4189,20.6101,20.9846,21.0356,20.5527,20.5293,20.4088,20.8872,21.4125,20.7114,20.3028,19.9654,20.4824,21.1263,20.0582,20.6277,20.5872,20.658,20.6881,19.6752,19.4991,19.9424,20.3341,20.6338,20.6137,19.9131,20.0956,19.3897,20.8655,19.938,20.1682,20.6743,20.8212,22.042,19.5128,19.7449,19.9141,20.7137,21.744,20.0946,20.0921,20.2124,19.9954,20.7814,20.0365,20.0292,20.2507,20.336,21.2548,20.0549,20.2952,20.3433,21.4749,22.6801,20.2774,20.1287,20.4412,20.5415,20.6547,19.5398,20.3935,20.4479,20.9567,21.1845
588,3:40:15 PM,19.5943,19.7282,19.7248,20.1381,20.5932,20.4225,20.3121,20.6977,20.6633,20.739,20.3455,20.3617,20.1539,20.3,20.6292,20.5401,20.5501,20.8533,20.7188,21.39,20.7917,20.6908,20.5418,20.7042,20.8535,19.7707,19.8973,20.0108,20.2528,20.4076,20.7821,20.4911,20.9,20.9249,21.241,20.7657,20.6123,20.5676,20.6679,20.8405,20.7215,20.6055,20.956,21.281,21.7049,21.0107,21.1086,20.9111,20.6981,20.871,19.7053,19.7398,19.6787,19.7658,20.5736,19.8349,20.3001,20.7001,20.9715,20.9203,20.5225,20.5314,20.2356,20.7496,21.462,20.6037,20.3255,20.0416,20.7229,21.0727,20.2367,20.6453,20.6424,20.4919,20.6683,19.6324,19.4668,19.7041,20.4042,20.5731,20.5338,19.7785,19.7662,19.6396,21.2882,19.8519,20.1755,20.978,20.9352,22.3789,19.6765,19.5729,19.7394,20.4704,21.7463,19.8944,19.9997,20.1925,20.1633,20.442,19.9436,20.0563,20.2414,20.3145,20.9105,20.0093,20.3129,20.4668,21.3111,22.8172,20.5213,20.1684,20.6231,20.4244,20.4922,19.79,20.314,20.6397,20.7714,21.1656
589,3:40:35 PM,19.7209,19.8883,19.8514,20.1921,20.4029,20.2549,20.4861,20.8791,21.0455,20.6951,20.5845,20.2365,20.1274,20.3277,20.6793,20.6367,20.6353,20.8406,20.8568,21.2908,20.9684,20.9427,20.61,20.5842,20.7981,19.697,20.123,19.9856,20.1765,20.1541,20.7173,20.5055,20.9409,21.1905,21.1957,20.6379,20.5331,20.5684,20.9018,21.0161,20.6539,20.7462,20.9667,21.0617,21.6108,20.6856,20.9606,21.0025,20.5611,20.9536,19.8275,19.7397,19.8391,19.7637,20.5091,20.0438,20.4999,20.7407,20.8495,20.7872,20.5115,20.5307,20.2299,20.7348,21.4223,20.63,20.2541,20.1055,20.5108,21.2955,20.3343,20.5607,20.7091,20.6977,20.848,19.7609,19.6804,19.6981,20.5385,20.5849,20.6038,19.7785,20.2094,19.6771,20.9883,20.0613,20.1733,20.9815,21.0659,21.8176,19.7553,19.6574,19.745,20.7158,21.6851,20.0515,20.2307,20.3979,20.1734,20.0323,19.951,20.0237,20.2013,20.2546,21.033,20.0324,20.4391,20.4611,20.9532,22.7214,20.5419,20.2897,20.447,20.6711,20.6993,19.7941,20.191,20.637,20.9111,21.1609
590,3:40:55 PM,19.8323,19.7536,19.8736,20.2421,20.4741,20.4592,20.608,20.8455,20.8882,20.8444,20.6388,20.4445,20.078,20.4462,20.4011,20.5372,20.551,20.7857,20.9785,21.3779,20.7323,20.5419,20.6641,20.7361,20.9853,20.0308,20.1799,20.0752,20.1705,20.3376,20.6563,20.5647,20.9489,20.8095,21.2004,20.6561,20.5368,20.5114,20.3876,20.4527,20.7484,20.6981,20.704,21.1016,21.6678,21.0725,21.0107,21.124,20.7246,20.8022,19.9632,19.7582,19.7451,19.7766,20.6034,20.1818,20.3918,20.7074,21.09,21.4225,20.548,20.2997,20.403,20.814,21.3003,20.5265,20.2651,19.9899,20.607,21.1856,20.3367,20.3873,20.7942,20.5757,20.5847,19.7999,19.5246,19.9593,20.2032,20.5996,20.5902,19.8793,20.4859,19.9581,20.8847,20.1923,20.3232,20.841,21.1424,22.3358,19.5693,19.8203,19.9342,20.3804,21.6977,19.8439,19.8385,20.2183,19.9661,19.7899,20.0073,19.9377,20.2692,20.3698,21.064,20.0367,20.39,20.6259,21.0022,22.4079,20.4737,20.3996,20.8695,20.3391,20.6591,19.858,20.1129,20.3733,20.7097,21.5538
591,3:41:15 PM,19.886,19.9333,19.9221,20.189,20.5908,20.5701,20.3884,20.9557,20.9886,20.9397,20.6158,20.2629,20.2965,20.4398,20.4111,20.5744,20.7265,20.7277,20.9146,21.401,20.9298,20.673,20.598,20.4293,20.6405,20.136,20.2161,20.0765,20.0829,20.366,20.9114,20.5358,21.116,21.0392,21.2618,20.7842,20.4963,20.5457,20.5878,20.6703,20.6328,20.7604,20.9207,21.1578,21.4323,21.0519,20.9803,20.9308,20.5626,20.8994,19.9992,19.5425,19.8816,19.8003,20.5661,20.0068,20.4654,20.7375,20.9343,21.353,20.5975,20.3531,20.3897,20.8745,21.6545,20.5414,20.4296,20.1203,20.4463,21.3034,20.1235,20.4933,20.6982,20.6449,20.8358,19.9061,19.7752,20.0374,20.4074,20.7271,20.6053,19.6998,20.6047,19.7318,20.9743,19.895,20.2228,21.0312,21.2558,22.4664,19.5459,19.7088,19.7711,20.5109,21.6538,19.848,19.6885,20.0805,20.2618,20.001,20.1559,20.2249,20.2886,20.3852,20.877,20.2876,20.5327,20.7089,20.9629,22.3997,20.6091,20.1206,20.4486,20.5641,20.6468,19.9009,20.2747,20.545,20.9037,21.2172
592,3:41:35 PM,19.8131,19.9356,19.8963,20.2945,20.4156,20.5822,20.3739,20.6329,20.9413,20.8393,20.5927,20.454,20.3165,20.3956,20.5307,20.6634,20.6495,20.799,20.8709,21.5569,20.757,20.6297,20.6563,20.4143,20.8544,19.9185,20.0677,20.0194,19.9882,20.225,20.8479,20.5214,20.8068,21.001,21.2737,20.8089,20.5832,20.6523,20.5252,20.9003,20.5813,20.7483,21.0309,21.1519,21.3426,20.8815,20.942,21.0285,20.6582,20.801,20.0539,19.6627,20.0553,19.8738,20.6017,20.1003,20.4678,20.6813,20.8435,21.1858,20.5477,20.4576,20.2414,20.8552,21.4592,20.7261,20.3729,19.8719,20.4857,21.1961,20.4681,20.4461,20.8139,20.6755,20.7094,19.7713,19.6277,19.8861,20.3073,20.7048,20.4943,19.838,20.0392,19.7174,21.1188,20.1275,20.4772,20.9319,21.0612,22.6079,19.7345,19.7454,19.8911,20.6773,21.735,19.839,19.9585,20.1951,20.0721,19.9628,19.9951,20.0251,20.4385,20.3619,21.0793,19.8982,20.3456,20.4521,20.9576,22.4011,20.514,20.3125,20.6469,20.5249,20.7686,19.9086,20.3571,20.6248,20.8257,21.1142
593,3:41:55 PM,19.8885,19.9482,19.6463,20.178,20.6544,20.4019,20.2077,20.6674,20.9201,20.7417,20.5414,20.5135,20.3925,20.6083,20.7217,20.6046,20.7053,20.8566,20.7957,21.46,20.7283,20.6253,20.667,20.4829,20.8061,20.0117,20.2421,20.0935,20.1272,20.258,20.6389,20.4155,20.8983,20.9484,21.4105,20.7315,20.6231,20.6866,20.6087,21.3542,20.753,20.6028,20.8739,20.8881,21.6076,20.9604,21.0874,21.0537,20.6358,20.8989,19.9164,19.5513,19.7736,19.7033,20.558,20.0352,20.3658,20.7228,20.9348,20.8895,20.253,20.4752,20.4118,20.8529,21.5493,20.6318,20.1817,20.0419,20.4814,21.1193,20.3025,20.372,20.6892,20.658,20.6396,19.7639,19.7506,19.9625,20.1985,20.6194,20.5661,19.7918,20.1083,19.8735,20.7623,19.9798,20.1175,20.8096,21.0339,22.2452,19.665,19.6419,19.887,20.5996,21.7545,19.9306,19.712,19.912,20.1446,20.5777,19.9476,20.0476,20.3332,20.4489,21.1321,20.0815,20.165,20.4163,21.0611,22.2266,20.4771,20.3838,20.5092,20.4914,20.8173,19.878,20.1424,20.5919,20.8762,21.2296
594,3:42:15 PM,20.142,19.9189,19.8361,20.2854,20.4871,20.5713,20.4227,20.9366,20.8698,20.8433,20.5101,20.3733,19.9696,20.4059,20.6949,20.5857,20.7085,20.8227,20.8827,21.4916,20.7953,20.8695,20.7236,20.5864,20.8066,19.8942,20.1264,19.9422,19.9836,20.2369,20.9559,20.3251,20.7651,20.958,21.5291,20.8263,20.4289,20.5751,20.6366,20.7436,20.6844,20.7719,21.1085,21.1982,21.5686,21.0065,21.2487,20.993,20.6301,20.7829,19.9369,19.7011,19.8655,19.8829,20.5369,20.2669,20.3878,20.7063,21.1617,21.1606,20.3166,20.5156,20.2139,20.7122,21.4529,20.6241,20.3817,20.1656,20.661,21.0286,20.0949,20.5143,20.7526,20.5308,20.7402,19.9353,19.6068,19.7981,20.3128,20.7637,20.745,19.8196,20.4012,20.0094,20.9674,20.008,20.3795,20.7293,21.1447,22.398,19.4674,19.6077,19.4913,20.4117,21.4143,19.9472,19.8593,19.9246,20.0055,19.8176,20.053,20.1408,20.3006,20.383,21.1588,20.0849,20.0984,20.6197,20.9554,22.7143,20.4799,20.3675,20.5916,20.4908,20.9303,19.7773,20.2492,20.4046,20.9598,21.2085
595,3:42:35 PM,19.9904,19.9991,20.0484,20.2034,20.5035,20.5056,20.5786,20.8317,20.8348,20.9705,20.4416,20.2966,20.3443,20.3131,20.5639,20.494,20.6454,20.8935,20.837,21.5932,20.8602,20.6552,20.8546,20.6174,20.7751,19.8707,20.2278,19.9262,19.98,20.2015,20.5979,20.6031,20.989,21.0452,21.3862,20.6385,20.5534,20.6747,20.5195,20.6145,20.4531,20.6993,20.9176,21.3992,21.5682,21.0158,21.1301,21.0533,20.717,20.8352,20.0296,19.6616,19.909,19.8268,20.6257,20.1846,20.3687,20.8352,21.0846,21.0721,20.5216,20.2398,20.3081,20.7697,21.4688,20.7209,20.2669,20.2847,20.5682,20.9972,20.2697,20.5792,20.7193,20.5284,20.6738,19.7279,19.7063,20.0237,20.1209,20.6788,20.5828,20.1082,20.4869,19.8982,20.7009,20.046,20.3509,21.1138,21.1314,22.9251,19.6849,19.6461,20.0943,20.6164,21.6456,19.8919,19.887,20.2533,20.1214,19.9748,20.1296,20.0354,20.2753,20.3779,21.3027,20.2103,20.3334,20.7903,21.1589,21.9009,20.5536,20.4638,20.6789,20.5267,20.4249,19.9402,20.2477,20.5053,20.9106,21.5615
596,3:42:55 PM,19.9022,19.7464,19.7241,20.1322,20.5111,20.6683,20.4051,20.5382,20.8395,20.8175,20.4803,20.4359,20.488,20.616,20.684,20.4753,20.584,20.8555,20.9046,21.3855,20.8597,20.6511,20.7256,20.5833,20.7843,19.7519,20.095,19.7696,19.8332,20.2411,20.546,20.5944,20.9213,20.9209,21.2638,20.6578,20.5895,20.6453,20.7355,20.6968,20.5911,20.6899,20.8149,21.2045,21.4331,21.0423,21.0491,21.0061,20.6645,20.725,20.0001,19.6354,19.8702,19.8527,20.6106,20.2245,20.4465,20.7145,21.153,21.0829,20.3018,20.3608,20.3185,21.077,21.5718,20.5279,20.4475,19.9198,20.5365,21.0988,20.1031,20.3313,20.7074,20.7368,20.8535,19.6815,19.5898,19.9596,20.314,20.7891,20.6184,19.6868,20.0781,19.5383,21.119,19.8656,20.1877,20.9194,20.9765,22.2256,19.6089,19.7223,19.7079,20.7398,21.7742,19.8309,19.8166,20.2069,20.1601,20.0062,20.0222,19.9252,20.2894,20.6029,21.2501,19.9482,20.3693,20.5676,21.1794,22.5807,20.6554,20.239,20.7411,20.5537,21.0351,20.0156,20.3497,20.5301,20.7624,21.2469
597,3:43:15 PM,19.8539,19.921,19.9244,20.0386,20.459,20.2974,20.3454,20.7085,20.9456,20.7911,20.5922,20.3689,20.3706,20.4849,20.801,20.545,20.7032,20.665,20.9197,21.3676,20.8491,20.6824,20.6402,20.4527,20.8181,20.1156,20.1943,19.884,20.1632,20.5584,20.783,20.5353,20.8795,20.8966,21.2932,20.6228,20.4714,20.7155,20.7695,20.9803,20.6314,20.6774,20.8972,21.1561,21.7252,21.1318,21.1515,21.1002,20.5208,20.739,19.8788,19.7156,19.8805,19.8301,20.6006,19.9357,20.283,20.8271,21.0347,21.2174,20.4832,20.3374,20.2578,20.795,21.7554,20.5277,20.3323,19.9808,20.4857,21.1232,20.0493,20.5588,20.7733,20.6387,20.8752,19.7246,19.6101,19.9447,20.3415,20.6135,20.4751,19.7751,20.175,19.6624,21.0968,20.1659,20.4343,20.7515,21.0108,21.899,19.4619,19.7016,19.8068,20.9585,21.6763,19.7514,20.0354,20.2939,20.2311,20.5444,20.0155,20.1008,20.1733,20.324,21.1881,20.0997,20.3521,20.4823,21.0231,22.6165,20.4729,20.4341,20.5489,20.4487,20.4282,19.7093,20.3057,20.7344,21.0468,21.2624
598,3:43:35 PM,19.8637,20.0077,19.7838,20.1224,20.3939,20.439,20.3019,20.7623,20.9168,20.8449,20.4188,20.4743,20.3027,20.5039,20.9389,20.4289,20.7194,20.8704,20.927,21.6013,20.7601,20.7225,20.7715,20.8666,21.0434,19.7269,19.9693,20.0345,19.8295,20.3621,20.5657,20.6499,20.8172,20.9821,21.4774,20.671,20.6168,20.6126,20.807,21.2485,20.6555,20.8019,20.8011,21.4713,21.6921,21.039,21.2648,20.9935,20.5666,20.9616,19.9366,19.7787,19.6293,19.8845,20.621,19.975,20.5299,20.7956,21.0227,20.9364,20.632,20.4018,20.2174,20.6969,21.7062,20.7145,20.3168,20.0994,20.5986,21.2423,20.266,20.5719,20.6587,20.6217,20.8796,19.7917,19.6982,19.9477,20.4165,20.7131,20.5444,19.8721,20.5886,19.4791,20.8489,20.0259,19.9961,20.8698,21.2733,21.9111,19.5314,19.593,19.6996,20.5641,21.7016,19.9093,19.8994,20.053,20.3285,20.9776,20.1747,20.0053,20.3284,20.4737,21.191,20.0983,20.338,20.7026,20.952,22.6139,20.4221,20.1793,20.7122,20.3869,20.4424,19.8627,20.2145,20.2769,20.9747,21.3314
599,3:43:55 PM,19.8471,19.8944,19.9002,20.1538,20.5022,20.4439,20.4249,20.8767,20.9479,21.0748,20.7044,20.5466,20.3971,20.6339,20.5223,20.7575,20.819,20.9284,20.8901,21.4567,20.8309,20.7193,20.6465,20.6039,20.9453,19.8874,20.1716,20.0295,20.1255,20.3916,20.8295,20.6012,20.8558,20.9851,21.4104,20.5429,20.6175,20.681,20.7022,20.9821,20.7566,20.6081,20.8214,21.221,21.5116,20.9311,20.9152,21.1619,20.6294,20.8442,19.999,19.6705,19.7879,19.9613,20.6798,20.1081,20.4687,20.881,20.9354,21.2236,20.5347,20.5472,20.3495,20.9512,21.4851,20.7332,20.3296,20.2112,20.5217,21.7139,20.2386,20.6195,20.7943,20.7529,20.8737,19.7184,19.721,19.7555,20.3738,20.6294,20.523,19.8761,20.2386,19.7088,21.5243,20.0575,20.2107,20.6934,20.9435,22.2777,19.6952,19.7183,19.8532,20.5689,21.7497,20.1454,19.9949,20.19,20.2647,20.0742,20.0411,19.9293,20.3701,20.4836,21.3322,20.0616,20.2696,20.4483,21.2312,22.9452,20.3362,20.0477,20.5478,20.6008,20.6062,19.7997,20.4202,20.7471,20.9365,21.0752
600,3:44:15 PM,19.963,19.7092,19.934,20.2216,20.4292,20.4036,20.3358,20.7534,20.868,20.9687,20.6105,20.501,20.5968,20.5085,20.7574,20.6491,20.6575,20.8951,20.9903,21.5544,20.8864,20.6363,20.7575,20.804,21.0123,19.8869,20.0832,19.9367,19.8955,20.2273,20.8186,20.545,20.9545,20.8401,21.6116,20.8148,20.6611,20.6132,21.0378,21.4573,20.8225,20.7255,20.8292,21.1474,21.5404,21.0567,21.03,21.1372,20.7411,20.9242,19.8648,19.5555,19.6648,19.8928,20.5834,20.198,20.494,20.9322,21.0954,21.0216,20.4625,20.5462,20.3303,20.8805,21.5522,20.6387,20.3535,20.0718,20.5829,21.4039,20.6615,20.7101,20.6861,20.6309,20.8954,19.7844,19.6448,19.9855,20.3263,20.5347,20.5777,19.9035,20.4876,19.8346,21.1402,19.9941,20.3787,20.8528,21.0921,22.1614,19.7964,19.6731,19.857,20.7052,21.9294,19.7634,20.0083,20.3124,20.0232,20.4267,20.0916,20.0942,20.5025,20.2759,21.8199,20.1017,20.2801,20.6207,21.7741,22.6444,20.5587,20.2405,20.4661,20.5612,20.8121,19.9358,20.4078,20.5001,20.8178,21.4613
601,3:44:35 PM,19.8393,20.0452,20.0276,20.1842,20.471,20.3384,20.4081,20.6468,20.7057,20.747,20.5995,20.5131,20.2682,20.6578,20.669,20.5615,20.8699,20.8351,20.876,21.5458,20.85,20.7234,20.6989,20.774,20.9939,19.8528,20.1257,19.9696,20.228,20.4197,20.7853,20.3989,20.8071,21.0205,21.489,20.7581,20.7645,20.7054,20.6714,21.0447,20.8775,20.8547,20.9337,21.344,21.4259,20.8907,21.2183,21.0171,20.7016,20.9715,20.0898,19.6396,19.759,19.8211,20.5532,19.9144,20.3954,20.7962,21.1325,21.4934,20.4414,20.4052,20.3661,20.9479,21.3096,20.6526,20.3652,20.148,20.6039,21.4105,20.49,20.612,20.8814,20.7591,20.9335,19.8409,19.811,19.9621,20.187,20.603,20.4802,19.9056,20.3566,19.6401,21.3588,19.9956,20.2561,21.2521,21.1317,22.2009,19.4649,19.8602,19.8475,20.6958,21.9114,19.976,19.9245,20.0908,20.1207,20.2226,20.1295,20.3326,20.4286,20.4096,20.9564,20.0717,20.2937,20.5514,21.3572,22.8143,20.4197,20.3111,20.6397,20.5851,20.4864,19.8482,20.3238,20.5441,21.0123,21.3837
602,3:44:55 PM,19.8855,19.9776,19.7643,20.4497,20.3408,20.4575,20.4802,20.7882,20.6615,20.8832,20.6032,20.6053,20.3447,20.5901,20.7217,20.6216,20.6703,20.837,20.9399,21.6246,20.9726,20.5831,20.8003,20.6215,20.6577,19.7849,20.161,19.7492,20.0741,20.2202,20.6613,20.4476,20.9832,21.051,21.3742,20.6938,20.6144,20.7682,20.8995,21.2602,20.6983,20.7218,20.8895,21.1547,21.6154,20.9867,21.0531,21.017,20.69,20.9623,20.0413,19.5819,19.9647,19.7031,20.6425,20.0908,20.4106,20.8034,21.1656,21.0723,20.3,20.5244,20.3848,20.9696,21.7523,20.7782,20.2419,20.1061,20.6805,21.1326,20.0491,20.594,20.6774,20.7313,20.8972,19.7741,19.6877,19.9365,20.4185,20.622,20.4822,19.7216,20.2547,19.9579,20.8703,19.8697,20.3017,20.3827,21.1284,22.5323,19.6298,19.6879,19.4875,20.6275,21.7841,20.0657,19.9699,19.9666,20.3413,20.095,20.1546,20.1706,20.4013,20.5575,20.9294,20.0368,20.3748,20.554,21.0895,22.5092,20.2989,19.8533,20.5189,20.6004,20.6938,19.8114,20.2907,20.5119,20.9533,21.2869
603,3:45:15 PM,19.8912,19.8755,19.8797,20.2517,20.527,20.3199,20.43,20.7126,20.7681,20.8257,20.5299,20.2889,20.2729,20.4979,20.6947,20.457,20.7849,20.8918,20.9692,21.4762,20.6984,20.725,20.769,20.5484,20.8562,19.818,20.1021,19.9636,20.0178,20.2662,20.7228,20.6617,20.7614,20.9392,21.3267,20.6872,20.6465,20.5436,20.9829,20.9322,20.6213,20.8076,20.8983,21.3209,21.4951,21.0012,21.09,21.008,20.6367,20.7181,19.9371,19.6463,19.9198,19.8753,20.6884,20.1815,20.4136,20.7929,20.97,21.0948,20.4996,20.4168,20.2654,20.8234,21.7394,20.7813,20.4263,20.0299,20.5359,21.2613,20.0252,20.4139,20.6808,20.6236,20.6092,19.8431,19.7227,19.8956,20.2701,20.538,20.5647,19.8403,19.9839,19.7697,21.1631,19.8715,20.2411,20.8153,21.635,22.6511,19.6651,19.6782,19.6549,20.4872,21.7641,19.8845,19.7468,20.0737,20.2821,20.4034,19.9865,20.1212,20.4468,20.4072,22.0561,20.2563,20.3784,20.5031,20.8751,22.8704,20.4167,20.1192,20.5996,20.4679,20.4995,19.7944,20.366,20.3845,20.7496,21.0767
604,3:45:35 PM,19.9809,20.0004,19.9615,20.1077,20.5426,20.3604,20.5588,20.6519,20.7561,20.725,20.4328,20.432,20.2494,20.3381,20.7242,20.5626,20.9178,20.8596,21.0352,21.5302,20.7761,20.4914,20.6825,20.7832,20.8961,19.9739,20.1366,19.8681,20.0728,20.2423,20.6748,20.4957,20.8398,20.9781,21.3542,20.6861,20.6114,20.5658,20.5824,20.9633,20.776,20.8684,21.0397,21.1979,21.7095,21.0572,20.9541,20.9258,20.6647,20.8435,19.8537,19.604,19.971,19.7967,20.6186,20.4256,20.3426,20.8361,21.0585,20.915,20.4664,20.4226,20.3129,20.963,21.5572,20.6698,20.3487,20.1235,20.4551,21.4384,20.2851,20.5769,20.7292,20.7006,20.7544,19.7265,19.5779,19.9197,20.2759,20.8454,20.7603,19.8112,19.7598,19.6116,20.8717,19.9529,20.4265,20.7998,21.1876,22.0658,19.6612,19.6895,20.1406,20.6004,21.7532,20.1234,19.927,20.2298,20.0459,19.9337,19.9362,19.998,20.3697,20.3523,21.1795,20.0509,20.3089,20.6127,21.2863,22.8031,20.665,20.1123,20.572,20.6195,20.7958,19.9842,20.1685,20.5978,20.8916,21.2864
605,3:45:55 PM,19.9431,19.9453,19.8403,20.3008,20.5584,20.4535,20.4201,20.6338,20.8637,20.9325,20.7033,20.4935,20.5027,20.6944,20.8263,20.7008,20.761,20.8041,20.9459,21.4794,20.9941,20.6608,20.8448,20.3639,20.9937,20.0708,20.1877,20.0493,19.9186,20.2749,20.55,20.5502,20.7936,20.903,21.276,20.7403,20.6384,20.7757,20.7705,20.9968,20.814,20.829,21.0415,21.3125,21.4195,21.0012,20.8824,21.0261,20.6747,20.9962,20.1077,19.7463,19.9038,19.9003,20.6678,20.2454,20.4005,20.7606,21.1499,21.3957,20.4496,20.519,20.1347,20.9382,21.568,20.7073,20.3175,20.2549,20.5201,21.4265,20.2015,20.4973,20.7022,20.7908,21.0778,19.7584,19.6881,19.9719,20.3671,20.6899,20.5837,19.8954,20.2275,19.8755,20.9577,20.2181,20.1388,20.8518,21.0544,22.3637,19.6711,19.6768,19.7941,20.3886,21.7214,19.791,19.8462,20.1152,19.9256,20.4903,20.2284,20.0248,20.3711,20.6176,21.7531,19.9607,20.3547,20.4317,21.2114,22.7197,20.2791,20.3489,20.667,20.5317,20.4809,19.9839,20.4498,20.5453,20.8753,20.9695
606,3:46:15 PM,19.9283,20.0043,19.9275,20.1429,20.4358,20.4622,20.3944,20.5828,20.6644,20.8036,20.4536,20.5239,20.4139,20.491,20.7235,20.7643,20.8084,20.8799,20.9604,21.4703,20.9244,20.6308,20.8212,20.4376,20.8178,19.8314,19.9896,20.0373,20.1828,20.2332,20.8554,20.3837,20.8037,20.8893,21.2709,20.6313,20.5679,20.6932,20.5648,20.9091,20.831,20.6893,21.0105,21.1006,21.5554,21.1107,21.191,21.0396,20.6755,20.9882,19.9759,19.4903,19.8992,19.8535,20.5088,20.2702,20.28,20.9816,21.0536,21.3982,20.4518,20.3997,20.2996,20.8434,21.8937,20.7242,20.2657,20.0642,20.6037,21.3469,20.1796,20.5846,20.839,20.6856,21.018,19.8561,19.6812,19.8976,20.3091,20.7015,20.5601,19.8111,20.275,19.8058,20.851,20.1545,20.3687,21.2477,20.7336,22.1389,19.7768,19.6224,19.821,20.7162,21.7274,20.0582,20.0681,20.1476,20.2404,20.6216,20.147,20.1933,20.342,20.3925,21.3406,20.0287,20.4127,20.5639,20.9807,23.0772,20.5149,20.3034,20.654,20.7021,20.7166,19.9819,20.3171,20.6921,20.9475,21.4607
607,3:46:35 PM,19.9616,19.96,19.816,20.1145,20.4196,20.479,20.1814,20.5458,20.7818,20.5887,20.5081,20.4803,20.387,20.4234,20.8489,20.6097,20.7184,20.8395,20.8838,21.4978,20.9232,20.3988,20.6561,20.5143,20.8132,19.9271,20.2089,20.0694,20.0457,20.2337,20.5233,20.4234,20.8285,20.9161,21.5038,20.6413,20.5752,20.7552,20.7254,20.7998,20.761,20.6056,21.0043,21.1782,21.6376,21.0682,20.9979,21.0259,20.6828,20.8871,19.9246,19.6768,19.7921,20.0359,20.695,20.0686,20.4029,20.7755,21.1955,21.3614,20.6147,20.554,20.4543,20.9148,21.5748,20.7616,20.4124,20.1787,20.6191,21.3728,20.415,20.6922,20.8015,20.6421,20.8783,19.7867,19.4988,19.8292,20.2027,20.5535,20.5682,19.9431,20.5878,19.8661,20.9616,20.0084,20.278,20.7078,20.6838,22.1229,19.7537,19.6995,19.9403,20.4182,21.8534,19.8956,19.7128,20.1996,20.0573,20.1505,20.0565,20.1187,20.4202,20.3735,21.2707,19.9129,20.3485,20.4879,21.0965,22.5352,20.5736,20.0946,20.4428,20.4243,20.9025,19.5758,20.4262,20.3318,20.8342,21.3872
608,3:46:55 PM,19.7663,19.8409,19.8315,20.1886,20.3612,20.6279,20.3814,20.8171,20.9106,20.853,20.6079,20.5519,20.2507,20.5717,20.8033,20.7544,20.7009,20.8799,20.9252,21.4443,20.9417,20.7042,20.7084,20.4105,20.818,20.0776,20.2537,20.0165,19.9453,20.2458,20.655,20.3539,20.7619,20.948,21.2842,20.7186,20.6345,20.6179,20.885,20.9794,20.6174,20.7734,20.95,21.3224,21.5197,21.0521,21.1357,21.0235,20.6152,20.8075,20.0158,19.7509,19.867,19.9156,20.6413,20.229,20.2985,20.86,20.8407,21.0118,20.5386,20.4012,20.3668,20.7538,21.7162,20.8804,20.4228,20.1595,20.6182,21.1545,19.9394,20.7139,20.7565,20.6341,20.9153,19.875,19.9228,19.9669,20.4409,20.6612,20.4606,19.7389,20.3762,19.8034,21.2462,20.2311,20.2874,20.8258,21.376,22.5664,19.7364,19.6865,19.3618,20.2191,21.7293,19.8349,19.7047,20.1841,20.3138,20.2712,20.0683,20.0894,20.4894,20.4709,21.4737,20.1655,20.4019,20.5697,21.731,22.7192,20.6274,20.1595,20.403,20.3369,20.7328,19.7728,20.1434,20.6743,20.8856,21.2098
609,3:47:15 PM,19.9414,19.8995,19.8377,20.3205,20.4201,20.3473,20.3558,20.5994,20.9298,20.689,20.6803,20.3055,20.2745,20.4304,20.69,20.6334,20.7273,20.7362,21.0563,21.5225,20.8883,20.8027,20.7709,20.8146,20.9821,20.016,20.1748,19.9644,19.8971,20.2914,20.6693,20.5143,20.7324,20.9479,21.451,20.7183,20.6034,20.6153,20.7996,21.4286,20.6525,20.6435,21.0681,21.3908,21.4628,21.0845,21.0411,21.035,20.6254,20.8896,19.8445,19.6242,19.9427,19.7008,20.6866,20.5293,20.509,20.833,21.0635,21.0378,20.6032,20.5689,20.1695,21.0231,21.6182,20.7746,20.3548,20.2133,20.6038,21.3973,20.3887,20.4716,20.6887,20.6919,20.6933,19.8616,19.7733,19.9349,20.1758,20.7512,20.5737,19.5165,19.8891,19.7918,21.1631,19.9164,20.1544,20.7575,21.0996,22.5438,19.5277,19.7102,19.6967,20.6221,21.8298,19.987,19.7749,20.2838,20.2132,20.0154,20.1323,20.1832,20.3591,20.4443,21.0863,20.0099,20.3712,20.6547,21.2047,22.739,20.5127,20.2222,20.5705,20.5327,20.8665,19.9038,20.3155,20.2127,20.7086,21.2954
610,3:47:35 PM,19.9638,20.0256,20.0143,20.2469,20.3319,20.6093,20.3626,20.8577,20.7662,20.8301,20.6847,20.5967,20.3731,20.9154,20.9357,20.6556,20.7413,20.8809,20.9466,21.5338,20.9589,20.564,20.6512,20.3597,21.0907,20.0723,20.2347,19.963,19.961,20.2981,20.8549,20.6157,20.8036,20.851,21.4581,20.4704,20.5626,20.6164,20.6359,21.3302,20.87,20.6711,20.802,21.3325,21.5213,20.9926,21.1068,21.1977,20.6854,20.8978,19.9363,19.8036,19.9616,19.9204,20.7691,20.0279,20.4776,20.6621,20.9858,21.0233,20.3616,20.5233,20.457,20.8802,21.5495,20.6841,20.2641,20.0255,20.5449,21.2926,19.9984,20.3774,20.8364,20.6452,20.5987,19.8325,19.9256,19.9393,20.4195,20.7226,20.5982,19.7257,20.3327,20.0536,21.1493,19.9865,20.0092,21.0916,20.9872,22.1907,19.3806,19.7389,19.8407,20.488,21.8701,19.8173,19.8821,20.0938,20.1294,20.1871,20.2786,19.9986,20.5159,20.505,21.2901,20.126,20.5302,20.6202,21.298,22.3467,20.7455,20.2093,20.5872,20.6309,21.1776,19.7469,20.3369,20.5164,21.0769,21.4798
611,3:47:55 PM,20.2423,20.0876,20.0516,20.2633,20.5415,20.4915,20.161,20.54,20.5847,20.6782,20.6522,20.5221,20.5242,20.609,21.0336,20.4806,20.7804,20.848,21.012,21.3281,20.6592,20.4482,20.5537,20.2673,20.9079,19.9389,20.1202,19.8446,20.0353,20.4011,20.603,20.3876,20.8893,21.0247,21.4736,20.6724,20.4182,20.7992,20.8876,20.7442,20.7619,20.7128,21.0187,21.3452,21.5307,20.8805,21.1339,21.1972,20.622,20.8694,19.9313,19.5442,19.7823,20.003,20.7128,20.0032,20.3645,20.6853,21.0586,21.1713,20.5345,20.2482,20.1218,20.8076,21.3526,20.6831,20.4073,20.0503,20.5617,21.2185,19.9765,20.5235,20.7446,20.6236,20.7516,19.7846,19.8792,19.8958,20.2963,20.5595,20.646,19.6742,20.0366,19.8994,21.0592,20.1074,20.3595,20.8774,21.0052,22.7074,19.4671,19.7478,19.562,20.5443,21.942,19.8718,19.7213,19.9947,19.8775,20.6041,20.0926,19.9427,20.4124,20.5329,20.9113,19.9548,20.3428,20.405,21.0835,22.185,20.6185,20.2373,20.6339,20.4622,20.7655,20.0481,20.3285,20.4701,20.8301,21.2095
612,3:48:15 PM,19.937,19.9748,19.8765,20.2314,20.5833,20.446,20.4294,20.5487,20.4843,20.6868,20.5713,20.3462,20.3215,20.3062,20.5297,20.6321,20.7034,20.7283,20.8102,21.5193,20.6443,20.5409,20.5352,20.3608,20.9479,19.7128,20.27,20.0134,20.1013,20.2967,20.5363,20.4613,21.029,20.8352,21.2121,20.6523,20.6423,20.5838,20.5921,20.8469,20.8393,20.8155,20.9812,21.1543,21.6325,21.0518,21.1501,21.1284,20.5096,20.9795,20.0613,19.7374,19.9569,20.0064,20.5942,20.1325,20.2857,20.8157,21.1262,21.556,20.4761,20.5582,20.4205,20.9088,21.5244,20.52,20.1948,20.0915,20.6918,21.2045,20.3732,20.6384,20.6722,20.5952,20.9716,19.8903,19.8274,20.0034,20.3675,20.5752,20.6455,20.0245,20.4436,19.9361,21.0963,20.168,20.2368,20.8193,21.2335,22.5036,19.7649,19.6715,19.7776,20.6049,21.9438,20.2108,19.9001,20.156,20.1304,20.3031,20.0939,20.2084,20.4014,20.5273,21.3807,19.9062,20.322,20.6237,21.3796,22.296,20.473,20.3152,20.5452,20.6337,20.6185,19.8158,20.289,20.6898,21.0909,21.4384
613,3:48:35 PM,20.0567,19.9534,19.9465,20.2001,20.3551,20.4783,20.2854,20.6956,20.5935,20.6825,20.7341,20.4789,20.6351,20.4587,20.7044,20.6548,20.7375,20.7484,20.9798,21.4682,20.7752,20.4201,20.7619,20.499,20.7108,20.0949,20.1792,20.0592,20.2447,20.4509,20.6523,20.6511,20.7965,20.9479,21.2427,20.6804,20.7395,20.6645,20.677,20.8108,20.7403,20.8009,20.973,21.3081,21.6144,20.9822,21.216,21.0163,20.6268,20.8504,19.9891,19.7366,19.8446,19.7934,20.601,20.2284,20.4461,20.6787,21.0249,21.0456,20.6246,20.458,20.243,20.7904,21.6204,20.7022,20.3837,20.1429,20.6642,21.212,20.1074,20.7372,20.6668,20.7198,20.9144,19.8258,19.86,19.8947,20.2458,20.7048,20.6215,19.7438,20.346,19.9692,20.9068,20.1317,20.0862,20.7148,21.3164,22.4953,19.6331,19.6538,19.4657,20.5388,21.7545,19.9941,19.8754,20.0752,20.3868,20.3506,20.1505,20.12,20.3573,20.3027,21.1054,20.2826,20.3229,20.5865,21.0912,21.4462,20.4349,20.1542,20.48,20.4208,20.8797,19.7168,20.2781,20.6164,20.791,21.2197
614,3:48:55 PM,19.9091,19.9459,20.0707,20.0736,20.4807,20.3397,20.4476,20.7296,20.6901,20.7441,20.5205,20.4685,20.3806,20.3873,20.6582,20.5239,20.8075,20.7849,20.8556,21.534,20.8356,20.8677,20.7339,20.7977,20.8106,19.721,20.0665,19.915,20.0529,20.2741,20.6944,20.5544,20.8199,21.0327,21.2228,20.7342,20.4807,20.5461,20.5775,21.1303,20.6855,20.5988,20.9786,21.3413,21.3853,20.9202,20.9958,20.9472,20.7726,20.936,19.941,19.6049,19.7479,19.8344,20.5989,20.1388,20.4874,20.8514,20.9587,21.6498,20.4667,20.4349,20.1781,20.994,21.6267,20.5698,20.5132,20.0314,20.611,21.3069,20.6293,20.6268,20.8847,20.6456,21.0187,19.83,19.8013,20.1122,20.3184,20.842,20.5939,19.705,20.4726,19.6664,21.4919,20.0866,19.9668,20.8574,21.0807,22.2626,19.7685,19.8218,19.7725,20.533,21.8555,20.1237,19.937,20.0711,20.1223,19.9654,20.2308,20.1898,20.4019,20.42,21.4332,19.7524,20.3491,20.439,20.9905,22.5681,20.5431,20.3331,20.5385,20.6324,20.5674,19.9357,20.241,20.5545,21.2479,21.4439
615,3:49:15 PM,19.7345,19.7553,19.8492,20.2406,20.579,20.4813,20.4421,20.7066,20.688,20.7501,20.4727,20.5332,20.294,20.3248,20.7003,20.6199,20.8252,20.8582,20.9952,21.3544,20.9536,20.4991,20.8343,20.7025,20.9175,19.8394,20.1203,19.9215,20.2328,20.3095,20.5931,20.6409,20.9955,20.9407,21.2782,20.6289,20.6832,20.6949,20.6498,20.5608,20.6252,20.807,20.8941,21.2334,21.4575,21.0839,21.0243,21.0673,20.7698,21.0578,19.8623,19.4919,19.7513,19.7162,20.7332,20.2052,20.3008,20.6095,21.0336,21.2914,20.2494,20.3729,20.2814,21.0401,21.3963,20.6525,20.3884,20.2271,20.6012,21.171,20.4921,20.4945,20.8383,20.5441,20.9077,19.7269,19.6621,19.873,20.3413,20.7464,20.8066,19.8291,19.6593,19.562,21.1787,19.9088,20.2497,20.9443,21.0073,21.6996,19.6855,19.8067,19.9691,20.7653,21.8561,19.9574,19.9941,20.1696,19.9249,19.8567,20.057,20.2166,20.2801,20.3628,21.5946,20.2689,20.3255,20.7282,21.2084,22.5098,20.2569,20.2178,20.4928,20.5122,20.7426,19.8809,20.3928,20.7327,20.8776,21.1464
616,3:49:35 PM,19.9123,20.0471,19.683,20.0801,20.4323,20.3707,20.548,20.7633,20.9607,20.8541,20.4805,20.4561,20.1623,20.4155,20.7199,20.591,20.9603,20.8542,20.8505,21.4577,20.8466,20.7035,20.6617,20.434,20.9078,19.8712,20.1882,19.8309,20.0173,20.2412,20.7866,20.5654,21.0417,20.8512,21.3612,20.7202,20.62,20.6666,20.7594,20.7007,20.9265,20.8547,20.932,21.2299,21.5758,20.9968,21.3001,20.9654,20.689,21.065,19.9945,19.7514,19.7186,19.7537,20.4353,19.9786,20.3465,20.9269,20.888,20.9593,20.5787,20.4344,20.3872,20.9651,21.348,20.6622,20.2883,20.1055,20.5323,21.4688,20.1746,20.5136,20.8525,20.7639,20.7907,19.6831,19.7493,20.011,20.3383,20.687,20.7045,19.7557,20.3516,19.5923,21.4965,19.9402,20.4053,21.0725,21.0623,22.4734,19.704,19.8515,19.99,20.9409,22.1451,19.9499,20.005,20.1354,20.1691,20.2946,20.1043,20.2557,20.3177,20.3263,21.2815,20.0774,20.3875,20.4427,21.0942,22.5374,20.6534,20.5357,20.5306,20.4022,20.6313,19.766,20.3334,20.5687,21.1552,21.1208
617,3:49:55 PM,19.7309,19.8414,19.7962,20.2208,20.4038,20.4575,20.3725,20.6166,21.0089,20.7173,20.4625,20.4035,20.2151,20.4383,20.4915,20.5277,20.7712,20.9267,20.9573,21.5119,20.9333,20.6997,20.6333,20.5972,21.0088,19.8996,19.9464,19.7007,20.3183,20.3923,20.7719,20.7027,20.8639,20.951,21.3696,20.7128,20.7282,20.499,20.5183,20.6088,20.6587,20.856,20.9231,21.1954,21.6974,20.8058,21.265,21.1283,20.6137,20.9169,19.8756,19.5254,19.6477,19.7892,20.4741,20.2944,20.3175,20.8413,21.035,21.059,20.523,20.3981,20.3133,20.8119,21.6928,20.5639,20.2374,20.086,20.5996,21.0347,20.2784,20.5117,20.6917,20.7324,20.9169,19.7122,19.6136,19.9375,20.402,20.672,20.5924,19.7071,19.865,19.5917,20.9865,19.9795,20.2376,20.864,20.9579,22.3421,19.4973,19.9002,20.0183,20.5936,22.2233,19.9072,19.9382,20.1097,20.0974,20.1001,20.1748,19.9896,20.3962,20.5349,21.4987,20.097,20.3277,20.5146,20.9703,22.8716,20.407,20.3876,20.6486,20.5154,21.0337,20.0291,20.4609,20.8058,21.0745,21.3152
618,3:50:15 PM,19.8374,19.8089,19.7649,20.0656,20.397,20.5314,20.375,20.7505,20.8688,20.7602,20.5398,20.3978,20.4757,20.5925,20.6151,20.6739,20.8676,20.8423,20.8968,21.3629,20.8471,20.5865,20.7407,20.5544,20.8629,20.0416,20.1248,19.9073,19.9432,20.2519,20.6034,20.7424,20.8122,20.838,21.2432,20.7509,20.6663,20.8054,20.8939,20.9228,20.7903,20.7659,20.8294,21.3777,21.5246,20.9576,21.1121,21.1148,20.6643,20.8828,19.8538,19.6026,19.7398,19.6701,20.6416,20.2843,20.425,20.7542,20.9106,21.444,20.4601,20.3843,20.3078,20.9406,21.2832,20.5666,20.4738,20.1496,20.6133,21.2124,20.1804,20.4579,20.732,20.6691,20.7489,19.6745,19.7092,19.8617,20.0924,20.7572,20.7487,19.6733,20.249,19.8442,20.8737,20.0799,20.1911,20.9662,21.0291,22.4816,19.7732,19.7128,19.934,21.1464,22.0593,20.0172,19.8633,20.214,20.2448,19.9446,20.0274,20.0683,20.3078,20.4037,21.5495,20.0453,20.1559,20.3307,21.5063,22.5654,20.5158,20.3361,20.7704,20.6111,21.1698,19.9359,20.4136,20.6959,20.7637,21.2932
619,3:50:35 PM,19.9767,19.9633,20.0609,20.4263,20.4611,20.5213,20.3201,20.6349,20.8185,20.9482,20.5528,20.4924,20.3057,20.5751,20.492,20.4434,20.8898,20.8119,21.0727,21.393,20.8781,20.4499,20.6592,20.5785,20.8792,20.0398,20.2391,20.0238,20.0334,20.3346,20.8243,20.5744,20.9374,21.0306,21.3631,20.585,20.6621,20.5601,20.6635,20.5844,20.6755,20.8071,20.8582,21.2067,21.5421,21.0155,21.0322,21.0729,20.5118,21.0437,20.0899,19.8637,19.9092,19.9614,20.6286,20.396,20.5302,20.9454,20.9507,21.0893,20.5076,20.6138,20.3784,20.7632,21.3978,20.814,20.2951,19.97,20.5524,21.1602,20.1687,20.4604,20.8565,20.6421,21.0778,19.8716,19.8184,19.9569,20.3188,20.6779,20.5597,19.7677,20.3794,19.8984,20.9504,20.1286,20.2494,20.9134,21.4446,22.5929,19.6912,19.7955,19.6919,20.6521,21.9149,20.0115,19.8131,20.0738,20.1253,20.2107,20.2861,20.1,20.3579,20.4117,21.6969,20.2114,20.4242,20.5974,21.4296,22.7736,20.5091,20.3107,20.4767,20.6057,20.663,19.84,20.3255,20.7404,20.9561,21.2632
620,3:50:55 PM,19.9459,19.9383,19.8154,20.362,20.5003,20.4828,20.6361,20.6866,20.7979,20.9203,20.4594,20.4063,20.3159,20.6456,20.6727,20.6445,20.8124,20.779,20.9781,21.364,20.8704,20.5979,20.7329,20.402,20.974,19.8575,20.1273,19.8019,19.8848,20.3611,20.9529,20.6499,20.9961,21.0197,21.5415,20.7343,20.6326,20.7565,20.5768,20.678,20.7561,20.8214,20.8699,21.2023,21.4909,21.1349,21.0015,21.012,20.528,20.9183,19.9554,19.6598,19.8058,19.849,20.6597,20.1053,20.4685,20.8177,21.1037,21.1134,20.4453,20.4938,20.3041,21.0839,21.5164,20.7273,20.3333,20.1838,20.4694,21.1784,20.1981,20.4443,20.6514,20.7154,20.6792,19.7854,19.6348,20.0011,20.4618,20.7979,20.6976,19.9035,20.4789,19.9228,20.8826,20.2171,20.1222,20.9333,21.3587,22.6329,19.6389,19.8102,20.1735,20.6366,21.9791,20.0157,19.9114,20.2635,20.177,20.0975,19.9435,20.1361,20.406,20.4248,21.2719,20.1637,20.4188,20.6379,21.5657,22.7091,20.6095,20.3088,20.6288,20.4994,20.458,19.7488,20.3171,20.5748,20.9276,21.4083
621,3:51:15 PM,20.0248,20.1564,19.9186,20.2196,20.4004,20.2879,20.3099,20.6852,20.9413,21.0591,20.4445,20.4196,20.3629,20.4839,20.5694,20.681,20.8356,20.8384,20.9604,21.4454,20.8609,20.6289,20.8054,20.5581,20.9607,19.8098,20.0202,19.9481,20.0747,20.3664,20.7459,20.6671,21.0238,20.9787,21.4921,20.661,20.5127,20.58,20.6091,20.6693,20.777,20.6842,20.8607,21.2142,21.6383,21.0103,21.1202,21.131,20.7353,20.8748,20.1333,19.5819,19.711,19.8109,20.5163,20.0298,20.4819,20.6728,20.8961,21.1232,20.2259,20.3818,20.2389,20.9481,21.4195,20.818,20.2716,20.0916,20.5471,21.2107,20.1202,20.5213,20.7387,20.6012,20.859,19.7881,19.6859,19.9396,20.3123,20.6456,20.5437,19.7348,20.2875,19.4867,21.0483,19.9171,20.2172,20.8151,20.9043,22.4287,19.6851,19.8023,19.7275,20.7793,21.7368,20.0456,20.0568,20.1222,19.9381,20.0744,19.9999,20.165,20.3238,20.4793,20.9636,20.1569,20.3861,20.5317,20.9834,22.5541,20.2762,20.1445,20.471,20.5251,20.7792,19.7625,20.3435,20.5322,21.1078,21.3904
622,3:51:35 PM,20.0048,19.9888,19.7895,20.2513,20.488,20.4618,20.3877,20.6725,20.7686,20.9534,20.5675,20.3519,20.4038,20.4477,20.7367,20.6377,20.6898,20.9004,21.0073,21.4011,20.7143,20.6127,20.6573,19.9937,20.9535,19.8878,20.265,19.8983,19.9931,20.2246,20.7209,20.4922,21.1117,20.8039,21.3098,20.6886,20.7308,20.7414,20.6324,20.6889,20.7924,20.8354,21.0689,21.2857,21.5721,21.0835,21.187,21.0972,20.6321,20.9966,20.0236,19.4148,19.818,19.9355,20.5947,19.9858,20.5805,20.8208,21.0362,21.2661,20.6246,20.4706,20.2593,20.8812,21.5085,20.6356,20.4843,20.0061,20.5578,21.3229,20.0311,20.7423,20.9025,20.5885,20.7891,19.7762,19.6679,19.9694,20.4193,20.7208,20.6963,19.7478,20.0789,19.6893,20.7231,20.0036,20.3499,20.7942,21.0646,22.7715,19.566,19.8423,19.7573,20.3671,22.125,20.067,19.8851,20.3512,20.2468,19.7879,20.1713,20.1881,20.332,20.2599,20.7769,20.0754,20.3509,20.4188,21.183,23.0637,20.4245,20.0856,20.5086,20.4419,20.5782,19.7917,20.2945,20.6498,20.8484,21.1747
623,3:51:55 PM,19.9593,20.0337,19.9405,20.0725,20.3793,20.2576,20.2029,20.6956,20.8893,20.6316,20.5613,20.4112,20.4258,20.6402,20.7788,20.5266,20.7811,20.9921,20.9602,21.4267,20.7792,20.7567,20.7783,20.5915,20.8478,19.8578,20.0384,19.9072,20.3085,20.2462,20.7104,20.549,20.7443,20.9593,21.297,20.6948,20.5593,20.6852,20.7449,20.8682,20.5919,20.7177,20.9117,21.2509,21.5515,20.9022,20.9279,21.0849,20.8031,20.7434,19.9305,19.8443,19.8162,19.9285,20.4199,19.9769,20.3121,20.6556,20.971,20.9343,20.4388,20.3641,20.2581,20.9747,21.4969,20.5798,20.179,19.959,20.4942,21.2048,20.5893,20.4634,20.646,20.6597,20.9675,19.8429,19.5733,19.9921,20.3635,20.6858,20.7467,19.7987,20.1758,19.6164,20.795,20.0007,20.3388,20.7512,20.9639,22.5341,19.8035,19.7303,20.0482,20.735,21.9969,19.8949,20.0715,20.1955,19.9955,20.0558,20.1699,20.021,20.4288,20.3112,20.8822,19.994,20.2612,20.3512,20.8493,22.5837,20.3602,20.3547,20.5057,20.3751,20.9729,19.7439,20.2324,20.4899,20.775,21.1288
624,3:52:15 PM,19.9278,19.8323,20.0065,20.1023,20.4158,20.5231,20.2907,20.6929,20.8132,20.5784,20.5179,20.6228,20.2922,20.6867,21.0812,20.634,20.7691,20.8276,21.1283,21.4729,20.8557,20.672,20.6906,20.6825,21.0361,19.9398,20.0655,19.7676,20.0174,20.3089,20.5805,20.3814,20.8225,20.8081,21.2376,20.746,20.6036,20.7511,20.8115,20.8681,20.8561,20.7279,21.0164,21.3749,21.6496,21.0402,20.923,21.1295,20.697,20.9538,20.0279,19.59,19.7659,19.9196,20.7078,19.9098,20.4282,20.7006,21.0314,21.046,20.3282,20.5218,20.3641,20.9303,21.5747,20.5534,20.3064,20.2495,20.4368,21.1493,20.0258,20.6157,20.711,20.6774,20.7297,19.8198,19.7579,19.8863,20.1681,20.8044,20.6928,19.9243,20.1452,19.8739,20.798,19.7245,20.0368,20.7893,21.0379,22.7488,19.4128,19.5223,19.7389,20.84,21.8377,19.8467,19.9082,20.2178,20.2976,20.0223,20.1468,20.0849,20.3101,20.3896,20.9687,19.9441,20.3268,20.3355,21.0248,22.94,20.3585,20.2358,20.5067,20.4849,20.4727,19.8566,20.2774,20.459,20.9231,21.2303
625,3:52:35 PM,19.7657,20.0286,19.9416,20.3285,20.4819,20.4149,20.2777,20.705,20.8052,20.651,20.4527,20.5691,20.2853,20.448,20.8889,20.6277,20.8538,20.8311,20.8367,21.487,20.7364,20.3118,20.648,20.5443,21.0541,19.688,20.0245,19.9865,20.1242,20.4383,20.4721,20.3447,20.7469,20.8754,21.483,20.7343,20.6806,20.4723,20.9301,21.1908,20.9623,20.8119,20.9976,21.1817,21.5028,21.1303,21.2375,21.0443,20.6968,21.0361,19.8907,19.4575,19.824,20.1061,20.7387,19.9588,20.4295,20.6599,20.9137,20.9588,20.5457,20.4916,20.2481,20.7861,21.5195,20.6882,20.3015,19.8647,20.5226,21.5335,19.9752,20.4488,20.6945,20.4811,21.0262,19.8433,19.7199,20.0531,20.3063,20.7068,20.5826,19.5543,20.2166,19.6759,20.7097,19.967,20.3918,20.8134,21.0259,21.7243,19.6696,19.6803,19.8007,20.4559,21.9762,20.0389,20.085,20.2862,20.0292,20.2269,20.0605,20.2203,20.3647,20.384,21.2686,20.183,20.253,20.3827,21.5541,22.8569,20.4872,20.2762,20.4226,20.6822,20.8576,19.776,20.1995,20.4341,20.8311,21.3229
626,3:52:55 PM,19.9335,19.8748,19.6534,20.3241,20.4919,20.4317,20.4719,20.6885,20.8807,20.8615,20.4222,20.3091,20.4478,20.7274,20.8128,20.6714,20.9432,20.7496,20.9922,21.4065,20.9169,20.8011,20.6457,20.7734,21.0324,19.8167,20.0739,19.9055,20.1053,20.3205,20.6763,20.4052,20.8087,20.8918,21.3278,20.7165,20.7179,20.6293,20.9613,21.1341,20.7162,20.9224,20.8392,21.4414,21.6602,20.8529,21.1623,21.0621,20.565,21.0093,19.848,19.5576,19.9073,19.8436,20.6864,20.0796,20.544,20.9708,20.863,21.227,20.3259,20.4285,20.3799,20.802,21.2412,20.8313,20.4389,20.1016,20.5096,21.2268,20.23,20.5503,20.8226,20.6293,20.6612,19.6588,19.6959,20.1028,20.2477,20.6143,20.6069,19.7173,20.0748,19.5552,20.826,20.0675,20.3196,20.7841,20.962,22.3109,19.5486,19.5874,19.6925,20.6534,22.0,19.8299,19.9071,20.2209,20.0888,20.0338,20.046,20.0305,20.327,20.2376,21.5854,20.1134,20.3184,20.4613,21.3396,22.7182,20.5073,20.377,20.5627,20.5514,20.8045,19.9512,20.2527,20.7165,21.03,21.7422
627,3:53:15 PM,19.8806,19.9293,19.9099,20.3809,20.4953,20.3973,20.3077,20.7075,20.9856,20.7338,20.5076,20.5115,20.3554,20.6864,20.7982,20.5423,20.7495,20.8034,21.0663,21.3335,20.6617,20.4724,20.6814,20.6937,20.7381,19.8829,20.1425,20.0216,20.1554,20.3669,20.7176,20.5762,20.8583,20.7768,21.323,20.5104,20.5346,20.6818,20.7809,20.9448,20.8077,20.7659,20.9083,21.4254,21.8293,20.9099,20.9661,21.1072,20.704,20.9973,19.8239,19.5839,19.7578,19.8094,20.7054,20.3504,20.413,20.6516,20.9071,21.3466,20.4288,20.4034,20.2631,20.9364,21.5088,20.4202,20.3382,19.9456,20.6756,21.5898,20.3175,20.5385,20.7447,20.4414,21.0435,19.5642,19.5676,19.8296,20.3221,20.5995,20.7192,19.6864,19.9445,19.7154,20.656,19.9898,20.3397,20.8031,21.0233,22.259,19.6944,19.6409,19.8678,20.7762,22.0535,19.7904,19.9127,20.1883,20.0739,20.2119,19.9616,20.1284,20.2891,20.5527,21.2448,19.991,20.4577,20.581,21.0238,22.5112,20.3566,20.1771,20.5115,20.5456,21.0418,20.1479,20.3839,20.5652,21.183,21.2903
628,3:53:35 PM,19.8805,20.0945,19.8745,19.9899,20.6174,20.3702,20.2067,20.5634,20.7142,20.8188,20.4086,20.4284,20.5111,20.5468,20.6186,20.4384,20.7219,20.9155,21.1537,21.3412,20.691,20.636,20.6853,20.6509,20.9843,20.0751,20.1353,19.8679,19.9619,20.2656,20.6813,20.4025,20.8482,20.7313,21.3677,20.7277,20.5652,20.6929,20.8095,21.1436,20.6662,20.7352,20.9492,21.3548,21.6075,21.1444,21.0533,21.2392,20.7787,20.9961,19.7606,19.8371,19.7294,19.8944,20.6329,20.2402,20.3732,20.808,21.0599,21.3151,20.3731,20.3292,20.2597,20.8715,21.2913,20.4149,20.3055,20.1729,20.5704,21.0761,20.0222,20.6637,20.754,20.4164,20.8534,19.745,19.7269,19.9872,20.131,20.5583,20.5377,20.0646,20.3028,19.8632,20.7485,20.2911,20.4039,21.0437,20.9133,22.1396,19.6855,19.6835,19.9317,20.5629,21.9466,19.8919,20.0258,20.2373,20.2472,19.9438,20.1571,20.0958,20.3312,20.4166,21.5517,20.1,20.3153,20.4972,21.2203,22.4775,20.3389,19.9399,20.4969,20.5718,20.9723,19.6534,20.3294,20.5479,20.688,21.159
629,3:53:55 PM,19.9574,19.9912,19.8966,20.2599,20.3275,20.3847,20.3481,20.4965,20.9316,20.7771,20.5892,20.5316,20.3423,20.691,21.0968,20.7147,20.9407,20.9749,21.0015,21.3943,20.853,20.7838,20.7327,20.5328,20.9873,19.9578,20.1128,20.09,20.2513,20.3428,20.7452,20.5159,20.7811,20.8553,21.4549,20.7331,20.6551,20.7265,20.8152,21.1232,20.5776,20.6209,20.7997,21.1784,21.7006,21.0461,21.2282,21.1108,20.7293,21.0361,19.8785,19.4952,19.929,19.8462,20.7354,20.1277,20.3365,20.7904,21.0327,20.8965,20.4738,20.4253,20.5352,20.9722,21.5151,20.6505,20.3803,20.0852,20.4874,21.4577,20.1418,20.6369,20.594,20.6911,21.292,19.7572,19.5382,19.9901,20.2151,20.7143,20.506,19.8225,20.1714,19.7356,20.8591,19.9097,20.2943,21.0565,21.0769,22.3779,19.4712,19.6555,19.9343,20.6272,22.1646,19.8323,19.903,20.2715,19.7736,20.1718,20.1843,19.963,20.2776,20.312,21.0993,20.0364,20.407,20.3682,20.9048,22.2686,20.4757,20.2476,20.4176,20.7674,20.8301,19.7173,20.3096,20.5962,20.943,21.2821
630,3:54:15 PM,19.7851,19.9882,20.0134,20.3948,20.4922,20.2712,20.3204,20.5191,20.5664,20.7306,20.6692,20.7055,20.2938,20.5541,21.0529,20.6706,20.7953,20.8657,21.0114,21.4056,20.6985,20.7088,20.7049,20.5486,21.1016,19.8689,20.2059,19.7973,19.9682,20.3603,20.7786,20.532,20.7303,20.8403,21.447,20.7553,20.6271,20.8529,20.8958,21.0131,20.5382,20.8157,21.063,21.3017,21.6253,21.0567,21.032,21.1605,20.4827,20.9467,19.7873,19.7425,19.9426,19.823,20.6187,20.0141,20.5035,20.7575,21.1814,21.4067,20.4489,20.5135,20.2498,21.0435,21.5628,20.9078,20.4475,20.1006,20.5618,21.4406,20.2556,20.5115,20.8493,20.6368,21.2629,19.5972,19.6541,19.9684,20.3597,20.614,20.5635,19.8903,20.2424,19.8227,21.0505,20.0961,20.022,20.8371,21.2,22.3265,19.6294,19.7409,19.5287,20.4368,22.0331,19.8591,19.7513,19.9523,19.9167,19.9356,19.9943,20.0476,20.3995,20.2962,21.4423,20.0327,20.3138,20.7201,21.1498,22.8513,20.393,20.2644,20.5195,20.5321,20.6008,19.7185,20.3771,20.4147,20.7727,20.9399
631,3:54:35 PM,19.7953,19.7636,19.8019,20.35,20.5881,20.4562,20.2085,20.6707,20.8533,20.5753,20.4966,20.5398,20.2502,20.5921,20.9249,20.6041,20.6813,20.6798,20.866,21.5672,20.7959,20.703,20.5965,20.6835,20.8566,19.7912,20.0321,19.8119,20.3676,20.3621,20.6033,20.5524,20.6966,20.9496,21.493,20.8075,20.5855,20.781,20.8365,20.6704,20.7366,20.6877,20.9206,21.3543,21.6813,21.2028,21.2166,21.2718,20.655,21.0768,19.8383,19.4949,19.7725,19.9888,20.5014,20.107,20.4384,20.719,20.8926,20.9509,20.5741,20.3843,20.293,20.79,21.6432,20.6956,20.1519,20.0749,20.5797,21.387,20.2984,20.6226,20.7379,20.7272,20.9797,19.67,19.6541,19.9616,20.4244,20.7575,20.6324,19.7653,20.1591,19.5682,21.1904,19.85,20.037,20.7671,21.0184,22.2917,19.6583,19.5023,19.4936,20.6885,22.012,19.8835,20.1893,20.1942,20.1495,20.3209,20.0648,20.1211,20.4346,20.2594,21.0805,19.9333,20.3379,20.6782,20.7434,22.9812,20.5885,20.3295,20.5559,20.4566,20.5935,20.0738,20.2982,20.657,20.6863,21.3877
632,3:54:55 PM,19.6596,19.8719,19.7468,19.97,20.5624,20.4634,20.2699,20.8691,20.8774,20.8195,20.3262,20.4837,20.4427,20.3949,20.6156,20.658,20.7133,20.8103,21.0915,21.607,20.6868,20.5404,20.6179,20.4304,21.0584,19.9206,20.064,19.656,19.9517,20.3184,20.7698,20.4664,20.861,20.9151,21.3686,20.6272,20.4291,20.6693,20.7952,20.596,20.7536,20.8652,21.0186,21.3893,21.7362,21.1027,21.0907,21.1467,20.7491,21.1342,19.7803,19.458,19.8067,19.8991,20.5789,20.1335,20.4546,20.7725,21.0313,20.9684,20.546,20.4944,20.409,21.0015,21.4032,20.6858,20.4653,19.9782,20.4354,21.3447,20.0213,20.3686,20.8516,20.6408,20.941,19.6925,19.8037,19.8754,20.2085,20.6605,20.5166,19.6119,20.2952,19.5887,20.8039,20.073,20.2918,20.7722,20.924,22.1953,19.4034,19.6956,19.6786,20.6476,22.0383,19.9175,19.9774,20.1223,20.0768,20.2193,20.143,20.0308,20.2153,20.293,21.0725,20.0626,20.3535,20.3883,20.9269,22.2307,20.6106,20.4012,20.8015,20.4664,20.6196,19.9649,20.2399,20.3844,20.7557,20.9464
633,3:55:15 PM,19.8719,19.8507,19.809,20.2765,20.5369,20.4828,20.205,20.797,20.7499,20.8995,20.5276,20.288,20.1228,20.5774,20.7105,20.6994,20.8092,20.959,21.0332,21.3676,20.8586,20.6983,20.6612,20.5179,20.9778,19.9165,20.2635,20.0298,20.266,20.3914,20.7817,20.5886,20.7902,21.0613,21.4564,20.7519,20.6041,20.7766,20.4794,20.4543,20.6836,20.7967,21.1551,21.2022,21.5017,21.0252,21.2618,21.2104,20.7276,21.0208,19.8624,19.5228,19.9619,19.7415,20.5898,19.6908,20.6514,20.7249,21.0909,21.3676,20.3712,20.5164,20.3353,20.7935,21.9705,20.6898,20.1943,20.0157,20.586,21.3574,20.2166,20.7764,20.6855,20.8127,20.9171,19.8264,19.7249,20.0877,20.3217,20.7347,20.6641,19.8454,20.4061,19.7891,21.0856,20.0401,20.3245,20.9306,21.0201,22.2062,19.5917,19.6437,19.5377,20.4836,21.9522,19.8688,19.9075,20.3491,19.9762,20.5589,20.0346,20.0437,20.2968,20.3237,21.3584,19.9727,20.4681,20.4254,20.8058,22.6127,20.5671,20.1363,20.6456,20.634,20.4103,19.802,20.1128,20.5171,20.8407,21.0609
634,3:55:35 PM,19.8614,20.024,19.9718,20.3216,20.5167,20.4357,20.4481,20.67,20.8331,20.7737,20.4271,20.2012,20.3095,20.5516,20.7077,20.6351,20.8562,20.867,21.02,21.4335,20.8212,20.7649,20.8749,20.4629,21.2035,19.8541,20.1094,19.9959,19.9536,20.3407,20.817,20.3922,20.9093,20.9207,21.3651,20.6479,20.6851,20.6009,20.6851,20.9795,20.6365,20.5733,20.7383,21.3006,21.6655,21.0538,21.1595,20.9653,20.4836,20.9886,20.005,19.4696,19.9111,19.8543,20.6385,20.2909,20.4722,20.7536,20.9331,21.1449,20.4386,20.4032,20.3341,20.8175,21.3856,20.6387,20.3945,20.0674,20.4962,21.3312,20.4659,20.5099,20.6896,20.625,20.8721,19.7132,19.7226,20.0093,20.2195,20.5946,20.5001,19.6552,20.1913,19.9906,21.0124,19.9606,20.1979,20.9876,20.822,22.4735,19.5344,19.5295,19.8217,20.5934,22.0727,19.8896,19.9612,20.3342,20.2194,20.11,20.0671,20.1503,20.3962,20.2722,21.2763,20.1482,20.319,20.5775,20.9105,22.1895,20.6044,20.0341,20.5019,20.3965,20.56,19.7691,20.2171,20.3429,20.9257,21.2008
635,3:55:55 PM,19.9794,20.0735,19.8147,20.1862,20.6097,20.4702,20.6003,20.8847,20.9344,20.6349,20.5454,20.3505,20.2413,20.6771,20.8157,20.4936,20.8484,20.8922,21.1637,21.4583,20.6864,20.7196,20.8368,20.3572,21.1386,19.8044,20.0367,19.8559,20.0357,20.4341,20.6865,20.4983,20.9221,21.0208,21.5355,20.6288,20.4456,20.4919,20.6657,21.1844,20.7943,20.7887,21.1553,21.2411,21.6418,20.9823,21.0713,21.0473,20.4042,20.9802,20.0207,19.7765,19.8915,19.8818,20.6176,20.3206,20.5275,20.82,21.2215,21.2587,20.394,20.6839,20.2683,20.835,21.5494,20.5827,20.2274,20.1584,20.5841,21.0649,20.1441,20.4838,20.7469,20.6951,21.1087,19.7697,19.8249,19.9113,20.2112,20.6661,20.7142,19.7399,20.3464,19.9757,21.1118,20.0271,20.3238,21.0255,20.8884,22.4123,19.7143,19.7044,19.8574,20.3742,22.0756,19.8913,19.8414,20.1349,20.3464,19.8791,20.1162,20.163,20.2873,20.2811,20.8655,20.0196,20.3017,20.4898,20.9955,22.9334,20.4914,20.3236,20.595,20.6566,20.8034,19.8468,20.1539,20.302,20.7933,21.2192
636,3:56:15 PM,19.9893,20.0356,20.0366,20.259,20.5349,20.4758,20.3774,20.7355,20.8043,20.6576,20.4908,20.6011,20.325,20.5414,20.6863,20.5573,20.7854,20.7456,20.9446,21.595,20.8122,20.6729,20.7462,20.4307,20.9223,19.9188,20.152,20.0165,20.1158,20.3779,20.7197,20.5139,20.953,21.0889,21.3074,20.6382,20.573,20.6737,20.6404,20.9686,20.7412,20.774,21.0051,21.4144,21.6866,21.1451,21.1595,21.0591,20.5694,21.0163,19.7663,19.6965,19.8334,19.777,20.7318,19.8686,20.4945,20.7292,21.1926,21.1723,20.3618,20.4671,20.3722,20.8495,21.4591,20.706,20.2072,20.0094,20.4115,21.2002,20.6128,20.6261,20.7196,20.7437,21.0715,19.7444,19.7852,19.8883,20.118,20.7805,20.6609,19.7597,20.4196,19.7632,21.3519,20.128,20.2325,20.8351,21.103,22.2471,19.5492,19.6814,19.6034,20.5057,21.8932,20.007,20.0256,20.2629,20.1646,19.9123,20.1469,20.0032,20.5382,20.5322,22.1274,20.2005,20.2181,20.4526,21.1231,22.7905,20.3414,20.1925,20.3413,20.7112,21.0299,19.9036,20.309,20.4235,20.6417,21.4001
637,3:56:35 PM,19.9033,19.9136,19.9021,20.2663,20.61,20.5993,20.4639,20.7763,20.7986,20.7693,20.3507,20.53,20.3347,20.4695,20.7221,20.7183,20.5598,20.716,20.8927,21.2744,20.9008,20.7135,20.799,20.5556,21.1311,19.8322,19.9132,20.1095,20.0148,20.3111,20.6994,20.5379,20.9132,21.0894,21.318,20.7151,20.6241,20.5745,20.4704,20.7709,20.876,20.7857,20.8145,21.2789,21.4864,21.0556,20.9783,21.1932,20.6443,20.9962,19.9888,19.6734,19.7314,19.7791,20.5801,19.8672,20.5197,20.809,20.99,21.1324,20.5292,20.481,20.1615,20.9313,21.4503,20.5604,20.3054,19.7778,20.59,21.2889,20.4187,20.5688,20.7229,20.6566,20.7838,19.6872,19.6743,20.0441,20.1806,20.6653,20.6079,19.7014,20.0948,19.5926,20.9923,19.9816,20.1347,20.8661,20.7413,21.9768,19.4475,19.6807,19.8863,20.951,22.145,19.8784,20.2443,20.3586,20.1148,20.7668,19.9147,20.0662,20.4424,20.4999,21.1012,19.9873,20.284,20.4759,20.7722,22.8825,20.4969,20.2153,20.4639,20.3244,20.9981,19.777,20.2147,20.3608,20.6591,20.9867
638,3:56:55 PM,19.8186,19.7899,19.6634,20.3608,20.4883,20.4258,20.2772,20.5813,20.8728,20.7575,20.5124,20.4486,20.5684,20.4926,20.4912,20.6419,21.0163,20.8176,20.8872,21.4537,20.6991,20.651,20.8766,20.548,20.9652,19.8307,19.8936,19.707,19.8887,20.3495,20.8312,20.5986,20.9677,21.0128,21.1356,20.6601,20.573,20.6527,20.5599,20.6317,20.6589,20.7119,21.0297,21.3165,21.5652,21.0997,21.1967,21.0419,20.778,21.0731,19.7584,19.5973,19.6828,19.9605,20.4657,20.044,20.3424,20.7565,21.0018,20.8897,20.2781,20.5462,20.3195,20.9757,21.3032,20.7458,20.3503,19.9691,20.6541,21.4198,20.2708,20.5637,20.9722,20.8736,20.7574,19.5711,19.5269,19.8174,20.2921,20.6623,20.6742,19.6568,20.0688,19.8049,20.6872,20.059,20.2324,20.848,20.9433,21.9432,19.5523,19.4812,19.693,20.6372,22.0567,20.017,19.9855,20.284,19.9483,20.5,19.9598,19.9507,20.2923,20.434,21.1806,20.1991,20.1816,20.5504,21.0248,22.9818,20.3893,20.2008,20.5648,20.4464,20.8045,19.9093,20.3345,20.4953,20.9172,21.2976
639,3:57:15 PM,19.7624,19.9316,19.98,20.2194,20.542,20.4585,20.1825,20.5705,20.7098,20.6963,20.5316,20.4397,20.5423,20.6353,20.6971,20.6696,20.7402,20.7476,21.036,21.3734,20.8216,20.6135,20.6841,20.6457,20.9964,20.022,20.2895,20.1039,20.1022,20.351,20.6125,20.4294,20.7823,20.9931,21.315,20.7269,20.7482,20.7464,20.7231,20.8339,20.636,20.7092,20.9398,21.1168,21.5413,21.0131,21.0297,21.0659,20.7268,20.9743,19.9104,19.3881,19.8049,19.8083,20.5609,20.2082,20.4242,20.5846,20.8546,21.1326,20.4567,20.2946,20.2751,20.8429,21.6703,20.6557,20.2672,20.175,20.5213,21.1919,20.2003,20.3855,20.8046,20.5748,20.8581,19.6205,19.5472,19.9553,20.4243,20.7355,20.4894,19.9293,20.0954,19.9002,21.2027,20.1216,20.2517,20.9912,21.377,22.1911,19.6374,19.5746,19.7254,20.6356,22.1115,20.0235,19.9085,20.3252,19.9862,20.0452,20.0519,20.0552,20.1989,20.3291,21.2258,20.0012,20.1532,20.2551,20.7439,23.1432,20.5532,20.3133,20.5708,20.5066,20.6118,19.9851,20.365,20.5228,20.8523,21.2166
640,3:57:35 PM,19.925,20.0091,20.003,20.2755,20.5603,20.4896,20.4499,20.6459,20.776,20.8857,20.4807,20.4555,20.3259,20.3736,20.8223,20.554,20.714,20.7971,21.0441,21.4981,21.0557,20.7456,20.7794,20.5986,20.9181,20.0735,20.2006,19.9774,20.0567,20.4364,20.75,20.6015,20.773,20.8864,21.3956,20.6119,20.6319,20.6547,20.2805,20.5577,20.6556,20.7871,20.9076,21.2414,21.6613,21.0326,21.1076,21.1535,20.6056,20.9731,20.0995,19.6732,19.8073,19.7903,20.6099,20.0341,20.4106,20.7855,20.9038,20.9662,20.653,20.6479,20.4739,20.8716,21.2929,20.7512,20.2802,20.1063,20.6489,21.3066,20.1923,20.5707,20.7596,20.6758,20.7232,19.792,19.7804,19.975,20.5659,20.5836,20.642,19.7722,20.0288,19.7406,20.9744,19.9914,20.0895,20.7558,20.9108,22.1668,19.6229,19.7398,19.9352,20.7078,22.052,19.9575,19.9669,20.1981,20.136,20.3164,20.0442,20.0115,20.36,20.378,21.3591,20.1078,20.2451,20.665,21.1304,22.7212,20.4671,20.5508,20.6059,20.3909,20.4977,19.8659,20.3048,20.5203,20.8825,21.1652
641,3:57:55 PM,19.8345,20.035,19.9302,20.5146,20.6272,20.4833,20.5488,20.775,20.9227,20.8413,20.5698,20.243,20.5021,20.5505,20.7252,20.5459,20.8513,20.842,20.9347,21.2512,20.7005,20.8225,20.7684,20.4678,20.9414,20.2355,20.2172,20.0565,20.0929,20.4495,20.7234,20.437,20.9439,20.9826,21.3871,20.5178,20.5742,20.5974,20.6607,20.6545,20.7911,20.6279,21.1325,21.3002,21.5549,21.009,21.1124,21.1884,20.7283,21.0108,19.8771,19.6374,19.8422,19.7449,20.5355,20.0526,20.4889,20.8786,21.0882,21.2756,20.5884,20.5001,20.2136,20.9413,21.3571,20.637,20.3289,20.2762,20.68,21.2643,20.3227,20.5982,20.9753,20.4954,20.9742,19.7508,19.6168,19.8902,20.0802,20.7854,20.4895,19.724,20.0687,19.7498,20.7775,20.0737,20.3454,21.0253,21.1105,22.4908,19.5504,19.7054,19.8494,20.6561,22.0,19.8044,19.7237,20.153,20.1405,20.0366,19.9556,20.033,20.2153,20.411,21.4897,20.0862,20.3925,20.4979,20.8611,22.8881,20.3782,20.3745,20.6078,20.4304,20.5738,19.8495,20.2612,20.5972,20.9664,21.0754
642,3:58:15 PM,19.8849,19.9991,19.6379,20.2036,20.4888,20.5741,20.364,20.6678,21.0472,20.9022,20.3931,20.4818,20.3494,20.535,20.6498,20.628,20.8195,20.6554,20.9299,21.4996,20.8669,20.7583,20.6251,20.4829,20.726,19.9229,20.0625,19.9122,20.1384,20.4989,20.8858,20.5428,20.9053,20.9462,21.1352,20.7627,20.5748,20.624,20.5067,20.5976,20.6517,20.7052,20.9337,21.3373,21.5013,21.1037,20.9651,21.0146,20.5246,20.8829,19.878,19.5137,19.8122,19.9165,20.648,20.0459,20.3871,20.661,21.0443,21.2369,20.5443,20.382,20.2455,20.9887,21.5791,20.8261,20.4576,20.1237,20.631,21.5206,20.184,20.5571,20.5826,20.7171,20.6502,19.7114,19.8252,19.9675,20.2464,20.4965,20.6212,19.7852,20.127,20.0047,20.5832,20.1522,20.2965,20.8326,21.1168,22.5455,19.7826,19.7379,19.526,20.2819,21.9503,19.909,19.7206,19.9828,19.9404,20.185,19.9245,20.0862,20.2596,20.3158,21.7006,20.155,20.2083,20.496,21.2529,22.7528,20.6308,20.3106,20.3515,20.4332,20.5366,19.8613,20.1057,20.3298,20.9516,21.2235
643,3:58:35 PM,20.0408,20.0825,19.8789,20.3451,20.4994,20.5303,20.3796,20.7588,20.7105,20.9091,20.5221,20.5995,20.2681,20.294,20.5596,20.6138,20.8409,20.9383,21.0138,21.3207,20.8834,20.6724,20.7911,20.6324,20.7432,20.0608,20.2862,19.9508,20.0247,20.2042,20.6545,20.6435,20.7839,20.8674,21.1899,20.8006,20.6965,20.7226,20.6486,20.4628,20.7464,20.6774,20.8961,21.3062,21.5378,21.0378,20.9983,21.0976,20.7048,21.0243,20.0917,19.5276,19.8838,19.9288,20.5097,20.1978,20.4561,20.7555,21.0211,20.5928,20.5422,20.6483,20.3368,20.9012,21.3935,20.7544,20.5843,20.2018,20.4329,21.348,20.4049,20.6176,20.7376,20.7805,20.7456,19.794,19.7888,19.9333,20.5241,20.7462,20.5493,19.7185,20.0446,19.8162,20.7308,19.9582,20.2726,20.8017,20.8692,22.2939,19.5512,19.6758,19.6112,20.7939,22.0249,20.0382,20.0825,20.1749,19.769,20.4291,20.0681,20.0822,20.434,20.3596,21.0398,20.1141,20.397,20.4436,21.3209,22.8132,20.5329,20.3904,20.809,20.4322,20.6177,19.7362,20.3116,20.5435,20.7821,21.3343
644,3:58:55 PM,19.9628,20.0937,19.9903,20.3684,20.4497,20.368,20.2571,20.6539,20.6079,20.9567,20.5651,20.5113,20.2639,20.4163,20.6051,20.7868,20.7534,20.8681,20.8127,21.312,20.7904,20.5113,20.6608,20.2011,20.876,19.9371,20.1771,19.9005,20.0888,20.0244,20.9455,20.6631,20.9296,20.8916,21.3564,20.8072,20.6761,20.6451,20.6546,20.9158,20.7242,20.8958,20.8521,21.2556,21.5048,20.972,21.1086,21.0568,20.5633,20.9377,19.9615,19.82,19.9917,19.8413,20.4251,20.1775,20.3593,20.7666,21.0365,20.9316,20.5243,20.553,20.2727,20.757,21.3223,20.7029,20.2418,20.0328,20.519,21.6179,20.2116,20.7361,20.9848,20.6596,20.8667,19.9683,19.5888,19.9345,20.5487,20.7534,20.5617,20.071,20.2905,19.6904,20.8157,20.276,20.3504,20.851,21.0736,22.5705,19.5794,19.5087,19.8252,20.531,21.9641,20.0109,20.2017,20.2302,20.0129,20.2147,20.2405,20.1284,20.3126,20.3651,21.3263,19.9447,20.1544,20.4049,20.9334,22.9022,20.563,20.5458,20.3968,20.5012,20.6244,19.7942,20.3151,20.8036,21.0772,21.4294
645,3:59:15 PM,19.8403,19.9401,19.7833,20.1359,20.4473,20.4363,20.2982,20.691,20.8514,20.8995,20.7691,20.4238,20.4298,20.5708,20.4195,20.5675,20.7697,20.8446,21.032,21.4535,21.0324,20.7344,20.7485,20.4508,20.9057,19.9229,20.2674,19.8024,19.9805,20.3503,20.8143,20.4643,20.7692,20.8992,21.1835,20.8216,20.7068,20.8263,20.6884,20.9478,20.8025,20.7172,20.9314,21.3193,21.5546,20.9681,21.0815,20.9642,20.6461,20.8898,19.8735,19.7177,19.6713,19.7589,20.6309,20.1284,20.4726,20.9226,20.7792,21.3121,20.382,20.5335,20.4774,20.8504,21.4091,20.6934,20.3215,20.1454,20.5974,21.3779,20.1639,20.6099,20.8051,20.5519,20.7537,19.8055,19.7261,20.0462,20.3267,20.6386,20.5428,19.6941,20.2401,19.6915,20.5737,20.0666,20.1869,20.6639,20.9612,22.7213,19.7175,19.6474,19.8509,20.7964,22.0891,20.0578,19.9568,19.9373,20.0485,20.0522,20.0503,20.0797,20.3187,20.5124,22.2761,19.97,20.2748,20.337,21.1507,22.8813,20.4032,20.3981,20.5098,20.4643,20.3531,19.6653,20.417,20.4503,20.8073,21.2361
646,3:59:35 PM,19.9065,19.9417,19.8595,20.2108,20.4521,20.4795,20.2681,20.6016,20.7855,20.6761,20.5875,20.4701,20.4655,20.4694,20.7061,20.6386,20.8278,20.9099,20.8317,21.5146,20.8469,20.5677,20.805,20.7859,21.0619,20.1731,20.3539,20.0772,20.2171,20.3555,20.5678,20.4532,20.8216,20.926,21.1824,20.6917,20.8961,20.8438,20.4685,21.0285,20.8349,20.8141,21.0449,21.2547,21.5118,20.8362,21.1849,21.1139,20.6156,20.9547,19.9928,19.6217,19.9074,19.8815,20.4294,20.2519,20.4914,20.8705,21.172,21.2042,20.5754,20.5186,20.3208,20.8035,21.4848,20.6563,20.5581,20.2283,20.4991,21.3082,20.0855,20.6183,20.8107,20.5022,20.9128,19.7235,19.762,19.9437,20.1853,20.624,20.4519,19.9119,20.4886,19.7262,20.56,20.0582,20.3813,20.7677,21.0797,22.3647,19.7422,19.8449,19.7861,20.7658,22.1158,19.892,19.9335,20.1773,20.0644,20.079,20.2895,20.0166,20.3636,20.2341,21.3172,20.0899,20.2745,20.5477,21.0291,22.9482,20.6228,20.2283,20.6341,20.5333,20.5926,20.0144,20.353,20.6484,20.8307,21.2176
647,3:59:55 PM,20.005,19.9644,19.8273,20.2993,20.3868,20.4132,20.2633,20.6436,20.6629,20.6698,20.5693,20.6743,20.5232,20.7706,20.7914,20.4987,20.7604,20.8512,20.9721,21.4057,20.6655,20.5317,20.7363,20.4342,20.6894,20.0029,20.1026,20.1117,20.0899,20.2354,20.6806,20.5995,20.8581,20.8095,21.3285,20.9488,20.6582,20.6902,20.6687,20.987,20.8933,20.7226,21.0231,21.3489,21.5982,20.9393,21.138,21.1913,20.5572,20.931,19.9847,19.8902,19.8562,19.9731,20.6764,20.0583,20.3248,20.7367,21.0261,21.2008,20.4872,20.3159,20.4697,20.9739,21.5487,20.7289,20.4398,20.2,20.5223,21.3686,20.3967,20.5202,20.9008,20.7008,20.5752,19.729,19.8228,19.9486,20.2932,20.6974,20.6581,19.6488,20.1624,19.8882,20.6566,20.0844,20.2341,20.9697,21.1611,22.4251,19.7049,19.7838,19.6605,20.5019,21.9569,20.1332,20.0354,20.2789,20.0257,20.5345,20.0371,20.0424,20.3961,20.4646,21.3827,20.0223,20.4284,20.4806,20.7519,21.6616,20.5333,20.3487,20.5814,20.5315,21.2826,19.8078,20.4006,20.6751,20.8547,21.2535
648,4:00:15 PM,19.9738,19.9775,19.9414,20.2928,20.4036,20.4657,20.2377,20.5575,20.681,20.8003,20.6614,20.5907,20.3857,20.5384,20.9269,20.6522,20.7476,20.9043,20.9421,21.5124,20.7059,20.67,20.7494,20.4562,20.7631,19.909,19.9194,20.0956,20.2142,20.3948,20.6194,20.4978,20.7321,21.1,21.2876,20.8342,20.609,20.4103,20.5291,21.1115,20.763,20.6396,20.9514,21.4793,21.6083,20.9334,21.1491,21.106,20.7808,21.0257,19.9458,19.6234,20.0931,19.8908,20.5849,19.9575,20.3671,20.7865,21.0437,21.3215,20.4999,20.4445,20.2726,20.9861,21.5829,20.7533,20.3815,20.0514,20.54,21.1876,20.3816,20.5203,20.6672,20.716,20.6236,19.8249,19.8218,19.9722,20.2717,20.7881,20.5194,19.9083,20.4059,19.8367,20.9447,20.088,20.1232,20.5744,20.8727,22.4944,19.655,19.5993,19.8834,20.6389,22.0061,19.901,19.9609,20.1547,19.9761,20.3546,20.2006,20.1625,20.3991,20.4154,21.2405,20.1306,20.4556,20.504,20.8906,22.6753,20.5568,20.3243,20.7296,20.6252,20.5585,19.9727,20.3277,20.5525,20.7664,21.3201
649,4:00:35 PM,19.8228,19.9341,19.9096,20.1612,20.6078,20.4364,20.1429,20.5103,20.7118,20.6128,20.4118,20.6519,20.5113,20.6847,20.9088,20.6816,20.8429,20.8443,20.9312,21.3331,20.755,20.6887,20.6593,20.5712,20.8162,19.9206,20.3259,20.1644,20.0153,20.3111,20.6197,20.2947,20.7349,20.9224,21.4184,20.5022,20.7485,20.7178,20.7928,21.1791,20.5991,20.6219,20.791,21.3478,21.4665,21.0065,21.0774,21.1137,20.6395,20.9487,20.0493,19.6483,19.8892,19.7123,20.5339,20.1153,20.5202,20.7121,21.0915,20.7473,20.3553,20.4631,20.2951,20.934,21.4297,20.6202,20.3001,20.115,20.828,21.2936,20.3809,20.5509,20.9734,20.6345,20.8262,19.7768,19.833,19.9344,20.201,20.6118,20.71,20.0001,20.4253,19.6857,20.7802,20.1058,20.3325,20.7013,21.015,22.4728,19.7314,19.6828,20.0037,20.8446,22.0816,20.1217,20.1912,20.277,20.177,20.1365,20.049,19.9798,20.4001,20.3646,21.0968,20.2004,20.5199,20.4145,21.3331,22.7983,20.569,20.2185,20.5442,20.7218,20.8262,20.0926,20.4032,20.294,20.6519,20.9891
650,4:00:55 PM,19.7649,19.9664,19.9976,20.2548,20.5647,20.4403,20.3078,20.6938,20.7802,20.7342,20.4928,20.7023,20.6289,20.5956,20.9459,20.7966,20.605,20.8527,20.9133,21.4198,21.0378,20.9187,20.72,20.8422,20.8975,19.9645,20.1646,20.1153,20.412,20.3361,20.3693,20.4664,20.8409,20.9546,21.2211,20.5574,20.6827,20.7838,20.6968,21.1673,20.8116,20.7099,20.9175,21.2626,21.4766,20.9285,21.2986,21.2019,20.605,20.9505,19.8801,19.718,19.9627,19.9531,20.5787,20.1485,20.3851,20.6753,20.9018,20.6332,20.5804,20.3929,20.3882,20.985,21.543,20.7471,20.4602,20.1105,20.6432,21.3643,20.229,20.7549,20.7735,20.7641,20.954,19.807,19.7757,19.9144,20.3563,20.7016,20.6274,19.5233,20.1953,19.3862,20.9318,19.8292,20.3419,20.875,20.9338,22.3756,19.4432,19.7069,19.7091,20.8564,22.0626,19.9818,20.2393,20.3481,20.0787,20.1966,19.9112,20.0483,20.3608,20.4685,20.8666,20.0602,20.3113,20.5124,21.1088,23.5008,20.5068,20.3572,20.5102,20.6606,20.6557,19.9318,20.2836,20.4771,20.8117,21.3045
651,4:01:15 PM,19.9497,20.0147,19.8452,20.2189,20.5721,20.6099,20.3079,20.688,20.658,20.7321,20.6083,20.3824,20.6779,20.8322,20.6926,20.6526,20.9138,20.6833,21.029,21.6436,20.9282,20.7406,20.7836,20.4788,21.057,20.096,20.0618,19.9873,19.9111,20.3413,20.7172,20.3817,20.8449,20.987,21.2807,20.572,20.6744,20.7914,20.8018,20.8587,20.8551,20.8367,20.9549,21.296,21.6988,21.0792,21.1747,20.963,20.6936,20.8815,19.8633,19.7012,19.6688,19.8684,20.6651,20.4946,20.3659,20.8647,20.9551,20.9543,20.4996,20.439,20.3649,20.9882,21.544,20.7953,20.4113,20.2059,20.592,21.5463,19.9292,20.4945,20.8741,20.7187,20.9144,19.731,19.75,19.9719,20.2942,20.473,20.4543,19.761,20.1474,19.7816,20.7865,20.0875,20.3169,20.7683,21.3125,22.1422,19.7276,19.7367,19.9552,20.5803,22.1894,19.9118,19.7392,20.1458,19.9355,20.3368,20.0874,20.0566,20.3956,20.2777,20.9154,19.8915,20.2691,20.3852,21.0248,23.3344,20.5271,20.3656,20.5545,20.4866,20.6341,20.119,20.1456,20.3665,20.8852,20.9699
652,4:01:35 PM,19.9661,19.9779,19.7377,20.33,20.4914,20.5422,20.5072,20.7022,20.5382,20.5573,20.6561,20.5154,20.482,20.5012,20.7901,20.6556,20.8584,20.8838,20.9012,21.4772,20.7888,20.6559,20.696,20.3752,20.8375,19.8813,20.2247,20.0179,20.2215,20.2162,20.5295,20.477,20.6701,21.1027,21.3158,20.6138,20.6392,20.6014,20.6919,21.1503,20.8363,20.873,20.9817,21.2534,21.4176,21.0664,21.2621,21.0792,20.6511,21.0134,19.9876,19.6425,19.7392,19.81,20.5662,20.1611,20.4117,20.6771,20.9691,21.0232,20.3738,20.511,20.2786,20.964,21.5388,20.6445,20.4112,20.1217,20.689,21.2752,20.1651,20.5945,20.8335,20.8113,20.5869,19.6914,20.0493,20.0356,20.2749,20.7086,20.5324,19.9393,19.8646,19.7806,20.6629,20.1052,20.2148,21.0617,21.1191,22.8183,19.8082,19.7567,19.8115,20.7541,22.2435,19.8727,20.1001,20.0314,19.9511,20.0384,20.2364,20.1939,20.349,20.3115,21.345,20.031,20.4197,20.4493,21.7823,22.9431,20.8231,20.4914,20.7008,20.4611,20.8025,19.9566,20.1956,20.4382,20.8136,21.2909
653,4:01:55 PM,20.0122,19.9765,20.1271,20.1678,20.5357,20.4828,20.3429,20.8714,20.793,20.7556,20.4725,20.4968,20.2679,20.5649,20.7788,20.6191,20.8629,20.9891,20.9905,21.3845,20.7513,20.5423,20.7417,20.4306,20.9685,20.0448,20.1727,20.0553,20.2189,20.337,20.593,20.4443,20.9814,20.9119,21.3355,20.5395,20.6648,20.6267,20.4939,20.6874,20.8131,20.8574,20.8144,21.2895,21.6127,20.9736,21.1034,21.058,20.6448,20.8775,19.9481,19.6318,20.0221,19.8779,20.6295,20.2955,20.4498,20.8809,21.0719,21.1416,20.4704,20.328,20.4598,20.8394,21.5177,20.6703,20.3233,19.9798,20.6904,21.1444,20.1442,20.3426,20.7177,20.7442,21.021,19.6786,19.8581,20.0685,20.3474,20.6114,20.7442,19.7516,20.218,19.9099,20.8002,20.145,20.513,21.147,21.0945,22.5045,19.6804,19.9123,19.669,20.5356,21.9146,19.8177,19.7656,20.1438,19.9295,19.9123,20.1321,20.1836,20.3668,20.3999,21.1312,20.1036,20.4433,20.5155,21.1646,22.5097,20.6861,20.6073,20.6771,20.6052,20.8728,19.8496,20.1761,20.6305,20.9474,21.5328
654,4:02:15 PM,20.0038,20.0098,20.0122,20.233,20.5222,20.4127,20.4502,20.6404,20.7082,20.8175,20.7241,20.5284,20.6477,20.3812,20.8119,20.7601,20.7961,20.6527,21.0648,21.3922,20.7624,20.4227,20.7269,20.3322,20.9689,20.0552,20.0534,19.8357,19.9347,20.3386,20.5762,20.3946,20.6536,20.8859,21.4222,20.6697,20.6313,20.5697,20.8097,21.1423,20.7667,20.8103,21.054,21.3346,21.5466,20.948,21.2761,21.1868,20.6219,20.8513,19.8536,19.6743,19.8404,19.8491,20.8585,20.1321,20.4455,20.7772,20.9894,21.0264,20.3095,20.3391,20.2886,20.9257,21.5258,20.6515,20.282,20.19,20.4877,21.1689,20.0873,20.5613,20.714,20.6036,20.4843,20.0212,19.8636,19.9401,20.3484,20.7177,20.6474,19.7586,20.4357,19.6569,20.5592,20.2301,20.3344,20.8746,21.2571,23.0129,19.8116,19.6966,19.6593,20.6452,21.9635,19.8759,20.0952,20.1069,19.9625,19.9403,20.2272,20.1433,20.407,20.4411,21.7488,20.2179,20.4475,20.5809,21.2996,22.9641,20.5911,20.2299,20.4752,20.7827,20.6694,19.9784,20.2538,20.7042,20.8933,21.2752
655,4:02:35 PM,20.0076,19.9807,19.8297,20.0397,20.524,20.2863,20.3683,20.4274,20.6263,20.5794,20.5516,20.4593,20.3827,20.4628,20.7328,20.7437,20.6219,20.6698,21.0516,21.3101,20.6887,20.5123,20.5481,20.445,20.9254,19.9274,20.3378,19.8128,20.062,20.3771,20.7672,20.4757,20.538,21.0046,21.3753,20.7736,20.4018,20.6974,20.7291,20.8367,20.813,20.7028,20.7264,21.2646,21.4646,20.8261,20.8901,21.1522,20.4771,20.8809,20.1056,19.693,20.012,19.8877,20.7357,20.0921,20.4045,20.6385,21.0767,21.2641,20.3777,20.5314,20.2011,20.9895,21.5158,20.6109,20.2799,20.1038,20.5708,21.1058,20.1766,20.4759,20.8694,20.6614,20.8841,19.7594,19.6454,19.8217,20.3149,20.6956,20.6312,19.7213,20.2956,19.96,20.8141,20.0901,20.454,20.9519,21.2258,22.2089,19.8032,19.6945,19.7609,20.4157,22.1491,19.8846,19.6099,19.7401,19.7861,20.0167,20.189,20.3107,20.2632,20.4279,21.6766,19.9416,20.2741,20.5961,22.1029,22.7509,20.4998,20.3353,20.7313,20.7119,20.8227,19.8234,20.1956,20.4954,20.9305,21.4499
656,4:02:55 PM,20.0259,20.0638,19.8032,20.408,20.3915,20.4554,20.3155,20.4616,20.5673,20.8052,20.7866,20.55,20.4483,20.5705,20.9036,20.5941,20.8608,20.8385,20.7647,21.4183,20.6199,20.5786,20.6984,20.5075,20.7307,20.1808,20.2646,19.9644,20.1246,20.4169,20.5814,20.3841,20.7139,20.8505,21.253,20.7725,20.7443,20.5896,20.5525,21.0308,20.771,21.0272,20.9352,21.3534,21.6147,21.1036,20.9733,21.0441,20.6823,20.8674,19.9787,19.6508,20.062,20.0641,20.595,20.1841,20.392,20.7074,21.0428,21.4369,20.4603,20.3575,20.3821,21.0231,21.4043,20.6026,20.3547,20.2553,20.6573,21.2252,20.1459,20.6964,20.7809,20.657,20.9688,19.9184,19.7232,20.004,20.388,20.7813,20.7259,19.9239,19.9618,19.7133,20.9468,20.1054,20.2872,20.956,21.4061,22.7205,19.6589,19.751,19.8528,20.2716,21.8118,19.9654,19.9564,20.1611,19.897,19.9948,20.1204,20.1877,20.5565,20.3326,21.3198,20.3551,20.4604,20.6394,21.1059,22.1265,20.8168,20.4827,20.747,20.5781,20.5361,19.8472,20.2315,20.3266,21.0816,21.3729
657,4:03:15 PM,19.9157,20.0986,20.0633,20.266,20.2355,20.4978,20.3979,20.4919,20.6397,20.4807,20.6802,20.5034,20.3583,20.5367,20.9816,20.6219,20.675,20.8349,21.0351,21.327,20.9078,20.6475,20.6657,20.5599,20.8273,20.1692,20.3349,20.1823,20.1539,20.3416,20.5179,20.6025,20.5919,20.9701,21.1119,20.737,20.5951,20.6533,20.6478,20.6481,20.4835,20.6768,20.8452,21.1654,21.6863,20.9248,21.2397,21.0879,20.4857,20.9436,19.9582,19.7677,19.868,19.8818,20.7294,19.9877,20.4582,20.8752,21.0481,21.3645,20.233,20.3254,20.4265,20.9579,21.6558,20.7619,20.3696,20.1833,20.5661,21.1991,20.4465,20.7757,20.6507,20.6161,20.8781,19.9964,19.7848,19.9491,20.3869,20.8333,20.7258,19.8718,20.5132,19.7971,21.3703,20.2165,20.1933,20.9309,21.2321,22.9901,19.7746,19.7,19.7263,20.7059,21.965,19.7768,19.9256,20.1168,19.9808,20.4721,20.162,20.2569,20.4763,20.3037,21.388,20.0968,20.5321,20.6382,20.983,22.8473,20.6466,20.3771,20.6052,20.581,20.8388,19.9814,20.263,20.75,20.9173,21.0491
658,4:03:35 PM,19.8884,20.0434,19.8886,20.1838,20.503,20.4701,20.2328,20.5374,20.627,20.4967,20.6319,20.5909,20.4329,20.5884,20.8707,20.617,20.7448,20.72,21.1068,21.2713,20.8465,20.7588,20.6893,20.5331,20.9371,20.0548,20.1107,20.0651,20.1341,20.2859,20.3814,20.63,20.7728,21.0162,21.3944,20.8133,20.786,20.8184,20.7565,21.2288,20.8923,20.8136,21.0719,21.2858,21.506,21.0959,21.2701,20.9861,20.6079,20.8291,20.0464,19.7124,19.842,19.9855,20.5268,20.1586,20.5588,20.74,20.8041,20.974,20.6047,20.3975,20.3542,20.7484,21.5777,20.6205,20.2868,20.0906,20.6719,21.2316,20.1846,20.66,20.6514,20.6586,20.553,19.72,19.7779,20.0945,20.3562,20.5697,20.689,19.8665,20.0461,19.7854,20.9477,19.8974,20.1764,20.8608,20.9488,22.2709,19.8218,19.7998,20.1416,20.6027,21.8518,20.1039,20.1609,20.1162,19.9607,19.9756,20.2539,20.0908,20.5374,20.3658,21.731,19.8857,20.3728,20.6275,21.7712,22.8251,20.5372,20.4267,20.5879,20.6323,20.8321,19.9905,20.4572,20.7736,21.0497,21.4169
659,4:03:55 PM,19.8591,19.8651,19.8566,20.1391,20.4921,20.5322,20.4509,20.6047,20.6892,20.6114,20.743,20.4115,20.4172,20.5896,21.0021,20.7346,20.5994,20.8449,20.9082,21.4924,20.9145,20.633,20.676,20.7415,20.8785,20.011,20.2072,20.0118,20.1101,20.3441,20.4869,20.3324,20.6608,20.923,21.2896,20.564,20.6645,20.8545,20.739,21.0517,20.8431,20.8389,20.9578,21.3648,21.6213,21.0955,20.9534,20.9406,20.5134,20.818,19.8863,19.6191,19.8101,19.8276,20.5683,20.2289,20.3033,20.7343,20.9984,20.9209,20.4288,20.4264,20.2369,20.9583,21.8003,20.583,20.3356,20.1619,20.5143,21.0144,20.2597,20.5556,20.9715,20.7047,20.616,19.794,19.7585,19.9533,20.1741,20.6128,20.6841,19.7519,20.2124,19.6892,20.7801,19.9116,20.236,20.8711,20.878,22.1679,19.6399,19.7243,19.7024,20.6904,22.0275,20.0611,19.9058,20.1344,19.9409,19.8906,20.3083,20.1803,20.2772,20.5392,21.6421,20.0001,20.3402,20.5814,21.0851,22.9612,20.631,20.3237,20.6575,20.6245,20.9429,19.8353,20.3278,20.6607,20.8591,21.3149
660,4:04:15 PM,19.9789,19.7638,19.8514,20.3843,20.4209,20.6324,20.2311,20.6854,20.6515,20.5414,20.6284,20.5273,20.3333,20.5225,20.8321,20.6812,20.8084,20.9016,20.8979,21.4146,20.7192,20.7616,20.8704,20.5874,20.9779,20.0502,20.1731,19.9092,20.0909,20.2375,20.4608,20.643,20.951,21.0655,21.3315,20.7017,20.4547,20.672,20.8824,21.1304,20.6752,20.905,20.8245,21.3352,21.6042,20.9481,21.1251,20.9894,20.5112,21.0484,20.0566,19.7676,19.9615,19.9261,20.6678,20.4704,20.3717,20.772,20.9869,20.9867,20.4791,20.5611,20.4046,20.8279,21.4702,20.6742,20.379,20.0586,20.5117,21.1225,20.4017,20.5404,20.8382,20.5526,20.8084,19.7572,19.7526,20.0529,20.2562,20.6834,20.7419,19.7462,20.4074,19.7278,20.6077,20.2134,20.2489,20.8514,21.2158,22.2028,19.7836,19.7001,19.9549,20.8064,21.9373,20.094,20.1048,20.1151,20.0303,20.4701,20.1442,20.1305,20.3489,20.3535,21.8879,20.0061,20.1935,20.4154,22.113,22.8447,20.4898,20.4065,20.6045,20.6117,21.0275,19.9444,20.3934,20.6245,21.1977,21.0416
661,4:04:35 PM,19.93,19.7518,20.05,20.3015,20.5025,20.4495,20.4089,20.5623,20.832,20.6121,20.6015,20.4386,20.2267,20.5062,20.73,20.5752,20.8097,20.8239,20.8453,21.3857,20.9974,20.6375,20.5589,20.4529,20.8111,20.048,20.1504,20.0561,20.1771,20.3669,20.6806,20.6372,20.7611,21.171,21.4166,20.8105,20.6485,20.6463,20.4593,20.4564,20.8012,20.7389,20.8508,21.3218,21.5503,21.0251,21.1085,21.0075,20.7068,20.8478,19.9017,19.6614,19.8093,19.9508,20.5004,20.0871,20.4105,20.9793,20.9933,21.0447,20.4838,20.5095,20.3507,20.827,21.5791,20.7635,20.4274,20.0768,20.521,21.2054,20.4664,20.5692,20.7799,20.5958,20.8342,19.6106,19.545,19.9837,20.4106,20.7055,20.7527,19.6432,19.7982,19.8329,20.8533,19.9536,20.1229,20.9804,20.9953,22.8316,19.7703,19.891,19.8861,20.8462,22.1159,19.8524,19.8281,20.2295,20.353,20.0415,20.0833,20.2265,20.4439,20.3923,21.5581,19.9937,20.462,20.6292,21.4743,22.8911,20.3882,20.317,20.6208,20.5586,20.78,19.9496,20.4052,20.8804,21.0448,21.1766
662,4:04:55 PM,19.8985,19.8646,19.9192,20.3798,20.6309,20.4256,20.5109,20.7855,20.7618,20.7553,20.4736,20.492,20.2353,20.6624,20.825,20.6416,20.7534,20.7263,21.0466,21.2509,21.0324,20.7839,20.7733,20.488,20.8971,20.0175,20.0855,20.2963,19.8565,20.3762,20.8265,20.416,20.8762,21.0701,21.3275,20.6351,20.4836,20.6229,20.6941,20.6683,20.7124,20.7607,20.9137,21.1776,21.6009,20.9447,21.1684,21.009,20.6755,20.9341,19.7337,19.7314,19.8481,19.8858,20.5772,20.0295,20.4665,20.7319,20.9267,20.9417,20.5889,20.485,20.3636,20.8792,21.482,20.8112,20.4598,20.1785,20.6342,21.4138,20.1872,20.5185,20.7993,20.6689,20.5188,19.6996,19.5015,19.9647,20.4033,20.6583,20.6057,19.8869,20.5091,19.7707,20.7932,19.9629,20.1542,20.6821,20.8576,22.2767,19.9122,19.6974,19.9134,20.812,22.02,19.9401,19.942,20.4234,20.2286,20.6534,19.9619,20.0555,20.2844,20.373,21.5427,20.1894,20.328,20.6089,21.3201,23.112,20.5823,20.4451,20.4194,20.537,21.1154,20.1725,20.3497,20.4748,21.0943,21.3309
663,4:05:15 PM,19.9522,19.9429,19.8745,20.1781,20.6022,20.3817,20.2752,20.5451,20.6373,20.7411,20.6152,20.3581,20.3345,20.4697,20.7223,20.5707,20.8144,20.924,20.7488,21.3248,20.9141,20.7438,20.7094,20.6817,20.965,19.9757,20.3065,20.0137,20.1484,20.2787,20.9424,20.4919,21.0149,21.0792,21.3848,20.7431,20.6488,20.7952,20.904,20.7725,20.8872,20.8391,20.9932,21.2854,21.5137,20.9508,21.1285,20.9641,20.6484,20.9396,19.9756,19.7831,20.0099,19.8039,20.4728,20.2713,20.4534,20.6494,21.0319,21.1705,20.5269,20.4396,20.2832,20.935,21.4751,20.5234,20.4096,20.177,20.5655,21.1038,20.4363,20.5305,20.5348,20.6189,21.4105,19.8014,20.0376,19.9055,20.3052,20.6402,20.5942,19.7052,20.3361,19.8923,20.8029,20.0025,20.1623,21.1556,21.0641,22.0355,19.6522,19.8637,19.7908,20.5298,22.0149,19.8563,20.2138,20.415,20.2891,20.1509,20.0537,20.1879,20.2696,20.4228,22.5835,19.7743,20.1558,20.5377,21.4894,22.5655,20.5322,20.2521,20.7474,20.7526,20.7444,20.046,20.4678,20.459,20.8813,21.1852
664,4:05:35 PM,19.8684,20.0018,19.9739,20.252,20.6087,20.5573,20.4581,20.6616,20.8503,20.7138,20.688,20.3744,20.3371,20.6024,20.8854,20.7442,20.8554,20.6855,21.0339,21.418,20.9272,20.7431,20.7489,20.4342,21.0104,19.902,20.0345,19.8966,20.1951,20.3989,20.8339,20.4686,20.9294,21.0029,21.3848,20.7127,20.5808,20.7476,20.4065,20.6434,20.8495,20.8581,20.8244,21.1488,21.5036,21.0122,21.0317,21.0451,20.75,20.7845,19.9687,19.7199,19.9004,19.9235,20.6526,20.2734,20.4302,20.808,20.9026,20.8931,20.6475,20.4779,20.5236,20.9064,21.5589,20.7296,20.4362,20.1439,20.6516,21.3611,20.3791,20.3934,20.8592,20.6722,20.8702,19.7869,19.8327,19.9622,20.2977,20.6955,20.7104,19.839,20.3006,19.7422,21.1892,20.0326,20.2849,20.8515,21.0574,22.0032,19.7547,19.708,20.0273,20.8222,22.2523,20.1536,20.1234,20.1531,20.0729,20.4614,20.1532,20.2104,20.3964,20.4687,21.9694,20.1338,20.2537,20.6593,21.2608,22.3732,20.473,20.5036,20.7373,20.555,20.8022,20.0362,20.1961,20.7237,20.8181,21.0714
665,4:05:55 PM,19.9848,20.0708,19.8773,20.1734,20.5017,20.4588,20.4394,20.843,20.9713,20.8802,20.458,20.4326,20.153,20.5477,20.6307,20.6206,20.7756,20.9247,20.8977,21.5315,21.0047,20.6302,20.6629,20.6274,20.7788,19.8578,20.1735,19.6827,20.1879,20.3562,20.812,20.712,20.8973,20.8957,21.3762,20.5971,20.6339,20.8205,20.5398,20.5399,20.661,20.9375,21.0476,21.2154,21.8052,21.0753,21.2119,21.2006,20.779,20.8984,19.7794,19.7095,19.9889,19.7321,20.4924,20.1887,20.3173,20.8308,20.9919,20.7951,20.4184,20.4563,20.4904,20.9067,21.4246,20.5267,20.4288,20.121,20.5966,21.3409,20.2119,20.7688,20.7347,20.6761,20.7721,19.608,19.6527,19.9178,20.3123,20.5682,20.6815,19.9667,20.2377,19.7301,21.0264,20.0578,20.4235,20.8913,20.9556,22.4442,19.4141,19.8548,19.9534,20.774,22.3366,19.9802,20.3235,20.0225,20.1651,20.5431,20.1713,20.1212,20.4132,20.3354,21.3543,19.9794,20.3511,20.6846,21.2394,23.1053,20.4458,20.3023,20.5915,20.6327,20.7229,19.9029,20.2697,20.569,20.8842,21.3731
666,4:06:15 PM,20.0762,20.0214,20.0175,20.2793,20.2906,20.429,20.5711,20.9359,20.9046,20.7687,20.5984,20.5113,20.5313,20.6899,20.7842,20.7823,20.6003,20.7586,20.8097,21.497,20.9137,20.6571,20.7974,20.7193,21.0674,20.0227,19.9868,20.0623,20.189,20.3357,20.7212,20.7338,20.8839,20.9673,21.3097,20.7727,20.634,20.6696,20.9535,21.0777,20.7707,20.8216,21.0871,21.385,21.6041,21.0625,21.0899,21.0134,20.6471,20.9663,19.9291,19.7619,19.8544,20.0269,20.4697,19.9463,20.27,20.8577,20.8158,20.6702,20.5454,20.5373,20.2938,20.8875,21.3985,20.7376,20.489,20.1075,20.6902,21.5161,20.121,20.6497,20.8315,20.7251,21.1489,19.628,19.8685,19.9033,20.209,20.671,20.6082,19.805,20.5162,19.7723,20.6068,20.1043,20.2961,20.94,21.1052,22.3328,19.578,19.6529,19.9307,20.8315,22.2522,20.0329,19.9734,20.4513,20.2327,20.3538,20.1605,20.1342,20.2411,20.3629,21.4556,20.1456,20.4596,20.6528,21.2593,22.4315,20.7549,20.5054,20.5397,20.6295,20.8373,20.0124,20.4543,20.647,21.0675,21.3769
667,4:06:35 PM,19.9119,20.2062,20.1119,20.2736,20.5515,20.4868,20.3551,20.698,20.8191,20.9069,20.5425,20.5205,20.3376,20.3155,20.6864,20.7222,20.7454,20.8688,20.9577,21.3329,20.8782,20.6327,20.7252,20.2817,21.0514,20.063,20.1821,20.0815,20.4082,20.3301,20.726,20.6578,20.8546,21.0434,21.3813,20.9172,20.601,20.8388,20.7397,21.1955,20.7228,20.7413,20.9717,21.3735,21.6407,21.0215,21.1544,21.1751,20.8526,21.0146,20.0296,19.6197,19.9366,19.8914,20.4711,20.2983,20.3104,20.8376,21.0904,21.1011,20.6107,20.4995,20.4014,21.0208,21.2463,20.8711,20.5221,20.2157,20.657,21.0,20.2728,20.5582,20.7879,20.5693,20.6791,19.942,19.8071,20.0762,20.3476,20.6608,20.4804,20.012,20.5473,19.8063,21.1699,20.1778,20.3707,21.0244,21.0786,22.4587,19.7042,19.7434,19.9231,20.9021,22.0712,20.0096,20.049,20.154,20.4036,20.1651,20.1127,20.162,20.3783,20.3044,21.486,20.0561,20.3974,20.6102,21.2934,22.5207,20.5909,20.4979,20.6384,20.5957,20.9321,19.6571,20.2721,20.8122,20.9035,21.2477
668,4:06:55 PM,20.0417,20.1035,20.0186,20.2003,20.5593,20.622,20.6385,20.8398,20.9305,20.8878,20.7008,20.5972,20.4479,20.4967,20.6728,20.6507,20.6886,20.8004,20.9309,21.3587,20.8901,20.9086,20.6673,20.4229,20.9235,20.0573,20.4171,20.1344,20.1666,20.3449,20.5694,20.6959,20.8704,20.9755,21.3958,20.8506,20.6461,20.7135,20.8077,21.1338,20.6161,20.7294,20.9952,21.2745,21.4384,21.1203,21.1631,21.0602,20.687,21.0272,20.0867,19.718,19.8832,20.0297,20.6836,19.9267,20.342,20.728,21.183,20.7275,20.6109,20.5205,20.4492,20.9745,21.3131,20.5388,20.4309,20.0742,20.5277,21.489,20.3823,20.4751,20.9401,20.714,20.9778,19.8493,19.7211,19.9375,20.3825,20.7559,20.5324,19.8377,20.0618,20.0062,20.865,20.0515,20.3498,20.762,21.1466,22.3002,19.8169,19.6301,19.5164,20.5174,22.2188,19.9875,19.9551,20.1615,20.107,20.2291,20.1578,20.1528,20.4504,20.4565,21.726,20.1754,20.3389,20.5385,21.4543,22.8026,20.6528,20.4839,20.6929,20.6481,21.1342,20.0363,20.368,20.6595,21.0182,21.5695
669,4:07:15 PM,20.0735,20.1948,19.8854,20.2917,20.5082,20.3926,20.5516,20.7678,20.7297,20.7614,20.7171,20.5536,20.4682,20.4453,20.6734,20.6379,20.8662,20.7035,20.932,21.4191,21.0656,20.6927,20.6603,20.8586,20.91,20.0769,20.2521,20.0981,20.1701,20.1722,20.5735,20.7088,20.8274,20.9808,21.2223,20.9146,20.7513,20.5567,20.5605,20.8169,20.8821,20.8283,21.0175,21.401,21.6173,21.0205,21.0016,21.2218,20.775,21.0603,20.1763,19.895,19.8174,20.0133,20.6336,20.3707,20.5516,21.032,21.0825,21.0334,20.5649,20.4776,20.4198,21.0005,21.4423,20.8276,20.4211,20.2016,20.6565,21.2831,20.1254,20.6554,20.9011,20.6832,21.2413,19.8713,19.969,20.0485,20.5577,20.8065,20.6463,20.0265,20.2702,19.8148,20.8651,20.05,20.4662,20.9543,21.0771,22.2156,19.8043,19.6825,19.7167,20.5686,22.0818,19.8052,19.9367,20.2873,19.9408,20.8113,20.2313,20.2237,20.3632,20.5357,21.5065,20.1146,20.6415,20.5947,21.5668,22.8203,20.6583,20.4707,20.646,20.6727,21.4424,19.9396,20.0615,20.4209,20.8751,21.2799
670,4:07:35 PM,20.0406,20.153,20.077,20.2206,20.5551,20.5496,20.4769,20.8601,21.0048,20.7903,20.6579,20.5458,20.4696,20.5933,20.368,20.5774,20.7936,21.0255,20.9667,21.3977,20.8275,20.8104,20.9252,20.6447,20.9354,20.2351,20.3189,20.2585,20.1657,20.5094,20.8547,20.6718,21.0763,20.9735,21.4584,20.7624,20.7088,20.8967,20.697,21.097,20.7903,20.833,20.9717,21.2435,21.5914,21.2319,20.9897,21.0167,20.6181,20.9406,20.0799,20.1416,20.0262,20.1181,20.7765,20.2681,20.5814,20.8839,21.0915,21.0369,20.4939,20.466,20.4704,20.8895,21.5476,20.7204,20.469,20.2855,20.4437,21.291,20.2992,20.6551,20.7596,20.8492,20.7694,19.8855,19.8899,19.9116,20.3782,20.6778,20.5249,19.9905,20.1594,20.1494,20.7238,20.0511,20.415,21.0432,21.1068,22.183,19.5909,19.7354,20.0484,20.5747,22.1246,19.9658,20.0111,20.3497,20.2292,20.0861,19.9339,20.254,20.3195,20.4584,21.3986,20.1652,20.3783,20.7601,21.5375,22.7913,20.6292,20.3313,20.5645,20.61,20.7831,19.7656,20.2991,20.6317,21.1258,21.3008
671,4:07:55 PM,19.9757,20.033,19.8095,20.3205,20.6296,20.4274,20.3693,20.603,20.8748,21.0145,20.4995,20.6881,20.3001,20.476,20.6546,20.6457,20.7729,20.8607,21.151,21.1894,20.7915,20.7017,20.8166,20.3487,20.7857,20.0413,20.2407,20.0789,19.9931,20.3847,20.9593,20.4617,20.9586,20.9944,21.3925,20.7238,20.7617,20.6581,20.6325,20.8016,20.8545,20.7593,21.1308,21.3265,21.5714,21.0875,21.1962,21.1453,20.5588,20.962,19.8871,19.5771,20.0109,19.8398,20.6629,20.1777,20.4608,20.8999,20.9999,21.1592,20.544,20.5318,20.4427,20.9637,21.3271,20.7345,20.5342,20.1666,20.6903,21.315,20.3687,20.5655,20.72,20.755,20.7828,19.9001,19.7126,20.0056,20.3539,20.8353,20.7389,19.7921,20.3285,19.9258,20.5823,20.0522,20.0722,20.9897,21.0076,22.3293,19.8153,19.756,19.6586,20.7537,22.0003,20.0842,19.9329,20.0555,19.9954,20.0367,20.0297,20.186,20.3958,20.438,21.3843,20.2756,20.223,20.5105,21.1972,22.9019,20.6342,20.3685,20.5839,20.5236,21.2436,19.954,20.4363,20.6564,20.926,21.2941
672,4:08:15 PM,20.1662,19.9649,19.9551,20.3516,20.556,20.4224,20.4705,20.5529,20.6812,20.8907,20.4947,20.5341,20.4911,20.5105,20.8241,20.5114,20.7917,20.837,20.9783,21.3889,20.8277,20.8214,20.8056,20.7845,20.8583,20.0861,20.4585,20.0672,20.1831,20.4117,20.8672,20.5881,21.0434,20.8456,21.6875,20.6826,20.6683,20.8965,20.8604,20.9862,20.7232,20.8463,20.8031,21.3096,21.4946,21.1132,21.2387,21.02,20.6711,20.9779,20.0921,19.6912,19.7465,20.0155,20.6663,20.3723,20.4468,20.9806,21.1475,20.7906,20.5671,20.4098,20.2893,20.8984,21.8339,20.685,20.2885,20.1313,20.5221,21.2636,20.1887,20.6695,20.8799,20.5561,20.8523,19.8204,19.8954,19.8993,20.3276,20.6499,20.7469,19.8939,20.2927,20.0125,20.6904,20.1868,20.0905,21.1353,21.1226,22.3396,19.5476,19.7542,20.0196,20.6512,22.1625,19.94,19.9681,19.9883,20.1675,19.9737,20.2714,20.3477,20.4458,20.4937,21.2954,20.202,20.3236,20.6707,21.2676,22.9347,20.6767,20.369,20.6005,20.6764,20.8225,20.0801,20.356,20.7176,21.283,21.3253
673,4:08:35 PM,20.1587,20.1021,20.0656,20.2466,20.383,20.4711,20.4349,20.6212,20.5001,20.8434,20.5763,20.578,20.416,20.5138,20.6332,20.7316,20.8019,20.7374,20.8772,21.434,20.8389,20.4738,20.677,20.5495,20.8095,20.0044,20.251,20.4055,20.2916,20.272,20.7156,20.5366,21.0699,21.1252,21.5465,20.7462,20.6815,20.7701,20.5327,20.7235,20.8627,20.8686,20.9959,21.2482,21.3886,21.0308,21.0962,21.1262,20.5628,21.0224,20.2011,19.8764,20.1039,20.0299,20.7366,20.2932,20.5727,20.7249,21.0726,21.1178,20.5125,20.4352,20.3112,20.9382,21.4175,20.6656,20.6098,20.3019,20.5715,21.4175,20.5917,20.6048,20.7325,20.6501,21.1579,19.8562,19.7578,19.9668,20.5339,20.7866,20.839,19.9627,20.236,19.8957,20.5737,20.0931,20.4959,20.8883,21.2147,22.651,19.8681,19.7372,20.0535,20.606,22.0844,20.0617,20.0171,19.8979,20.0228,20.4167,20.1542,20.205,20.3274,20.5752,21.9788,20.1636,20.5278,20.5295,21.8133,22.8975,20.6282,20.4785,20.7506,20.746,20.8337,20.0642,20.3402,20.6704,21.1629,21.5575
674,4:08:55 PM,20.0518,20.0838,19.9665,20.2758,20.3734,20.6187,20.4187,20.7666,20.6512,20.703,20.5142,20.5265,20.47,20.493,20.9108,20.7208,20.9134,20.7593,20.9015,21.6284,20.8039,20.6809,20.7423,20.9177,21.039,20.2771,20.3437,19.822,20.368,20.3162,20.7714,20.6545,20.8472,21.0488,21.4947,20.8373,20.7028,20.7163,20.7797,21.015,20.8444,20.8416,21.0937,21.2416,21.6165,20.8962,21.2276,21.1441,20.787,21.1165,20.1551,19.6843,20.0607,19.8479,20.7485,20.2085,20.5587,20.8523,20.991,20.9623,20.5021,20.6135,20.4683,20.7748,21.6749,20.7203,20.4252,20.0687,20.5856,21.3559,20.4417,20.7121,20.9564,20.911,20.9326,19.8452,19.8186,20.0738,20.4704,20.6368,20.7084,20.0707,20.3906,19.9928,20.6441,20.1379,20.4004,20.6397,21.0753,22.3351,19.6881,19.6599,19.6092,20.3507,21.9546,19.9412,19.5956,20.2418,20.1351,20.1615,20.2245,20.1576,20.309,20.4619,21.4677,20.059,20.5044,20.7406,21.2127,22.9251,20.517,20.4433,20.6681,20.679,20.5098,19.9315,20.2221,20.7035,20.8085,21.4778
675,4:09:15 PM,20.1152,19.9696,19.9452,20.4345,20.4778,20.618,20.3757,20.7976,20.7083,20.8034,20.585,20.6669,20.5009,20.6214,20.8002,20.6357,20.8379,20.747,21.1034,21.4422,20.7849,20.8573,20.7959,20.6482,20.883,20.0626,20.3132,20.0266,20.3012,20.4578,20.7372,20.4529,20.9233,20.8011,21.5097,20.7426,20.7144,20.8177,20.7138,20.8402,20.8004,20.689,20.9055,21.4121,21.6781,20.9993,21.0946,21.0679,20.6946,20.8467,20.01,19.5212,19.9254,19.8854,20.6479,20.026,20.5744,20.8917,21.1547,21.2786,20.6422,20.4736,20.2489,20.9515,21.8709,20.6713,20.481,19.9504,20.5322,21.1989,20.3248,20.7465,20.8553,20.6377,20.8243,19.8092,19.7652,19.8987,20.285,20.8276,20.8014,19.9032,20.3463,20.0009,20.8263,20.099,20.2993,20.9606,21.4561,22.5174,19.7504,20.0003,19.6062,20.6235,21.9783,20.0766,19.9026,20.1309,20.154,20.2015,20.1106,20.283,20.4674,20.4499,21.0504,20.1391,20.4651,20.763,21.1264,22.5911,20.5536,20.4154,20.5814,20.528,20.6476,19.828,20.1764,20.4946,21.052,21.6504
676,4:09:35 PM,19.8571,19.8866,19.918,20.2227,20.438,20.4518,20.1903,20.4966,20.64,20.7702,20.649,20.5023,20.4829,20.6929,20.8886,20.6809,20.7838,20.8309,20.9607,21.3321,20.9002,20.7254,20.7307,20.6029,20.8355,19.9406,20.1922,19.938,20.0396,20.2038,20.91,20.4537,20.8181,20.9696,21.4048,20.6665,20.7005,20.9301,20.8822,20.9374,20.9035,20.9906,20.9268,21.247,21.4847,20.9972,21.0826,21.0465,20.6416,20.9719,20.0273,19.678,19.9585,19.9309,20.6255,20.0657,20.5272,20.7472,21.0462,21.1186,20.6089,20.5257,20.5126,20.8918,21.7005,20.7379,20.4879,20.192,20.5423,21.3441,20.1786,20.5253,20.6941,20.659,21.1138,20.0625,19.8577,19.9426,20.3385,20.8084,20.5843,20.0053,20.1685,19.8479,20.7461,20.0031,20.4254,20.9221,21.3786,22.3901,19.8434,19.8387,19.7347,20.6603,21.9898,20.1174,19.9824,20.4178,20.28,19.9498,20.0218,20.1571,20.4618,20.4005,21.8839,20.2218,20.2414,20.604,21.1481,22.5569,20.4997,20.423,20.6679,20.4375,20.7784,19.7517,20.4402,20.54,20.9876,21.7329
677,4:09:55 PM,19.8619,19.9548,20.0752,20.1241,20.5155,20.546,20.3812,20.5243,20.5286,20.8595,20.6359,20.5446,20.4974,20.5505,20.8616,20.6017,20.8243,20.875,20.9056,21.5883,20.8232,20.6801,20.9142,20.644,21.0209,19.9201,20.3249,20.0987,20.0486,20.3672,20.7709,20.4912,20.8384,21.0141,21.4015,20.7908,20.6021,20.8229,20.7805,20.8991,20.6877,20.9016,21.0145,21.2191,21.6359,20.9729,21.1806,21.2062,20.7374,21.0141,20.008,19.6611,19.8772,19.897,20.7845,20.0126,20.3598,20.8414,21.0639,20.85,20.5378,20.5044,20.3412,20.9651,21.6162,20.7502,20.4317,20.2211,20.6198,21.2733,20.5536,20.457,20.9115,20.7966,21.0215,19.7229,19.641,20.1372,20.3272,20.6045,20.7024,19.9448,20.2283,19.6445,21.4684,19.99,20.312,20.7952,21.2392,22.7144,19.8488,19.8889,20.0266,20.8974,21.9933,20.049,20.2528,20.0697,20.1744,20.6834,20.2459,20.1866,20.3045,20.4019,21.1088,20.2947,20.2361,20.5213,21.2941,22.9819,20.6247,20.2491,20.5591,20.7056,20.6467,19.9016,20.3354,20.6001,20.8762,21.2027
678,4:10:15 PM,19.7374,19.9031,19.8797,20.3153,20.5762,20.5564,20.4597,20.758,20.7648,20.7491,20.4805,20.4852,20.5001,20.6085,21.0433,20.6705,20.836,20.766,21.0258,21.5909,20.8652,20.7674,20.7846,20.6597,20.9745,19.9166,19.8649,19.9633,20.1723,20.2937,20.8213,20.4288,20.8538,20.9268,21.3735,20.665,20.8202,20.9164,20.9378,21.1922,20.7755,20.8779,21.0455,21.2289,21.7549,21.0371,21.2508,21.2721,20.6665,20.8615,19.9241,19.5228,19.8419,19.8634,20.7362,19.9556,20.3136,20.8289,20.8845,21.3929,20.4428,20.4962,20.2732,21.042,21.5243,20.7586,20.5503,20.0195,20.5544,21.5494,20.4501,20.6293,20.9074,20.7637,21.0059,19.7283,19.6841,19.9748,20.3413,20.7874,20.6331,20.0027,20.1519,19.6623,21.0142,20.0165,20.4426,20.7341,21.1222,22.4921,19.5883,19.7718,20.1244,20.7885,21.9997,20.2122,20.1349,20.3289,20.2128,20.3345,20.0191,20.1468,20.3119,20.3123,21.2214,19.9561,20.4057,20.4579,21.0818,22.8386,20.5428,20.4799,20.57,20.644,20.4768,19.9225,20.459,20.8127,20.9137,21.3883
679,4:10:35 PM,19.8673,19.9511,20.0267,20.2535,20.539,20.4063,20.2365,20.7988,20.7627,20.8145,20.5899,20.5636,20.1538,20.3822,20.8025,20.6208,20.88,20.8856,20.9844,21.2859,20.7889,20.633,20.7545,20.7108,21.0419,19.9056,20.1704,20.2175,20.1663,20.352,20.6656,20.5207,20.9634,21.1533,21.2688,20.7621,20.747,20.6095,20.5834,20.9532,20.8897,20.8983,21.1657,21.3251,21.4846,20.9921,21.1923,21.1959,20.7586,20.9535,20.0971,19.674,19.7808,19.9677,20.7573,20.318,20.2816,20.8102,20.9198,21.0496,20.3701,20.5909,20.3252,20.896,21.8723,20.7137,20.4359,20.2556,20.749,21.6993,20.1604,20.5765,21.0805,20.7297,21.1638,19.6892,19.7125,20.0591,20.2811,20.6886,20.672,19.751,20.1921,19.8456,20.9028,19.9704,20.3411,20.7647,21.2645,21.6875,19.8477,19.8262,19.742,20.5338,21.8918,20.0037,19.8874,20.3527,20.0707,20.6836,20.1112,20.0617,20.2576,20.2029,21.0806,20.017,20.2692,20.4986,21.0069,22.3358,20.6386,20.2521,20.7212,20.716,20.6352,19.8978,20.4354,20.4473,20.9441,21.3435
680,4:10:55 PM,19.9526,19.8419,20.0617,20.5005,20.5959,20.4225,20.6167,20.7029,20.7578,20.6658,20.6302,20.4108,20.3214,20.4892,20.7303,20.4965,20.6329,20.5988,21.0172,21.2901,20.7876,20.649,20.7547,20.5821,20.9428,19.8218,20.164,19.9324,20.1429,20.3796,20.6424,20.485,21.078,20.997,21.5036,20.7448,20.6524,20.6295,20.6445,20.5003,20.6712,20.7898,20.9148,21.2568,21.4179,21.0387,21.1625,21.1794,20.4953,20.9142,19.7648,19.4245,19.828,19.7203,20.7498,20.201,20.5923,20.9396,21.0824,21.1929,20.6024,20.6939,20.3824,20.9873,21.5682,20.6926,20.4384,20.196,20.6381,21.3669,20.3387,20.7228,20.9157,20.7524,21.0322,19.7275,19.6947,19.974,20.4974,20.6238,20.6082,19.8807,20.255,19.6834,20.666,20.0526,20.4584,21.0532,21.3807,22.3268,19.7099,19.7183,19.8436,20.6573,22.0263,20.2588,19.9622,20.2254,20.431,19.9037,19.9698,20.1073,20.2827,20.3889,21.4382,20.1147,20.4053,20.5701,21.0651,22.8094,20.5423,20.6604,20.6461,20.5348,20.7841,19.9517,20.3873,20.5928,20.98,21.2869
681,4:11:15 PM,19.9345,19.8634,19.9005,20.2825,20.531,20.4313,20.374,20.615,20.8586,21.0253,20.5468,20.4946,20.3594,20.4587,20.5247,20.7059,20.6554,20.7385,21.0005,21.3398,20.822,20.8726,20.7281,20.7847,20.9856,19.8919,20.2414,19.9686,20.1977,20.4121,20.7746,20.6981,20.9351,21.0912,21.5528,20.7606,20.7278,20.7079,20.6643,20.6355,20.6281,20.8768,20.9904,21.3781,21.7963,20.9803,21.167,21.1477,20.5969,20.9809,19.9946,19.7023,19.9487,19.8503,20.6488,20.0217,20.3184,20.8083,20.9556,21.3583,20.4333,20.5318,20.4661,20.9352,21.7088,20.6597,20.4124,20.1067,20.5606,21.4889,20.1517,20.4704,20.7518,20.6813,20.6965,19.7667,19.8225,19.927,20.3105,20.6226,20.7889,19.8425,20.2737,19.8541,20.8698,20.1223,20.4346,20.7922,21.0588,22.032,19.6965,19.7715,19.9564,20.7423,22.1248,20.0945,20.0825,20.2656,20.0172,20.085,20.0235,19.9972,20.2376,20.2382,21.1062,20.0185,20.2777,20.554,21.7711,23.0248,20.6167,20.398,20.5561,20.5682,21.1924,19.994,20.3866,20.7722,20.7782,21.137
682,4:11:35 PM,20.0147,19.9629,20.0094,20.3302,20.4808,20.4724,20.4482,20.8299,21.0685,20.9224,20.6051,20.4703,20.2611,20.4839,20.6961,20.6524,20.7563,20.7155,20.8025,21.4538,20.7437,20.7581,20.7583,20.5251,20.9007,20.1332,20.2861,20.0762,20.0214,20.3561,20.7934,20.5776,20.9208,21.1023,21.5536,20.814,20.7103,20.7064,20.7356,20.8358,20.7456,20.9142,21.0042,21.2701,21.6178,20.9131,20.9981,21.1221,20.5993,20.9579,19.8899,19.8633,20.0354,19.9283,20.6911,20.0537,20.3838,20.8782,21.0833,21.2489,20.4934,20.4783,20.476,20.9216,21.5067,20.6324,20.4439,20.141,20.7671,21.5611,20.4629,20.556,20.8303,20.7294,20.8778,19.9167,19.7628,20.0033,20.3765,20.6187,20.8062,19.9809,20.4607,19.8661,21.3324,20.1196,20.4628,21.1499,21.0483,22.3101,19.555,19.8112,19.907,20.6554,22.2344,20.1126,19.9865,20.2631,20.2962,20.2369,20.0287,20.0729,20.4364,20.4093,21.595,20.1588,20.3887,20.4853,21.1111,22.9569,20.5409,20.1714,20.5592,20.5692,21.1057,19.8671,20.4542,20.8954,20.7152,21.086
683,4:11:55 PM,19.9995,19.9775,19.9683,20.208,20.5001,20.5262,20.4447,20.8423,20.9104,20.8725,20.6424,20.5133,20.376,20.4479,20.6068,20.5841,20.8886,20.8597,21.0546,21.3849,20.8611,20.6864,20.7435,20.5579,20.9871,20.0018,20.1637,20.0049,20.2927,20.4574,20.8351,20.4339,21.0288,20.9559,21.2946,20.839,20.7274,20.6408,20.4468,20.4874,20.719,20.8374,20.9574,21.2019,21.367,21.0043,21.2206,20.9424,20.6227,20.8077,20.0324,19.6907,19.9013,19.9896,20.5568,20.1626,20.623,20.9177,21.1096,20.8217,20.5583,20.5443,20.3822,20.818,21.4136,20.6365,20.3616,19.9637,20.5885,21.2325,20.3642,20.8065,20.6976,20.5604,20.9748,19.9295,19.8266,20.0205,20.4391,20.6823,20.6392,19.9085,20.3544,19.8319,21.2576,20.135,20.4757,21.1449,21.1697,22.5513,19.7386,19.8,19.8657,20.8333,22.2774,20.0685,20.025,20.4492,20.3799,20.0018,20.0219,20.145,20.3641,20.2413,20.9352,19.9059,20.3496,20.5406,21.0155,22.5329,20.6753,20.3618,20.5902,20.5894,20.8539,19.9268,20.3682,20.6202,21.088,21.3394
684,4:12:15 PM,19.7142,20.1377,19.9062,20.237,20.4372,20.5215,20.5462,20.7382,20.7045,21.1374,20.5145,20.3622,20.2943,20.3577,20.4989,20.6743,20.8239,20.8349,20.8968,21.2354,20.8153,20.7903,20.8692,20.6918,20.814,19.9238,20.3354,19.8367,20.1379,20.1413,20.9326,20.6136,21.0418,20.9842,21.5074,20.6341,20.7182,20.6458,20.88,20.7396,20.8131,20.8083,21.13,21.3812,21.438,21.1193,21.0452,21.1251,20.7952,20.8625,20.1802,19.7225,19.8256,19.7525,20.5269,20.3394,20.5633,21.0199,21.0298,21.24,20.4652,20.5678,20.4087,20.9264,21.4391,20.8408,20.4113,20.1984,20.7037,21.167,20.1934,20.7525,20.7604,20.5871,20.8538,19.9153,19.5529,20.1043,20.3402,20.6145,20.6011,19.7626,20.3049,19.9311,21.0416,19.9984,20.2801,21.1124,20.9859,22.4392,19.7929,19.7483,19.9093,20.6211,22.2516,20.0692,19.9601,20.2604,20.0996,20.1995,20.0828,20.1596,20.2808,20.3986,21.1346,20.0608,20.3187,20.4508,21.142,22.8213,20.5352,20.1538,20.6489,20.476,20.9105,19.9334,20.4269,20.7555,20.9977,21.2354
685,4:12:35 PM,19.882,20.0423,20.0394,20.354,20.5549,20.6859,20.267,20.7817,20.8947,20.8977,20.6962,20.6273,20.4301,20.4861,20.6653,20.6861,20.8027,20.7886,20.9244,21.5202,20.7088,20.5506,20.6155,20.4481,20.9648,19.9789,20.2726,19.9133,20.0951,20.2662,20.8464,20.5012,21.0185,20.948,21.6387,20.7663,20.6476,20.5135,20.8082,20.8348,20.8111,20.7565,20.9616,21.4463,21.6626,21.0508,21.1594,21.2119,20.6123,20.9064,20.0714,19.8626,19.8347,20.0424,20.6348,20.2962,20.6203,20.8031,21.0438,21.0389,20.5323,20.5883,20.4298,20.8296,21.3926,20.7652,20.4392,20.1588,20.7765,21.5532,20.1964,20.6007,20.8289,20.8735,21.0517,19.7936,19.8566,20.0617,20.4709,20.7104,20.84,20.0462,20.3001,20.0016,21.1916,20.1697,20.4262,20.9979,21.2066,22.1972,19.6591,19.8332,19.4312,20.5037,22.1182,20.21,19.9333,20.1971,20.3999,20.0138,19.9641,20.1441,20.2932,20.5926,21.3607,20.1614,20.4572,20.7457,21.7667,22.7395,20.5935,20.51,20.663,20.5793,20.9731,20.0996,20.481,20.616,21.0386,21.3326
686,4:12:55 PM,20.1215,20.0109,19.9917,20.0925,20.388,20.421,20.5,20.8807,20.8227,21.0704,20.6157,20.4779,20.4156,20.4303,20.7344,20.6386,20.8092,20.8829,20.8895,21.3559,20.7626,20.66,20.6988,20.5337,20.9597,20.2961,20.2931,20.0511,20.2073,20.3578,20.9899,20.6929,21.0539,21.1211,21.591,20.8313,20.5924,20.5764,20.7059,21.0878,20.811,20.8528,21.0248,21.3534,21.7112,20.9533,21.2403,21.021,20.794,20.9683,20.1269,19.7276,19.8702,20.0105,20.8182,20.2925,20.5653,20.9252,21.1811,21.3033,20.4318,20.5703,20.4549,20.8625,21.7189,20.7436,20.2746,20.1486,20.6597,21.222,20.072,20.7648,20.7847,20.6264,21.0672,19.9669,19.8711,19.8971,20.4662,20.8904,20.6062,19.8814,20.5467,19.9571,21.3319,20.0403,20.2958,20.9371,21.3725,22.4537,19.6544,19.8821,19.5471,20.5044,22.0918,20.0659,19.996,20.2501,20.313,20.1344,20.0275,20.2712,20.4684,20.4105,21.2742,20.3786,20.3766,20.7407,21.2676,22.714,20.7238,20.1594,20.5685,20.7806,20.82,19.8305,20.3672,20.581,21.1365,21.2949
687,4:13:15 PM,20.0597,20.0285,19.9526,20.3323,20.5403,20.4304,20.3634,20.6974,20.9428,20.9962,20.6413,20.4771,20.4655,20.5945,20.3443,20.6899,20.9093,20.8165,21.0166,21.4027,20.9556,20.8349,20.6184,20.4327,20.9474,20.1305,20.2916,20.0352,19.8919,20.5005,20.9951,20.5531,21.1173,20.9173,21.6103,20.8024,20.6288,20.3901,20.6147,20.8517,20.7849,20.5648,21.0759,21.3405,21.5918,21.057,21.2002,21.0538,20.7363,20.7981,19.9339,19.7471,19.9172,20.0152,20.7457,20.1995,20.4854,20.7719,21.0061,21.0717,20.6206,20.514,20.3526,21.0073,21.4787,20.7325,20.3915,20.1591,20.579,21.3999,20.2413,20.4751,20.8561,20.804,20.7221,20.0039,19.82,20.1189,20.2824,20.7132,20.751,19.8782,19.8991,19.822,21.1364,20.0695,20.3132,20.9982,21.1459,22.266,19.8879,19.857,19.5405,20.6031,21.8551,20.2331,19.9322,19.9099,20.1143,20.082,20.1543,20.0418,20.3475,20.3846,21.1534,20.1184,20.3176,20.5141,20.9969,22.8354,20.5891,20.3611,20.6192,20.4984,20.9989,20.0661,20.6023,20.5812,20.931,21.6085
688,4:13:35 PM,19.7693,19.8378,19.907,20.1357,20.394,20.3688,20.4289,20.6072,20.9972,20.9263,20.5459,20.7632,20.5665,20.6105,20.5163,20.6703,20.737,20.9524,20.8353,21.5532,20.9041,20.7275,20.6848,20.7466,21.0659,19.9838,20.2996,19.7799,20.0133,20.3261,20.8939,20.3343,20.7751,20.9474,21.6885,20.6031,20.8152,20.6432,20.7945,21.0898,20.9744,20.7175,21.0285,21.2257,21.4821,21.1442,21.1015,21.1284,20.5583,21.036,19.77,19.6519,20.0302,19.9518,20.6009,20.0041,20.5543,20.7887,21.1447,21.4171,20.5933,20.2781,20.3397,20.9906,21.4181,20.8576,20.3787,20.0736,20.7692,21.3642,20.5213,20.5698,20.9192,20.5696,20.9137,19.6774,19.7212,19.9069,20.4577,20.7648,20.7157,19.7758,20.5262,19.7168,21.3741,19.989,20.1324,20.8514,21.1069,22.6696,19.6008,19.8056,19.5975,20.6672,22.0607,20.0492,20.1684,20.5272,20.4638,20.3939,20.0194,20.2372,20.2875,20.5235,21.1971,19.9597,20.4233,20.5911,21.4693,22.985,20.6048,20.3055,20.5269,20.5257,20.7304,19.7354,20.3781,20.3056,21.2723,20.9531
689,4:13:55 PM,19.6398,19.8019,20.0103,20.179,20.524,20.4275,20.2248,20.5755,20.7631,20.726,20.6661,20.6259,20.285,20.5953,20.8504,20.6271,20.7761,20.8676,20.9669,21.5304,20.9619,20.7255,20.608,20.552,20.9688,19.8242,19.9862,19.9649,20.101,20.3515,20.6333,20.3357,20.8693,21.1681,21.5791,20.8382,20.7458,20.7907,20.6095,20.8455,20.823,20.8553,21.039,21.2911,21.5563,20.952,21.1351,21.1429,20.7386,21.0733,20.0768,19.5136,20.0663,19.9982,20.7587,20.0519,20.3068,20.769,20.9815,20.9805,20.559,20.4951,20.4235,20.9856,21.3877,20.8209,20.3955,20.0526,20.7177,21.4898,20.7178,20.6681,20.8314,20.6606,20.8175,19.7122,19.8275,20.0649,20.3051,20.8792,20.7393,19.8134,20.2118,19.6829,21.4052,19.9113,19.9714,20.8101,21.188,21.5103,19.5624,19.8314,19.9233,20.9578,22.1517,20.1521,20.2967,20.5411,20.4997,20.6279,20.0224,20.0452,20.4384,20.3288,21.0085,20.0147,20.3304,20.3767,21.1218,23.1626,20.6336,20.488,20.5376,20.76,21.2978,19.8432,20.2984,20.6376,21.0261,21.2236
690,4:14:15 PM,19.7233,19.8638,19.8923,20.1788,20.5663,20.5311,20.4496,20.8013,20.8316,20.7027,20.54,20.4761,20.5975,20.6723,20.7715,20.7304,20.891,20.7854,21.0333,21.4267,20.8067,20.7777,20.8651,20.7679,20.9611,19.8594,20.0165,19.6763,20.0819,20.321,20.6729,20.4459,20.9598,20.8915,21.3468,20.7858,20.5929,20.9215,20.5415,20.9093,20.908,20.8097,21.0881,21.3763,21.6477,21.0539,21.3034,21.0254,20.6081,21.1097,19.8512,19.4717,19.985,20.0411,20.5082,20.0449,20.4251,20.7791,20.9641,20.8127,20.5155,20.5217,20.4733,20.898,21.4211,20.8977,20.4139,20.1197,20.6787,21.4159,20.6099,20.8357,20.8082,20.8297,20.8456,19.6416,19.6663,20.0019,20.4299,20.736,20.4864,19.7853,19.9571,19.7832,21.0907,19.8775,20.2727,20.686,20.8454,22.0105,19.673,19.974,19.8724,21.6352,22.3158,20.4227,20.391,20.3526,20.2988,20.4672,20.0082,20.1971,20.252,20.402,22.1068,20.002,20.2246,20.4505,21.5466,22.7649,20.5765,20.2779,20.5299,20.7755,21.1926,20.0066,20.4349,20.5554,20.9259,21.3431
691,4:14:35 PM,19.6194,19.7475,20.0737,20.3882,20.626,20.5869,20.0201,20.7147,20.9637,20.8774,20.5048,20.3466,20.2698,20.5953,20.5201,20.6917,20.7312,21.0618,20.9851,21.6259,21.0297,20.8262,20.8029,20.7526,20.8863,19.9539,20.0306,19.8297,20.0184,20.3257,20.8113,20.6044,20.775,20.7899,21.3855,20.6262,20.6125,20.6404,20.5631,20.4949,20.8004,20.7744,20.9727,21.465,21.6342,21.143,21.2492,21.2137,20.7947,21.0766,19.864,19.547,19.9139,19.9462,20.5426,19.8508,20.4548,20.7794,20.9428,21.1333,20.6047,20.3997,20.3435,20.8288,21.3323,20.8302,20.464,20.0752,20.5586,21.698,20.3673,20.7949,20.7726,20.7302,20.7515,19.6895,19.5412,19.8532,20.3278,20.7055,20.6754,19.8036,20.4899,19.5415,21.0584,19.8244,20.2688,20.7925,21.1262,22.0821,19.7209,20.0217,20.226,21.2761,22.1858,20.3773,20.4558,20.3021,20.4075,21.0857,20.1586,20.0341,20.3785,20.4312,21.3002,20.1158,20.208,20.5902,20.9454,22.8744,20.49,20.0474,20.5555,20.6391,20.5183,19.7405,20.4065,20.6651,20.9766,21.4068
692,4:14:55 PM,19.7051,19.8788,19.7801,20.1267,20.5198,20.289,20.282,20.8339,21.0137,21.0163,20.5137,20.4897,20.3214,20.4803,20.5916,20.6556,20.6961,20.958,21.1149,21.4267,21.2883,20.9486,20.842,20.8416,20.9104,19.9932,20.163,20.0831,20.1143,20.5041,20.9863,20.5055,21.096,20.8868,21.4359,20.7668,20.5658,20.5914,20.6656,20.7577,20.7377,20.8451,21.0104,21.3367,21.5904,21.0536,21.3596,21.087,20.8088,21.0918,19.9646,19.814,19.8497,20.0237,20.6863,20.0968,20.4298,20.8471,20.9723,21.2503,20.5823,20.4009,20.4901,20.8988,21.6461,20.7716,20.3935,20.1294,20.581,21.1221,20.6188,20.8828,20.8511,20.7691,20.7031,19.7737,19.6656,20.0049,20.2578,20.8697,20.5676,19.7979,20.4379,20.044,21.5345,19.9802,20.1083,20.6639,21.0647,21.7963,19.8679,19.8973,20.077,20.7992,22.2024,20.3631,20.2744,20.3312,20.1312,20.3246,20.141,20.1951,20.4492,20.4405,21.0393,20.2695,20.4963,20.6288,21.5307,22.8612,20.5661,20.4302,20.6791,20.6891,20.8427,20.0628,20.5265,20.6969,21.0458,21.4646
693,4:15:15 PM,19.9224,19.9397,20.0099,20.2636,20.4421,20.5536,20.5517,20.8077,21.1087,21.0326,20.5475,20.4418,20.6296,20.599,20.6065,20.77,20.7879,20.8889,20.9254,21.3898,20.847,20.9594,20.8206,20.6833,21.0452,19.8661,20.2686,20.0073,20.0604,20.4182,20.9985,20.5873,20.9857,21.0189,21.6492,20.8318,20.5487,20.7764,20.7015,20.5291,20.7254,20.8076,20.9518,21.3907,21.4504,21.1482,21.1483,21.0974,20.7028,20.8871,19.9796,19.8758,19.8701,19.9075,20.5913,20.0244,20.5495,20.8718,21.044,21.1315,20.6855,20.5929,20.4033,20.809,21.2444,20.8116,20.391,20.0422,20.6559,21.2701,20.9105,20.7349,20.9451,20.7021,20.5891,19.8916,19.7703,19.984,20.2587,20.7489,20.6179,19.9619,20.2099,19.6483,21.2335,20.2193,20.4029,21.0438,21.2711,22.2229,19.9159,19.8039,19.93,20.9976,22.3147,20.3884,20.3119,20.2496,20.0601,20.4094,20.1388,20.0731,20.4671,20.4351,21.2158,20.1567,20.3644,20.5857,21.7796,21.9643,20.5102,20.2958,20.6646,20.849,21.077,19.8972,20.4466,20.4904,20.8411,21.1696
694,4:15:35 PM,20.0087,19.9434,20.0975,20.3264,20.4545,20.5084,20.6262,20.8177,21.0061,21.0502,20.5459,20.5256,20.345,20.3946,20.4757,20.863,20.8693,20.9258,21.0718,21.1265,21.1228,20.9136,20.9494,20.7059,20.9086,20.1534,20.1716,19.9424,20.0416,20.2651,20.7394,20.5593,21.0314,21.0902,21.2729,20.7654,20.6556,20.6771,20.4602,20.5753,20.7397,20.7846,21.0809,21.0934,21.5616,21.2399,21.1371,21.0782,20.6797,21.0286,19.9589,19.8774,19.8575,19.874,20.7615,20.2105,20.535,20.8454,20.9837,20.9747,20.6644,20.529,20.4412,21.1749,21.2853,20.5481,20.41,20.3022,20.618,21.3236,20.376,20.595,21.0023,20.821,20.8474,19.7513,19.9393,19.9786,20.2619,20.8072,20.6954,19.9203,20.1884,19.8667,21.2019,20.0735,20.3212,21.1218,21.2041,21.6202,19.7191,19.9437,19.8579,21.0267,22.3783,20.2329,20.2678,20.1929,20.0694,20.6473,20.0251,20.1237,20.4078,20.614,21.2201,20.1262,20.4473,20.5322,21.1052,21.5738,20.6234,20.2675,20.3795,20.4089,20.7371,20.0288,20.5572,20.6073,20.8966,21.1118
695,4:15:55 PM,19.975,20.0837,19.9191,20.4355,20.5928,20.4901,20.611,20.8308,21.0396,21.0563,20.5708,20.6496,20.4069,20.4288,20.7605,20.8788,20.7937,20.8334,21.0846,21.1051,20.9282,20.9357,20.8334,20.6248,20.9228,20.0654,20.1787,20.1151,19.8756,20.3452,20.9845,20.5736,21.0672,20.9838,21.4684,20.9295,20.4941,20.7295,20.6896,20.7633,20.7995,20.9034,21.1007,21.4052,21.4877,21.1665,21.1675,21.0841,20.7485,20.8281,19.8811,19.6215,19.9525,19.9175,20.6343,19.9746,20.5631,20.9765,20.9696,21.1392,20.5563,20.5612,20.3533,21.0777,21.3373,20.832,20.4618,20.3094,20.6813,21.2139,20.6429,20.6891,20.8257,20.4273,20.6068,19.6904,19.7025,19.8426,20.387,20.6546,20.7478,19.7152,20.1819,19.8564,21.2691,20.0242,20.4349,21.0488,21.201,21.9286,19.8576,19.7794,20.1213,20.9102,22.2482,20.1081,20.2358,20.1519,20.3147,19.9603,20.1427,20.1321,20.4978,20.4309,21.3365,20.1099,20.4088,20.5699,21.4514,22.5167,20.394,20.1733,20.3918,20.534,20.6992,19.8697,20.458,20.4569,21.0666,21.4899
696,4:16:15 PM,19.8354,19.7816,20.0221,20.2444,20.5141,20.6041,20.5665,20.7013,21.0088,20.9734,20.4827,20.4111,20.3101,20.5179,20.4154,20.8515,20.8606,20.8727,21.168,21.1139,21.0524,20.8408,20.8115,20.4432,20.7614,19.8348,20.3273,19.8811,20.0359,20.3721,20.8735,20.576,21.1432,20.9031,21.4255,20.7059,20.5763,20.6755,20.4661,20.5625,20.7105,20.8111,21.1216,21.3204,21.598,20.9309,21.2025,21.0685,20.6905,20.84,20.0586,19.6715,19.8426,19.9632,20.7655,20.1815,20.471,21.0908,21.2631,20.9815,20.6934,20.4355,20.4585,20.9264,21.3691,20.7005,20.48,20.176,20.4307,21.4618,20.2296,20.634,21.0185,20.59,20.6576,19.9301,19.7924,19.8997,20.2771,20.6989,20.5598,19.8884,20.4423,19.9082,20.9672,20.0868,20.2646,21.1547,21.0134,22.5624,19.6302,19.5674,19.6169,20.7379,22.342,20.0229,19.8008,20.283,20.3392,20.5638,20.1093,20.1537,20.5023,20.4966,20.8118,20.1044,20.3904,20.4864,21.0678,22.424,20.6235,20.3442,20.4471,20.6072,20.801,19.8428,20.448,20.4123,21.1343,21.3206
697,4:16:35 PM,19.9197,20.2144,19.8612,20.2737,20.4814,20.3568,20.3532,20.7676,21.0409,20.9176,20.5842,20.4955,20.587,20.4561,20.6473,20.8334,20.8588,20.7817,20.9691,21.0878,20.8573,20.8508,20.8973,20.2763,20.5471,19.9763,20.1311,20.0096,20.1116,20.2368,21.0376,20.6593,21.2021,20.9711,21.3853,20.7657,20.4733,20.8124,20.6164,20.5461,20.846,20.9039,21.0551,21.1889,21.5274,20.9876,21.1009,21.0543,20.6189,20.938,19.8556,19.8176,19.9175,19.8914,20.6435,20.3958,20.554,20.7979,21.0277,21.1528,20.6517,20.4477,20.3255,20.8566,21.6377,20.7483,20.4272,20.248,20.6637,21.2658,20.401,20.679,20.7349,20.688,20.8977,19.8346,19.7319,19.8657,20.2813,20.8565,20.6147,20.0614,19.8537,20.0731,21.0292,20.1895,20.414,21.1168,21.1846,22.1556,19.7063,19.7895,19.7312,20.7257,22.0534,20.0632,20.068,20.3529,20.2062,20.2486,20.0536,20.1311,20.4137,20.5359,21.5517,20.1814,20.3642,20.6528,21.6455,22.8526,20.7075,20.6925,20.6641,20.8455,20.7728,20.0624,20.4663,20.8211,20.8786,21.1075
698,4:16:55 PM,20.1002,20.0071,19.8492,20.1955,20.6041,20.3804,20.4595,20.7667,21.0658,20.9829,20.6244,20.4122,20.3254,20.2443,20.5597,20.6646,20.8812,20.8003,20.9645,21.2326,20.9851,20.7608,20.8489,20.6744,20.979,20.1225,20.0484,19.9479,20.0407,20.2983,20.8924,20.8122,21.1527,21.0503,21.3032,20.8488,20.59,20.761,20.6199,20.5957,20.7037,20.8464,20.9175,21.1539,21.4711,21.2394,21.1227,21.15,20.7158,20.826,19.8875,19.6505,19.8509,19.9553,20.7286,20.1461,20.5676,20.93,21.0964,21.0992,20.7034,20.3845,20.3318,20.9506,21.247,20.6744,20.4513,20.1525,20.7537,21.5185,20.2379,20.719,20.6015,20.8472,20.903,19.7267,19.7794,19.9809,20.3019,20.73,20.8222,19.9584,19.9671,19.9246,20.8581,20.227,20.4954,20.8572,20.9705,22.1234,19.8368,19.897,19.9088,21.0256,22.2784,20.0554,20.2633,20.1956,20.1435,20.7016,20.0494,20.1021,20.2602,20.1661,20.9424,20.0371,20.2846,20.5759,20.9305,22.3477,20.5249,20.3928,20.6176,20.8849,20.9031,20.0378,20.4255,20.8314,21.0179,21.2759
699,4:17:15 PM,20.0599,20.0468,19.9321,20.2357,20.4221,20.3163,20.7155,20.8987,20.9997,20.946,20.6702,20.474,20.3718,20.6212,20.6151,20.6598,20.8662,20.8954,21.0998,21.4286,20.9194,20.6043,20.8042,20.5714,20.9412,19.9391,20.1293,20.1286,19.8057,20.2733,20.9811,20.5646,20.9787,20.9695,21.2436,20.7303,20.6386,20.6799,20.555,20.8971,20.6648,20.7593,20.8559,21.3636,21.4879,20.8974,21.1447,20.9853,20.7683,20.9454,19.8792,19.823,19.8688,19.9146,20.7218,20.0114,20.4261,20.7225,21.0749,21.0787,20.4378,20.4627,20.5059,20.9744,21.3978,20.8768,20.5684,20.1535,20.7971,21.5381,20.2791,20.5673,20.829,20.8376,20.8164,19.7677,19.6879,19.8884,20.4936,20.7489,20.7032,19.9926,20.3688,19.9364,20.9868,20.0848,20.3523,20.9568,21.0243,22.5435,19.8453,19.7695,19.6041,20.6627,22.1204,20.0548,20.1839,20.1543,20.2646,20.3186,20.0637,20.1969,20.2923,20.4936,21.3582,20.0094,20.4452,20.8313,21.811,22.9809,20.6671,20.4842,20.6078,20.5919,20.6859,20.0353,20.4531,20.4607,21.0283,21.2259
700,4:17:35 PM,19.9604,20.1711,20.0655,20.2114,20.5091,20.4019,20.4864,20.7399,21.0063,21.0107,20.6829,20.5942,20.3101,20.4488,20.6694,20.6371,20.8662,20.7565,20.961,21.3021,20.8461,20.6413,20.944,20.5496,20.9023,19.9464,20.1273,19.9526,20.1877,20.2223,20.781,20.6356,21.028,21.1716,21.5478,20.7604,20.6534,20.6325,20.6834,20.5793,20.7298,20.8427,20.8726,21.3344,21.6554,21.0355,21.0447,21.1085,20.6414,20.8776,20.1394,19.8287,19.9842,19.9891,20.7246,20.2885,20.4914,20.865,21.1399,21.1947,20.5915,20.4005,20.3571,21.057,21.6764,20.6679,20.3954,20.2496,20.5926,21.3041,20.2387,20.6174,20.8137,20.7312,20.6822,19.919,19.6115,20.119,20.4951,20.802,20.7521,20.066,20.5482,19.8067,20.9019,20.3518,20.2811,20.9431,21.2779,22.7542,19.7387,19.8288,19.7019,20.5399,22.0106,19.9706,19.7118,20.1016,20.112,20.8525,20.2327,20.286,20.5406,20.5921,21.3163,20.111,20.4628,20.5034,21.4577,22.6512,20.6298,20.2319,20.6183,20.5756,20.7778,20.0419,20.4123,20.8138,21.1082,21.2529
701,4:17:55 PM,20.1223,20.2026,19.9311,20.2802,20.4571,20.6062,20.6229,20.6986,21.0496,21.0811,20.5542,20.4801,20.313,20.5881,20.5709,20.6966,20.8387,20.945,21.0621,21.4091,20.8321,20.5553,20.8508,20.7673,20.9462,19.8678,20.2865,20.1068,20.0734,20.3549,20.8663,20.5131,21.0448,20.9871,21.5371,20.7129,20.5307,20.7108,20.5894,20.954,20.9218,20.8732,20.977,21.2648,21.6336,21.112,21.1617,21.0813,20.8069,20.9516,19.9798,19.7179,19.9766,19.8362,20.8178,20.0624,20.3176,20.8661,21.1223,20.9153,20.3702,20.5302,20.4335,21.0447,21.535,20.5248,20.3395,20.1678,20.6586,21.4557,20.367,20.5773,20.8527,20.6719,20.6414,19.834,19.7846,20.0121,20.3471,20.7604,20.7988,19.8534,20.3444,19.9542,20.797,19.9468,20.392,20.7831,21.2152,22.4756,19.6964,19.7928,20.0854,20.8194,21.9538,20.0564,20.2669,20.1699,19.9797,20.097,20.1623,20.0913,20.4238,20.6064,22.1427,20.1118,20.4337,20.534,21.5415,22.894,20.4774,20.1002,20.4803,20.6637,20.9359,20.0357,20.5576,20.7939,21.1399,21.7369
702,4:18:15 PM,20.0629,19.9788,19.9254,20.2657,20.5047,20.4162,20.4069,20.8437,21.0738,20.987,20.6641,20.5783,20.5536,20.7846,20.4561,20.7162,20.9056,20.676,21.0615,21.2908,20.9357,20.5623,20.8334,20.7044,20.9838,19.8897,20.1352,19.8566,20.0806,20.3486,20.9974,20.5497,20.8243,20.9811,21.3772,20.7053,20.6136,20.6986,20.5074,20.6721,20.7941,20.9237,20.7737,21.2406,21.5264,20.9764,21.1184,21.0981,20.6933,20.8525,19.9359,19.5297,19.786,19.9747,20.83,19.9861,20.3589,20.7925,20.9392,21.0076,20.4991,20.6136,20.5182,21.008,21.2044,20.6122,20.3838,20.0979,20.6923,21.4047,20.5303,20.7364,20.9828,20.7787,20.8586,19.7917,19.6645,19.8666,20.3252,20.724,20.7026,19.7623,20.1762,19.5002,20.4664,19.9608,20.4466,20.7084,20.9703,22.6071,19.8615,19.6436,19.9033,20.5947,22.1735,20.0646,19.9205,20.2301,20.0044,19.9377,20.139,20.0613,20.4049,20.4047,21.5361,19.9357,20.3503,20.7409,21.2618,22.6013,20.4402,20.2754,20.7122,20.5728,20.6426,19.8312,20.3688,20.6879,21.1683,21.6426
703,4:18:35 PM,19.9241,20.0568,20.087,20.2277,20.5604,20.2709,20.3844,20.6981,20.9082,20.8666,20.7443,20.5617,20.4241,20.5569,20.6509,20.5394,20.9001,20.761,20.8574,21.4975,20.7143,20.5345,20.732,20.6688,20.9644,19.9289,20.2062,20.018,20.141,20.1904,20.725,20.6201,20.8004,21.1053,21.2399,20.6012,20.6399,20.7764,20.7846,20.7332,20.6887,20.8363,20.9303,21.4113,21.7186,21.0729,21.2018,21.007,20.6865,20.904,19.8344,19.736,19.8199,19.9002,20.691,20.1532,20.3748,20.7504,21.2248,21.1098,20.3789,20.4817,20.2388,21.0579,21.4699,20.6963,20.2942,20.3434,20.6233,21.4818,20.0317,20.5149,20.7705,20.6616,20.9484,19.6888,19.6223,19.9705,20.1568,20.8364,20.7087,19.879,20.2141,19.9078,20.5644,20.1881,20.2954,21.2522,21.4361,22.4981,19.812,19.8051,19.9421,20.7544,21.9342,20.1226,20.0878,20.1317,20.1489,20.2249,19.9875,20.1938,20.3684,20.5561,20.9992,20.0997,20.3635,20.4776,21.2431,22.5527,20.6322,20.3035,20.6878,20.8278,20.8213,20.0243,20.4178,20.5744,20.9926,21.643
704,4:18:55 PM,19.827,19.9553,19.9693,20.3151,20.4392,20.4969,20.4068,20.7706,21.0026,20.9139,20.6441,20.5522,20.2796,20.5077,20.6374,20.7772,20.7923,20.8445,21.1418,21.4661,21.101,20.6975,20.7416,20.6977,20.9053,19.9448,20.0982,20.0461,20.1166,20.463,20.4924,20.6097,20.8352,20.9118,21.1903,20.7725,20.7246,20.6919,21.0297,21.0524,20.8272,20.8944,20.9773,21.4121,21.6167,21.2122,21.0229,21.1299,20.5445,21.0134,19.9073,19.6171,19.9716,19.9271,20.7213,20.1401,20.5271,20.7844,21.0072,20.8308,20.5538,20.3636,20.2906,21.0112,21.3445,20.7333,20.347,20.1224,20.6114,21.2169,20.3246,20.6924,20.8004,20.6509,20.6981,19.879,19.9508,20.0409,20.4579,20.9456,20.717,19.8611,20.321,19.7875,20.8702,19.9859,20.4108,20.9449,21.0835,22.2351,19.6317,19.939,19.9859,21.0517,22.067,20.1467,20.3413,20.2376,20.276,20.4808,20.1026,20.1982,20.4798,20.4581,21.4882,19.949,20.4052,20.671,21.2827,22.4336,20.5732,20.2628,20.416,20.6898,21.0012,19.9399,20.3623,20.5767,21.0115,21.4861
705,4:19:15 PM,19.887,19.9239,19.8899,20.3987,20.4101,20.3919,20.3331,20.9133,20.9393,20.8776,20.7296,20.402,20.2582,20.5744,20.6201,20.5663,20.877,20.7662,21.0154,21.4044,20.9965,20.7858,20.8983,20.8379,20.9029,20.1029,20.1649,19.9283,20.2919,20.2259,20.9986,20.5009,20.9186,20.827,21.3067,20.8594,20.7096,20.7126,20.6973,20.8171,20.7491,20.8898,20.9339,21.2505,21.4971,21.2569,21.077,20.9118,20.5812,21.1418,19.9326,19.8111,19.7798,19.9722,20.7918,20.378,20.5343,20.8189,21.122,21.1974,20.555,20.4631,20.497,20.9583,21.0646,20.836,20.383,20.1283,20.5627,21.6588,20.2859,20.7086,20.6903,20.7258,20.5663,19.7957,19.604,19.9437,20.4606,20.8683,20.7061,19.8945,20.2209,19.7889,20.8081,20.1577,20.278,20.9687,21.4147,22.0783,19.7324,19.8696,19.8226,20.7036,22.151,19.9612,20.0141,20.3428,20.3425,20.474,20.1536,19.9688,20.3742,20.3883,21.5026,20.1859,20.2641,20.5882,21.4861,22.5799,20.6676,20.4611,20.5485,20.6695,20.9766,19.9653,20.4689,20.5624,21.1525,21.3722
706,4:19:35 PM,19.9165,19.8557,19.7964,20.3232,20.6315,20.4942,20.4974,20.8596,21.1141,20.9483,20.4852,20.3775,20.4005,20.5416,20.5704,20.7433,20.7874,20.7212,21.1363,21.3866,20.8226,20.7292,20.634,20.5955,20.916,20.0412,20.3279,19.9851,20.065,20.1997,20.8346,20.5698,20.9587,21.1542,21.2718,20.8702,20.6537,20.7096,20.734,20.87,20.7783,20.7486,20.9962,21.3174,21.6281,21.0947,21.1804,21.0864,20.4992,20.9933,19.853,19.5577,19.8977,19.8919,20.7619,20.1836,20.5335,20.9381,21.1293,21.1943,20.7282,20.5949,20.3987,20.9299,21.9276,20.8073,20.5062,20.202,20.5621,21.4184,20.2762,20.6719,20.9068,20.7044,20.9918,19.8701,19.8001,19.925,20.2329,20.7113,20.6254,19.7712,20.3426,19.9201,21.0166,20.2566,20.417,20.9384,21.4082,22.0789,19.6554,19.7587,20.143,21.1181,21.9331,19.9943,20.1639,20.289,20.1697,20.0688,20.2101,20.264,20.3438,20.5157,21.7645,20.073,20.347,20.572,21.9726,22.8987,20.6072,20.4266,20.632,20.6213,20.9019,19.8736,20.467,20.6272,20.9318,21.4579
707,4:19:55 PM,20.0583,19.9706,20.0005,20.3194,20.4003,20.5195,20.2997,20.7739,20.798,20.8209,20.6459,20.5218,20.5978,20.716,20.8463,20.5863,20.7271,20.9171,20.9711,21.4681,20.6589,20.9562,20.7641,20.7636,20.7374,19.8781,20.2794,20.0792,20.2736,20.4104,21.0091,20.593,21.0518,21.081,21.5169,20.7272,20.6831,20.9423,20.9201,21.0809,20.9306,20.8723,20.9566,21.38,21.6319,21.0949,21.1486,21.1649,20.643,20.9742,19.9513,19.5229,19.9277,20.043,20.5462,20.34,20.2445,20.7477,21.1041,20.964,20.5014,20.5449,20.3554,20.9467,21.3433,20.8141,20.3246,20.2666,20.7682,21.4996,20.0913,20.599,20.8676,20.7049,20.6083,19.9222,19.8432,20.0611,20.2854,20.6211,20.6551,19.8981,20.4151,19.7532,20.6782,20.2047,20.5334,20.9148,21.2986,22.1367,19.5631,19.7422,20.0194,20.7558,22.117,20.1121,20.0038,20.351,20.0823,20.3177,20.2447,20.1071,20.4362,20.3981,21.4718,20.2477,20.3389,20.519,21.2647,22.9435,20.6035,20.3501,20.5766,20.6459,20.9121,20.0874,20.4049,20.6495,20.8246,21.3
708,4:20:15 PM,19.9133,20.0506,19.8887,20.1409,20.47,20.5125,20.5217,20.6714,20.8403,20.7991,20.6959,20.4227,20.3824,20.3975,20.8037,20.6725,20.9055,20.9151,20.9742,21.5063,20.905,20.6264,20.8495,20.6132,20.8498,20.0957,20.3356,20.1683,20.292,20.5334,20.5225,20.6575,20.8902,21.0319,21.3851,20.7542,20.7722,20.6906,20.6902,20.8801,20.8606,20.8958,20.9312,21.1659,21.6299,21.1462,21.113,21.0967,20.5184,21.0411,20.0804,19.8169,20.0432,19.9231,20.7431,20.2787,20.5189,20.8633,21.1227,20.8085,20.5452,20.5653,20.2885,21.0227,21.5036,20.7978,20.5351,20.1268,20.4908,21.4153,20.2323,20.7767,21.0613,20.7221,20.6751,19.974,19.7416,20.1353,20.2781,20.7958,20.7018,19.9686,20.5364,20.0108,21.1446,20.1497,20.3695,21.0228,21.351,22.1645,19.6464,19.7563,19.8268,20.6631,21.9389,20.0112,19.8526,19.9071,20.0442,20.0255,20.2621,20.2015,20.1852,20.4331,21.1619,20.0407,20.4211,20.5951,21.3012,22.9376,20.8559,20.4598,20.8365,20.798,20.7816,19.9056,20.3771,20.6342,20.9775,21.2599
709,4:20:35 PM,19.9449,19.8976,20.0674,20.5082,20.6024,20.6164,20.5789,20.8548,20.8976,20.8616,20.8017,20.7187,20.4002,20.3728,20.5454,20.7421,20.8814,20.8257,20.9235,21.411,20.7947,20.5202,20.7742,20.5489,20.8768,19.9288,20.1701,20.0285,20.1943,20.3296,20.581,20.7248,20.9634,21.0603,21.4137,20.7801,20.6963,20.7058,20.6398,20.7079,20.7952,20.8277,21.0681,21.3428,21.5211,21.0113,21.3774,21.0699,20.5439,20.7921,19.8776,20.0332,20.0521,19.9103,20.7017,20.1507,20.3933,20.6718,21.0368,21.1545,20.5649,20.6084,20.4295,20.8683,21.734,20.7372,20.5306,20.1209,20.5365,21.3466,20.2777,20.3865,20.7114,20.7755,20.7751,19.9893,19.8353,20.1194,20.31,20.804,20.762,19.6254,20.1989,20.0884,20.8813,19.8905,20.4462,20.8585,21.6262,22.5959,19.6349,19.8252,19.6648,20.6151,21.9808,20.0913,19.999,20.411,20.1213,20.1542,20.2229,20.1796,20.4714,20.6263,21.3473,20.1219,20.3775,20.7861,21.2488,23.089,20.4897,20.4359,20.6645,20.6496,20.7698,19.7686,20.4922,20.6758,21.1584,21.1029
710,4:20:55 PM,19.9517,20.0329,19.9562,20.4301,20.4753,20.5502,20.5343,20.7377,20.9316,20.8774,20.626,20.5074,20.4957,20.3535,20.4078,20.5638,20.7946,20.8311,20.9697,21.4866,20.7272,20.3287,20.7869,20.486,20.8178,19.991,20.3594,20.0208,20.115,20.1751,20.8671,20.6353,20.8854,20.915,21.463,20.7128,20.7637,20.4271,20.3525,20.7472,20.649,20.8661,21.083,21.4319,21.5415,20.9994,21.1687,21.1614,20.5765,20.9406,20.2128,19.7641,19.9804,19.8314,20.5655,20.2519,20.4874,20.8694,21.0945,21.1053,20.5144,20.5024,20.3732,20.5014,21.8072,20.5963,20.357,20.1428,20.7145,21.2342,20.1114,20.7516,20.7613,20.597,20.7069,19.9918,19.8003,19.9188,20.304,20.7262,20.8204,20.0018,20.4798,19.8685,20.7317,20.1803,20.3194,21.0189,21.5032,22.4091,19.6657,19.6884,19.78,20.6752,21.876,20.2202,20.1717,20.0672,19.985,20.0375,20.3274,20.166,20.3658,20.4944,21.0465,20.0436,20.2988,20.5234,21.4609,22.5974,20.553,20.3019,20.4638,20.7165,21.0871,19.7599,20.3616,20.7036,20.8536,21.3884
711,4:21:15 PM,20.1049,20.2,19.939,20.2435,20.5223,20.3957,20.5295,20.8637,20.9179,20.8832,20.6492,20.5353,20.4547,20.363,20.4278,20.6112,20.6997,20.8619,20.8611,21.4547,20.7504,20.8003,20.7749,20.6062,20.7183,20.0088,20.3536,19.9957,20.0489,20.1192,20.9528,20.4893,21.0235,20.8834,21.3941,20.7968,20.6038,20.4922,20.4126,20.723,20.7948,20.7025,21.0094,21.2224,21.616,20.9564,21.0078,21.0345,20.704,20.8061,20.0934,19.6632,19.9395,19.7978,20.7032,20.1109,20.5846,20.7982,21.0707,21.1531,20.5338,20.5134,20.3891,20.7306,21.5313,20.695,20.3845,20.3299,20.6021,21.1996,20.2054,20.5333,20.8765,20.5702,20.6998,19.9046,19.8564,20.122,20.3367,20.682,20.7203,20.0426,20.352,19.8791,21.1672,20.0844,20.3854,20.9002,21.308,22.5743,19.7821,19.5014,19.679,20.6666,21.9047,20.1457,20.09,20.2722,20.2981,20.0854,20.0211,20.2489,20.3775,20.2983,21.1903,20.2067,20.4387,20.6371,21.0772,22.6583,20.6471,20.3454,20.6163,20.5977,20.6639,20.1608,20.6569,20.8048,20.9426,21.1127
712,4:21:35 PM,20.0123,20.193,20.0899,20.2882,20.5213,20.4888,20.2857,20.5886,20.7449,20.8611,20.5705,20.534,20.4854,20.4247,20.7454,20.7694,20.8653,20.8127,20.9527,21.3588,20.8649,20.5814,20.7829,20.4324,20.9276,19.9147,20.3239,20.0022,20.008,20.4144,20.7126,20.6033,20.7335,21.1346,21.3056,20.6608,20.6294,20.7682,20.8192,21.0295,20.7539,20.7626,20.9266,21.2891,21.4692,21.1608,21.1021,21.1789,20.6694,21.0367,19.9692,19.7188,20.0521,19.8779,20.7623,20.1512,20.462,20.8613,21.1054,20.9515,20.6681,20.4524,20.4399,20.8313,21.5692,20.5771,20.4876,20.3432,20.7226,21.3927,20.6449,20.6988,21.0479,20.6304,20.6423,19.8958,19.882,19.9412,20.3222,20.7814,20.7587,20.0598,20.2536,19.8007,21.3483,20.1142,20.4886,20.8761,21.3049,22.5367,19.7873,19.8293,20.0806,20.894,21.9284,19.9212,20.2272,20.3015,20.3306,20.4849,20.2386,20.1403,20.4882,20.4801,21.0358,20.1184,20.4418,20.7557,21.0365,22.6736,20.2693,20.3463,20.6237,20.5903,20.93,20.0871,20.4906,20.6941,21.012,21.3205
713,4:21:55 PM,20.0028,19.9516,19.8249,20.3341,20.4359,20.3969,20.3118,20.6291,20.8629,20.8077,20.5823,20.7161,20.3515,20.4488,20.8817,20.6317,20.936,20.9944,21.01,21.697,20.8621,20.6401,20.7279,20.586,20.807,19.7572,20.2626,20.1256,20.097,20.4032,20.6893,20.5938,20.8777,20.8066,21.3684,20.8871,20.5463,20.6931,20.7766,21.2015,20.8011,20.6985,20.9937,21.4651,21.529,20.9709,21.0199,21.1056,20.6956,20.8646,20.0886,19.5627,19.9435,20.022,20.7018,20.1763,20.466,20.7549,20.9718,21.1329,20.4614,20.5619,20.4371,20.7294,21.7696,20.7748,20.5636,20.1409,20.5922,21.3684,20.2999,20.651,20.7633,20.7929,20.7378,19.6616,19.7098,20.1535,20.3781,20.7798,20.5193,19.743,20.4376,19.7046,21.4388,19.9402,20.3063,20.6948,20.9055,22.6038,19.492,19.6161,19.5449,20.9317,21.6702,20.1073,20.3409,20.1523,20.2325,20.6416,20.2801,20.2202,20.4625,20.4032,21.3055,20.0027,20.1467,20.6709,20.8415,23.0712,20.3131,20.2217,20.563,20.5727,20.8177,19.6794,20.4453,20.5478,21.2206,21.2741
714,4:22:15 PM,19.9014,19.9178,19.8405,20.2691,20.333,20.3566,20.4631,20.7029,20.8631,20.7107,20.5511,20.4298,20.4342,20.594,20.7574,20.7265,20.744,20.9083,20.9901,21.5688,20.6633,20.6529,20.8842,20.5768,20.6884,20.0387,20.2727,19.8814,20.0,20.5091,20.9226,20.5105,20.8954,20.9403,21.4838,20.6504,20.6875,20.6706,20.8547,20.843,20.7244,20.8229,21.0663,21.3893,21.8204,20.9965,21.143,21.0233,20.7066,20.804,19.7959,19.7235,20.0353,19.9427,20.6569,20.115,20.515,20.7654,20.8263,21.6432,20.3993,20.4755,20.3983,20.9284,21.6449,20.708,20.2792,20.2439,20.6824,21.4865,20.2105,20.5512,20.8145,20.7708,20.9065,19.7822,19.6908,20.0808,20.2895,20.818,20.6827,19.8741,20.5111,19.8778,21.6178,20.0555,20.3346,20.8364,21.3401,22.4317,19.6294,19.6809,19.8433,20.7671,21.9934,20.0281,20.301,20.2064,20.2344,20.3401,20.1416,20.0847,20.46,20.3162,20.8609,20.0502,20.4753,20.593,20.9496,22.2048,20.6797,20.5004,20.5217,20.5445,20.3999,19.8552,20.5361,20.2502,20.9344,21.2398
715,4:22:35 PM,19.9074,19.9687,19.7891,20.2651,20.4798,20.527,20.3688,20.7805,20.7617,20.6348,20.5061,20.315,20.2316,20.5249,20.9037,20.6768,20.7058,20.7546,20.8338,21.5968,20.7882,20.9183,20.839,20.8234,20.9127,20.0453,20.2545,19.7079,20.3273,20.3498,20.7544,20.3316,20.8139,21.0404,21.5755,20.6563,20.7403,20.7055,20.9217,21.0953,20.856,20.8183,21.137,21.4884,21.8021,20.9366,21.1978,21.0293,20.7478,21.07,20.0758,19.6685,19.7778,19.8573,20.7149,20.334,20.4965,20.8636,21.1435,20.8579,20.611,20.5606,20.3943,20.9871,21.364,20.5037,20.4396,20.1482,20.7303,21.3862,20.1482,20.5418,20.9853,20.8379,20.7365,19.8646,19.7144,20.0944,20.4411,20.8311,20.6079,19.8282,20.2284,19.7244,21.3176,19.9695,20.2973,20.8012,21.199,22.6815,19.6119,19.7732,19.8262,20.6012,21.9942,20.0148,20.0577,20.1456,20.2041,20.2702,20.1805,20.1363,20.4552,20.277,21.1199,20.1591,20.2377,20.5454,21.1006,22.7804,20.4121,20.109,20.7274,20.4514,20.6847,19.8585,20.445,20.5397,21.0648,21.3442
716,4:22:55 PM,20.0038,20.0519,20.0724,20.4268,20.5739,20.4685,20.6179,20.7519,20.8496,20.6579,20.6166,20.4313,20.2884,20.5567,20.6683,20.6684,20.9029,20.9218,20.9619,21.5564,20.864,20.6438,20.6965,20.775,20.8881,19.9728,20.1873,20.3102,20.4618,20.5743,20.7817,20.4741,20.9443,21.0092,21.3013,20.8056,20.689,20.5831,20.5245,20.886,20.8502,20.889,20.7968,21.3084,21.6638,21.0169,21.2492,21.1207,20.5951,20.9136,20.1012,19.7253,20.0521,20.1112,20.6631,20.1777,20.4206,20.8519,21.1896,21.248,20.8111,20.4287,20.2913,20.9686,21.647,20.9394,20.4583,20.0726,20.6194,21.4417,20.6417,20.7875,20.9267,20.6934,20.8719,19.9162,19.6142,19.9764,20.4089,20.7075,20.6414,19.9007,20.271,19.799,21.0427,19.9988,20.3698,20.8753,21.5475,22.6946,19.6307,19.6665,19.726,20.794,22.1975,19.9795,19.7728,20.3623,20.1897,20.234,20.1395,20.2181,20.5746,20.5538,21.5892,20.1882,20.4218,20.6374,21.3064,22.7255,20.5422,20.2877,20.3867,20.6952,20.6367,19.8198,20.387,20.7339,20.9812,21.2967
717,4:23:15 PM,19.987,20.0546,19.985,20.299,20.4996,20.4438,20.4722,20.7083,20.6755,20.7422,20.5041,20.5656,20.2794,20.3805,20.9619,20.7007,21.0084,20.7848,20.9722,21.5264,20.7544,20.8044,20.7184,20.6886,20.704,19.9662,20.0734,20.0386,20.237,20.4704,20.7831,20.5727,20.9392,21.0718,21.4445,20.6595,20.6712,20.681,21.0803,20.9822,20.6538,20.8028,20.9266,21.202,21.6749,20.8855,21.1846,21.2545,20.4781,20.8299,19.924,19.5742,19.8684,19.8432,20.6912,20.0202,20.6587,20.7999,21.1081,20.948,20.5337,20.4469,20.3838,20.8723,21.5043,20.6119,20.433,20.2037,20.6069,21.2356,20.11,20.613,20.6828,20.5669,20.8084,19.8289,19.7089,19.993,20.2151,20.7602,20.4879,19.8663,19.8964,19.7689,20.9348,19.996,20.3987,20.8076,21.276,22.6509,19.6143,19.7447,19.7589,20.629,21.9821,19.9016,19.5554,20.1452,19.8281,20.1506,19.9809,20.1656,20.3093,20.4316,21.5042,20.2976,20.227,20.5978,21.0093,22.9108,20.6402,20.4566,20.5585,20.734,20.8199,20.0386,20.4954,20.606,20.9294,21.4002
718,4:23:35 PM,19.9533,19.921,20.0365,20.412,20.5519,20.5777,20.3965,20.8554,20.716,20.5382,20.5649,20.6087,20.3274,20.4405,20.8686,20.6717,20.6624,20.8632,21.0338,21.3937,20.6375,20.5657,20.7878,20.5358,20.9683,20.2478,20.2054,20.1251,20.0987,20.4448,20.7733,20.5768,20.8139,21.0379,21.501,20.7364,20.6339,20.6213,20.8457,21.0939,20.7789,20.9298,21.0705,21.4865,21.7064,21.0139,21.2154,21.1241,20.6865,20.8576,19.9924,19.8473,20.0601,20.0673,20.7436,20.3287,20.4541,20.8512,21.1831,21.143,20.5506,20.5058,20.3128,20.8961,21.4621,20.5034,20.2705,20.232,20.7356,21.2194,19.9432,20.457,20.7028,20.8023,20.8676,19.8383,19.761,20.0254,20.3318,20.7089,20.7299,19.9306,19.9798,19.881,20.7906,19.9662,20.231,20.9801,21.0716,22.0386,19.5329,19.703,19.6196,20.5211,21.8587,19.9359,19.7298,19.8899,20.1596,19.9952,20.1784,20.0703,20.3624,20.4154,21.1958,20.1735,20.4282,20.7302,21.2342,23.2485,20.5591,20.4374,20.8032,20.6281,20.6875,20.0956,20.1996,20.6023,21.2087,21.3247
719,4:23:55 PM,19.9627,19.8708,20.1815,20.3772,20.6917,20.6061,20.4075,20.9159,20.75,20.7375,20.5081,20.503,20.2747,20.5607,20.8002,20.5408,20.6789,20.7941,20.932,21.4141,20.7029,20.7852,20.6147,20.1863,20.8123,20.1373,20.2829,20.0107,20.032,20.4641,20.6444,20.5718,20.7936,21.0911,21.2342,20.6921,20.5578,20.6816,20.5695,20.6118,20.8337,20.8543,20.9877,21.2837,21.7372,20.9468,21.164,21.1608,20.7335,20.9546,19.9741,19.6829,19.8626,19.8848,20.6162,20.2823,20.3477,20.7756,21.1218,20.8516,20.5136,20.5421,20.5304,20.8059,21.4533,20.6475,20.3617,20.0147,20.6753,21.089,20.0906,20.3204,20.9787,20.6466,20.804,19.9588,19.7203,19.926,20.4025,20.668,20.7017,19.9247,20.0227,19.76,20.6783,20.128,20.4162,20.9304,21.1406,22.3686,19.8132,19.7037,19.6167,20.8543,22.0833,19.9896,19.8274,20.0611,19.9659,20.3443,20.1823,20.1498,20.3697,20.2437,21.2028,20.0647,20.317,20.5318,21.0187,23.0776,20.6563,20.3515,20.5583,20.593,20.6364,20.1293,20.4506,20.5413,21.2064,21.3489
720,4:24:15 PM,19.9518,19.8907,19.9809,20.4713,20.5732,20.4556,20.3338,20.9479,20.8582,20.8621,20.6039,20.7087,20.1371,20.5165,20.6755,20.6959,20.613,20.7687,20.9948,21.4028,20.6144,20.467,20.6464,20.7775,20.8812,19.9821,20.1768,20.0669,20.1725,20.3605,20.951,20.4585,20.8985,20.7694,21.3685,20.8768,20.5391,20.5355,20.5162,20.6658,20.6448,20.8049,20.8223,21.2423,21.5165,21.0061,21.11,21.0799,20.6524,20.9765,19.9017,19.6005,19.9584,19.9317,20.7889,20.1135,20.5925,20.841,20.9117,20.8709,20.4723,20.5919,20.3664,20.9992,21.6605,20.5447,20.5425,20.2103,20.6378,21.1896,20.2327,20.4773,20.6878,20.7458,20.9905,19.7572,19.7038,19.9083,20.103,20.7219,20.6629,19.7227,20.2812,19.7888,20.7598,20.0582,20.5404,20.743,20.9772,22.8356,19.7582,19.7422,19.8853,20.6345,21.7917,20.1324,19.7686,20.0976,19.831,20.2356,20.0785,20.2275,20.3332,20.4687,21.359,20.0675,20.1932,20.4546,21.0115,22.9101,20.6059,20.2188,20.5687,20.4619,20.8378,20.0431,20.3739,20.6149,20.994,21.3737
721,4:24:35 PM,19.8305,20.0108,20.0481,20.3793,20.5827,20.4452,20.4556,20.6925,20.9104,20.6998,20.4948,20.6088,20.3752,20.5607,20.7248,20.5483,20.8077,20.6924,20.9953,21.4316,20.6663,20.7773,20.736,20.5772,20.9945,20.0492,20.1932,19.9658,20.0389,20.2759,20.9987,20.7364,20.8512,21.1068,21.5149,20.7902,20.8359,20.7478,20.9171,21.3425,20.6867,20.9492,21.0638,21.4942,21.7333,20.8834,21.2048,21.0755,20.6415,20.9314,19.9613,19.646,19.8917,19.8609,20.773,20.3376,20.4567,20.7308,21.1478,20.8803,20.4863,20.5475,20.273,21.1259,21.3621,20.6492,20.1949,20.0711,20.4805,21.1343,20.392,20.5472,20.8214,20.8249,21.1816,19.7373,19.7013,19.9796,20.169,20.8298,20.6993,19.8746,20.4478,19.8277,20.64,19.9863,20.4113,20.7363,21.0983,22.4406,19.5704,19.6801,20.031,20.3655,22.0113,19.6538,19.9836,20.179,20.0512,20.1488,20.118,20.1107,20.3326,20.4861,21.7166,19.8563,20.2821,20.383,21.1193,22.6547,20.6175,20.4907,20.6593,20.6139,21.2881,19.8174,20.3247,20.324,20.7527,20.9603
722,4:24:55 PM,19.9131,19.969,20.0332,20.2202,20.3785,20.2751,20.5414,20.7526,20.7922,20.8369,20.4684,20.421,20.3226,20.5324,20.8244,20.6656,20.7983,20.8603,21.0188,21.3675,20.6909,20.6291,20.6413,20.6138,20.8725,20.1066,20.1991,20.0048,20.0636,20.2231,20.9209,20.5862,20.7847,20.9197,21.3489,20.8221,20.6398,20.7688,20.9126,20.949,20.6804,20.7436,20.9373,21.377,21.4393,21.1156,21.1043,21.0446,20.6174,20.8856,19.989,19.7903,20.0621,20.063,20.6609,20.2759,20.5308,20.8126,20.9284,20.9171,20.5239,20.4999,20.253,21.0312,21.3853,20.8421,20.21,20.1528,20.4602,21.2078,20.2723,20.7805,20.8484,20.6712,20.8992,19.8581,19.8669,19.8818,20.292,20.7756,20.6467,19.7024,20.2983,19.8736,20.8249,19.9866,20.4083,20.9112,21.0011,22.4975,19.5297,19.7039,19.7914,20.6546,21.8662,19.9921,19.8742,20.0669,19.8362,20.6972,20.141,20.2512,20.4303,20.4614,21.552,20.2127,20.38,20.5939,21.0812,22.9194,20.5792,20.1869,20.4997,20.4987,20.7549,19.877,20.2324,20.1668,21.18,21.2495
723,4:25:15 PM,19.9364,20.0149,19.9398,20.4126,20.5359,20.4869,20.3326,20.7638,20.8518,20.8453,20.5314,20.452,20.4925,20.5902,20.6928,20.4409,20.7316,20.7379,21.0709,21.444,20.8693,20.6589,20.6966,20.5931,20.8949,19.931,20.1973,19.9373,20.1175,20.3057,20.7875,20.4484,20.9374,20.8841,21.3449,20.7744,20.6312,20.7557,20.9867,20.8682,20.9567,20.7919,20.9286,21.3268,21.4796,20.9687,21.1271,21.156,20.6781,20.8005,19.9999,19.4741,19.8661,19.9426,20.6072,20.1565,20.4358,20.9369,20.9512,20.9505,20.3981,20.4215,20.2037,21.1135,21.416,20.6336,20.3599,20.1267,20.7299,21.0193,19.965,20.6152,20.5608,20.7833,20.7804,19.7436,19.6718,19.8729,20.3371,20.7363,20.6292,19.7652,20.2596,19.6509,20.6517,20.0148,20.3528,20.6382,21.0163,22.7827,19.6778,19.6457,19.6519,20.5275,21.7069,19.9282,19.7206,20.0981,20.0127,20.2813,20.0997,20.1489,20.4767,20.3845,21.2395,20.3371,20.4547,20.5548,20.9659,21.8776,20.3912,20.1995,20.5357,20.3997,21.1036,19.7748,20.3149,20.6394,21.0628,21.2816
724,4:25:35 PM,20.043,20.1431,19.9475,20.2355,20.4801,20.3047,20.314,20.6818,20.8685,20.8056,20.6969,20.4699,20.6218,20.6974,20.5637,20.5535,20.8389,20.9421,20.985,21.3561,20.6664,20.5475,20.7106,20.4472,20.7663,20.0013,20.2935,20.0506,20.1316,20.255,20.9369,20.3543,20.9907,20.7547,21.5172,20.8476,20.8469,20.5912,20.7157,20.6074,20.6294,20.7358,21.0324,21.4723,21.5272,21.063,20.9619,21.0342,20.5558,21.0474,20.0747,19.7197,19.9327,19.9671,20.587,20.1416,20.4321,20.9007,21.0393,21.0472,20.3734,20.503,20.3162,21.0018,21.6559,20.6013,20.2784,20.1367,20.6033,21.1492,20.2335,20.5567,20.8063,20.84,20.8834,19.8,19.7441,19.9221,20.293,20.6398,20.6327,19.9161,20.4063,19.756,20.8305,20.1003,20.2057,21.0083,21.1858,22.3946,19.667,19.6566,19.882,20.9723,21.7148,20.0081,20.0635,20.2149,20.0888,20.2942,20.0407,20.2025,20.4341,20.3921,21.4762,20.1805,20.3907,20.4658,21.2378,22.4707,20.5902,20.3539,20.5839,20.7066,20.9484,19.8567,20.4265,20.6378,20.9352,21.2788
725,4:25:55 PM,20.003,20.006,19.849,20.2535,20.4021,20.408,20.2658,20.5139,20.7349,20.8872,20.5826,20.5915,20.4198,20.55,20.6788,20.5631,20.6513,20.7687,21.002,21.6388,20.7171,20.5638,20.5763,20.3751,20.8712,20.112,20.1912,19.9943,19.9296,20.4611,20.6278,20.5355,20.8949,20.8643,21.3153,20.8519,20.7055,20.6337,20.7395,21.0036,20.9459,20.6341,21.0758,21.2835,21.6544,20.9676,21.0935,21.1439,20.8261,20.987,20.1442,19.7574,19.8676,19.7993,20.5985,20.1006,20.5266,20.8806,21.1657,20.8699,20.3909,20.297,20.4077,20.8854,21.4767,20.5776,20.4296,20.1501,20.7232,21.2168,19.9647,20.6089,20.6894,20.646,20.8704,19.8111,19.7579,20.0599,20.3325,20.9238,20.5673,19.7619,20.1628,19.8162,21.2692,20.0138,20.3144,21.1402,21.4562,22.5816,19.599,19.8901,19.6145,20.6863,21.7761,19.9526,19.8386,19.7602,20.2107,19.9514,20.2227,20.2058,20.4432,20.5094,21.3351,20.209,20.3798,20.472,21.2109,21.8695,20.5985,20.3543,20.4576,20.5798,20.8363,19.6619,20.4229,20.5084,21.0372,21.399
726,4:26:15 PM,19.978,20.0732,20.0266,20.0992,20.5162,20.4114,20.1687,20.5052,20.6602,20.5529,20.6924,20.4924,20.2721,20.5019,20.732,20.7067,20.6799,20.8148,21.0274,21.4513,20.727,20.6029,20.6535,20.3861,20.8369,19.8944,20.1619,20.0109,20.114,20.3275,20.5921,20.3687,20.8665,21.1959,21.4927,20.7857,20.5246,20.9459,21.1819,21.1627,20.8122,20.8863,21.0,21.3242,21.6422,20.8759,21.0627,21.0307,20.6569,20.8505,20.0873,19.6,20.0236,19.9548,20.7712,19.9848,20.3541,20.7344,21.1317,21.2218,20.3384,20.3933,20.3395,20.7628,21.5105,20.7995,20.4114,20.3521,20.5723,21.1455,20.2532,20.6065,20.9343,20.6451,20.8068,19.7163,19.7108,20.0966,20.3328,20.7742,20.9021,19.7627,20.4165,19.777,20.8609,19.9616,20.3472,20.8429,21.1986,22.6964,19.8146,19.8016,19.9794,20.6074,21.6726,20.0451,20.1839,20.1158,20.1974,20.1728,20.1606,20.2984,20.3957,20.3573,20.8258,20.2254,20.2895,20.5407,21.2674,22.4533,20.4788,20.2205,20.5732,20.5232,21.0683,20.0512,20.5216,20.6349,20.9072,21.3474
727,4:26:35 PM,20.0023,19.9831,20.0596,20.2203,20.6505,20.5243,20.3609,20.5589,20.5663,20.6789,20.71,20.5318,20.3549,20.4309,20.8237,20.4637,20.8436,20.8711,20.9799,21.4534,20.8258,20.655,20.5978,20.4902,20.7979,20.027,20.1995,19.9804,20.2448,20.2741,20.6278,20.4035,20.9555,20.866,21.4126,20.8052,20.7466,20.6031,20.9104,20.9617,20.8113,20.7346,20.9195,21.4242,21.641,21.0373,21.1275,21.2247,20.6286,20.9751,20.0221,19.7727,20.0325,19.9448,20.5853,20.1517,20.4453,20.7113,21.0937,21.151,20.4981,20.4565,20.3941,20.8914,21.5312,20.8212,20.4319,19.9574,20.6688,21.2174,20.3459,20.6204,20.7836,20.7938,21.2021,19.8588,19.6354,19.8961,20.4155,20.749,20.5701,19.9112,20.1652,19.8105,21.0432,20.0015,20.3337,20.6871,21.0733,22.5287,19.5641,19.7222,19.5035,20.7758,21.523,19.9984,20.034,19.9196,20.2471,20.12,20.1481,20.2388,20.4721,20.5416,21.4593,20.2475,20.4331,20.5444,21.2765,22.8485,20.3346,20.3975,20.6178,20.5104,20.8369,20.0306,20.608,20.5778,20.8869,21.1666
728,4:26:55 PM,19.7765,19.8913,19.8231,20.3672,20.4272,20.434,20.3924,20.8031,20.5902,20.5907,20.626,20.4182,20.2826,20.4281,20.7729,20.5585,20.8429,20.6495,20.9856,21.6298,20.8907,20.8092,20.6915,20.5619,20.7331,19.9826,20.2127,19.7949,20.1918,20.3891,20.5923,20.4914,20.8792,21.0867,21.4153,20.7262,20.6607,20.7222,20.6079,21.1891,20.7134,20.7062,20.9524,21.2978,21.5828,20.9864,21.1885,21.0327,20.6671,20.9821,20.0784,19.8215,20.0081,19.9084,20.5042,20.0511,20.441,20.8884,21.1297,21.1053,20.6266,20.4501,20.3315,20.9434,21.6132,20.8219,20.4792,20.1543,20.6073,21.5271,20.5096,20.5922,21.0394,20.5758,20.7934,19.9698,19.6836,20.1111,20.4029,20.6596,20.7402,19.7703,20.2298,19.879,20.9926,20.1344,20.2678,20.8516,20.8044,22.2118,19.7521,19.8411,19.8247,20.7672,21.7982,20.0493,20.0361,20.308,20.3304,20.2503,20.3314,20.2076,20.5325,20.4423,21.0129,20.0859,20.2208,20.6803,21.1657,22.864,20.4994,20.4264,20.7285,20.5901,20.6001,19.9985,20.5046,20.55,20.7031,21.3526
729,4:27:15 PM,19.7429,20.1103,19.8558,20.1566,20.6102,20.5637,20.5026,20.6633,20.5913,20.6534,20.6762,20.2493,20.3476,20.3918,20.9194,20.5507,20.866,20.9401,21.0137,21.4352,20.8521,20.8144,20.7648,20.2993,20.9102,19.9645,20.0039,20.0643,20.1513,20.2962,20.4311,20.5662,20.7072,21.1,21.4659,20.7233,20.6101,20.6369,20.7241,20.7713,20.7206,20.5956,20.9429,21.1745,21.5937,21.0553,21.1737,21.0643,20.7544,21.049,19.9111,19.7442,20.0327,20.0268,20.5437,20.0506,20.346,20.7511,20.9047,20.9266,20.5125,20.4745,20.3322,20.7681,21.4662,20.6924,20.4297,19.9559,20.4685,21.0487,20.1938,20.659,20.7457,20.6354,20.7725,19.7317,19.6155,19.7385,20.31,20.7871,20.7095,19.7063,20.4684,19.6885,21.1852,20.1337,20.3576,20.6495,20.9268,22.0161,19.7908,19.737,19.8871,21.14,21.8663,19.8477,20.1218,20.1988,20.0392,20.2673,20.1237,20.0816,20.4559,20.7504,22.3791,20.0793,20.4787,20.5543,21.9664,23.0284,20.3762,20.2231,20.6188,20.4062,21.1007,19.8373,20.367,20.7632,20.8917,21.1987
730,4:27:35 PM,19.7135,19.7719,19.8311,20.2716,20.5676,20.3993,20.2413,20.7248,20.8584,20.8474,20.5951,20.5544,20.3039,20.5624,20.8174,20.8171,20.7388,20.9871,21.054,21.4622,20.8814,20.6768,20.8476,20.4893,20.9748,20.066,20.1615,19.8276,19.8944,20.2095,20.764,20.38,20.9896,20.8971,21.2765,20.7365,20.6817,20.6823,20.5378,20.6059,20.717,20.7304,21.0477,21.3209,21.638,20.9635,21.1554,21.1505,20.6536,20.9682,19.8717,19.6088,19.7526,19.9767,20.6732,20.1426,20.4663,21.0006,21.0303,21.0749,20.4813,20.4149,20.4229,20.7372,21.6059,20.8481,20.4106,20.1459,20.5403,21.4167,20.1612,20.5768,20.7745,20.7215,21.0433,19.7731,19.6819,20.0602,20.2587,20.6268,20.7135,19.8,19.9957,19.8403,21.2903,20.0241,20.3078,20.6307,20.9621,21.7795,19.6993,19.8184,19.7522,20.8305,21.7625,20.0579,20.0159,19.9805,20.1495,20.2271,20.0513,19.985,20.4444,20.3083,21.3639,19.9947,20.3698,20.5475,21.1332,22.7905,20.4146,20.2678,20.5098,20.6015,20.6387,20.0958,20.4519,20.5807,20.9421,21.3127
731,4:27:55 PM,19.9174,19.8405,19.8727,20.1266,20.4431,20.4845,20.527,20.6961,20.898,20.8906,20.387,20.4694,20.3129,20.3371,20.7893,20.5481,20.6445,20.9633,20.8183,21.4679,20.8762,20.6733,20.6524,20.6984,21.0272,19.9943,20.1226,19.9046,20.0105,20.3793,20.8499,20.4263,20.9091,20.9651,21.4402,20.6308,20.6566,20.7746,20.8435,20.9161,20.793,20.8111,20.989,21.2839,21.7585,21.0302,21.099,21.206,20.6103,20.9303,19.973,19.5408,19.8205,19.9499,20.6652,19.9879,20.4085,20.6915,20.9366,20.9316,20.3392,20.5626,20.2491,20.8395,21.406,20.6424,20.3398,20.2071,20.5713,21.7381,20.3531,20.6335,20.8722,20.7093,20.7902,19.6647,19.6058,20.1068,20.1188,20.5868,20.761,19.8302,19.967,19.813,20.9611,20.1069,20.0643,20.8561,21.0252,22.4075,19.5956,19.8314,19.5267,20.8728,21.8888,20.063,20.0253,20.3183,19.8922,20.6997,20.144,20.1193,20.4988,20.4416,21.2072,20.0226,20.3225,20.5271,21.174,22.9478,20.4094,20.384,20.6915,20.5212,20.6448,19.8023,20.3878,20.2652,20.7902,21.2529
732,4:28:15 PM,19.8681,20.0789,19.9842,20.2834,20.6046,20.4175,20.5565,20.7878,20.8513,20.8833,20.5334,20.403,20.4906,20.7397,20.8285,20.6402,20.8301,20.8847,21.0036,21.4965,21.0562,20.5877,20.813,20.5371,20.8753,19.9729,20.1072,19.9935,20.1475,20.3834,20.6873,20.4111,20.9655,20.9767,21.4755,20.8739,20.8452,20.7062,21.0458,21.2468,20.7184,20.7892,21.0144,21.3744,21.6962,21.0881,21.1388,21.2003,20.7204,21.1951,19.9321,19.5608,20.1224,19.8669,20.8378,20.101,20.5632,20.9017,20.9982,20.9464,20.314,20.4873,20.4231,20.8258,21.638,20.7566,20.3522,20.1632,20.6126,21.3388,20.3868,20.7397,20.791,20.5951,20.7785,19.8454,19.6155,20.056,20.2586,20.7734,20.6001,19.9455,20.3069,19.7444,20.9212,19.9491,20.175,20.7065,20.9954,22.2409,19.6727,19.7191,19.9248,20.6732,21.8746,20.22,20.1066,20.2784,20.3007,20.1218,20.1215,20.0537,20.2138,20.411,21.5054,19.9691,20.2746,20.6524,21.3846,22.396,20.5616,20.3311,20.6174,20.6428,20.624,20.038,20.4737,20.4345,21.0516,21.1064
733,4:28:35 PM,19.9023,19.9946,20.0153,20.404,20.5091,20.4518,20.5641,20.7325,20.7713,20.7419,20.6376,20.5349,20.3083,20.6408,20.8358,20.6215,20.7034,20.825,20.947,21.4,20.6181,20.678,20.6317,20.4866,20.8447,19.9311,20.209,20.0366,20.1839,20.4441,20.7506,20.6858,21.0146,20.9273,21.4145,20.6915,20.5314,20.7281,20.8966,21.051,20.827,20.8958,21.1023,21.3271,21.574,21.1796,21.1953,21.0052,20.6978,21.0665,19.9399,19.6289,19.8551,19.876,20.7326,20.1608,20.5908,20.8059,21.0326,21.1531,20.4329,20.5958,20.4217,21.0333,21.6108,20.7949,20.2403,20.0776,20.5469,21.2803,20.1815,20.6177,20.9064,20.7663,20.9156,19.7012,19.7511,19.881,20.4652,20.7826,20.4654,19.7386,20.4758,19.6967,20.9663,20.049,20.3867,20.6151,21.0697,21.9248,19.6241,19.8178,20.0788,20.6349,22.1385,19.9785,19.971,20.0889,19.9701,20.4374,20.2073,20.1469,20.4509,20.2212,20.875,20.0506,20.3307,20.4394,21.0846,22.2519,20.6458,20.3694,20.7012,20.8704,21.0347,19.8985,20.344,20.5181,21.0088,21.1544
734,4:28:55 PM,19.9361,19.8522,20.1143,20.2937,20.5047,20.5546,20.6714,20.7987,20.7923,20.6445,20.7077,20.5278,20.4231,20.5115,20.8416,20.6096,20.7682,20.9125,20.9488,21.4256,21.0047,20.7765,20.7208,20.5393,20.98,20.1014,20.2574,20.039,20.2443,20.4758,20.5952,20.6867,21.0493,21.1998,21.4129,20.7302,20.5208,20.7396,20.7373,20.832,20.8347,20.8269,21.2578,21.3902,21.651,20.8976,21.1179,21.024,20.6455,21.0315,19.8956,19.6458,19.8109,19.9134,20.6295,20.0931,20.4307,20.7211,21.014,20.984,20.5431,20.6306,20.2632,21.0547,21.821,20.8957,20.2715,20.0952,20.7232,21.4546,20.2097,20.5101,20.7343,20.5796,20.9079,19.6736,19.6208,19.9571,20.554,20.8268,20.5878,19.9795,20.3806,19.9467,20.9039,20.1033,20.5232,20.9626,21.0405,22.2968,19.7606,19.7147,19.8101,20.7811,22.0964,20.0601,20.0406,19.9997,20.0697,20.4741,20.3244,20.0461,20.4206,20.4758,21.0056,19.9291,20.3333,20.69,21.1385,22.4601,20.5507,20.3735,20.6759,20.5185,20.8751,20.0444,20.4775,20.7697,21.1498,21.2765
735,4:29:15 PM,19.9892,19.9024,19.9841,20.3114,20.5108,20.422,20.3953,20.5847,20.9519,20.7579,20.5526,20.5165,20.4357,20.3595,20.7047,20.5316,20.9004,20.7101,20.9686,21.426,20.8937,20.7865,20.8106,20.6365,20.9348,19.9712,20.1282,20.0817,19.9108,20.3528,20.895,20.651,21.001,20.949,21.1444,20.792,20.6972,20.6156,20.4876,20.553,20.6643,20.8403,20.9182,21.2293,21.76,21.1814,20.9954,21.1174,20.6752,20.9863,20.0337,19.7705,20.0535,19.8507,20.6235,20.0933,20.4601,20.8868,20.9945,21.2411,20.6328,20.5523,20.4077,20.8666,21.7583,20.7788,20.3503,20.1576,20.6168,21.3,20.2593,20.5698,20.8465,20.7544,20.8947,19.8374,19.6278,19.9544,20.408,20.7137,20.8549,19.8195,20.3676,19.78,20.947,20.2078,20.3232,20.9485,21.5171,22.2627,19.6622,19.813,19.7217,20.6348,21.7627,19.9691,19.7933,20.2504,20.1676,20.4301,20.208,20.1792,20.4182,20.5929,21.431,20.3338,20.497,20.7204,21.1802,22.6142,20.552,20.3719,20.69,20.6621,20.7187,19.8458,20.1405,20.6555,21.0258,21.3644
736,4:29:35 PM,19.7582,19.9408,19.9288,20.1681,20.5368,20.5327,20.3791,20.8239,20.925,20.9147,20.5655,20.5532,20.2797,20.3126,20.6092,20.6763,20.9143,20.8251,21.0036,21.3887,20.6883,20.7435,20.5552,20.3273,20.8822,20.002,20.231,19.9594,20.0159,20.2814,20.9325,20.5707,21.1311,21.0726,21.496,20.7575,20.5751,20.6159,20.3593,20.7088,20.9106,20.906,20.98,21.371,21.5146,20.9499,21.0558,21.0335,20.6527,20.9795,20.0587,19.6959,20.0731,20.0556,20.6646,20.3398,20.5966,20.8217,21.1005,21.6061,20.4642,20.441,20.3198,20.8115,21.8287,20.6101,20.3353,20.1538,20.6447,21.1831,20.1514,20.7099,20.9699,20.7418,20.9612,19.6883,19.752,20.0243,20.336,20.8162,20.6727,19.8564,20.2169,19.8355,20.6049,19.9681,20.4323,21.0323,21.5353,22.6283,19.7937,19.742,19.7867,20.6657,22.0105,20.2405,20.0142,20.1397,20.0758,20.1511,20.0327,20.2765,20.3808,20.665,22.3284,20.0402,20.4108,20.651,21.0921,22.497,20.5661,20.2275,20.7122,20.601,20.8133,19.9382,20.1871,20.3473,21.1124,21.1714
737,4:29:55 PM,20.1306,20.1725,19.8491,20.2309,20.4474,20.3606,20.4366,20.7171,20.9527,21.1766,20.6768,20.5955,20.3709,20.5585,20.608,20.6552,20.7408,20.8661,21.0143,21.4723,20.9126,20.584,20.6739,20.3977,20.8001,20.1193,20.2412,20.1845,20.2528,20.2057,20.7446,20.4625,20.9122,20.9375,21.5647,20.7426,20.6304,20.5046,20.3291,20.7151,20.9735,20.7909,21.0791,21.442,21.7372,20.758,21.0242,21.1195,20.4824,21.0358,20.1823,19.8379,19.9844,19.9394,20.8251,20.4598,20.4734,20.8178,21.1369,20.7515,20.5123,20.4756,20.5282,20.9347,21.8756,20.6103,20.3737,20.1557,20.4318,21.4438,20.3355,20.6685,20.6443,20.5382,20.8442,19.8881,19.6661,20.0795,20.115,20.8011,20.5944,20.0119,20.1064,19.8586,20.8264,20.135,20.2273,21.1311,21.6782,22.3057,19.5985,19.5209,19.4713,20.7486,21.7459,19.9046,20.2077,20.1695,20.1884,19.9224,20.1841,20.292,20.4297,20.4519,21.6336,20.4011,20.3445,20.5485,21.2913,22.4995,20.5626,20.5911,20.7285,20.6432,20.9046,19.9485,20.4682,20.6991,20.9995,21.2508
738,4:30:15 PM,20.157,19.9911,20.0862,20.3368,20.3989,20.4471,20.4189,20.8459,20.9585,20.9206,20.6214,20.6239,20.3416,20.6444,20.5243,20.7683,20.5892,20.7634,20.9053,21.4466,20.8246,20.5929,20.5839,20.4905,20.8413,20.0621,20.3026,19.8618,20.3005,20.499,20.7459,20.5181,20.9908,21.0767,21.3032,20.8475,20.6294,20.5769,20.5743,21.0901,20.6875,20.8644,20.8707,21.3107,21.4976,20.8735,21.1627,21.0888,20.662,20.9565,20.0413,19.8313,19.9136,19.8765,20.5768,20.2173,20.4245,20.9472,21.0279,20.7006,20.4832,20.6465,20.372,20.8599,21.7559,20.7279,20.5402,20.1754,20.6351,21.3138,20.1623,20.5038,20.7438,20.7044,21.2202,19.8978,19.8304,20.0005,20.2487,20.694,20.7475,19.7931,20.3213,19.9177,20.8516,19.882,20.4648,20.933,21.4315,22.0712,19.4947,19.7611,19.6245,20.7131,22.0182,20.0726,20.1522,20.0452,20.1957,20.3164,20.2464,20.2524,20.3623,20.2834,21.5144,20.2137,20.3635,20.469,21.397,22.9035,20.6995,20.4932,20.7736,20.4953,20.5998,19.9827,20.2805,20.6709,20.9368,21.3182
739,4:30:35 PM,19.8485,20.1091,20.1432,20.1732,20.372,20.3251,20.2871,20.5338,20.8765,20.7746,20.4104,20.6357,20.4737,20.6025,20.8105,20.6489,20.8695,20.7969,20.8687,21.3516,20.6058,20.3991,20.7048,20.7031,20.8857,20.2422,20.2746,20.1758,20.1118,20.3028,20.6585,20.5199,20.8556,20.8567,21.4249,20.8569,20.6247,20.8878,20.6034,20.7514,20.8016,20.7652,20.9396,21.3046,21.5914,20.89,21.0407,21.2205,20.6381,20.969,20.1564,19.7769,19.9819,19.994,20.7214,20.0094,20.5356,20.613,21.2123,21.1255,20.5235,20.413,20.4531,20.9864,21.5009,20.588,20.2968,20.0554,20.5967,21.1027,20.3227,20.2293,20.734,20.8147,20.8368,19.9066,19.8499,20.0771,20.2786,20.5743,20.6843,20.0144,20.4673,19.8969,20.6184,20.0809,20.3394,21.0095,21.4234,22.048,19.5797,19.7714,19.8201,20.684,21.9054,20.0388,19.947,20.0507,20.1834,20.0972,20.1486,20.1982,20.3748,20.4886,21.7484,20.0759,20.203,20.6388,21.0535,22.8505,20.6295,20.6685,20.562,20.408,20.9585,20.1433,20.3571,20.4027,20.9071,21.5708
740,4:30:55 PM,19.8805,20.0888,19.9771,20.2553,20.4947,20.5046,20.2574,20.7499,20.8282,20.5745,20.4704,20.4709,20.2498,20.6702,20.6545,20.7682,20.803,20.7305,20.8729,21.4573,20.7394,20.8529,20.6559,20.5682,20.7464,20.013,20.16,19.8442,20.1526,20.339,20.6633,20.4451,20.8076,21.07,21.4626,20.6001,20.6218,20.8453,20.7972,20.6995,20.8007,20.6678,20.9223,21.3577,21.6394,20.941,21.1027,21.2139,20.7996,20.8692,20.0494,19.7174,19.9768,19.7289,20.717,20.2117,20.3221,20.7928,21.0239,20.7631,20.4773,20.5876,20.3493,20.8136,21.5378,20.698,20.4782,20.0993,20.7169,21.3047,20.4721,20.4021,20.7348,20.6913,20.8599,19.8464,19.723,20.0269,20.2609,20.7524,20.5605,19.9698,20.1156,19.9043,21.1159,20.0829,20.3604,20.8162,21.0347,22.5601,19.6834,19.9948,19.9144,20.9569,21.7182,20.1023,20.2602,20.427,20.2666,20.2403,20.068,20.049,20.4367,20.2992,21.4103,20.0681,20.3331,20.5537,21.517,23.0261,20.5656,20.3795,20.619,20.6242,21.103,19.8396,20.2575,20.4452,20.7046,21.548
741,4:31:15 PM,19.8052,19.7862,19.9239,20.3672,20.4855,20.5625,20.5183,20.7798,20.8311,20.7991,20.6054,20.4874,20.3302,20.4741,20.6034,20.6462,20.9493,20.7409,20.9289,21.4131,20.7609,20.6265,20.8835,20.5542,20.7957,20.0412,20.173,20.1221,20.3023,20.3629,20.5817,20.6854,20.9578,21.1966,21.1952,20.7544,20.5636,20.7242,20.9213,21.1451,20.6987,20.9164,21.1195,21.2976,21.5599,20.9777,21.1677,21.231,20.8489,20.8908,19.9862,19.638,20.0373,19.9663,20.8116,19.9948,20.5002,20.8942,20.8382,20.9336,20.4383,20.5074,20.3257,20.7147,21.6772,20.7423,20.4557,20.1323,20.68,21.5813,20.3799,20.6254,20.8013,20.6901,20.908,19.8179,19.7741,20.0792,20.4096,20.8132,20.6044,19.8704,20.0314,19.6611,20.7502,19.9945,20.2159,20.6225,20.9859,22.2301,19.6972,19.6538,19.8782,21.116,21.9666,20.0779,20.1659,20.3134,20.3433,20.7872,20.1828,20.1882,20.1659,20.4076,21.1084,20.0453,20.4092,20.6539,21.2466,22.5402,20.6463,19.9871,20.3955,20.5097,21.2555,20.0335,20.3016,20.656,21.1714,21.2823
742,4:31:35 PM,19.9611,19.9007,19.8077,20.2913,20.4565,20.4898,20.3608,20.7164,20.7262,20.929,20.613,20.3917,20.2394,20.5762,20.7174,20.7087,20.8272,20.8644,21.0229,21.45,20.8225,20.6536,20.6623,20.6165,20.6693,19.9935,20.2633,19.7989,20.1773,20.3632,20.847,20.5782,20.9453,21.289,21.5013,20.7682,20.6815,20.6856,20.9536,21.1639,20.952,20.7442,20.9364,21.1813,21.6063,21.0697,21.1336,21.1292,20.7705,20.9062,19.9654,19.5858,19.8226,19.9439,20.8024,20.2779,20.3437,20.8156,20.9551,20.999,20.5348,20.5139,20.2672,20.971,21.5569,20.7343,20.3376,20.2397,20.5888,21.3649,20.3865,20.5328,20.8296,20.7083,20.6782,19.7037,19.623,20.0975,20.3995,20.6399,20.7407,19.8316,20.3798,19.734,20.7935,20.1396,20.3382,21.0758,21.219,22.3577,19.7801,19.7495,19.7373,20.6369,21.9389,19.8054,19.8365,20.3504,20.0183,20.7684,20.2649,20.2752,20.3324,20.4869,21.4937,20.0055,20.3971,20.4987,20.9597,22.7463,20.5563,20.5198,20.5345,20.6812,21.1168,19.9524,20.4868,20.5254,20.9481,21.2482
743,4:31:55 PM,19.986,20.0131,19.9396,20.2936,20.5463,20.5384,20.4453,20.7872,20.9594,20.8942,20.7246,20.4681,20.4339,20.3112,20.6536,20.8042,20.885,20.9638,20.799,21.4321,20.8237,20.4256,20.6901,20.5729,20.7646,20.1681,20.3008,20.0538,20.2043,20.4346,20.6682,20.5616,21.0792,21.1181,21.438,20.7339,20.6666,20.5425,20.6584,20.9585,20.8508,20.6626,21.0587,21.3052,21.5238,20.9544,21.1465,21.1062,20.7754,20.8208,20.0352,19.8793,19.9753,19.8454,20.6238,20.1743,20.4764,20.81,21.0402,20.8787,20.6796,20.485,20.5025,20.9008,21.506,20.6906,20.5263,20.0222,20.6258,21.272,20.4717,20.5844,20.63,20.6366,20.7828,19.8038,19.8094,19.835,20.4013,20.7233,20.7293,19.9946,20.2778,19.9309,20.9046,20.2024,20.3034,21.0227,21.1415,21.9993,19.6839,19.6183,19.9097,20.7309,21.9065,19.9891,19.9204,20.2523,20.3485,20.0705,20.0445,20.3185,20.4966,20.4848,21.1912,20.1566,20.2757,20.4249,21.3761,22.514,20.6128,20.4525,20.6196,21.0283,21.6681,20.0796,20.5064,20.737,20.7545,21.3106
744,4:32:15 PM,20.1632,20.001,20.0805,20.353,20.6204,20.5756,20.6309,20.8245,20.8253,20.8818,20.6481,20.449,20.2437,20.4508,20.7623,20.7035,20.9642,20.7557,21.0345,21.626,20.9485,20.6796,20.5126,20.6211,20.7986,19.9173,20.4293,20.2593,20.1119,20.3605,20.5913,20.4839,20.9422,20.8675,21.1039,20.6271,20.57,20.713,20.6349,20.8238,20.8905,20.875,20.8295,21.349,21.5703,20.9655,21.0168,21.1131,20.719,20.9989,20.0723,19.7706,19.8778,19.8893,20.6378,20.2648,20.4578,20.7652,20.9552,21.2667,20.4249,20.5346,20.4488,20.9245,21.6018,20.5633,20.3977,20.0896,20.6098,21.3724,20.1699,20.5444,20.8175,20.758,21.0109,19.792,19.9121,20.1294,20.491,20.8761,20.6958,19.9048,20.5065,20.0895,20.5872,20.2167,20.4915,21.1237,21.6692,22.5729,19.7342,19.6518,19.7412,20.3247,21.9526,19.8214,19.9991,20.0817,20.0195,19.9774,20.2025,20.0809,20.4821,20.5217,21.5215,20.1816,20.2333,20.6629,20.7975,22.5483,20.4685,20.0815,20.6463,20.6105,20.8509,20.0571,20.4134,20.6369,20.8573,21.3185
745,4:32:35 PM,20.1658,20.0758,19.8543,20.2589,20.3294,20.5173,20.4148,20.6532,21.0392,20.8397,20.5978,20.4779,20.3842,20.5102,20.7047,20.6282,20.7499,20.8501,20.8579,21.6142,20.8867,20.6191,20.7515,20.6254,20.7951,20.0626,20.2132,19.7631,20.2006,20.3132,20.8814,20.4893,20.9747,20.9335,21.1688,20.7636,20.6414,20.6604,20.9294,21.3882,20.8848,20.7791,21.0506,21.3076,21.6423,20.903,21.1242,21.0399,20.7137,20.891,20.164,19.7836,19.8788,20.0144,20.7344,20.2074,20.5066,20.8058,20.979,21.2692,20.6172,20.6212,20.52,20.9593,21.6252,20.6456,20.361,20.1447,20.6634,21.3871,20.3007,20.5545,20.7311,20.6738,21.0618,19.8462,19.8816,20.0735,20.5672,20.906,20.7214,20.065,20.6128,19.7866,20.9289,20.131,20.3164,20.8335,21.3743,22.5226,19.7259,19.7022,19.5609,20.7011,21.8761,19.9933,20.0175,19.9753,20.3579,20.0655,20.2371,20.2828,20.5082,20.5624,21.8452,20.0012,20.2925,20.615,21.2948,22.8399,20.5886,20.0561,20.6711,20.7818,21.1218,20.3608,20.4718,20.5203,20.7587,20.9695
746,4:32:55 PM,20.0285,20.0969,19.9104,20.2257,20.5632,20.3028,20.2127,20.4856,20.9051,20.8304,20.6438,20.6879,20.3698,20.492,20.7529,20.6608,20.8608,20.8727,20.9384,21.7151,20.7536,20.4832,20.6081,20.643,20.8565,19.9435,20.1028,20.2177,20.2138,20.3221,21.0251,20.6491,20.9149,20.8596,21.5384,20.8806,20.7079,20.7367,21.0711,20.8939,20.6646,20.7879,21.0557,21.3279,21.6247,21.055,21.1829,21.0798,20.8209,21.0002,20.0234,19.7381,19.815,19.8584,20.6854,20.2259,20.5149,20.8502,20.8941,20.9195,20.3741,20.4108,20.3559,20.8735,21.6782,20.6879,20.4229,20.2219,20.5876,21.4831,20.3237,20.6026,20.8357,20.8289,21.0911,19.8357,19.8301,19.9535,20.3529,20.7179,20.6387,19.9186,20.382,19.6575,20.7461,20.194,20.2346,21.0048,21.213,22.2771,19.6231,19.7618,19.7971,20.7435,21.7778,20.1611,20.004,20.1512,20.288,20.5167,20.0335,20.0963,20.4694,20.383,21.119,20.1219,20.4182,20.659,20.9214,22.4198,20.6431,20.1283,20.4894,20.6909,21.0065,20.0068,20.3498,20.4499,20.7202,21.0852
747,4:33:15 PM,19.999,20.0357,19.8162,20.1549,20.4855,20.5162,20.3844,20.6067,20.7517,20.8368,20.5931,20.4921,20.2535,20.341,20.6442,20.5254,20.7841,20.9602,21.1961,21.4513,20.9684,20.887,20.7278,20.4064,20.8172,19.9749,20.262,19.9108,20.0656,20.3177,20.8828,20.5664,20.8925,20.9436,21.499,20.7524,20.7097,20.6836,20.5179,20.7587,20.8426,20.7319,20.8439,21.2171,21.6677,21.0309,21.145,21.1673,20.6997,21.118,19.883,19.6599,19.8167,19.8616,20.6409,20.1524,20.519,20.846,21.1013,20.8396,20.3785,20.5061,20.4252,20.9454,21.7419,20.6987,20.3131,20.1606,20.5879,21.1407,20.3604,20.5005,20.886,20.7065,20.8701,19.8743,19.6793,20.2135,20.4877,20.7089,20.7784,19.8537,20.5138,19.7234,21.1973,20.1231,20.3403,20.8663,21.4157,22.8137,19.7887,19.662,20.0301,20.8056,21.9132,20.1379,19.8443,20.2338,20.232,19.8843,20.2044,20.0771,20.4667,20.3825,21.0366,19.8629,20.2149,20.5321,21.0536,22.8197,20.4631,20.3439,20.5215,20.5664,20.808,19.9692,20.3182,20.5378,20.8833,21.2331
748,4:33:35 PM,19.9977,19.7415,19.957,20.2776,20.5117,20.3395,20.2406,20.5185,20.7056,20.886,20.7493,20.4673,20.6228,20.5951,20.7497,20.5941,20.9069,20.9337,21.0395,21.4425,20.947,20.7147,20.783,20.6465,20.8513,20.1543,20.2749,19.8482,20.1394,20.2875,20.9152,20.483,20.6349,20.9208,21.5393,20.8642,20.7108,20.8972,20.7181,20.6865,20.8863,20.8179,20.7409,21.3261,21.542,20.9477,21.0615,21.0259,20.7459,20.8557,19.8785,19.5365,20.0893,19.8418,20.767,20.0508,20.5226,20.8256,21.11,20.8801,20.5977,20.5608,20.4113,20.8781,21.5718,20.6982,20.5035,20.1155,20.6018,21.4506,20.4236,20.5771,20.9443,20.8334,20.8386,19.8226,19.6487,20.0514,20.1866,20.6925,20.6432,19.8963,20.3321,19.9454,21.336,19.9823,20.1911,20.8387,21.0123,22.5872,19.7838,19.7759,19.7637,21.0525,21.9377,19.88,20.074,20.2318,20.1393,20.0096,20.1222,20.0571,20.3783,20.5055,21.2069,19.9304,20.3524,20.4877,20.6939,22.3063,20.448,20.1773,20.4503,20.4307,20.8341,19.8259,20.2727,20.7642,20.9762,21.235
749,4:33:55 PM,19.9906,19.9307,20.0173,20.1237,20.5974,20.4916,20.3001,20.673,20.772,20.684,20.5075,20.4034,20.3884,20.5835,20.6598,20.6828,20.8824,20.7968,20.9722,21.5166,20.7933,20.6864,20.8369,20.7161,20.9124,19.936,20.1681,20.0452,20.0491,20.3398,20.722,20.344,20.9072,21.0087,21.3828,20.8376,20.6675,20.8023,20.5014,20.781,20.8973,20.9018,20.9241,21.2922,21.511,21.0699,21.0463,21.0951,20.5983,21.0746,19.9778,19.544,19.8994,19.9362,20.6128,20.0148,20.4051,20.9373,20.9816,21.1925,20.551,20.5432,20.4411,20.7508,21.4447,20.7167,20.4532,20.1727,20.6363,21.4362,20.2229,20.553,20.8472,20.6892,20.925,19.6822,19.7808,19.9662,20.5632,20.7461,20.7279,19.7325,20.5599,19.675,21.152,20.1568,20.3892,20.8729,20.7522,22.0343,19.6391,19.7468,19.8663,21.3275,21.9687,20.0507,20.0601,20.2318,20.1967,20.3586,20.1296,20.1321,20.3875,20.464,21.2948,20.1399,20.4102,20.5483,21.5351,22.8472,20.5304,20.3264,20.6436,20.5495,20.9517,19.8449,20.2598,20.6751,21.1704,21.3266
750,4:34:15 PM,19.8788,19.8915,19.9998,20.3342,20.6043,20.6033,20.5728,20.5898,20.8867,20.6596,20.6339,20.3593,20.2609,20.3876,20.7962,20.8288,20.8907,20.9913,20.9364,21.4331,20.8349,20.6726,20.7865,20.3524,20.8731,19.9062,20.0868,19.8934,19.8819,20.357,20.5803,20.6471,20.7731,20.9153,21.3481,20.8384,20.6283,20.4957,20.6179,20.6902,20.7718,20.8608,20.9904,21.3328,21.4913,21.0665,21.247,20.991,20.6898,21.0271,19.8532,19.573,19.9211,19.873,20.6543,20.1039,20.5603,20.7847,20.9211,20.9395,20.4433,20.4503,20.3809,20.9545,21.4001,20.7124,20.31,20.106,20.6503,21.1617,20.8455,20.5827,20.9061,20.7866,20.9503,19.8158,19.6982,20.0566,20.4728,20.8276,20.4687,19.7611,19.7349,19.4324,20.9957,19.8359,20.2628,20.8711,20.7488,22.6154,19.6823,19.6762,19.9357,20.875,22.0615,20.231,20.1828,20.5019,20.1275,21.0279,20.0641,20.1755,20.3788,20.3332,20.8585,19.824,20.3318,20.5886,21.0182,23.3387,20.518,20.1408,20.5919,20.4632,20.5725,19.8934,20.3343,20.5101,20.9336,21.2713
751,4:34:35 PM,19.8131,19.8304,19.9597,20.4098,20.4994,20.3897,20.4958,20.6708,20.8968,20.8296,20.5389,20.4487,20.3471,20.5467,20.5724,20.6712,20.6212,20.7209,20.9886,21.4947,20.9437,20.7804,20.8713,20.6512,20.9181,19.9987,20.2757,20.0886,20.2462,20.4137,20.4693,20.6087,20.9582,21.0062,21.2957,20.574,20.6558,20.73,20.6534,20.6924,20.6457,20.874,21.1713,21.2514,21.4814,21.0193,21.1349,21.1978,20.6642,21.0552,19.9552,19.6606,19.8811,19.8956,20.6084,20.0538,20.4375,20.8218,20.734,21.0928,20.4595,20.4003,20.5594,20.7685,21.5164,20.7617,20.391,20.1051,20.6743,21.571,20.409,20.6168,20.8585,20.5921,20.6317,19.7513,19.5978,19.9626,20.3361,20.6493,20.6788,19.7931,20.1241,19.705,21.0809,19.9432,20.346,20.8043,21.0871,22.1532,19.6569,19.7279,19.8523,20.5038,21.989,19.9127,20.2517,20.3642,20.3567,20.0574,20.1011,20.1278,20.3352,20.3882,21.3256,20.1788,20.2945,20.697,21.6141,22.6985,20.6927,20.3726,20.5428,20.6958,20.4993,19.8449,20.3157,20.6701,21.1332,21.7278
752,4:34:55 PM,19.8498,19.8598,19.7602,20.0932,20.4722,20.4578,20.5379,20.8636,20.764,20.8159,20.4406,20.4343,20.182,20.5779,20.7257,20.6791,20.7666,20.6022,20.9106,21.1764,21.0815,20.799,20.7134,20.5004,21.0109,19.9174,20.1765,20.1057,20.02,20.4768,20.7236,20.5151,20.9897,20.9058,21.3414,20.8362,20.4598,20.4514,20.5431,20.8481,20.6463,20.6817,20.7433,21.1039,21.4463,21.0694,20.9657,21.1563,20.8382,21.1307,19.7556,19.7643,19.9255,19.8497,20.625,20.2675,20.5823,20.8384,21.1428,21.1496,20.5825,20.4306,20.5186,20.8494,21.5599,20.6932,20.3773,20.0785,20.4728,21.4009,20.2232,20.7287,20.9322,20.8238,20.8451,19.75,19.7209,19.8833,20.1475,20.7191,20.7218,19.6477,20.2827,19.9239,21.2615,20.0937,20.2457,21.0843,21.2085,22.3158,19.8146,20.0274,19.6759,20.7633,22.2383,20.0584,20.039,20.2104,20.1545,21.0,20.124,20.0887,20.4119,20.362,21.2243,20.0072,20.3876,20.5484,21.8989,22.9528,20.4497,20.1769,20.7074,20.6383,21.0228,19.8411,20.2973,20.2786,21.1017,21.254
753,4:35:15 PM,19.8965,19.9742,19.8281,20.1854,20.5926,20.4634,20.4872,20.7389,21.0199,20.8545,20.6267,20.4351,20.2201,20.3973,20.5444,20.6923,20.7443,20.6617,20.9342,21.4218,21.1381,20.6718,20.6278,20.4799,20.8544,19.9066,20.1872,19.9714,20.1654,20.4087,20.852,20.4645,21.0998,21.0202,21.3267,20.6035,20.6982,20.6992,20.466,20.31,20.7534,20.7666,21.0309,21.2874,21.6022,20.9675,20.9463,21.2687,20.8318,21.0073,19.8576,19.6167,19.9031,20.0596,20.5995,19.9217,20.459,20.7998,21.0059,20.9626,20.4833,20.4368,20.3084,20.7365,21.6993,20.785,20.4824,20.1763,20.6327,21.4504,20.4279,20.8688,20.8294,20.6376,20.7184,19.7865,19.6335,19.9307,20.3725,20.77,20.6667,19.8876,20.2366,19.7735,20.9531,19.8851,20.2586,21.0369,21.1612,22.6394,19.6295,19.7465,19.8645,20.8708,21.9578,20.0534,19.987,20.4166,20.295,20.2848,20.2651,20.332,20.4463,20.4405,21.2862,20.0132,20.3782,20.3995,21.0214,22.9327,20.4762,20.2353,20.6118,20.5437,20.5837,19.9371,20.384,20.6179,21.0428,21.5533
754,4:35:35 PM,19.7924,19.8643,19.823,20.3253,20.5308,20.5157,20.4183,20.6201,20.8583,21.035,20.4616,20.492,20.3502,20.5223,20.5023,20.6838,20.6872,20.7731,20.8492,21.311,21.0127,20.5353,20.6924,20.6809,21.0064,20.0397,19.9997,19.9618,19.9995,20.3385,20.9433,20.5316,20.9315,20.977,21.3721,20.7732,20.6304,20.6544,20.4236,20.5242,20.7836,20.7068,20.9557,21.2544,21.4914,21.0172,21.1543,21.1898,20.6842,21.1311,20.0185,19.5623,20.0455,19.858,20.5876,20.0556,20.4725,20.7321,21.1365,21.4277,20.5726,20.3353,20.358,20.8572,21.5222,20.6539,20.4168,20.1899,20.6571,21.4483,20.4524,20.7168,20.8998,20.8111,21.0923,19.791,19.6565,19.9781,20.3204,20.6021,20.6585,19.7616,20.2419,19.5958,20.8893,19.9111,20.3381,21.0784,21.0406,22.4098,19.8044,19.6772,19.7669,21.0069,22.1694,20.1935,20.1242,20.1565,20.1316,20.3755,20.1903,20.1449,20.4096,20.3239,20.866,20.1427,20.2013,20.5084,20.9733,22.4359,20.5469,20.1704,20.7242,20.4535,21.0738,19.8716,20.3752,20.4012,21.1161,21.519
755,4:35:55 PM,19.8263,20.0389,19.7141,20.3044,20.4448,20.398,20.3591,20.8617,20.9394,20.9563,20.5104,20.5871,20.2958,20.57,20.6544,20.7424,20.7646,20.9274,20.9283,21.496,20.9684,20.7621,20.5807,20.4638,20.8762,20.0357,20.1225,20.0197,20.0505,20.406,20.7036,20.6468,20.985,21.0327,21.5178,20.6996,20.5391,20.5395,20.5319,20.7466,20.897,20.6985,20.9882,21.3309,21.6474,21.0716,21.1712,21.157,20.6719,20.9403,19.8107,19.581,19.8968,19.9797,20.5512,20.2226,20.4804,20.758,20.8216,21.024,20.4651,20.6636,20.4662,20.9031,21.4227,20.7856,20.4122,20.1124,20.6321,21.3528,20.2187,20.7456,20.8691,20.6015,21.0788,19.8481,19.9342,20.0153,20.4253,20.8077,20.7687,20.0724,20.4714,19.891,21.5581,20.0101,20.303,20.8005,21.1085,22.1631,19.7733,19.7392,19.7983,20.7405,22.1406,19.9524,19.8325,20.4467,20.3836,20.0859,20.0554,20.2022,20.2742,20.4277,20.952,20.0527,20.4481,20.6005,21.3031,22.8425,20.4133,20.055,20.5784,20.5219,20.8823,19.771,20.3014,20.563,21.1558,21.4761
756,4:36:15 PM,19.9791,20.0836,20.0461,20.2383,20.5518,20.3978,20.1475,20.6844,21.022,20.979,20.5681,20.4308,20.3926,20.3993,20.6672,20.6399,20.8368,20.8695,20.8516,21.4979,20.8628,20.502,20.8004,20.6411,20.9969,20.1178,20.1831,19.8973,19.9117,20.4728,20.9138,20.6207,21.0841,20.8861,21.4841,20.672,20.7023,20.7681,20.5893,20.6009,20.7889,20.747,20.9947,21.286,21.524,21.0338,21.0887,21.1239,20.7042,21.0585,20.0127,19.6402,19.7534,20.0087,20.685,20.132,20.3257,20.9627,21.179,21.2998,20.438,20.6131,20.2892,21.0697,21.4012,20.7759,20.3979,20.2001,20.6039,21.2264,20.5354,20.6483,20.962,20.7246,21.0528,19.8879,19.7326,19.9815,20.271,20.6799,20.575,20.0448,20.4245,19.7148,21.1378,20.0909,20.1719,20.9803,21.1895,22.0004,19.7106,19.8058,19.85,20.7451,22.2486,19.9933,20.0957,20.358,20.2232,20.4893,20.257,20.1276,20.2974,20.4072,21.5217,19.9969,20.3774,20.2444,21.0829,22.5287,20.3778,20.2824,20.5255,20.5574,21.0759,19.773,20.3527,20.6877,20.919,21.3926
757,4:36:35 PM,19.9152,19.9619,19.8056,20.3243,20.5786,20.4971,20.522,20.8255,21.024,20.809,20.6359,20.5946,20.3149,20.4397,20.6919,20.5413,20.709,20.9467,20.8017,21.5214,20.8554,20.8128,20.7456,20.5523,20.9734,20.0115,20.0773,20.0066,20.1313,20.3425,20.8706,20.5842,21.0368,21.0154,21.5512,20.6672,20.6551,20.8717,20.7581,20.8941,20.7836,20.7608,20.9709,21.2094,21.5586,21.0974,21.1972,20.9911,20.76,20.9415,20.001,19.6769,19.7928,19.759,20.5757,20.2827,20.4021,20.9294,20.9515,21.0764,20.4882,20.5339,20.4141,20.8875,21.566,20.6387,20.308,20.152,20.6448,21.3045,20.2188,20.6043,20.7834,20.8424,21.1148,19.7652,19.7032,19.9671,20.2786,20.795,20.616,19.8397,20.3209,19.7499,21.0119,20.2409,20.4345,21.074,21.1763,22.1516,19.7011,19.735,19.8439,20.6195,22.0734,20.0098,19.9608,20.1448,20.1492,20.6737,20.2221,20.1993,20.3258,20.3152,21.4821,20.1596,20.4457,20.4573,21.5667,22.4643,20.5779,20.1835,20.6321,20.6771,21.0439,20.013,20.2182,20.3048,20.8995,21.4726
758,4:36:55 PM,19.974,19.9307,20.035,20.1781,20.6354,20.5412,20.3661,20.7301,20.7669,20.7619,20.6304,20.3498,20.4217,20.5985,20.7835,20.7271,20.8347,20.9508,21.0367,21.3618,21.0736,20.7337,20.6693,20.5487,21.1134,20.0373,20.1768,19.9808,20.0606,20.4294,20.7512,20.6234,20.908,21.164,21.564,20.6159,20.6276,20.7099,20.797,20.841,20.888,20.781,21.1705,21.3824,21.7751,21.0047,21.1897,20.9527,20.6843,21.0818,19.9705,19.7409,19.8306,19.8331,20.5973,20.3537,20.4248,20.7578,21.0665,21.3269,20.4932,20.4515,20.6387,21.1172,21.7394,20.6454,20.4452,20.1289,20.5084,21.2355,20.1653,20.5423,20.741,20.4967,20.7577,19.8306,19.741,20.0618,20.3001,20.8614,20.7193,19.821,19.9556,19.7576,20.9113,20.0327,20.3997,21.1887,20.9719,22.582,19.7516,19.7804,19.974,20.9006,21.9977,20.0485,20.0641,20.4161,20.0951,20.5139,20.1295,20.136,20.3632,20.4982,21.0952,20.3263,20.4634,20.5458,20.9951,22.2837,20.6217,20.3275,20.5395,20.66,20.5611,19.7691,20.1759,20.4188,20.9009,21.3283
759,4:37:15 PM,19.8273,20.0214,19.9358,20.4391,20.5685,20.5292,20.4058,20.7762,20.7176,20.9585,20.6919,20.4978,20.4474,20.5526,20.744,20.7053,20.8268,21.0047,20.8488,21.6481,20.868,20.7429,20.7903,20.5687,20.979,20.084,20.0845,20.2607,20.2091,20.4864,20.5464,20.4887,20.8972,21.03,21.378,20.785,20.7472,20.8095,20.8557,21.0897,20.7251,20.8268,21.0081,21.3617,21.581,20.9668,21.1558,21.2285,20.7512,21.0779,19.9796,19.7668,19.9441,19.6174,20.5822,20.2154,20.3668,20.7606,20.6992,21.3125,20.2883,20.5447,20.3775,21.1512,21.3248,20.6105,20.3345,20.2247,20.5842,21.2608,20.2843,20.5719,20.7132,20.7115,21.0429,19.883,19.7771,20.0189,20.4661,20.7919,20.4856,19.9892,20.259,19.8807,21.0025,20.1443,20.3966,21.0179,21.2591,22.6057,19.582,19.6855,19.6035,20.4184,21.9925,19.8808,19.8682,19.984,20.3302,19.8694,20.1695,20.1443,20.4312,20.4146,21.3556,20.0834,20.2353,20.5469,21.1878,22.5543,20.5877,20.2752,20.9378,20.5852,20.6177,19.696,20.2539,20.3155,20.9724,21.2059
760,4:37:35 PM,20.174,20.002,20.1822,20.4296,20.5265,20.3959,20.3185,20.6473,20.8356,20.8193,20.6059,20.3891,20.2756,20.5129,20.7458,20.6171,20.7012,20.8328,20.8442,21.4338,20.8223,20.5492,20.6838,20.5537,20.8835,20.271,20.503,20.2211,20.3344,20.5156,20.737,20.5038,20.8206,20.949,21.5685,20.6266,20.7477,20.7209,21.0294,21.4502,20.8606,20.9414,20.9535,21.5208,21.6703,21.0428,21.0678,21.0686,20.7691,21.0539,19.9874,19.8512,19.8979,20.0971,20.6046,20.0111,20.3863,20.8866,21.0823,21.512,20.3533,20.5283,20.2474,21.0924,21.418,20.69,20.4999,20.1856,20.6183,21.6198,20.2087,20.6943,20.9242,20.486,20.8814,19.8534,19.8013,20.001,20.3187,20.7125,20.679,19.908,20.4085,19.8195,21.1365,20.0843,20.4797,20.6665,21.2869,22.6685,19.7519,19.6653,19.8507,20.7959,22.0706,19.793,19.9099,20.2727,20.2408,19.9216,20.2482,20.3284,20.343,20.4481,21.4149,20.2457,20.3823,20.5246,21.0582,22.7465,20.6103,20.1563,20.6667,20.7334,20.9797,19.8746,20.2759,20.5597,20.7925,21.3099
761,4:37:55 PM,20.033,19.9445,19.9147,20.2189,20.515,20.3883,20.1546,20.5992,20.6803,20.7139,20.5632,20.5734,20.5414,20.5884,20.9945,20.6278,20.882,21.013,20.9779,21.6905,20.7403,20.5789,20.8457,20.4299,21.0339,19.9779,20.2059,19.9319,20.1001,20.4341,20.9077,20.4409,20.8373,21.0385,21.4301,20.7464,20.5955,20.8555,20.8472,21.0183,20.9815,20.9984,20.8896,21.3402,21.6533,20.97,21.1196,21.0651,20.7582,21.0402,20.0,19.8033,20.0433,19.8735,20.6402,20.1919,20.6427,20.9393,21.0952,21.3749,20.463,20.3712,20.3818,21.1411,21.5518,20.8197,20.3181,20.1872,20.5534,21.311,20.1036,20.6772,20.8448,20.5159,20.669,19.857,19.6723,19.9939,20.3444,20.6605,20.8256,19.7548,20.4937,19.7947,20.9558,19.9857,20.3759,20.8845,21.156,22.3805,19.7148,19.7996,19.7988,20.8184,21.8653,19.9992,20.215,20.1152,19.9757,20.498,20.0867,20.1155,20.5055,20.35,21.2879,20.2387,20.3552,20.5314,21.7863,22.786,20.6117,20.4445,20.6096,20.6012,20.7327,19.9378,20.2228,20.5906,20.9567,21.3954
762,4:38:15 PM,19.9554,19.9393,19.8657,20.5087,20.4971,20.2997,20.2563,20.4203,20.4837,20.951,20.6653,20.6036,20.5684,20.7548,20.9299,20.6248,20.7805,20.9466,20.9366,21.433,20.5956,20.5393,20.7999,20.3468,20.9359,19.8883,20.1543,20.1149,20.0327,20.3684,20.7067,20.5653,20.823,20.8405,21.4043,20.7004,20.6951,20.7364,21.065,21.0007,20.6424,20.7199,20.908,21.2475,21.6303,20.8724,21.1264,20.9669,20.7266,21.0196,20.221,19.6562,19.7705,19.9592,20.622,19.9815,20.5192,20.743,20.8162,21.0605,20.3645,20.4437,20.4423,20.8875,21.4417,20.7953,20.6289,20.1427,20.6379,21.3568,19.8909,20.6725,20.8505,20.6399,20.8864,19.9745,19.7352,20.1243,20.3635,20.7259,20.6858,19.7102,20.278,19.8866,21.3783,20.1044,20.3697,20.856,21.3806,22.6597,19.6096,19.6151,19.9794,20.706,21.8274,19.9302,19.8878,20.1724,20.0978,20.1867,20.0389,20.1943,20.3759,20.5815,21.2711,20.3136,20.4081,20.6463,21.2141,22.5218,20.7545,20.1701,20.5548,20.5733,20.7574,19.6451,20.3662,20.3939,20.8551,21.4733
763,4:38:35 PM,20.0025,19.8703,20.1056,20.393,20.6203,20.4555,20.3462,20.6018,20.6624,20.7963,20.6064,20.4588,20.412,20.4128,20.5645,20.6805,20.6131,20.6442,20.9727,21.5796,20.6153,20.6261,20.9035,20.5533,20.9242,19.9353,20.1053,20.0532,20.265,20.4341,20.3916,20.4201,20.8467,21.0399,21.4707,20.7597,20.6365,20.6355,20.7755,20.5296,20.905,20.9332,20.9703,21.3583,21.563,21.0283,21.1449,21.1265,20.6603,21.0772,19.9928,19.5399,19.938,19.8835,20.6585,20.3256,20.4809,20.7112,21.0883,21.1624,20.4463,20.3678,20.2736,20.9513,21.5802,20.7714,20.5103,20.0458,20.499,20.8556,20.2034,20.5619,20.8336,20.7176,20.5519,19.833,19.8449,19.8306,20.5235,20.6653,20.6988,19.8121,20.5447,19.9711,21.0415,19.9737,20.4291,20.8298,21.1783,22.6422,19.5994,19.8196,20.2486,20.5016,21.8985,19.8702,20.1092,20.2896,20.2095,20.1217,20.1484,20.2051,20.4209,20.4549,21.2343,20.1986,20.1709,20.6869,21.528,22.8537,20.6942,20.4944,20.6675,20.5858,20.8763,19.9949,20.435,20.6914,21.0204,21.2868
764,4:38:55 PM,19.8408,19.8861,19.9152,20.2623,20.5055,20.5703,20.4613,20.6777,20.8347,20.7063,20.7595,20.3554,20.3629,20.4851,20.692,20.7052,20.8547,20.7485,20.9839,21.4923,20.6722,20.6597,20.5198,20.4575,20.9394,20.1182,20.1582,20.0394,20.2563,20.427,20.4689,20.5771,20.7752,20.8769,21.391,20.5551,20.6159,20.5225,20.4592,20.7639,20.7763,20.7263,20.9605,21.3184,21.6294,21.1743,21.1676,21.1686,20.7717,20.9049,20.0124,19.542,20.0036,19.852,20.621,20.0182,20.4694,20.8346,20.9616,21.0685,20.7651,20.6997,20.4626,20.8765,21.4093,20.6857,20.4221,20.0877,20.7017,21.1308,20.2915,20.7483,20.9253,20.7389,20.9252,19.9011,19.709,20.0036,20.3503,20.6701,20.7157,19.8803,20.1375,19.8188,20.7227,20.0918,20.2029,20.8479,20.8395,21.9553,19.4716,19.7663,19.7291,20.7046,21.9666,19.8837,20.1623,20.1301,20.0805,21.0147,20.127,20.0758,20.3436,20.4047,21.3754,20.1721,20.429,20.5783,21.5626,22.5303,20.4447,20.3741,20.6088,20.8363,21.2087,19.8142,20.1356,20.4445,21.0426,21.3296
765,4:39:15 PM,20.0386,20.0333,19.8393,20.1013,20.7341,20.5637,20.4922,20.8428,20.7618,20.8347,20.5994,20.3487,20.2676,20.4356,20.6797,20.5349,20.8494,20.6479,20.9183,21.4988,20.934,20.6889,20.7442,20.5435,20.8235,19.9108,20.2252,20.0653,20.0936,20.2759,20.6744,20.5508,20.9611,21.0102,21.5254,20.6429,20.7357,20.6375,20.4308,20.8066,20.7287,21.0005,21.0879,21.3749,21.5262,20.9254,21.1225,21.1614,20.8359,20.8201,20.0224,19.7003,20.0706,19.8124,20.6291,20.3035,20.6393,20.8648,21.032,21.3493,20.5722,20.5254,20.4095,20.9458,21.8667,20.838,20.4307,20.0812,20.7251,21.334,20.2006,20.6344,20.6605,20.7434,20.7691,19.8244,19.8174,20.0692,20.356,20.6165,20.6549,19.8309,20.4769,19.9754,21.0174,20.131,20.1831,20.8248,21.3789,22.2297,19.6783,19.6732,19.5442,20.487,21.9449,19.9684,19.9703,20.1254,20.1694,20.4334,20.1786,20.1073,20.3786,20.568,21.4033,20.2288,20.5704,20.6491,21.0691,22.5936,20.5063,20.2194,20.6739,20.6838,20.767,19.797,20.2863,20.7308,21.0288,21.3858
766,4:39:35 PM,19.8995,19.8996,19.9343,20.1745,20.5322,20.5381,20.4969,20.7337,20.8935,20.7983,20.5665,20.3496,20.2795,20.5345,20.7131,20.7681,20.6919,20.8193,20.9934,21.5395,20.9855,20.6463,20.7456,20.5798,20.8495,20.1323,20.3258,20.1425,20.1622,20.3108,20.9674,20.4349,21.0908,20.8991,21.6593,20.7828,20.7791,20.604,20.8206,20.8659,20.6714,20.8307,21.0449,21.2862,21.7118,21.0441,21.313,21.1719,20.699,20.9116,20.0497,19.8583,19.952,19.8816,20.5971,20.2104,20.359,20.7384,20.9883,21.241,20.4192,20.388,20.4108,21.0804,21.4667,20.6831,20.3158,20.1988,20.5541,21.4297,20.1825,20.474,20.7679,20.7594,20.8723,19.8596,19.7432,19.9615,20.3315,20.6145,20.5853,19.8818,20.5337,19.6554,21.0751,20.1648,20.3866,21.2042,21.2629,22.0703,19.6532,19.6808,19.8497,20.569,21.9898,20.1889,20.1096,20.1852,20.1033,20.3527,20.2202,20.2442,20.3887,20.2999,21.5377,20.0441,20.2545,20.5589,21.9276,22.8852,20.6607,20.6639,20.8069,20.6215,20.7296,19.7474,20.1492,20.6579,21.0175,21.3968
767,4:39:55 PM,19.8578,19.9385,19.9914,20.234,20.4963,20.4842,20.6104,20.8234,20.7039,20.9203,20.5783,20.4367,20.173,20.3058,20.636,20.7063,20.8398,20.8874,20.9726,21.5554,20.843,20.5445,20.5903,20.5907,20.8092,20.0909,20.2234,20.0061,20.2478,20.399,20.8896,20.6145,20.9957,20.9564,21.5503,20.7692,20.4535,20.8085,20.9096,21.1187,20.6326,20.7205,20.9042,21.3387,21.7476,20.9566,21.3106,21.2047,20.6034,20.8912,20.073,19.7446,19.9197,19.9988,20.8032,20.3187,20.335,20.9193,21.0306,21.1881,20.517,20.5004,20.2719,21.05,21.7595,20.8757,20.3015,20.0587,20.7278,21.336,20.0119,20.4473,20.7719,20.7095,21.0374,19.8623,19.7521,20.0243,20.4402,20.7116,20.6662,19.7156,20.3975,19.8519,21.0101,19.9354,20.3422,20.936,21.4271,22.336,19.6447,19.7749,19.9839,20.5399,21.9507,20.0391,20.1444,20.1143,20.2377,20.1452,20.1423,20.0369,20.4008,20.4552,21.2327,20.1281,20.3609,20.686,21.2589,22.5346,20.6792,20.5405,20.5603,20.527,21.0746,19.9982,20.3516,20.6268,21.0096,21.4401
768,4:40:15 PM,20.0417,20.0517,20.0262,20.2694,20.5132,20.5793,20.4337,20.6365,20.9754,20.971,20.4844,20.5358,20.3287,20.4269,20.7444,20.658,20.7376,20.8536,21.1815,21.3777,20.8802,20.6906,20.5613,20.3453,20.7876,20.0515,20.2014,20.0149,20.1826,20.3554,20.7889,20.5407,20.9819,20.8737,21.4817,20.8513,20.639,20.5989,20.7061,20.5364,20.7134,20.8814,20.976,21.2233,21.3946,21.0179,21.0603,21.0571,20.6088,20.9756,20.0618,19.4716,19.8725,19.8997,20.5624,20.4773,20.4607,20.8086,21.1232,21.1925,20.6436,20.3582,20.289,21.0654,21.4082,20.7812,20.4387,20.0478,20.6207,21.4341,20.1114,20.5655,20.6609,20.6974,21.0315,19.8913,19.7897,20.0657,20.3706,20.6581,20.7723,19.9214,20.2169,19.9577,20.838,20.0258,20.3724,20.8474,21.1426,22.1137,19.5201,19.6821,19.8406,20.5846,21.7773,19.925,20.0711,20.2808,20.0629,20.1996,20.1856,20.2149,20.4045,20.6704,21.3968,20.1123,20.4748,20.6963,21.574,22.7797,20.6756,20.3598,20.664,20.8103,20.9878,20.143,20.3966,20.6291,21.0255,21.4354
769,4:40:35 PM,19.9641,19.9045,20.0255,20.2537,20.7204,20.4598,20.3704,20.6032,20.9533,20.8671,20.6068,20.4631,20.4673,20.5366,20.9105,20.6238,20.8416,20.8853,21.0187,21.4154,20.8402,20.7273,20.7899,20.4434,20.8389,19.9051,20.266,20.1342,20.0499,20.3985,20.9479,20.7308,21.0357,20.8296,21.5883,20.7907,20.7014,20.7266,20.6747,21.2952,20.7131,20.915,21.0478,21.4144,21.5192,21.1072,20.9944,21.0291,20.6922,21.0028,20.1461,19.7833,19.9287,19.9868,20.5941,20.3845,20.436,20.9621,21.1463,21.3673,20.4877,20.5067,20.4516,20.8569,21.3423,20.8146,20.5104,20.1873,20.6505,21.3747,20.1016,20.3326,20.9037,20.5341,20.6605,19.8072,19.7019,19.8081,20.2867,20.8012,20.6595,19.8293,20.5682,19.8716,20.8566,20.1725,20.2453,20.9832,21.2068,22.5199,19.652,19.8805,19.661,20.6135,21.8014,20.011,19.6836,19.8039,20.0661,20.2087,20.1014,20.228,20.3385,20.4753,21.2463,20.2373,20.4278,20.5741,21.0728,22.3524,20.5676,20.6588,20.8332,20.7018,21.2185,20.1639,20.3299,20.6715,21.0326,21.1487
770,4:40:55 PM,20.0851,19.9827,20.1408,20.1281,20.5394,20.6925,20.347,20.6697,20.7348,20.9044,20.7787,20.5685,20.3806,20.4486,20.6767,20.6511,20.6913,20.7657,21.0329,21.3299,21.0522,20.651,20.6069,20.4734,20.7616,20.0462,20.1015,20.1827,19.904,20.2924,20.7303,20.3371,20.9499,20.8718,21.4534,20.8593,20.8411,20.714,20.5961,20.7849,20.7815,20.9314,21.0108,21.281,21.6172,21.0857,21.1159,21.1095,20.7448,20.9007,19.9075,19.9287,20.0232,19.7736,20.855,20.2537,20.4359,20.8269,21.2119,21.0103,20.6187,20.3493,20.5177,20.8718,21.2502,20.9867,20.3315,20.1726,20.5609,21.1053,20.0767,20.4962,20.8861,20.6038,20.8481,19.8762,19.8233,20.0011,20.3233,20.8714,20.7563,19.781,20.4319,19.8284,21.1316,20.016,20.3876,20.9014,21.0103,22.594,19.5348,19.5777,19.6894,20.5913,21.7416,19.9618,19.7706,19.8504,20.1309,20.2676,20.203,20.2354,20.3485,20.5411,20.7637,20.3181,20.5359,20.6595,21.203,22.501,20.5607,20.2845,20.6801,20.7347,20.9824,20.0419,20.353,20.5829,21.0356,21.2819
771,4:41:15 PM,20.013,20.2114,20.027,20.3308,20.5726,20.3706,20.3103,20.5112,20.5313,20.8243,20.6343,20.5447,20.5723,20.6198,20.7759,20.6214,20.7766,20.7779,20.9807,21.444,20.8192,20.6214,20.6646,20.5127,20.6957,20.0946,20.2829,19.9199,20.2485,20.3895,20.9728,20.5757,20.8038,21.0206,21.4623,20.8957,20.6229,20.6637,20.8667,21.0047,20.8381,20.8919,20.9118,21.3189,21.524,20.9175,21.0676,21.0226,20.6498,20.931,20.1181,19.6854,19.8082,20.0086,20.6604,20.2751,20.4359,21.0027,21.0349,21.3094,20.394,20.4927,20.4013,20.9569,21.3796,20.7389,20.2808,20.1168,20.5685,21.3634,20.2195,20.5511,20.6181,20.4202,20.9188,19.8523,19.8003,20.0148,20.201,20.7546,20.7076,19.9035,20.333,19.9096,21.0072,20.1583,20.1788,21.0338,21.5176,22.2696,19.6118,19.6916,19.9397,20.9523,21.7145,19.837,19.901,20.1227,19.9702,20.1236,20.2152,20.1659,20.4425,20.33,20.9484,20.0633,20.4203,20.628,21.0617,22.2679,20.6957,20.2448,20.7415,20.7018,21.0767,19.9308,20.4116,20.4564,20.7745,21.5491
772,4:41:35 PM,19.907,19.8241,19.868,20.1638,20.476,20.3806,20.2869,20.5921,20.6939,20.6254,20.5423,20.5297,20.3292,20.5149,20.6525,20.7026,20.7108,20.8011,20.9937,21.4575,20.8711,20.577,20.6798,20.1236,20.6538,19.9793,20.2021,20.0245,20.2007,20.2893,20.5633,20.5192,20.7905,20.9436,21.3258,20.9561,20.5796,20.6801,20.7521,20.6825,20.6931,20.9229,20.9953,21.2006,21.5434,21.0131,21.0945,21.1232,20.6341,20.7396,20.0596,19.6485,19.9509,19.926,20.7749,19.8617,20.4095,20.8269,20.9777,20.9906,20.5335,20.4678,20.5766,21.0329,21.4651,20.631,20.4566,20.1314,20.7104,21.1662,20.2311,20.6593,20.7942,20.5692,20.9644,19.954,19.8005,19.8932,20.1838,20.6496,20.6418,19.8945,20.0245,19.8518,20.9065,20.1628,20.4152,20.9369,21.3206,22.7851,19.5667,19.7003,19.9383,20.8607,21.6843,19.9899,19.9563,20.1144,20.2103,19.862,20.2266,20.2548,20.6095,20.5902,21.1767,20.2309,20.5017,20.7294,21.0991,22.9603,20.5855,20.4437,20.6077,20.5969,20.7432,20.0274,20.4434,20.5262,21.0597,21.4735
773,4:41:55 PM,19.8754,19.9873,19.9631,20.402,20.4153,20.3786,20.2555,20.5226,20.8251,20.8048,20.5459,20.5928,20.3523,20.6382,20.718,20.5591,20.8353,20.7845,21.0404,21.3491,20.7902,20.4653,20.6923,20.538,20.8371,19.926,20.0877,20.0132,20.1302,20.4444,20.7371,20.4869,20.6409,20.984,21.2754,20.878,20.7277,20.785,20.7316,20.8041,20.7763,20.7341,21.0175,21.4151,21.666,20.9693,21.2031,20.9437,20.616,20.7852,20.0405,19.755,20.045,19.807,20.6611,20.0725,20.3926,20.7378,20.7207,20.7858,20.4937,20.4773,20.4407,20.97,21.4697,20.7473,20.2845,20.1557,20.6386,21.1777,20.4727,20.4509,20.7854,20.5867,20.756,19.9652,19.6088,19.9599,20.2874,20.529,20.9395,19.8775,20.2076,19.9115,21.0796,20.1213,20.2125,21.1256,21.106,21.9905,19.4637,19.6973,19.8859,20.5549,21.8042,19.8075,20.0941,20.0357,19.8906,19.9988,20.1503,20.2898,20.3223,20.3486,21.4777,20.242,20.6088,20.9197,21.44,23.07,20.7357,20.221,20.5402,20.8279,21.0371,19.8949,20.3004,20.7687,21.0735,21.2843
774,4:42:15 PM,19.8758,20.0575,19.8,20.2269,20.4201,20.4657,20.5507,20.6383,20.8261,20.697,20.6115,20.4216,20.1925,20.5687,20.7178,20.6595,20.7665,20.8637,20.9361,21.5128,20.76,20.785,20.7167,20.5942,20.9199,20.093,20.2006,19.8537,20.14,20.4309,20.4899,20.4786,20.8684,21.0162,21.3471,20.6378,20.559,20.6366,20.8614,21.1847,20.8085,20.7274,20.8852,21.1797,21.5823,21.0895,21.1931,21.0831,20.7223,20.9032,20.0292,19.7493,19.8316,19.9506,20.5369,20.253,20.4793,20.879,21.0475,21.2211,20.6089,20.4629,20.4556,20.9226,21.6993,20.8167,20.5005,19.9782,20.5719,21.107,20.6393,20.5864,20.9683,20.7656,20.6406,19.8746,19.7413,20.0454,20.289,20.6301,20.6307,19.7265,20.3305,19.8938,20.9061,20.0671,20.3659,20.885,21.0153,22.6482,19.6632,19.8502,19.9096,20.4241,21.6687,19.9828,19.6988,20.2027,20.303,20.2204,20.1828,20.1225,20.4016,20.3385,21.2103,20.1867,20.4338,20.6514,21.0578,23.112,20.5678,20.1227,20.6844,20.5919,21.0349,20.0667,20.242,20.688,21.0884,21.1689
775,4:42:35 PM,20.1093,20.1908,19.8476,20.4788,20.4792,20.5533,20.6156,20.887,20.768,20.8568,20.6632,20.4222,20.3947,20.5771,20.9246,20.7262,20.7027,20.8713,20.8254,21.4887,20.8649,20.793,20.6665,20.3169,20.8345,20.0943,20.1729,19.744,20.0218,20.3424,20.8582,20.7578,20.8458,20.9914,21.4158,20.6831,20.7942,20.5424,20.5604,20.8475,20.899,20.7653,21.0465,21.112,21.577,21.0329,21.1642,21.1336,20.6582,20.8503,20.0442,19.6905,19.9919,19.9434,20.6901,19.9859,20.4996,20.797,21.0712,20.9906,20.4651,20.3671,20.2342,21.0334,21.675,20.5651,20.3071,20.0969,20.5714,21.2551,20.2569,20.6357,20.6355,20.5928,20.7329,19.8155,19.7479,19.9267,20.2531,20.6418,20.8883,19.7667,19.9749,19.8815,20.8409,20.1125,20.4967,21.0089,21.1707,22.3685,19.5606,19.6351,19.9415,20.8982,21.7017,20.0212,19.9876,20.2449,19.8628,20.3739,20.11,20.2801,20.3818,20.4073,21.2131,20.0019,20.4211,20.502,21.2327,23.0147,20.4366,19.8472,20.7493,20.5784,20.8445,19.7912,20.4078,20.7261,20.9235,21.281
776,4:42:55 PM,19.9629,19.9344,19.9337,20.1225,20.5735,20.4841,20.616,20.7635,21.0063,20.8826,20.5455,20.4731,20.3346,20.5027,20.8174,20.459,20.7994,20.9754,20.9816,21.3016,20.7624,20.5419,20.6851,20.6518,20.8372,20.0958,20.2234,20.1275,20.1522,20.4274,20.6895,20.3285,20.8825,20.9626,21.4675,20.8574,20.575,20.6555,20.784,21.0027,20.7948,20.8244,20.7329,21.2446,21.6465,20.9974,21.3073,21.1916,20.7442,20.7575,20.0143,19.7357,19.7488,19.8924,20.5509,20.2671,20.3467,20.8827,21.1242,21.2046,20.4046,20.5744,20.3424,21.0091,21.6563,20.7046,20.3151,20.0335,20.6195,21.6367,20.191,20.6201,20.7259,20.5116,20.8666,19.9938,19.8552,19.9904,20.2012,20.7702,20.7331,20.0389,20.3409,19.8803,20.915,20.1198,20.3971,21.0579,21.2703,22.2571,19.7324,19.6896,19.6623,20.6631,21.7483,20.0804,19.8851,20.0133,20.0933,20.0999,19.8857,20.2205,20.4078,20.2159,21.2776,20.0186,20.3287,20.6077,21.0316,23.0814,20.5501,20.5929,20.755,20.6386,20.8963,19.8014,20.2868,20.712,20.9923,21.2716
777,4:43:15 PM,20.0343,19.8881,19.9576,20.1945,20.3774,20.2838,20.4576,20.7911,20.7344,21.0334,20.6457,20.4704,20.4229,20.2171,20.6246,20.7305,20.5901,20.7398,20.8735,21.4435,20.8516,20.809,20.6777,20.3844,20.7941,20.0373,20.3323,20.0694,19.9742,20.3319,20.58,20.5926,20.8616,20.851,21.4693,20.7689,20.6914,20.6135,20.4973,20.7591,20.8087,20.7883,21.0631,21.2533,21.6351,20.9879,21.1696,21.103,20.5095,21.0119,19.8907,19.6999,20.094,19.906,20.6551,20.2201,20.4102,20.7943,21.0243,21.2402,20.3464,20.539,20.3948,20.9861,21.4853,20.7693,20.3282,20.2035,20.7008,21.2781,20.0864,20.6117,20.7036,20.692,21.11,19.9099,19.9265,19.8147,20.3867,20.7728,20.8246,19.9966,20.5655,19.8518,20.546,20.1162,20.3721,20.9619,21.3637,22.3149,19.4953,19.5908,19.8241,20.6424,21.8572,19.9067,19.9589,20.0747,19.9079,20.1231,20.2008,20.1773,20.3212,20.4919,21.4509,19.9307,20.3826,20.6414,21.6455,22.9296,20.6059,20.3906,20.6406,20.7109,20.9517,19.7651,19.9817,20.528,20.9354,21.367
778,4:43:35 PM,20.1454,19.9448,19.8534,20.3448,20.4203,20.414,20.3424,20.7996,20.9599,21.0154,20.6092,20.4415,20.4364,20.4747,20.6409,20.7562,20.7015,20.7459,20.8903,21.4485,20.8337,20.6052,20.5713,20.4335,20.8557,20.0586,20.0756,19.916,19.9043,20.3192,21.0518,20.5294,20.8839,20.9521,21.445,20.8322,20.5829,20.5551,20.4611,20.4407,20.8297,20.6613,20.7907,21.3232,21.6109,20.7455,21.1442,21.1138,20.7375,21.0451,20.0185,19.7959,19.8122,19.7711,20.6058,20.1296,20.6035,20.8244,21.09,20.9134,20.5554,20.4334,20.566,21.0148,21.4094,20.7811,20.2456,20.2741,20.6456,21.3275,20.1597,20.5269,20.6988,20.584,20.7772,19.9667,19.8628,19.9639,20.3904,20.6083,20.6154,19.9799,20.1271,20.0574,20.7259,20.0466,20.3385,21.0338,21.1999,21.6659,19.878,19.7786,19.752,20.7609,21.7004,19.9931,19.8476,20.3556,20.3426,20.7759,20.1152,20.25,20.4241,20.2396,21.3031,20.1729,20.5098,20.8779,21.2715,22.1791,20.5478,20.0619,20.6595,20.6534,20.8291,19.9122,20.3593,20.5042,20.9499,21.3749
779,4:43:55 PM,20.04,20.1039,19.723,20.1433,20.4373,20.4689,20.4034,20.716,20.9168,21.0561,20.4271,20.5665,20.4081,20.4566,20.599,20.5888,20.9313,20.8234,21.0627,21.3932,20.7334,20.6513,20.667,20.5368,20.8042,20.0079,20.2457,20.0326,20.1319,20.3471,20.7237,20.7542,20.8443,20.9485,21.3748,20.7993,20.6596,20.6325,20.5974,21.0935,20.7654,20.8488,20.9007,21.1994,21.5911,21.0087,21.0746,21.0756,20.6373,20.741,19.808,19.7929,19.9911,19.7483,20.5241,20.3143,20.3445,20.7839,20.9972,20.8277,20.3712,20.4749,20.4905,21.0035,21.4694,20.714,20.4054,20.1687,20.4347,21.235,20.2186,20.6107,20.7614,20.6924,21.0092,19.8289,19.8427,19.9725,20.3201,20.7615,20.8,19.8587,20.4144,19.8548,20.5661,20.2259,20.2471,21.0546,21.3783,22.2123,19.7257,19.5405,19.5866,20.6973,21.7672,20.0385,19.91,20.282,20.0781,20.0499,20.1235,20.2238,20.6533,20.4022,21.5063,20.1522,20.4349,20.6672,21.872,22.5152,20.5427,20.2128,20.7393,20.8547,21.094,19.9187,20.3862,20.7085,20.9904,21.4152
780,4:44:15 PM,20.0071,19.997,20.049,20.1626,20.6249,20.5989,20.3254,20.831,20.8676,21.0361,20.6835,20.62,20.4303,20.3934,20.6759,20.6202,20.7066,20.9167,20.9611,21.6472,20.9383,20.5723,20.6462,20.7132,20.7917,19.9315,19.9558,19.9065,20.2169,20.377,20.7631,20.5263,20.8711,20.8946,21.4091,20.7701,20.5658,20.6745,20.7314,20.8516,20.8923,20.8319,20.9756,21.2777,21.3225,20.7839,21.1862,21.1581,20.6421,20.7098,19.9498,19.6097,19.8789,19.8182,20.5897,19.8998,20.4245,20.8331,21.0771,21.2654,20.2974,20.4531,20.3966,21.1329,21.4606,20.7439,20.2471,20.1889,20.8382,21.3171,20.0583,20.5851,20.8013,20.6669,20.6777,19.7245,19.8207,19.9173,20.3573,20.773,20.7563,19.947,20.3704,19.7997,21.0167,20.2027,20.3925,21.0563,21.5752,22.4444,19.84,19.7155,19.9006,20.7792,21.9737,19.9445,19.9678,19.9712,20.0083,20.8075,20.1598,20.2917,20.4522,20.4763,21.0198,20.1326,20.3553,20.6699,21.2783,22.8338,20.5691,20.4848,20.6555,20.5079,20.6808,19.9628,20.4068,20.4036,21.019,21.4026
781,4:44:35 PM,19.9545,20.1721,20.0673,20.1942,20.5339,20.44,20.2825,20.5931,20.8039,20.8619,20.6596,20.4764,20.3504,20.4375,21.0371,20.7148,20.7667,20.7565,21.0009,21.505,20.793,20.4881,20.7335,20.3322,20.86,20.1091,20.2232,19.8836,20.0318,20.2905,20.6834,20.4215,20.8416,20.8442,21.4049,20.6452,20.5085,20.6886,20.9113,21.2016,20.825,20.8071,20.9603,21.3132,21.5606,21.0442,21.1224,21.1016,20.5937,20.8213,19.9844,19.7307,19.9379,19.8861,20.6615,20.277,20.3894,20.6872,20.965,21.115,20.6215,20.3168,20.253,20.9824,21.4454,20.5201,20.3292,20.0181,20.531,21.205,20.3027,20.652,20.8164,20.6261,20.969,19.7898,19.7553,19.936,20.4559,20.6929,20.5763,19.7273,20.5924,19.7031,20.8374,20.0491,20.2971,20.7737,21.1293,22.6759,19.6756,19.5783,19.739,20.5844,21.7162,20.0805,20.1578,20.1444,20.0415,20.1498,20.1641,20.3244,20.4091,20.5239,20.9988,20.1433,20.4098,20.5913,20.9407,22.4352,20.3895,20.3192,20.4871,20.6541,20.4959,20.0854,20.3323,20.4901,20.8515,21.4542
782,4:44:55 PM,19.8191,19.8152,19.6976,20.1704,20.3543,20.3498,20.383,20.7882,20.9071,20.7539,20.4584,20.4679,20.4699,20.5186,20.7453,20.5508,20.7875,20.8347,20.9737,21.4428,20.7548,20.6125,20.6153,20.6452,20.736,19.8956,20.1221,19.9113,19.911,20.4211,20.4845,20.4239,20.8779,21.0058,21.5474,20.7479,20.6145,20.7484,20.8452,21.0839,20.9853,20.8712,20.8739,21.2947,21.7599,21.0121,20.983,21.1449,20.643,20.782,20.1433,19.6469,19.9166,19.8445,20.8248,20.1819,20.4829,20.8219,20.9602,21.3499,20.5884,20.4254,20.4002,20.9737,21.6671,20.753,20.3231,20.2437,20.5906,21.2089,20.2027,20.57,20.9385,20.7613,21.0047,19.7906,19.8752,19.9057,20.3371,20.7241,20.7592,19.8478,20.4128,19.8551,21.0284,20.0571,20.19,20.8368,21.2583,22.5177,19.6533,19.6581,19.7189,20.4025,21.8123,19.7908,19.848,20.0201,20.0292,20.255,20.2125,20.128,20.2748,20.5325,21.4291,19.985,20.3311,20.7185,21.1675,22.8043,20.4428,20.2766,20.7033,20.7682,20.9587,19.977,20.338,20.5253,20.9821,21.3763
783,4:45:15 PM,20.0173,19.9841,19.8425,20.2976,20.3912,20.3549,20.4683,20.777,20.9689,20.9454,20.4753,20.6555,20.3459,20.5659,20.9365,20.6559,20.8622,20.8543,20.9505,21.3667,20.5406,20.5234,20.7408,20.6743,20.8988,20.0814,20.3236,20.0009,20.069,20.4528,20.9584,20.5163,20.7637,20.9485,21.7162,20.7224,20.6425,20.762,20.7961,21.3644,20.7956,21.0357,20.9479,21.2661,21.6228,21.1935,21.2268,21.0446,20.7385,20.9271,19.9685,19.7764,20.0783,19.7603,20.7184,20.1139,20.3852,20.9714,20.8825,21.0655,20.4839,20.4666,20.45,21.0168,21.495,20.6351,20.2684,20.1305,20.6439,21.2695,20.3261,20.6624,20.7874,20.6477,21.0308,19.813,19.8091,20.0487,20.234,20.7414,20.7144,19.8645,19.9167,19.7499,20.7687,20.1368,20.2527,20.8995,21.209,22.431,19.7618,19.7744,19.7288,20.6665,21.8829,19.7971,19.8536,20.1509,19.8065,19.9761,20.1295,20.2681,20.42,20.3588,21.3382,20.2101,20.3399,20.624,21.2771,23.1025,20.5813,20.3321,20.638,20.7828,20.846,19.9825,20.4339,20.4207,20.8933,21.2323
784,4:45:35 PM,19.8283,19.9671,19.9566,20.3587,20.4163,20.4176,20.3194,20.6295,20.929,20.9687,20.7001,20.333,20.4387,20.4434,20.8622,20.6733,20.822,20.806,21.1104,21.4159,20.8129,20.6492,20.6529,20.7362,21.0267,20.002,20.2554,20.2198,20.0059,20.2948,20.9323,20.6799,20.7584,20.9088,21.3893,20.7757,20.6087,20.5783,20.6881,20.8449,20.7051,20.962,20.9073,21.4085,21.7215,21.109,21.0532,21.0223,20.5795,20.9911,19.8081,19.7486,19.9573,20.0903,20.7316,20.1189,20.5026,20.7968,21.0765,20.9465,20.4321,20.5782,20.264,21.0635,21.4353,20.6858,20.3071,20.1937,20.5144,21.2547,20.2156,20.4178,20.9031,20.6891,21.1294,19.7584,19.8109,19.9082,20.4514,20.6632,20.7355,19.6475,19.8931,19.9453,21.0217,20.0265,20.2825,21.0818,21.2981,22.3053,19.81,19.6098,19.9872,20.6935,21.6919,19.9108,19.8338,19.8743,19.6275,19.9102,20.307,20.1936,20.426,20.4485,21.2235,20.0515,20.4363,20.7513,21.1951,22.8331,20.5234,20.3028,20.6472,20.7483,20.7644,19.9341,20.3795,20.4506,21.211,21.5284
785,4:45:55 PM,20.0103,19.9764,19.9071,20.2861,20.4892,20.5457,20.497,20.8143,20.9804,20.8318,20.4054,20.4235,20.4429,20.4005,20.6908,20.5943,20.8213,20.8111,20.9663,21.2213,20.8062,20.4526,20.624,20.0135,20.6857,19.9352,20.2828,20.0286,20.0159,20.449,20.775,20.4987,20.7264,20.9439,21.3657,20.7031,20.587,20.7513,20.711,20.7849,20.8324,20.8477,20.8383,21.4494,21.4593,20.9208,21.264,21.1132,20.5558,20.8933,19.9312,19.7184,19.9603,19.6848,20.6799,20.3425,20.5061,20.8014,21.1496,21.1876,20.5195,20.4458,20.3522,21.0831,21.5852,20.6092,20.4339,20.0338,20.4482,21.1499,20.1243,20.8155,20.7403,20.5701,20.7423,19.806,19.7452,19.9378,20.31,20.694,20.6985,19.8693,20.1897,19.8033,20.7096,20.0351,20.3189,21.0524,21.3915,22.6479,19.6407,19.7243,19.6164,20.3065,21.9125,19.8237,19.7301,20.1477,19.7636,19.9973,20.0177,20.2051,20.2189,20.5377,21.3861,20.0814,20.2776,20.5323,21.2152,22.7604,20.4683,20.2802,20.5141,20.4937,20.734,19.8196,20.3383,20.8103,20.9037,21.3992
786,4:46:15 PM,19.8187,20.0172,19.838,20.1786,20.5313,20.4138,20.2932,20.5543,20.8429,20.8895,20.5542,20.4714,20.2944,20.4716,20.6325,20.5965,20.7283,20.8027,20.926,21.4,20.9294,20.6501,20.6619,20.4789,20.6469,20.0527,20.1603,19.9479,20.1958,20.2913,20.3447,20.4041,20.8093,21.1334,21.4105,20.7517,20.6964,20.5629,20.7039,20.8547,20.7958,20.696,21.0658,21.3111,21.5127,20.9675,21.1737,21.1014,20.6268,20.921,20.0468,19.6956,19.9616,19.9077,20.5404,20.1062,20.3645,20.9416,20.88,21.1761,20.3122,20.5266,20.3366,20.8765,21.4436,20.8237,20.3671,19.9996,20.5024,21.3019,20.2176,20.4125,21.0585,20.5981,21.0339,19.688,19.6354,19.8966,20.3318,20.5645,20.5646,20.001,20.0598,19.8137,20.5468,20.0557,20.2563,20.984,21.0823,22.6455,19.8859,19.7583,19.6237,20.6186,21.895,20.0267,19.7054,20.256,20.0195,19.6879,20.1055,20.2141,20.3672,20.4861,21.322,20.0908,20.3011,20.6277,21.0354,22.4789,20.4289,20.1619,20.5678,20.668,20.482,19.9753,20.3196,20.721,21.2612,21.2778
787,4:46:35 PM,19.9333,20.1865,19.857,20.0368,20.3408,20.4325,20.4899,20.6404,20.9276,20.4729,20.494,20.5811,20.3122,20.3519,20.6377,20.602,20.8513,20.9656,20.8184,21.2692,20.6534,20.6449,20.7231,20.4996,20.7106,20.1683,20.2616,20.0784,20.2327,20.2906,20.4998,20.4914,20.7146,20.9091,21.2451,20.7518,20.6933,20.712,20.6962,20.8173,20.7239,20.7917,20.6997,21.3167,21.5648,21.096,21.183,21.0021,20.7041,20.8803,19.8471,19.7212,19.9231,19.8457,20.6916,20.1891,20.4807,20.7686,21.0102,20.8246,20.4759,20.5045,20.2192,20.8147,21.3658,20.6332,20.3083,20.1054,20.5571,21.2694,20.2311,20.4393,20.6218,20.5158,20.9586,19.8322,19.7275,19.9337,20.3947,20.7075,20.6958,19.7913,20.1574,19.6007,20.7737,19.9308,20.3556,20.8565,21.0542,22.171,19.6686,19.7253,19.8929,20.5212,22.0158,19.9395,19.9857,20.2163,20.1305,20.2596,20.2032,20.2017,20.4829,20.4851,21.0753,20.2258,20.4584,20.523,20.8021,22.1073,20.5918,20.0681,20.582,20.5542,20.6181,19.8162,20.3174,20.5303,20.928,21.243
788,4:46:55 PM,19.7335,19.8102,19.7984,20.0574,20.3309,20.394,20.3751,20.4991,20.8005,20.6031,20.627,20.4905,20.265,20.2061,20.6763,20.5919,20.8185,20.6346,20.8228,21.4114,20.7232,20.5199,20.6462,20.3639,20.7586,19.7523,20.1093,19.7434,20.1077,20.1984,20.6785,20.5712,20.7896,21.108,21.4003,20.7655,20.5344,20.7199,20.8902,21.1318,20.8881,20.7987,20.9343,21.3717,21.635,21.0624,21.3012,21.0991,20.8248,20.8399,19.876,19.5439,19.8742,19.9087,20.5853,19.7182,20.4121,20.948,21.058,20.9206,20.6362,20.3765,20.3761,20.8138,21.3203,20.6352,20.3486,20.1221,20.5646,20.9962,20.2998,20.3653,20.7957,20.543,20.8951,19.5042,19.6984,20.0577,20.3575,20.6977,20.5939,19.8077,20.1018,19.7055,20.7439,19.9058,20.201,20.8041,20.8173,22.0429,19.7731,19.8309,19.9597,21.035,22.0288,20.0242,20.418,20.3506,19.9636,20.2063,20.103,20.2018,20.5392,20.2087,21.1875,19.9441,20.2458,20.4235,21.1253,22.8615,20.3782,20.2772,20.5623,20.4922,20.4507,19.85,20.2248,20.7525,21.2835,21.5792
789,4:47:15 PM,19.8426,19.9379,19.7776,20.1685,20.3824,20.5089,20.2954,20.7905,20.8469,20.7997,20.4057,20.4383,20.2477,20.3221,20.4327,20.7094,20.6238,20.5677,21.0595,21.4354,20.6533,20.6835,20.5279,20.1719,20.738,19.9163,20.1052,19.619,20.236,20.2745,20.3371,20.398,20.6059,21.093,21.2542,20.5473,20.6455,20.4369,20.4427,20.6882,20.7287,20.6414,20.9683,21.3508,21.5186,21.0731,21.2081,21.0178,20.5723,20.9976,19.7902,19.506,19.7894,19.7867,20.757,19.9652,20.3689,20.5849,20.6639,20.657,20.2524,20.5796,20.3478,20.813,21.1843,20.5874,20.4011,20.2071,20.5745,21.2027,20.0897,20.7859,20.9118,20.6486,20.9085,19.7012,19.5057,19.9556,20.1449,20.7265,20.5614,19.5292,20.1089,19.3783,20.7326,20.0381,20.2525,21.0005,21.1167,22.4071,19.6643,19.6881,19.7875,20.636,22.1887,20.0841,20.0366,20.2476,20.1583,20.021,20.0226,20.1956,20.3674,20.2449,21.1833,19.9221,20.2249,20.4433,21.0907,22.7983,20.5782,20.1896,20.2721,20.3245,20.8046,19.8915,20.1394,20.603,20.981,21.3781
790,4:47:35 PM,19.6343,19.834,19.678,20.1885,20.5201,20.35,20.433,20.779,20.7445,20.8302,20.5511,20.5913,20.3508,20.3787,20.3295,20.5557,20.5867,20.7001,20.9228,21.5041,20.9073,20.7633,20.7089,20.4166,20.8949,19.862,20.115,19.9025,20.0754,20.4613,20.5107,20.5161,20.7913,20.9223,21.2049,20.6653,20.6385,20.595,20.4079,20.5555,20.6269,20.6027,20.9341,21.2785,21.4976,21.0865,21.0753,21.0572,20.5231,20.8603,19.8458,19.5482,19.8213,19.6821,20.5058,19.9568,20.3636,20.6803,21.0963,21.2655,20.4538,20.4866,20.4699,20.8092,21.3624,20.717,20.3783,20.0095,20.5721,21.3332,20.1521,20.5535,20.9472,20.5476,20.7883,19.6486,19.5424,19.8089,20.0853,20.6934,20.5267,19.7534,20.2691,19.4937,20.8305,20.0044,20.2428,20.7957,21.1799,22.4451,19.6039,19.708,19.7997,20.7424,21.9684,20.114,20.054,20.2733,20.1869,20.1005,20.1404,20.1406,20.4322,20.339,20.6731,19.6841,20.3748,20.5825,21.0605,22.8355,20.7757,20.1601,20.695,20.5019,20.9398,19.9956,20.3576,20.4423,20.8054,21.3705
791,4:47:55 PM,19.7367,19.7512,19.8915,20.0745,20.4817,20.5518,20.7535,20.8257,20.8319,21.0427,20.6132,20.4195,20.2668,20.3288,20.6,20.6189,20.5954,20.7855,20.959,21.4472,20.9341,20.8618,20.7344,20.5685,20.7396,20.0317,20.1602,20.0118,20.0567,20.3771,20.5244,20.5037,20.8262,20.9353,21.4358,20.6384,20.5257,20.5486,20.4244,20.4274,20.6267,20.6898,20.8709,21.223,21.6455,20.9789,20.958,21.1602,20.7756,20.7569,19.9095,19.7047,19.7509,19.9661,20.5411,20.2026,20.4281,20.7658,20.9003,21.0149,20.4821,20.4161,20.4758,20.6865,21.4775,20.6246,20.0944,19.9913,20.665,21.5503,20.1642,20.5132,20.7604,20.763,20.9653,19.7578,19.647,19.7654,20.0735,20.7306,20.5561,19.8279,19.9456,19.5282,20.7029,19.7784,20.1985,20.9217,21.0719,22.3745,19.6902,19.6527,19.954,20.5824,22.2111,20.1651,19.673,20.2695,20.334,19.9312,20.0818,20.2781,20.3536,20.2802,20.6489,20.0127,20.2002,20.6052,21.0883,22.1571,20.4593,20.2989,20.6153,20.6246,20.5248,19.8308,20.4433,20.5339,20.9548,21.4083
792,4:48:15 PM,19.8115,19.9041,19.8209,20.1723,20.3406,20.3158,20.403,20.6463,20.9301,20.9552,20.4307,20.3376,20.263,20.3386,20.5373,20.6253,20.7037,20.8881,21.0024,21.3436,20.972,20.697,20.6479,20.4955,20.6964,19.9868,20.19,20.0797,19.9972,20.0738,20.7882,20.5468,21.0552,21.0102,21.3283,20.7,20.5655,20.5588,20.4273,20.5094,20.6179,20.6893,20.9599,21.0831,21.362,20.9587,21.0935,21.0681,20.6649,20.7876,19.7958,19.4214,19.9385,19.8683,20.5777,19.9368,20.3028,20.8674,21.0186,21.14,20.3233,20.5604,20.3131,20.7195,21.4781,20.6819,20.2212,20.1084,20.5233,21.2807,20.353,20.4736,20.7434,20.6675,20.6585,19.5989,19.6598,20.0658,20.1194,20.8218,20.6572,19.8113,20.2845,19.4547,20.8283,20.0446,20.2355,20.9206,21.095,22.3772,19.6088,19.7714,19.7996,20.5639,22.0494,20.0193,19.8981,20.0986,20.2751,20.3663,20.0448,20.1531,20.3425,20.4443,21.0637,20.0602,20.4997,20.575,21.1867,22.7521,20.4572,20.1914,20.3952,20.4792,20.7342,20.0091,20.447,20.5979,20.8762,21.33
793,4:48:35 PM,19.8376,19.8502,19.8221,20.058,20.4867,20.4104,20.4651,20.8229,20.6784,20.5999,20.4379,20.4759,20.1996,20.2645,20.2265,20.6508,20.6838,20.7692,20.8084,21.2733,20.8611,20.6867,20.5645,20.6359,20.6602,19.9311,20.2108,19.8681,20.0315,20.3702,20.6573,20.4631,20.7787,20.8945,21.4592,20.7026,20.6544,20.6198,20.4801,20.6937,20.6641,20.9121,20.8903,21.1516,21.4139,21.1215,21.1935,20.9163,20.6954,20.9442,19.8811,19.6668,19.7824,19.8468,20.4833,19.9701,20.4586,20.9084,20.9996,21.063,20.6077,20.3345,20.4638,20.7839,21.5342,20.6803,20.2248,20.0418,20.6348,21.3289,20.5461,20.632,20.6248,20.5663,20.8036,19.8153,19.6978,19.9543,20.3192,20.849,20.6432,19.9547,20.2858,19.597,20.8951,20.0476,20.222,21.0031,21.3111,22.0108,19.5614,19.784,19.7511,20.3342,21.9866,20.0486,20.0923,20.3008,20.2773,20.0667,19.9779,20.2174,20.4395,20.4648,20.8747,20.0434,20.4073,20.7271,21.6411,22.8002,20.5118,20.3521,20.5765,20.4909,20.8633,19.9662,20.4738,20.5685,20.8236,21.2975
794,4:48:55 PM,19.8859,20.0297,19.8666,20.2169,20.3906,20.6373,20.4162,20.7671,20.9661,20.7433,20.689,20.3935,20.2025,20.2481,20.3342,20.6126,20.6571,20.6927,21.0684,21.502,20.8507,20.5689,20.5928,20.5035,20.8341,20.0318,20.1233,19.9723,19.9378,20.4307,20.5247,20.5161,20.8757,20.9655,21.2861,20.7487,20.5161,20.638,20.4191,20.8975,20.6429,20.5463,21.0092,21.4164,21.464,20.9426,21.1396,21.1751,20.6889,20.842,19.9412,19.4871,19.8656,20.0067,20.643,19.8488,20.4813,20.869,21.0479,21.1998,20.5428,20.4735,20.2317,20.8212,21.5052,20.4991,20.2405,20.225,20.5617,21.3799,20.053,20.697,20.7403,20.5742,20.5894,19.6914,19.7418,19.9328,20.1386,20.8525,20.6222,19.8084,20.0717,19.8628,20.8246,20.1943,20.264,21.0647,21.1115,22.4476,19.7398,19.7653,19.7637,20.8287,22.0283,20.0933,19.8026,20.1139,20.2931,20.1886,19.9583,20.1081,20.3823,20.4316,20.8516,20.0075,20.3513,20.6233,21.0482,22.7434,20.4515,20.0097,20.5277,20.5853,20.5538,19.962,20.4444,20.5472,20.9253,21.4472
795,4:49:15 PM,19.7305,19.8156,19.7562,20.3308,20.4239,20.6237,20.5162,20.6325,20.8722,20.8979,20.5509,20.4327,20.2473,20.5868,20.5136,20.6008,20.7889,20.7059,20.8629,21.5016,21.0482,20.7036,20.682,20.591,20.9151,20.0513,19.9598,19.9954,19.9034,20.3251,20.4773,20.5202,20.8312,20.9402,21.291,20.6046,20.5463,20.5417,20.5961,20.8337,20.8038,20.7146,20.8644,21.3135,21.4008,20.812,21.0055,21.063,20.6019,21.0282,19.936,19.5193,19.7785,19.8723,20.6588,20.2495,20.4189,20.759,20.9973,21.0027,20.7283,20.6457,20.366,20.8385,21.8696,20.7261,20.3852,20.0527,20.4781,21.3632,20.3576,20.5083,20.6609,20.6404,20.8249,19.8859,19.7567,20.0913,20.1055,20.7339,20.4741,19.78,20.1303,19.7118,20.769,19.9157,20.2114,20.7532,21.2496,22.0171,19.6959,19.7245,19.9357,20.5794,21.9789,20.0191,19.9763,20.2294,20.2611,20.0432,20.2045,20.1785,20.2981,20.3443,20.9085,20.1798,20.278,20.4078,20.8866,22.7932,20.4337,20.0625,20.4154,20.6501,20.6139,19.9091,20.4459,20.302,20.8257,21.1655
796,4:49:35 PM,19.8022,19.9024,20.0324,20.0686,20.731,20.6722,20.3779,20.65,20.9227,20.9271,20.6252,20.357,20.1971,20.2089,20.3334,20.6351,20.7634,20.7052,20.8459,21.4966,20.9933,20.6576,20.7162,20.4467,20.8564,19.9015,20.2364,19.8873,20.0803,20.4849,20.9356,20.6307,20.9048,21.0275,21.4306,20.6302,20.5451,20.5618,20.3745,20.6293,20.9155,20.7797,20.9929,21.2511,21.3832,20.8846,21.2195,20.9547,20.7123,20.9779,20.0002,19.638,19.7768,19.9352,20.6716,20.1259,20.3606,20.7684,20.9432,20.9258,20.6012,20.5803,20.2827,20.9263,21.3495,20.4709,20.4185,20.1054,20.4098,21.4428,20.2252,20.6438,20.7203,20.8526,21.0765,19.9683,19.6814,19.9301,20.2133,20.5428,20.4313,19.6334,20.0728,19.8112,20.7751,20.0389,20.1825,20.9249,20.9122,21.485,19.5651,19.6926,19.718,20.5168,22.186,19.8976,19.9591,20.3203,19.9764,20.397,20.0511,20.1235,20.4693,20.298,21.0222,20.1526,20.4444,20.5333,21.1544,22.5292,20.4037,20.1232,20.5968,20.6729,20.9506,19.9635,20.4093,20.7137,20.7176,21.246
797,4:49:55 PM,19.9065,19.8644,19.8057,20.2024,20.5747,20.4402,20.3397,20.8998,20.8822,20.9802,20.4345,20.3514,20.2739,20.2504,20.4289,20.6304,20.6627,20.7822,20.9292,21.3867,20.9456,20.4214,20.6401,20.5743,20.7798,19.8471,20.0665,19.9694,20.0017,20.2966,20.6795,20.4762,20.8708,20.9852,21.4355,20.7838,20.7162,20.7023,20.6962,21.163,20.6743,20.8472,20.8805,21.2496,21.5855,21.0497,21.2092,21.1389,20.5755,20.8681,19.8821,19.7335,19.8758,19.8682,20.6865,19.9294,20.2777,20.8941,21.0957,20.9673,20.6046,20.5141,20.2805,20.8152,21.3333,20.5456,20.2424,20.0386,20.5998,21.1747,20.4281,20.4684,20.5569,20.6106,20.7874,19.9866,19.7386,20.0054,20.1691,20.7045,20.6083,19.9351,20.4421,19.8923,20.6697,20.014,20.1955,20.7595,20.9379,22.2124,19.6527,19.7015,19.908,20.7013,21.9338,20.0766,20.2125,20.2661,20.3272,20.2655,20.0402,20.1247,20.3798,20.3694,21.1741,20.2505,20.3421,20.4858,21.2917,22.9037,20.645,20.488,20.5066,20.4876,21.0733,19.8956,20.1828,20.6726,20.8865,21.2498
798,4:50:15 PM,19.8625,19.9995,19.8454,20.0501,20.4419,20.6355,20.4121,20.7693,20.9957,21.0922,20.5878,20.4907,20.2603,20.3306,20.6521,20.599,20.6997,20.6041,20.8759,21.3353,20.7324,20.5207,20.6767,20.6882,20.7799,20.0249,20.3009,19.9902,19.8823,20.1533,20.8043,20.5902,20.8722,21.2484,21.4255,20.6239,20.6767,20.5654,20.8048,20.9026,20.642,20.9152,21.0757,21.3026,21.4568,21.0587,21.119,21.1023,20.609,20.8078,19.9539,19.7411,19.9536,19.9187,20.5878,20.3148,20.2876,20.7866,21.0214,21.1564,20.4769,20.5269,20.4538,20.594,21.5232,20.519,20.3215,20.0882,20.4948,21.1487,20.0811,20.7681,20.6032,20.7326,20.835,19.8406,19.8195,19.9938,20.3163,20.6386,20.4761,19.7627,20.2793,19.9818,20.7466,20.0765,20.3627,20.5329,20.7968,22.09,19.5809,19.6089,19.9123,20.5806,22.1275,19.7894,19.8079,20.2083,20.1967,20.3623,20.1174,20.1665,20.3444,20.4919,21.1284,20.1914,20.5015,20.577,20.9594,22.7844,20.4752,20.2326,20.6832,20.6699,20.8686,19.8369,20.1807,20.6743,21.0441,21.3814
799,4:50:35 PM,19.8963,19.9809,19.7562,20.1483,20.4861,20.4419,20.3798,20.7214,21.0151,20.9097,20.54,20.5153,20.2313,20.5896,20.5675,20.5599,20.5637,20.7923,21.0144,21.3637,20.7285,20.5843,20.782,20.7473,20.9014,20.1471,20.2454,19.935,20.0454,20.3915,20.7671,20.4784,20.7946,20.9037,21.2656,20.6663,20.7157,20.5613,20.8086,20.5488,20.7534,20.758,20.9117,21.4434,21.4676,21.2223,21.061,20.9974,20.6223,20.8581,19.9923,19.8839,20.0087,20.0569,20.6688,20.2426,20.4428,20.8049,21.0151,21.2759,20.5348,20.5018,20.3622,20.777,21.2938,20.6358,20.3033,20.0543,20.5514,21.2067,19.966,20.712,20.7395,20.6617,21.1036,19.8416,19.7438,19.9108,20.2268,20.7345,20.6891,19.8148,20.1748,20.0603,20.808,20.0911,20.3059,20.9043,21.254,22.1504,19.6564,19.6393,19.875,20.6344,22.0832,19.903,19.635,19.8046,20.1252,20.2628,20.2793,20.1111,20.3487,20.6009,21.4597,20.3617,20.4675,20.6416,21.3102,22.665,20.5088,20.218,20.3828,20.4052,20.8236,20.0316,20.1924,20.7068,20.8733,21.3212
800,4:50:55 PM,20.0109,20.0373,19.8723,20.2333,20.4226,20.4382,20.5623,20.6644,20.5782,20.8235,20.604,20.5871,20.3814,20.3916,20.6377,20.5262,20.6389,20.7396,20.8408,21.3468,20.777,20.6916,20.7891,20.3118,21.0531,19.9605,20.2154,19.9363,20.2157,20.3246,20.6276,20.4515,20.7265,20.9578,21.389,20.633,20.6317,20.625,20.7729,21.2759,20.7605,20.7443,20.9641,21.3679,21.5588,20.9277,21.2448,21.0863,20.6162,20.8441,19.8529,19.7521,19.6661,19.8481,20.7116,19.9826,20.3568,20.7669,21.0781,20.8794,20.3537,20.3167,20.3952,20.9365,21.4829,20.6425,20.4248,20.0851,20.6221,21.3011,20.2424,20.5094,20.794,20.6157,21.0611,19.9436,19.8492,19.9025,20.3252,20.5735,20.6228,19.9188,20.2228,20.0492,20.7147,20.2208,20.3921,20.9616,21.4502,22.5517,19.7064,19.6975,20.0072,20.8983,21.8646,19.9275,19.729,20.2162,20.0921,20.124,20.2325,20.24,20.5543,20.6026,21.6035,20.1823,20.4345,20.5593,21.2123,21.7563,20.4231,20.2446,20.4282,20.344,20.7626,19.8484,20.2774,20.6086,21.0346,21.2114
801,4:51:15 PM,20.0678,19.9069,19.9323,20.2385,20.4771,20.4634,20.4463,20.7726,20.7677,21.0028,20.3772,20.5114,20.3848,20.5772,20.8134,20.6109,20.6586,20.6147,21.0269,21.5455,20.921,20.787,20.7907,20.6498,20.9877,19.9196,20.2314,19.9267,20.0246,20.2353,20.9088,20.3345,20.8353,20.9842,21.3542,20.6782,20.6673,20.7405,20.7736,20.9832,20.7415,20.8042,20.7555,21.2982,21.5956,20.8672,21.0992,21.213,20.7022,20.9566,19.8945,19.7516,19.7875,19.9488,20.5633,20.3615,20.537,20.8422,21.1866,21.1316,20.4239,20.4564,20.4491,20.7527,21.5615,20.675,20.3225,20.0052,20.701,21.3769,20.2141,20.5213,20.7832,20.6579,20.6726,19.754,19.6985,19.9626,20.2671,20.5471,20.6262,19.6003,20.2212,19.756,20.7137,20.0294,20.2001,20.8038,21.0115,22.4423,19.5653,19.6164,19.6755,20.4398,21.6869,19.9781,19.7193,20.3387,20.3255,19.8344,20.2358,20.1365,20.3217,20.5248,21.2713,20.1141,20.2448,20.4183,21.1214,22.8867,20.4803,20.0151,20.4721,20.4851,20.7985,19.736,20.1786,20.4329,20.9941,21.6442
802,4:51:35 PM,20.0338,20.0467,19.7813,20.3265,20.2941,20.5965,20.4166,20.6862,20.9906,20.9017,20.4496,20.4673,20.4096,20.3876,20.6613,20.4838,20.6175,20.8293,20.892,21.5355,20.7077,20.7453,20.7941,20.5336,20.7553,20.0076,20.3743,19.991,20.0704,20.1475,20.7701,20.555,20.9623,20.9341,21.318,20.7348,20.6229,20.6633,20.766,21.2589,20.7445,20.8111,21.0056,21.1903,21.5534,20.8751,21.1679,21.1482,20.611,20.8991,19.9466,19.8211,19.8076,19.8241,20.7238,20.2047,20.5507,20.8876,21.0312,20.9653,20.264,20.3883,20.4652,21.0305,21.4769,20.7064,20.2246,20.0651,20.5791,21.5057,20.1989,20.4614,20.6733,20.6946,20.9671,19.8216,19.7649,19.9519,20.3582,20.8089,20.7012,19.8818,19.9532,19.7797,20.8536,20.145,20.5527,20.8832,21.1549,22.2191,19.5022,19.766,19.5451,20.4241,21.8074,19.969,19.8795,20.1847,20.0928,20.3637,20.1533,20.141,20.3777,20.4557,21.2176,20.2242,20.3618,20.6721,21.0195,23.0537,20.5659,20.1463,20.478,20.5783,20.8828,20.1297,20.2728,20.7051,20.9198,21.6238
803,4:51:55 PM,19.8613,19.8722,19.9357,20.259,20.4297,20.4115,20.5127,20.814,20.8611,20.8548,20.4791,20.5312,20.1312,20.2977,20.721,20.6059,20.6128,20.7623,20.8646,21.3832,20.6842,20.8536,20.6474,20.3052,20.8087,20.0982,20.138,20.0105,20.1491,20.3264,20.6149,20.4558,20.7361,20.9737,21.3749,20.6143,20.3889,20.6625,20.945,20.8968,20.7164,20.6874,20.7771,21.3384,21.6064,20.9138,21.2875,21.2548,20.5854,20.936,19.8313,19.7108,19.8357,19.8977,20.7466,20.1381,20.3124,20.7589,21.0455,20.867,20.381,20.3578,20.2099,21.0232,21.6962,20.6973,20.319,20.0819,20.4209,21.1251,19.9525,20.5377,20.8344,20.6254,20.9184,19.6669,19.71,19.9781,20.2538,20.7112,20.7253,19.9581,20.1817,19.6203,20.8628,20.0467,20.2019,20.8936,21.3667,22.2642,19.7206,19.6992,19.7644,20.7285,21.7111,19.9816,19.9769,20.2245,20.2409,20.4659,20.0536,20.1059,20.2627,20.498,21.0648,19.9887,20.4535,20.409,20.956,22.5643,20.5689,20.2993,20.5801,20.53,21.211,19.7938,20.2181,20.6463,21.3256,21.4458
804,4:52:15 PM,19.872,19.9345,19.8711,20.2361,20.4887,20.3388,20.4106,20.903,20.8389,20.9173,20.6275,20.3455,20.2185,20.4402,20.6402,20.7788,20.7611,20.84,20.7813,21.3037,20.867,20.8487,20.8058,20.3919,20.8296,19.9697,20.1289,19.9321,20.1079,20.438,20.6107,20.5478,20.7222,20.9581,21.4942,20.6275,20.5627,20.5557,20.8671,21.0793,20.8145,20.9738,21.0841,21.1398,21.6787,21.0485,20.9407,21.1336,20.8143,20.7347,19.8891,19.6817,19.9092,20.0496,20.6976,20.1989,20.3933,20.733,20.9838,21.065,20.3753,20.4172,20.4106,20.9709,21.5868,20.5808,20.3894,20.1419,20.5249,21.4426,20.0758,20.6575,20.6882,20.5912,20.8555,19.6877,19.6287,19.9249,20.1969,20.7306,20.6346,19.8759,20.1767,19.7832,20.8073,20.166,20.3547,20.9127,21.0487,22.5694,19.4336,19.6438,19.8429,20.3601,21.7393,19.8232,20.0172,20.2104,20.3024,20.789,20.1452,20.008,20.1832,20.3681,21.2096,20.0884,20.3786,20.3892,20.9214,21.7581,20.4439,20.3972,20.7241,20.7011,21.0336,19.7445,20.1847,20.5495,21.0288,21.3647
805,4:52:35 PM,19.8188,19.8293,19.884,20.1778,20.3846,20.4182,20.4807,20.747,20.9314,20.894,20.504,20.4772,20.1843,20.3838,20.665,20.512,20.6889,20.6962,20.7791,21.5411,20.8176,20.7589,20.6868,20.4146,20.8226,20.0851,20.2376,19.7036,20.3518,20.5216,20.8813,20.5177,20.8436,20.7996,21.4303,20.5748,20.7392,20.6814,20.3647,20.8829,20.7725,20.7213,21.0302,21.3378,21.4382,21.1007,21.2239,21.1121,20.8224,20.9588,20.1009,19.5693,19.9804,19.9647,20.8696,20.0514,20.4912,20.8204,20.9526,21.0782,20.3664,20.2597,20.3089,20.9192,21.5461,20.7752,20.3121,20.1924,20.5759,21.4505,20.2177,20.6701,20.9091,20.7033,20.7449,19.934,19.9165,19.8719,20.3844,20.5943,20.5638,19.7285,20.1512,19.7867,21.1162,19.9889,20.1775,20.6074,20.7201,22.2541,19.5493,19.6669,20.0816,20.6207,21.9832,20.0947,19.7682,20.0739,20.1693,20.1215,20.182,20.1294,20.2533,20.4255,21.1815,20.2767,20.4152,20.686,21.0051,22.8943,20.7166,20.519,20.541,20.7014,20.8226,19.8101,20.1094,20.708,21.1138,21.4527
806,4:52:55 PM,19.7874,19.9117,19.6986,20.2076,20.3606,20.4222,20.5587,20.8269,20.861,21.1792,20.4901,20.471,20.2971,20.4509,20.7051,20.5029,20.6237,20.7296,20.8991,21.3214,20.8604,20.829,20.6781,20.6007,20.849,20.0229,20.0863,20.1227,20.0332,20.5274,20.7054,20.6686,20.8555,20.9592,21.4291,20.8383,20.5548,20.5418,20.8953,21.1129,20.6271,20.8051,20.8623,21.2536,21.5279,20.9898,21.2278,21.2154,20.5073,20.8523,20.0135,19.5784,19.7785,19.7963,20.7192,19.7664,20.3561,20.7381,21.0995,21.0283,20.4615,20.4484,20.3492,20.8826,21.7159,20.5861,20.3576,20.0102,20.6389,21.4653,20.1182,20.4101,20.7569,20.6076,21.0535,19.7868,19.7854,20.0435,20.2014,20.5468,20.6331,19.7664,20.5439,19.9726,20.645,20.0214,20.2327,20.8252,21.1306,22.3709,19.6116,19.7237,19.9596,20.5375,21.9182,19.8141,19.9721,20.0266,20.1201,20.3404,20.0112,20.2064,20.4705,20.4659,21.2364,20.054,20.4242,20.5087,21.1707,22.8649,20.4176,20.3008,20.5011,20.4983,20.6829,19.7236,20.3531,20.7248,21.0129,21.3025
807,4:53:15 PM,19.7753,20.0206,19.9643,20.3937,20.5288,20.5647,20.5177,20.727,20.9193,20.8734,20.4702,20.5068,20.4287,20.4844,20.6124,20.5883,20.7711,20.8171,20.9069,21.5519,20.7451,20.7521,20.5889,20.4423,20.9524,19.9275,20.1282,19.752,19.9927,20.5678,20.686,20.5166,20.939,20.987,21.4298,20.7305,20.5843,20.5749,20.5505,20.4685,20.6913,20.8796,20.8211,21.1629,21.4271,21.151,21.0387,20.9855,20.7717,20.7832,19.9846,19.5365,19.9346,20.01,20.6198,19.943,20.4159,20.8821,20.8246,20.9063,20.3494,20.5153,20.5149,20.9392,21.6189,20.7176,20.3511,20.0414,20.5159,21.2198,20.0765,20.7649,20.8119,20.6439,20.7272,19.8079,19.8154,20.0134,20.4119,20.6953,20.5925,19.8357,20.3321,19.7126,20.7268,19.9285,20.3942,20.8175,21.0853,22.1398,19.5572,19.7286,19.7138,20.5656,21.9115,19.8709,19.7046,19.989,19.783,20.6649,19.9777,20.059,20.5205,20.4436,21.5112,20.147,20.3956,20.652,21.1114,22.722,20.54,20.1295,20.5919,20.7476,20.6519,19.8362,20.4399,20.6875,21.1399,21.6032
808,4:53:35 PM,19.8437,19.9163,20.0468,20.4173,20.3042,20.4571,20.6582,20.9961,20.9639,20.8353,20.5996,20.3669,20.3816,20.4848,20.5512,20.589,20.6462,20.8212,20.7702,21.4655,20.8372,20.5905,20.5651,20.4053,20.9262,19.9266,20.0761,19.7699,20.15,20.4668,20.7418,20.4614,21.0807,21.0159,21.3415,20.6145,20.6024,20.5463,20.7851,20.9182,20.732,20.6861,20.7767,20.9934,21.5452,20.9789,21.139,21.0553,20.5759,20.9379,19.9004,19.662,19.8476,19.9458,20.6608,20.1394,20.5012,20.8607,21.0751,21.2384,20.4684,20.5276,20.351,20.8694,21.5174,20.7315,20.4083,20.0998,20.5518,20.9572,20.1193,20.5535,20.7793,20.7128,20.8602,19.8568,19.7696,19.8737,20.377,20.5476,20.688,19.8119,20.1817,19.6531,20.7923,19.9881,20.2123,21.0221,21.2029,22.7754,19.5659,19.6709,19.5189,20.6886,21.9194,19.8738,19.6378,20.1557,20.0899,19.95,20.1012,20.1679,20.3461,20.3438,21.3551,20.1317,20.4206,20.484,21.0151,23.0055,20.5249,20.5724,20.6032,20.6574,20.9059,19.8929,20.3727,20.7045,20.9597,21.3528
809,4:53:55 PM,19.8519,19.8728,19.9108,20.2777,20.4652,20.398,20.4565,20.6996,20.8254,20.9711,20.4707,20.4994,20.2223,20.3262,20.7669,20.5192,20.5952,20.6275,20.9332,21.4505,20.7737,20.5421,20.7486,20.5847,20.8163,20.0226,20.1796,19.8278,19.9341,20.3047,20.7164,20.4304,20.7203,20.9306,21.4071,20.4753,20.3439,20.7729,20.8132,21.0696,20.7434,20.7062,20.9681,21.0834,21.4446,21.0912,21.0908,21.1466,20.8938,20.8383,19.9782,19.5889,19.7521,20.0037,20.6982,20.0284,20.3149,20.7587,21.0088,21.0258,20.478,20.537,20.316,20.9224,21.4525,20.5777,20.3235,20.0071,20.6118,21.1643,20.1115,20.6515,20.7363,20.653,21.0057,19.742,19.7557,19.8916,20.2931,20.6228,20.4983,19.8022,20.2874,19.5737,20.6142,20.0371,20.281,20.7273,21.3037,22.3294,19.4302,19.5682,19.8247,20.5666,21.8404,19.8504,19.9642,20.1066,20.2525,20.2833,20.1236,20.1729,20.5201,20.2942,21.2767,20.2007,20.4134,20.7379,21.2473,22.6956,20.6449,20.2107,20.4976,20.5565,20.5247,19.783,20.4196,20.4235,20.9903,21.4121
810,4:54:15 PM,19.9371,19.7429,19.8642,20.2137,20.3744,20.643,20.5061,20.8152,20.961,21.1262,20.6226,20.3218,20.2086,20.4452,20.5543,20.6354,20.5923,20.7533,20.9867,21.5032,20.7158,20.6329,20.7164,20.5163,20.9145,19.9475,20.0401,20.1846,20.2842,20.208,20.7765,20.5927,20.9523,21.089,21.3105,20.7273,20.5577,20.7584,20.769,20.6387,20.6013,20.766,20.7874,21.1961,21.6609,20.8558,21.1077,21.0861,20.6787,20.9778,19.985,19.4818,19.8917,19.9306,20.7305,20.058,20.3741,20.7561,20.8511,20.9805,20.41,20.3027,20.3613,20.9551,21.5411,20.695,20.4311,19.9677,20.5712,21.312,20.2348,20.4419,20.6305,20.8058,21.0655,19.6548,19.6646,19.9955,20.2944,20.6639,20.4832,19.6769,20.3338,19.6219,20.7252,20.0279,20.0949,20.8189,21.2631,22.7651,19.7842,19.6142,19.8764,20.6364,21.9168,20.0389,20.159,20.2429,20.1363,20.26,20.0442,20.3344,20.3069,20.4007,21.6303,20.1458,20.3084,20.3769,21.031,23.2073,20.5764,20.2337,20.5255,20.5252,20.8675,19.798,20.2497,20.4824,20.8998,21.1853
811,4:54:35 PM,19.8101,19.9552,19.8581,20.2395,20.5654,20.407,20.377,20.8156,20.9817,20.9371,20.352,20.4498,20.1755,20.2599,20.6679,20.64,20.7016,20.9544,20.8977,21.2134,20.6758,20.6284,20.782,20.6274,20.9186,19.976,20.3345,19.8077,20.0461,20.3854,20.9296,20.6253,20.778,20.8925,21.4738,20.691,20.5215,20.6677,20.6545,20.9489,20.8252,20.8512,20.9934,21.3012,21.4935,20.9377,21.106,21.1411,20.6229,20.9679,19.9753,19.7646,19.945,20.0116,20.6856,20.4377,20.3299,20.6211,21.0594,20.9966,20.6905,20.565,20.3333,20.9243,21.6976,20.6922,20.4084,20.1241,20.7837,21.3971,20.1385,20.6156,20.718,20.6209,21.0041,19.9381,19.6438,20.0205,20.3518,20.6525,20.7611,19.8046,20.203,19.7879,20.788,20.093,20.2729,20.7402,21.0536,22.3564,19.5401,19.7019,19.8264,20.5726,21.8262,19.9257,19.8262,20.2195,20.0347,20.252,20.1481,20.1228,20.3867,20.3431,21.041,20.1736,20.3377,20.5381,20.9802,21.6676,20.5038,20.3277,20.7129,20.6465,21.1553,19.7206,20.2905,20.5503,21.0607,21.3418
812,4:54:55 PM,19.7861,20.0172,19.7662,20.4035,20.4557,20.6388,20.5174,20.9167,20.9646,20.6124,20.4933,20.5003,20.3427,20.4063,20.697,20.5217,20.7455,20.6957,20.9151,21.2461,20.6722,20.5686,20.7468,20.5899,20.8489,20.0527,20.2848,20.0437,20.1435,20.3961,20.6289,20.6125,21.036,20.9338,21.5526,20.8006,20.516,20.6692,20.855,20.8888,20.7617,20.8128,20.9328,21.1642,21.3403,20.9065,21.2786,21.0325,20.4765,20.927,19.9501,19.7624,19.9365,19.907,20.5439,20.2621,20.4662,20.8285,20.9991,20.8734,20.4214,20.6227,20.3658,21.0297,21.668,20.6705,20.3702,19.9466,20.5696,21.3048,20.307,20.4083,20.7397,20.5247,20.6018,19.874,19.643,20.0865,20.3147,20.6736,20.7091,19.8553,20.4561,19.926,20.8396,20.3761,20.3398,20.9406,21.2829,22.2979,19.9207,19.6307,20.0111,20.3197,21.8648,19.921,19.6354,20.178,19.8544,19.7542,20.0723,20.2544,20.4006,20.5509,21.3694,20.312,20.2061,20.5342,21.2926,22.3774,20.4538,20.487,20.5254,20.562,20.628,20.1733,20.3204,20.5608,20.9107,21.1848
813,4:55:15 PM,20.0142,19.9997,19.9364,20.2983,20.4011,20.6025,20.6438,20.9162,21.0866,20.8581,20.5509,20.4918,20.3987,20.32,20.4258,20.4711,20.6042,20.7529,20.7396,21.5634,20.824,20.3709,20.621,20.5099,20.9562,19.9988,20.2448,19.9977,20.2435,20.2681,20.8812,20.6647,20.9326,21.021,21.3214,20.5933,20.5019,20.6194,20.6148,20.526,20.7134,20.6858,20.7997,21.161,21.4557,20.93,21.2547,21.1235,20.5416,20.8834,20.1681,19.97,19.9017,19.9775,20.6545,20.1672,20.4186,20.8938,20.8364,20.9817,20.3565,20.2874,20.491,20.92,21.5998,20.8208,20.4703,20.0626,20.4795,20.9461,20.0681,20.5992,20.8355,20.5648,20.8206,19.853,19.9809,19.933,20.2344,20.6865,20.6567,19.9257,20.5612,19.9111,21.0217,20.1537,20.4368,20.9898,21.4663,22.8561,19.5982,19.613,19.4137,20.3257,21.6409,20.0356,19.9782,19.9979,19.942,20.0264,20.2759,20.0935,20.5437,20.1992,21.274,20.0898,20.3151,20.8544,21.0202,22.695,20.524,20.2008,20.6174,20.385,20.7789,20.039,20.5083,20.7043,20.9953,21.5364
814,4:55:35 PM,20.1815,20.132,19.8845,20.1333,20.5116,20.5027,20.3725,20.7958,21.0222,21.1162,20.4598,20.5235,20.1846,20.5518,20.5288,20.433,20.7222,20.7473,20.894,21.4841,20.6926,20.7441,20.712,20.411,20.8329,20.0601,20.1206,19.8912,20.1335,20.3406,20.7392,20.2995,20.7816,20.8357,21.265,20.6489,20.4552,20.6423,20.5347,20.6452,20.6585,20.7313,20.7886,21.3324,21.659,20.8882,21.0472,21.0194,20.6892,20.8547,19.9056,19.7499,19.8509,19.8734,20.7055,20.2097,20.4422,20.6956,21.1865,21.1236,20.2752,20.4562,20.3581,20.7083,21.4289,20.5799,20.1641,20.0883,20.4941,21.0706,20.0404,20.4945,20.7434,20.6732,20.8953,19.7416,19.7762,20.1795,20.4058,20.7873,20.7752,19.8061,19.9674,19.9303,20.8531,20.1364,20.3795,20.9385,21.6886,22.76,19.7083,19.7134,19.6952,20.5894,21.7523,19.9041,20.0304,20.2431,20.0849,19.8024,20.1232,20.1619,20.4703,20.5302,21.4023,20.438,20.4372,20.6908,21.2571,22.624,20.4605,20.2063,20.5225,20.4243,20.9184,19.8846,20.5248,20.9699,20.9407,21.2787
815,4:55:55 PM,20.1119,19.9074,19.8803,20.2472,20.4965,20.3827,20.4862,20.7217,20.9147,20.8375,20.4601,20.3542,20.4222,20.5793,20.5581,20.5516,20.6065,20.7776,20.8195,21.4505,20.7305,20.4295,20.6112,20.3758,20.8549,20.1227,20.1392,20.0923,20.0586,20.1329,20.7873,20.4769,20.9974,20.7325,21.3627,20.7112,20.4733,20.4623,20.5039,20.6861,20.6817,20.6177,20.7999,21.3206,21.5818,20.9634,20.9087,21.0409,20.6579,20.831,19.844,19.5902,19.7981,19.8725,20.5723,20.4017,20.3304,20.7841,20.9939,21.1256,20.5038,20.4461,20.2935,20.876,21.578,20.5701,20.2405,20.0177,20.5059,21.3325,19.9365,20.3586,20.7605,20.6414,20.9882,19.8248,19.846,20.05,20.4091,20.705,20.5946,19.9801,20.3155,19.9545,20.9793,20.0786,20.2588,21.0362,21.2352,22.2295,19.65,19.7429,19.6714,20.5442,21.8101,19.9163,19.9349,20.1125,20.103,20.1295,20.1021,20.1894,20.5666,20.4971,21.3923,20.1113,20.48,20.659,21.0909,22.8725,20.7205,20.2251,20.5256,20.4589,21.0389,19.9038,20.2691,20.5491,20.9556,21.3139
816,4:56:15 PM,19.9242,20.0865,19.7945,20.1351,20.3529,20.389,20.4994,20.4741,21.0133,20.7513,20.6606,20.4584,20.4007,20.7348,20.8964,20.6506,20.7245,20.7338,20.7707,21.5425,20.7463,20.6427,20.6849,20.682,20.9062,20.2706,20.2359,20.0482,20.2256,20.5018,20.8286,20.373,20.9778,20.9937,21.3763,20.6697,20.6368,20.7052,20.4836,20.7645,20.6621,20.6935,20.977,21.3273,21.5633,20.8958,21.0596,20.9896,20.5112,20.9153,20.0675,19.8772,19.9323,20.0715,20.5106,20.3858,20.3515,20.7674,21.0993,21.1734,20.3613,20.5322,20.482,21.0004,21.6461,20.6393,20.251,20.1232,20.503,21.3285,20.4671,20.7257,20.6645,20.5261,20.689,20.0157,19.9322,20.0087,20.3407,20.7375,20.6826,19.8139,20.4381,20.1703,21.1455,20.2024,20.4789,21.0017,20.9553,22.2041,20.1018,19.8216,19.8714,20.5174,21.5103,20.2174,20.1551,20.1541,20.2132,20.3307,20.2573,20.2101,20.5051,20.4639,21.3623,20.2699,20.3467,20.5847,21.0183,22.8889,20.8542,20.4762,20.4947,20.6842,21.2851,20.0719,20.4311,20.7645,21.05,21.6585
817,4:56:35 PM,20.3484,20.3371,20.039,20.3643,20.4622,20.2561,20.3431,20.6563,20.8339,20.9629,20.5339,20.534,20.5337,20.8196,21.1231,20.4595,20.7586,20.7657,20.82,21.43,20.8784,20.5642,20.7131,20.6297,21.1827,20.3929,20.4535,20.3367,20.2369,20.2874,20.9667,20.577,20.7425,20.9721,21.4993,20.6033,20.4998,20.7911,20.8319,21.0724,20.8238,20.715,20.9193,21.2835,21.6159,21.1747,20.9967,21.0123,20.5751,21.1418,20.1673,20.2206,20.2503,20.0899,20.6941,20.556,20.595,20.8689,21.047,21.3456,20.4651,20.3841,20.3876,21.0481,21.3605,20.6233,20.42,20.0649,20.7274,21.6151,21.0571,20.6089,20.8923,20.5988,21.0066,20.2772,20.0853,20.0035,20.4522,20.6298,20.4705,20.1149,20.3294,20.3307,21.4999,20.598,20.4427,21.2489,21.1668,22.239,20.2224,20.1081,20.2509,21.0462,21.6825,20.5394,20.4424,20.4159,20.2709,21.0714,20.1718,20.2698,20.5508,20.5785,21.7771,20.2939,20.433,20.8284,21.5063,22.937,20.9549,20.4833,20.6848,20.9118,21.2891,20.3681,20.5308,20.7443,21.1724,21.954
818,4:56:55 PM,20.391,20.1943,20.1601,20.3202,20.8572,20.5539,20.643,20.7039,21.0563,21.3221,20.6843,20.6592,20.679,21.0795,21.5335,20.6865,20.8083,20.9482,21.2049,21.5327,20.8431,20.6531,20.8984,21.7997,21.4535,20.3856,20.5788,20.6039,20.6121,20.5479,21.3532,20.5576,21.1761,21.1601,22.0332,20.7845,20.6219,20.8647,21.0575,21.916,20.7862,20.8357,21.2108,21.366,21.8155,20.9054,21.1096,20.9517,20.7298,21.1773,20.4611,20.4688,20.3033,20.4827,20.6968,20.8196,20.6047,21.0637,21.4135,21.5965,20.4858,20.5816,20.4944,21.2085,22.1371,20.7944,20.367,20.0508,20.5728,21.4838,20.8998,20.6398,20.9534,20.8187,21.287,20.4001,20.211,20.1194,20.8897,20.9309,20.7758,20.1678,20.4346,20.4734,22.0046,20.9426,20.4572,21.2312,21.8386,22.5721,20.4212,20.1112,20.3319,21.0526,22.1875,20.5923,20.751,20.6716,20.8673,21.3555,20.5272,20.2881,20.6675,20.6477,22.4643,20.3845,20.4042,20.8103,21.696,23.0885,20.9994,20.8408,20.7005,20.7478,21.6938,20.7282,20.6447,20.9685,21.1634,22.248
819,4:57:15 PM,20.4614,20.4389,20.2573,20.7309,20.9063,20.4652,20.5571,21.0467,21.3003,21.3877,20.8088,20.803,20.5354,21.438,22.2562,20.6961,20.6998,20.9658,21.1531,21.8413,20.9415,20.7934,20.8706,21.6175,21.5573,20.5234,20.7656,20.6294,20.7886,20.738,21.369,20.6344,21.1382,21.133,22.021,20.8127,20.8636,21.0488,21.6845,22.1803,20.7864,21.0716,21.5366,21.8234,21.7387,21.0428,21.2139,21.132,21.141,21.5071,20.5146,20.4433,20.2914,20.6855,20.9083,20.7928,20.5704,20.8935,21.5522,21.9214,20.6523,20.5987,20.5783,21.5909,22.1006,20.7547,20.5081,20.2349,20.8316,21.8958,21.0204,20.8998,21.071,21.0098,21.4769,20.4936,20.3893,20.3459,21.2345,20.9703,20.7928,20.4139,20.5969,20.5683,22.249,20.978,20.6006,21.3738,22.2806,22.82,20.4461,20.2447,20.6124,21.6129,22.35,20.5906,20.8052,20.6169,21.1709,22.1545,20.2534,20.3475,20.7075,20.8398,22.6268,20.6403,20.5089,20.8546,21.8802,23.4687,21.0168,20.9128,20.8014,21.13,22.0789,20.6438,20.5993,20.9349,21.4714,22.4195
